%
(Header)
(Generated by gcodetools from Inkscape.)
(Using default header. To add your own header create file "header" in the output dir.)
M3
(Header end.)
G21 (All units in mm)

(Start cutting path id: path806)
(Change tool to Default tool)

G00 Z5.000000
G00 X230.293000 Y157.302300

G01 Z-0.125000 F100.0(Penetrate)
G01 X230.167000 Y156.869400 Z-0.125000 F400.000000
G01 X229.813000 Y156.659200 Z-0.125000
G01 X228.913000 Y156.622700 Z-0.125000
G01 X227.882000 Y156.606700 Z-0.125000
G01 X227.407000 Y156.709300 Z-0.125000
G01 X227.102000 Y157.089500 Z-0.125000
G01 X227.054000 Y158.118500 Z-0.125000
G01 X227.195000 Y159.116800 Z-0.125000
G01 X227.623000 Y159.359900 Z-0.125000
G01 X228.127000 Y159.398600 Z-0.125000
G01 X229.160000 Y159.376600 Z-0.125000
G01 X229.385000 Y159.671900 Z-0.125000
G01 X229.156000 Y159.852000 Z-0.125000
G01 X228.250000 Y159.882400 Z-0.125000
G01 X227.653000 Y159.885800 Z-0.125000
G01 X227.096000 Y159.676000 Z-0.125000
G01 X226.696000 Y159.271100 Z-0.125000
G01 X226.570000 Y158.689100 Z-0.125000
G01 X226.580000 Y157.246900 Z-0.125000
G01 X226.787000 Y156.599700 Z-0.125000
G01 X227.352000 Y156.175400 Z-0.125000
G01 X228.686000 Y156.103400 Z-0.125000
G01 X230.019000 Y156.187100 Z-0.125000
G01 X230.578000 Y156.588000 Z-0.125000
G01 X230.787000 Y157.214000 Z-0.125000
G01 X230.799000 Y158.619900 Z-0.125000
G01 X230.799000 Y161.696900 Z-0.125000
G01 X230.374000 Y161.670600 Z-0.125000
G01 X230.268000 Y161.325200 Z-0.125000
G01 X230.293000 Y160.396900 Z-0.125000
G01 X230.293000 Y157.302300 Z-0.125000
G01 X230.293000 Y157.302300 Z-0.125000
G00 Z5.000000

(End cutting path id: path806)


(Start cutting path id: path806)
(Change tool to Default tool)

G00 Z5.000000
G00 X231.062000 Y157.303100

G01 Z-0.125000 F100.0(Penetrate)
G01 X230.994000 Y156.822800 Z-0.125000 F400.000000
G01 X230.816000 Y156.449600 Z-0.125000
G01 X230.558000 Y156.175700 Z-0.125000
G01 X230.248000 Y155.993100 Z-0.125000
G01 X229.922000 Y155.885900 Z-0.125000
G01 X229.613000 Y155.854100 Z-0.125000
G01 X227.751000 Y155.854100 Z-0.125000
G01 X227.275000 Y155.921600 Z-0.125000
G01 X226.901000 Y156.100300 Z-0.125000
G01 X226.628000 Y156.362300 Z-0.125000
G01 X226.445000 Y156.667900 Z-0.125000
G01 X226.338000 Y156.993500 Z-0.125000
G01 X226.306000 Y157.303100 Z-0.125000
G01 X226.306000 Y158.700500 Z-0.125000
G01 X226.449000 Y159.371400 Z-0.125000
G01 X226.810000 Y159.820000 Z-0.125000
G01 X227.283000 Y160.070100 Z-0.125000
G01 X227.751000 Y160.145500 Z-0.125000
G01 X229.613000 Y160.145500 Z-0.125000
G01 X229.613000 Y159.113300 Z-0.125000
G01 X227.759000 Y159.113300 Z-0.125000
G01 X227.445000 Y159.006200 Z-0.125000
G01 X227.338000 Y158.700500 Z-0.125000
G01 X227.338000 Y157.311100 Z-0.125000
G01 X227.441000 Y156.993500 Z-0.125000
G01 X227.751000 Y156.886300 Z-0.125000
G01 X229.613000 Y156.886300 Z-0.125000
G01 X229.926000 Y156.993500 Z-0.125000
G01 X230.030000 Y157.303100 Z-0.125000
G01 X230.030000 Y161.959700 Z-0.125000
G01 X231.062000 Y161.959700 Z-0.125000
G01 X231.062000 Y157.303100 Z-0.125000
G00 Z5.000000

(End cutting path id: path806)


(Start cutting path id: path806)
(Change tool to Default tool)

G00 Z5.000000
G00 X234.918000 Y157.319900

G01 Z-0.125000 F100.0(Penetrate)
G01 X235.044000 Y156.720600 Z-0.125000 F400.000000
G01 X235.453000 Y156.315700 Z-0.125000
G01 X236.023000 Y156.112700 Z-0.125000
G01 X236.631000 Y156.118800 Z-0.125000
G01 X237.975000 Y156.118700 Z-0.125000
G01 X238.592000 Y156.287000 Z-0.125000
G01 X239.029000 Y156.777000 Z-0.125000
G01 X239.166000 Y157.930400 Z-0.125000
G01 X239.090000 Y159.097300 Z-0.125000
G01 X238.658000 Y159.666700 Z-0.125000
G01 X238.003000 Y159.874600 Z-0.125000
G01 X236.547000 Y159.882400 Z-0.125000
G01 X236.332000 Y159.582500 Z-0.125000
G01 X236.565000 Y159.404700 Z-0.125000
G01 X237.467000 Y159.376600 Z-0.125000
G01 X238.290000 Y159.284300 Z-0.125000
G01 X238.576000 Y159.019600 Z-0.125000
G01 X238.641000 Y158.600800 Z-0.125000
G01 X238.662000 Y157.520300 Z-0.125000
G01 X238.573000 Y157.014400 Z-0.125000
G01 X238.205000 Y156.659800 Z-0.125000
G01 X235.820000 Y156.677300 Z-0.125000
G01 X235.479000 Y157.045400 Z-0.125000
G01 X235.401000 Y157.544900 Z-0.125000
G01 X235.422000 Y158.602300 Z-0.125000
G01 X235.422000 Y161.696900 Z-0.125000
G01 X234.998000 Y161.670200 Z-0.125000
G01 X234.892000 Y161.324500 Z-0.125000
G01 X234.918000 Y160.396900 Z-0.125000
G01 X234.918000 Y157.319900 Z-0.125000
G01 X234.918000 Y157.319900 Z-0.125000
G00 Z5.000000

(End cutting path id: path806)


(Start cutting path id: path806)
(Change tool to Default tool)

G00 Z5.000000
G00 X239.410000 Y157.303100

G01 Z-0.125000 F100.0(Penetrate)
G01 X239.374000 Y156.993500 Z-0.125000 F400.000000
G01 X239.271000 Y156.668000 Z-0.125000
G01 X239.084000 Y156.362300 Z-0.125000
G01 X238.810000 Y156.100300 Z-0.125000
G01 X238.441000 Y155.921600 Z-0.125000
G01 X237.965000 Y155.854200 Z-0.125000
G01 X236.103000 Y155.854200 Z-0.125000
G01 X235.793000 Y155.885900 Z-0.125000
G01 X235.468000 Y155.993100 Z-0.125000
G01 X235.162000 Y156.175700 Z-0.125000
G01 X234.900000 Y156.449600 Z-0.125000
G01 X234.722000 Y156.822800 Z-0.125000
G01 X234.654000 Y157.303100 Z-0.125000
G01 X234.654000 Y161.959700 Z-0.125000
G01 X235.686000 Y161.959700 Z-0.125000
G01 X235.686000 Y157.303100 Z-0.125000
G01 X235.805000 Y156.997500 Z-0.125000
G01 X236.103000 Y156.886300 Z-0.125000
G01 X237.965000 Y156.886300 Z-0.125000
G01 X238.267000 Y157.001400 Z-0.125000
G01 X238.378000 Y157.303100 Z-0.125000
G01 X238.378000 Y158.700500 Z-0.125000
G01 X238.263000 Y159.002200 Z-0.125000
G01 X237.965000 Y159.113400 Z-0.125000
G01 X236.103000 Y159.113400 Z-0.125000
G01 X236.103000 Y160.145500 Z-0.125000
G01 X237.965000 Y160.145500 Z-0.125000
G01 X238.275000 Y160.109800 Z-0.125000
G01 X238.596000 Y160.006600 Z-0.125000
G01 X238.906000 Y159.820000 Z-0.125000
G01 X239.164000 Y159.546100 Z-0.125000
G01 X239.342000 Y159.176900 Z-0.125000
G01 X239.410000 Y158.700500 Z-0.125000
G01 X239.410000 Y157.303100 Z-0.125000
G00 Z5.000000

(End cutting path id: path806)


(Start cutting path id: path806)
(Change tool to Default tool)

G00 Z5.000000
G00 X240.525000 Y157.314100

G01 Z-0.125000 F100.0(Penetrate)
G01 X240.653000 Y156.722100 Z-0.125000 F400.000000
G01 X241.060000 Y156.318100 Z-0.125000
G01 X241.626000 Y156.113200 Z-0.125000
G01 X242.230000 Y156.118800 Z-0.125000
G01 X243.124000 Y156.165200 Z-0.125000
G01 X243.343000 Y156.360300 Z-0.125000
G01 X243.109000 Y156.622700 Z-0.125000
G01 X242.042000 Y156.599400 Z-0.125000
G01 X241.527000 Y156.652300 Z-0.125000
G01 X241.113000 Y156.941000 Z-0.125000
G01 X241.017000 Y158.402900 Z-0.125000
G01 X241.029000 Y159.882400 Z-0.125000
G01 X240.605000 Y159.855800 Z-0.125000
G01 X240.500000 Y159.510000 Z-0.125000
G01 X240.525000 Y158.582400 Z-0.125000
G01 X240.525000 Y157.314100 Z-0.125000
G01 X240.525000 Y157.314100 Z-0.125000
G00 Z5.000000

(End cutting path id: path806)


(Start cutting path id: path806)
(Change tool to Default tool)

G00 Z5.000000
G00 X243.572000 Y155.854100

G01 Z-0.125000 F100.0(Penetrate)
G01 X241.710000 Y155.854100 Z-0.125000 F400.000000
G01 X241.234000 Y155.929600 Z-0.125000
G01 X240.765000 Y156.175700 Z-0.125000
G01 X240.404000 Y156.624300 Z-0.125000
G01 X240.261000 Y157.303100 Z-0.125000
G01 X240.261000 Y160.145500 Z-0.125000
G01 X241.293000 Y160.145500 Z-0.125000
G01 X241.293000 Y157.303100 Z-0.125000
G01 X241.401000 Y156.993500 Z-0.125000
G01 X241.718000 Y156.886300 Z-0.125000
G01 X243.572000 Y156.886300 Z-0.125000
G01 X243.572000 Y155.854100 Z-0.125000
G00 Z5.000000

(End cutting path id: path806)


(Start cutting path id: path806)
(Change tool to Default tool)

G00 Z5.000000
G00 X244.248000 Y155.441000

G01 Z-0.125000 F100.0(Penetrate)
G01 X244.124000 Y155.008100 Z-0.125000 F400.000000
G01 X243.771000 Y154.797500 Z-0.125000
G01 X242.872000 Y154.761300 Z-0.125000
G01 X242.398000 Y154.821100 Z-0.125000
G01 X242.040000 Y154.626800 Z-0.125000
G01 X241.974000 Y154.373200 Z-0.125000
G01 X242.375000 Y154.255500 Z-0.125000
G01 X243.717000 Y154.278800 Z-0.125000
G01 X244.312000 Y154.499400 Z-0.125000
G01 X244.695000 Y155.040600 Z-0.125000
G01 X244.761000 Y157.458200 Z-0.125000
G01 X244.754000 Y159.882400 Z-0.125000
G01 X244.329000 Y159.856200 Z-0.125000
G01 X244.223000 Y159.510800 Z-0.125000
G01 X244.248000 Y158.582400 Z-0.125000
G01 X244.248000 Y155.441000 Z-0.125000
G01 X244.248000 Y155.441000 Z-0.125000
G00 Z5.000000

(End cutting path id: path806)


(Start cutting path id: path806)
(Change tool to Default tool)

G00 Z5.000000
G00 X245.017000 Y155.441300

G01 Z-0.125000 F100.0(Penetrate)
G01 X244.950000 Y154.964900 Z-0.125000 F400.000000
G01 X244.771000 Y154.591700 Z-0.125000
G01 X244.513000 Y154.317800 Z-0.125000
G01 X244.203000 Y154.131300 Z-0.125000
G01 X243.882000 Y154.028000 Z-0.125000
G01 X243.572000 Y153.992300 Z-0.125000
G01 X241.710000 Y153.992300 Z-0.125000
G01 X241.710000 Y155.024500 Z-0.125000
G01 X243.572000 Y155.024500 Z-0.125000
G01 X243.882000 Y155.131600 Z-0.125000
G01 X243.985000 Y155.441300 Z-0.125000
G01 X243.985000 Y160.145500 Z-0.125000
G01 X245.017000 Y160.145500 Z-0.125000
G01 X245.017000 Y155.441300 Z-0.125000
G00 Z5.000000

(End cutting path id: path806)


(Start cutting path id: path806)
(Change tool to Default tool)

G00 Z5.000000
G00 X246.447000 Y156.612900

G01 Z-0.125000 F100.0(Penetrate)
G01 X246.258000 Y156.442000 Z-0.125000 F400.000000
G01 X246.326000 Y156.228500 Z-0.125000
G01 X246.525000 Y156.124200 Z-0.125000
G01 X246.727000 Y156.280900 Z-0.125000
G01 X246.683000 Y156.527800 Z-0.125000
G01 X246.447000 Y156.612900 Z-0.125000
G01 X246.447000 Y156.612900 Z-0.125000
G00 Z5.000000

(End cutting path id: path806)


(Start cutting path id: path806)
(Change tool to Default tool)

G00 Z5.000000
G00 X247.012000 Y156.374200

G01 Z-0.125000 F100.0(Penetrate)
G01 X246.968000 Y156.171700 Z-0.125000 F400.000000
G01 X246.857000 Y156.009000 Z-0.125000
G01 X246.694000 Y155.901800 Z-0.125000
G01 X246.500000 Y155.862100 Z-0.125000
G01 X246.297000 Y155.901800 Z-0.125000
G01 X246.134000 Y156.009000 Z-0.125000
G01 X246.027000 Y156.171700 Z-0.125000
G01 X245.988000 Y156.374200 Z-0.125000
G01 X246.027000 Y156.568700 Z-0.125000
G01 X246.134000 Y156.731500 Z-0.125000
G01 X246.297000 Y156.842600 Z-0.125000
G01 X246.500000 Y156.886300 Z-0.125000
G01 X246.694000 Y156.842600 Z-0.125000
G01 X246.857000 Y156.731500 Z-0.125000
G01 X246.968000 Y156.568700 Z-0.125000
G01 X247.012000 Y156.374200 Z-0.125000
G01 X247.012000 Y156.374200 Z-0.125000
G00 Z5.000000

(End cutting path id: path806)


(Start cutting path id: path806)
(Change tool to Default tool)

G00 Z5.000000
G00 X247.012000 Y159.625500

G01 Z-0.125000 F100.0(Penetrate)
G01 X246.968000 Y159.423000 Z-0.125000 F400.000000
G01 X246.857000 Y159.260200 Z-0.125000
G01 X246.694000 Y159.153100 Z-0.125000
G01 X246.500000 Y159.113400 Z-0.125000
G01 X246.297000 Y159.153100 Z-0.125000
G01 X246.134000 Y159.260200 Z-0.125000
G01 X246.027000 Y159.423000 Z-0.125000
G01 X245.988000 Y159.625500 Z-0.125000
G01 X246.027000 Y159.820000 Z-0.125000
G01 X246.134000 Y159.982700 Z-0.125000
G01 X246.297000 Y160.093900 Z-0.125000
G01 X246.500000 Y160.137600 Z-0.125000
G01 X246.694000 Y160.093900 Z-0.125000
G01 X246.857000 Y159.982700 Z-0.125000
G01 X246.968000 Y159.820000 Z-0.125000
G01 X247.012000 Y159.625500 Z-0.125000
G01 X247.012000 Y159.625500 Z-0.125000
G00 Z5.000000

(End cutting path id: path806)


(Start cutting path id: path806)
(Change tool to Default tool)

G00 Z5.000000
G00 X246.455000 Y159.866800

G01 Z-0.125000 F100.0(Penetrate)
G01 X246.260000 Y159.698300 Z-0.125000 F400.000000
G01 X246.325000 Y159.482100 Z-0.125000
G01 X246.522000 Y159.374800 Z-0.125000
G01 X246.727000 Y159.532800 Z-0.125000
G01 X246.686000 Y159.776500 Z-0.125000
G01 X246.455000 Y159.866800 Z-0.125000
G01 X246.455000 Y159.866800 Z-0.125000
G00 Z5.000000

(End cutting path id: path806)


(Start cutting path id: path806)
(Change tool to Default tool)

G00 Z5.000000
G00 X232.339000 Y151.353300

G01 Z-0.125000 F100.0(Penetrate)
G01 X230.187000 Y150.923300 Z-0.125000 F400.000000
G01 X228.109000 Y150.219500 Z-0.125000
G01 X228.298000 Y149.435500 Z-0.125000
G01 X228.196000 Y148.655800 Z-0.125000
G01 X227.825000 Y147.959700 Z-0.125000
G01 X227.205000 Y147.426400 Z-0.125000
G01 X226.433000 Y147.156400 Z-0.125000
G01 X225.644000 Y147.183000 Z-0.125000
G01 X224.918000 Y147.484700 Z-0.125000
G01 X224.333000 Y148.040300 Z-0.125000
G01 X222.685000 Y146.591800 Z-0.125000
G01 X221.238000 Y144.943900 Z-0.125000
G01 X221.793000 Y144.359400 Z-0.125000
G01 X222.095000 Y143.633300 Z-0.125000
G01 X222.121000 Y142.844900 Z-0.125000
G01 X221.851000 Y142.073200 Z-0.125000
G01 X221.318000 Y141.453400 Z-0.125000
G01 X220.622000 Y141.081900 Z-0.125000
G01 X219.842000 Y140.979900 Z-0.125000
G01 X219.058000 Y141.168900 Z-0.125000
G01 X218.685000 Y140.171000 Z-0.125000
G01 X220.847000 Y135.625000 Z-0.125000
G01 X223.109000 Y140.321900 Z-0.125000
G01 X223.742000 Y140.321900 Z-0.125000
G01 X224.605000 Y141.778300 Z-0.125000
G01 X225.652000 Y143.098000 Z-0.125000
G01 X226.865000 Y144.263200 Z-0.125000
G01 X228.228000 Y145.256300 Z-0.125000
G01 X229.722000 Y146.059600 Z-0.125000
G01 X231.330000 Y146.655200 Z-0.125000
G01 X233.034000 Y147.025600 Z-0.125000
G01 X234.817000 Y147.153000 Z-0.125000
G01 X236.693000 Y147.012000 Z-0.125000
G01 X238.480000 Y146.602900 Z-0.125000
G01 X240.158000 Y145.946200 Z-0.125000
G01 X241.707000 Y145.062500 Z-0.125000
G01 X243.106000 Y143.972600 Z-0.125000
G01 X244.335000 Y142.697000 Z-0.125000
G01 X245.373000 Y141.256400 Z-0.125000
G01 X246.199000 Y139.671300 Z-0.125000
G01 X247.355000 Y140.269700 Z-0.125000
G01 X248.754000 Y140.619400 Z-0.125000
G01 X250.197000 Y140.624700 Z-0.125000
G01 X249.979000 Y141.168400 Z-0.125000
G01 X249.195000 Y140.979700 Z-0.125000
G01 X248.415000 Y141.081600 Z-0.125000
G01 X247.719000 Y141.453000 Z-0.125000
G01 X247.186000 Y142.072700 Z-0.125000
G01 X246.916000 Y142.844300 Z-0.125000
G01 X246.942000 Y143.632800 Z-0.125000
G01 X247.244000 Y144.358900 Z-0.125000
G01 X247.799000 Y144.943300 Z-0.125000
G01 X246.351000 Y146.591800 Z-0.125000
G01 X244.703000 Y148.040300 Z-0.125000
G01 X244.118000 Y147.484600 Z-0.125000
G01 X243.392000 Y147.182800 Z-0.125000
G01 X242.603000 Y147.156400 Z-0.125000
G01 X241.832000 Y147.426400 Z-0.125000
G01 X241.212000 Y147.959800 Z-0.125000
G01 X240.840000 Y148.655900 Z-0.125000
G01 X240.738000 Y149.435600 Z-0.125000
G01 X240.927000 Y150.219500 Z-0.125000
G01 X238.849000 Y150.922800 Z-0.125000
G01 X236.697000 Y151.353300 Z-0.125000
G01 X236.698000 Y151.352800 Z-0.125000
G01 X236.470000 Y150.579500 Z-0.125000
G01 X235.992000 Y149.955400 Z-0.125000
G01 X235.322000 Y149.538400 Z-0.125000
G01 X234.519000 Y149.386500 Z-0.125000
G01 X233.715000 Y149.538500 Z-0.125000
G01 X233.045000 Y149.955600 Z-0.125000
G01 X232.567000 Y150.579900 Z-0.125000
G01 X232.339000 Y151.353300 Z-0.125000
G01 X232.339000 Y151.353300 Z-0.125000
G00 Z5.000000

(End cutting path id: path806)


(Start cutting path id: path806)
(Change tool to Default tool)

G00 Z5.000000
G00 X234.817000 Y142.194700

G01 Z-0.125000 F100.0(Penetrate)
G01 X233.572000 Y142.089700 Z-0.125000 F400.000000
G01 X232.394000 Y141.787000 Z-0.125000
G01 X231.300000 Y141.304500 Z-0.125000
G01 X230.306000 Y140.660400 Z-0.125000
G01 X231.455000 Y140.594700 Z-0.125000
G01 X232.571000 Y140.309500 Z-0.125000
G01 X234.194000 Y139.411200 Z-0.125000
G01 X235.464000 Y138.059000 Z-0.125000
G01 X235.464000 Y138.058000 Z-0.125000
G01 X235.715000 Y138.202700 Z-0.125000
G01 X235.715000 Y140.321900 Z-0.125000
G01 X239.385000 Y140.321900 Z-0.125000
G01 X239.605000 Y140.449100 Z-0.125000
G01 X238.567000 Y141.181400 Z-0.125000
G01 X237.410000 Y141.730400 Z-0.125000
G01 X236.153000 Y142.075200 Z-0.125000
G01 X234.817000 Y142.194700 Z-0.125000
G01 X234.817000 Y142.194700 Z-0.125000
G00 Z5.000000

(End cutting path id: path806)


(Start cutting path id: path806)
(Change tool to Default tool)

G00 Z5.000000
G00 X236.244000 Y139.792500

G01 Z-0.125000 F100.0(Penetrate)
G01 X244.005000 Y139.792500 Z-0.125000 F400.000000
G01 X239.476000 Y131.800900 Z-0.125000
G01 X243.739000 Y131.800900 Z-0.125000
G01 X243.739000 Y129.645200 Z-0.125000
G01 X235.548000 Y129.645200 Z-0.125000
G01 X240.076000 Y137.637300 Z-0.125000
G01 X236.244000 Y137.637300 Z-0.125000
G01 X236.244000 Y139.792500 Z-0.125000
G00 Z5.000000

(End cutting path id: path806)


(Start cutting path id: path806)
(Change tool to Default tool)

G00 Z5.000000
G00 X230.575000 Y137.433700

G01 Z-0.125000 F100.0(Penetrate)
G01 X229.539000 Y137.246700 Z-0.125000 F400.000000
G01 X228.699000 Y136.725200 Z-0.125000
G01 X228.099000 Y135.939200 Z-0.125000
G01 X227.816000 Y134.960900 Z-0.125000
G01 X227.910000 Y133.946600 Z-0.125000
G01 X228.335000 Y133.085000 Z-0.125000
G01 X229.032000 Y132.423200 Z-0.125000
G01 X229.850000 Y132.059400 Z-0.125000
G01 X230.742000 Y131.980800 Z-0.125000
G01 X231.437000 Y132.126300 Z-0.125000
G01 X232.071000 Y132.447500 Z-0.125000
G01 X231.506000 Y133.426200 Z-0.125000
G01 X229.531000 Y132.287300 Z-0.125000
G01 X227.915000 Y135.084500 Z-0.125000
G01 X231.606000 Y137.216700 Z-0.125000
G01 X230.575000 Y137.433700 Z-0.125000
G01 X230.575000 Y137.433700 Z-0.125000
G00 Z5.000000

(End cutting path id: path806)


(Start cutting path id: path806)
(Change tool to Default tool)

G00 Z5.000000
G00 X233.358000 Y133.071800

G01 Z-0.125000 F100.0(Penetrate)
G01 X232.848000 Y132.406800 Z-0.125000 F400.000000
G01 X232.187000 Y131.892700 Z-0.125000
G01 X231.405000 Y131.561100 Z-0.125000
G01 X230.535000 Y131.443500 Z-0.125000
G01 X229.266000 Y131.699700 Z-0.125000
G01 X228.230000 Y132.398400 Z-0.125000
G01 X227.531000 Y133.434700 Z-0.125000
G01 X227.275000 Y134.703700 Z-0.125000
G01 X227.531000 Y135.972700 Z-0.125000
G01 X228.230000 Y137.008800 Z-0.125000
G01 X229.266000 Y137.707400 Z-0.125000
G01 X230.535000 Y137.963500 Z-0.125000
G01 X231.671000 Y137.760200 Z-0.125000
G01 X232.634000 Y137.198700 Z-0.125000
G01 X228.638000 Y134.891100 Z-0.125000
G01 X229.725000 Y133.009700 Z-0.125000
G01 X235.683000 Y136.446500 Z-0.125000
G01 X234.908000 Y137.928400 Z-0.125000
G01 X233.733000 Y139.096500 Z-0.125000
G01 X232.246000 Y139.862300 Z-0.125000
G01 X230.535000 Y140.137200 Z-0.125000
G01 X229.440000 Y140.026800 Z-0.125000
G01 X228.420000 Y139.710200 Z-0.125000
G01 X227.497000 Y139.209300 Z-0.125000
G01 X226.693000 Y138.545800 Z-0.125000
G01 X226.029000 Y137.741700 Z-0.125000
G01 X225.528000 Y136.818700 Z-0.125000
G01 X225.212000 Y135.798800 Z-0.125000
G01 X225.101000 Y134.703700 Z-0.125000
G01 X225.212000 Y133.608600 Z-0.125000
G01 X225.528000 Y132.588700 Z-0.125000
G01 X226.029000 Y131.665800 Z-0.125000
G01 X226.693000 Y130.861700 Z-0.125000
G01 X227.497000 Y130.198300 Z-0.125000
G01 X228.420000 Y129.697400 Z-0.125000
G01 X229.440000 Y129.380800 Z-0.125000
G01 X230.535000 Y129.270400 Z-0.125000
G01 X231.986000 Y129.466300 Z-0.125000
G01 X233.289000 Y130.019000 Z-0.125000
G01 X234.391000 Y130.876100 Z-0.125000
G01 X235.240000 Y131.985100 Z-0.125000
G01 X233.358000 Y133.071800 Z-0.125000
G00 Z5.000000

(End cutting path id: path806)


(Start cutting path id: path806)
(Change tool to Default tool)

G00 Z5.000000
G00 X236.946000 Y133.185900

G01 Z-0.125000 F100.0(Penetrate)
G01 X235.582000 Y132.398900 Z-0.125000 F400.000000
G01 X235.967000 Y132.176700 Z-0.125000
G01 X235.281000 Y131.094100 Z-0.125000
G01 X234.011000 Y129.859400 Z-0.125000
G01 X232.435000 Y129.050800 Z-0.125000
G01 X231.461000 Y128.813200 Z-0.125000
G01 X230.461000 Y128.741700 Z-0.125000
G01 X230.456000 Y128.741700 Z-0.125000
G01 X231.425000 Y128.143900 Z-0.125000
G01 X232.484000 Y127.697000 Z-0.125000
G01 X233.620000 Y127.417000 Z-0.125000
G01 X234.817000 Y127.320100 Z-0.125000
G01 X236.171000 Y127.443500 Z-0.125000
G01 X237.444000 Y127.798800 Z-0.125000
G01 X238.614000 Y128.363600 Z-0.125000
G01 X239.659000 Y129.115900 Z-0.125000
G01 X234.640000 Y129.115900 Z-0.125000
G01 X234.864000 Y129.510700 Z-0.125000
G01 X236.945000 Y133.185900 Z-0.125000
G01 X236.946000 Y133.185900 Z-0.125000
G00 Z5.000000

(End cutting path id: path806)


(Start cutting path id: path806)
(Change tool to Default tool)

G00 Z5.000000
G00 X235.093000 Y129.379900

G01 Z-0.125000 F100.0(Penetrate)
G01 X239.620000 Y137.371900 Z-0.125000 F400.000000
G01 X235.979000 Y137.371900 Z-0.125000
G01 X235.979000 Y140.057800 Z-0.125000
G01 X236.452000 Y137.902500 Z-0.125000
G01 X240.531000 Y137.902500 Z-0.125000
G01 X236.003000 Y129.910500 Z-0.125000
G01 X243.474000 Y129.910500 Z-0.125000
G01 X243.474000 Y131.535600 Z-0.125000
G01 X239.021000 Y131.535600 Z-0.125000
G01 X243.549000 Y139.527200 Z-0.125000
G01 X236.244000 Y139.527200 Z-0.125000
G01 X236.510000 Y139.792500 Z-0.125000
G01 X235.979000 Y140.057800 Z-0.125000
G01 X236.244000 Y140.057800 Z-0.125000
G01 X244.460000 Y140.057800 Z-0.125000
G01 X239.932000 Y132.066200 Z-0.125000
G01 X244.004000 Y132.066200 Z-0.125000
G01 X244.004000 Y129.379900 Z-0.125000
G01 X235.093000 Y129.379900 Z-0.125000
G00 Z5.000000

(End cutting path id: path806)


(Start cutting path id: path806)
(Change tool to Default tool)

G00 Z5.000000
G00 X230.535000 Y129.526200

G01 Z-0.125000 F100.0(Penetrate)
G01 X231.853000 Y129.696700 Z-0.125000 F400.000000
G01 X233.044000 Y130.178700 Z-0.125000
G01 X234.065000 Y130.927800 Z-0.125000
G01 X234.876000 Y131.899800 Z-0.125000
G01 X233.437000 Y132.730800 Z-0.125000
G01 X232.886000 Y132.097800 Z-0.125000
G01 X232.201000 Y131.610800 Z-0.125000
G01 X231.408000 Y131.298100 Z-0.125000
G01 X230.535000 Y131.187600 Z-0.125000
G01 X229.167000 Y131.464400 Z-0.125000
G01 X228.050000 Y132.218600 Z-0.125000
G01 X227.295000 Y133.336400 Z-0.125000
G01 X227.019000 Y134.703600 Z-0.125000
G01 X227.295000 Y136.071000 Z-0.125000
G01 X228.050000 Y137.188600 Z-0.125000
G01 X229.167000 Y137.942700 Z-0.125000
G01 X230.535000 Y138.219400 Z-0.125000
G01 X231.760000 Y138.000000 Z-0.125000
G01 X232.798000 Y137.394400 Z-0.125000
G01 X233.077000 Y137.159500 Z-0.125000
G01 X228.988000 Y134.797500 Z-0.125000
G01 X229.818000 Y133.359100 Z-0.125000
G01 X235.366000 Y136.559100 Z-0.125000
G01 X234.607000 Y137.897200 Z-0.125000
G01 X233.498000 Y138.948200 Z-0.125000
G01 X232.116000 Y139.635200 Z-0.125000
G01 X230.535000 Y139.881300 Z-0.125000
G01 X229.490000 Y139.776300 Z-0.125000
G01 X228.518000 Y139.474900 Z-0.125000
G01 X227.639000 Y138.997900 Z-0.125000
G01 X226.872000 Y138.366000 Z-0.125000
G01 X226.241000 Y137.599900 Z-0.125000
G01 X225.764000 Y136.720400 Z-0.125000
G01 X225.462000 Y135.748000 Z-0.125000
G01 X225.357000 Y134.703600 Z-0.125000
G01 X225.462000 Y133.659300 Z-0.125000
G01 X225.764000 Y132.687000 Z-0.125000
G01 X226.241000 Y131.807500 Z-0.125000
G01 X226.872000 Y131.041500 Z-0.125000
G01 X227.639000 Y130.409600 Z-0.125000
G01 X228.518000 Y129.932700 Z-0.125000
G01 X229.490000 Y129.631300 Z-0.125000
G01 X230.535000 Y129.526200 Z-0.125000
G01 X230.535000 Y129.526200 Z-0.125000
G00 Z5.000000

(End cutting path id: path806)


(Start cutting path id: path806)
(Change tool to Default tool)

G00 Z5.000000
G00 X230.535000 Y129.014500

G01 Z-0.125000 F100.0(Penetrate)
G01 X229.389000 Y129.130200 Z-0.125000 F400.000000
G01 X228.321000 Y129.462000 Z-0.125000
G01 X227.355000 Y129.986900 Z-0.125000
G01 X226.513000 Y130.681900 Z-0.125000
G01 X225.818000 Y131.524100 Z-0.125000
G01 X225.293000 Y132.490400 Z-0.125000
G01 X224.961000 Y133.557900 Z-0.125000
G01 X224.845000 Y134.703600 Z-0.125000
G01 X224.961000 Y135.849400 Z-0.125000
G01 X225.293000 Y136.917000 Z-0.125000
G01 X225.818000 Y137.883400 Z-0.125000
G01 X226.513000 Y138.725600 Z-0.125000
G01 X227.355000 Y139.420600 Z-0.125000
G01 X228.321000 Y139.945500 Z-0.125000
G01 X229.389000 Y140.277300 Z-0.125000
G01 X230.535000 Y140.393000 Z-0.125000
G01 X232.325000 Y140.105300 Z-0.125000
G01 X233.883000 Y139.303700 Z-0.125000
G01 X235.114000 Y138.080600 Z-0.125000
G01 X235.925000 Y136.528600 Z-0.125000
G01 X235.993000 Y136.329700 Z-0.125000
G01 X229.631000 Y132.660300 Z-0.125000
G01 X228.289000 Y134.984700 Z-0.125000
G01 X232.160000 Y137.220800 Z-0.125000
G01 X231.397000 Y137.578200 Z-0.125000
G01 X230.534000 Y137.707700 Z-0.125000
G01 X229.364000 Y137.472100 Z-0.125000
G01 X228.409000 Y136.829100 Z-0.125000
G01 X227.766000 Y135.874300 Z-0.125000
G01 X227.530000 Y134.703600 Z-0.125000
G01 X227.766000 Y133.533000 Z-0.125000
G01 X228.409000 Y132.578200 Z-0.125000
G01 X229.364000 Y131.935000 Z-0.125000
G01 X230.534000 Y131.699300 Z-0.125000
G01 X231.338000 Y131.807700 Z-0.125000
G01 X232.058000 Y132.113400 Z-0.125000
G01 X232.667000 Y132.587200 Z-0.125000
G01 X233.136000 Y133.200000 Z-0.125000
G01 X233.264000 Y133.421200 Z-0.125000
G01 X233.486000 Y133.293400 Z-0.125000
G01 X235.590000 Y132.078600 Z-0.125000
G01 X235.462000 Y131.856900 Z-0.125000
G01 X234.572000 Y130.695700 Z-0.125000
G01 X233.418000 Y129.798300 Z-0.125000
G01 X232.053000 Y129.219600 Z-0.125000
G01 X230.534000 Y129.014500 Z-0.125000
G01 X230.535000 Y129.014500 Z-0.125000
G00 Z5.000000

(End cutting path id: path806)


(Start cutting path id: path806)
(Change tool to Default tool)

G00 Z5.000000
G00 X220.844000 Y129.061100

G01 Z-0.125000 F100.0(Penetrate)
G01 X215.238000 Y140.057800 Z-0.125000 F400.000000
G01 X220.832000 Y130.204400 Z-0.125000
G01 X225.585000 Y139.527200 Z-0.125000
G01 X223.608000 Y139.527200 Z-0.125000
G01 X220.843000 Y133.784500 Z-0.125000
G01 X218.111000 Y139.527200 Z-0.125000
G01 X215.671000 Y139.527200 Z-0.125000
G01 X215.907000 Y139.913000 Z-0.125000
G01 X215.238000 Y140.057800 Z-0.125000
G01 X215.671000 Y140.057800 Z-0.125000
G01 X218.447000 Y140.057800 Z-0.125000
G01 X220.846000 Y135.013700 Z-0.125000
G01 X223.274000 Y140.057800 Z-0.125000
G01 X226.451000 Y140.057800 Z-0.125000
G01 X220.844000 Y129.061100 Z-0.125000
G00 Z5.000000

(End cutting path id: path806)


(Start cutting path id: path806)
(Change tool to Default tool)

G00 Z5.000000
G00 X218.648000 Y132.788000

G01 Z-0.125000 F100.0(Penetrate)
G01 X217.924000 Y132.579200 Z-0.125000 F400.000000
G01 X218.355000 Y130.428500 Z-0.125000
G01 X219.058000 Y128.350600 Z-0.125000
G01 X219.842000 Y128.539300 Z-0.125000
G01 X220.622000 Y128.437400 Z-0.125000
G01 X221.318000 Y128.065900 Z-0.125000
G01 X221.851000 Y127.446200 Z-0.125000
G01 X222.121000 Y126.674400 Z-0.125000
G01 X222.095000 Y125.885800 Z-0.125000
G01 X221.793000 Y125.159500 Z-0.125000
G01 X221.237000 Y124.575100 Z-0.125000
G01 X222.686000 Y122.926600 Z-0.125000
G01 X224.334000 Y121.478600 Z-0.125000
G01 X224.919000 Y122.034200 Z-0.125000
G01 X225.645000 Y122.335800 Z-0.125000
G01 X226.433000 Y122.362200 Z-0.125000
G01 X227.205000 Y122.092000 Z-0.125000
G01 X227.825000 Y121.558800 Z-0.125000
G01 X228.196000 Y120.862600 Z-0.125000
G01 X228.298000 Y120.082900 Z-0.125000
G01 X228.109000 Y119.298900 Z-0.125000
G01 X230.187000 Y118.595600 Z-0.125000
G01 X232.338000 Y118.165600 Z-0.125000
G01 X232.567000 Y118.939100 Z-0.125000
G01 X233.045000 Y119.563600 Z-0.125000
G01 X233.715000 Y119.980900 Z-0.125000
G01 X234.518000 Y120.133000 Z-0.125000
G01 X235.322000 Y119.980900 Z-0.125000
G01 X235.991000 Y119.563600 Z-0.125000
G01 X236.469000 Y118.939100 Z-0.125000
G01 X236.697000 Y118.165600 Z-0.125000
G01 X238.849000 Y118.595600 Z-0.125000
G01 X240.928000 Y119.299400 Z-0.125000
G01 X240.739000 Y120.083300 Z-0.125000
G01 X240.841000 Y120.863000 Z-0.125000
G01 X241.212000 Y121.559200 Z-0.125000
G01 X241.832000 Y122.092500 Z-0.125000
G01 X242.604000 Y122.362500 Z-0.125000
G01 X243.392000 Y122.336100 Z-0.125000
G01 X244.118000 Y122.034500 Z-0.125000
G01 X244.703000 Y121.479100 Z-0.125000
G01 X246.351000 Y122.927100 Z-0.125000
G01 X247.799000 Y124.574600 Z-0.125000
G01 X247.244000 Y125.159200 Z-0.125000
G01 X246.942000 Y125.885500 Z-0.125000
G01 X246.915000 Y126.674100 Z-0.125000
G01 X247.185000 Y127.445700 Z-0.125000
G01 X247.718000 Y128.065600 Z-0.125000
G01 X248.415000 Y128.437100 Z-0.125000
G01 X249.194000 Y128.539000 Z-0.125000
G01 X249.978000 Y128.350000 Z-0.125000
G01 X250.150000 Y128.774800 Z-0.125000
G01 X249.919000 Y128.751000 Z-0.125000
G01 X249.425000 Y128.736600 Z-0.125000
G01 X247.852000 Y128.966800 Z-0.125000
G01 X246.396000 Y129.605300 Z-0.125000
G01 X245.187000 Y130.581100 Z-0.125000
G01 X244.268000 Y131.834600 Z-0.125000
G01 X244.268000 Y129.296200 Z-0.125000
G01 X245.552000 Y128.555200 Z-0.125000
G01 X244.664000 Y127.226100 Z-0.125000
G01 X243.615000 Y126.025600 Z-0.125000
G01 X242.423000 Y124.968700 Z-0.125000
G01 X241.101000 Y124.070400 Z-0.125000
G01 X239.664000 Y123.345600 Z-0.125000
G01 X238.128000 Y122.809300 Z-0.125000
G01 X236.508000 Y122.476500 Z-0.125000
G01 X234.817000 Y122.362300 Z-0.125000
G01 X232.640000 Y122.553000 Z-0.125000
G01 X230.587000 Y123.103200 Z-0.125000
G01 X228.691000 Y123.980400 Z-0.125000
G01 X226.984000 Y125.152000 Z-0.125000
G01 X225.500000 Y126.585200 Z-0.125000
G01 X224.270000 Y128.247500 Z-0.125000
G01 X223.327000 Y130.106200 Z-0.125000
G01 X222.704000 Y132.128600 Z-0.125000
G01 X220.844000 Y128.480300 Z-0.125000
G01 X220.609000 Y128.942800 Z-0.125000
G01 X218.648000 Y132.788000 Z-0.125000
G01 X218.648000 Y132.788000 Z-0.125000
G00 Z5.000000

(End cutting path id: path806)


(Start cutting path id: path806)
(Change tool to Default tool)

G00 Z5.000000
G00 X213.890000 Y133.071800

G01 Z-0.125000 F100.0(Penetrate)
G01 X213.381000 Y132.406800 Z-0.125000 F400.000000
G01 X212.719000 Y131.892700 Z-0.125000
G01 X211.938000 Y131.561100 Z-0.125000
G01 X211.068000 Y131.443500 Z-0.125000
G01 X209.798000 Y131.699700 Z-0.125000
G01 X208.762000 Y132.398400 Z-0.125000
G01 X208.064000 Y133.434700 Z-0.125000
G01 X207.808000 Y134.703700 Z-0.125000
G01 X208.064000 Y135.972700 Z-0.125000
G01 X208.762000 Y137.008800 Z-0.125000
G01 X209.798000 Y137.707400 Z-0.125000
G01 X211.068000 Y137.963500 Z-0.125000
G01 X212.204000 Y137.760200 Z-0.125000
G01 X213.166000 Y137.198700 Z-0.125000
G01 X209.170000 Y134.891100 Z-0.125000
G01 X210.257000 Y133.009700 Z-0.125000
G01 X216.215000 Y136.446500 Z-0.125000
G01 X215.441000 Y137.928400 Z-0.125000
G01 X214.266000 Y139.096500 Z-0.125000
G01 X212.779000 Y139.862300 Z-0.125000
G01 X211.068000 Y140.137200 Z-0.125000
G01 X209.973000 Y140.026800 Z-0.125000
G01 X208.953000 Y139.710200 Z-0.125000
G01 X208.030000 Y139.209300 Z-0.125000
G01 X207.226000 Y138.545800 Z-0.125000
G01 X206.562000 Y137.741700 Z-0.125000
G01 X206.061000 Y136.818700 Z-0.125000
G01 X205.745000 Y135.798800 Z-0.125000
G01 X205.634000 Y134.703700 Z-0.125000
G01 X205.745000 Y133.608600 Z-0.125000
G01 X206.061000 Y132.588700 Z-0.125000
G01 X206.562000 Y131.665800 Z-0.125000
G01 X207.226000 Y130.861700 Z-0.125000
G01 X208.030000 Y130.198300 Z-0.125000
G01 X208.953000 Y129.697400 Z-0.125000
G01 X209.973000 Y129.380800 Z-0.125000
G01 X211.068000 Y129.270400 Z-0.125000
G01 X212.519000 Y129.466300 Z-0.125000
G01 X213.822000 Y130.019000 Z-0.125000
G01 X214.924000 Y130.876100 Z-0.125000
G01 X215.773000 Y131.985100 Z-0.125000
G01 X213.890000 Y133.071800 Z-0.125000
G00 Z5.000000

(End cutting path id: path806)


(Start cutting path id: path806)
(Change tool to Default tool)

G00 Z5.000000
G00 X211.068000 Y129.526200

G01 Z-0.125000 F100.0(Penetrate)
G01 X212.386000 Y129.696700 Z-0.125000 F400.000000
G01 X213.577000 Y130.178600 Z-0.125000
G01 X214.598000 Y130.927800 Z-0.125000
G01 X215.409000 Y131.899800 Z-0.125000
G01 X213.969000 Y132.730800 Z-0.125000
G01 X213.418000 Y132.097800 Z-0.125000
G01 X212.733000 Y131.610900 Z-0.125000
G01 X211.941000 Y131.298100 Z-0.125000
G01 X211.068000 Y131.187600 Z-0.125000
G01 X209.700000 Y131.464400 Z-0.125000
G01 X208.582000 Y132.218700 Z-0.125000
G01 X207.828000 Y133.336400 Z-0.125000
G01 X207.552000 Y134.703600 Z-0.125000
G01 X207.828000 Y136.070900 Z-0.125000
G01 X208.583000 Y137.188600 Z-0.125000
G01 X209.700000 Y137.942700 Z-0.125000
G01 X211.068000 Y138.219400 Z-0.125000
G01 X212.293000 Y138.000000 Z-0.125000
G01 X213.331000 Y137.394400 Z-0.125000
G01 X213.610000 Y137.159500 Z-0.125000
G01 X209.520000 Y134.797600 Z-0.125000
G01 X210.351000 Y133.359100 Z-0.125000
G01 X215.898000 Y136.559100 Z-0.125000
G01 X215.139000 Y137.897200 Z-0.125000
G01 X214.031000 Y138.948200 Z-0.125000
G01 X212.649000 Y139.635200 Z-0.125000
G01 X211.068000 Y139.881300 Z-0.125000
G01 X210.023000 Y139.776300 Z-0.125000
G01 X209.051000 Y139.474900 Z-0.125000
G01 X208.171000 Y138.997900 Z-0.125000
G01 X207.405000 Y138.366000 Z-0.125000
G01 X206.773000 Y137.600000 Z-0.125000
G01 X206.296000 Y136.720400 Z-0.125000
G01 X205.995000 Y135.748000 Z-0.125000
G01 X205.890000 Y134.703600 Z-0.125000
G01 X205.995000 Y133.659300 Z-0.125000
G01 X206.296000 Y132.687000 Z-0.125000
G01 X206.773000 Y131.807500 Z-0.125000
G01 X207.405000 Y131.041500 Z-0.125000
G01 X208.171000 Y130.409600 Z-0.125000
G01 X209.051000 Y129.932600 Z-0.125000
G01 X210.023000 Y129.631300 Z-0.125000
G01 X211.068000 Y129.526200 Z-0.125000
G01 X211.068000 Y129.526200 Z-0.125000
G00 Z5.000000

(End cutting path id: path806)


(Start cutting path id: path806)
(Change tool to Default tool)

G00 Z5.000000
G00 X211.068000 Y129.014500

G01 Z-0.125000 F100.0(Penetrate)
G01 X209.922000 Y129.130200 Z-0.125000 F400.000000
G01 X208.854000 Y129.462000 Z-0.125000
G01 X207.888000 Y129.986900 Z-0.125000
G01 X207.046000 Y130.681900 Z-0.125000
G01 X206.351000 Y131.524100 Z-0.125000
G01 X205.826000 Y132.490400 Z-0.125000
G01 X205.494000 Y133.557900 Z-0.125000
G01 X205.378000 Y134.703600 Z-0.125000
G01 X205.494000 Y135.849400 Z-0.125000
G01 X205.826000 Y136.917000 Z-0.125000
G01 X206.351000 Y137.883400 Z-0.125000
G01 X207.046000 Y138.725600 Z-0.125000
G01 X207.888000 Y139.420600 Z-0.125000
G01 X208.854000 Y139.945500 Z-0.125000
G01 X209.922000 Y140.277300 Z-0.125000
G01 X211.068000 Y140.393000 Z-0.125000
G01 X212.858000 Y140.105300 Z-0.125000
G01 X214.416000 Y139.303700 Z-0.125000
G01 X215.646000 Y138.080600 Z-0.125000
G01 X216.457000 Y136.528500 Z-0.125000
G01 X216.525000 Y136.329700 Z-0.125000
G01 X210.163000 Y132.660300 Z-0.125000
G01 X208.821000 Y134.984700 Z-0.125000
G01 X212.693000 Y137.220800 Z-0.125000
G01 X211.930000 Y137.578200 Z-0.125000
G01 X211.068000 Y137.707700 Z-0.125000
G01 X209.897000 Y137.472100 Z-0.125000
G01 X208.942000 Y136.829100 Z-0.125000
G01 X208.299000 Y135.874400 Z-0.125000
G01 X208.064000 Y134.703600 Z-0.125000
G01 X208.299000 Y133.533000 Z-0.125000
G01 X208.942000 Y132.578200 Z-0.125000
G01 X209.897000 Y131.935000 Z-0.125000
G01 X211.068000 Y131.699300 Z-0.125000
G01 X211.870000 Y131.807700 Z-0.125000
G01 X212.591000 Y132.113400 Z-0.125000
G01 X213.200000 Y132.587200 Z-0.125000
G01 X213.669000 Y133.200100 Z-0.125000
G01 X213.797000 Y133.421200 Z-0.125000
G01 X214.018000 Y133.293400 Z-0.125000
G01 X216.122000 Y132.078600 Z-0.125000
G01 X215.994000 Y131.856900 Z-0.125000
G01 X215.105000 Y130.695700 Z-0.125000
G01 X213.950000 Y129.798300 Z-0.125000
G01 X212.586000 Y129.219600 Z-0.125000
G01 X211.068000 Y129.014500 Z-0.125000
G01 X211.068000 Y129.014500 Z-0.125000
G00 Z5.000000

(End cutting path id: path806)


(Start cutting path id: path806)
(Change tool to Default tool)

G00 Z5.000000
G00 X215.671000 Y139.792500

G01 Z-0.125000 F100.0(Penetrate)
G01 X218.279000 Y139.792500 Z-0.125000 F400.000000
G01 X220.844000 Y134.399100 Z-0.125000
G01 X223.441000 Y139.792500 Z-0.125000
G01 X226.018000 Y139.792500 Z-0.125000
G01 X220.844000 Y129.645200 Z-0.125000
G01 X220.844000 Y129.645200 Z-0.125000
G01 X215.671000 Y139.792500 Z-0.125000
G00 Z5.000000

(End cutting path id: path806)


(Start cutting path id: path806)
(Change tool to Default tool)

G00 Z5.000000
G00 X215.765000 Y157.303100

G01 Z-0.125000 F100.0(Penetrate)
G01 X215.697000 Y156.822800 Z-0.125000 F400.000000
G01 X215.518000 Y156.449600 Z-0.125000
G01 X215.260000 Y156.175700 Z-0.125000
G01 X214.951000 Y155.993100 Z-0.125000
G01 X214.625000 Y155.885900 Z-0.125000
G01 X214.316000 Y155.854100 Z-0.125000
G01 X212.454000 Y155.854100 Z-0.125000
G01 X211.985000 Y155.929600 Z-0.125000
G01 X211.513000 Y156.175700 Z-0.125000
G01 X211.152000 Y156.624300 Z-0.125000
G01 X211.009000 Y157.303100 Z-0.125000
G01 X211.009000 Y158.700500 Z-0.125000
G01 X211.152000 Y159.371400 Z-0.125000
G01 X211.513000 Y159.820000 Z-0.125000
G01 X211.985000 Y160.070100 Z-0.125000
G01 X212.454000 Y160.145500 Z-0.125000
G01 X214.316000 Y160.145500 Z-0.125000
G01 X214.990000 Y160.002600 Z-0.125000
G01 X215.439000 Y159.641300 Z-0.125000
G01 X215.685000 Y159.172900 Z-0.125000
G01 X215.765000 Y158.700500 Z-0.125000
G01 X215.765000 Y157.303100 Z-0.125000
G00 Z5.000000

(End cutting path id: path806)


(Start cutting path id: path806)
(Change tool to Default tool)

G00 Z5.000000
G00 X214.732000 Y158.692600

G01 Z-0.125000 F100.0(Penetrate)
G01 X214.625000 Y159.010100 Z-0.125000 F400.000000
G01 X214.316000 Y159.113400 Z-0.125000
G01 X212.462000 Y159.113400 Z-0.125000
G01 X212.148000 Y159.006200 Z-0.125000
G01 X212.041000 Y158.700500 Z-0.125000
G01 X212.041000 Y157.303100 Z-0.125000
G01 X212.148000 Y156.993500 Z-0.125000
G01 X212.462000 Y156.886300 Z-0.125000
G01 X214.316000 Y156.886300 Z-0.125000
G01 X214.629000 Y156.993500 Z-0.125000
G01 X214.732000 Y157.303100 Z-0.125000
G01 X214.732000 Y158.692600 Z-0.125000
G00 Z5.000000

(End cutting path id: path806)


(Start cutting path id: path806)
(Change tool to Default tool)

G00 Z5.000000
G00 X212.453000 Y159.376600

G01 Z-0.125000 F100.0(Penetrate)
G01 X213.607000 Y159.390600 Z-0.125000 F400.000000
G01 X214.732000 Y159.263300 Z-0.125000
G01 X214.979000 Y158.827900 Z-0.125000
G01 X215.019000 Y158.315700 Z-0.125000
G01 X214.994000 Y157.265200 Z-0.125000
G01 X214.818000 Y156.815000 Z-0.125000
G01 X214.405000 Y156.634100 Z-0.125000
G01 X213.416000 Y156.622700 Z-0.125000
G01 X212.435000 Y156.623400 Z-0.125000
G01 X212.006000 Y156.774100 Z-0.125000
G01 X211.783000 Y157.193000 Z-0.125000
G01 X211.755000 Y158.238400 Z-0.125000
G01 X211.783000 Y158.752500 Z-0.125000
G01 X211.982000 Y159.212500 Z-0.125000
G01 X212.453000 Y159.376600 Z-0.125000
G01 X212.453000 Y159.376600 Z-0.125000
G00 Z5.000000

(End cutting path id: path806)


(Start cutting path id: path806)
(Change tool to Default tool)

G00 Z5.000000
G00 X212.271000 Y159.864800

G01 Z-0.125000 F100.0(Penetrate)
G01 X211.728000 Y159.656800 Z-0.125000 F400.000000
G01 X211.397000 Y159.221100 Z-0.125000
G01 X211.252000 Y158.662800 Z-0.125000
G01 X211.271000 Y158.087100 Z-0.125000
G01 X211.347000 Y156.911100 Z-0.125000
G01 X211.626000 Y156.427200 Z-0.125000
G01 X212.156000 Y156.160800 Z-0.125000
G01 X213.504000 Y156.101000 Z-0.125000
G01 X214.838000 Y156.234000 Z-0.125000
G01 X215.345000 Y156.700400 Z-0.125000
G01 X215.508000 Y157.355600 Z-0.125000
G01 X215.492000 Y158.777000 Z-0.125000
G01 X215.347000 Y159.318500 Z-0.125000
G01 X214.971000 Y159.692500 Z-0.125000
G01 X214.459000 Y159.885100 Z-0.125000
G01 X213.903000 Y159.882400 Z-0.125000
G01 X212.271000 Y159.864800 Z-0.125000
G01 X212.271000 Y159.864800 Z-0.125000
G00 Z5.000000

(End cutting path id: path806)


(Start cutting path id: path806)
(Change tool to Default tool)

G00 Z5.000000
G00 X210.380000 Y157.303100

G01 Z-0.125000 F100.0(Penetrate)
G01 X210.312000 Y156.822800 Z-0.125000 F400.000000
G01 X210.134000 Y156.449600 Z-0.125000
G01 X209.876000 Y156.175700 Z-0.125000
G01 X209.566000 Y155.993100 Z-0.125000
G01 X209.240000 Y155.885900 Z-0.125000
G01 X208.931000 Y155.854100 Z-0.125000
G01 X206.136000 Y155.854100 Z-0.125000
G01 X206.136000 Y156.886300 Z-0.125000
G01 X208.923000 Y156.886300 Z-0.125000
G01 X209.240000 Y156.993500 Z-0.125000
G01 X209.348000 Y157.303100 Z-0.125000
G01 X209.233000 Y157.612800 Z-0.125000
G01 X208.931000 Y157.716000 Z-0.125000
G01 X207.331000 Y157.716000 Z-0.125000
G01 X206.751000 Y157.835100 Z-0.125000
G01 X206.362000 Y158.132800 Z-0.125000
G01 X206.148000 Y158.517900 Z-0.125000
G01 X206.084000 Y158.902900 Z-0.125000
G01 X206.207000 Y159.482500 Z-0.125000
G01 X206.517000 Y159.867600 Z-0.125000
G01 X206.922000 Y160.078000 Z-0.125000
G01 X207.331000 Y160.145500 Z-0.125000
G01 X209.868000 Y160.145500 Z-0.125000
G01 X209.868000 Y159.113300 Z-0.125000
G01 X207.339000 Y159.113300 Z-0.125000
G01 X207.212000 Y159.093500 Z-0.125000
G01 X207.144000 Y159.045900 Z-0.125000
G01 X207.120000 Y158.982400 Z-0.125000
G01 X207.116000 Y158.918800 Z-0.125000
G01 X207.140000 Y158.819600 Z-0.125000
G01 X207.188000 Y158.768000 Z-0.125000
G01 X207.255000 Y158.748100 Z-0.125000
G01 X207.331000 Y158.748100 Z-0.125000
G01 X208.931000 Y158.748100 Z-0.125000
G01 X209.605000 Y158.605200 Z-0.125000
G01 X210.054000 Y158.244000 Z-0.125000
G01 X210.300000 Y157.775500 Z-0.125000
G01 X210.380000 Y157.303100 Z-0.125000
G01 X210.380000 Y157.303100 Z-0.125000
G00 Z5.000000

(End cutting path id: path806)


(Start cutting path id: path806)
(Change tool to Default tool)

G00 Z5.000000
G00 X207.180000 Y159.866800

G01 Z-0.125000 F100.0(Penetrate)
G01 X206.837000 Y159.778400 Z-0.125000 F400.000000
G01 X206.585000 Y159.577100 Z-0.125000
G01 X206.361000 Y158.979100 Z-0.125000
G01 X206.519000 Y158.359500 Z-0.125000
G01 X206.746000 Y158.131400 Z-0.125000
G01 X207.072000 Y158.005500 Z-0.125000
G01 X208.275000 Y157.997500 Z-0.125000
G01 X208.871000 Y157.982900 Z-0.125000
G01 X209.424000 Y157.802400 Z-0.125000
G01 X209.612000 Y157.407200 Z-0.125000
G01 X209.538000 Y156.990500 Z-0.125000
G01 X209.256000 Y156.684800 Z-0.125000
G01 X208.822000 Y156.622700 Z-0.125000
G01 X206.400000 Y156.622700 Z-0.125000
G01 X206.427000 Y156.198400 Z-0.125000
G01 X206.773000 Y156.093100 Z-0.125000
G01 X207.700000 Y156.118800 Z-0.125000
G01 X209.064000 Y156.140600 Z-0.125000
G01 X209.670000 Y156.357700 Z-0.125000
G01 X210.061000 Y156.903900 Z-0.125000
G01 X210.099000 Y157.529600 Z-0.125000
G01 X209.831000 Y158.074800 Z-0.125000
G01 X209.342000 Y158.429600 Z-0.125000
G01 X208.718000 Y158.484000 Z-0.125000
G01 X207.760000 Y158.461800 Z-0.125000
G01 X207.293000 Y158.487400 Z-0.125000
G01 X206.898000 Y158.694900 Z-0.125000
G01 X206.863000 Y159.046100 Z-0.125000
G01 X207.059000 Y159.283700 Z-0.125000
G01 X207.738000 Y159.376600 Z-0.125000
G01 X209.604000 Y159.376600 Z-0.125000
G01 X209.577000 Y159.801800 Z-0.125000
G01 X209.232000 Y159.907800 Z-0.125000
G01 X208.304000 Y159.882400 Z-0.125000
G01 X207.180000 Y159.866800 Z-0.125000
G01 X207.180000 Y159.866800 Z-0.125000
G00 Z5.000000

(End cutting path id: path806)


(Start cutting path id: path806)
(Change tool to Default tool)

G00 Z5.000000
G00 X204.328000 Y158.692600

G01 Z-0.125000 F100.0(Penetrate)
G01 X204.221000 Y159.010100 Z-0.125000 F400.000000
G01 X203.911000 Y159.113400 Z-0.125000
G01 X202.057000 Y159.113400 Z-0.125000
G01 X201.743000 Y159.006200 Z-0.125000
G01 X201.636000 Y158.700500 Z-0.125000
G01 X201.636000 Y157.303100 Z-0.125000
G01 X201.743000 Y156.993500 Z-0.125000
G01 X202.057000 Y156.886300 Z-0.125000
G01 X203.911000 Y156.886300 Z-0.125000
G01 X204.225000 Y156.993500 Z-0.125000
G01 X204.328000 Y157.303100 Z-0.125000
G01 X204.328000 Y158.692600 Z-0.125000
G00 Z5.000000

(End cutting path id: path806)


(Start cutting path id: path806)
(Change tool to Default tool)

G00 Z5.000000
G00 X205.360000 Y157.303100

G01 Z-0.125000 F100.0(Penetrate)
G01 X205.293000 Y156.822800 Z-0.125000 F400.000000
G01 X205.114000 Y156.449600 Z-0.125000
G01 X204.856000 Y156.175700 Z-0.125000
G01 X204.546000 Y155.993100 Z-0.125000
G01 X204.221000 Y155.885900 Z-0.125000
G01 X203.911000 Y155.854100 Z-0.125000
G01 X202.049000 Y155.854100 Z-0.125000
G01 X201.581000 Y155.929600 Z-0.125000
G01 X201.108000 Y156.175700 Z-0.125000
G01 X200.747000 Y156.624300 Z-0.125000
G01 X200.604000 Y157.303100 Z-0.125000
G01 X200.604000 Y158.700500 Z-0.125000
G01 X200.747000 Y159.371400 Z-0.125000
G01 X201.108000 Y159.820000 Z-0.125000
G01 X201.581000 Y160.070100 Z-0.125000
G01 X202.049000 Y160.145500 Z-0.125000
G01 X203.911000 Y160.145500 Z-0.125000
G01 X204.586000 Y160.002600 Z-0.125000
G01 X205.035000 Y159.641300 Z-0.125000
G01 X205.281000 Y159.172900 Z-0.125000
G01 X205.360000 Y158.700500 Z-0.125000
G01 X205.360000 Y157.303100 Z-0.125000
G00 Z5.000000

(End cutting path id: path806)


(Start cutting path id: path806)
(Change tool to Default tool)

G00 Z5.000000
G00 X202.049000 Y159.376600

G01 Z-0.125000 F100.0(Penetrate)
G01 X203.199000 Y159.390400 Z-0.125000 F400.000000
G01 X204.322000 Y159.265200 Z-0.125000
G01 X204.574000 Y158.832400 Z-0.125000
G01 X204.615000 Y158.319100 Z-0.125000
G01 X204.590000 Y157.265200 Z-0.125000
G01 X204.413000 Y156.814800 Z-0.125000
G01 X203.999000 Y156.633900 Z-0.125000
G01 X203.010000 Y156.622700 Z-0.125000
G01 X202.030000 Y156.623600 Z-0.125000
G01 X201.602000 Y156.774400 Z-0.125000
G01 X201.379000 Y157.193000 Z-0.125000
G01 X201.351000 Y158.238400 Z-0.125000
G01 X201.378000 Y158.752500 Z-0.125000
G01 X201.578000 Y159.212500 Z-0.125000
G01 X202.049000 Y159.376600 Z-0.125000
G01 X202.049000 Y159.376600 Z-0.125000
G00 Z5.000000

(End cutting path id: path806)


(Start cutting path id: path806)
(Change tool to Default tool)

G00 Z5.000000
G00 X201.867000 Y159.864800

G01 Z-0.125000 F100.0(Penetrate)
G01 X201.324000 Y159.656800 Z-0.125000 F400.000000
G01 X200.992000 Y159.221100 Z-0.125000
G01 X200.848000 Y158.662800 Z-0.125000
G01 X200.867000 Y158.087100 Z-0.125000
G01 X200.942000 Y156.911100 Z-0.125000
G01 X201.221000 Y156.427200 Z-0.125000
G01 X201.752000 Y156.160800 Z-0.125000
G01 X203.100000 Y156.101000 Z-0.125000
G01 X204.434000 Y156.234000 Z-0.125000
G01 X204.941000 Y156.700400 Z-0.125000
G01 X205.104000 Y157.355600 Z-0.125000
G01 X205.087000 Y158.777000 Z-0.125000
G01 X204.942000 Y159.319000 Z-0.125000
G01 X204.566000 Y159.693100 Z-0.125000
G01 X204.053000 Y159.885400 Z-0.125000
G01 X203.496000 Y159.882400 Z-0.125000
G01 X201.867000 Y159.864800 Z-0.125000
G01 X201.867000 Y159.864800 Z-0.125000
G00 Z5.000000

(End cutting path id: path806)


(Start cutting path id: path806)
(Change tool to Default tool)

G00 Z5.000000
G00 X199.816000 Y157.303100

G01 Z-0.125000 F100.0(Penetrate)
G01 X199.749000 Y156.822800 Z-0.125000 F400.000000
G01 X199.570000 Y156.449600 Z-0.125000
G01 X199.312000 Y156.175700 Z-0.125000
G01 X199.003000 Y155.993100 Z-0.125000
G01 X198.681000 Y155.885900 Z-0.125000
G01 X198.371000 Y155.854100 Z-0.125000
G01 X196.510000 Y155.854100 Z-0.125000
G01 X196.510000 Y156.886300 Z-0.125000
G01 X198.371000 Y156.886300 Z-0.125000
G01 X198.681000 Y156.993500 Z-0.125000
G01 X198.784000 Y157.303100 Z-0.125000
G01 X198.784000 Y158.692600 Z-0.125000
G01 X198.677000 Y159.010100 Z-0.125000
G01 X198.371000 Y159.113300 Z-0.125000
G01 X196.517000 Y159.113300 Z-0.125000
G01 X196.200000 Y159.006200 Z-0.125000
G01 X196.093000 Y158.700500 Z-0.125000
G01 X196.093000 Y154.512300 Z-0.125000
G01 X195.061000 Y154.512300 Z-0.125000
G01 X195.061000 Y158.700500 Z-0.125000
G01 X195.128000 Y159.176900 Z-0.125000
G01 X195.307000 Y159.546100 Z-0.125000
G01 X195.569000 Y159.820000 Z-0.125000
G01 X195.874000 Y160.006600 Z-0.125000
G01 X196.200000 Y160.109800 Z-0.125000
G01 X196.509000 Y160.145500 Z-0.125000
G01 X198.371000 Y160.145500 Z-0.125000
G01 X198.848000 Y160.078000 Z-0.125000
G01 X199.217000 Y159.899400 Z-0.125000
G01 X199.491000 Y159.641300 Z-0.125000
G01 X199.677000 Y159.331700 Z-0.125000
G01 X199.781000 Y159.010100 Z-0.125000
G01 X199.816000 Y158.700500 Z-0.125000
G01 X199.816000 Y157.303100 Z-0.125000
G00 Z5.000000

(End cutting path id: path806)


(Start cutting path id: path806)
(Change tool to Default tool)

G00 Z5.000000
G00 X196.406000 Y159.874600

G01 Z-0.125000 F100.0(Penetrate)
G01 X195.855000 Y159.703900 Z-0.125000 F400.000000
G01 X195.491000 Y159.298700 Z-0.125000
G01 X195.313000 Y158.758500 Z-0.125000
G01 X195.324000 Y158.183200 Z-0.125000
G01 X195.324000 Y154.777000 Z-0.125000
G01 X195.749000 Y154.803600 Z-0.125000
G01 X195.854000 Y155.149300 Z-0.125000
G01 X195.828000 Y156.077000 Z-0.125000
G01 X195.820000 Y157.539100 Z-0.125000
G01 X195.881000 Y158.991800 Z-0.125000
G01 X196.253000 Y159.326100 Z-0.125000
G01 X196.756000 Y159.398700 Z-0.125000
G01 X197.818000 Y159.376600 Z-0.125000
G01 X198.639000 Y159.317300 Z-0.125000
G01 X198.948000 Y159.095800 Z-0.125000
G01 X199.049000 Y158.693000 Z-0.125000
G01 X199.071000 Y157.632700 Z-0.125000
G01 X199.019000 Y157.120700 Z-0.125000
G01 X198.736000 Y156.708600 Z-0.125000
G01 X197.764000 Y156.611200 Z-0.125000
G01 X196.773000 Y156.622700 Z-0.125000
G01 X196.800000 Y156.198300 Z-0.125000
G01 X197.146000 Y156.093100 Z-0.125000
G01 X198.073000 Y156.118800 Z-0.125000
G01 X198.675000 Y156.150700 Z-0.125000
G01 X199.183000 Y156.438400 Z-0.125000
G01 X199.506000 Y156.916500 Z-0.125000
G01 X199.553000 Y157.519900 Z-0.125000
G01 X199.529000 Y158.853600 Z-0.125000
G01 X199.307000 Y159.444600 Z-0.125000
G01 X198.768000 Y159.825800 Z-0.125000
G01 X197.590000 Y159.889800 Z-0.125000
G01 X196.406000 Y159.874600 Z-0.125000
G01 X196.406000 Y159.874600 Z-0.125000
G00 Z5.000000

(End cutting path id: path806)


(Start cutting path id: path806)
(Change tool to Default tool)

G00 Z5.000000
G00 X194.348000 Y157.529400

G01 Z-0.125000 F100.0(Penetrate)
G01 X194.269000 Y156.977600 Z-0.125000 F400.000000
G01 X194.066000 Y156.548900 Z-0.125000
G01 X193.768000 Y156.231300 Z-0.125000
G01 X193.415000 Y156.016900 Z-0.125000
G01 X193.042000 Y155.893800 Z-0.125000
G01 X192.689000 Y155.854100 Z-0.125000
G01 X188.707000 Y155.854100 Z-0.125000
G01 X188.707000 Y156.886300 Z-0.125000
G01 X192.689000 Y156.886300 Z-0.125000
G01 X193.149000 Y157.061000 Z-0.125000
G01 X193.316000 Y157.529400 Z-0.125000
G01 X193.272000 Y157.791400 Z-0.125000
G01 X193.145000 Y157.997800 Z-0.125000
G01 X192.947000 Y158.132800 Z-0.125000
G01 X192.689000 Y158.180400 Z-0.125000
G01 X190.315000 Y158.180400 Z-0.125000
G01 X189.775000 Y158.267800 Z-0.125000
G01 X189.235000 Y158.557600 Z-0.125000
G01 X188.822000 Y159.077600 Z-0.125000
G01 X188.659000 Y159.863600 Z-0.125000
G01 X188.822000 Y160.645700 Z-0.125000
G01 X189.235000 Y161.165700 Z-0.125000
G01 X189.775000 Y161.455500 Z-0.125000
G01 X190.315000 Y161.546800 Z-0.125000
G01 X193.828000 Y161.546800 Z-0.125000
G01 X193.828000 Y160.514700 Z-0.125000
G01 X190.315000 Y160.514700 Z-0.125000
G01 X189.854000 Y160.336100 Z-0.125000
G01 X189.691000 Y159.863700 Z-0.125000
G01 X189.854000 Y159.391200 Z-0.125000
G01 X190.315000 Y159.220500 Z-0.125000
G01 X192.689000 Y159.220500 Z-0.125000
G01 X192.697000 Y159.220500 Z-0.125000
G01 X193.050000 Y159.172900 Z-0.125000
G01 X193.419000 Y159.045900 Z-0.125000
G01 X193.772000 Y158.823600 Z-0.125000
G01 X194.066000 Y158.506000 Z-0.125000
G01 X194.273000 Y158.077200 Z-0.125000
G01 X194.348000 Y157.529400 Z-0.125000
G01 X194.348000 Y157.529400 Z-0.125000
G00 Z5.000000

(End cutting path id: path806)


(Start cutting path id: path806)
(Change tool to Default tool)

G00 Z5.000000
G00 X190.102000 Y161.261300

G01 Z-0.125000 F100.0(Penetrate)
G01 X189.649000 Y161.138400 Z-0.125000 F400.000000
G01 X189.301000 Y160.869400 Z-0.125000
G01 X188.942000 Y160.064100 Z-0.125000
G01 X189.065000 Y159.187600 Z-0.125000
G01 X189.320000 Y158.829600 Z-0.125000
G01 X189.711000 Y158.582000 Z-0.125000
G01 X190.537000 Y158.437100 Z-0.125000
G01 X191.385000 Y158.440800 Z-0.125000
G01 X192.236000 Y158.461300 Z-0.125000
G01 X193.068000 Y158.366800 Z-0.125000
G01 X193.500000 Y157.940000 Z-0.125000
G01 X193.554000 Y157.335900 Z-0.125000
G01 X193.270000 Y156.811200 Z-0.125000
G01 X192.689000 Y156.622700 Z-0.125000
G01 X188.971000 Y156.622700 Z-0.125000
G01 X188.997000 Y156.198300 Z-0.125000
G01 X189.343000 Y156.093100 Z-0.125000
G01 X190.271000 Y156.118800 Z-0.125000
G01 X191.794000 Y156.102900 Z-0.125000
G01 X192.553000 Y156.116400 Z-0.125000
G01 X193.293000 Y156.253500 Z-0.125000
G01 X193.685000 Y156.503900 Z-0.125000
G01 X193.941000 Y156.862900 Z-0.125000
G01 X194.061000 Y157.738300 Z-0.125000
G01 X193.697000 Y158.541400 Z-0.125000
G01 X193.347000 Y158.810300 Z-0.125000
G01 X192.892000 Y158.934500 Z-0.125000
G01 X191.409000 Y158.949800 Z-0.125000
G01 X189.936000 Y159.025000 Z-0.125000
G01 X189.503000 Y159.450200 Z-0.125000
G01 X189.451000 Y160.057300 Z-0.125000
G01 X189.735000 Y160.586700 Z-0.125000
G01 X190.314000 Y160.778900 Z-0.125000
G01 X193.564000 Y160.778900 Z-0.125000
G01 X193.538000 Y161.203200 Z-0.125000
G01 X193.192000 Y161.308500 Z-0.125000
G01 X192.264000 Y161.282800 Z-0.125000
G01 X190.102000 Y161.261300 Z-0.125000
G01 X190.102000 Y161.261300 Z-0.125000
G00 Z5.000000

(End cutting path id: path806)


(Start cutting path id: path806)
(Change tool to Default tool)

G00 Z5.000000
G00 X204.789000 Y175.038700

G01 Z-0.125000 F100.0(Penetrate)
G01 X205.744000 Y175.026100 Z-0.125000 F400.000000
G01 X206.574000 Y175.138700 Z-0.125000
G01 X206.574000 Y180.253500 Z-0.125000
G01 X215.225000 Y180.253500 Z-0.125000
G01 X215.225000 Y175.038700 Z-0.125000
G01 X216.180000 Y175.026100 Z-0.125000
G01 X217.010000 Y175.138700 Z-0.125000
G01 X217.010000 Y187.269100 Z-0.125000
G01 X216.055000 Y187.281700 Z-0.125000
G01 X215.225000 Y187.169100 Z-0.125000
G01 X215.225000 Y182.056200 Z-0.125000
G01 X206.574000 Y182.056200 Z-0.125000
G01 X206.574000 Y187.269100 Z-0.125000
G01 X205.619000 Y187.281700 Z-0.125000
G01 X204.789000 Y187.169100 Z-0.125000
G01 X204.789000 Y175.038700 Z-0.125000
G01 X204.789000 Y175.038700 Z-0.125000
G00 Z5.000000

(End cutting path id: path806)


(Start cutting path id: path806)
(Change tool to Default tool)

G00 Z5.000000
G00 X206.838000 Y182.320000

G01 Z-0.125000 F100.0(Penetrate)
G01 X214.961000 Y182.320000 Z-0.125000 F400.000000
G01 X214.961000 Y187.533200 Z-0.125000
G01 X217.274000 Y187.533200 Z-0.125000
G01 X217.274000 Y174.775900 Z-0.125000
G01 X214.961000 Y174.775900 Z-0.125000
G01 X214.961000 Y179.989100 Z-0.125000
G01 X206.838000 Y179.989100 Z-0.125000
G01 X206.838000 Y174.775900 Z-0.125000
G01 X204.525000 Y174.775900 Z-0.125000
G01 X204.525000 Y187.533200 Z-0.125000
G01 X206.838000 Y187.533200 Z-0.125000
G01 X206.838000 Y182.320000 Z-0.125000
G00 Z5.000000

(End cutting path id: path806)


(Start cutting path id: path806)
(Change tool to Default tool)

G00 Z5.000000
G00 X196.795000 Y181.207900

G01 Z-0.125000 F100.0(Penetrate)
G01 X196.626000 Y180.167100 Z-0.125000 F400.000000
G01 X196.075000 Y179.135100 Z-0.125000
G01 X195.087000 Y178.343300 Z-0.125000
G01 X194.415000 Y178.103100 Z-0.125000
G01 X193.610000 Y178.023000 Z-0.125000
G01 X189.438000 Y178.023000 Z-0.125000
G01 X189.438000 Y180.220400 Z-0.125000
G01 X193.610000 Y180.220400 Z-0.125000
G01 X194.028000 Y180.291600 Z-0.125000
G01 X194.340000 Y180.505100 Z-0.125000
G01 X194.598000 Y181.225700 Z-0.125000
G01 X194.524000 Y181.630500 Z-0.125000
G01 X194.304000 Y181.937400 Z-0.125000
G01 X193.610000 Y182.195400 Z-0.125000
G01 X189.438000 Y182.195400 Z-0.125000
G01 X189.020000 Y182.122000 Z-0.125000
G01 X188.708000 Y181.901800 Z-0.125000
G01 X188.450000 Y181.190100 Z-0.125000
G01 X188.450000 Y177.960800 Z-0.125000
G01 X188.522000 Y177.549300 Z-0.125000
G01 X188.735000 Y177.240200 Z-0.125000
G01 X189.456000 Y176.982200 Z-0.125000
G01 X193.610000 Y176.982200 Z-0.125000
G01 X193.610000 Y174.775900 Z-0.125000
G01 X189.438000 Y174.775900 Z-0.125000
G01 X188.397000 Y174.944900 Z-0.125000
G01 X187.365000 Y175.487600 Z-0.125000
G01 X186.573000 Y176.475100 Z-0.125000
G01 X186.333000 Y177.153400 Z-0.125000
G01 X186.253000 Y177.960800 Z-0.125000
G01 X186.253000 Y181.207900 Z-0.125000
G01 X186.422000 Y182.239900 Z-0.125000
G01 X186.965000 Y183.271900 Z-0.125000
G01 X187.952000 Y184.072600 Z-0.125000
G01 X188.631000 Y184.312800 Z-0.125000
G01 X189.438000 Y184.392800 Z-0.125000
G01 X193.610000 Y184.392800 Z-0.125000
G01 X194.642000 Y184.223800 Z-0.125000
G01 X195.674000 Y183.672200 Z-0.125000
G01 X196.475000 Y182.684700 Z-0.125000
G01 X196.715000 Y182.013100 Z-0.125000
G01 X196.795000 Y181.207900 Z-0.125000
G01 X196.795000 Y181.207900 Z-0.125000
G00 Z5.000000

(End cutting path id: path806)


(Start cutting path id: path806)
(Change tool to Default tool)

G00 Z5.000000
G00 X189.059000 Y184.110900

G01 Z-0.125000 F100.0(Penetrate)
G01 X187.948000 Y183.772200 Z-0.125000 F400.000000
G01 X187.109000 Y183.000100 Z-0.125000
G01 X186.610000 Y181.955400 Z-0.125000
G01 X186.518000 Y180.798800 Z-0.125000
G01 X186.501000 Y178.782400 Z-0.125000
G01 X186.532000 Y177.778400 Z-0.125000
G01 X186.722000 Y176.796800 Z-0.125000
G01 X187.281000 Y175.923400 Z-0.125000
G01 X188.118000 Y175.348500 Z-0.125000
G01 X189.114000 Y175.058200 Z-0.125000
G01 X190.149000 Y175.038700 Z-0.125000
G01 X193.346000 Y175.038700 Z-0.125000
G01 X193.369000 Y176.001800 Z-0.125000
G01 X193.349000 Y176.452000 Z-0.125000
G01 X193.146000 Y176.718400 Z-0.125000
G01 X191.066000 Y176.708400 Z-0.125000
G01 X188.996000 Y176.790600 Z-0.125000
G01 X188.465000 Y177.137500 Z-0.125000
G01 X188.225000 Y177.690200 Z-0.125000
G01 X188.188000 Y178.960600 Z-0.125000
G01 X188.168000 Y180.443700 Z-0.125000
G01 X188.189000 Y181.180700 Z-0.125000
G01 X188.367000 Y181.888300 Z-0.125000
G01 X188.905000 Y182.345700 Z-0.125000
G01 X189.589000 Y182.474600 Z-0.125000
G01 X191.037000 Y182.458600 Z-0.125000
G01 X192.578000 Y182.470200 Z-0.125000
G01 X194.104000 Y182.368800 Z-0.125000
G01 X194.478000 Y182.155300 Z-0.125000
G01 X194.722000 Y181.832300 Z-0.125000
G01 X194.840000 Y181.027300 Z-0.125000
G01 X194.503000 Y180.292400 Z-0.125000
G01 X194.177000 Y180.057100 Z-0.125000
G01 X193.754000 Y179.966400 Z-0.125000
G01 X189.701000 Y179.956700 Z-0.125000
G01 X189.678000 Y178.998200 Z-0.125000
G01 X189.697000 Y178.549900 Z-0.125000
G01 X189.901000 Y178.286700 Z-0.125000
G01 X192.192000 Y178.275000 Z-0.125000
G01 X194.471000 Y178.392200 Z-0.125000
G01 X195.221000 Y178.709200 Z-0.125000
G01 X195.811000 Y179.231700 Z-0.125000
G01 X196.231000 Y179.903100 Z-0.125000
G01 X196.471000 Y180.667000 Z-0.125000
G01 X196.522000 Y181.466900 Z-0.125000
G01 X196.373000 Y182.246400 Z-0.125000
G01 X196.014000 Y182.949000 Z-0.125000
G01 X195.435000 Y183.518200 Z-0.125000
G01 X194.412000 Y184.007900 Z-0.125000
G01 X193.292000 Y184.145500 Z-0.125000
G01 X191.000000 Y184.128500 Z-0.125000
G01 X189.059000 Y184.111000 Z-0.125000
G01 X189.059000 Y184.110900 Z-0.125000
G00 Z5.000000

(End cutting path id: path806)


(Start cutting path id: path806)
(Change tool to Default tool)

G00 Z5.000000
G00 X184.977000 Y182.079800

G01 Z-0.125000 F100.0(Penetrate)
G01 X179.772000 Y182.079800 Z-0.125000 F400.000000
G01 X179.359000 Y182.019700 Z-0.125000
G01 X179.061000 Y181.839600 Z-0.125000
G01 X178.880000 Y181.552700 Z-0.125000
G01 X178.820000 Y181.154500 Z-0.125000
G01 X178.820000 Y174.775900 Z-0.125000
G01 X176.507000 Y174.775900 Z-0.125000
G01 X176.507000 Y181.154600 Z-0.125000
G01 X176.659000 Y182.222100 Z-0.125000
G01 X177.059000 Y183.049500 Z-0.125000
G01 X177.646000 Y183.663300 Z-0.125000
G01 X178.331000 Y184.081400 Z-0.125000
G01 X179.061000 Y184.312700 Z-0.125000
G01 X179.755000 Y184.392800 Z-0.125000
G01 X184.977000 Y184.392800 Z-0.125000
G01 X184.977000 Y182.079800 Z-0.125000
G00 Z5.000000

(End cutting path id: path806)


(Start cutting path id: path806)
(Change tool to Default tool)

G00 Z5.000000
G00 X179.465000 Y184.110900

G01 Z-0.125000 F100.0(Penetrate)
G01 X178.394000 Y183.824200 Z-0.125000 F400.000000
G01 X177.514000 Y183.167700 Z-0.125000
G01 X176.936000 Y182.241100 Z-0.125000
G01 X176.771000 Y181.144100 Z-0.125000
G01 X176.771000 Y175.038700 Z-0.125000
G01 X177.727000 Y175.026100 Z-0.125000
G01 X178.557000 Y175.138700 Z-0.125000
G01 X178.602000 Y181.526500 Z-0.125000
G01 X178.926000 Y182.071800 Z-0.125000
G01 X179.484000 Y182.308500 Z-0.125000
G01 X180.771000 Y182.343400 Z-0.125000
G01 X184.713000 Y182.343400 Z-0.125000
G01 X184.725000 Y183.298500 Z-0.125000
G01 X184.613000 Y184.128500 Z-0.125000
G01 X179.465000 Y184.110900 Z-0.125000
G01 X179.465000 Y184.110900 Z-0.125000
G00 Z5.000000

(End cutting path id: path806)


(Start cutting path id: path806)
(Change tool to Default tool)

G00 Z5.000000
G00 X174.599000 Y177.960800

G01 Z-0.125000 F100.0(Penetrate)
G01 X174.430000 Y176.919900 Z-0.125000 F400.000000
G01 X173.879000 Y175.887900 Z-0.125000
G01 X172.891000 Y175.096100 Z-0.125000
G01 X172.220000 Y174.855900 Z-0.125000
G01 X171.415000 Y174.775900 Z-0.125000
G01 X167.242000 Y174.775900 Z-0.125000
G01 X166.201000 Y174.944900 Z-0.125000
G01 X165.169000 Y175.487600 Z-0.125000
G01 X164.378000 Y176.475100 Z-0.125000
G01 X164.137000 Y177.153400 Z-0.125000
G01 X164.057000 Y177.960800 Z-0.125000
G01 X164.226000 Y179.001600 Z-0.125000
G01 X164.769000 Y180.033600 Z-0.125000
G01 X165.756000 Y180.834300 Z-0.125000
G01 X166.435000 Y181.074500 Z-0.125000
G01 X167.242000 Y181.154500 Z-0.125000
G01 X171.415000 Y181.154500 Z-0.125000
G01 X171.415000 Y178.948300 Z-0.125000
G01 X167.242000 Y178.948300 Z-0.125000
G01 X166.824000 Y178.874900 Z-0.125000
G01 X166.513000 Y178.654700 Z-0.125000
G01 X166.255000 Y177.943000 Z-0.125000
G01 X166.328000 Y177.538200 Z-0.125000
G01 X166.548000 Y177.231300 Z-0.125000
G01 X167.260000 Y176.982200 Z-0.125000
G01 X171.415000 Y176.982200 Z-0.125000
G01 X171.833000 Y177.053300 Z-0.125000
G01 X172.144000 Y177.266900 Z-0.125000
G01 X172.402000 Y177.978600 Z-0.125000
G01 X172.402000 Y181.207900 Z-0.125000
G01 X172.331000 Y181.614900 Z-0.125000
G01 X172.117000 Y181.928500 Z-0.125000
G01 X171.804000 Y182.128700 Z-0.125000
G01 X171.415000 Y182.195400 Z-0.125000
G01 X166.335000 Y182.195400 Z-0.125000
G01 X166.335000 Y184.392800 Z-0.125000
G01 X171.415000 Y184.392800 Z-0.125000
G01 X172.447000 Y184.223800 Z-0.125000
G01 X173.478000 Y183.672200 Z-0.125000
G01 X174.279000 Y182.684700 Z-0.125000
G01 X174.519000 Y182.013000 Z-0.125000
G01 X174.599000 Y181.207900 Z-0.125000
G01 X174.599000 Y177.960800 Z-0.125000
G00 Z5.000000

(End cutting path id: path806)


(Start cutting path id: path806)
(Change tool to Default tool)

G00 Z5.000000
G00 X166.598000 Y182.458600

G01 Z-0.125000 F100.0(Penetrate)
G01 X169.195000 Y182.465600 Z-0.125000 F400.000000
G01 X171.786000 Y182.408800 Z-0.125000
G01 X172.313000 Y182.113400 Z-0.125000
G01 X172.591000 Y181.610600 Z-0.125000
G01 X172.666000 Y180.408600 Z-0.125000
G01 X172.682000 Y178.883400 Z-0.125000
G01 X172.671000 Y178.123400 Z-0.125000
G01 X172.536000 Y177.383800 Z-0.125000
G01 X172.044000 Y176.872300 Z-0.125000
G01 X171.369000 Y176.710300 Z-0.125000
G01 X169.914000 Y176.718400 Z-0.125000
G01 X168.333000 Y176.707200 Z-0.125000
G01 X166.766000 Y176.804300 Z-0.125000
G01 X166.384000 Y177.009900 Z-0.125000
G01 X166.136000 Y177.328100 Z-0.125000
G01 X166.012000 Y178.130700 Z-0.125000
G01 X166.348000 Y178.869400 Z-0.125000
G01 X166.673000 Y179.107800 Z-0.125000
G01 X167.096000 Y179.201700 Z-0.125000
G01 X171.150000 Y179.212500 Z-0.125000
G01 X171.174000 Y180.174700 Z-0.125000
G01 X171.154000 Y180.624500 Z-0.125000
G01 X170.950000 Y180.890200 Z-0.125000
G01 X168.660000 Y180.901900 Z-0.125000
G01 X166.380000 Y180.785100 Z-0.125000
G01 X165.629000 Y180.466600 Z-0.125000
G01 X165.040000 Y179.942400 Z-0.125000
G01 X164.620000 Y179.269000 Z-0.125000
G01 X164.381000 Y178.502800 Z-0.125000
G01 X164.331000 Y177.700200 Z-0.125000
G01 X164.481000 Y176.917700 Z-0.125000
G01 X164.838000 Y176.211700 Z-0.125000
G01 X165.413000 Y175.638500 Z-0.125000
G01 X166.467000 Y175.154400 Z-0.125000
G01 X167.612000 Y175.020500 Z-0.125000
G01 X169.954000 Y175.038700 Z-0.125000
G01 X171.933000 Y175.092500 Z-0.125000
G01 X172.857000 Y175.374100 Z-0.125000
G01 X173.623000 Y175.998600 Z-0.125000
G01 X174.181000 Y177.036900 Z-0.125000
G01 X174.349000 Y178.192400 Z-0.125000
G01 X174.336000 Y180.572300 Z-0.125000
G01 X174.333000 Y181.492600 Z-0.125000
G01 X174.109000 Y182.383100 Z-0.125000
G01 X173.645000 Y183.157700 Z-0.125000
G01 X172.923000 Y183.730100 Z-0.125000
G01 X171.890000 Y184.073800 Z-0.125000
G01 X170.803000 Y184.150600 Z-0.125000
G01 X168.604000 Y184.128500 Z-0.125000
G01 X166.598000 Y184.128500 Z-0.125000
G01 X166.598000 Y182.458600 Z-0.125000
G01 X166.598000 Y182.458600 Z-0.125000
G00 Z5.000000

(End cutting path id: path806)


(Start cutting path id: path806)
(Change tool to Default tool)

G00 Z5.000000
G00 X164.276000 Y184.392800

G01 Z-0.125000 F100.0(Penetrate)
G01 X163.083000 Y181.955200 Z-0.125000 F400.000000
G01 X161.740000 Y179.695600 Z-0.125000
G01 X160.317000 Y177.720600 Z-0.125000
G01 X158.867000 Y176.163700 Z-0.125000
G01 X157.470000 Y175.140600 Z-0.125000
G01 X156.812000 Y174.867100 Z-0.125000
G01 X156.189000 Y174.775900 Z-0.125000
G01 X155.726000 Y174.864800 Z-0.125000
G01 X155.353000 Y175.105000 Z-0.125000
G01 X155.103000 Y175.478700 Z-0.125000
G01 X155.014000 Y175.941300 Z-0.125000
G01 X155.014000 Y180.256000 Z-0.125000
G01 X150.424000 Y175.122800 Z-0.125000
G01 X150.032000 Y174.855900 Z-0.125000
G01 X149.605000 Y174.775900 Z-0.125000
G01 X149.152000 Y174.864800 Z-0.125000
G01 X148.787000 Y175.105000 Z-0.125000
G01 X148.529000 Y175.478700 Z-0.125000
G01 X148.440000 Y175.941300 Z-0.125000
G01 X148.440000 Y184.392800 Z-0.125000
G01 X150.753000 Y184.392800 Z-0.125000
G01 X150.753000 Y178.912700 Z-0.125000
G01 X155.361000 Y184.063600 Z-0.125000
G01 X155.948000 Y184.375000 Z-0.125000
G01 X156.625000 Y184.303800 Z-0.125000
G01 X157.141000 Y183.876800 Z-0.125000
G01 X157.336000 Y183.245200 Z-0.125000
G01 X157.336000 Y177.747200 Z-0.125000
G01 X158.689000 Y179.268500 Z-0.125000
G01 X159.810000 Y180.914300 Z-0.125000
G01 X160.788000 Y182.640200 Z-0.125000
G01 X161.687000 Y184.392800 Z-0.125000
G01 X164.276000 Y184.392800 Z-0.125000
G00 Z5.000000

(End cutting path id: path806)


(Start cutting path id: path806)
(Change tool to Default tool)

G00 Z5.000000
G00 X156.002000 Y184.114800

G01 Z-0.125000 F100.0(Penetrate)
G01 X155.477000 Y183.793900 Z-0.125000 F400.000000
G01 X155.043000 Y183.340300 Z-0.125000
G01 X154.214000 Y182.383800 Z-0.125000
G01 X150.490000 Y178.218400 Z-0.125000
G01 X150.490000 Y184.128500 Z-0.125000
G01 X149.534000 Y184.141000 Z-0.125000
G01 X148.703000 Y184.028500 Z-0.125000
G01 X148.725000 Y175.753500 Z-0.125000
G01 X149.001000 Y175.266900 Z-0.125000
G01 X149.497000 Y175.063800 Z-0.125000
G01 X150.035000 Y175.152100 Z-0.125000
G01 X150.442000 Y175.539600 Z-0.125000
G01 X155.277000 Y180.948800 Z-0.125000
G01 X155.327000 Y175.657600 Z-0.125000
G01 X155.759000 Y175.152300 Z-0.125000
G01 X156.392000 Y175.056800 Z-0.125000
G01 X157.077000 Y175.238400 Z-0.125000
G01 X157.664000 Y175.564100 Z-0.125000
G01 X159.291000 Y176.957900 Z-0.125000
G01 X160.669000 Y178.600000 Z-0.125000
G01 X161.864000 Y180.399100 Z-0.125000
G01 X162.944000 Y182.263700 Z-0.125000
G01 X163.859000 Y184.128500 Z-0.125000
G01 X161.852000 Y184.128500 Z-0.125000
G01 X159.786000 Y180.389200 Z-0.125000
G01 X158.539000 Y178.661400 Z-0.125000
G01 X157.072000 Y177.109000 Z-0.125000
G01 X157.033000 Y183.501600 Z-0.125000
G01 X156.633000 Y184.003500 Z-0.125000
G01 X156.002000 Y184.114800 Z-0.125000
G01 X156.002000 Y184.114800 Z-0.125000
G00 Z5.000000

(End cutting path id: path806)


(Start cutting path id: path806)
(Change tool to Default tool)

G00 Z5.000000
G00 X146.247000 Y178.023000

G01 Z-0.125000 F100.0(Penetrate)
G01 X146.096000 Y176.946600 Z-0.125000 F400.000000
G01 X145.696000 Y176.110300 Z-0.125000
G01 X145.118000 Y175.496500 Z-0.125000
G01 X144.424000 Y175.087200 Z-0.125000
G01 X143.694000 Y174.847000 Z-0.125000
G01 X143.000000 Y174.775900 Z-0.125000
G01 X138.828000 Y174.775900 Z-0.125000
G01 X137.760000 Y174.927100 Z-0.125000
G01 X136.924000 Y175.327400 Z-0.125000
G01 X136.310000 Y175.914600 Z-0.125000
G01 X135.901000 Y176.599600 Z-0.125000
G01 X135.661000 Y177.329100 Z-0.125000
G01 X135.590000 Y178.023000 Z-0.125000
G01 X135.590000 Y181.154600 Z-0.125000
G01 X135.670000 Y181.975200 Z-0.125000
G01 X135.910000 Y182.658000 Z-0.125000
G01 X136.719000 Y183.663300 Z-0.125000
G01 X137.778000 Y184.223800 Z-0.125000
G01 X138.828000 Y184.392800 Z-0.125000
G01 X143.000000 Y184.392800 Z-0.125000
G01 X143.000000 Y182.079800 Z-0.125000
G01 X138.846000 Y182.079800 Z-0.125000
G01 X138.143000 Y181.839600 Z-0.125000
G01 X137.963000 Y181.552700 Z-0.125000
G01 X137.903000 Y181.154600 Z-0.125000
G01 X137.903000 Y178.040800 Z-0.125000
G01 X138.134000 Y177.329100 Z-0.125000
G01 X138.828000 Y177.088900 Z-0.125000
G01 X143.000000 Y177.088900 Z-0.125000
G01 X143.412000 Y177.149000 Z-0.125000
G01 X143.703000 Y177.329100 Z-0.125000
G01 X143.934000 Y178.023000 Z-0.125000
G01 X143.934000 Y188.458400 Z-0.125000
G01 X146.247000 Y188.458400 Z-0.125000
G01 X146.247000 Y178.023000 Z-0.125000
G00 Z5.000000

(End cutting path id: path806)


(Start cutting path id: path806)
(Change tool to Default tool)

G00 Z5.000000
G00 X144.197000 Y178.023000

G01 Z-0.125000 F100.0(Penetrate)
G01 X144.116000 Y177.491300 Z-0.125000 F400.000000
G01 X143.802000 Y177.085500 Z-0.125000
G01 X143.336000 Y176.849100 Z-0.125000
G01 X142.800000 Y176.825800 Z-0.125000
G01 X140.579000 Y176.816800 Z-0.125000
G01 X138.365000 Y176.890200 Z-0.125000
G01 X137.829000 Y177.308700 Z-0.125000
G01 X137.642000 Y177.943100 Z-0.125000
G01 X137.639000 Y179.340600 Z-0.125000
G01 X137.617000 Y180.718100 Z-0.125000
G01 X137.666000 Y181.394600 Z-0.125000
G01 X137.938000 Y182.007400 Z-0.125000
G01 X138.552000 Y182.306400 Z-0.125000
G01 X139.240000 Y182.365300 Z-0.125000
G01 X140.646000 Y182.343400 Z-0.125000
G01 X142.736000 Y182.343400 Z-0.125000
G01 X142.749000 Y183.298500 Z-0.125000
G01 X142.636000 Y184.128500 Z-0.125000
G01 X140.367000 Y184.139400 Z-0.125000
G01 X138.107000 Y184.038700 Z-0.125000
G01 X137.116000 Y183.629100 Z-0.125000
G01 X136.368000 Y182.881300 Z-0.125000
G01 X135.926000 Y181.913100 Z-0.125000
G01 X135.854000 Y180.842200 Z-0.125000
G01 X135.833000 Y178.559200 Z-0.125000
G01 X135.928000 Y177.434500 Z-0.125000
G01 X136.318000 Y176.372700 Z-0.125000
G01 X136.935000 Y175.649200 Z-0.125000
G01 X137.758000 Y175.219500 Z-0.125000
G01 X138.691000 Y175.032900 Z-0.125000
G01 X139.638000 Y175.038700 Z-0.125000
G01 X141.826000 Y175.022800 Z-0.125000
G01 X142.918000 Y175.044800 Z-0.125000
G01 X143.994000 Y175.202700 Z-0.125000
G01 X144.896000 Y175.656700 Z-0.125000
G01 X145.551000 Y176.399500 Z-0.125000
G01 X145.925000 Y177.326500 Z-0.125000
G01 X145.984000 Y178.332800 Z-0.125000
G01 X145.984000 Y188.194900 Z-0.125000
G01 X145.028000 Y188.207400 Z-0.125000
G01 X144.197000 Y188.094900 Z-0.125000
G01 X144.197000 Y178.023000 Z-0.125000
G01 X144.197000 Y178.023000 Z-0.125000
G00 Z5.000000

(End cutting path id: path806)


(Start cutting path id: path806)
(Change tool to Default tool)

G00 Z5.000000
G00 X134.224000 Y182.079800

G01 Z-0.125000 F100.0(Penetrate)
G01 X129.020000 Y182.079800 Z-0.125000 F400.000000
G01 X128.606000 Y182.019700 Z-0.125000
G01 X128.308000 Y181.839600 Z-0.125000
G01 X128.128000 Y181.552700 Z-0.125000
G01 X128.068000 Y181.154500 Z-0.125000
G01 X128.068000 Y174.775900 Z-0.125000
G01 X125.755000 Y174.775900 Z-0.125000
G01 X125.755000 Y181.154600 Z-0.125000
G01 X125.906000 Y182.222100 Z-0.125000
G01 X126.307000 Y183.049500 Z-0.125000
G01 X126.894000 Y183.663300 Z-0.125000
G01 X127.579000 Y184.081400 Z-0.125000
G01 X128.308000 Y184.312700 Z-0.125000
G01 X129.002000 Y184.392800 Z-0.125000
G01 X134.224000 Y184.392800 Z-0.125000
G01 X134.224000 Y182.079800 Z-0.125000
G00 Z5.000000

(End cutting path id: path806)


(Start cutting path id: path806)
(Change tool to Default tool)

G00 Z5.000000
G00 X128.713000 Y184.110900

G01 Z-0.125000 F100.0(Penetrate)
G01 X127.642000 Y183.824100 Z-0.125000 F400.000000
G01 X126.762000 Y183.168300 Z-0.125000
G01 X126.184000 Y182.242600 Z-0.125000
G01 X126.020000 Y181.146100 Z-0.125000
G01 X126.020000 Y175.038700 Z-0.125000
G01 X126.975000 Y175.026100 Z-0.125000
G01 X127.805000 Y175.138700 Z-0.125000
G01 X127.850000 Y181.526500 Z-0.125000
G01 X128.174000 Y182.072000 Z-0.125000
G01 X128.732000 Y182.308600 Z-0.125000
G01 X130.020000 Y182.343400 Z-0.125000
G01 X133.961000 Y182.343400 Z-0.125000
G01 X133.973000 Y183.298500 Z-0.125000
G01 X133.861000 Y184.128500 Z-0.125000
G01 X128.713000 Y184.110900 Z-0.125000
G01 X128.713000 Y184.110900 Z-0.125000
G00 Z5.000000

(End cutting path id: path806)


(Start cutting path id: path806)
(Change tool to Default tool)

G00 Z5.000000
G00 X123.847000 Y177.960800

G01 Z-0.125000 F100.0(Penetrate)
G01 X123.678000 Y176.919900 Z-0.125000 F400.000000
G01 X123.126000 Y175.887900 Z-0.125000
G01 X122.139000 Y175.096100 Z-0.125000
G01 X121.467000 Y174.855900 Z-0.125000
G01 X120.662000 Y174.775900 Z-0.125000
G01 X116.490000 Y174.775900 Z-0.125000
G01 X115.449000 Y174.944900 Z-0.125000
G01 X114.417000 Y175.487600 Z-0.125000
G01 X113.625000 Y176.475100 Z-0.125000
G01 X113.385000 Y177.153400 Z-0.125000
G01 X113.305000 Y177.960800 Z-0.125000
G01 X113.474000 Y179.001600 Z-0.125000
G01 X114.017000 Y180.033600 Z-0.125000
G01 X115.004000 Y180.834300 Z-0.125000
G01 X115.682000 Y181.074500 Z-0.125000
G01 X116.490000 Y181.154500 Z-0.125000
G01 X120.662000 Y181.154500 Z-0.125000
G01 X120.662000 Y178.948300 Z-0.125000
G01 X116.490000 Y178.948300 Z-0.125000
G01 X116.072000 Y178.874900 Z-0.125000
G01 X115.760000 Y178.654700 Z-0.125000
G01 X115.502000 Y177.943000 Z-0.125000
G01 X115.576000 Y177.538200 Z-0.125000
G01 X115.796000 Y177.231300 Z-0.125000
G01 X116.508000 Y176.982200 Z-0.125000
G01 X120.662000 Y176.982200 Z-0.125000
G01 X121.080000 Y177.053300 Z-0.125000
G01 X121.392000 Y177.266900 Z-0.125000
G01 X121.650000 Y177.978600 Z-0.125000
G01 X121.650000 Y181.207900 Z-0.125000
G01 X121.579000 Y181.614900 Z-0.125000
G01 X121.365000 Y181.928500 Z-0.125000
G01 X121.051000 Y182.128700 Z-0.125000
G01 X120.662000 Y182.195400 Z-0.125000
G01 X115.582000 Y182.195400 Z-0.125000
G01 X115.582000 Y184.392800 Z-0.125000
G01 X120.662000 Y184.392800 Z-0.125000
G01 X121.694000 Y184.223800 Z-0.125000
G01 X122.726000 Y183.672200 Z-0.125000
G01 X123.527000 Y182.684700 Z-0.125000
G01 X123.767000 Y182.013000 Z-0.125000
G01 X123.847000 Y181.207900 Z-0.125000
G01 X123.847000 Y177.960800 Z-0.125000
G00 Z5.000000

(End cutting path id: path806)


(Start cutting path id: path806)
(Change tool to Default tool)

G00 Z5.000000
G00 X115.846000 Y182.458600

G01 Z-0.125000 F100.0(Penetrate)
G01 X118.443000 Y182.465600 Z-0.125000 F400.000000
G01 X121.034000 Y182.408500 Z-0.125000
G01 X121.561000 Y182.113000 Z-0.125000
G01 X121.839000 Y181.610400 Z-0.125000
G01 X121.914000 Y180.408600 Z-0.125000
G01 X121.930000 Y178.882100 Z-0.125000
G01 X121.919000 Y178.121600 Z-0.125000
G01 X121.781000 Y177.382200 Z-0.125000
G01 X121.290000 Y176.871200 Z-0.125000
G01 X120.616000 Y176.710000 Z-0.125000
G01 X119.162000 Y176.718400 Z-0.125000
G01 X117.582000 Y176.707100 Z-0.125000
G01 X116.016000 Y176.804300 Z-0.125000
G01 X115.634000 Y177.009200 Z-0.125000
G01 X115.384000 Y177.327200 Z-0.125000
G01 X115.259000 Y178.130100 Z-0.125000
G01 X115.595000 Y178.869500 Z-0.125000
G01 X115.920000 Y179.108000 Z-0.125000
G01 X116.344000 Y179.201700 Z-0.125000
G01 X120.398000 Y179.212500 Z-0.125000
G01 X120.422000 Y180.174700 Z-0.125000
G01 X120.402000 Y180.624500 Z-0.125000
G01 X120.198000 Y180.890200 Z-0.125000
G01 X117.907000 Y180.901900 Z-0.125000
G01 X115.626000 Y180.785000 Z-0.125000
G01 X114.876000 Y180.466400 Z-0.125000
G01 X114.286000 Y179.942500 Z-0.125000
G01 X113.867000 Y179.269600 Z-0.125000
G01 X113.628000 Y178.504000 Z-0.125000
G01 X113.579000 Y177.702000 Z-0.125000
G01 X113.727000 Y176.920100 Z-0.125000
G01 X114.084000 Y176.214400 Z-0.125000
G01 X114.658000 Y175.641300 Z-0.125000
G01 X115.712000 Y175.155100 Z-0.125000
G01 X116.858000 Y175.020500 Z-0.125000
G01 X119.202000 Y175.038700 Z-0.125000
G01 X121.187000 Y175.093500 Z-0.125000
G01 X122.113000 Y175.378300 Z-0.125000
G01 X122.879000 Y176.008000 Z-0.125000
G01 X123.432000 Y177.045800 Z-0.125000
G01 X123.597000 Y178.198800 Z-0.125000
G01 X123.584000 Y180.572300 Z-0.125000
G01 X123.577000 Y181.514600 Z-0.125000
G01 X123.337000 Y182.422400 Z-0.125000
G01 X122.848000 Y183.205900 Z-0.125000
G01 X122.096000 Y183.775000 Z-0.125000
G01 X121.074000 Y184.083800 Z-0.125000
G01 X120.007000 Y184.149900 Z-0.125000
G01 X117.852000 Y184.128500 Z-0.125000
G01 X115.846000 Y184.128500 Z-0.125000
G01 X115.846000 Y182.458600 Z-0.125000
G01 X115.846000 Y182.458600 Z-0.125000
G00 Z5.000000

(End cutting path id: path806)


(Start cutting path id: path806)
(Change tool to Default tool)

G00 Z5.000000
G00 X101.095000 Y182.320000

G01 Z-0.125000 F100.0(Penetrate)
G01 X109.217000 Y182.320000 Z-0.125000 F400.000000
G01 X109.217000 Y187.533200 Z-0.125000
G01 X111.530000 Y187.533200 Z-0.125000
G01 X111.530000 Y174.775900 Z-0.125000
G01 X109.217000 Y174.775900 Z-0.125000
G01 X109.217000 Y179.989100 Z-0.125000
G01 X101.095000 Y179.989100 Z-0.125000
G01 X101.095000 Y174.775900 Z-0.125000
G01 X98.782000 Y174.775900 Z-0.125000
G01 X98.782000 Y187.533200 Z-0.125000
G01 X101.095000 Y187.533200 Z-0.125000
G01 X101.095000 Y182.320000 Z-0.125000
G00 Z5.000000

(End cutting path id: path806)


(Start cutting path id: path806)
(Change tool to Default tool)

G00 Z5.000000
G00 X99.044900 Y175.038700

G01 Z-0.125000 F100.0(Penetrate)
G01 X100.001000 Y175.026100 Z-0.125000 F400.000000
G01 X100.832000 Y175.138700 Z-0.125000
G01 X100.832000 Y180.253500 Z-0.125000
G01 X109.480000 Y180.253500 Z-0.125000
G01 X109.480000 Y175.038700 Z-0.125000
G01 X110.437000 Y175.026100 Z-0.125000
G01 X111.268000 Y175.138700 Z-0.125000
G01 X111.268000 Y187.269100 Z-0.125000
G01 X110.312000 Y187.281700 Z-0.125000
G01 X109.480000 Y187.169100 Z-0.125000
G01 X109.480000 Y182.056200 Z-0.125000
G01 X100.832000 Y182.056200 Z-0.125000
G01 X100.832000 Y187.269100 Z-0.125000
G01 X99.876000 Y187.281700 Z-0.125000
G01 X99.044900 Y187.169100 Z-0.125000
G01 X99.044900 Y175.038700 Z-0.125000
G01 X99.044900 Y175.038700 Z-0.125000
G00 Z5.000000

(End cutting path id: path806)


(Start cutting path id: path806)
(Change tool to Default tool)

G00 Z5.000000
G00 X90.402300 Y173.850700

G01 Z-0.125000 F100.0(Penetrate)
G01 X90.251000 Y172.783100 Z-0.125000 F400.000000
G01 X89.850700 Y171.946800 Z-0.125000
G01 X89.272400 Y171.333000 Z-0.125000
G01 X88.578500 Y170.914900 Z-0.125000
G01 X87.857900 Y170.683600 Z-0.125000
G01 X87.164000 Y170.603500 Z-0.125000
G01 X82.991600 Y170.603500 Z-0.125000
G01 X82.991600 Y172.916500 Z-0.125000
G01 X87.164000 Y172.916500 Z-0.125000
G01 X87.568800 Y172.976600 Z-0.125000
G01 X87.857900 Y173.156700 Z-0.125000
G01 X88.089200 Y173.850700 Z-0.125000
G01 X88.089200 Y184.392800 Z-0.125000
G01 X90.402300 Y184.392800 Z-0.125000
G01 X90.402300 Y173.850700 Z-0.125000
G00 Z5.000000

(End cutting path id: path806)


(Start cutting path id: path806)
(Change tool to Default tool)

G00 Z5.000000
G00 X88.353500 Y173.851200

G01 Z-0.125000 F100.0(Penetrate)
G01 X88.271400 Y173.321700 Z-0.125000 F400.000000
G01 X87.960200 Y172.915600 Z-0.125000
G01 X87.498300 Y172.677400 Z-0.125000
G01 X86.964100 Y172.652000 Z-0.125000
G01 X83.255900 Y172.652000 Z-0.125000
G01 X83.243300 Y171.696800 Z-0.125000
G01 X83.355900 Y170.866800 Z-0.125000
G01 X85.638100 Y170.855100 Z-0.125000
G01 X87.909400 Y170.969600 Z-0.125000
G01 X88.875400 Y171.366200 Z-0.125000
G01 X89.608400 Y172.086700 Z-0.125000
G01 X90.049200 Y173.021500 Z-0.125000
G01 X90.138700 Y174.060900 Z-0.125000
G01 X90.138700 Y184.128500 Z-0.125000
G01 X89.183500 Y184.141100 Z-0.125000
G01 X88.353500 Y184.028500 Z-0.125000
G01 X88.353500 Y173.851200 Z-0.125000
G01 X88.353500 Y173.851200 Z-0.125000
G00 Z5.000000

(End cutting path id: path806)


(Start cutting path id: path806)
(Change tool to Default tool)

G00 Z5.000000
G00 X87.164000 Y174.775900

G01 Z-0.125000 F100.0(Penetrate)
G01 X82.991600 Y174.775900 Z-0.125000 F400.000000
G01 X81.924100 Y174.944900 Z-0.125000
G01 X80.874300 Y175.496500 Z-0.125000
G01 X80.064700 Y176.501800 Z-0.125000
G01 X79.824500 Y177.193500 Z-0.125000
G01 X79.744500 Y178.023000 Z-0.125000
G01 X79.744500 Y184.392800 Z-0.125000
G01 X82.057500 Y184.392800 Z-0.125000
G01 X82.057500 Y178.023000 Z-0.125000
G01 X82.297700 Y177.329100 Z-0.125000
G01 X82.595700 Y177.149000 Z-0.125000
G01 X83.009400 Y177.088900 Z-0.125000
G01 X87.164000 Y177.088900 Z-0.125000
G01 X87.164000 Y174.775900 Z-0.125000
G00 Z5.000000

(End cutting path id: path806)


(Start cutting path id: path806)
(Change tool to Default tool)

G00 Z5.000000
G00 X80.007800 Y178.034800

G01 Z-0.125000 F100.0(Penetrate)
G01 X80.183400 Y176.893400 Z-0.125000 F400.000000
G01 X80.803900 Y175.940200 Z-0.125000
G01 X81.741800 Y175.286800 Z-0.125000
G01 X82.869400 Y175.045100 Z-0.125000
G01 X86.900400 Y175.038600 Z-0.125000
G01 X86.912900 Y175.994700 Z-0.125000
G01 X86.800400 Y176.825700 Z-0.125000
G01 X84.650600 Y176.816100 Z-0.125000
G01 X82.509800 Y176.896100 Z-0.125000
G01 X81.982400 Y177.315800 Z-0.125000
G01 X81.796400 Y177.942700 Z-0.125000
G01 X81.793000 Y179.323000 Z-0.125000
G01 X81.793000 Y184.128500 Z-0.125000
G01 X80.837800 Y184.141000 Z-0.125000
G01 X80.007800 Y184.028500 Z-0.125000
G01 X80.007800 Y178.034700 Z-0.125000
G01 X80.007800 Y178.034800 Z-0.125000
G00 Z5.000000

(End cutting path id: path806)


(Start cutting path id: path806)
(Change tool to Default tool)

G00 Z5.000000
G00 X77.836500 Y178.023000

G01 Z-0.125000 F100.0(Penetrate)
G01 X77.685300 Y176.946600 Z-0.125000 F400.000000
G01 X77.284900 Y176.110300 Z-0.125000
G01 X76.706700 Y175.496500 Z-0.125000
G01 X76.012800 Y175.087200 Z-0.125000
G01 X75.292200 Y174.847000 Z-0.125000
G01 X74.598200 Y174.775900 Z-0.125000
G01 X70.425900 Y174.775900 Z-0.125000
G01 X70.425900 Y177.088900 Z-0.125000
G01 X74.598200 Y177.088900 Z-0.125000
G01 X75.003000 Y177.149000 Z-0.125000
G01 X75.292200 Y177.329100 Z-0.125000
G01 X75.523500 Y178.023000 Z-0.125000
G01 X75.523500 Y181.136800 Z-0.125000
G01 X75.463400 Y181.554900 Z-0.125000
G01 X75.283300 Y181.848500 Z-0.125000
G01 X74.598200 Y182.079800 Z-0.125000
G01 X70.443700 Y182.079800 Z-0.125000
G01 X70.030000 Y182.019700 Z-0.125000
G01 X69.732000 Y181.839600 Z-0.125000
G01 X69.551800 Y181.552700 Z-0.125000
G01 X69.491700 Y181.154600 Z-0.125000
G01 X69.491700 Y171.768900 Z-0.125000
G01 X67.178700 Y171.768900 Z-0.125000
G01 X67.178700 Y181.154600 Z-0.125000
G01 X67.329900 Y182.222100 Z-0.125000
G01 X67.730300 Y183.049500 Z-0.125000
G01 X68.317400 Y183.663300 Z-0.125000
G01 X69.002500 Y184.081400 Z-0.125000
G01 X69.732000 Y184.312800 Z-0.125000
G01 X70.425900 Y184.392800 Z-0.125000
G01 X74.598200 Y184.392800 Z-0.125000
G01 X75.665800 Y184.241600 Z-0.125000
G01 X76.493200 Y183.841200 Z-0.125000
G01 X77.107000 Y183.263000 Z-0.125000
G01 X77.525100 Y182.569100 Z-0.125000
G01 X77.756400 Y181.848500 Z-0.125000
G01 X77.836500 Y181.154600 Z-0.125000
G01 X77.836500 Y178.023000 Z-0.125000
G00 Z5.000000

(End cutting path id: path806)


(Start cutting path id: path806)
(Change tool to Default tool)

G00 Z5.000000
G00 X70.136700 Y184.110900

G01 Z-0.125000 F100.0(Penetrate)
G01 X69.065300 Y183.824100 Z-0.125000 F400.000000
G01 X68.185500 Y183.167700 Z-0.125000
G01 X67.607400 Y182.241200 Z-0.125000
G01 X67.441400 Y181.144100 Z-0.125000
G01 X67.441400 Y172.032800 Z-0.125000
G01 X68.397500 Y172.020300 Z-0.125000
G01 X69.228500 Y172.132800 Z-0.125000
G01 X69.250000 Y181.431200 Z-0.125000
G01 X69.491000 Y181.970900 Z-0.125000
G01 X69.967800 Y182.259100 Z-0.125000
G01 X71.143400 Y182.343400 Z-0.125000
G01 X73.117200 Y182.353200 Z-0.125000
G01 X75.082000 Y182.273000 Z-0.125000
G01 X75.605100 Y181.849900 Z-0.125000
G01 X75.785400 Y181.219500 Z-0.125000
G01 X75.787100 Y179.836300 Z-0.125000
G01 X75.808500 Y178.446900 Z-0.125000
G01 X75.757400 Y177.764700 Z-0.125000
G01 X75.484400 Y177.144100 Z-0.125000
G01 X74.871100 Y176.858000 Z-0.125000
G01 X74.189100 Y176.803800 Z-0.125000
G01 X72.797700 Y176.825800 Z-0.125000
G01 X70.689400 Y176.825800 Z-0.125000
G01 X70.676900 Y175.869700 Z-0.125000
G01 X70.789400 Y175.038700 Z-0.125000
G01 X73.064000 Y175.028000 Z-0.125000
G01 X75.328700 Y175.132000 Z-0.125000
G01 X76.301100 Y175.529300 Z-0.125000
G01 X77.040300 Y176.249900 Z-0.125000
G01 X77.484600 Y177.186800 Z-0.125000
G01 X77.572300 Y178.232800 Z-0.125000
G01 X77.593900 Y180.554500 Z-0.125000
G01 X77.501000 Y181.699500 Z-0.125000
G01 X77.115200 Y182.782800 Z-0.125000
G01 X76.500600 Y183.511800 Z-0.125000
G01 X75.675400 Y183.946300 Z-0.125000
G01 X74.738300 Y184.135500 Z-0.125000
G01 X73.787900 Y184.128500 Z-0.125000
G01 X70.136700 Y184.110900 Z-0.125000
G01 X70.136700 Y184.110900 Z-0.125000
G00 Z5.000000

(End cutting path id: path806)


(Start cutting path id: path806)
(Change tool to Default tool)

G00 Z5.000000
G00 X65.270800 Y178.023000

G01 Z-0.125000 F100.0(Penetrate)
G01 X65.119500 Y176.946600 Z-0.125000 F400.000000
G01 X64.719200 Y176.110300 Z-0.125000
G01 X64.140900 Y175.496500 Z-0.125000
G01 X63.447000 Y175.087200 Z-0.125000
G01 X62.726400 Y174.847000 Z-0.125000
G01 X62.032500 Y174.775900 Z-0.125000
G01 X57.860100 Y174.775900 Z-0.125000
G01 X57.860100 Y177.088900 Z-0.125000
G01 X62.032500 Y177.088900 Z-0.125000
G01 X62.437300 Y177.149000 Z-0.125000
G01 X62.726400 Y177.329100 Z-0.125000
G01 X62.957700 Y178.023000 Z-0.125000
G01 X62.957700 Y181.136800 Z-0.125000
G01 X62.897700 Y181.554900 Z-0.125000
G01 X62.717500 Y181.848500 Z-0.125000
G01 X62.032500 Y182.079800 Z-0.125000
G01 X57.877900 Y182.079800 Z-0.125000
G01 X57.464200 Y182.019700 Z-0.125000
G01 X57.166200 Y181.839600 Z-0.125000
G01 X56.986000 Y181.552700 Z-0.125000
G01 X56.926000 Y181.154600 Z-0.125000
G01 X56.926000 Y171.768900 Z-0.125000
G01 X54.612900 Y171.768900 Z-0.125000
G01 X54.612900 Y181.154600 Z-0.125000
G01 X54.764200 Y182.222100 Z-0.125000
G01 X55.164500 Y183.049500 Z-0.125000
G01 X55.751700 Y183.663300 Z-0.125000
G01 X56.436700 Y184.081400 Z-0.125000
G01 X57.166200 Y184.312800 Z-0.125000
G01 X57.860100 Y184.392800 Z-0.125000
G01 X62.032500 Y184.392800 Z-0.125000
G01 X63.100100 Y184.241600 Z-0.125000
G01 X63.927400 Y183.841200 Z-0.125000
G01 X64.541300 Y183.263000 Z-0.125000
G01 X64.959400 Y182.569100 Z-0.125000
G01 X65.190700 Y181.848500 Z-0.125000
G01 X65.270800 Y181.154600 Z-0.125000
G01 X65.270800 Y178.023000 Z-0.125000
G00 Z5.000000

(End cutting path id: path806)


(Start cutting path id: path806)
(Change tool to Default tool)

G00 Z5.000000
G00 X57.570300 Y184.110900

G01 Z-0.125000 F100.0(Penetrate)
G01 X56.499200 Y183.824200 Z-0.125000 F400.000000
G01 X55.619400 Y183.167700 Z-0.125000
G01 X55.041600 Y182.241100 Z-0.125000
G01 X54.877000 Y181.144100 Z-0.125000
G01 X54.877000 Y172.032800 Z-0.125000
G01 X55.832100 Y172.020300 Z-0.125000
G01 X56.662100 Y172.132800 Z-0.125000
G01 X56.683600 Y181.429300 Z-0.125000
G01 X56.923600 Y181.969800 Z-0.125000
G01 X57.400500 Y182.258600 Z-0.125000
G01 X58.576900 Y182.343400 Z-0.125000
G01 X60.551800 Y182.353200 Z-0.125000
G01 X62.517600 Y182.273000 Z-0.125000
G01 X63.040500 Y181.849200 Z-0.125000
G01 X63.219900 Y181.219200 Z-0.125000
G01 X63.220700 Y179.836300 Z-0.125000
G01 X63.242200 Y178.446400 Z-0.125000
G01 X63.191400 Y177.764000 Z-0.125000
G01 X62.918000 Y177.144100 Z-0.125000
G01 X62.305200 Y176.857800 Z-0.125000
G01 X61.623800 Y176.803700 Z-0.125000
G01 X60.233200 Y176.825800 Z-0.125000
G01 X58.123000 Y176.825800 Z-0.125000
G01 X58.110500 Y175.869700 Z-0.125000
G01 X58.223000 Y175.038700 Z-0.125000
G01 X60.497600 Y175.028000 Z-0.125000
G01 X62.762400 Y175.131800 Z-0.125000
G01 X63.711700 Y175.516500 Z-0.125000
G01 X64.445700 Y176.209700 Z-0.125000
G01 X64.899300 Y177.114200 Z-0.125000
G01 X65.007800 Y178.132800 Z-0.125000
G01 X65.028300 Y180.327800 Z-0.125000
G01 X64.976800 Y181.417900 Z-0.125000
G01 X64.712900 Y182.474200 Z-0.125000
G01 X64.166000 Y183.303200 Z-0.125000
G01 X63.363100 Y183.846200 Z-0.125000
G01 X62.412800 Y184.116700 Z-0.125000
G01 X61.423400 Y184.128500 Z-0.125000
G01 X57.570300 Y184.110900 Z-0.125000
G01 X57.570300 Y184.110900 Z-0.125000
G00 Z5.000000

(End cutting path id: path806)


(Start cutting path id: path806)
(Change tool to Default tool)

G00 Z5.000000
G00 X52.705000 Y177.960800

G01 Z-0.125000 F100.0(Penetrate)
G01 X52.536000 Y176.919900 Z-0.125000 F400.000000
G01 X51.984400 Y175.887900 Z-0.125000
G01 X50.996900 Y175.096100 Z-0.125000
G01 X50.325200 Y174.855900 Z-0.125000
G01 X49.520100 Y174.775900 Z-0.125000
G01 X45.347700 Y174.775900 Z-0.125000
G01 X44.306900 Y174.944900 Z-0.125000
G01 X43.274900 Y175.487600 Z-0.125000
G01 X42.483100 Y176.475100 Z-0.125000
G01 X42.242900 Y177.153400 Z-0.125000
G01 X42.162800 Y177.960800 Z-0.125000
G01 X42.331900 Y179.001600 Z-0.125000
G01 X42.874500 Y180.033600 Z-0.125000
G01 X43.862000 Y180.834300 Z-0.125000
G01 X44.540400 Y181.074500 Z-0.125000
G01 X45.347700 Y181.154600 Z-0.125000
G01 X49.520100 Y181.154600 Z-0.125000
G01 X49.520100 Y178.948300 Z-0.125000
G01 X45.347700 Y178.948300 Z-0.125000
G01 X44.929600 Y178.874900 Z-0.125000
G01 X44.618200 Y178.654700 Z-0.125000
G01 X44.360200 Y177.943000 Z-0.125000
G01 X44.433600 Y177.538200 Z-0.125000
G01 X44.653800 Y177.231300 Z-0.125000
G01 X45.365500 Y176.982200 Z-0.125000
G01 X49.520100 Y176.982200 Z-0.125000
G01 X49.938200 Y177.053300 Z-0.125000
G01 X50.249600 Y177.266900 Z-0.125000
G01 X50.507600 Y177.978600 Z-0.125000
G01 X50.507600 Y181.207900 Z-0.125000
G01 X50.436400 Y181.614900 Z-0.125000
G01 X50.222900 Y181.928500 Z-0.125000
G01 X49.909300 Y182.128700 Z-0.125000
G01 X49.520100 Y182.195400 Z-0.125000
G01 X44.440300 Y182.195400 Z-0.125000
G01 X44.440300 Y184.392800 Z-0.125000
G01 X49.520100 Y184.392800 Z-0.125000
G01 X50.552100 Y184.223800 Z-0.125000
G01 X51.584100 Y183.672200 Z-0.125000
G01 X52.384700 Y182.684700 Z-0.125000
G01 X52.624900 Y182.013100 Z-0.125000
G01 X52.705000 Y181.207900 Z-0.125000
G01 X52.705000 Y177.960800 Z-0.125000
G00 Z5.000000

(End cutting path id: path806)


(Start cutting path id: path806)
(Change tool to Default tool)

G00 Z5.000000
G00 X44.703100 Y182.458600

G01 Z-0.125000 F100.0(Penetrate)
G01 X47.300400 Y182.465600 Z-0.125000 F400.000000
G01 X49.891400 Y182.408800 Z-0.125000
G01 X50.418600 Y182.113400 Z-0.125000
G01 X50.696700 Y181.610600 Z-0.125000
G01 X50.771500 Y180.408600 Z-0.125000
G01 X50.787700 Y178.883400 Z-0.125000
G01 X50.776300 Y178.123400 Z-0.125000
G01 X50.641000 Y177.383800 Z-0.125000
G01 X50.149600 Y176.872300 Z-0.125000
G01 X49.474900 Y176.710300 Z-0.125000
G01 X48.019500 Y176.718400 Z-0.125000
G01 X46.438900 Y176.707200 Z-0.125000
G01 X44.871100 Y176.804300 Z-0.125000
G01 X44.489800 Y177.009900 Z-0.125000
G01 X44.241100 Y177.328100 Z-0.125000
G01 X44.117500 Y178.130600 Z-0.125000
G01 X44.453200 Y178.869300 Z-0.125000
G01 X44.778600 Y179.107700 Z-0.125000
G01 X45.201200 Y179.201700 Z-0.125000
G01 X49.255900 Y179.212500 Z-0.125000
G01 X49.279100 Y180.174700 Z-0.125000
G01 X49.259600 Y180.624500 Z-0.125000
G01 X49.055900 Y180.890200 Z-0.125000
G01 X46.765200 Y180.901900 Z-0.125000
G01 X44.485700 Y180.785100 Z-0.125000
G01 X43.734800 Y180.466600 Z-0.125000
G01 X43.145000 Y179.942400 Z-0.125000
G01 X42.725800 Y179.269000 Z-0.125000
G01 X42.486700 Y178.502800 Z-0.125000
G01 X42.437000 Y177.700200 Z-0.125000
G01 X42.586100 Y176.917700 Z-0.125000
G01 X42.943600 Y176.211700 Z-0.125000
G01 X43.518700 Y175.638500 Z-0.125000
G01 X44.572700 Y175.154400 Z-0.125000
G01 X45.717900 Y175.020500 Z-0.125000
G01 X48.059400 Y175.038700 Z-0.125000
G01 X50.038700 Y175.092700 Z-0.125000
G01 X50.962400 Y175.374400 Z-0.125000
G01 X51.728700 Y175.998600 Z-0.125000
G01 X52.286600 Y177.036500 Z-0.125000
G01 X52.454700 Y178.191500 Z-0.125000
G01 X52.441400 Y180.570300 Z-0.125000
G01 X52.437900 Y181.491200 Z-0.125000
G01 X52.214800 Y182.382500 Z-0.125000
G01 X51.751700 Y183.157600 Z-0.125000
G01 X51.028100 Y183.730100 Z-0.125000
G01 X49.995400 Y184.073800 Z-0.125000
G01 X48.908600 Y184.150600 Z-0.125000
G01 X46.709800 Y184.128500 Z-0.125000
G01 X44.703100 Y184.128500 Z-0.125000
G01 X44.703100 Y182.458600 Z-0.125000
G01 X44.703100 Y182.458600 Z-0.125000
G00 Z5.000000

(End cutting path id: path806)


(Start cutting path id: path806)
(Change tool to Default tool)

G00 Z5.000000
G00 X29.952900 Y182.320000

G01 Z-0.125000 F100.0(Penetrate)
G01 X38.075300 Y182.320000 Z-0.125000 F400.000000
G01 X38.075300 Y187.533200 Z-0.125000
G01 X40.388300 Y187.533200 Z-0.125000
G01 X40.388300 Y174.775900 Z-0.125000
G01 X38.075300 Y174.775900 Z-0.125000
G01 X38.075300 Y179.989100 Z-0.125000
G01 X29.952900 Y179.989100 Z-0.125000
G01 X29.952900 Y174.775900 Z-0.125000
G01 X27.639900 Y174.775900 Z-0.125000
G01 X27.639900 Y187.533200 Z-0.125000
G01 X29.952900 Y187.533200 Z-0.125000
G01 X29.952900 Y182.320000 Z-0.125000
G00 Z5.000000

(End cutting path id: path806)


(Start cutting path id: path806)
(Change tool to Default tool)

G00 Z5.000000
G00 X27.904300 Y175.038700

G01 Z-0.125000 F100.0(Penetrate)
G01 X28.859400 Y175.026100 Z-0.125000 F400.000000
G01 X29.689500 Y175.138700 Z-0.125000
G01 X29.689500 Y180.253500 Z-0.125000
G01 X38.339800 Y180.253500 Z-0.125000
G01 X38.339800 Y175.038700 Z-0.125000
G01 X39.295000 Y175.026100 Z-0.125000
G01 X40.125000 Y175.138700 Z-0.125000
G01 X40.125000 Y187.269100 Z-0.125000
G01 X39.169900 Y187.281700 Z-0.125000
G01 X38.339800 Y187.169100 Z-0.125000
G01 X38.339800 Y182.056200 Z-0.125000
G01 X29.689500 Y182.056200 Z-0.125000
G01 X29.689500 Y187.269100 Z-0.125000
G01 X28.734300 Y187.281700 Z-0.125000
G01 X27.904300 Y187.169100 Z-0.125000
G01 X27.904300 Y175.038700 Z-0.125000
G01 X27.904300 Y175.038700 Z-0.125000
G00 Z5.000000

(End cutting path id: path806)


(Start cutting path id: path806)
(Change tool to Default tool)

G00 Z5.000000
G00 X37.919900 Y165.907800

G01 Z-0.125000 F100.0(Penetrate)
G01 X37.143400 Y165.812700 Z-0.125000 F400.000000
G01 X36.409200 Y165.576200 Z-0.125000
G01 X35.124100 Y164.742200 Z-0.125000
G01 X34.176400 Y163.531200 Z-0.125000
G01 X33.678200 Y162.068700 Z-0.125000
G01 X33.577400 Y159.065800 Z-0.125000
G01 X33.587900 Y156.055900 Z-0.125000
G01 X33.575000 Y153.164100 Z-0.125000
G01 X33.712900 Y150.282800 Z-0.125000
G01 X33.949600 Y149.491600 Z-0.125000
G01 X34.337700 Y148.782500 Z-0.125000
G01 X35.476100 Y147.645600 Z-0.125000
G01 X36.943500 Y146.942600 Z-0.125000
G01 X38.555500 Y146.743800 Z-0.125000
G01 X50.966800 Y146.743800 Z-0.125000
G01 X50.966800 Y149.788700 Z-0.125000
G01 X37.955100 Y149.818000 Z-0.125000
G01 X37.303900 Y150.056100 Z-0.125000
G01 X36.867400 Y150.555300 Z-0.125000
G01 X36.644600 Y151.205300 Z-0.125000
G01 X36.634800 Y151.895700 Z-0.125000
G01 X36.664100 Y161.542600 Z-0.125000
G01 X36.880300 Y162.177300 Z-0.125000
G01 X37.350900 Y162.620300 Z-0.125000
G01 X37.972500 Y162.857900 Z-0.125000
G01 X38.641800 Y162.876600 Z-0.125000
G01 X50.966800 Y162.876600 Z-0.125000
G01 X50.966800 Y165.921500 Z-0.125000
G01 X37.919900 Y165.907800 Z-0.125000
G01 X37.919900 Y165.907800 Z-0.125000
G00 Z5.000000

(End cutting path id: path806)


(Start cutting path id: path806)
(Change tool to Default tool)

G00 Z5.000000
G00 X59.527300 Y158.025000

G01 Z-0.125000 F100.0(Penetrate)
G01 X62.866600 Y158.031800 Z-0.125000 F400.000000
G01 X66.200900 Y157.972800 Z-0.125000
G01 X66.829700 Y157.703900 Z-0.125000
G01 X67.222500 Y157.177700 Z-0.125000
G01 X67.404300 Y156.513800 Z-0.125000
G01 X67.400400 Y155.831600 Z-0.125000
G01 X67.400400 Y146.743800 Z-0.125000
G01 X70.447300 Y146.743800 Z-0.125000
G01 X70.401400 Y157.052000 Z-0.125000
G01 X70.027700 Y158.441300 Z-0.125000
G01 X69.208400 Y159.615800 Z-0.125000
G01 X68.068900 Y160.482600 Z-0.125000
G01 X66.734400 Y160.948800 Z-0.125000
G01 X64.072300 Y161.083000 Z-0.125000
G01 X61.399200 Y161.069900 Z-0.125000
G01 X59.527300 Y161.069900 Z-0.125000
G01 X59.527300 Y158.025000 Z-0.125000
G01 X59.527300 Y158.025000 Z-0.125000
G00 Z5.000000

(End cutting path id: path806)


(Start cutting path id: path806)
(Change tool to Default tool)

G00 Z5.000000
G00 X57.820000 Y146.479100

G01 Z-0.125000 F100.0(Penetrate)
G01 X54.247000 Y146.479100 Z-0.125000 F400.000000
G01 X54.247000 Y167.614600 Z-0.125000
G01 X57.820000 Y167.614600 Z-0.125000
G01 X57.820000 Y146.479100 Z-0.125000
G00 Z5.000000

(End cutting path id: path806)


(Start cutting path id: path806)
(Change tool to Default tool)

G00 Z5.000000
G00 X54.509800 Y146.743800

G01 Z-0.125000 F100.0(Penetrate)
G01 X57.556600 Y146.743800 Z-0.125000 F400.000000
G01 X57.556600 Y167.351200 Z-0.125000
G01 X54.509800 Y167.351200 Z-0.125000
G01 X54.509800 Y146.743800 Z-0.125000
G01 X54.509800 Y146.743800 Z-0.125000
G00 Z5.000000

(End cutting path id: path806)


(Start cutting path id: path806)
(Change tool to Default tool)

G00 Z5.000000
G00 X51.231100 Y146.479100

G01 Z-0.125000 F100.0(Penetrate)
G01 X38.340900 Y146.479100 Z-0.125000 F400.000000
G01 X37.269000 Y146.589100 Z-0.125000
G01 X36.142200 Y146.960100 Z-0.125000
G01 X35.084000 Y147.592300 Z-0.125000
G01 X34.177000 Y148.540500 Z-0.125000
G01 X33.558600 Y149.832200 Z-0.125000
G01 X33.325000 Y151.495000 Z-0.125000
G01 X33.325000 Y161.169500 Z-0.125000
G01 X33.434900 Y162.227700 Z-0.125000
G01 X33.806000 Y163.354500 Z-0.125000
G01 X34.451900 Y164.426400 Z-0.125000
G01 X35.400100 Y165.319700 Z-0.125000
G01 X36.691800 Y165.951800 Z-0.125000
G01 X38.340900 Y166.185400 Z-0.125000
G01 X51.231100 Y166.185400 Z-0.125000
G01 X51.231100 Y162.612500 Z-0.125000
G01 X38.340900 Y162.612500 Z-0.125000
G01 X37.722500 Y162.519700 Z-0.125000
G01 X37.269000 Y162.241400 Z-0.125000
G01 X36.990700 Y161.781100 Z-0.125000
G01 X36.898000 Y161.142100 Z-0.125000
G01 X36.898000 Y151.495000 Z-0.125000
G01 X36.990700 Y150.883500 Z-0.125000
G01 X37.269000 Y150.423100 Z-0.125000
G01 X37.729400 Y150.144900 Z-0.125000
G01 X38.340900 Y150.052100 Z-0.125000
G01 X51.231100 Y150.052100 Z-0.125000
G01 X51.231100 Y146.479100 Z-0.125000
G00 Z5.000000

(End cutting path id: path806)


(Start cutting path id: path806)
(Change tool to Default tool)

G00 Z5.000000
G00 X70.710100 Y146.479100

G01 Z-0.125000 F100.0(Penetrate)
G01 X67.137200 Y146.479100 Z-0.125000 F400.000000
G01 X67.137200 Y156.332300 Z-0.125000
G01 X67.047800 Y156.947300 Z-0.125000
G01 X66.779900 Y157.390400 Z-0.125000
G01 X66.333200 Y157.668700 Z-0.125000
G01 X65.708000 Y157.761500 Z-0.125000
G01 X59.262900 Y157.761500 Z-0.125000
G01 X59.262900 Y161.334400 Z-0.125000
G01 X65.708000 Y161.334400 Z-0.125000
G01 X66.779900 Y161.210800 Z-0.125000
G01 X67.893000 Y160.853500 Z-0.125000
G01 X68.964900 Y160.207600 Z-0.125000
G01 X69.858100 Y159.259400 Z-0.125000
G01 X70.476500 Y157.981300 Z-0.125000
G01 X70.710100 Y156.332300 Z-0.125000
G01 X70.710100 Y146.479100 Z-0.125000
G00 Z5.000000

(End cutting path id: path806)


(Start cutting path id: path806)
(Change tool to Default tool)

G00 Z5.000000
G00 X74.277300 Y146.743800

G01 Z-0.125000 F100.0(Penetrate)
G01 X77.324200 Y146.743800 Z-0.125000 F400.000000
G01 X77.324200 Y161.069900 Z-0.125000
G01 X74.277300 Y161.069900 Z-0.125000
G01 X74.277300 Y146.743800 Z-0.125000
G01 X74.277300 Y146.743800 Z-0.125000
G00 Z5.000000

(End cutting path id: path806)


(Start cutting path id: path806)
(Change tool to Default tool)

G00 Z5.000000
G00 X77.587600 Y146.479100

G01 Z-0.125000 F100.0(Penetrate)
G01 X74.014600 Y146.479100 Z-0.125000 F400.000000
G01 X74.014600 Y161.334400 Z-0.125000
G01 X77.587600 Y161.334400 Z-0.125000
G01 X77.587600 Y146.479100 Z-0.125000
G00 Z5.000000

(End cutting path id: path806)


(Start cutting path id: path806)
(Change tool to Default tool)

G00 Z5.000000
G00 X85.267600 Y161.056200

G01 Z-0.125000 F100.0(Penetrate)
G01 X83.892200 Y160.779300 Z-0.125000 F400.000000
G01 X82.685400 Y160.086000 Z-0.125000
G01 X81.745300 Y159.058400 Z-0.125000
G01 X81.170300 Y157.778900 Z-0.125000
G01 X80.967000 Y156.529700 Z-0.125000
G01 X80.931700 Y155.261700 Z-0.125000
G01 X80.949200 Y152.718000 Z-0.125000
G01 X80.937900 Y151.541100 Z-0.125000
G01 X81.062400 Y150.364700 Z-0.125000
G01 X81.416600 Y149.257900 Z-0.125000
G01 X82.094400 Y148.290100 Z-0.125000
G01 X83.119900 Y147.437200 Z-0.125000
G01 X84.342800 Y146.945100 Z-0.125000
G01 X85.667700 Y146.738900 Z-0.125000
G01 X86.999200 Y146.743800 Z-0.125000
G01 X95.113300 Y146.743800 Z-0.125000
G01 X95.113300 Y149.788700 Z-0.125000
G01 X85.318400 Y149.818000 Z-0.125000
G01 X84.687600 Y150.037800 Z-0.125000
G01 X84.248100 Y150.508700 Z-0.125000
G01 X84.013100 Y151.128600 Z-0.125000
G01 X83.996100 Y151.795700 Z-0.125000
G01 X83.989400 Y154.303500 Z-0.125000
G01 X84.045100 Y156.806200 Z-0.125000
G01 X84.287600 Y157.425000 Z-0.125000
G01 X84.785600 Y157.825100 Z-0.125000
G01 X85.424000 Y158.020500 Z-0.125000
G01 X86.087500 Y158.025000 Z-0.125000
G01 X95.113300 Y158.025000 Z-0.125000
G01 X95.113300 Y161.069900 Z-0.125000
G01 X85.267600 Y161.056300 Z-0.125000
G01 X85.267600 Y161.056200 Z-0.125000
G00 Z5.000000

(End cutting path id: path806)


(Start cutting path id: path806)
(Change tool to Default tool)

G00 Z5.000000
G00 X77.587600 Y164.385200

G01 Z-0.125000 F100.0(Penetrate)
G01 X74.014600 Y164.385200 Z-0.125000 F400.000000
G01 X74.014600 Y167.614600 Z-0.125000
G01 X77.587600 Y167.614600 Z-0.125000
G01 X77.587600 Y164.385200 Z-0.125000
G00 Z5.000000

(End cutting path id: path806)


(Start cutting path id: path806)
(Change tool to Default tool)

G00 Z5.000000
G00 X74.277300 Y164.648000

G01 Z-0.125000 F100.0(Penetrate)
G01 X77.324200 Y164.648000 Z-0.125000 F400.000000
G01 X77.324200 Y167.351200 Z-0.125000
G01 X74.277300 Y167.351200 Z-0.125000
G01 X74.277300 Y164.648000 Z-0.125000
G01 X74.277300 Y164.648000 Z-0.125000
G00 Z5.000000

(End cutting path id: path806)


(Start cutting path id: path806)
(Change tool to Default tool)

G00 Z5.000000
G00 X101.047000 Y158.204700

G01 Z-0.125000 F100.0(Penetrate)
G01 X109.014000 Y158.169500 Z-0.125000 F400.000000
G01 X109.680000 Y157.904200 Z-0.125000
G01 X110.151000 Y157.392400 Z-0.125000
G01 X110.405000 Y156.730600 Z-0.125000
G01 X110.420000 Y156.015600 Z-0.125000
G01 X110.428000 Y153.478500 Z-0.125000
G01 X110.362000 Y150.947700 Z-0.125000
G01 X110.088000 Y150.304800 Z-0.125000
G01 X109.578000 Y149.863300 Z-0.125000
G01 X108.927000 Y149.632800 Z-0.125000
G01 X108.231000 Y149.622700 Z-0.125000
G01 X101.842000 Y149.655900 Z-0.125000
G01 X101.093000 Y149.945500 Z-0.125000
G01 X100.592000 Y150.540400 Z-0.125000
G01 X100.386000 Y151.301500 Z-0.125000
G01 X100.521000 Y152.089400 Z-0.125000
G01 X100.880000 Y152.679000 Z-0.125000
G01 X101.436000 Y153.038600 Z-0.125000
G01 X102.101000 Y153.198000 Z-0.125000
G01 X102.786000 Y153.187100 Z-0.125000
G01 X108.367000 Y153.187100 Z-0.125000
G01 X108.367000 Y156.068000 Z-0.125000
G01 X104.813000 Y156.076300 Z-0.125000
G01 X101.264000 Y156.001600 Z-0.125000
G01 X100.457000 Y155.801600 Z-0.125000
G01 X99.724400 Y155.445000 Z-0.125000
G01 X99.077100 Y154.954400 Z-0.125000
G01 X98.526800 Y154.352500 Z-0.125000
G01 X97.764800 Y152.905700 Z-0.125000
G01 X97.531900 Y151.286400 Z-0.125000
G01 X97.581500 Y150.490600 Z-0.125000
G01 X97.782100 Y149.728000 Z-0.125000
G01 X98.572500 Y148.373000 Z-0.125000
G01 X99.776200 Y147.364000 Z-0.125000
G01 X100.493000 Y147.033800 Z-0.125000
G01 X101.266000 Y146.843600 Z-0.125000
G01 X103.977000 Y146.732200 Z-0.125000
G01 X106.697000 Y146.743700 Z-0.125000
G01 X109.231000 Y146.782900 Z-0.125000
G01 X110.449000 Y147.051900 Z-0.125000
G01 X111.542000 Y147.689700 Z-0.125000
G01 X112.457000 Y148.664400 Z-0.125000
G01 X113.020000 Y149.859200 Z-0.125000
G01 X113.280000 Y151.174300 Z-0.125000
G01 X113.287000 Y152.509800 Z-0.125000
G01 X113.301000 Y155.108000 Z-0.125000
G01 X113.145000 Y157.692500 Z-0.125000
G01 X112.879000 Y158.468000 Z-0.125000
G01 X112.468000 Y159.159700 Z-0.125000
G01 X111.304000 Y160.257500 Z-0.125000
G01 X109.828000 Y160.917200 Z-0.125000
G01 X108.219000 Y161.069900 Z-0.125000
G01 X101.047000 Y161.069900 Z-0.125000
G01 X101.047000 Y158.204700 Z-0.125000
G01 X101.047000 Y158.204700 Z-0.125000
G00 Z5.000000

(End cutting path id: path806)


(Start cutting path id: path806)
(Change tool to Default tool)

G00 Z5.000000
G00 X95.376400 Y146.479100

G01 Z-0.125000 F100.0(Penetrate)
G01 X85.688100 Y146.479100 Z-0.125000 F400.000000
G01 X84.066600 Y146.740200 Z-0.125000
G01 X83.218000 Y147.083800 Z-0.125000
G01 X82.431200 Y147.592300 Z-0.125000
G01 X81.747600 Y148.282800 Z-0.125000
G01 X81.180700 Y149.145100 Z-0.125000
G01 X80.809700 Y150.213600 Z-0.125000
G01 X80.686000 Y151.495000 Z-0.125000
G01 X80.686000 Y156.332300 Z-0.125000
G01 X80.795900 Y157.404200 Z-0.125000
G01 X81.166900 Y158.517300 Z-0.125000
G01 X81.799100 Y159.589200 Z-0.125000
G01 X82.747300 Y160.482400 Z-0.125000
G01 X84.039100 Y161.100800 Z-0.125000
G01 X85.688100 Y161.334400 Z-0.125000
G01 X95.376400 Y161.334400 Z-0.125000
G01 X95.376400 Y157.761500 Z-0.125000
G01 X85.688100 Y157.761500 Z-0.125000
G01 X85.069700 Y157.672200 Z-0.125000
G01 X84.616200 Y157.404200 Z-0.125000
G01 X84.348300 Y156.950700 Z-0.125000
G01 X84.258900 Y156.304800 Z-0.125000
G01 X84.258900 Y151.495000 Z-0.125000
G01 X84.351700 Y150.876600 Z-0.125000
G01 X84.630000 Y150.423100 Z-0.125000
G01 X85.086900 Y150.144900 Z-0.125000
G01 X85.715600 Y150.052100 Z-0.125000
G01 X95.376400 Y150.052100 Z-0.125000
G01 X95.376400 Y146.479100 Z-0.125000
G00 Z5.000000

(End cutting path id: path806)


(Start cutting path id: path806)
(Change tool to Default tool)

G00 Z5.000000
G00 X113.550000 Y151.398800

G01 Z-0.125000 F100.0(Penetrate)
G01 X113.289000 Y149.791000 Z-0.125000 F400.000000
G01 X112.945000 Y148.966500 Z-0.125000
G01 X112.437000 Y148.196900 Z-0.125000
G01 X111.767000 Y147.527000 Z-0.125000
G01 X110.911000 Y146.973900 Z-0.125000
G01 X109.874000 Y146.602800 Z-0.125000
G01 X108.630000 Y146.479100 Z-0.125000
G01 X102.185000 Y146.479100 Z-0.125000
G01 X100.577000 Y146.740200 Z-0.125000
G01 X99.752800 Y147.080400 Z-0.125000
G01 X98.983200 Y147.578500 Z-0.125000
G01 X98.313300 Y148.255300 Z-0.125000
G01 X97.760200 Y149.103900 Z-0.125000
G01 X97.389100 Y150.151700 Z-0.125000
G01 X97.265400 Y151.398800 Z-0.125000
G01 X97.526500 Y153.006700 Z-0.125000
G01 X97.866700 Y153.838100 Z-0.125000
G01 X98.364800 Y154.600800 Z-0.125000
G01 X99.041600 Y155.281000 Z-0.125000
G01 X99.890200 Y155.837600 Z-0.125000
G01 X100.938000 Y156.208600 Z-0.125000
G01 X102.185000 Y156.332300 Z-0.125000
G01 X108.630000 Y156.332300 Z-0.125000
G01 X108.630000 Y152.924200 Z-0.125000
G01 X102.185000 Y152.924200 Z-0.125000
G01 X101.539000 Y152.810900 Z-0.125000
G01 X101.058000 Y152.470700 Z-0.125000
G01 X100.759000 Y151.976000 Z-0.125000
G01 X100.660000 Y151.371400 Z-0.125000
G01 X100.773000 Y150.746100 Z-0.125000
G01 X101.113000 Y150.272000 Z-0.125000
G01 X101.622000 Y149.983400 Z-0.125000
G01 X102.213000 Y149.887200 Z-0.125000
G01 X108.630000 Y149.887200 Z-0.125000
G01 X109.276000 Y149.997100 Z-0.125000
G01 X109.757000 Y150.327000 Z-0.125000
G01 X110.056000 Y150.821700 Z-0.125000
G01 X110.156000 Y151.426300 Z-0.125000
G01 X110.156000 Y156.414700 Z-0.125000
G01 X110.046000 Y157.043400 Z-0.125000
G01 X109.716000 Y157.527900 Z-0.125000
G01 X109.231000 Y157.837100 Z-0.125000
G01 X108.630000 Y157.940100 Z-0.125000
G01 X100.783000 Y157.940100 Z-0.125000
G01 X100.783000 Y161.334400 Z-0.125000
G01 X108.630000 Y161.334400 Z-0.125000
G01 X110.224000 Y161.073300 Z-0.125000
G01 X111.056000 Y160.729800 Z-0.125000
G01 X111.818000 Y160.221300 Z-0.125000
G01 X112.499000 Y159.551400 Z-0.125000
G01 X113.055000 Y158.695900 Z-0.125000
G01 X113.426000 Y157.658400 Z-0.125000
G01 X113.550000 Y156.414700 Z-0.125000
G01 X113.550000 Y151.398800 Z-0.125000
G00 Z5.000000

(End cutting path id: path806)


(Start cutting path id: path806)
(Change tool to Default tool)

G00 Z5.000000
G00 X120.859000 Y161.056200

G01 Z-0.125000 F100.0(Penetrate)
G01 X119.483000 Y160.779400 Z-0.125000 F400.000000
G01 X118.275000 Y160.086300 Z-0.125000
G01 X117.335000 Y159.058400 Z-0.125000
G01 X116.761000 Y157.776800 Z-0.125000
G01 X116.559000 Y156.528100 Z-0.125000
G01 X116.524000 Y155.260600 Z-0.125000
G01 X116.541000 Y152.718000 Z-0.125000
G01 X116.532000 Y151.466400 Z-0.125000
G01 X116.697000 Y150.217600 Z-0.125000
G01 X117.120000 Y149.055100 Z-0.125000
G01 X117.886000 Y148.062000 Z-0.125000
G01 X118.912000 Y147.332200 Z-0.125000
G01 X120.085000 Y146.910000 Z-0.125000
G01 X121.335000 Y146.734200 Z-0.125000
G01 X122.593000 Y146.743800 Z-0.125000
G01 X127.461000 Y146.743800 Z-0.125000
G01 X127.461000 Y149.788700 Z-0.125000
G01 X124.134000 Y149.781800 Z-0.125000
G01 X120.813000 Y149.840700 Z-0.125000
G01 X120.197000 Y150.093600 Z-0.125000
G01 X119.793000 Y150.593300 Z-0.125000
G01 X119.592000 Y151.230400 Z-0.125000
G01 X119.586000 Y151.895700 Z-0.125000
G01 X119.578000 Y154.348000 Z-0.125000
G01 X119.645000 Y156.793400 Z-0.125000
G01 X119.933000 Y157.414700 Z-0.125000
G01 X120.450000 Y157.823500 Z-0.125000
G01 X121.098000 Y158.025100 Z-0.125000
G01 X121.779000 Y158.025000 Z-0.125000
G01 X125.004000 Y158.031900 Z-0.125000
G01 X128.224000 Y157.973000 Z-0.125000
G01 X128.835000 Y157.722300 Z-0.125000
G01 X129.232000 Y157.224900 Z-0.125000
G01 X129.427000 Y156.591200 Z-0.125000
G01 X129.432000 Y155.931600 Z-0.125000
G01 X129.402000 Y144.661700 Z-0.125000
G01 X129.187000 Y144.024400 Z-0.125000
G01 X128.715000 Y143.587600 Z-0.125000
G01 X128.093000 Y143.358200 Z-0.125000
G01 X127.425000 Y143.343400 Z-0.125000
G01 X121.543000 Y143.343400 Z-0.125000
G01 X121.543000 Y140.298400 Z-0.125000
G01 X124.973000 Y140.290700 Z-0.125000
G01 X128.398000 Y140.359300 Z-0.125000
G01 X129.864000 Y140.770300 Z-0.125000
G01 X131.113000 Y141.629500 Z-0.125000
G01 X132.012000 Y142.839800 Z-0.125000
G01 X132.289000 Y143.546300 Z-0.125000
G01 X132.429000 Y144.304100 Z-0.125000
G01 X132.477000 Y154.258200 Z-0.125000
G01 X132.426000 Y156.982800 Z-0.125000
G01 X132.120000 Y158.287100 Z-0.125000
G01 X131.409000 Y159.448300 Z-0.125000
G01 X130.402000 Y160.305300 Z-0.125000
G01 X129.217000 Y160.826300 Z-0.125000
G01 X127.930000 Y161.063600 Z-0.125000
G01 X126.617000 Y161.069900 Z-0.125000
G01 X120.859000 Y161.056200 Z-0.125000
G01 X120.859000 Y161.056200 Z-0.125000
G00 Z5.000000

(End cutting path id: path806)


(Start cutting path id: path806)
(Change tool to Default tool)

G00 Z5.000000
G00 X140.330000 Y161.054200

G01 Z-0.125000 F100.0(Penetrate)
G01 X138.750000 Y160.682700 Z-0.125000 F400.000000
G01 X137.389000 Y159.801900 Z-0.125000
G01 X136.411000 Y158.523300 Z-0.125000
G01 X136.117000 Y157.769700 Z-0.125000
G01 X135.980000 Y156.958500 Z-0.125000
G01 X135.995000 Y150.748000 Z-0.125000
G01 X136.140000 Y149.959800 Z-0.125000
G01 X136.436000 Y149.229600 Z-0.125000
G01 X137.398000 Y147.992900 Z-0.125000
G01 X138.726000 Y147.138500 Z-0.125000
G01 X140.262000 Y146.766800 Z-0.125000
G01 X147.722000 Y146.783900 Z-0.125000
G01 X149.151000 Y147.157800 Z-0.125000
G01 X150.396000 Y147.948000 Z-0.125000
G01 X151.323000 Y149.080100 Z-0.125000
G01 X151.799000 Y150.479700 Z-0.125000
G01 X151.897000 Y153.452400 Z-0.125000
G01 X151.882000 Y156.431500 Z-0.125000
G01 X151.582000 Y158.044500 Z-0.125000
G01 X150.762000 Y159.465800 Z-0.125000
G01 X150.189000 Y160.048700 Z-0.125000
G01 X149.523000 Y160.516600 Z-0.125000
G01 X148.776000 Y160.847100 Z-0.125000
G01 X147.961000 Y161.017800 Z-0.125000
G01 X144.177000 Y161.078200 Z-0.125000
G01 X140.390000 Y161.056800 Z-0.125000
G01 X140.330000 Y161.054200 Z-0.125000
G00 Z5.000000

(End cutting path id: path806)


(Start cutting path id: path806)
(Change tool to Default tool)

G00 Z5.000000
G00 X140.707000 Y158.025000

G01 Z-0.125000 F100.0(Penetrate)
G01 X144.167000 Y158.031700 Z-0.125000 F400.000000
G01 X147.623000 Y157.974600 Z-0.125000
G01 X148.247000 Y157.721100 Z-0.125000
G01 X148.646000 Y157.216500 Z-0.125000
G01 X148.839000 Y156.573300 Z-0.125000
G01 X148.842000 Y155.904200 Z-0.125000
G01 X148.849000 Y153.454400 Z-0.125000
G01 X148.790000 Y151.009500 Z-0.125000
G01 X148.541000 Y150.386600 Z-0.125000
G01 X148.041000 Y149.985900 Z-0.125000
G01 X147.401000 Y149.791700 Z-0.125000
G01 X146.735000 Y149.788600 Z-0.125000
G01 X143.476000 Y149.781700 Z-0.125000
G01 X140.223000 Y149.840600 Z-0.125000
G01 X139.607000 Y150.093600 Z-0.125000
G01 X139.203000 Y150.593200 Z-0.125000
G01 X139.002000 Y151.230300 Z-0.125000
G01 X138.996000 Y151.895700 Z-0.125000
G01 X138.989000 Y154.361100 Z-0.125000
G01 X139.049000 Y156.821300 Z-0.125000
G01 X139.253000 Y157.348300 Z-0.125000
G01 X139.640000 Y157.733200 Z-0.125000
G01 X140.146000 Y157.963000 Z-0.125000
G01 X140.707000 Y158.025000 Z-0.125000
G01 X140.707000 Y158.025000 Z-0.125000
G00 Z5.000000

(End cutting path id: path806)


(Start cutting path id: path806)
(Change tool to Default tool)

G00 Z5.000000
G00 X148.578000 Y156.304800

G01 Z-0.125000 F100.0(Penetrate)
G01 X148.485000 Y156.950700 Z-0.125000 F400.000000
G01 X148.207000 Y157.404200 Z-0.125000
G01 X147.753000 Y157.672200 Z-0.125000
G01 X147.135000 Y157.761500 Z-0.125000
G01 X140.717000 Y157.761500 Z-0.125000
G01 X140.089000 Y157.668700 Z-0.125000
G01 X139.632000 Y157.390400 Z-0.125000
G01 X139.353000 Y156.947300 Z-0.125000
G01 X139.261000 Y156.332300 Z-0.125000
G01 X139.261000 Y151.495000 Z-0.125000
G01 X139.353000 Y150.876600 Z-0.125000
G01 X139.632000 Y150.423100 Z-0.125000
G01 X140.089000 Y150.144900 Z-0.125000
G01 X140.717000 Y150.052100 Z-0.125000
G01 X147.135000 Y150.052100 Z-0.125000
G01 X147.770000 Y150.144900 Z-0.125000
G01 X148.220000 Y150.423100 Z-0.125000
G01 X148.488000 Y150.876600 Z-0.125000
G01 X148.578000 Y151.495000 Z-0.125000
G01 X148.578000 Y156.304800 Z-0.125000
G00 Z5.000000

(End cutting path id: path806)


(Start cutting path id: path806)
(Change tool to Default tool)

G00 Z5.000000
G00 X152.151000 Y151.495000

G01 Z-0.125000 F100.0(Penetrate)
G01 X151.917000 Y149.832200 Z-0.125000 F400.000000
G01 X151.299000 Y148.540500 Z-0.125000
G01 X150.405000 Y147.592300 Z-0.125000
G01 X149.334000 Y146.960100 Z-0.125000
G01 X148.207000 Y146.589100 Z-0.125000
G01 X147.135000 Y146.479100 Z-0.125000
G01 X140.690000 Y146.479100 Z-0.125000
G01 X139.068000 Y146.740200 Z-0.125000
G01 X138.220000 Y147.083800 Z-0.125000
G01 X137.433000 Y147.592300 Z-0.125000
G01 X136.749000 Y148.282800 Z-0.125000
G01 X136.182000 Y149.145100 Z-0.125000
G01 X135.811000 Y150.213600 Z-0.125000
G01 X135.688000 Y151.495000 Z-0.125000
G01 X135.688000 Y156.332300 Z-0.125000
G01 X135.811000 Y157.600000 Z-0.125000
G01 X136.182000 Y158.654700 Z-0.125000
G01 X136.749000 Y159.523900 Z-0.125000
G01 X137.433000 Y160.207600 Z-0.125000
G01 X138.220000 Y160.726400 Z-0.125000
G01 X139.068000 Y161.073300 Z-0.125000
G01 X140.690000 Y161.334400 Z-0.125000
G01 X147.135000 Y161.334400 Z-0.125000
G01 X148.406000 Y161.210800 Z-0.125000
G01 X149.471000 Y160.839700 Z-0.125000
G01 X150.340000 Y160.279700 Z-0.125000
G01 X151.024000 Y159.589200 Z-0.125000
G01 X151.532000 Y158.812800 Z-0.125000
G01 X151.876000 Y157.967600 Z-0.125000
G01 X152.151000 Y156.332300 Z-0.125000
G01 X152.151000 Y151.495000 Z-0.125000
G00 Z5.000000

(End cutting path id: path806)


(Start cutting path id: path806)
(Change tool to Default tool)

G00 Z5.000000
G00 X132.740000 Y145.050000

G01 Z-0.125000 F100.0(Penetrate)
G01 X132.507000 Y143.400900 Z-0.125000 F400.000000
G01 X131.888000 Y142.109100 Z-0.125000
G01 X130.995000 Y141.160900 Z-0.125000
G01 X129.923000 Y140.515000 Z-0.125000
G01 X128.796000 Y140.157700 Z-0.125000
G01 X127.724000 Y140.034100 Z-0.125000
G01 X121.279000 Y140.034100 Z-0.125000
G01 X121.279000 Y143.607000 Z-0.125000
G01 X127.724000 Y143.607000 Z-0.125000
G01 X128.360000 Y143.699800 Z-0.125000
G01 X128.810000 Y143.978100 Z-0.125000
G01 X129.078000 Y144.431600 Z-0.125000
G01 X129.167000 Y145.050000 Z-0.125000
G01 X129.167000 Y156.332300 Z-0.125000
G01 X129.078000 Y156.947300 Z-0.125000
G01 X128.810000 Y157.390400 Z-0.125000
G01 X128.360000 Y157.668700 Z-0.125000
G01 X127.724000 Y157.761500 Z-0.125000
G01 X121.279000 Y157.761500 Z-0.125000
G01 X120.688000 Y157.658400 Z-0.125000
G01 X120.235000 Y157.349200 Z-0.125000
G01 X119.946000 Y156.895700 Z-0.125000
G01 X119.850000 Y156.332300 Z-0.125000
G01 X119.850000 Y151.495000 Z-0.125000
G01 X119.943000 Y150.876600 Z-0.125000
G01 X120.221000 Y150.423100 Z-0.125000
G01 X120.678000 Y150.144900 Z-0.125000
G01 X121.307000 Y150.052100 Z-0.125000
G01 X127.724000 Y150.052100 Z-0.125000
G01 X127.724000 Y146.479100 Z-0.125000
G01 X121.279000 Y146.479100 Z-0.125000
G01 X120.208000 Y146.589100 Z-0.125000
G01 X119.081000 Y146.960100 Z-0.125000
G01 X118.023000 Y147.592300 Z-0.125000
G01 X117.129000 Y148.540500 Z-0.125000
G01 X116.511000 Y149.832200 Z-0.125000
G01 X116.277000 Y151.495000 Z-0.125000
G01 X116.277000 Y156.332300 Z-0.125000
G01 X116.387000 Y157.404200 Z-0.125000
G01 X116.758000 Y158.517300 Z-0.125000
G01 X117.390000 Y159.589200 Z-0.125000
G01 X118.339000 Y160.482400 Z-0.125000
G01 X119.630000 Y161.100800 Z-0.125000
G01 X121.279000 Y161.334400 Z-0.125000
G01 X127.724000 Y161.334400 Z-0.125000
G01 X128.796000 Y161.210800 Z-0.125000
G01 X129.923000 Y160.853500 Z-0.125000
G01 X130.995000 Y160.207600 Z-0.125000
G01 X131.888000 Y159.259400 Z-0.125000
G01 X132.507000 Y157.981400 Z-0.125000
G01 X132.740000 Y156.332300 Z-0.125000
G01 X132.740000 Y145.050000 Z-0.125000
G00 Z5.000000

(End cutting path id: path806)


(Start cutting path id: path806)
(Change tool to Default tool)

G00 Z5.000000
G00 X122.257000 Y93.309000

G01 Z-0.125000 F100.0(Penetrate)
G01 X120.740000 Y95.215000 Z-0.125000 F400.000000
G01 X119.872000 Y96.094000 Z-0.125000
G01 X119.629000 Y96.183000 Z-0.125000
G01 X119.484000 Y96.058000 Z-0.125000
G01 X119.409000 Y95.219000 Z-0.125000
G01 X119.546000 Y94.476000 Z-0.125000
G01 X119.943000 Y93.609000 Z-0.125000
G01 X121.607000 Y91.346000 Z-0.125000
G01 X123.473000 Y89.336000 Z-0.125000
G01 X123.663000 Y89.268000 Z-0.125000
G01 X123.786000 Y89.345000 Z-0.125000
G01 X123.917000 Y89.882000 Z-0.125000
G01 X123.874000 Y90.509000 Z-0.125000
G01 X123.590000 Y91.274000 Z-0.125000
G01 X122.257000 Y93.309000 Z-0.125000
G01 X122.257000 Y93.309000 Z-0.125000
G00 Z5.000000

(End cutting path id: path806)


(Start cutting path id: path806)
(Change tool to Default tool)

G00 Z5.000000
G00 X116.290000 Y91.868000

G01 Z-0.125000 F100.0(Penetrate)
G01 X117.746000 Y94.037000 Z-0.125000 F400.000000
G01 X118.189000 Y94.931000 Z-0.125000
G01 X118.352000 Y95.538000 Z-0.125000
G01 X118.172000 Y96.562000 Z-0.125000
G01 X117.802000 Y96.318000 Z-0.125000
G01 X117.207000 Y95.668000 Z-0.125000
G01 X115.681000 Y93.640000 Z-0.125000
G01 X114.280000 Y91.464000 Z-0.125000
G01 X113.691000 Y90.126000 Z-0.125000
G01 X113.810000 Y89.466000 Z-0.125000
G01 X113.995000 Y89.203000 Z-0.125000
G01 X116.290000 Y91.868000 Z-0.125000
G01 X116.290000 Y91.868000 Z-0.125000
G00 Z5.000000

(End cutting path id: path806)


(Start cutting path id: path806)
(Change tool to Default tool)

G00 Z5.000000
G00 X114.879000 Y87.447000

G01 Z-0.125000 F100.0(Penetrate)
G01 X115.070000 Y87.753000 Z-0.125000 F400.000000
G01 X115.530000 Y87.881000 Z-0.125000
G01 X115.990000 Y87.753000 Z-0.125000
G01 X116.181000 Y87.447000 Z-0.125000
G01 X115.990000 Y87.140000 Z-0.125000
G01 X115.530000 Y87.013000 Z-0.125000
G01 X115.070000 Y87.140000 Z-0.125000
G01 X114.879000 Y87.447000 Z-0.125000
G01 X114.879000 Y87.447000 Z-0.125000
G00 Z5.000000

(End cutting path id: path806)


(Start cutting path id: path806)
(Change tool to Default tool)

G00 Z5.000000
G00 X115.101000 Y86.152000

G01 Z-0.125000 F100.0(Penetrate)
G01 X115.412000 Y86.390000 Z-0.125000 F400.000000
G01 X115.777000 Y86.343000 Z-0.125000
G01 X116.096000 Y86.087000 Z-0.125000
G01 X116.153000 Y85.887000 Z-0.125000
G01 X115.954000 Y85.757000 Z-0.125000
G01 X115.505000 Y85.711000 Z-0.125000
G01 X115.107000 Y85.840000 Z-0.125000
G01 X115.101000 Y86.152000 Z-0.125000
G01 X115.101000 Y86.152000 Z-0.125000
G00 Z5.000000

(End cutting path id: path806)


(Start cutting path id: path806)
(Change tool to Default tool)

G00 Z5.000000
G00 X114.879000 Y84.408000

G01 Z-0.125000 F100.0(Penetrate)
G01 X115.070000 Y84.715000 Z-0.125000 F400.000000
G01 X115.530000 Y84.843000 Z-0.125000
G01 X115.990000 Y84.715000 Z-0.125000
G01 X116.181000 Y84.408000 Z-0.125000
G01 X115.990000 Y84.102000 Z-0.125000
G01 X115.530000 Y83.974000 Z-0.125000
G01 X115.070000 Y84.102000 Z-0.125000
G01 X114.879000 Y84.408000 Z-0.125000
G01 X114.879000 Y84.408000 Z-0.125000
G00 Z5.000000

(End cutting path id: path806)


(Start cutting path id: path806)
(Change tool to Default tool)

G00 Z5.000000
G00 X114.879000 Y83.106000

G01 Z-0.125000 F100.0(Penetrate)
G01 X114.999000 Y83.413000 Z-0.125000 F400.000000
G01 X115.288000 Y83.540000 Z-0.125000
G01 X115.655000 Y83.413000 Z-0.125000
G01 X115.964000 Y83.106000 Z-0.125000
G01 X115.955000 Y82.800000 Z-0.125000
G01 X115.556000 Y82.672000 Z-0.125000
G01 X115.078000 Y82.800000 Z-0.125000
G01 X114.879000 Y83.106000 Z-0.125000
G01 X114.879000 Y83.106000 Z-0.125000
G00 Z5.000000

(End cutting path id: path806)


(Start cutting path id: path806)
(Change tool to Default tool)

G00 Z5.000000
G00 X114.879000 Y81.370000

G01 Z-0.125000 F100.0(Penetrate)
G01 X115.070000 Y81.677000 Z-0.125000 F400.000000
G01 X115.530000 Y81.804000 Z-0.125000
G01 X115.990000 Y81.677000 Z-0.125000
G01 X116.181000 Y81.370000 Z-0.125000
G01 X115.990000 Y81.064000 Z-0.125000
G01 X115.530000 Y80.936000 Z-0.125000
G01 X115.070000 Y81.064000 Z-0.125000
G01 X114.879000 Y81.370000 Z-0.125000
G01 X114.879000 Y81.370000 Z-0.125000
G00 Z5.000000

(End cutting path id: path806)


(Start cutting path id: path806)
(Change tool to Default tool)

G00 Z5.000000
G00 X114.879000 Y80.068000

G01 Z-0.125000 F100.0(Penetrate)
G01 X114.999000 Y80.375000 Z-0.125000 F400.000000
G01 X115.288000 Y80.502000 Z-0.125000
G01 X115.655000 Y80.375000 Z-0.125000
G01 X115.964000 Y80.068000 Z-0.125000
G01 X115.955000 Y79.762000 Z-0.125000
G01 X115.556000 Y79.634000 Z-0.125000
G01 X115.078000 Y79.762000 Z-0.125000
G01 X114.879000 Y80.068000 Z-0.125000
G01 X114.879000 Y80.068000 Z-0.125000
G00 Z5.000000

(End cutting path id: path806)


(Start cutting path id: path806)
(Change tool to Default tool)

G00 Z5.000000
G00 X114.879000 Y78.332000

G01 Z-0.125000 F100.0(Penetrate)
G01 X115.078000 Y78.638000 Z-0.125000 F400.000000
G01 X115.556000 Y78.766000 Z-0.125000
G01 X115.955000 Y78.638000 Z-0.125000
G01 X115.964000 Y78.332000 Z-0.125000
G01 X115.655000 Y78.025000 Z-0.125000
G01 X115.288000 Y77.898000 Z-0.125000
G01 X114.999000 Y78.025000 Z-0.125000
G01 X114.879000 Y78.332000 Z-0.125000
G01 X114.879000 Y78.332000 Z-0.125000
G00 Z5.000000

(End cutting path id: path806)


(Start cutting path id: path806)
(Change tool to Default tool)

G00 Z5.000000
G00 X114.879000 Y77.030000

G01 Z-0.125000 F100.0(Penetrate)
G01 X114.999000 Y77.336000 Z-0.125000 F400.000000
G01 X115.288000 Y77.464000 Z-0.125000
G01 X115.655000 Y77.336000 Z-0.125000
G01 X115.964000 Y77.030000 Z-0.125000
G01 X115.955000 Y76.723000 Z-0.125000
G01 X115.556000 Y76.596000 Z-0.125000
G01 X115.078000 Y76.723000 Z-0.125000
G01 X114.879000 Y77.030000 Z-0.125000
G01 X114.879000 Y77.030000 Z-0.125000
G00 Z5.000000

(End cutting path id: path806)


(Start cutting path id: path806)
(Change tool to Default tool)

G00 Z5.000000
G00 X114.879000 Y75.294000

G01 Z-0.125000 F100.0(Penetrate)
G01 X115.078000 Y75.600000 Z-0.125000 F400.000000
G01 X115.556000 Y75.728000 Z-0.125000
G01 X115.955000 Y75.600000 Z-0.125000
G01 X115.964000 Y75.294000 Z-0.125000
G01 X115.655000 Y74.987000 Z-0.125000
G01 X115.288000 Y74.860000 Z-0.125000
G01 X114.999000 Y74.987000 Z-0.125000
G01 X114.879000 Y75.294000 Z-0.125000
G01 X114.879000 Y75.294000 Z-0.125000
G00 Z5.000000

(End cutting path id: path806)


(Start cutting path id: path806)
(Change tool to Default tool)

G00 Z5.000000
G00 X114.879000 Y73.992000

G01 Z-0.125000 F100.0(Penetrate)
G01 X114.999000 Y74.298000 Z-0.125000 F400.000000
G01 X115.288000 Y74.426000 Z-0.125000
G01 X115.655000 Y74.298000 Z-0.125000
G01 X115.964000 Y73.992000 Z-0.125000
G01 X115.955000 Y73.685000 Z-0.125000
G01 X115.556000 Y73.558000 Z-0.125000
G01 X115.078000 Y73.685000 Z-0.125000
G01 X114.879000 Y73.992000 Z-0.125000
G01 X114.879000 Y73.992000 Z-0.125000
G00 Z5.000000

(End cutting path id: path806)


(Start cutting path id: path806)
(Change tool to Default tool)

G00 Z5.000000
G00 X114.879000 Y72.255000

G01 Z-0.125000 F100.0(Penetrate)
G01 X115.078000 Y72.562000 Z-0.125000 F400.000000
G01 X115.556000 Y72.689000 Z-0.125000
G01 X115.955000 Y72.562000 Z-0.125000
G01 X115.964000 Y72.255000 Z-0.125000
G01 X115.655000 Y71.949000 Z-0.125000
G01 X115.288000 Y71.821000 Z-0.125000
G01 X114.999000 Y71.949000 Z-0.125000
G01 X114.879000 Y72.255000 Z-0.125000
G01 X114.879000 Y72.255000 Z-0.125000
G00 Z5.000000

(End cutting path id: path806)


(Start cutting path id: path806)
(Change tool to Default tool)

G00 Z5.000000
G00 X114.879000 Y70.953000

G01 Z-0.125000 F100.0(Penetrate)
G01 X115.070000 Y71.260000 Z-0.125000 F400.000000
G01 X115.530000 Y71.387000 Z-0.125000
G01 X115.990000 Y71.260000 Z-0.125000
G01 X116.181000 Y70.953000 Z-0.125000
G01 X115.990000 Y70.647000 Z-0.125000
G01 X115.530000 Y70.519000 Z-0.125000
G01 X115.070000 Y70.647000 Z-0.125000
G01 X114.879000 Y70.953000 Z-0.125000
G01 X114.879000 Y70.953000 Z-0.125000
G00 Z5.000000

(End cutting path id: path806)


(Start cutting path id: path806)
(Change tool to Default tool)

G00 Z5.000000
G00 X114.879000 Y69.217000

G01 Z-0.125000 F100.0(Penetrate)
G01 X115.078000 Y69.524000 Z-0.125000 F400.000000
G01 X115.556000 Y69.651000 Z-0.125000
G01 X115.955000 Y69.524000 Z-0.125000
G01 X115.964000 Y69.217000 Z-0.125000
G01 X115.655000 Y68.911000 Z-0.125000
G01 X115.288000 Y68.783000 Z-0.125000
G01 X114.999000 Y68.911000 Z-0.125000
G01 X114.879000 Y69.217000 Z-0.125000
G01 X114.879000 Y69.217000 Z-0.125000
G00 Z5.000000

(End cutting path id: path806)


(Start cutting path id: path806)
(Change tool to Default tool)

G00 Z5.000000
G00 X114.879000 Y67.915000

G01 Z-0.125000 F100.0(Penetrate)
G01 X115.070000 Y68.222000 Z-0.125000 F400.000000
G01 X115.530000 Y68.349000 Z-0.125000
G01 X115.990000 Y68.222000 Z-0.125000
G01 X116.181000 Y67.915000 Z-0.125000
G01 X115.990000 Y67.608000 Z-0.125000
G01 X115.530000 Y67.481000 Z-0.125000
G01 X115.070000 Y67.608000 Z-0.125000
G01 X114.879000 Y67.915000 Z-0.125000
G01 X114.879000 Y67.915000 Z-0.125000
G00 Z5.000000

(End cutting path id: path806)


(Start cutting path id: path806)
(Change tool to Default tool)

G00 Z5.000000
G00 X114.879000 Y66.613000

G01 Z-0.125000 F100.0(Penetrate)
G01 X114.999000 Y66.919000 Z-0.125000 F400.000000
G01 X115.288000 Y67.047000 Z-0.125000
G01 X115.655000 Y66.919000 Z-0.125000
G01 X115.964000 Y66.613000 Z-0.125000
G01 X115.955000 Y66.306000 Z-0.125000
G01 X115.556000 Y66.179000 Z-0.125000
G01 X115.078000 Y66.306000 Z-0.125000
G01 X114.879000 Y66.613000 Z-0.125000
G01 X114.879000 Y66.613000 Z-0.125000
G00 Z5.000000

(End cutting path id: path806)


(Start cutting path id: path806)
(Change tool to Default tool)

G00 Z5.000000
G00 X114.879000 Y64.877000

G01 Z-0.125000 F100.0(Penetrate)
G01 X115.070000 Y65.183000 Z-0.125000 F400.000000
G01 X115.530000 Y65.311000 Z-0.125000
G01 X115.990000 Y65.183000 Z-0.125000
G01 X116.181000 Y64.877000 Z-0.125000
G01 X115.990000 Y64.570000 Z-0.125000
G01 X115.530000 Y64.443000 Z-0.125000
G01 X115.070000 Y64.570000 Z-0.125000
G01 X114.879000 Y64.877000 Z-0.125000
G01 X114.879000 Y64.877000 Z-0.125000
G00 Z5.000000

(End cutting path id: path806)


(Start cutting path id: path806)
(Change tool to Default tool)

G00 Z5.000000
G00 X114.879000 Y63.575000

G01 Z-0.125000 F100.0(Penetrate)
G01 X114.999000 Y63.881000 Z-0.125000 F400.000000
G01 X115.288000 Y64.009000 Z-0.125000
G01 X115.655000 Y63.881000 Z-0.125000
G01 X115.964000 Y63.575000 Z-0.125000
G01 X115.955000 Y63.268000 Z-0.125000
G01 X115.556000 Y63.141000 Z-0.125000
G01 X115.078000 Y63.268000 Z-0.125000
G01 X114.879000 Y63.575000 Z-0.125000
G01 X114.879000 Y63.575000 Z-0.125000
G00 Z5.000000

(End cutting path id: path806)


(Start cutting path id: path806)
(Change tool to Default tool)

G00 Z5.000000
G00 X114.879000 Y61.838000

G01 Z-0.125000 F100.0(Penetrate)
G01 X115.070000 Y62.145000 Z-0.125000 F400.000000
G01 X115.530000 Y62.273000 Z-0.125000
G01 X115.990000 Y62.145000 Z-0.125000
G01 X116.181000 Y61.838000 Z-0.125000
G01 X115.990000 Y61.532000 Z-0.125000
G01 X115.530000 Y61.404000 Z-0.125000
G01 X115.070000 Y61.532000 Z-0.125000
G01 X114.879000 Y61.838000 Z-0.125000
G01 X114.879000 Y61.838000 Z-0.125000
G00 Z5.000000

(End cutting path id: path806)


(Start cutting path id: path806)
(Change tool to Default tool)

G00 Z5.000000
G00 X114.879000 Y60.536000

G01 Z-0.125000 F100.0(Penetrate)
G01 X114.999000 Y60.843000 Z-0.125000 F400.000000
G01 X115.288000 Y60.970000 Z-0.125000
G01 X115.655000 Y60.843000 Z-0.125000
G01 X115.964000 Y60.536000 Z-0.125000
G01 X115.955000 Y60.230000 Z-0.125000
G01 X115.556000 Y60.102000 Z-0.125000
G01 X115.078000 Y60.230000 Z-0.125000
G01 X114.879000 Y60.536000 Z-0.125000
G01 X114.879000 Y60.536000 Z-0.125000
G00 Z5.000000

(End cutting path id: path806)


(Start cutting path id: path806)
(Change tool to Default tool)

G00 Z5.000000
G00 X114.879000 Y58.800000

G01 Z-0.125000 F100.0(Penetrate)
G01 X115.078000 Y59.107000 Z-0.125000 F400.000000
G01 X115.556000 Y59.234000 Z-0.125000
G01 X115.955000 Y59.107000 Z-0.125000
G01 X115.964000 Y58.800000 Z-0.125000
G01 X115.655000 Y58.494000 Z-0.125000
G01 X115.288000 Y58.366000 Z-0.125000
G01 X114.999000 Y58.494000 Z-0.125000
G01 X114.879000 Y58.800000 Z-0.125000
G01 X114.879000 Y58.800000 Z-0.125000
G00 Z5.000000

(End cutting path id: path806)


(Start cutting path id: path806)
(Change tool to Default tool)

G00 Z5.000000
G00 X114.879000 Y57.498000

G01 Z-0.125000 F100.0(Penetrate)
G01 X115.070000 Y57.805000 Z-0.125000 F400.000000
G01 X115.530000 Y57.932000 Z-0.125000
G01 X115.990000 Y57.805000 Z-0.125000
G01 X116.181000 Y57.498000 Z-0.125000
G01 X115.990000 Y57.192000 Z-0.125000
G01 X115.530000 Y57.064000 Z-0.125000
G01 X115.070000 Y57.192000 Z-0.125000
G01 X114.879000 Y57.498000 Z-0.125000
G01 X114.879000 Y57.498000 Z-0.125000
G00 Z5.000000

(End cutting path id: path806)


(Start cutting path id: path806)
(Change tool to Default tool)

G00 Z5.000000
G00 X114.879000 Y55.762000

G01 Z-0.125000 F100.0(Penetrate)
G01 X115.078000 Y56.068000 Z-0.125000 F400.000000
G01 X115.556000 Y56.196000 Z-0.125000
G01 X115.955000 Y56.068000 Z-0.125000
G01 X115.964000 Y55.762000 Z-0.125000
G01 X115.655000 Y55.455000 Z-0.125000
G01 X115.288000 Y55.328000 Z-0.125000
G01 X114.999000 Y55.455000 Z-0.125000
G01 X114.879000 Y55.762000 Z-0.125000
G01 X114.879000 Y55.762000 Z-0.125000
G00 Z5.000000

(End cutting path id: path806)


(Start cutting path id: path806)
(Change tool to Default tool)

G00 Z5.000000
G00 X114.879000 Y54.460000

G01 Z-0.125000 F100.0(Penetrate)
G01 X115.070000 Y54.766000 Z-0.125000 F400.000000
G01 X115.530000 Y54.894000 Z-0.125000
G01 X115.990000 Y54.766000 Z-0.125000
G01 X116.181000 Y54.460000 Z-0.125000
G01 X115.990000 Y54.153000 Z-0.125000
G01 X115.530000 Y54.026000 Z-0.125000
G01 X115.070000 Y54.153000 Z-0.125000
G01 X114.879000 Y54.460000 Z-0.125000
G01 X114.879000 Y54.460000 Z-0.125000
G00 Z5.000000

(End cutting path id: path806)


(Start cutting path id: path806)
(Change tool to Default tool)

G00 Z5.000000
G00 X115.096000 Y52.724000

G01 Z-0.125000 F100.0(Penetrate)
G01 X115.113000 Y53.030000 Z-0.125000 F400.000000
G01 X115.530000 Y53.158000 Z-0.125000
G01 X115.947000 Y53.030000 Z-0.125000
G01 X115.964000 Y52.724000 Z-0.125000
G01 X115.530000 Y52.290000 Z-0.125000
G01 X115.096000 Y52.724000 Z-0.125000
G01 X115.096000 Y52.724000 Z-0.125000
G00 Z5.000000

(End cutting path id: path806)


(Start cutting path id: path806)
(Change tool to Default tool)

G00 Z5.000000
G00 X114.879000 Y51.422000

G01 Z-0.125000 F100.0(Penetrate)
G01 X115.070000 Y51.728000 Z-0.125000 F400.000000
G01 X115.530000 Y51.856000 Z-0.125000
G01 X115.990000 Y51.728000 Z-0.125000
G01 X116.181000 Y51.422000 Z-0.125000
G01 X115.990000 Y51.115000 Z-0.125000
G01 X115.530000 Y50.988000 Z-0.125000
G01 X115.070000 Y51.115000 Z-0.125000
G01 X114.879000 Y51.422000 Z-0.125000
G01 X114.879000 Y51.422000 Z-0.125000
G00 Z5.000000

(End cutting path id: path806)


(Start cutting path id: path806)
(Change tool to Default tool)

G00 Z5.000000
G00 X115.232000 Y49.982000

G01 Z-0.125000 F100.0(Penetrate)
G01 X115.711000 Y50.066000 Z-0.125000 F400.000000
G01 X116.064000 Y49.948000 Z-0.125000
G01 X116.005000 Y49.773000 Z-0.125000
G01 X115.494000 Y49.720000 Z-0.125000
G01 X115.044000 Y49.807000 Z-0.125000
G01 X115.232000 Y49.982000 Z-0.125000
G01 X115.232000 Y49.982000 Z-0.125000
G00 Z5.000000

(End cutting path id: path806)


(Start cutting path id: path806)
(Change tool to Default tool)

G00 Z5.000000
G00 X114.879000 Y48.383000

G01 Z-0.125000 F100.0(Penetrate)
G01 X115.070000 Y48.690000 Z-0.125000 F400.000000
G01 X115.530000 Y48.817000 Z-0.125000
G01 X115.990000 Y48.690000 Z-0.125000
G01 X116.181000 Y48.383000 Z-0.125000
G01 X115.990000 Y48.077000 Z-0.125000
G01 X115.530000 Y47.949000 Z-0.125000
G01 X115.070000 Y48.077000 Z-0.125000
G01 X114.879000 Y48.383000 Z-0.125000
G01 X114.879000 Y48.383000 Z-0.125000
G00 Z5.000000

(End cutting path id: path806)


(Start cutting path id: path806)
(Change tool to Default tool)

G00 Z5.000000
G00 X114.879000 Y47.081000

G01 Z-0.125000 F100.0(Penetrate)
G01 X114.999000 Y47.388000 Z-0.125000 F400.000000
G01 X115.288000 Y47.515000 Z-0.125000
G01 X115.655000 Y47.388000 Z-0.125000
G01 X115.964000 Y47.081000 Z-0.125000
G01 X115.955000 Y46.775000 Z-0.125000
G01 X115.556000 Y46.647000 Z-0.125000
G01 X115.078000 Y46.775000 Z-0.125000
G01 X114.879000 Y47.081000 Z-0.125000
G01 X114.879000 Y47.081000 Z-0.125000
G00 Z5.000000

(End cutting path id: path806)


(Start cutting path id: path806)
(Change tool to Default tool)

G00 Z5.000000
G00 X114.879000 Y45.345000

G01 Z-0.125000 F100.0(Penetrate)
G01 X115.070000 Y45.652000 Z-0.125000 F400.000000
G01 X115.530000 Y45.779000 Z-0.125000
G01 X115.990000 Y45.652000 Z-0.125000
G01 X116.181000 Y45.345000 Z-0.125000
G01 X115.990000 Y45.038000 Z-0.125000
G01 X115.530000 Y44.911000 Z-0.125000
G01 X115.070000 Y45.038000 Z-0.125000
G01 X114.879000 Y45.345000 Z-0.125000
G01 X114.879000 Y45.345000 Z-0.125000
G00 Z5.000000

(End cutting path id: path806)


(Start cutting path id: path806)
(Change tool to Default tool)

G00 Z5.000000
G00 X114.879000 Y44.043000

G01 Z-0.125000 F100.0(Penetrate)
G01 X114.999000 Y44.349000 Z-0.125000 F400.000000
G01 X115.288000 Y44.477000 Z-0.125000
G01 X115.655000 Y44.349000 Z-0.125000
G01 X115.964000 Y44.043000 Z-0.125000
G01 X115.955000 Y43.736000 Z-0.125000
G01 X115.556000 Y43.609000 Z-0.125000
G01 X115.078000 Y43.736000 Z-0.125000
G01 X114.879000 Y44.043000 Z-0.125000
G01 X114.879000 Y44.043000 Z-0.125000
G00 Z5.000000

(End cutting path id: path806)


(Start cutting path id: path806)
(Change tool to Default tool)

G00 Z5.000000
G00 X114.375000 Y40.418000

G01 Z-0.125000 F100.0(Penetrate)
G01 X114.369000 Y41.393000 Z-0.125000 F400.000000
G01 X114.610000 Y42.048000 Z-0.125000
G01 X115.186000 Y42.502000 Z-0.125000
G01 X116.181000 Y42.871000 Z-0.125000
G01 X116.372000 Y43.094000 Z-0.125000
G01 X116.520000 Y43.753000 Z-0.125000
G01 X116.700000 Y47.079000 Z-0.125000
G01 X116.713000 Y66.666000 Z-0.125000
G01 X116.593000 Y90.268000 Z-0.125000
G01 X115.101000 Y88.532000 Z-0.125000
G01 X113.610000 Y86.796000 Z-0.125000
G01 X113.593000 Y62.815000 Z-0.125000
G01 X113.691000 Y44.508000 Z-0.125000
G01 X113.834000 Y40.213000 Z-0.125000
G01 X114.044000 Y38.834000 Z-0.125000
G01 X114.222000 Y38.952000 Z-0.125000
G01 X114.342000 Y39.279000 Z-0.125000
G01 X114.375000 Y40.418000 Z-0.125000
G01 X114.375000 Y40.418000 Z-0.125000
G00 Z5.000000

(End cutting path id: path806)


(Start cutting path id: path806)
(Change tool to Default tool)

G00 Z5.000000
G00 X114.879000 Y36.205000

G01 Z-0.125000 F100.0(Penetrate)
G01 X115.007000 Y36.572000 Z-0.125000 F400.000000
G01 X115.313000 Y36.882000 Z-0.125000
G01 X115.620000 Y36.873000 Z-0.125000
G01 X115.747000 Y36.473000 Z-0.125000
G01 X115.620000 Y35.996000 Z-0.125000
G01 X115.313000 Y35.797000 Z-0.125000
G01 X115.007000 Y35.917000 Z-0.125000
G01 X114.879000 Y36.205000 Z-0.125000
G01 X114.879000 Y36.205000 Z-0.125000
G00 Z5.000000

(End cutting path id: path806)


(Start cutting path id: path806)
(Change tool to Default tool)

G00 Z5.000000
G00 X113.577000 Y36.231000

G01 Z-0.125000 F100.0(Penetrate)
G01 X113.705000 Y36.537000 Z-0.125000 F400.000000
G01 X114.011000 Y36.665000 Z-0.125000
G01 X114.318000 Y36.537000 Z-0.125000
G01 X114.445000 Y36.231000 Z-0.125000
G01 X114.318000 Y35.924000 Z-0.125000
G01 X114.011000 Y35.797000 Z-0.125000
G01 X113.705000 Y35.924000 Z-0.125000
G01 X113.577000 Y36.231000 Z-0.125000
G01 X113.577000 Y36.231000 Z-0.125000
G00 Z5.000000

(End cutting path id: path806)


(Start cutting path id: path806)
(Change tool to Default tool)

G00 Z5.000000
G00 X111.841000 Y36.205000

G01 Z-0.125000 F100.0(Penetrate)
G01 X111.968000 Y36.572000 Z-0.125000 F400.000000
G01 X112.275000 Y36.882000 Z-0.125000
G01 X112.582000 Y36.873000 Z-0.125000
G01 X112.709000 Y36.473000 Z-0.125000
G01 X112.582000 Y35.996000 Z-0.125000
G01 X112.275000 Y35.797000 Z-0.125000
G01 X111.968000 Y35.917000 Z-0.125000
G01 X111.841000 Y36.205000 Z-0.125000
G01 X111.841000 Y36.205000 Z-0.125000
G00 Z5.000000

(End cutting path id: path806)


(Start cutting path id: path806)
(Change tool to Default tool)

G00 Z5.000000
G00 X110.539000 Y36.231000

G01 Z-0.125000 F100.0(Penetrate)
G01 X110.666000 Y36.537000 Z-0.125000 F400.000000
G01 X110.973000 Y36.665000 Z-0.125000
G01 X111.279000 Y36.537000 Z-0.125000
G01 X111.407000 Y36.231000 Z-0.125000
G01 X111.279000 Y35.924000 Z-0.125000
G01 X110.973000 Y35.797000 Z-0.125000
G01 X110.666000 Y35.924000 Z-0.125000
G01 X110.539000 Y36.231000 Z-0.125000
G01 X110.539000 Y36.231000 Z-0.125000
G00 Z5.000000

(End cutting path id: path806)


(Start cutting path id: path806)
(Change tool to Default tool)

G00 Z5.000000
G00 X108.803000 Y36.231000

G01 Z-0.125000 F100.0(Penetrate)
G01 X108.930000 Y36.537000 Z-0.125000 F400.000000
G01 X109.237000 Y36.665000 Z-0.125000
G01 X109.543000 Y36.537000 Z-0.125000
G01 X109.671000 Y36.231000 Z-0.125000
G01 X109.543000 Y35.924000 Z-0.125000
G01 X109.237000 Y35.797000 Z-0.125000
G01 X108.930000 Y35.924000 Z-0.125000
G01 X108.803000 Y36.231000 Z-0.125000
G01 X108.803000 Y36.231000 Z-0.125000
G00 Z5.000000

(End cutting path id: path806)


(Start cutting path id: path806)
(Change tool to Default tool)

G00 Z5.000000
G00 X107.501000 Y36.231000

G01 Z-0.125000 F100.0(Penetrate)
G01 X107.628000 Y36.537000 Z-0.125000 F400.000000
G01 X107.935000 Y36.665000 Z-0.125000
G01 X108.241000 Y36.537000 Z-0.125000
G01 X108.369000 Y36.231000 Z-0.125000
G01 X108.241000 Y35.924000 Z-0.125000
G01 X107.935000 Y35.797000 Z-0.125000
G01 X107.628000 Y35.924000 Z-0.125000
G01 X107.501000 Y36.231000 Z-0.125000
G01 X107.501000 Y36.231000 Z-0.125000
G00 Z5.000000

(End cutting path id: path806)


(Start cutting path id: path806)
(Change tool to Default tool)

G00 Z5.000000
G00 X105.764000 Y36.231000

G01 Z-0.125000 F100.0(Penetrate)
G01 X105.892000 Y36.537000 Z-0.125000 F400.000000
G01 X106.198000 Y36.665000 Z-0.125000
G01 X106.505000 Y36.537000 Z-0.125000
G01 X106.633000 Y36.231000 Z-0.125000
G01 X106.505000 Y35.924000 Z-0.125000
G01 X106.198000 Y35.797000 Z-0.125000
G01 X105.892000 Y35.924000 Z-0.125000
G01 X105.764000 Y36.231000 Z-0.125000
G01 X105.764000 Y36.231000 Z-0.125000
G00 Z5.000000

(End cutting path id: path806)


(Start cutting path id: path806)
(Change tool to Default tool)

G00 Z5.000000
G00 X104.462000 Y36.231000

G01 Z-0.125000 F100.0(Penetrate)
G01 X104.590000 Y36.537000 Z-0.125000 F400.000000
G01 X104.896000 Y36.665000 Z-0.125000
G01 X105.203000 Y36.537000 Z-0.125000
G01 X105.330000 Y36.231000 Z-0.125000
G01 X105.203000 Y35.924000 Z-0.125000
G01 X104.896000 Y35.797000 Z-0.125000
G01 X104.590000 Y35.924000 Z-0.125000
G01 X104.462000 Y36.231000 Z-0.125000
G01 X104.462000 Y36.231000 Z-0.125000
G00 Z5.000000

(End cutting path id: path806)


(Start cutting path id: path806)
(Change tool to Default tool)

G00 Z5.000000
G00 X102.726000 Y36.205000

G01 Z-0.125000 F100.0(Penetrate)
G01 X102.854000 Y36.572000 Z-0.125000 F400.000000
G01 X103.160000 Y36.882000 Z-0.125000
G01 X103.467000 Y36.873000 Z-0.125000
G01 X103.594000 Y36.473000 Z-0.125000
G01 X103.467000 Y35.996000 Z-0.125000
G01 X103.160000 Y35.797000 Z-0.125000
G01 X102.854000 Y35.917000 Z-0.125000
G01 X102.726000 Y36.205000 Z-0.125000
G01 X102.726000 Y36.205000 Z-0.125000
G00 Z5.000000

(End cutting path id: path806)


(Start cutting path id: path806)
(Change tool to Default tool)

G00 Z5.000000
G00 X101.424000 Y36.231000

G01 Z-0.125000 F100.0(Penetrate)
G01 X101.552000 Y36.537000 Z-0.125000 F400.000000
G01 X101.858000 Y36.665000 Z-0.125000
G01 X102.165000 Y36.537000 Z-0.125000
G01 X102.292000 Y36.231000 Z-0.125000
G01 X102.165000 Y35.924000 Z-0.125000
G01 X101.858000 Y35.797000 Z-0.125000
G01 X101.552000 Y35.924000 Z-0.125000
G01 X101.424000 Y36.231000 Z-0.125000
G01 X101.424000 Y36.231000 Z-0.125000
G00 Z5.000000

(End cutting path id: path806)


(Start cutting path id: path806)
(Change tool to Default tool)

G00 Z5.000000
G00 X99.687900 Y36.231000

G01 Z-0.125000 F100.0(Penetrate)
G01 X99.815400 Y36.537000 Z-0.125000 F400.000000
G01 X100.122000 Y36.665000 Z-0.125000
G01 X100.428000 Y36.537000 Z-0.125000
G01 X100.556000 Y36.231000 Z-0.125000
G01 X100.428000 Y35.924000 Z-0.125000
G01 X100.122000 Y35.797000 Z-0.125000
G01 X99.815400 Y35.924000 Z-0.125000
G01 X99.687900 Y36.231000 Z-0.125000
G01 X99.687900 Y36.231000 Z-0.125000
G00 Z5.000000

(End cutting path id: path806)


(Start cutting path id: path806)
(Change tool to Default tool)

G00 Z5.000000
G00 X98.385800 Y36.231000

G01 Z-0.125000 F100.0(Penetrate)
G01 X98.513300 Y36.537000 Z-0.125000 F400.000000
G01 X98.819800 Y36.665000 Z-0.125000
G01 X99.126400 Y36.537000 Z-0.125000
G01 X99.253800 Y36.231000 Z-0.125000
G01 X99.126400 Y35.924000 Z-0.125000
G01 X98.819800 Y35.797000 Z-0.125000
G01 X98.513300 Y35.924000 Z-0.125000
G01 X98.385800 Y36.231000 Z-0.125000
G01 X98.385800 Y36.231000 Z-0.125000
G00 Z5.000000

(End cutting path id: path806)


(Start cutting path id: path806)
(Change tool to Default tool)

G00 Z5.000000
G00 X96.649600 Y36.231000

G01 Z-0.125000 F100.0(Penetrate)
G01 X96.777100 Y36.537000 Z-0.125000 F400.000000
G01 X97.083700 Y36.665000 Z-0.125000
G01 X97.390200 Y36.537000 Z-0.125000
G01 X97.517700 Y36.231000 Z-0.125000
G01 X97.390200 Y35.924000 Z-0.125000
G01 X97.083700 Y35.797000 Z-0.125000
G01 X96.777100 Y35.924000 Z-0.125000
G01 X96.649600 Y36.231000 Z-0.125000
G01 X96.649600 Y36.231000 Z-0.125000
G00 Z5.000000

(End cutting path id: path806)


(Start cutting path id: path806)
(Change tool to Default tool)

G00 Z5.000000
G00 X95.347500 Y36.231000

G01 Z-0.125000 F100.0(Penetrate)
G01 X95.475000 Y36.537000 Z-0.125000 F400.000000
G01 X95.781500 Y36.665000 Z-0.125000
G01 X96.088100 Y36.537000 Z-0.125000
G01 X96.215600 Y36.231000 Z-0.125000
G01 X96.088100 Y35.924000 Z-0.125000
G01 X95.781500 Y35.797000 Z-0.125000
G01 X95.475000 Y35.924000 Z-0.125000
G01 X95.347500 Y36.231000 Z-0.125000
G01 X95.347500 Y36.231000 Z-0.125000
G00 Z5.000000

(End cutting path id: path806)


(Start cutting path id: path806)
(Change tool to Default tool)

G00 Z5.000000
G00 X97.436700 Y32.650000

G01 Z-0.125000 F100.0(Penetrate)
G01 X97.734100 Y33.760000 Z-0.125000 F400.000000
G01 X97.959000 Y34.025000 Z-0.125000
G01 X98.200500 Y34.101000 Z-0.125000
G01 X98.433000 Y33.988000 Z-0.125000
G01 X98.630800 Y33.689000 Z-0.125000
G01 X98.819800 Y32.542000 Z-0.125000
G01 X98.990300 Y31.321000 Z-0.125000
G01 X99.255800 Y31.087000 Z-0.125000
G01 X99.687900 Y31.022000 Z-0.125000
G01 X100.120000 Y31.087000 Z-0.125000
G01 X100.385000 Y31.321000 Z-0.125000
G01 X100.556000 Y32.542000 Z-0.125000
G01 X100.745000 Y33.689000 Z-0.125000
G01 X100.943000 Y33.988000 Z-0.125000
G01 X101.175000 Y34.101000 Z-0.125000
G01 X101.417000 Y34.025000 Z-0.125000
G01 X101.642000 Y33.760000 Z-0.125000
G01 X101.939000 Y32.650000 Z-0.125000
G01 X102.052000 Y31.967000 Z-0.125000
G01 X102.254000 Y31.510000 Z-0.125000
G01 X102.577000 Y31.236000 Z-0.125000
G01 X103.052000 Y31.101000 Z-0.125000
G01 X103.566000 Y31.079000 Z-0.125000
G01 X103.861000 Y31.251000 Z-0.125000
G01 X103.996000 Y31.701000 Z-0.125000
G01 X104.028000 Y32.511000 Z-0.125000
G01 X104.182000 Y33.694000 Z-0.125000
G01 X104.385000 Y33.971000 Z-0.125000
G01 X104.679000 Y34.061000 Z-0.125000
G01 X104.974000 Y33.971000 Z-0.125000
G01 X105.176000 Y33.694000 Z-0.125000
G01 X105.330000 Y32.511000 Z-0.125000
G01 X105.363000 Y31.701000 Z-0.125000
G01 X105.498000 Y31.251000 Z-0.125000
G01 X105.793000 Y31.079000 Z-0.125000
G01 X106.307000 Y31.101000 Z-0.125000
G01 X106.782000 Y31.236000 Z-0.125000
G01 X107.105000 Y31.510000 Z-0.125000
G01 X107.307000 Y31.967000 Z-0.125000
G01 X107.420000 Y32.650000 Z-0.125000
G01 X107.627000 Y33.646000 Z-0.125000
G01 X107.935000 Y34.061000 Z-0.125000
G01 X108.242000 Y33.646000 Z-0.125000
G01 X108.450000 Y32.650000 Z-0.125000
G01 X108.562000 Y31.967000 Z-0.125000
G01 X108.764000 Y31.510000 Z-0.125000
G01 X109.087000 Y31.236000 Z-0.125000
G01 X109.562000 Y31.101000 Z-0.125000
G01 X110.076000 Y31.079000 Z-0.125000
G01 X110.372000 Y31.251000 Z-0.125000
G01 X110.507000 Y31.701000 Z-0.125000
G01 X110.539000 Y32.511000 Z-0.125000
G01 X110.693000 Y33.694000 Z-0.125000
G01 X110.895000 Y33.971000 Z-0.125000
G01 X111.190000 Y34.061000 Z-0.125000
G01 X111.484000 Y33.971000 Z-0.125000
G01 X111.687000 Y33.694000 Z-0.125000
G01 X111.841000 Y32.511000 Z-0.125000
G01 X111.873000 Y31.701000 Z-0.125000
G01 X112.008000 Y31.251000 Z-0.125000
G01 X112.304000 Y31.079000 Z-0.125000
G01 X112.818000 Y31.101000 Z-0.125000
G01 X113.294000 Y31.236000 Z-0.125000
G01 X113.617000 Y31.513000 Z-0.125000
G01 X113.819000 Y31.978000 Z-0.125000
G01 X113.932000 Y32.676000 Z-0.125000
G01 X114.180000 Y33.648000 Z-0.125000
G01 X114.561000 Y33.929000 Z-0.125000
G01 X114.914000 Y33.542000 Z-0.125000
G01 X115.080000 Y32.511000 Z-0.125000
G01 X115.134000 Y31.891000 Z-0.125000
G01 X115.298000 Y31.478000 Z-0.125000
G01 X115.601000 Y31.228000 Z-0.125000
G01 X116.073000 Y31.101000 Z-0.125000
G01 X116.587000 Y31.079000 Z-0.125000
G01 X116.882000 Y31.251000 Z-0.125000
G01 X117.017000 Y31.701000 Z-0.125000
G01 X117.049000 Y32.511000 Z-0.125000
G01 X117.204000 Y33.694000 Z-0.125000
G01 X117.406000 Y33.971000 Z-0.125000
G01 X117.700000 Y34.061000 Z-0.125000
G01 X117.995000 Y33.971000 Z-0.125000
G01 X118.197000 Y33.694000 Z-0.125000
G01 X118.352000 Y32.511000 Z-0.125000
G01 X118.384000 Y31.701000 Z-0.125000
G01 X118.519000 Y31.251000 Z-0.125000
G01 X118.814000 Y31.079000 Z-0.125000
G01 X119.328000 Y31.101000 Z-0.125000
G01 X119.803000 Y31.236000 Z-0.125000
G01 X120.126000 Y31.510000 Z-0.125000
G01 X120.328000 Y31.967000 Z-0.125000
G01 X120.441000 Y32.650000 Z-0.125000
G01 X120.738000 Y33.760000 Z-0.125000
G01 X120.963000 Y34.025000 Z-0.125000
G01 X121.205000 Y34.101000 Z-0.125000
G01 X121.437000 Y33.988000 Z-0.125000
G01 X121.635000 Y33.689000 Z-0.125000
G01 X121.824000 Y32.542000 Z-0.125000
G01 X121.994000 Y31.321000 Z-0.125000
G01 X122.260000 Y31.087000 Z-0.125000
G01 X122.692000 Y31.022000 Z-0.125000
G01 X123.124000 Y31.087000 Z-0.125000
G01 X123.389000 Y31.321000 Z-0.125000
G01 X123.560000 Y32.542000 Z-0.125000
G01 X123.749000 Y33.689000 Z-0.125000
G01 X123.947000 Y33.988000 Z-0.125000
G01 X124.179000 Y34.101000 Z-0.125000
G01 X124.421000 Y34.025000 Z-0.125000
G01 X124.646000 Y33.760000 Z-0.125000
G01 X124.943000 Y32.650000 Z-0.125000
G01 X125.056000 Y31.967000 Z-0.125000
G01 X125.258000 Y31.510000 Z-0.125000
G01 X125.581000 Y31.236000 Z-0.125000
G01 X126.056000 Y31.101000 Z-0.125000
G01 X126.570000 Y31.079000 Z-0.125000
G01 X126.865000 Y31.251000 Z-0.125000
G01 X127.000000 Y31.701000 Z-0.125000
G01 X127.032000 Y32.511000 Z-0.125000
G01 X127.186000 Y33.694000 Z-0.125000
G01 X127.389000 Y33.971000 Z-0.125000
G01 X127.683000 Y34.061000 Z-0.125000
G01 X127.977000 Y33.972000 Z-0.125000
G01 X128.179000 Y33.699000 Z-0.125000
G01 X128.334000 Y32.541000 Z-0.125000
G01 X128.505000 Y31.321000 Z-0.125000
G01 X128.770000 Y31.087000 Z-0.125000
G01 X129.203000 Y31.022000 Z-0.125000
G01 X129.635000 Y31.087000 Z-0.125000
G01 X129.900000 Y31.321000 Z-0.125000
G01 X130.071000 Y32.541000 Z-0.125000
G01 X130.260000 Y33.689000 Z-0.125000
G01 X130.457000 Y33.988000 Z-0.125000
G01 X130.690000 Y34.101000 Z-0.125000
G01 X130.931000 Y34.025000 Z-0.125000
G01 X131.156000 Y33.760000 Z-0.125000
G01 X131.454000 Y32.650000 Z-0.125000
G01 X131.566000 Y31.967000 Z-0.125000
G01 X131.768000 Y31.510000 Z-0.125000
G01 X132.091000 Y31.235000 Z-0.125000
G01 X132.566000 Y31.101000 Z-0.125000
G01 X133.080000 Y31.079000 Z-0.125000
G01 X133.376000 Y31.251000 Z-0.125000
G01 X133.511000 Y31.701000 Z-0.125000
G01 X133.543000 Y32.511000 Z-0.125000
G01 X133.697000 Y33.694000 Z-0.125000
G01 X133.899000 Y33.971000 Z-0.125000
G01 X134.194000 Y34.060000 Z-0.125000
G01 X134.488000 Y33.972000 Z-0.125000
G01 X134.690000 Y33.699000 Z-0.125000
G01 X134.845000 Y32.541000 Z-0.125000
G01 X134.878000 Y31.678000 Z-0.125000
G01 X135.078000 Y31.226000 Z-0.125000
G01 X135.595000 Y31.051000 Z-0.125000
G01 X136.581000 Y31.022000 Z-0.125000
G01 X137.682000 Y31.100000 Z-0.125000
G01 X138.217000 Y31.341000 Z-0.125000
G01 X138.195000 Y31.757000 Z-0.125000
G01 X137.624000 Y32.360000 Z-0.125000
G01 X137.245000 Y32.898000 Z-0.125000
G01 X137.130000 Y33.721000 Z-0.125000
G01 X137.281000 Y34.912000 Z-0.125000
G01 X137.700000 Y36.556000 Z-0.125000
G01 X137.985000 Y37.533000 Z-0.125000
G01 X116.232000 Y37.533000 Z-0.125000
G01 X94.479500 Y37.533000 Z-0.125000
G01 X94.479500 Y34.250000 Z-0.125000
G01 X94.479500 Y30.967000 Z-0.125000
G01 X95.890100 Y31.103000 Z-0.125000
G01 X96.638200 Y31.221000 Z-0.125000
G01 X97.083700 Y31.456000 Z-0.125000
G01 X97.319000 Y31.902000 Z-0.125000
G01 X97.436700 Y32.650000 Z-0.125000
G01 X97.436700 Y32.650000 Z-0.125000
G00 Z5.000000

(End cutting path id: path806)


(Start cutting path id: path806)
(Change tool to Default tool)

G00 Z5.000000
G00 X92.960300 Y31.673000

G01 Z-0.125000 F100.0(Penetrate)
G01 X92.743900 Y31.852000 Z-0.125000 F400.000000
G01 X92.154900 Y32.018000 Z-0.125000
G01 X90.218500 Y32.237000 Z-0.125000
G01 X88.202700 Y32.488000 Z-0.125000
G01 X87.726000 Y32.678000 Z-0.125000
G01 X87.598300 Y32.886000 Z-0.125000
G01 X87.815700 Y33.094000 Z-0.125000
G01 X88.374200 Y33.284000 Z-0.125000
G01 X90.499000 Y33.539000 Z-0.125000
G01 X92.585500 Y33.779000 Z-0.125000
G01 X93.039100 Y33.995000 Z-0.125000
G01 X93.177300 Y34.298000 Z-0.125000
G01 X93.042700 Y34.602000 Z-0.125000
G01 X92.583100 Y34.796000 Z-0.125000
G01 X90.356100 Y34.929000 Z-0.125000
G01 X88.113500 Y35.062000 Z-0.125000
G01 X87.663700 Y35.262000 Z-0.125000
G01 X87.534800 Y35.580000 Z-0.125000
G01 X87.664700 Y35.898000 Z-0.125000
G01 X88.118800 Y36.098000 Z-0.125000
G01 X90.387900 Y36.231000 Z-0.125000
G01 X92.720400 Y36.363000 Z-0.125000
G01 X93.075600 Y36.593000 Z-0.125000
G01 X93.096900 Y36.990000 Z-0.125000
G01 X92.931200 Y37.350000 Z-0.125000
G01 X92.568500 Y37.608000 Z-0.125000
G01 X91.111900 Y37.883000 Z-0.125000
G01 X89.745000 Y38.107000 Z-0.125000
G01 X89.415000 Y38.263000 Z-0.125000
G01 X89.318100 Y38.426000 Z-0.125000
G01 X89.816200 Y38.711000 Z-0.125000
G01 X91.224100 Y38.835000 Z-0.125000
G01 X92.286100 Y38.864000 Z-0.125000
G01 X92.873400 Y39.004000 Z-0.125000
G01 X93.124400 Y39.330000 Z-0.125000
G01 X93.177300 Y39.920000 Z-0.125000
G01 X93.116200 Y40.537000 Z-0.125000
G01 X92.743200 Y40.861000 Z-0.125000
G01 X91.773400 Y40.985000 Z-0.125000
G01 X89.922000 Y41.005000 Z-0.125000
G01 X86.666700 Y41.005000 Z-0.125000
G01 X86.666700 Y35.995000 Z-0.125000
G01 X86.666700 Y30.984000 Z-0.125000
G01 X89.813500 Y31.112000 Z-0.125000
G01 X92.035900 Y31.329000 Z-0.125000
G01 X92.711900 Y31.495000 Z-0.125000
G01 X92.960200 Y31.673000 Z-0.125000
G01 X92.960300 Y31.673000 Z-0.125000
G00 Z5.000000

(End cutting path id: path806)


(Start cutting path id: path806)
(Change tool to Default tool)

G00 Z5.000000
G00 X91.564500 Y23.748000

G01 Z-0.125000 F100.0(Penetrate)
G01 X90.638900 Y23.491000 Z-0.125000 F400.000000
G01 X89.902600 Y22.898000 Z-0.125000
G01 X89.444000 Y22.072000 Z-0.125000
G01 X89.351600 Y21.116000 Z-0.125000
G01 X89.351600 Y16.267000 Z-0.125000
G01 X90.285300 Y16.235000 Z-0.125000
G01 X90.670500 Y16.300000 Z-0.125000
G01 X90.753900 Y16.667000 Z-0.125000
G01 X90.798000 Y21.663000 Z-0.125000
G01 X91.131400 Y22.162000 Z-0.125000
G01 X91.680300 Y22.349000 Z-0.125000
G01 X92.912500 Y22.359000 Z-0.125000
G01 X95.890600 Y22.359000 Z-0.125000
G01 X95.923200 Y23.293000 Z-0.125000
G01 X95.857800 Y23.678000 Z-0.125000
G01 X95.490600 Y23.761000 Z-0.125000
G01 X91.564400 Y23.748000 Z-0.125000
G01 X91.564500 Y23.748000 Z-0.125000
G00 Z5.000000

(End cutting path id: path806)


(Start cutting path id: path806)
(Change tool to Default tool)

G00 Z5.000000
G00 X96.153500 Y22.096000

G01 Z-0.125000 F100.0(Penetrate)
G01 X91.811800 Y22.096000 Z-0.125000 F400.000000
G01 X91.218100 Y21.896000 Z-0.125000
G01 X91.017700 Y21.324000 Z-0.125000
G01 X91.017700 Y16.003000 Z-0.125000
G01 X89.088000 Y16.003000 Z-0.125000
G01 X89.088000 Y21.324000 Z-0.125000
G01 X89.214200 Y22.215000 Z-0.125000
G01 X89.548200 Y22.905000 Z-0.125000
G01 X90.038000 Y23.417000 Z-0.125000
G01 X90.609500 Y23.766000 Z-0.125000
G01 X91.218100 Y23.959000 Z-0.125000
G01 X91.797000 Y24.026000 Z-0.125000
G01 X96.153500 Y24.026000 Z-0.125000
G01 X96.153500 Y22.096000 Z-0.125000
G00 Z5.000000

(End cutting path id: path806)


(Start cutting path id: path806)
(Change tool to Default tool)

G00 Z5.000000
G00 X97.630900 Y18.724000

G01 Z-0.125000 F100.0(Penetrate)
G01 X97.790700 Y17.736000 Z-0.125000 F400.000000
G01 X98.356100 Y16.933000 Z-0.125000
G01 X99.197600 Y16.412000 Z-0.125000
G01 X100.186000 Y16.267000 Z-0.125000
G01 X103.293000 Y16.267000 Z-0.125000
G01 X103.326000 Y17.201000 Z-0.125000
G01 X103.260000 Y17.586000 Z-0.125000
G01 X102.893000 Y17.670000 Z-0.125000
G01 X101.259000 Y17.659000 Z-0.125000
G01 X99.636700 Y17.742000 Z-0.125000
G01 X99.170700 Y18.146000 Z-0.125000
G01 X99.025000 Y18.735000 Z-0.125000
G01 X99.033200 Y20.013000 Z-0.125000
G01 X99.033200 Y23.761000 Z-0.125000
G01 X98.099500 Y23.794000 Z-0.125000
G01 X97.714300 Y23.729000 Z-0.125000
G01 X97.630900 Y23.361000 Z-0.125000
G01 X97.630900 Y18.724000 Z-0.125000
G01 X97.630900 Y18.724000 Z-0.125000
G00 Z5.000000

(End cutting path id: path806)


(Start cutting path id: path806)
(Change tool to Default tool)

G00 Z5.000000
G00 X103.556000 Y16.003000

G01 Z-0.125000 F100.0(Penetrate)
G01 X100.076000 Y16.003000 Z-0.125000 F400.000000
G01 X99.185000 Y16.144000 Z-0.125000
G01 X98.309300 Y16.604000 Z-0.125000
G01 X97.633900 Y17.443000 Z-0.125000
G01 X97.433500 Y18.020000 Z-0.125000
G01 X97.366700 Y18.712000 Z-0.125000
G01 X97.366700 Y24.026000 Z-0.125000
G01 X99.296400 Y24.026000 Z-0.125000
G01 X99.296400 Y18.712000 Z-0.125000
G01 X99.496700 Y18.133000 Z-0.125000
G01 X100.090000 Y17.933000 Z-0.125000
G01 X103.556000 Y17.933000 Z-0.125000
G01 X103.556000 Y16.003000 Z-0.125000
G00 Z5.000000

(End cutting path id: path806)


(Start cutting path id: path806)
(Change tool to Default tool)

G00 Z5.000000
G00 X104.592000 Y15.232000

G01 Z-0.125000 F100.0(Penetrate)
G01 X104.509000 Y14.739000 Z-0.125000 F400.000000
G01 X104.201000 Y14.383000 Z-0.125000
G01 X103.754000 Y14.191000 Z-0.125000
G01 X103.257000 Y14.189000 Z-0.125000
G01 X100.340000 Y14.189000 Z-0.125000
G01 X100.307000 Y13.255000 Z-0.125000
G01 X100.373000 Y12.870000 Z-0.125000
G01 X100.740000 Y12.787000 Z-0.125000
G01 X102.697000 Y12.768000 Z-0.125000
G01 X103.669000 Y12.804000 Z-0.125000
G01 X104.615000 Y13.019000 Z-0.125000
G01 X105.326000 Y13.485000 Z-0.125000
G01 X105.776000 Y14.176000 Z-0.125000
G01 X105.991000 Y14.994000 Z-0.125000
G01 X105.994000 Y15.840000 Z-0.125000
G01 X105.994000 Y23.761000 Z-0.125000
G01 X105.060000 Y23.794000 Z-0.125000
G01 X104.675000 Y23.728000 Z-0.125000
G01 X104.592000 Y23.361000 Z-0.125000
G01 X104.592000 Y15.232000 Z-0.125000
G01 X104.592000 Y15.232000 Z-0.125000
G00 Z5.000000

(End cutting path id: path806)


(Start cutting path id: path806)
(Change tool to Default tool)

G00 Z5.000000
G00 X106.258000 Y15.231000

G01 Z-0.125000 F100.0(Penetrate)
G01 X106.132000 Y14.341000 Z-0.125000 F400.000000
G01 X105.798000 Y13.643000 Z-0.125000
G01 X105.315000 Y13.131000 Z-0.125000
G01 X104.736000 Y12.782000 Z-0.125000
G01 X104.135000 Y12.589000 Z-0.125000
G01 X103.556000 Y12.522000 Z-0.125000
G01 X100.076000 Y12.522000 Z-0.125000
G01 X100.076000 Y14.452000 Z-0.125000
G01 X103.556000 Y14.452000 Z-0.125000
G01 X104.135000 Y14.652000 Z-0.125000
G01 X104.328000 Y15.231000 Z-0.125000
G01 X104.328000 Y24.026000 Z-0.125000
G01 X106.258000 Y24.026000 Z-0.125000
G01 X106.258000 Y15.231000 Z-0.125000
G00 Z5.000000

(End cutting path id: path806)


(Start cutting path id: path806)
(Change tool to Default tool)

G00 Z5.000000
G00 X114.031000 Y24.980000

G01 Z-0.125000 F100.0(Penetrate)
G01 X120.300000 Y24.937000 Z-0.125000 F400.000000
G01 X120.792000 Y24.600000 Z-0.125000
G01 X120.980000 Y24.055000 Z-0.125000
G01 X120.969000 Y22.830000 Z-0.125000
G01 X120.734000 Y22.324000 Z-0.125000
G01 X120.270000 Y22.081000 Z-0.125000
G01 X119.151000 Y22.033000 Z-0.125000
G01 X116.972000 Y22.046000 Z-0.125000
G01 X114.807000 Y21.923000 Z-0.125000
G01 X113.977000 Y21.465000 Z-0.125000
G01 X113.439000 Y20.715000 Z-0.125000
G01 X113.173000 Y19.803000 Z-0.125000
G01 X113.164000 Y18.858000 Z-0.125000
G01 X113.164000 Y16.267000 Z-0.125000
G01 X122.410000 Y16.267000 Z-0.125000
G01 X122.443000 Y17.201000 Z-0.125000
G01 X122.377000 Y17.586000 Z-0.125000
G01 X122.010000 Y17.670000 Z-0.125000
G01 X114.566000 Y17.670000 Z-0.125000
G01 X114.544000 Y19.064000 Z-0.125000
G01 X114.598000 Y19.749000 Z-0.125000
G01 X114.881000 Y20.364000 Z-0.125000
G01 X115.438000 Y20.598000 Z-0.125000
G01 X116.052000 Y20.636000 Z-0.125000
G01 X117.302000 Y20.615000 Z-0.125000
G01 X119.264000 Y20.593000 Z-0.125000
G01 X120.237000 Y20.645000 Z-0.125000
G01 X121.170000 Y20.916000 Z-0.125000
G01 X121.834000 Y21.425000 Z-0.125000
G01 X122.236000 Y22.132000 Z-0.125000
G01 X122.416000 Y22.948000 Z-0.125000
G01 X122.410000 Y23.782000 Z-0.125000
G01 X122.258000 Y24.800000 Z-0.125000
G01 X121.712000 Y25.662000 Z-0.125000
G01 X120.877000 Y26.233000 Z-0.125000
G01 X119.857000 Y26.382000 Z-0.125000
G01 X114.031000 Y26.382000 Z-0.125000
G01 X114.031000 Y24.980000 Z-0.125000
G01 X114.031000 Y24.980000 Z-0.125000
G00 Z5.000000

(End cutting path id: path806)


(Start cutting path id: path806)
(Change tool to Default tool)

G00 Z5.000000
G00 X124.797000 Y24.980000

G01 Z-0.125000 F100.0(Penetrate)
G01 X131.062000 Y24.937000 Z-0.125000 F400.000000
G01 X131.563000 Y24.607000 Z-0.125000
G01 X131.749000 Y24.057000 Z-0.125000
G01 X131.758000 Y22.822000 Z-0.125000
G01 X131.797000 Y22.345000 Z-0.125000
G01 X131.617000 Y22.087000 Z-0.125000
G01 X130.794000 Y22.033000 Z-0.125000
G01 X124.797000 Y22.033000 Z-0.125000
G01 X124.765000 Y21.092000 Z-0.125000
G01 X124.830000 Y20.703000 Z-0.125000
G01 X125.197000 Y20.615000 Z-0.125000
G01 X131.758000 Y20.615000 Z-0.125000
G01 X131.775000 Y19.331000 Z-0.125000
G01 X131.756000 Y18.693000 Z-0.125000
G01 X131.598000 Y18.084000 Z-0.125000
G01 X131.101000 Y17.730000 Z-0.125000
G01 X130.491000 Y17.649000 Z-0.125000
G01 X129.223000 Y17.670000 Z-0.125000
G01 X124.797000 Y17.670000 Z-0.125000
G01 X124.764000 Y16.736000 Z-0.125000
G01 X124.830000 Y16.351000 Z-0.125000
G01 X125.197000 Y16.267000 Z-0.125000
G01 X128.207000 Y16.260000 Z-0.125000
G01 X131.213000 Y16.320000 Z-0.125000
G01 X132.080000 Y16.640000 Z-0.125000
G01 X132.731000 Y17.271000 Z-0.125000
G01 X133.113000 Y18.103000 Z-0.125000
G01 X133.168000 Y19.026000 Z-0.125000
G01 X133.176000 Y21.747000 Z-0.125000
G01 X133.104000 Y24.463000 Z-0.125000
G01 X132.760000 Y25.335000 Z-0.125000
G01 X132.104000 Y25.976000 Z-0.125000
G01 X131.251000 Y26.340000 Z-0.125000
G01 X130.315000 Y26.382000 Z-0.125000
G01 X124.797000 Y26.382000 Z-0.125000
G01 X124.797000 Y24.980000 Z-0.125000
G01 X124.797000 Y24.980000 Z-0.125000
G00 Z5.000000

(End cutting path id: path806)


(Start cutting path id: path806)
(Change tool to Default tool)

G00 Z5.000000
G00 X122.674000 Y16.003000

G01 Z-0.125000 F100.0(Penetrate)
G01 X112.900000 Y16.003000 Z-0.125000 F400.000000
G01 X112.900000 Y19.573000 Z-0.125000
G01 X112.959000 Y20.152000 Z-0.125000
G01 X113.160000 Y20.768000 Z-0.125000
G01 X113.501000 Y21.347000 Z-0.125000
G01 X114.013000 Y21.829000 Z-0.125000
G01 X114.711000 Y22.170000 Z-0.125000
G01 X115.601000 Y22.297000 Z-0.125000
G01 X119.951000 Y22.297000 Z-0.125000
G01 X120.529000 Y22.490000 Z-0.125000
G01 X120.722000 Y23.068000 Z-0.125000
G01 X120.722000 Y23.922000 Z-0.125000
G01 X120.529000 Y24.516000 Z-0.125000
G01 X119.965000 Y24.716000 Z-0.125000
G01 X113.768000 Y24.716000 Z-0.125000
G01 X113.768000 Y26.646000 Z-0.125000
G01 X119.965000 Y26.646000 Z-0.125000
G01 X120.849000 Y26.520000 Z-0.125000
G01 X121.539000 Y26.178000 Z-0.125000
G01 X122.058000 Y25.696000 Z-0.125000
G01 X122.407000 Y25.117000 Z-0.125000
G01 X122.607000 Y24.508000 Z-0.125000
G01 X122.674000 Y23.937000 Z-0.125000
G01 X122.674000 Y23.068000 Z-0.125000
G01 X122.606000 Y22.376000 Z-0.125000
G01 X122.400000 Y21.799000 Z-0.125000
G01 X121.724000 Y20.961000 Z-0.125000
G01 X120.841000 Y20.493000 Z-0.125000
G01 X119.965000 Y20.352000 Z-0.125000
G01 X115.601000 Y20.352000 Z-0.125000
G01 X115.223000 Y20.285000 Z-0.125000
G01 X115.000000 Y20.107000 Z-0.125000
G01 X114.889000 Y19.855000 Z-0.125000
G01 X114.829000 Y19.573000 Z-0.125000
G01 X114.829000 Y17.933000 Z-0.125000
G01 X122.674000 Y17.933000 Z-0.125000
G01 X122.674000 Y16.003000 Z-0.125000
G00 Z5.000000

(End cutting path id: path806)


(Start cutting path id: path806)
(Change tool to Default tool)

G00 Z5.000000
G00 X133.432000 Y18.712000

G01 Z-0.125000 F100.0(Penetrate)
G01 X133.363000 Y18.020000 Z-0.125000 F400.000000
G01 X133.157000 Y17.443000 Z-0.125000
G01 X132.482000 Y16.604000 Z-0.125000
G01 X131.606000 Y16.144000 Z-0.125000
G01 X130.723000 Y16.003000 Z-0.125000
G01 X124.533000 Y16.003000 Z-0.125000
G01 X124.533000 Y17.933000 Z-0.125000
G01 X130.723000 Y17.933000 Z-0.125000
G01 X131.302000 Y18.133000 Z-0.125000
G01 X131.495000 Y18.712000 Z-0.125000
G01 X131.495000 Y20.352000 Z-0.125000
G01 X124.533000 Y20.352000 Z-0.125000
G01 X124.533000 Y22.297000 Z-0.125000
G01 X131.495000 Y22.297000 Z-0.125000
G01 X131.495000 Y23.922000 Z-0.125000
G01 X131.302000 Y24.518000 Z-0.125000
G01 X130.723000 Y24.716000 Z-0.125000
G01 X124.533000 Y24.716000 Z-0.125000
G01 X124.533000 Y26.646000 Z-0.125000
G01 X130.723000 Y26.646000 Z-0.125000
G01 X131.613000 Y26.520000 Z-0.125000
G01 X132.304000 Y26.178000 Z-0.125000
G01 X132.823000 Y25.696000 Z-0.125000
G01 X133.172000 Y25.117000 Z-0.125000
G01 X133.365000 Y24.508000 Z-0.125000
G01 X133.432000 Y23.937000 Z-0.125000
G01 X133.432000 Y18.712000 Z-0.125000
G00 Z5.000000

(End cutting path id: path806)


(Start cutting path id: path806)
(Change tool to Default tool)

G00 Z5.000000
G00 X135.119000 Y14.902000

G01 Z-0.125000 F100.0(Penetrate)
G01 X135.612000 Y14.858000 Z-0.125000 F400.000000
G01 X135.944000 Y15.033000 Z-0.125000
G01 X136.258000 Y15.858000 Z-0.125000
G01 X136.951000 Y18.107000 Z-0.125000
G01 X136.021000 Y18.119000 Z-0.125000
G01 X135.682000 Y17.973000 Z-0.125000
G01 X135.602000 Y17.517000 Z-0.125000
G01 X135.119000 Y14.902000 Z-0.125000
G01 X135.119000 Y14.902000 Z-0.125000
G00 Z5.000000

(End cutting path id: path806)


(Start cutting path id: path806)
(Change tool to Default tool)

G00 Z5.000000
G00 X136.159000 Y14.637000

G01 Z-0.125000 F100.0(Penetrate)
G01 X134.801000 Y14.637000 Z-0.125000 F400.000000
G01 X135.491000 Y18.371000 Z-0.125000
G01 X137.309000 Y18.371000 Z-0.125000
G01 X136.159000 Y14.637000 Z-0.125000
G00 Z5.000000

(End cutting path id: path806)


(Start cutting path id: path806)
(Change tool to Default tool)

G00 Z5.000000
G00 X144.719000 Y24.980000

G01 Z-0.125000 F100.0(Penetrate)
G01 X150.988000 Y24.937000 Z-0.125000 F400.000000
G01 X151.479000 Y24.600000 Z-0.125000
G01 X151.667000 Y24.055000 Z-0.125000
G01 X151.656000 Y22.830000 Z-0.125000
G01 X151.440000 Y22.342000 Z-0.125000
G01 X151.004000 Y22.092000 Z-0.125000
G01 X149.939000 Y22.033000 Z-0.125000
G01 X147.710000 Y22.046000 Z-0.125000
G01 X145.494000 Y21.923000 Z-0.125000
G01 X144.667000 Y21.466000 Z-0.125000
G01 X144.127000 Y20.715000 Z-0.125000
G01 X143.860000 Y19.803000 Z-0.125000
G01 X143.852000 Y18.858000 Z-0.125000
G01 X143.852000 Y16.267000 Z-0.125000
G01 X153.098000 Y16.267000 Z-0.125000
G01 X153.130000 Y17.201000 Z-0.125000
G01 X153.065000 Y17.586000 Z-0.125000
G01 X152.698000 Y17.670000 Z-0.125000
G01 X145.254000 Y17.670000 Z-0.125000
G01 X145.232000 Y19.064000 Z-0.125000
G01 X145.286000 Y19.749000 Z-0.125000
G01 X145.568000 Y20.364000 Z-0.125000
G01 X146.125000 Y20.598000 Z-0.125000
G01 X146.740000 Y20.636000 Z-0.125000
G01 X147.989000 Y20.615000 Z-0.125000
G01 X149.952000 Y20.593000 Z-0.125000
G01 X150.925000 Y20.645000 Z-0.125000
G01 X151.857000 Y20.916000 Z-0.125000
G01 X152.521000 Y21.424000 Z-0.125000
G01 X152.925000 Y22.131000 Z-0.125000
G01 X153.105000 Y22.946000 Z-0.125000
G01 X153.098000 Y23.780000 Z-0.125000
G01 X152.947000 Y24.800000 Z-0.125000
G01 X152.401000 Y25.661000 Z-0.125000
G01 X151.565000 Y26.233000 Z-0.125000
G01 X150.545000 Y26.382000 Z-0.125000
G01 X144.719000 Y26.382000 Z-0.125000
G01 X144.719000 Y24.980000 Z-0.125000
G01 X144.719000 Y24.980000 Z-0.125000
G00 Z5.000000

(End cutting path id: path806)


(Start cutting path id: path806)
(Change tool to Default tool)

G00 Z5.000000
G00 X145.153000 Y31.940000

G01 Z-0.125000 F100.0(Penetrate)
G01 X144.554000 Y32.464000 Z-0.125000 F400.000000
G01 X144.190000 Y33.019000 Z-0.125000
G01 X144.009000 Y33.723000 Z-0.125000
G01 X143.960000 Y34.697000 Z-0.125000
G01 X143.999000 Y35.654000 Z-0.125000
G01 X144.145000 Y36.275000 Z-0.125000
G01 X144.443000 Y36.659000 Z-0.125000
G01 X144.936000 Y36.906000 Z-0.125000
G01 X145.324000 Y37.082000 Z-0.125000
G01 X145.293000 Y37.214000 Z-0.125000
G01 X143.805000 Y37.417000 Z-0.125000
G01 X141.562000 Y37.449000 Z-0.125000
G01 X141.892000 Y35.280000 Z-0.125000
G01 X142.137000 Y33.416000 Z-0.125000
G01 X141.984000 Y32.779000 Z-0.125000
G01 X141.630000 Y32.134000 Z-0.125000
G01 X140.902000 Y31.022000 Z-0.125000
G01 X143.624000 Y31.035000 Z-0.125000
G01 X146.347000 Y31.049000 Z-0.125000
G01 X145.153000 Y31.940000 Z-0.125000
G00 Z5.000000

(End cutting path id: path806)


(Start cutting path id: path806)
(Change tool to Default tool)

G00 Z5.000000
G00 X148.471000 Y33.735000

G01 Z-0.125000 F100.0(Penetrate)
G01 X148.690000 Y34.493000 Z-0.125000 F400.000000
G01 X148.488000 Y35.232000 Z-0.125000
G01 X147.935000 Y35.826000 Z-0.125000
G01 X147.104000 Y36.146000 Z-0.125000
G01 X146.648000 Y36.133000 Z-0.125000
G01 X146.219000 Y35.973000 Z-0.125000
G01 X145.521000 Y35.327000 Z-0.125000
G01 X145.166000 Y34.438000 Z-0.125000
G01 X145.167000 Y33.973000 Z-0.125000
G01 X145.312000 Y33.533000 Z-0.125000
G01 X145.576000 Y33.203000 Z-0.125000
G01 X145.939000 Y32.979000 Z-0.125000
G01 X146.838000 Y32.838000 Z-0.125000
G01 X147.764000 Y33.095000 Z-0.125000
G01 X148.471000 Y33.735000 Z-0.125000
G01 X148.471000 Y33.735000 Z-0.125000
G00 Z5.000000

(End cutting path id: path806)


(Start cutting path id: path806)
(Change tool to Default tool)

G00 Z5.000000
G00 X152.985000 Y34.386000

G01 Z-0.125000 F100.0(Penetrate)
G01 X153.113000 Y37.533000 Z-0.125000 F400.000000
G01 X150.509000 Y37.533000 Z-0.125000
G01 X147.906000 Y37.533000 Z-0.125000
G01 X148.971000 Y36.468000 Z-0.125000
G01 X149.735000 Y35.483000 Z-0.125000
G01 X149.978000 Y34.523000 Z-0.125000
G01 X149.698000 Y33.502000 Z-0.125000
G01 X148.893000 Y32.334000 Z-0.125000
G01 X147.749000 Y30.976000 Z-0.125000
G01 X150.303000 Y31.107000 Z-0.125000
G01 X152.857000 Y31.239000 Z-0.125000
G01 X152.985000 Y34.386000 Z-0.125000
G00 Z5.000000

(End cutting path id: path806)


(Start cutting path id: path806)
(Change tool to Default tool)

G00 Z5.000000
G00 X155.679000 Y33.627000

G01 Z-0.125000 F100.0(Penetrate)
G01 X155.870000 Y33.933000 Z-0.125000 F400.000000
G01 X156.330000 Y34.061000 Z-0.125000
G01 X156.790000 Y33.933000 Z-0.125000
G01 X156.981000 Y33.627000 Z-0.125000
G01 X156.790000 Y33.320000 Z-0.125000
G01 X156.330000 Y33.193000 Z-0.125000
G01 X155.870000 Y33.320000 Z-0.125000
G01 X155.679000 Y33.627000 Z-0.125000
G01 X155.679000 Y33.627000 Z-0.125000
G00 Z5.000000

(End cutting path id: path806)


(Start cutting path id: path806)
(Change tool to Default tool)

G00 Z5.000000
G00 X156.032000 Y32.621000

G01 Z-0.125000 F100.0(Penetrate)
G01 X156.511000 Y32.705000 Z-0.125000 F400.000000
G01 X156.863000 Y32.587000 Z-0.125000
G01 X156.804000 Y32.412000 Z-0.125000
G01 X156.294000 Y32.359000 Z-0.125000
G01 X155.843000 Y32.446000 Z-0.125000
G01 X156.032000 Y32.621000 Z-0.125000
G01 X156.032000 Y32.621000 Z-0.125000
G00 Z5.000000

(End cutting path id: path806)


(Start cutting path id: path806)
(Change tool to Default tool)

G00 Z5.000000
G00 X156.032000 Y35.225000

G01 Z-0.125000 F100.0(Penetrate)
G01 X156.511000 Y35.309000 Z-0.125000 F400.000000
G01 X156.863000 Y35.191000 Z-0.125000
G01 X156.804000 Y35.016000 Z-0.125000
G01 X156.294000 Y34.963000 Z-0.125000
G01 X155.843000 Y35.050000 Z-0.125000
G01 X156.032000 Y35.225000 Z-0.125000
G01 X156.032000 Y35.225000 Z-0.125000
G00 Z5.000000

(End cutting path id: path806)


(Start cutting path id: path806)
(Change tool to Default tool)

G00 Z5.000000
G00 X155.679000 Y36.665000

G01 Z-0.125000 F100.0(Penetrate)
G01 X155.870000 Y36.971000 Z-0.125000 F400.000000
G01 X156.330000 Y37.099000 Z-0.125000
G01 X156.790000 Y36.971000 Z-0.125000
G01 X156.981000 Y36.665000 Z-0.125000
G01 X156.790000 Y36.358000 Z-0.125000
G01 X156.330000 Y36.231000 Z-0.125000
G01 X155.870000 Y36.358000 Z-0.125000
G01 X155.679000 Y36.665000 Z-0.125000
G01 X155.679000 Y36.665000 Z-0.125000
G00 Z5.000000

(End cutting path id: path806)


(Start cutting path id: path806)
(Change tool to Default tool)

G00 Z5.000000
G00 X155.679000 Y37.967000

G01 Z-0.125000 F100.0(Penetrate)
G01 X155.870000 Y38.274000 Z-0.125000 F400.000000
G01 X156.330000 Y38.401000 Z-0.125000
G01 X156.790000 Y38.274000 Z-0.125000
G01 X156.981000 Y37.967000 Z-0.125000
G01 X156.790000 Y37.660000 Z-0.125000
G01 X156.330000 Y37.533000 Z-0.125000
G01 X155.870000 Y37.660000 Z-0.125000
G01 X155.679000 Y37.967000 Z-0.125000
G01 X155.679000 Y37.967000 Z-0.125000
G00 Z5.000000

(End cutting path id: path806)


(Start cutting path id: path806)
(Change tool to Default tool)

G00 Z5.000000
G00 X156.032000 Y39.566000

G01 Z-0.125000 F100.0(Penetrate)
G01 X156.511000 Y39.650000 Z-0.125000 F400.000000
G01 X156.863000 Y39.531000 Z-0.125000
G01 X156.804000 Y39.356000 Z-0.125000
G01 X156.294000 Y39.303000 Z-0.125000
G01 X155.843000 Y39.390000 Z-0.125000
G01 X156.032000 Y39.566000 Z-0.125000
G01 X156.032000 Y39.566000 Z-0.125000
G00 Z5.000000

(End cutting path id: path806)


(Start cutting path id: path806)
(Change tool to Default tool)

G00 Z5.000000
G00 X157.315000 Y40.246000

G01 Z-0.125000 F100.0(Penetrate)
G01 X157.433000 Y49.252000 Z-0.125000 F400.000000
G01 X154.603000 Y49.252000 Z-0.125000
G01 X151.772000 Y49.252000 Z-0.125000
G01 X151.772000 Y44.478000 Z-0.125000
G01 X151.649000 Y40.607000 Z-0.125000
G01 X151.451000 Y39.893000 Z-0.125000
G01 X151.121000 Y39.703000 Z-0.125000
G01 X150.930000 Y39.862000 Z-0.125000
G01 X150.779000 Y40.449000 Z-0.125000
G01 X150.582000 Y43.573000 Z-0.125000
G01 X150.470000 Y62.273000 Z-0.125000
G01 X150.470000 Y84.843000 Z-0.125000
G01 X138.964000 Y84.843000 Z-0.125000
G01 X127.458000 Y84.843000 Z-0.125000
G01 X127.571000 Y63.467000 Z-0.125000
G01 X127.683000 Y42.090000 Z-0.125000
G01 X128.903000 Y41.951000 Z-0.125000
G01 X129.805000 Y41.676000 Z-0.125000
G01 X129.969000 Y41.425000 Z-0.125000
G01 X129.962000 Y41.083000 Z-0.125000
G01 X129.697000 Y40.600000 Z-0.125000
G01 X129.285000 Y40.463000 Z-0.125000
G01 X128.922000 Y40.253000 Z-0.125000
G01 X128.775000 Y39.595000 Z-0.125000
G01 X128.864000 Y38.936000 Z-0.125000
G01 X129.209000 Y39.269000 Z-0.125000
G01 X129.632000 Y39.696000 Z-0.125000
G01 X130.037000 Y39.297000 Z-0.125000
G01 X130.271000 Y38.997000 Z-0.125000
G01 X130.497000 Y38.894000 Z-0.125000
G01 X131.164000 Y39.276000 Z-0.125000
G01 X131.839000 Y39.638000 Z-0.125000
G01 X132.072000 Y39.490000 Z-0.125000
G01 X132.321000 Y39.110000 Z-0.125000
G01 X132.575000 Y38.697000 Z-0.125000
G01 X132.778000 Y38.562000 Z-0.125000
G01 X133.365000 Y39.130000 Z-0.125000
G01 X133.958000 Y39.703000 Z-0.125000
G01 X134.171000 Y39.560000 Z-0.125000
G01 X134.450000 Y39.130000 Z-0.125000
G01 X134.728000 Y38.701000 Z-0.125000
G01 X134.940000 Y38.558000 Z-0.125000
G01 X135.526000 Y39.130000 Z-0.125000
G01 X136.095000 Y39.662000 Z-0.125000
G01 X136.307000 Y39.587000 Z-0.125000
G01 X136.540000 Y39.297000 Z-0.125000
G01 X136.777000 Y38.998000 Z-0.125000
G01 X137.005000 Y38.895000 Z-0.125000
G01 X137.666000 Y39.269000 Z-0.125000
G01 X138.325000 Y39.644000 Z-0.125000
G01 X138.548000 Y39.540000 Z-0.125000
G01 X138.778000 Y39.241000 Z-0.125000
G01 X139.079000 Y38.898000 Z-0.125000
G01 X139.179000 Y39.161000 Z-0.125000
G01 X139.428000 Y39.544000 Z-0.125000
G01 X140.017000 Y39.703000 Z-0.125000
G01 X140.658000 Y39.544000 Z-0.125000
G01 X141.032000 Y39.161000 Z-0.125000
G01 X141.156000 Y38.931000 Z-0.125000
G01 X141.337000 Y38.867000 Z-0.125000
G01 X141.978000 Y39.249000 Z-0.125000
G01 X142.685000 Y39.644000 Z-0.125000
G01 X142.920000 Y39.497000 Z-0.125000
G01 X143.172000 Y39.110000 Z-0.125000
G01 X143.426000 Y38.698000 Z-0.125000
G01 X143.627000 Y38.562000 Z-0.125000
G01 X144.207000 Y39.130000 Z-0.125000
G01 X144.789000 Y39.673000 Z-0.125000
G01 X145.017000 Y39.585000 Z-0.125000
G01 X145.287000 Y39.269000 Z-0.125000
G01 X145.706000 Y38.878000 Z-0.125000
G01 X145.982000 Y39.161000 Z-0.125000
G01 X146.308000 Y39.544000 Z-0.125000
G01 X146.781000 Y39.703000 Z-0.125000
G01 X147.264000 Y39.544000 Z-0.125000
G01 X147.613000 Y39.161000 Z-0.125000
G01 X147.866000 Y38.835000 Z-0.125000
G01 X148.119000 Y39.161000 Z-0.125000
G01 X148.458000 Y39.533000 Z-0.125000
G01 X148.930000 Y39.688000 Z-0.125000
G01 X149.385000 Y39.613000 Z-0.125000
G01 X149.674000 Y39.294000 Z-0.125000
G01 X150.414000 Y38.966000 Z-0.125000
G01 X151.989000 Y38.751000 Z-0.125000
G01 X154.160000 Y38.618000 Z-0.125000
G01 X154.285000 Y34.794000 Z-0.125000
G01 X154.411000 Y30.970000 Z-0.125000
G01 X155.805000 Y31.105000 Z-0.125000
G01 X157.198000 Y31.240000 Z-0.125000
G01 X157.315000 Y40.246000 Z-0.125000
G00 Z5.000000

(End cutting path id: path806)


(Start cutting path id: path806)
(Change tool to Default tool)

G00 Z5.000000
G00 X155.679000 Y41.005000

G01 Z-0.125000 F100.0(Penetrate)
G01 X155.870000 Y41.311000 Z-0.125000 F400.000000
G01 X156.330000 Y41.439000 Z-0.125000
G01 X156.790000 Y41.311000 Z-0.125000
G01 X156.981000 Y41.005000 Z-0.125000
G01 X156.790000 Y40.698000 Z-0.125000
G01 X156.330000 Y40.571000 Z-0.125000
G01 X155.870000 Y40.698000 Z-0.125000
G01 X155.679000 Y41.005000 Z-0.125000
G01 X155.679000 Y41.005000 Z-0.125000
G00 Z5.000000

(End cutting path id: path806)


(Start cutting path id: path806)
(Change tool to Default tool)

G00 Z5.000000
G00 X155.679000 Y42.307000

G01 Z-0.125000 F100.0(Penetrate)
G01 X155.870000 Y42.613000 Z-0.125000 F400.000000
G01 X156.330000 Y42.741000 Z-0.125000
G01 X156.790000 Y42.613000 Z-0.125000
G01 X156.981000 Y42.307000 Z-0.125000
G01 X156.790000 Y42.000000 Z-0.125000
G01 X156.330000 Y41.873000 Z-0.125000
G01 X155.870000 Y42.000000 Z-0.125000
G01 X155.679000 Y42.307000 Z-0.125000
G01 X155.679000 Y42.307000 Z-0.125000
G00 Z5.000000

(End cutting path id: path806)


(Start cutting path id: path806)
(Change tool to Default tool)

G00 Z5.000000
G00 X156.032000 Y43.905000

G01 Z-0.125000 F100.0(Penetrate)
G01 X156.511000 Y43.989000 Z-0.125000 F400.000000
G01 X156.863000 Y43.871000 Z-0.125000
G01 X156.804000 Y43.696000 Z-0.125000
G01 X156.294000 Y43.643000 Z-0.125000
G01 X155.843000 Y43.730000 Z-0.125000
G01 X156.032000 Y43.906000 Z-0.125000
G01 X156.032000 Y43.905000 Z-0.125000
G00 Z5.000000

(End cutting path id: path806)


(Start cutting path id: path806)
(Change tool to Default tool)

G00 Z5.000000
G00 X155.679000 Y45.345000

G01 Z-0.125000 F100.0(Penetrate)
G01 X155.870000 Y45.652000 Z-0.125000 F400.000000
G01 X156.330000 Y45.779000 Z-0.125000
G01 X156.790000 Y45.652000 Z-0.125000
G01 X156.981000 Y45.345000 Z-0.125000
G01 X156.790000 Y45.039000 Z-0.125000
G01 X156.330000 Y44.911000 Z-0.125000
G01 X155.870000 Y45.039000 Z-0.125000
G01 X155.679000 Y45.345000 Z-0.125000
G01 X155.679000 Y45.345000 Z-0.125000
G00 Z5.000000

(End cutting path id: path806)


(Start cutting path id: path806)
(Change tool to Default tool)

G00 Z5.000000
G00 X155.679000 Y46.647000

G01 Z-0.125000 F100.0(Penetrate)
G01 X155.870000 Y46.954000 Z-0.125000 F400.000000
G01 X156.330000 Y47.081000 Z-0.125000
G01 X156.790000 Y46.954000 Z-0.125000
G01 X156.981000 Y46.647000 Z-0.125000
G01 X156.790000 Y46.341000 Z-0.125000
G01 X156.330000 Y46.213000 Z-0.125000
G01 X155.870000 Y46.341000 Z-0.125000
G01 X155.679000 Y46.647000 Z-0.125000
G01 X155.679000 Y46.647000 Z-0.125000
G00 Z5.000000

(End cutting path id: path806)


(Start cutting path id: path806)
(Change tool to Default tool)

G00 Z5.000000
G00 X155.896000 Y47.949000

G01 Z-0.125000 F100.0(Penetrate)
G01 X155.842000 Y48.256000 Z-0.125000 F400.000000
G01 X156.087000 Y48.383000 Z-0.125000
G01 X156.412000 Y48.256000 Z-0.125000
G01 X156.547000 Y47.949000 Z-0.125000
G01 X156.356000 Y47.515000 Z-0.125000
G01 X155.896000 Y47.949000 Z-0.125000
G01 X155.896000 Y47.949000 Z-0.125000
G00 Z5.000000

(End cutting path id: path806)


(Start cutting path id: path806)
(Change tool to Default tool)

G00 Z5.000000
G00 X157.228000 Y51.036000

G01 Z-0.125000 F100.0(Penetrate)
G01 X157.291000 Y51.547000 Z-0.125000 F400.000000
G01 X156.784000 Y51.903000 Z-0.125000
G01 X155.742000 Y52.093000 Z-0.125000
G01 X154.201000 Y52.103000 Z-0.125000
G01 X152.440000 Y51.865000 Z-0.125000
G01 X152.027000 Y51.624000 Z-0.125000
G01 X151.849000 Y51.277000 Z-0.125000
G01 X151.875000 Y50.906000 Z-0.125000
G01 X152.214000 Y50.686000 Z-0.125000
G01 X154.319000 Y50.554000 Z-0.125000
G01 X156.254000 Y50.695000 Z-0.125000
G01 X157.228000 Y51.036000 Z-0.125000
G01 X157.228000 Y51.036000 Z-0.125000
G00 Z5.000000

(End cutting path id: path806)


(Start cutting path id: path806)
(Change tool to Default tool)

G00 Z5.000000
G00 X155.462000 Y55.762000

G01 Z-0.125000 F100.0(Penetrate)
G01 X155.771000 Y56.069000 Z-0.125000 F400.000000
G01 X156.138000 Y56.196000 Z-0.125000
G01 X156.427000 Y56.069000 Z-0.125000
G01 X156.547000 Y55.762000 Z-0.125000
G01 X156.348000 Y55.456000 Z-0.125000
G01 X155.870000 Y55.328000 Z-0.125000
G01 X155.471000 Y55.456000 Z-0.125000
G01 X155.462000 Y55.762000 Z-0.125000
G01 X155.462000 Y55.762000 Z-0.125000
G00 Z5.000000

(End cutting path id: path806)


(Start cutting path id: path806)
(Change tool to Default tool)

G00 Z5.000000
G00 X155.462000 Y57.064000

G01 Z-0.125000 F100.0(Penetrate)
G01 X155.471000 Y57.371000 Z-0.125000 F400.000000
G01 X155.870000 Y57.498000 Z-0.125000
G01 X156.348000 Y57.371000 Z-0.125000
G01 X156.547000 Y57.064000 Z-0.125000
G01 X156.427000 Y56.758000 Z-0.125000
G01 X156.138000 Y56.630000 Z-0.125000
G01 X155.771000 Y56.758000 Z-0.125000
G01 X155.462000 Y57.064000 Z-0.125000
G01 X155.462000 Y57.064000 Z-0.125000
G00 Z5.000000

(End cutting path id: path806)


(Start cutting path id: path806)
(Change tool to Default tool)

G00 Z5.000000
G00 X155.597000 Y58.663000

G01 Z-0.125000 F100.0(Penetrate)
G01 X156.077000 Y58.747000 Z-0.125000 F400.000000
G01 X156.429000 Y58.629000 Z-0.125000
G01 X156.370000 Y58.453000 Z-0.125000
G01 X155.860000 Y58.401000 Z-0.125000
G01 X155.409000 Y58.488000 Z-0.125000
G01 X155.597000 Y58.663000 Z-0.125000
G01 X155.597000 Y58.663000 Z-0.125000
G00 Z5.000000

(End cutting path id: path806)


(Start cutting path id: path806)
(Change tool to Default tool)

G00 Z5.000000
G00 X155.245000 Y60.102000

G01 Z-0.125000 F100.0(Penetrate)
G01 X155.436000 Y60.409000 Z-0.125000 F400.000000
G01 X155.896000 Y60.536000 Z-0.125000
G01 X156.356000 Y60.409000 Z-0.125000
G01 X156.547000 Y60.102000 Z-0.125000
G01 X156.356000 Y59.796000 Z-0.125000
G01 X155.896000 Y59.668000 Z-0.125000
G01 X155.436000 Y59.796000 Z-0.125000
G01 X155.245000 Y60.102000 Z-0.125000
G01 X155.245000 Y60.102000 Z-0.125000
G00 Z5.000000

(End cutting path id: path806)


(Start cutting path id: path806)
(Change tool to Default tool)

G00 Z5.000000
G00 X155.462000 Y61.405000

G01 Z-0.125000 F100.0(Penetrate)
G01 X155.471000 Y61.711000 Z-0.125000 F400.000000
G01 X155.870000 Y61.839000 Z-0.125000
G01 X156.348000 Y61.711000 Z-0.125000
G01 X156.547000 Y61.405000 Z-0.125000
G01 X156.427000 Y61.098000 Z-0.125000
G01 X156.138000 Y60.971000 Z-0.125000
G01 X155.771000 Y61.098000 Z-0.125000
G01 X155.462000 Y61.405000 Z-0.125000
G01 X155.462000 Y61.405000 Z-0.125000
G00 Z5.000000

(End cutting path id: path806)


(Start cutting path id: path806)
(Change tool to Default tool)

G00 Z5.000000
G00 X155.462000 Y63.141000

G01 Z-0.125000 F100.0(Penetrate)
G01 X155.771000 Y63.447000 Z-0.125000 F400.000000
G01 X156.138000 Y63.575000 Z-0.125000
G01 X156.427000 Y63.447000 Z-0.125000
G01 X156.547000 Y63.141000 Z-0.125000
G01 X156.348000 Y62.834000 Z-0.125000
G01 X155.870000 Y62.707000 Z-0.125000
G01 X155.471000 Y62.834000 Z-0.125000
G01 X155.462000 Y63.141000 Z-0.125000
G01 X155.462000 Y63.141000 Z-0.125000
G00 Z5.000000

(End cutting path id: path806)


(Start cutting path id: path806)
(Change tool to Default tool)

G00 Z5.000000
G00 X155.245000 Y64.443000

G01 Z-0.125000 F100.0(Penetrate)
G01 X155.436000 Y64.749000 Z-0.125000 F400.000000
G01 X155.896000 Y64.877000 Z-0.125000
G01 X156.356000 Y64.749000 Z-0.125000
G01 X156.547000 Y64.443000 Z-0.125000
G01 X156.356000 Y64.136000 Z-0.125000
G01 X155.896000 Y64.009000 Z-0.125000
G01 X155.436000 Y64.136000 Z-0.125000
G01 X155.245000 Y64.443000 Z-0.125000
G01 X155.245000 Y64.443000 Z-0.125000
G00 Z5.000000

(End cutting path id: path806)


(Start cutting path id: path806)
(Change tool to Default tool)

G00 Z5.000000
G00 X155.462000 Y65.745000

G01 Z-0.125000 F100.0(Penetrate)
G01 X155.471000 Y66.051000 Z-0.125000 F400.000000
G01 X155.870000 Y66.179000 Z-0.125000
G01 X156.348000 Y66.051000 Z-0.125000
G01 X156.547000 Y65.745000 Z-0.125000
G01 X156.427000 Y65.438000 Z-0.125000
G01 X156.138000 Y65.311000 Z-0.125000
G01 X155.771000 Y65.438000 Z-0.125000
G01 X155.462000 Y65.745000 Z-0.125000
G01 X155.462000 Y65.745000 Z-0.125000
G00 Z5.000000

(End cutting path id: path806)


(Start cutting path id: path806)
(Change tool to Default tool)

G00 Z5.000000
G00 X155.462000 Y67.481000

G01 Z-0.125000 F100.0(Penetrate)
G01 X155.771000 Y67.788000 Z-0.125000 F400.000000
G01 X156.138000 Y67.915000 Z-0.125000
G01 X156.427000 Y67.788000 Z-0.125000
G01 X156.547000 Y67.481000 Z-0.125000
G01 X156.348000 Y67.175000 Z-0.125000
G01 X155.870000 Y67.047000 Z-0.125000
G01 X155.471000 Y67.175000 Z-0.125000
G01 X155.462000 Y67.481000 Z-0.125000
G01 X155.462000 Y67.481000 Z-0.125000
G00 Z5.000000

(End cutting path id: path806)


(Start cutting path id: path806)
(Change tool to Default tool)

G00 Z5.000000
G00 X155.462000 Y68.783000

G01 Z-0.125000 F100.0(Penetrate)
G01 X155.471000 Y69.090000 Z-0.125000 F400.000000
G01 X155.870000 Y69.217000 Z-0.125000
G01 X156.348000 Y69.090000 Z-0.125000
G01 X156.547000 Y68.783000 Z-0.125000
G01 X156.427000 Y68.477000 Z-0.125000
G01 X156.138000 Y68.349000 Z-0.125000
G01 X155.771000 Y68.477000 Z-0.125000
G01 X155.462000 Y68.783000 Z-0.125000
G01 X155.462000 Y68.783000 Z-0.125000
G00 Z5.000000

(End cutting path id: path806)


(Start cutting path id: path806)
(Change tool to Default tool)

G00 Z5.000000
G00 X155.597000 Y70.382000

G01 Z-0.125000 F100.0(Penetrate)
G01 X156.077000 Y70.466000 Z-0.125000 F400.000000
G01 X156.429000 Y70.348000 Z-0.125000
G01 X156.370000 Y70.172000 Z-0.125000
G01 X155.860000 Y70.120000 Z-0.125000
G01 X155.409000 Y70.207000 Z-0.125000
G01 X155.597000 Y70.382000 Z-0.125000
G01 X155.597000 Y70.382000 Z-0.125000
G00 Z5.000000

(End cutting path id: path806)


(Start cutting path id: path806)
(Change tool to Default tool)

G00 Z5.000000
G00 X155.462000 Y71.821000

G01 Z-0.125000 F100.0(Penetrate)
G01 X155.771000 Y72.128000 Z-0.125000 F400.000000
G01 X156.138000 Y72.256000 Z-0.125000
G01 X156.427000 Y72.128000 Z-0.125000
G01 X156.547000 Y71.821000 Z-0.125000
G01 X156.348000 Y71.515000 Z-0.125000
G01 X155.870000 Y71.387000 Z-0.125000
G01 X155.471000 Y71.515000 Z-0.125000
G01 X155.462000 Y71.821000 Z-0.125000
G01 X155.462000 Y71.821000 Z-0.125000
G00 Z5.000000

(End cutting path id: path806)


(Start cutting path id: path806)
(Change tool to Default tool)

G00 Z5.000000
G00 X155.462000 Y73.124000

G01 Z-0.125000 F100.0(Penetrate)
G01 X155.471000 Y73.430000 Z-0.125000 F400.000000
G01 X155.870000 Y73.558000 Z-0.125000
G01 X156.348000 Y73.430000 Z-0.125000
G01 X156.547000 Y73.124000 Z-0.125000
G01 X156.427000 Y72.817000 Z-0.125000
G01 X156.138000 Y72.690000 Z-0.125000
G01 X155.771000 Y72.817000 Z-0.125000
G01 X155.462000 Y73.124000 Z-0.125000
G01 X155.462000 Y73.124000 Z-0.125000
G00 Z5.000000

(End cutting path id: path806)


(Start cutting path id: path806)
(Change tool to Default tool)

G00 Z5.000000
G00 X155.462000 Y74.860000

G01 Z-0.125000 F100.0(Penetrate)
G01 X155.771000 Y75.166000 Z-0.125000 F400.000000
G01 X156.138000 Y75.294000 Z-0.125000
G01 X156.427000 Y75.166000 Z-0.125000
G01 X156.547000 Y74.860000 Z-0.125000
G01 X156.348000 Y74.553000 Z-0.125000
G01 X155.870000 Y74.426000 Z-0.125000
G01 X155.471000 Y74.553000 Z-0.125000
G01 X155.462000 Y74.860000 Z-0.125000
G01 X155.462000 Y74.860000 Z-0.125000
G00 Z5.000000

(End cutting path id: path806)


(Start cutting path id: path806)
(Change tool to Default tool)

G00 Z5.000000
G00 X155.245000 Y76.162000

G01 Z-0.125000 F100.0(Penetrate)
G01 X155.436000 Y76.468000 Z-0.125000 F400.000000
G01 X155.896000 Y76.596000 Z-0.125000
G01 X156.356000 Y76.468000 Z-0.125000
G01 X156.547000 Y76.162000 Z-0.125000
G01 X156.356000 Y75.855000 Z-0.125000
G01 X155.896000 Y75.728000 Z-0.125000
G01 X155.436000 Y75.855000 Z-0.125000
G01 X155.245000 Y76.162000 Z-0.125000
G01 X155.245000 Y76.162000 Z-0.125000
G00 Z5.000000

(End cutting path id: path806)


(Start cutting path id: path806)
(Change tool to Default tool)

G00 Z5.000000
G00 X155.679000 Y77.464000

G01 Z-0.125000 F100.0(Penetrate)
G01 X155.806000 Y77.771000 Z-0.125000 F400.000000
G01 X156.113000 Y77.898000 Z-0.125000
G01 X156.419000 Y77.771000 Z-0.125000
G01 X156.547000 Y77.464000 Z-0.125000
G01 X156.419000 Y77.157000 Z-0.125000
G01 X156.113000 Y77.030000 Z-0.125000
G01 X155.806000 Y77.157000 Z-0.125000
G01 X155.679000 Y77.464000 Z-0.125000
G01 X155.679000 Y77.464000 Z-0.125000
G00 Z5.000000

(End cutting path id: path806)


(Start cutting path id: path806)
(Change tool to Default tool)

G00 Z5.000000
G00 X152.207000 Y77.464000

G01 Z-0.125000 F100.0(Penetrate)
G01 X152.334000 Y77.771000 Z-0.125000 F400.000000
G01 X152.641000 Y77.898000 Z-0.125000
G01 X152.947000 Y77.771000 Z-0.125000
G01 X153.075000 Y77.464000 Z-0.125000
G01 X152.947000 Y77.157000 Z-0.125000
G01 X152.641000 Y77.030000 Z-0.125000
G01 X152.334000 Y77.157000 Z-0.125000
G01 X152.207000 Y77.464000 Z-0.125000
G01 X152.207000 Y77.464000 Z-0.125000
G00 Z5.000000

(End cutting path id: path806)


(Start cutting path id: path806)
(Change tool to Default tool)

G00 Z5.000000
G00 X152.207000 Y76.162000

G01 Z-0.125000 F100.0(Penetrate)
G01 X152.398000 Y76.468000 Z-0.125000 F400.000000
G01 X152.858000 Y76.596000 Z-0.125000
G01 X153.317000 Y76.468000 Z-0.125000
G01 X153.509000 Y76.162000 Z-0.125000
G01 X153.317000 Y75.855000 Z-0.125000
G01 X152.858000 Y75.728000 Z-0.125000
G01 X152.398000 Y75.855000 Z-0.125000
G01 X152.207000 Y76.162000 Z-0.125000
G01 X152.207000 Y76.162000 Z-0.125000
G00 Z5.000000

(End cutting path id: path806)


(Start cutting path id: path806)
(Change tool to Default tool)

G00 Z5.000000
G00 X152.207000 Y74.860000

G01 Z-0.125000 F100.0(Penetrate)
G01 X152.327000 Y75.166000 Z-0.125000 F400.000000
G01 X152.615000 Y75.294000 Z-0.125000
G01 X152.982000 Y75.166000 Z-0.125000
G01 X153.292000 Y74.860000 Z-0.125000
G01 X153.282000 Y74.553000 Z-0.125000
G01 X152.883000 Y74.426000 Z-0.125000
G01 X152.405000 Y74.553000 Z-0.125000
G01 X152.207000 Y74.860000 Z-0.125000
G01 X152.207000 Y74.860000 Z-0.125000
G00 Z5.000000

(End cutting path id: path806)


(Start cutting path id: path806)
(Change tool to Default tool)

G00 Z5.000000
G00 X152.207000 Y73.124000

G01 Z-0.125000 F100.0(Penetrate)
G01 X152.398000 Y73.430000 Z-0.125000 F400.000000
G01 X152.858000 Y73.558000 Z-0.125000
G01 X153.317000 Y73.430000 Z-0.125000
G01 X153.509000 Y73.124000 Z-0.125000
G01 X153.317000 Y72.817000 Z-0.125000
G01 X152.858000 Y72.690000 Z-0.125000
G01 X152.398000 Y72.817000 Z-0.125000
G01 X152.207000 Y73.124000 Z-0.125000
G01 X152.207000 Y73.124000 Z-0.125000
G00 Z5.000000

(End cutting path id: path806)


(Start cutting path id: path806)
(Change tool to Default tool)

G00 Z5.000000
G00 X152.207000 Y71.821000

G01 Z-0.125000 F100.0(Penetrate)
G01 X152.398000 Y72.128000 Z-0.125000 F400.000000
G01 X152.858000 Y72.256000 Z-0.125000
G01 X153.317000 Y72.128000 Z-0.125000
G01 X153.509000 Y71.821000 Z-0.125000
G01 X153.317000 Y71.515000 Z-0.125000
G01 X152.858000 Y71.387000 Z-0.125000
G01 X152.398000 Y71.515000 Z-0.125000
G01 X152.207000 Y71.821000 Z-0.125000
G01 X152.207000 Y71.821000 Z-0.125000
G00 Z5.000000

(End cutting path id: path806)


(Start cutting path id: path806)
(Change tool to Default tool)

G00 Z5.000000
G00 X152.559000 Y70.382000

G01 Z-0.125000 F100.0(Penetrate)
G01 X153.039000 Y70.466000 Z-0.125000 F400.000000
G01 X153.391000 Y70.348000 Z-0.125000
G01 X153.332000 Y70.172000 Z-0.125000
G01 X152.821000 Y70.120000 Z-0.125000
G01 X152.371000 Y70.207000 Z-0.125000
G01 X152.559000 Y70.382000 Z-0.125000
G01 X152.559000 Y70.382000 Z-0.125000
G00 Z5.000000

(End cutting path id: path806)


(Start cutting path id: path806)
(Change tool to Default tool)

G00 Z5.000000
G00 X152.207000 Y68.783000

G01 Z-0.125000 F100.0(Penetrate)
G01 X152.398000 Y69.090000 Z-0.125000 F400.000000
G01 X152.858000 Y69.217000 Z-0.125000
G01 X153.317000 Y69.090000 Z-0.125000
G01 X153.509000 Y68.783000 Z-0.125000
G01 X153.317000 Y68.477000 Z-0.125000
G01 X152.858000 Y68.349000 Z-0.125000
G01 X152.398000 Y68.477000 Z-0.125000
G01 X152.207000 Y68.783000 Z-0.125000
G01 X152.207000 Y68.783000 Z-0.125000
G00 Z5.000000

(End cutting path id: path806)


(Start cutting path id: path806)
(Change tool to Default tool)

G00 Z5.000000
G00 X152.207000 Y67.481000

G01 Z-0.125000 F100.0(Penetrate)
G01 X152.398000 Y67.788000 Z-0.125000 F400.000000
G01 X152.858000 Y67.915000 Z-0.125000
G01 X153.317000 Y67.788000 Z-0.125000
G01 X153.509000 Y67.481000 Z-0.125000
G01 X153.317000 Y67.175000 Z-0.125000
G01 X152.858000 Y67.047000 Z-0.125000
G01 X152.398000 Y67.175000 Z-0.125000
G01 X152.207000 Y67.481000 Z-0.125000
G01 X152.207000 Y67.481000 Z-0.125000
G00 Z5.000000

(End cutting path id: path806)


(Start cutting path id: path806)
(Change tool to Default tool)

G00 Z5.000000
G00 X152.424000 Y65.745000

G01 Z-0.125000 F100.0(Penetrate)
G01 X152.440000 Y66.051000 Z-0.125000 F400.000000
G01 X152.858000 Y66.179000 Z-0.125000
G01 X153.275000 Y66.051000 Z-0.125000
G01 X153.292000 Y65.745000 Z-0.125000
G01 X152.858000 Y65.311000 Z-0.125000
G01 X152.424000 Y65.745000 Z-0.125000
G01 X152.424000 Y65.745000 Z-0.125000
G00 Z5.000000

(End cutting path id: path806)


(Start cutting path id: path806)
(Change tool to Default tool)

G00 Z5.000000
G00 X152.207000 Y64.443000

G01 Z-0.125000 F100.0(Penetrate)
G01 X152.398000 Y64.749000 Z-0.125000 F400.000000
G01 X152.858000 Y64.877000 Z-0.125000
G01 X153.317000 Y64.749000 Z-0.125000
G01 X153.509000 Y64.443000 Z-0.125000
G01 X153.317000 Y64.136000 Z-0.125000
G01 X152.858000 Y64.009000 Z-0.125000
G01 X152.398000 Y64.136000 Z-0.125000
G01 X152.207000 Y64.443000 Z-0.125000
G01 X152.207000 Y64.443000 Z-0.125000
G00 Z5.000000

(End cutting path id: path806)


(Start cutting path id: path806)
(Change tool to Default tool)

G00 Z5.000000
G00 X152.207000 Y63.141000

G01 Z-0.125000 F100.0(Penetrate)
G01 X152.327000 Y63.447000 Z-0.125000 F400.000000
G01 X152.615000 Y63.575000 Z-0.125000
G01 X152.982000 Y63.447000 Z-0.125000
G01 X153.292000 Y63.141000 Z-0.125000
G01 X153.282000 Y62.834000 Z-0.125000
G01 X152.883000 Y62.707000 Z-0.125000
G01 X152.405000 Y62.834000 Z-0.125000
G01 X152.207000 Y63.141000 Z-0.125000
G01 X152.207000 Y63.141000 Z-0.125000
G00 Z5.000000

(End cutting path id: path806)


(Start cutting path id: path806)
(Change tool to Default tool)

G00 Z5.000000
G00 X152.207000 Y61.405000

G01 Z-0.125000 F100.0(Penetrate)
G01 X152.398000 Y61.711000 Z-0.125000 F400.000000
G01 X152.858000 Y61.839000 Z-0.125000
G01 X153.317000 Y61.711000 Z-0.125000
G01 X153.509000 Y61.405000 Z-0.125000
G01 X153.317000 Y61.098000 Z-0.125000
G01 X152.858000 Y60.971000 Z-0.125000
G01 X152.398000 Y61.098000 Z-0.125000
G01 X152.207000 Y61.405000 Z-0.125000
G01 X152.207000 Y61.405000 Z-0.125000
G00 Z5.000000

(End cutting path id: path806)


(Start cutting path id: path806)
(Change tool to Default tool)

G00 Z5.000000
G00 X152.207000 Y60.102000

G01 Z-0.125000 F100.0(Penetrate)
G01 X152.398000 Y60.409000 Z-0.125000 F400.000000
G01 X152.858000 Y60.536000 Z-0.125000
G01 X153.317000 Y60.409000 Z-0.125000
G01 X153.509000 Y60.102000 Z-0.125000
G01 X153.317000 Y59.796000 Z-0.125000
G01 X152.858000 Y59.668000 Z-0.125000
G01 X152.398000 Y59.796000 Z-0.125000
G01 X152.207000 Y60.102000 Z-0.125000
G01 X152.207000 Y60.102000 Z-0.125000
G00 Z5.000000

(End cutting path id: path806)


(Start cutting path id: path806)
(Change tool to Default tool)

G00 Z5.000000
G00 X152.559000 Y58.663000

G01 Z-0.125000 F100.0(Penetrate)
G01 X153.039000 Y58.747000 Z-0.125000 F400.000000
G01 X153.391000 Y58.629000 Z-0.125000
G01 X153.332000 Y58.453000 Z-0.125000
G01 X152.821000 Y58.401000 Z-0.125000
G01 X152.371000 Y58.488000 Z-0.125000
G01 X152.559000 Y58.663000 Z-0.125000
G01 X152.559000 Y58.663000 Z-0.125000
G00 Z5.000000

(End cutting path id: path806)


(Start cutting path id: path806)
(Change tool to Default tool)

G00 Z5.000000
G00 X152.207000 Y57.064000

G01 Z-0.125000 F100.0(Penetrate)
G01 X152.398000 Y57.371000 Z-0.125000 F400.000000
G01 X152.858000 Y57.498000 Z-0.125000
G01 X153.317000 Y57.371000 Z-0.125000
G01 X153.509000 Y57.064000 Z-0.125000
G01 X153.317000 Y56.758000 Z-0.125000
G01 X152.858000 Y56.630000 Z-0.125000
G01 X152.398000 Y56.758000 Z-0.125000
G01 X152.207000 Y57.064000 Z-0.125000
G01 X152.207000 Y57.064000 Z-0.125000
G00 Z5.000000

(End cutting path id: path806)


(Start cutting path id: path806)
(Change tool to Default tool)

G00 Z5.000000
G00 X152.207000 Y55.762000

G01 Z-0.125000 F100.0(Penetrate)
G01 X152.398000 Y56.069000 Z-0.125000 F400.000000
G01 X152.858000 Y56.196000 Z-0.125000
G01 X153.317000 Y56.069000 Z-0.125000
G01 X153.509000 Y55.762000 Z-0.125000
G01 X153.317000 Y55.456000 Z-0.125000
G01 X152.858000 Y55.328000 Z-0.125000
G01 X152.398000 Y55.456000 Z-0.125000
G01 X152.207000 Y55.762000 Z-0.125000
G01 X152.207000 Y55.762000 Z-0.125000
G00 Z5.000000

(End cutting path id: path806)


(Start cutting path id: path806)
(Change tool to Default tool)

G00 Z5.000000
G00 X152.559000 Y54.322000

G01 Z-0.125000 F100.0(Penetrate)
G01 X153.039000 Y54.406000 Z-0.125000 F400.000000
G01 X153.391000 Y54.288000 Z-0.125000
G01 X153.332000 Y54.113000 Z-0.125000
G01 X152.821000 Y54.060000 Z-0.125000
G01 X152.371000 Y54.147000 Z-0.125000
G01 X152.559000 Y54.322000 Z-0.125000
G01 X152.559000 Y54.322000 Z-0.125000
G00 Z5.000000

(End cutting path id: path806)


(Start cutting path id: path806)
(Change tool to Default tool)

G00 Z5.000000
G00 X148.300000 Y55.762000

G01 Z-0.125000 F100.0(Penetrate)
G01 X148.428000 Y56.375000 Z-0.125000 F400.000000
G01 X148.734000 Y56.630000 Z-0.125000
G01 X149.041000 Y56.375000 Z-0.125000
G01 X149.168000 Y55.762000 Z-0.125000
G01 X149.041000 Y55.149000 Z-0.125000
G01 X148.734000 Y54.894000 Z-0.125000
G01 X148.428000 Y55.149000 Z-0.125000
G01 X148.300000 Y55.762000 Z-0.125000
G01 X148.300000 Y55.762000 Z-0.125000
G00 Z5.000000

(End cutting path id: path806)


(Start cutting path id: path806)
(Change tool to Default tool)

G00 Z5.000000
G00 X146.130000 Y53.592000

G01 Z-0.125000 F100.0(Penetrate)
G01 X146.280000 Y54.222000 Z-0.125000 F400.000000
G01 X146.452000 Y54.357000 Z-0.125000
G01 X146.673000 Y54.351000 Z-0.125000
G01 X147.056000 Y54.054000 Z-0.125000
G01 X147.215000 Y53.592000 Z-0.125000
G01 X147.056000 Y53.130000 Z-0.125000
G01 X146.673000 Y52.832000 Z-0.125000
G01 X146.452000 Y52.827000 Z-0.125000
G01 X146.280000 Y52.962000 Z-0.125000
G01 X146.130000 Y53.592000 Z-0.125000
G01 X146.130000 Y53.592000 Z-0.125000
G00 Z5.000000

(End cutting path id: path806)


(Start cutting path id: path806)
(Change tool to Default tool)

G00 Z5.000000
G00 X146.130000 Y50.951000

G01 Z-0.125000 F100.0(Penetrate)
G01 X146.320000 Y51.603000 Z-0.125000 F400.000000
G01 X146.813000 Y51.856000 Z-0.125000
G01 X147.267000 Y51.654000 Z-0.125000
G01 X147.355000 Y51.132000 Z-0.125000
G01 X147.075000 Y50.496000 Z-0.125000
G01 X146.664000 Y50.237000 Z-0.125000
G01 X146.292000 Y50.380000 Z-0.125000
G01 X146.130000 Y50.951000 Z-0.125000
G01 X146.130000 Y50.951000 Z-0.125000
G00 Z5.000000

(End cutting path id: path806)


(Start cutting path id: path806)
(Change tool to Default tool)

G00 Z5.000000
G00 X146.130000 Y48.854000

G01 Z-0.125000 F100.0(Penetrate)
G01 X146.292000 Y49.425000 Z-0.125000 F400.000000
G01 X146.664000 Y49.568000 Z-0.125000
G01 X147.075000 Y49.309000 Z-0.125000
G01 X147.355000 Y48.673000 Z-0.125000
G01 X147.267000 Y48.150000 Z-0.125000
G01 X146.813000 Y47.949000 Z-0.125000
G01 X146.320000 Y48.201000 Z-0.125000
G01 X146.130000 Y48.854000 Z-0.125000
G01 X146.130000 Y48.854000 Z-0.125000
G00 Z5.000000

(End cutting path id: path806)


(Start cutting path id: path806)
(Change tool to Default tool)

G00 Z5.000000
G00 X146.130000 Y46.213000

G01 Z-0.125000 F100.0(Penetrate)
G01 X146.280000 Y46.843000 Z-0.125000 F400.000000
G01 X146.452000 Y46.978000 Z-0.125000
G01 X146.673000 Y46.973000 Z-0.125000
G01 X147.056000 Y46.675000 Z-0.125000
G01 X147.215000 Y46.213000 Z-0.125000
G01 X147.056000 Y45.751000 Z-0.125000
G01 X146.673000 Y45.454000 Z-0.125000
G01 X146.452000 Y45.448000 Z-0.125000
G01 X146.280000 Y45.583000 Z-0.125000
G01 X146.130000 Y46.213000 Z-0.125000
G01 X146.130000 Y46.213000 Z-0.125000
G00 Z5.000000

(End cutting path id: path806)


(Start cutting path id: path806)
(Change tool to Default tool)

G00 Z5.000000
G00 X143.960000 Y46.213000

G01 Z-0.125000 F100.0(Penetrate)
G01 X144.110000 Y46.843000 Z-0.125000 F400.000000
G01 X144.281000 Y46.978000 Z-0.125000
G01 X144.502000 Y46.973000 Z-0.125000
G01 X144.886000 Y46.675000 Z-0.125000
G01 X145.045000 Y46.213000 Z-0.125000
G01 X144.886000 Y45.751000 Z-0.125000
G01 X144.502000 Y45.454000 Z-0.125000
G01 X144.281000 Y45.448000 Z-0.125000
G01 X144.110000 Y45.583000 Z-0.125000
G01 X143.960000 Y46.213000 Z-0.125000
G01 X143.960000 Y46.213000 Z-0.125000
G00 Z5.000000

(End cutting path id: path806)


(Start cutting path id: path806)
(Change tool to Default tool)

G00 Z5.000000
G00 X141.790000 Y46.213000

G01 Z-0.125000 F100.0(Penetrate)
G01 X141.980000 Y46.828000 Z-0.125000 F400.000000
G01 X142.441000 Y47.081000 Z-0.125000
G01 X142.902000 Y46.828000 Z-0.125000
G01 X143.092000 Y46.213000 Z-0.125000
G01 X142.902000 Y45.598000 Z-0.125000
G01 X142.441000 Y45.345000 Z-0.125000
G01 X141.980000 Y45.598000 Z-0.125000
G01 X141.790000 Y46.213000 Z-0.125000
G01 X141.790000 Y46.213000 Z-0.125000
G00 Z5.000000

(End cutting path id: path806)


(Start cutting path id: path806)
(Change tool to Default tool)

G00 Z5.000000
G00 X139.619000 Y46.213000

G01 Z-0.125000 F100.0(Penetrate)
G01 X139.809000 Y46.828000 Z-0.125000 F400.000000
G01 X140.270000 Y47.081000 Z-0.125000
G01 X140.732000 Y46.828000 Z-0.125000
G01 X140.922000 Y46.213000 Z-0.125000
G01 X140.732000 Y45.598000 Z-0.125000
G01 X140.270000 Y45.345000 Z-0.125000
G01 X139.809000 Y45.598000 Z-0.125000
G01 X139.619000 Y46.213000 Z-0.125000
G01 X139.619000 Y46.213000 Z-0.125000
G00 Z5.000000

(End cutting path id: path806)


(Start cutting path id: path806)
(Change tool to Default tool)

G00 Z5.000000
G00 X137.449000 Y46.213000

G01 Z-0.125000 F100.0(Penetrate)
G01 X137.639000 Y46.828000 Z-0.125000 F400.000000
G01 X138.100000 Y47.081000 Z-0.125000
G01 X138.561000 Y46.828000 Z-0.125000
G01 X138.751000 Y46.213000 Z-0.125000
G01 X138.561000 Y45.598000 Z-0.125000
G01 X138.100000 Y45.345000 Z-0.125000
G01 X137.639000 Y45.598000 Z-0.125000
G01 X137.449000 Y46.213000 Z-0.125000
G01 X137.449000 Y46.213000 Z-0.125000
G00 Z5.000000

(End cutting path id: path806)


(Start cutting path id: path806)
(Change tool to Default tool)

G00 Z5.000000
G00 X135.279000 Y46.213000

G01 Z-0.125000 F100.0(Penetrate)
G01 X135.469000 Y46.828000 Z-0.125000 F400.000000
G01 X135.930000 Y47.081000 Z-0.125000
G01 X136.391000 Y46.828000 Z-0.125000
G01 X136.581000 Y46.213000 Z-0.125000
G01 X136.391000 Y45.598000 Z-0.125000
G01 X135.930000 Y45.345000 Z-0.125000
G01 X135.469000 Y45.598000 Z-0.125000
G01 X135.279000 Y46.213000 Z-0.125000
G01 X135.279000 Y46.213000 Z-0.125000
G00 Z5.000000

(End cutting path id: path806)


(Start cutting path id: path806)
(Change tool to Default tool)

G00 Z5.000000
G00 X133.109000 Y46.213000

G01 Z-0.125000 F100.0(Penetrate)
G01 X133.299000 Y46.828000 Z-0.125000 F400.000000
G01 X133.760000 Y47.081000 Z-0.125000
G01 X134.221000 Y46.828000 Z-0.125000
G01 X134.411000 Y46.213000 Z-0.125000
G01 X134.221000 Y45.598000 Z-0.125000
G01 X133.760000 Y45.345000 Z-0.125000
G01 X133.299000 Y45.598000 Z-0.125000
G01 X133.109000 Y46.213000 Z-0.125000
G01 X133.109000 Y46.213000 Z-0.125000
G00 Z5.000000

(End cutting path id: path806)


(Start cutting path id: path806)
(Change tool to Default tool)

G00 Z5.000000
G00 X130.939000 Y46.213000

G01 Z-0.125000 F100.0(Penetrate)
G01 X131.129000 Y46.828000 Z-0.125000 F400.000000
G01 X131.590000 Y47.081000 Z-0.125000
G01 X132.051000 Y46.828000 Z-0.125000
G01 X132.241000 Y46.213000 Z-0.125000
G01 X132.051000 Y45.598000 Z-0.125000
G01 X131.590000 Y45.345000 Z-0.125000
G01 X131.129000 Y45.598000 Z-0.125000
G01 X130.939000 Y46.213000 Z-0.125000
G01 X130.939000 Y46.213000 Z-0.125000
G00 Z5.000000

(End cutting path id: path806)


(Start cutting path id: path806)
(Change tool to Default tool)

G00 Z5.000000
G00 X128.768000 Y46.213000

G01 Z-0.125000 F100.0(Penetrate)
G01 X128.958000 Y46.828000 Z-0.125000 F400.000000
G01 X129.420000 Y47.081000 Z-0.125000
G01 X129.881000 Y46.828000 Z-0.125000
G01 X130.071000 Y46.213000 Z-0.125000
G01 X129.881000 Y45.598000 Z-0.125000
G01 X129.420000 Y45.345000 Z-0.125000
G01 X128.958000 Y45.598000 Z-0.125000
G01 X128.768000 Y46.213000 Z-0.125000
G01 X128.768000 Y46.213000 Z-0.125000
G00 Z5.000000

(End cutting path id: path806)


(Start cutting path id: path806)
(Change tool to Default tool)

G00 Z5.000000
G00 X128.768000 Y48.817000

G01 Z-0.125000 F100.0(Penetrate)
G01 X128.958000 Y49.432000 Z-0.125000 F400.000000
G01 X129.420000 Y49.685000 Z-0.125000
G01 X129.881000 Y49.432000 Z-0.125000
G01 X130.071000 Y48.817000 Z-0.125000
G01 X129.881000 Y48.203000 Z-0.125000
G01 X129.420000 Y47.949000 Z-0.125000
G01 X128.958000 Y48.203000 Z-0.125000
G01 X128.768000 Y48.817000 Z-0.125000
G01 X128.768000 Y48.817000 Z-0.125000
G00 Z5.000000

(End cutting path id: path806)


(Start cutting path id: path806)
(Change tool to Default tool)

G00 Z5.000000
G00 X130.939000 Y48.817000

G01 Z-0.125000 F100.0(Penetrate)
G01 X131.129000 Y49.432000 Z-0.125000 F400.000000
G01 X131.590000 Y49.685000 Z-0.125000
G01 X132.051000 Y49.432000 Z-0.125000
G01 X132.241000 Y48.817000 Z-0.125000
G01 X132.051000 Y48.203000 Z-0.125000
G01 X131.590000 Y47.949000 Z-0.125000
G01 X131.129000 Y48.203000 Z-0.125000
G01 X130.939000 Y48.817000 Z-0.125000
G01 X130.939000 Y48.817000 Z-0.125000
G00 Z5.000000

(End cutting path id: path806)


(Start cutting path id: path806)
(Change tool to Default tool)

G00 Z5.000000
G00 X133.109000 Y48.817000

G01 Z-0.125000 F100.0(Penetrate)
G01 X133.299000 Y49.432000 Z-0.125000 F400.000000
G01 X133.760000 Y49.685000 Z-0.125000
G01 X134.221000 Y49.432000 Z-0.125000
G01 X134.411000 Y48.817000 Z-0.125000
G01 X134.221000 Y48.203000 Z-0.125000
G01 X133.760000 Y47.949000 Z-0.125000
G01 X133.299000 Y48.203000 Z-0.125000
G01 X133.109000 Y48.817000 Z-0.125000
G01 X133.109000 Y48.817000 Z-0.125000
G00 Z5.000000

(End cutting path id: path806)


(Start cutting path id: path806)
(Change tool to Default tool)

G00 Z5.000000
G00 X135.279000 Y48.817000

G01 Z-0.125000 F100.0(Penetrate)
G01 X135.469000 Y49.432000 Z-0.125000 F400.000000
G01 X135.930000 Y49.685000 Z-0.125000
G01 X136.391000 Y49.432000 Z-0.125000
G01 X136.581000 Y48.817000 Z-0.125000
G01 X136.391000 Y48.203000 Z-0.125000
G01 X135.930000 Y47.949000 Z-0.125000
G01 X135.469000 Y48.203000 Z-0.125000
G01 X135.279000 Y48.817000 Z-0.125000
G01 X135.279000 Y48.817000 Z-0.125000
G00 Z5.000000

(End cutting path id: path806)


(Start cutting path id: path806)
(Change tool to Default tool)

G00 Z5.000000
G00 X137.449000 Y48.817000

G01 Z-0.125000 F100.0(Penetrate)
G01 X137.639000 Y49.432000 Z-0.125000 F400.000000
G01 X138.100000 Y49.685000 Z-0.125000
G01 X138.561000 Y49.432000 Z-0.125000
G01 X138.751000 Y48.817000 Z-0.125000
G01 X138.561000 Y48.203000 Z-0.125000
G01 X138.100000 Y47.949000 Z-0.125000
G01 X137.639000 Y48.203000 Z-0.125000
G01 X137.449000 Y48.817000 Z-0.125000
G01 X137.449000 Y48.817000 Z-0.125000
G00 Z5.000000

(End cutting path id: path806)


(Start cutting path id: path806)
(Change tool to Default tool)

G00 Z5.000000
G00 X139.619000 Y48.817000

G01 Z-0.125000 F100.0(Penetrate)
G01 X139.809000 Y49.432000 Z-0.125000 F400.000000
G01 X140.270000 Y49.685000 Z-0.125000
G01 X140.732000 Y49.432000 Z-0.125000
G01 X140.922000 Y48.817000 Z-0.125000
G01 X140.732000 Y48.203000 Z-0.125000
G01 X140.270000 Y47.949000 Z-0.125000
G01 X139.809000 Y48.203000 Z-0.125000
G01 X139.619000 Y48.817000 Z-0.125000
G01 X139.619000 Y48.817000 Z-0.125000
G00 Z5.000000

(End cutting path id: path806)


(Start cutting path id: path806)
(Change tool to Default tool)

G00 Z5.000000
G00 X139.619000 Y50.988000

G01 Z-0.125000 F100.0(Penetrate)
G01 X139.809000 Y51.602000 Z-0.125000 F400.000000
G01 X140.270000 Y51.856000 Z-0.125000
G01 X140.732000 Y51.602000 Z-0.125000
G01 X140.922000 Y50.988000 Z-0.125000
G01 X140.732000 Y50.373000 Z-0.125000
G01 X140.270000 Y50.119000 Z-0.125000
G01 X139.809000 Y50.373000 Z-0.125000
G01 X139.619000 Y50.988000 Z-0.125000
G01 X139.619000 Y50.988000 Z-0.125000
G00 Z5.000000

(End cutting path id: path806)


(Start cutting path id: path806)
(Change tool to Default tool)

G00 Z5.000000
G00 X141.790000 Y50.951000

G01 Z-0.125000 F100.0(Penetrate)
G01 X141.980000 Y51.603000 Z-0.125000 F400.000000
G01 X142.473000 Y51.856000 Z-0.125000
G01 X142.927000 Y51.654000 Z-0.125000
G01 X143.015000 Y51.132000 Z-0.125000
G01 X142.734000 Y50.496000 Z-0.125000
G01 X142.323000 Y50.237000 Z-0.125000
G01 X141.951000 Y50.380000 Z-0.125000
G01 X141.790000 Y50.951000 Z-0.125000
G01 X141.790000 Y50.951000 Z-0.125000
G00 Z5.000000

(End cutting path id: path806)


(Start cutting path id: path806)
(Change tool to Default tool)

G00 Z5.000000
G00 X141.790000 Y48.854000

G01 Z-0.125000 F100.0(Penetrate)
G01 X141.951000 Y49.425000 Z-0.125000 F400.000000
G01 X142.323000 Y49.568000 Z-0.125000
G01 X142.734000 Y49.309000 Z-0.125000
G01 X143.015000 Y48.673000 Z-0.125000
G01 X142.927000 Y48.150000 Z-0.125000
G01 X142.473000 Y47.949000 Z-0.125000
G01 X141.980000 Y48.201000 Z-0.125000
G01 X141.790000 Y48.854000 Z-0.125000
G01 X141.790000 Y48.854000 Z-0.125000
G00 Z5.000000

(End cutting path id: path806)


(Start cutting path id: path806)
(Change tool to Default tool)

G00 Z5.000000
G00 X143.960000 Y50.951000

G01 Z-0.125000 F100.0(Penetrate)
G01 X144.150000 Y51.603000 Z-0.125000 F400.000000
G01 X144.643000 Y51.856000 Z-0.125000
G01 X145.097000 Y51.654000 Z-0.125000
G01 X145.185000 Y51.132000 Z-0.125000
G01 X144.905000 Y50.496000 Z-0.125000
G01 X144.493000 Y50.237000 Z-0.125000
G01 X144.122000 Y50.380000 Z-0.125000
G01 X143.960000 Y50.951000 Z-0.125000
G01 X143.960000 Y50.951000 Z-0.125000
G00 Z5.000000

(End cutting path id: path806)


(Start cutting path id: path806)
(Change tool to Default tool)

G00 Z5.000000
G00 X141.790000 Y53.592000

G01 Z-0.125000 F100.0(Penetrate)
G01 X141.980000 Y54.207000 Z-0.125000 F400.000000
G01 X142.441000 Y54.460000 Z-0.125000
G01 X142.902000 Y54.207000 Z-0.125000
G01 X143.092000 Y53.592000 Z-0.125000
G01 X142.902000 Y52.977000 Z-0.125000
G01 X142.441000 Y52.724000 Z-0.125000
G01 X141.980000 Y52.977000 Z-0.125000
G01 X141.790000 Y53.592000 Z-0.125000
G01 X141.790000 Y53.592000 Z-0.125000
G00 Z5.000000

(End cutting path id: path806)


(Start cutting path id: path806)
(Change tool to Default tool)

G00 Z5.000000
G00 X141.790000 Y55.726000

G01 Z-0.125000 F100.0(Penetrate)
G01 X141.980000 Y56.378000 Z-0.125000 F400.000000
G01 X142.473000 Y56.630000 Z-0.125000
G01 X142.927000 Y56.429000 Z-0.125000
G01 X143.015000 Y55.906000 Z-0.125000
G01 X142.734000 Y55.270000 Z-0.125000
G01 X142.323000 Y55.011000 Z-0.125000
G01 X141.951000 Y55.155000 Z-0.125000
G01 X141.790000 Y55.726000 Z-0.125000
G01 X141.790000 Y55.726000 Z-0.125000
G00 Z5.000000

(End cutting path id: path806)


(Start cutting path id: path806)
(Change tool to Default tool)

G00 Z5.000000
G00 X143.960000 Y55.726000

G01 Z-0.125000 F100.0(Penetrate)
G01 X144.150000 Y56.378000 Z-0.125000 F400.000000
G01 X144.643000 Y56.630000 Z-0.125000
G01 X145.097000 Y56.429000 Z-0.125000
G01 X145.185000 Y55.906000 Z-0.125000
G01 X144.905000 Y55.270000 Z-0.125000
G01 X144.493000 Y55.011000 Z-0.125000
G01 X144.122000 Y55.155000 Z-0.125000
G01 X143.960000 Y55.726000 Z-0.125000
G01 X143.960000 Y55.726000 Z-0.125000
G00 Z5.000000

(End cutting path id: path806)


(Start cutting path id: path806)
(Change tool to Default tool)

G00 Z5.000000
G00 X143.960000 Y58.330000

G01 Z-0.125000 F100.0(Penetrate)
G01 X144.150000 Y58.982000 Z-0.125000 F400.000000
G01 X144.643000 Y59.234000 Z-0.125000
G01 X145.097000 Y59.033000 Z-0.125000
G01 X145.185000 Y58.511000 Z-0.125000
G01 X144.905000 Y57.874000 Z-0.125000
G01 X144.493000 Y57.615000 Z-0.125000
G01 X144.122000 Y57.759000 Z-0.125000
G01 X143.960000 Y58.330000 Z-0.125000
G01 X143.960000 Y58.330000 Z-0.125000
G00 Z5.000000

(End cutting path id: path806)


(Start cutting path id: path806)
(Change tool to Default tool)

G00 Z5.000000
G00 X146.130000 Y58.330000

G01 Z-0.125000 F100.0(Penetrate)
G01 X146.320000 Y58.982000 Z-0.125000 F400.000000
G01 X146.813000 Y59.234000 Z-0.125000
G01 X147.267000 Y59.033000 Z-0.125000
G01 X147.355000 Y58.511000 Z-0.125000
G01 X147.075000 Y57.874000 Z-0.125000
G01 X146.664000 Y57.615000 Z-0.125000
G01 X146.292000 Y57.759000 Z-0.125000
G01 X146.130000 Y58.330000 Z-0.125000
G01 X146.130000 Y58.330000 Z-0.125000
G00 Z5.000000

(End cutting path id: path806)


(Start cutting path id: path806)
(Change tool to Default tool)

G00 Z5.000000
G00 X148.300000 Y60.970000

G01 Z-0.125000 F100.0(Penetrate)
G01 X148.428000 Y61.584000 Z-0.125000 F400.000000
G01 X148.734000 Y61.839000 Z-0.125000
G01 X149.041000 Y61.584000 Z-0.125000
G01 X149.168000 Y60.970000 Z-0.125000
G01 X149.041000 Y60.357000 Z-0.125000
G01 X148.734000 Y60.102000 Z-0.125000
G01 X148.428000 Y60.357000 Z-0.125000
G01 X148.300000 Y60.970000 Z-0.125000
G01 X148.300000 Y60.970000 Z-0.125000
G00 Z5.000000

(End cutting path id: path806)


(Start cutting path id: path806)
(Change tool to Default tool)

G00 Z5.000000
G00 X146.130000 Y63.611000

G01 Z-0.125000 F100.0(Penetrate)
G01 X146.292000 Y64.182000 Z-0.125000 F400.000000
G01 X146.664000 Y64.325000 Z-0.125000
G01 X147.075000 Y64.066000 Z-0.125000
G01 X147.355000 Y63.430000 Z-0.125000
G01 X147.267000 Y62.908000 Z-0.125000
G01 X146.813000 Y62.707000 Z-0.125000
G01 X146.320000 Y62.959000 Z-0.125000
G01 X146.130000 Y63.611000 Z-0.125000
G01 X146.130000 Y63.611000 Z-0.125000
G00 Z5.000000

(End cutting path id: path806)


(Start cutting path id: path806)
(Change tool to Default tool)

G00 Z5.000000
G00 X143.960000 Y63.407000

G01 Z-0.125000 F100.0(Penetrate)
G01 X144.104000 Y64.173000 Z-0.125000 F400.000000
G01 X144.274000 Y64.335000 Z-0.125000
G01 X144.502000 Y64.334000 Z-0.125000
G01 X144.973000 Y63.985000 Z-0.125000
G01 X145.160000 Y63.456000 Z-0.125000
G01 X145.051000 Y62.922000 Z-0.125000
G01 X144.632000 Y62.558000 Z-0.125000
G01 X144.317000 Y62.494000 Z-0.125000
G01 X144.109000 Y62.603000 Z-0.125000
G01 X143.960000 Y63.407000 Z-0.125000
G01 X143.960000 Y63.407000 Z-0.125000
G00 Z5.000000

(End cutting path id: path806)


(Start cutting path id: path806)
(Change tool to Default tool)

G00 Z5.000000
G00 X143.960000 Y61.007000

G01 Z-0.125000 F100.0(Penetrate)
G01 X144.122000 Y61.578000 Z-0.125000 F400.000000
G01 X144.493000 Y61.721000 Z-0.125000
G01 X144.905000 Y61.462000 Z-0.125000
G01 X145.185000 Y60.826000 Z-0.125000
G01 X145.097000 Y60.304000 Z-0.125000
G01 X144.643000 Y60.102000 Z-0.125000
G01 X144.150000 Y60.355000 Z-0.125000
G01 X143.960000 Y61.007000 Z-0.125000
G01 X143.960000 Y61.007000 Z-0.125000
G00 Z5.000000

(End cutting path id: path806)


(Start cutting path id: path806)
(Change tool to Default tool)

G00 Z5.000000
G00 X141.790000 Y61.007000

G01 Z-0.125000 F100.0(Penetrate)
G01 X141.951000 Y61.578000 Z-0.125000 F400.000000
G01 X142.323000 Y61.721000 Z-0.125000
G01 X142.734000 Y61.462000 Z-0.125000
G01 X143.015000 Y60.826000 Z-0.125000
G01 X142.927000 Y60.304000 Z-0.125000
G01 X142.473000 Y60.102000 Z-0.125000
G01 X141.980000 Y60.355000 Z-0.125000
G01 X141.790000 Y61.007000 Z-0.125000
G01 X141.790000 Y61.007000 Z-0.125000
G00 Z5.000000

(End cutting path id: path806)


(Start cutting path id: path806)
(Change tool to Default tool)

G00 Z5.000000
G00 X139.619000 Y61.007000

G01 Z-0.125000 F100.0(Penetrate)
G01 X139.781000 Y61.578000 Z-0.125000 F400.000000
G01 X140.153000 Y61.721000 Z-0.125000
G01 X140.564000 Y61.462000 Z-0.125000
G01 X140.845000 Y60.826000 Z-0.125000
G01 X140.756000 Y60.304000 Z-0.125000
G01 X140.302000 Y60.102000 Z-0.125000
G01 X139.810000 Y60.355000 Z-0.125000
G01 X139.619000 Y61.007000 Z-0.125000
G01 X139.619000 Y61.007000 Z-0.125000
G00 Z5.000000

(End cutting path id: path806)


(Start cutting path id: path806)
(Change tool to Default tool)

G00 Z5.000000
G00 X137.449000 Y61.007000

G01 Z-0.125000 F100.0(Penetrate)
G01 X137.611000 Y61.578000 Z-0.125000 F400.000000
G01 X137.983000 Y61.721000 Z-0.125000
G01 X138.394000 Y61.462000 Z-0.125000
G01 X138.675000 Y60.826000 Z-0.125000
G01 X138.586000 Y60.304000 Z-0.125000
G01 X138.132000 Y60.102000 Z-0.125000
G01 X137.640000 Y60.355000 Z-0.125000
G01 X137.449000 Y61.007000 Z-0.125000
G01 X137.449000 Y61.007000 Z-0.125000
G00 Z5.000000

(End cutting path id: path806)


(Start cutting path id: path806)
(Change tool to Default tool)

G00 Z5.000000
G00 X135.279000 Y61.007000

G01 Z-0.125000 F100.0(Penetrate)
G01 X135.441000 Y61.578000 Z-0.125000 F400.000000
G01 X135.813000 Y61.721000 Z-0.125000
G01 X136.224000 Y61.462000 Z-0.125000
G01 X136.504000 Y60.826000 Z-0.125000
G01 X136.416000 Y60.304000 Z-0.125000
G01 X135.962000 Y60.102000 Z-0.125000
G01 X135.470000 Y60.355000 Z-0.125000
G01 X135.279000 Y61.007000 Z-0.125000
G01 X135.279000 Y61.007000 Z-0.125000
G00 Z5.000000

(End cutting path id: path806)


(Start cutting path id: path806)
(Change tool to Default tool)

G00 Z5.000000
G00 X133.109000 Y61.007000

G01 Z-0.125000 F100.0(Penetrate)
G01 X133.271000 Y61.578000 Z-0.125000 F400.000000
G01 X133.642000 Y61.721000 Z-0.125000
G01 X134.054000 Y61.462000 Z-0.125000
G01 X134.334000 Y60.826000 Z-0.125000
G01 X134.246000 Y60.304000 Z-0.125000
G01 X133.792000 Y60.102000 Z-0.125000
G01 X133.299000 Y60.355000 Z-0.125000
G01 X133.109000 Y61.007000 Z-0.125000
G01 X133.109000 Y61.007000 Z-0.125000
G00 Z5.000000

(End cutting path id: path806)


(Start cutting path id: path806)
(Change tool to Default tool)

G00 Z5.000000
G00 X133.186000 Y63.380000

G01 Z-0.125000 F100.0(Penetrate)
G01 X133.422000 Y63.920000 Z-0.125000 F400.000000
G01 X133.764000 Y64.120000 Z-0.125000
G01 X134.103000 Y63.971000 Z-0.125000
G01 X134.328000 Y63.466000 Z-0.125000
G01 X134.246000 Y62.908000 Z-0.125000
G01 X133.760000 Y62.707000 Z-0.125000
G01 X133.286000 Y62.896000 Z-0.125000
G01 X133.186000 Y63.381000 Z-0.125000
G01 X133.186000 Y63.380000 Z-0.125000
G00 Z5.000000

(End cutting path id: path806)


(Start cutting path id: path806)
(Change tool to Default tool)

G00 Z5.000000
G00 X135.356000 Y63.380000

G01 Z-0.125000 F100.0(Penetrate)
G01 X135.592000 Y63.920000 Z-0.125000 F400.000000
G01 X135.935000 Y64.120000 Z-0.125000
G01 X136.273000 Y63.971000 Z-0.125000
G01 X136.499000 Y63.466000 Z-0.125000
G01 X136.416000 Y62.908000 Z-0.125000
G01 X135.930000 Y62.707000 Z-0.125000
G01 X135.456000 Y62.896000 Z-0.125000
G01 X135.356000 Y63.381000 Z-0.125000
G01 X135.356000 Y63.380000 Z-0.125000
G00 Z5.000000

(End cutting path id: path806)


(Start cutting path id: path806)
(Change tool to Default tool)

G00 Z5.000000
G00 X137.526000 Y63.380000

G01 Z-0.125000 F100.0(Penetrate)
G01 X137.763000 Y63.920000 Z-0.125000 F400.000000
G01 X138.105000 Y64.120000 Z-0.125000
G01 X138.443000 Y63.971000 Z-0.125000
G01 X138.669000 Y63.466000 Z-0.125000
G01 X138.587000 Y62.908000 Z-0.125000
G01 X138.100000 Y62.707000 Z-0.125000
G01 X137.626000 Y62.896000 Z-0.125000
G01 X137.526000 Y63.381000 Z-0.125000
G01 X137.526000 Y63.380000 Z-0.125000
G00 Z5.000000

(End cutting path id: path806)


(Start cutting path id: path806)
(Change tool to Default tool)

G00 Z5.000000
G00 X139.696000 Y63.380000

G01 Z-0.125000 F100.0(Penetrate)
G01 X139.933000 Y63.920000 Z-0.125000 F400.000000
G01 X140.275000 Y64.120000 Z-0.125000
G01 X140.614000 Y63.971000 Z-0.125000
G01 X140.839000 Y63.466000 Z-0.125000
G01 X140.757000 Y62.908000 Z-0.125000
G01 X140.270000 Y62.707000 Z-0.125000
G01 X139.796000 Y62.896000 Z-0.125000
G01 X139.696000 Y63.381000 Z-0.125000
G01 X139.696000 Y63.380000 Z-0.125000
G00 Z5.000000

(End cutting path id: path806)


(Start cutting path id: path806)
(Change tool to Default tool)

G00 Z5.000000
G00 X139.696000 Y66.034000

G01 Z-0.125000 F100.0(Penetrate)
G01 X139.977000 Y66.671000 Z-0.125000 F400.000000
G01 X140.388000 Y66.930000 Z-0.125000
G01 X140.760000 Y66.786000 Z-0.125000
G01 X140.922000 Y66.215000 Z-0.125000
G01 X140.731000 Y65.563000 Z-0.125000
G01 X140.239000 Y65.311000 Z-0.125000
G01 X139.785000 Y65.512000 Z-0.125000
G01 X139.696000 Y66.034000 Z-0.125000
G01 X139.696000 Y66.034000 Z-0.125000
G00 Z5.000000

(End cutting path id: path806)


(Start cutting path id: path806)
(Change tool to Default tool)

G00 Z5.000000
G00 X141.790000 Y66.215000

G01 Z-0.125000 F100.0(Penetrate)
G01 X141.951000 Y66.786000 Z-0.125000 F400.000000
G01 X142.323000 Y66.930000 Z-0.125000
G01 X142.734000 Y66.671000 Z-0.125000
G01 X143.015000 Y66.034000 Z-0.125000
G01 X142.927000 Y65.512000 Z-0.125000
G01 X142.473000 Y65.311000 Z-0.125000
G01 X141.980000 Y65.563000 Z-0.125000
G01 X141.790000 Y66.215000 Z-0.125000
G01 X141.790000 Y66.215000 Z-0.125000
G00 Z5.000000

(End cutting path id: path806)


(Start cutting path id: path806)
(Change tool to Default tool)

G00 Z5.000000
G00 X143.960000 Y66.215000

G01 Z-0.125000 F100.0(Penetrate)
G01 X144.122000 Y66.786000 Z-0.125000 F400.000000
G01 X144.493000 Y66.930000 Z-0.125000
G01 X144.905000 Y66.671000 Z-0.125000
G01 X145.185000 Y66.034000 Z-0.125000
G01 X145.097000 Y65.512000 Z-0.125000
G01 X144.643000 Y65.311000 Z-0.125000
G01 X144.150000 Y65.563000 Z-0.125000
G01 X143.960000 Y66.215000 Z-0.125000
G01 X143.960000 Y66.215000 Z-0.125000
G00 Z5.000000

(End cutting path id: path806)


(Start cutting path id: path806)
(Change tool to Default tool)

G00 Z5.000000
G00 X146.130000 Y66.215000

G01 Z-0.125000 F100.0(Penetrate)
G01 X146.292000 Y66.786000 Z-0.125000 F400.000000
G01 X146.664000 Y66.930000 Z-0.125000
G01 X147.075000 Y66.671000 Z-0.125000
G01 X147.355000 Y66.034000 Z-0.125000
G01 X147.267000 Y65.512000 Z-0.125000
G01 X146.813000 Y65.311000 Z-0.125000
G01 X146.320000 Y65.563000 Z-0.125000
G01 X146.130000 Y66.215000 Z-0.125000
G01 X146.130000 Y66.215000 Z-0.125000
G00 Z5.000000

(End cutting path id: path806)


(Start cutting path id: path806)
(Change tool to Default tool)

G00 Z5.000000
G00 X148.300000 Y66.179000

G01 Z-0.125000 F100.0(Penetrate)
G01 X148.428000 Y66.792000 Z-0.125000 F400.000000
G01 X148.734000 Y67.047000 Z-0.125000
G01 X149.041000 Y66.792000 Z-0.125000
G01 X149.168000 Y66.179000 Z-0.125000
G01 X149.041000 Y65.566000 Z-0.125000
G01 X148.734000 Y65.311000 Z-0.125000
G01 X148.428000 Y65.566000 Z-0.125000
G01 X148.300000 Y66.179000 Z-0.125000
G01 X148.300000 Y66.179000 Z-0.125000
G00 Z5.000000

(End cutting path id: path806)


(Start cutting path id: path806)
(Change tool to Default tool)

G00 Z5.000000
G00 X148.300000 Y68.783000

G01 Z-0.125000 F100.0(Penetrate)
G01 X148.380000 Y69.308000 Z-0.125000 F400.000000
G01 X148.596000 Y69.600000 Z-0.125000
G01 X148.909000 Y69.636000 Z-0.125000
G01 X149.283000 Y69.392000 Z-0.125000
G01 X149.405000 Y69.014000 Z-0.125000
G01 X149.299000 Y68.523000 Z-0.125000
G01 X149.036000 Y68.097000 Z-0.125000
G01 X148.688000 Y67.915000 Z-0.125000
G01 X148.414000 Y68.170000 Z-0.125000
G01 X148.300000 Y68.783000 Z-0.125000
G01 X148.300000 Y68.783000 Z-0.125000
G00 Z5.000000

(End cutting path id: path806)


(Start cutting path id: path806)
(Change tool to Default tool)

G00 Z5.000000
G00 X146.130000 Y70.953000

G01 Z-0.125000 F100.0(Penetrate)
G01 X146.280000 Y71.583000 Z-0.125000 F400.000000
G01 X146.452000 Y71.718000 Z-0.125000
G01 X146.673000 Y71.713000 Z-0.125000
G01 X147.056000 Y71.415000 Z-0.125000
G01 X147.215000 Y70.953000 Z-0.125000
G01 X147.056000 Y70.491000 Z-0.125000
G01 X146.673000 Y70.194000 Z-0.125000
G01 X146.452000 Y70.188000 Z-0.125000
G01 X146.280000 Y70.323000 Z-0.125000
G01 X146.130000 Y70.953000 Z-0.125000
G01 X146.130000 Y70.953000 Z-0.125000
G00 Z5.000000

(End cutting path id: path806)


(Start cutting path id: path806)
(Change tool to Default tool)

G00 Z5.000000
G00 X143.960000 Y68.819000

G01 Z-0.125000 F100.0(Penetrate)
G01 X144.122000 Y69.390000 Z-0.125000 F400.000000
G01 X144.493000 Y69.534000 Z-0.125000
G01 X144.905000 Y69.275000 Z-0.125000
G01 X145.185000 Y68.638000 Z-0.125000
G01 X145.097000 Y68.116000 Z-0.125000
G01 X144.643000 Y67.915000 Z-0.125000
G01 X144.150000 Y68.167000 Z-0.125000
G01 X143.960000 Y68.819000 Z-0.125000
G01 X143.960000 Y68.819000 Z-0.125000
G00 Z5.000000

(End cutting path id: path806)


(Start cutting path id: path806)
(Change tool to Default tool)

G00 Z5.000000
G00 X141.790000 Y68.819000

G01 Z-0.125000 F100.0(Penetrate)
G01 X141.951000 Y69.390000 Z-0.125000 F400.000000
G01 X142.323000 Y69.534000 Z-0.125000
G01 X142.734000 Y69.275000 Z-0.125000
G01 X143.015000 Y68.638000 Z-0.125000
G01 X142.927000 Y68.116000 Z-0.125000
G01 X142.473000 Y67.915000 Z-0.125000
G01 X141.980000 Y68.167000 Z-0.125000
G01 X141.790000 Y68.819000 Z-0.125000
G01 X141.790000 Y68.819000 Z-0.125000
G00 Z5.000000

(End cutting path id: path806)


(Start cutting path id: path806)
(Change tool to Default tool)

G00 Z5.000000
G00 X141.790000 Y70.953000

G01 Z-0.125000 F100.0(Penetrate)
G01 X141.980000 Y71.568000 Z-0.125000 F400.000000
G01 X142.441000 Y71.821000 Z-0.125000
G01 X142.902000 Y71.568000 Z-0.125000
G01 X143.092000 Y70.953000 Z-0.125000
G01 X142.902000 Y70.338000 Z-0.125000
G01 X142.441000 Y70.085000 Z-0.125000
G01 X141.980000 Y70.338000 Z-0.125000
G01 X141.790000 Y70.953000 Z-0.125000
G01 X141.790000 Y70.953000 Z-0.125000
G00 Z5.000000

(End cutting path id: path806)


(Start cutting path id: path806)
(Change tool to Default tool)

G00 Z5.000000
G00 X139.619000 Y70.953000

G01 Z-0.125000 F100.0(Penetrate)
G01 X139.809000 Y71.568000 Z-0.125000 F400.000000
G01 X140.270000 Y71.821000 Z-0.125000
G01 X140.732000 Y71.568000 Z-0.125000
G01 X140.922000 Y70.953000 Z-0.125000
G01 X140.732000 Y70.338000 Z-0.125000
G01 X140.270000 Y70.085000 Z-0.125000
G01 X139.809000 Y70.338000 Z-0.125000
G01 X139.619000 Y70.953000 Z-0.125000
G01 X139.619000 Y70.953000 Z-0.125000
G00 Z5.000000

(End cutting path id: path806)


(Start cutting path id: path806)
(Change tool to Default tool)

G00 Z5.000000
G00 X139.619000 Y68.819000

G01 Z-0.125000 F100.0(Penetrate)
G01 X139.781000 Y69.390000 Z-0.125000 F400.000000
G01 X140.153000 Y69.534000 Z-0.125000
G01 X140.564000 Y69.275000 Z-0.125000
G01 X140.845000 Y68.638000 Z-0.125000
G01 X140.756000 Y68.116000 Z-0.125000
G01 X140.302000 Y67.915000 Z-0.125000
G01 X139.810000 Y68.167000 Z-0.125000
G01 X139.619000 Y68.819000 Z-0.125000
G01 X139.619000 Y68.819000 Z-0.125000
G00 Z5.000000

(End cutting path id: path806)


(Start cutting path id: path806)
(Change tool to Default tool)

G00 Z5.000000
G00 X137.449000 Y68.819000

G01 Z-0.125000 F100.0(Penetrate)
G01 X137.611000 Y69.390000 Z-0.125000 F400.000000
G01 X137.983000 Y69.534000 Z-0.125000
G01 X138.394000 Y69.275000 Z-0.125000
G01 X138.675000 Y68.638000 Z-0.125000
G01 X138.586000 Y68.116000 Z-0.125000
G01 X138.132000 Y67.915000 Z-0.125000
G01 X137.640000 Y68.167000 Z-0.125000
G01 X137.449000 Y68.819000 Z-0.125000
G01 X137.449000 Y68.819000 Z-0.125000
G00 Z5.000000

(End cutting path id: path806)


(Start cutting path id: path806)
(Change tool to Default tool)

G00 Z5.000000
G00 X137.449000 Y70.953000

G01 Z-0.125000 F100.0(Penetrate)
G01 X137.639000 Y71.568000 Z-0.125000 F400.000000
G01 X138.100000 Y71.821000 Z-0.125000
G01 X138.561000 Y71.568000 Z-0.125000
G01 X138.751000 Y70.953000 Z-0.125000
G01 X138.561000 Y70.338000 Z-0.125000
G01 X138.100000 Y70.085000 Z-0.125000
G01 X137.639000 Y70.338000 Z-0.125000
G01 X137.449000 Y70.953000 Z-0.125000
G01 X137.449000 Y70.953000 Z-0.125000
G00 Z5.000000

(End cutting path id: path806)


(Start cutting path id: path806)
(Change tool to Default tool)

G00 Z5.000000
G00 X135.279000 Y70.953000

G01 Z-0.125000 F100.0(Penetrate)
G01 X135.469000 Y71.568000 Z-0.125000 F400.000000
G01 X135.930000 Y71.821000 Z-0.125000
G01 X136.391000 Y71.568000 Z-0.125000
G01 X136.581000 Y70.953000 Z-0.125000
G01 X136.391000 Y70.338000 Z-0.125000
G01 X135.930000 Y70.085000 Z-0.125000
G01 X135.469000 Y70.338000 Z-0.125000
G01 X135.279000 Y70.953000 Z-0.125000
G01 X135.279000 Y70.953000 Z-0.125000
G00 Z5.000000

(End cutting path id: path806)


(Start cutting path id: path806)
(Change tool to Default tool)

G00 Z5.000000
G00 X135.279000 Y68.819000

G01 Z-0.125000 F100.0(Penetrate)
G01 X135.441000 Y69.390000 Z-0.125000 F400.000000
G01 X135.813000 Y69.534000 Z-0.125000
G01 X136.224000 Y69.275000 Z-0.125000
G01 X136.504000 Y68.638000 Z-0.125000
G01 X136.416000 Y68.116000 Z-0.125000
G01 X135.962000 Y67.915000 Z-0.125000
G01 X135.470000 Y68.167000 Z-0.125000
G01 X135.279000 Y68.819000 Z-0.125000
G01 X135.279000 Y68.819000 Z-0.125000
G00 Z5.000000

(End cutting path id: path806)


(Start cutting path id: path806)
(Change tool to Default tool)

G00 Z5.000000
G00 X133.109000 Y68.819000

G01 Z-0.125000 F100.0(Penetrate)
G01 X133.271000 Y69.390000 Z-0.125000 F400.000000
G01 X133.642000 Y69.534000 Z-0.125000
G01 X134.054000 Y69.275000 Z-0.125000
G01 X134.334000 Y68.638000 Z-0.125000
G01 X134.246000 Y68.116000 Z-0.125000
G01 X133.792000 Y67.915000 Z-0.125000
G01 X133.299000 Y68.167000 Z-0.125000
G01 X133.109000 Y68.819000 Z-0.125000
G01 X133.109000 Y68.819000 Z-0.125000
G00 Z5.000000

(End cutting path id: path806)


(Start cutting path id: path806)
(Change tool to Default tool)

G00 Z5.000000
G00 X133.109000 Y70.953000

G01 Z-0.125000 F100.0(Penetrate)
G01 X133.299000 Y71.568000 Z-0.125000 F400.000000
G01 X133.760000 Y71.821000 Z-0.125000
G01 X134.221000 Y71.568000 Z-0.125000
G01 X134.411000 Y70.953000 Z-0.125000
G01 X134.221000 Y70.338000 Z-0.125000
G01 X133.760000 Y70.085000 Z-0.125000
G01 X133.299000 Y70.338000 Z-0.125000
G01 X133.109000 Y70.953000 Z-0.125000
G01 X133.109000 Y70.953000 Z-0.125000
G00 Z5.000000

(End cutting path id: path806)


(Start cutting path id: path806)
(Change tool to Default tool)

G00 Z5.000000
G00 X130.939000 Y70.953000

G01 Z-0.125000 F100.0(Penetrate)
G01 X131.129000 Y71.568000 Z-0.125000 F400.000000
G01 X131.590000 Y71.821000 Z-0.125000
G01 X132.051000 Y71.568000 Z-0.125000
G01 X132.241000 Y70.953000 Z-0.125000
G01 X132.051000 Y70.338000 Z-0.125000
G01 X131.590000 Y70.085000 Z-0.125000
G01 X131.129000 Y70.338000 Z-0.125000
G01 X130.939000 Y70.953000 Z-0.125000
G01 X130.939000 Y70.953000 Z-0.125000
G00 Z5.000000

(End cutting path id: path806)


(Start cutting path id: path806)
(Change tool to Default tool)

G00 Z5.000000
G00 X130.939000 Y68.819000

G01 Z-0.125000 F100.0(Penetrate)
G01 X131.100000 Y69.390000 Z-0.125000 F400.000000
G01 X131.472000 Y69.534000 Z-0.125000
G01 X131.884000 Y69.275000 Z-0.125000
G01 X132.164000 Y68.638000 Z-0.125000
G01 X132.076000 Y68.116000 Z-0.125000
G01 X131.622000 Y67.915000 Z-0.125000
G01 X131.129000 Y68.167000 Z-0.125000
G01 X130.939000 Y68.819000 Z-0.125000
G01 X130.939000 Y68.819000 Z-0.125000
G00 Z5.000000

(End cutting path id: path806)


(Start cutting path id: path806)
(Change tool to Default tool)

G00 Z5.000000
G00 X128.768000 Y68.783000

G01 Z-0.125000 F100.0(Penetrate)
G01 X128.958000 Y69.398000 Z-0.125000 F400.000000
G01 X129.420000 Y69.651000 Z-0.125000
G01 X129.881000 Y69.398000 Z-0.125000
G01 X130.071000 Y68.783000 Z-0.125000
G01 X129.881000 Y68.168000 Z-0.125000
G01 X129.420000 Y67.915000 Z-0.125000
G01 X128.958000 Y68.168000 Z-0.125000
G01 X128.768000 Y68.783000 Z-0.125000
G01 X128.768000 Y68.783000 Z-0.125000
G00 Z5.000000

(End cutting path id: path806)


(Start cutting path id: path806)
(Change tool to Default tool)

G00 Z5.000000
G00 X128.768000 Y70.953000

G01 Z-0.125000 F100.0(Penetrate)
G01 X128.958000 Y71.568000 Z-0.125000 F400.000000
G01 X129.420000 Y71.821000 Z-0.125000
G01 X129.881000 Y71.568000 Z-0.125000
G01 X130.071000 Y70.953000 Z-0.125000
G01 X129.881000 Y70.338000 Z-0.125000
G01 X129.420000 Y70.085000 Z-0.125000
G01 X128.958000 Y70.338000 Z-0.125000
G01 X128.768000 Y70.953000 Z-0.125000
G01 X128.768000 Y70.953000 Z-0.125000
G00 Z5.000000

(End cutting path id: path806)


(Start cutting path id: path806)
(Change tool to Default tool)

G00 Z5.000000
G00 X128.768000 Y73.557000

G01 Z-0.125000 F100.0(Penetrate)
G01 X128.958000 Y74.172000 Z-0.125000 F400.000000
G01 X129.420000 Y74.425000 Z-0.125000
G01 X129.881000 Y74.172000 Z-0.125000
G01 X130.071000 Y73.557000 Z-0.125000
G01 X129.881000 Y72.943000 Z-0.125000
G01 X129.420000 Y72.689000 Z-0.125000
G01 X128.958000 Y72.943000 Z-0.125000
G01 X128.768000 Y73.557000 Z-0.125000
G01 X128.768000 Y73.557000 Z-0.125000
G00 Z5.000000

(End cutting path id: path806)


(Start cutting path id: path806)
(Change tool to Default tool)

G00 Z5.000000
G00 X130.939000 Y73.557000

G01 Z-0.125000 F100.0(Penetrate)
G01 X131.129000 Y74.172000 Z-0.125000 F400.000000
G01 X131.590000 Y74.425000 Z-0.125000
G01 X132.051000 Y74.172000 Z-0.125000
G01 X132.241000 Y73.557000 Z-0.125000
G01 X132.051000 Y72.943000 Z-0.125000
G01 X131.590000 Y72.689000 Z-0.125000
G01 X131.129000 Y72.943000 Z-0.125000
G01 X130.939000 Y73.557000 Z-0.125000
G01 X130.939000 Y73.557000 Z-0.125000
G00 Z5.000000

(End cutting path id: path806)


(Start cutting path id: path806)
(Change tool to Default tool)

G00 Z5.000000
G00 X133.109000 Y73.557000

G01 Z-0.125000 F100.0(Penetrate)
G01 X133.299000 Y74.172000 Z-0.125000 F400.000000
G01 X133.760000 Y74.425000 Z-0.125000
G01 X134.221000 Y74.172000 Z-0.125000
G01 X134.411000 Y73.557000 Z-0.125000
G01 X134.221000 Y72.943000 Z-0.125000
G01 X133.760000 Y72.689000 Z-0.125000
G01 X133.299000 Y72.943000 Z-0.125000
G01 X133.109000 Y73.557000 Z-0.125000
G01 X133.109000 Y73.557000 Z-0.125000
G00 Z5.000000

(End cutting path id: path806)


(Start cutting path id: path806)
(Change tool to Default tool)

G00 Z5.000000
G00 X133.109000 Y76.162000

G01 Z-0.125000 F100.0(Penetrate)
G01 X133.299000 Y76.777000 Z-0.125000 F400.000000
G01 X133.760000 Y77.030000 Z-0.125000
G01 X134.221000 Y76.777000 Z-0.125000
G01 X134.411000 Y76.162000 Z-0.125000
G01 X134.221000 Y75.547000 Z-0.125000
G01 X133.760000 Y75.294000 Z-0.125000
G01 X133.299000 Y75.547000 Z-0.125000
G01 X133.109000 Y76.162000 Z-0.125000
G01 X133.109000 Y76.162000 Z-0.125000
G00 Z5.000000

(End cutting path id: path806)


(Start cutting path id: path806)
(Change tool to Default tool)

G00 Z5.000000
G00 X130.939000 Y76.162000

G01 Z-0.125000 F100.0(Penetrate)
G01 X131.129000 Y76.777000 Z-0.125000 F400.000000
G01 X131.590000 Y77.030000 Z-0.125000
G01 X132.051000 Y76.777000 Z-0.125000
G01 X132.241000 Y76.162000 Z-0.125000
G01 X132.051000 Y75.547000 Z-0.125000
G01 X131.590000 Y75.294000 Z-0.125000
G01 X131.129000 Y75.547000 Z-0.125000
G01 X130.939000 Y76.162000 Z-0.125000
G01 X130.939000 Y76.162000 Z-0.125000
G00 Z5.000000

(End cutting path id: path806)


(Start cutting path id: path806)
(Change tool to Default tool)

G00 Z5.000000
G00 X128.768000 Y76.162000

G01 Z-0.125000 F100.0(Penetrate)
G01 X128.958000 Y76.777000 Z-0.125000 F400.000000
G01 X129.420000 Y77.030000 Z-0.125000
G01 X129.881000 Y76.777000 Z-0.125000
G01 X130.071000 Y76.162000 Z-0.125000
G01 X129.881000 Y75.547000 Z-0.125000
G01 X129.420000 Y75.294000 Z-0.125000
G01 X128.958000 Y75.547000 Z-0.125000
G01 X128.768000 Y76.162000 Z-0.125000
G01 X128.768000 Y76.162000 Z-0.125000
G00 Z5.000000

(End cutting path id: path806)


(Start cutting path id: path806)
(Change tool to Default tool)

G00 Z5.000000
G00 X128.845000 Y78.572000

G01 Z-0.125000 F100.0(Penetrate)
G01 X129.082000 Y79.111000 Z-0.125000 F400.000000
G01 X129.424000 Y79.311000 Z-0.125000
G01 X129.763000 Y79.162000 Z-0.125000
G01 X129.988000 Y78.657000 Z-0.125000
G01 X129.906000 Y78.099000 Z-0.125000
G01 X129.420000 Y77.898000 Z-0.125000
G01 X128.945000 Y78.087000 Z-0.125000
G01 X128.845000 Y78.572000 Z-0.125000
G01 X128.845000 Y78.572000 Z-0.125000
G00 Z5.000000

(End cutting path id: path806)


(Start cutting path id: path806)
(Change tool to Default tool)

G00 Z5.000000
G00 X130.939000 Y78.802000

G01 Z-0.125000 F100.0(Penetrate)
G01 X131.100000 Y79.373000 Z-0.125000 F400.000000
G01 X131.472000 Y79.517000 Z-0.125000
G01 X131.884000 Y79.258000 Z-0.125000
G01 X132.164000 Y78.621000 Z-0.125000
G01 X132.076000 Y78.099000 Z-0.125000
G01 X131.622000 Y77.898000 Z-0.125000
G01 X131.129000 Y78.150000 Z-0.125000
G01 X130.939000 Y78.802000 Z-0.125000
G01 X130.939000 Y78.802000 Z-0.125000
G00 Z5.000000

(End cutting path id: path806)


(Start cutting path id: path806)
(Change tool to Default tool)

G00 Z5.000000
G00 X130.939000 Y80.936000

G01 Z-0.125000 F100.0(Penetrate)
G01 X131.129000 Y81.551000 Z-0.125000 F400.000000
G01 X131.590000 Y81.804000 Z-0.125000
G01 X132.051000 Y81.551000 Z-0.125000
G01 X132.241000 Y80.936000 Z-0.125000
G01 X132.051000 Y80.321000 Z-0.125000
G01 X131.590000 Y80.068000 Z-0.125000
G01 X131.129000 Y80.321000 Z-0.125000
G01 X130.939000 Y80.936000 Z-0.125000
G01 X130.939000 Y80.936000 Z-0.125000
G00 Z5.000000

(End cutting path id: path806)


(Start cutting path id: path806)
(Change tool to Default tool)

G00 Z5.000000
G00 X133.109000 Y80.936000

G01 Z-0.125000 F100.0(Penetrate)
G01 X133.299000 Y81.551000 Z-0.125000 F400.000000
G01 X133.760000 Y81.804000 Z-0.125000
G01 X134.221000 Y81.551000 Z-0.125000
G01 X134.411000 Y80.936000 Z-0.125000
G01 X134.221000 Y80.321000 Z-0.125000
G01 X133.760000 Y80.068000 Z-0.125000
G01 X133.299000 Y80.321000 Z-0.125000
G01 X133.109000 Y80.936000 Z-0.125000
G01 X133.109000 Y80.936000 Z-0.125000
G00 Z5.000000

(End cutting path id: path806)


(Start cutting path id: path806)
(Change tool to Default tool)

G00 Z5.000000
G00 X133.109000 Y78.802000

G01 Z-0.125000 F100.0(Penetrate)
G01 X133.271000 Y79.373000 Z-0.125000 F400.000000
G01 X133.642000 Y79.517000 Z-0.125000
G01 X134.054000 Y79.258000 Z-0.125000
G01 X134.334000 Y78.621000 Z-0.125000
G01 X134.246000 Y78.099000 Z-0.125000
G01 X133.792000 Y77.898000 Z-0.125000
G01 X133.299000 Y78.150000 Z-0.125000
G01 X133.109000 Y78.802000 Z-0.125000
G01 X133.109000 Y78.802000 Z-0.125000
G00 Z5.000000

(End cutting path id: path806)


(Start cutting path id: path806)
(Change tool to Default tool)

G00 Z5.000000
G00 X135.279000 Y78.802000

G01 Z-0.125000 F100.0(Penetrate)
G01 X135.441000 Y79.373000 Z-0.125000 F400.000000
G01 X135.813000 Y79.517000 Z-0.125000
G01 X136.224000 Y79.258000 Z-0.125000
G01 X136.504000 Y78.621000 Z-0.125000
G01 X136.416000 Y78.099000 Z-0.125000
G01 X135.962000 Y77.898000 Z-0.125000
G01 X135.470000 Y78.150000 Z-0.125000
G01 X135.279000 Y78.802000 Z-0.125000
G01 X135.279000 Y78.802000 Z-0.125000
G00 Z5.000000

(End cutting path id: path806)


(Start cutting path id: path806)
(Change tool to Default tool)

G00 Z5.000000
G00 X137.449000 Y78.802000

G01 Z-0.125000 F100.0(Penetrate)
G01 X137.611000 Y79.373000 Z-0.125000 F400.000000
G01 X137.983000 Y79.517000 Z-0.125000
G01 X138.394000 Y79.258000 Z-0.125000
G01 X138.675000 Y78.621000 Z-0.125000
G01 X138.586000 Y78.099000 Z-0.125000
G01 X138.132000 Y77.898000 Z-0.125000
G01 X137.640000 Y78.150000 Z-0.125000
G01 X137.449000 Y78.802000 Z-0.125000
G01 X137.449000 Y78.802000 Z-0.125000
G00 Z5.000000

(End cutting path id: path806)


(Start cutting path id: path806)
(Change tool to Default tool)

G00 Z5.000000
G00 X137.449000 Y80.936000

G01 Z-0.125000 F100.0(Penetrate)
G01 X137.639000 Y81.551000 Z-0.125000 F400.000000
G01 X138.100000 Y81.804000 Z-0.125000
G01 X138.561000 Y81.551000 Z-0.125000
G01 X138.751000 Y80.936000 Z-0.125000
G01 X138.561000 Y80.321000 Z-0.125000
G01 X138.100000 Y80.068000 Z-0.125000
G01 X137.639000 Y80.321000 Z-0.125000
G01 X137.449000 Y80.936000 Z-0.125000
G01 X137.449000 Y80.936000 Z-0.125000
G00 Z5.000000

(End cutting path id: path806)


(Start cutting path id: path806)
(Change tool to Default tool)

G00 Z5.000000
G00 X139.619000 Y80.936000

G01 Z-0.125000 F100.0(Penetrate)
G01 X139.809000 Y81.551000 Z-0.125000 F400.000000
G01 X140.270000 Y81.804000 Z-0.125000
G01 X140.732000 Y81.551000 Z-0.125000
G01 X140.922000 Y80.936000 Z-0.125000
G01 X140.732000 Y80.321000 Z-0.125000
G01 X140.270000 Y80.068000 Z-0.125000
G01 X139.809000 Y80.321000 Z-0.125000
G01 X139.619000 Y80.936000 Z-0.125000
G01 X139.619000 Y80.936000 Z-0.125000
G00 Z5.000000

(End cutting path id: path806)


(Start cutting path id: path806)
(Change tool to Default tool)

G00 Z5.000000
G00 X139.619000 Y78.802000

G01 Z-0.125000 F100.0(Penetrate)
G01 X139.781000 Y79.373000 Z-0.125000 F400.000000
G01 X140.153000 Y79.517000 Z-0.125000
G01 X140.564000 Y79.258000 Z-0.125000
G01 X140.845000 Y78.621000 Z-0.125000
G01 X140.756000 Y78.099000 Z-0.125000
G01 X140.302000 Y77.898000 Z-0.125000
G01 X139.810000 Y78.150000 Z-0.125000
G01 X139.619000 Y78.802000 Z-0.125000
G01 X139.619000 Y78.802000 Z-0.125000
G00 Z5.000000

(End cutting path id: path806)


(Start cutting path id: path806)
(Change tool to Default tool)

G00 Z5.000000
G00 X141.790000 Y78.802000

G01 Z-0.125000 F100.0(Penetrate)
G01 X141.951000 Y79.373000 Z-0.125000 F400.000000
G01 X142.323000 Y79.517000 Z-0.125000
G01 X142.734000 Y79.258000 Z-0.125000
G01 X143.015000 Y78.621000 Z-0.125000
G01 X142.927000 Y78.099000 Z-0.125000
G01 X142.473000 Y77.898000 Z-0.125000
G01 X141.980000 Y78.150000 Z-0.125000
G01 X141.790000 Y78.802000 Z-0.125000
G01 X141.790000 Y78.802000 Z-0.125000
G00 Z5.000000

(End cutting path id: path806)


(Start cutting path id: path806)
(Change tool to Default tool)

G00 Z5.000000
G00 X143.960000 Y78.802000

G01 Z-0.125000 F100.0(Penetrate)
G01 X144.122000 Y79.373000 Z-0.125000 F400.000000
G01 X144.493000 Y79.517000 Z-0.125000
G01 X144.905000 Y79.258000 Z-0.125000
G01 X145.185000 Y78.621000 Z-0.125000
G01 X145.097000 Y78.099000 Z-0.125000
G01 X144.643000 Y77.898000 Z-0.125000
G01 X144.150000 Y78.150000 Z-0.125000
G01 X143.960000 Y78.802000 Z-0.125000
G01 X143.960000 Y78.802000 Z-0.125000
G00 Z5.000000

(End cutting path id: path806)


(Start cutting path id: path806)
(Change tool to Default tool)

G00 Z5.000000
G00 X143.960000 Y80.936000

G01 Z-0.125000 F100.0(Penetrate)
G01 X144.110000 Y81.566000 Z-0.125000 F400.000000
G01 X144.281000 Y81.701000 Z-0.125000
G01 X144.502000 Y81.696000 Z-0.125000
G01 X144.886000 Y81.398000 Z-0.125000
G01 X145.045000 Y80.936000 Z-0.125000
G01 X144.886000 Y80.474000 Z-0.125000
G01 X144.502000 Y80.176000 Z-0.125000
G01 X144.281000 Y80.171000 Z-0.125000
G01 X144.110000 Y80.306000 Z-0.125000
G01 X143.960000 Y80.936000 Z-0.125000
G01 X143.960000 Y80.936000 Z-0.125000
G00 Z5.000000

(End cutting path id: path806)


(Start cutting path id: path806)
(Change tool to Default tool)

G00 Z5.000000
G00 X146.130000 Y80.936000

G01 Z-0.125000 F100.0(Penetrate)
G01 X146.258000 Y81.549000 Z-0.125000 F400.000000
G01 X146.564000 Y81.804000 Z-0.125000
G01 X146.871000 Y81.549000 Z-0.125000
G01 X146.998000 Y80.936000 Z-0.125000
G01 X146.871000 Y80.323000 Z-0.125000
G01 X146.564000 Y80.068000 Z-0.125000
G01 X146.258000 Y80.323000 Z-0.125000
G01 X146.130000 Y80.936000 Z-0.125000
G01 X146.130000 Y80.936000 Z-0.125000
G00 Z5.000000

(End cutting path id: path806)


(Start cutting path id: path806)
(Change tool to Default tool)

G00 Z5.000000
G00 X148.300000 Y78.766000

G01 Z-0.125000 F100.0(Penetrate)
G01 X148.428000 Y79.379000 Z-0.125000 F400.000000
G01 X148.734000 Y79.634000 Z-0.125000
G01 X149.041000 Y79.379000 Z-0.125000
G01 X149.168000 Y78.766000 Z-0.125000
G01 X149.041000 Y78.153000 Z-0.125000
G01 X148.734000 Y77.898000 Z-0.125000
G01 X148.428000 Y78.153000 Z-0.125000
G01 X148.300000 Y78.766000 Z-0.125000
G01 X148.300000 Y78.766000 Z-0.125000
G00 Z5.000000

(End cutting path id: path806)


(Start cutting path id: path806)
(Change tool to Default tool)

G00 Z5.000000
G00 X145.773000 Y76.017000

G01 Z-0.125000 F100.0(Penetrate)
G01 X146.053000 Y76.653000 Z-0.125000 F400.000000
G01 X146.465000 Y76.912000 Z-0.125000
G01 X146.836000 Y76.769000 Z-0.125000
G01 X146.998000 Y76.198000 Z-0.125000
G01 X146.808000 Y75.546000 Z-0.125000
G01 X146.315000 Y75.294000 Z-0.125000
G01 X145.861000 Y75.495000 Z-0.125000
G01 X145.773000 Y76.017000 Z-0.125000
G01 X145.773000 Y76.017000 Z-0.125000
G00 Z5.000000

(End cutting path id: path806)


(Start cutting path id: path806)
(Change tool to Default tool)

G00 Z5.000000
G00 X143.960000 Y76.198000

G01 Z-0.125000 F100.0(Penetrate)
G01 X144.122000 Y76.769000 Z-0.125000 F400.000000
G01 X144.493000 Y76.912000 Z-0.125000
G01 X144.905000 Y76.653000 Z-0.125000
G01 X145.185000 Y76.017000 Z-0.125000
G01 X145.097000 Y75.495000 Z-0.125000
G01 X144.643000 Y75.294000 Z-0.125000
G01 X144.150000 Y75.546000 Z-0.125000
G01 X143.960000 Y76.198000 Z-0.125000
G01 X143.960000 Y76.198000 Z-0.125000
G00 Z5.000000

(End cutting path id: path806)


(Start cutting path id: path806)
(Change tool to Default tool)

G00 Z5.000000
G00 X141.790000 Y76.198000

G01 Z-0.125000 F100.0(Penetrate)
G01 X141.951000 Y76.769000 Z-0.125000 F400.000000
G01 X142.323000 Y76.912000 Z-0.125000
G01 X142.734000 Y76.653000 Z-0.125000
G01 X143.015000 Y76.017000 Z-0.125000
G01 X142.927000 Y75.495000 Z-0.125000
G01 X142.473000 Y75.294000 Z-0.125000
G01 X141.980000 Y75.546000 Z-0.125000
G01 X141.790000 Y76.198000 Z-0.125000
G01 X141.790000 Y76.198000 Z-0.125000
G00 Z5.000000

(End cutting path id: path806)


(Start cutting path id: path806)
(Change tool to Default tool)

G00 Z5.000000
G00 X139.619000 Y76.198000

G01 Z-0.125000 F100.0(Penetrate)
G01 X139.781000 Y76.769000 Z-0.125000 F400.000000
G01 X140.153000 Y76.912000 Z-0.125000
G01 X140.564000 Y76.653000 Z-0.125000
G01 X140.845000 Y76.017000 Z-0.125000
G01 X140.756000 Y75.495000 Z-0.125000
G01 X140.302000 Y75.294000 Z-0.125000
G01 X139.810000 Y75.546000 Z-0.125000
G01 X139.619000 Y76.198000 Z-0.125000
G01 X139.619000 Y76.198000 Z-0.125000
G00 Z5.000000

(End cutting path id: path806)


(Start cutting path id: path806)
(Change tool to Default tool)

G00 Z5.000000
G00 X137.449000 Y76.198000

G01 Z-0.125000 F100.0(Penetrate)
G01 X137.611000 Y76.769000 Z-0.125000 F400.000000
G01 X137.983000 Y76.912000 Z-0.125000
G01 X138.394000 Y76.653000 Z-0.125000
G01 X138.675000 Y76.017000 Z-0.125000
G01 X138.586000 Y75.495000 Z-0.125000
G01 X138.132000 Y75.294000 Z-0.125000
G01 X137.640000 Y75.546000 Z-0.125000
G01 X137.449000 Y76.198000 Z-0.125000
G01 X137.449000 Y76.198000 Z-0.125000
G00 Z5.000000

(End cutting path id: path806)


(Start cutting path id: path806)
(Change tool to Default tool)

G00 Z5.000000
G00 X135.279000 Y76.198000

G01 Z-0.125000 F100.0(Penetrate)
G01 X135.441000 Y76.769000 Z-0.125000 F400.000000
G01 X135.813000 Y76.912000 Z-0.125000
G01 X136.224000 Y76.653000 Z-0.125000
G01 X136.504000 Y76.017000 Z-0.125000
G01 X136.416000 Y75.495000 Z-0.125000
G01 X135.962000 Y75.294000 Z-0.125000
G01 X135.470000 Y75.546000 Z-0.125000
G01 X135.279000 Y76.198000 Z-0.125000
G01 X135.279000 Y76.198000 Z-0.125000
G00 Z5.000000

(End cutting path id: path806)


(Start cutting path id: path806)
(Change tool to Default tool)

G00 Z5.000000
G00 X137.449000 Y73.557000

G01 Z-0.125000 F100.0(Penetrate)
G01 X137.639000 Y74.172000 Z-0.125000 F400.000000
G01 X138.100000 Y74.425000 Z-0.125000
G01 X138.561000 Y74.172000 Z-0.125000
G01 X138.751000 Y73.557000 Z-0.125000
G01 X138.561000 Y72.943000 Z-0.125000
G01 X138.100000 Y72.689000 Z-0.125000
G01 X137.639000 Y72.943000 Z-0.125000
G01 X137.449000 Y73.557000 Z-0.125000
G01 X137.449000 Y73.557000 Z-0.125000
G00 Z5.000000

(End cutting path id: path806)


(Start cutting path id: path806)
(Change tool to Default tool)

G00 Z5.000000
G00 X139.619000 Y73.557000

G01 Z-0.125000 F100.0(Penetrate)
G01 X139.809000 Y74.172000 Z-0.125000 F400.000000
G01 X140.270000 Y74.425000 Z-0.125000
G01 X140.732000 Y74.172000 Z-0.125000
G01 X140.922000 Y73.557000 Z-0.125000
G01 X140.732000 Y72.943000 Z-0.125000
G01 X140.270000 Y72.689000 Z-0.125000
G01 X139.809000 Y72.943000 Z-0.125000
G01 X139.619000 Y73.557000 Z-0.125000
G01 X139.619000 Y73.557000 Z-0.125000
G00 Z5.000000

(End cutting path id: path806)


(Start cutting path id: path806)
(Change tool to Default tool)

G00 Z5.000000
G00 X141.790000 Y73.594000

G01 Z-0.125000 F100.0(Penetrate)
G01 X141.951000 Y74.165000 Z-0.125000 F400.000000
G01 X142.323000 Y74.308000 Z-0.125000
G01 X142.734000 Y74.049000 Z-0.125000
G01 X143.015000 Y73.413000 Z-0.125000
G01 X142.927000 Y72.890000 Z-0.125000
G01 X142.473000 Y72.689000 Z-0.125000
G01 X141.980000 Y72.941000 Z-0.125000
G01 X141.790000 Y73.594000 Z-0.125000
G01 X141.790000 Y73.594000 Z-0.125000
G00 Z5.000000

(End cutting path id: path806)


(Start cutting path id: path806)
(Change tool to Default tool)

G00 Z5.000000
G00 X143.960000 Y73.594000

G01 Z-0.125000 F100.0(Penetrate)
G01 X144.122000 Y74.165000 Z-0.125000 F400.000000
G01 X144.493000 Y74.308000 Z-0.125000
G01 X144.905000 Y74.049000 Z-0.125000
G01 X145.185000 Y73.413000 Z-0.125000
G01 X145.097000 Y72.890000 Z-0.125000
G01 X144.643000 Y72.689000 Z-0.125000
G01 X144.150000 Y72.941000 Z-0.125000
G01 X143.960000 Y73.594000 Z-0.125000
G01 X143.960000 Y73.594000 Z-0.125000
G00 Z5.000000

(End cutting path id: path806)


(Start cutting path id: path806)
(Change tool to Default tool)

G00 Z5.000000
G00 X148.300000 Y73.557000

G01 Z-0.125000 F100.0(Penetrate)
G01 X148.428000 Y74.170000 Z-0.125000 F400.000000
G01 X148.734000 Y74.425000 Z-0.125000
G01 X149.041000 Y74.170000 Z-0.125000
G01 X149.168000 Y73.557000 Z-0.125000
G01 X149.041000 Y72.944000 Z-0.125000
G01 X148.734000 Y72.689000 Z-0.125000
G01 X148.428000 Y72.944000 Z-0.125000
G01 X148.300000 Y73.557000 Z-0.125000
G01 X148.300000 Y73.557000 Z-0.125000
G00 Z5.000000

(End cutting path id: path806)


(Start cutting path id: path806)
(Change tool to Default tool)

G00 Z5.000000
G00 X148.300000 Y83.540000

G01 Z-0.125000 F100.0(Penetrate)
G01 X148.428000 Y84.153000 Z-0.125000 F400.000000
G01 X148.734000 Y84.408000 Z-0.125000
G01 X149.041000 Y84.153000 Z-0.125000
G01 X149.168000 Y83.540000 Z-0.125000
G01 X149.041000 Y82.927000 Z-0.125000
G01 X148.734000 Y82.672000 Z-0.125000
G01 X148.428000 Y82.927000 Z-0.125000
G01 X148.300000 Y83.540000 Z-0.125000
G01 X148.300000 Y83.540000 Z-0.125000
G00 Z5.000000

(End cutting path id: path806)


(Start cutting path id: path806)
(Change tool to Default tool)

G00 Z5.000000
G00 X143.960000 Y83.576000

G01 Z-0.125000 F100.0(Penetrate)
G01 X144.122000 Y84.148000 Z-0.125000 F400.000000
G01 X144.493000 Y84.291000 Z-0.125000
G01 X144.905000 Y84.032000 Z-0.125000
G01 X145.185000 Y83.396000 Z-0.125000
G01 X145.097000 Y82.873000 Z-0.125000
G01 X144.643000 Y82.672000 Z-0.125000
G01 X144.150000 Y82.924000 Z-0.125000
G01 X143.960000 Y83.576000 Z-0.125000
G01 X143.960000 Y83.576000 Z-0.125000
G00 Z5.000000

(End cutting path id: path806)


(Start cutting path id: path806)
(Change tool to Default tool)

G00 Z5.000000
G00 X141.790000 Y83.576000

G01 Z-0.125000 F100.0(Penetrate)
G01 X141.951000 Y84.148000 Z-0.125000 F400.000000
G01 X142.323000 Y84.291000 Z-0.125000
G01 X142.734000 Y84.032000 Z-0.125000
G01 X143.015000 Y83.396000 Z-0.125000
G01 X142.927000 Y82.873000 Z-0.125000
G01 X142.473000 Y82.672000 Z-0.125000
G01 X141.980000 Y82.924000 Z-0.125000
G01 X141.790000 Y83.576000 Z-0.125000
G01 X141.790000 Y83.576000 Z-0.125000
G00 Z5.000000

(End cutting path id: path806)


(Start cutting path id: path806)
(Change tool to Default tool)

G00 Z5.000000
G00 X139.619000 Y83.576000

G01 Z-0.125000 F100.0(Penetrate)
G01 X139.781000 Y84.148000 Z-0.125000 F400.000000
G01 X140.153000 Y84.291000 Z-0.125000
G01 X140.564000 Y84.032000 Z-0.125000
G01 X140.845000 Y83.396000 Z-0.125000
G01 X140.756000 Y82.873000 Z-0.125000
G01 X140.302000 Y82.672000 Z-0.125000
G01 X139.810000 Y82.924000 Z-0.125000
G01 X139.619000 Y83.576000 Z-0.125000
G01 X139.619000 Y83.576000 Z-0.125000
G00 Z5.000000

(End cutting path id: path806)


(Start cutting path id: path806)
(Change tool to Default tool)

G00 Z5.000000
G00 X137.449000 Y83.576000

G01 Z-0.125000 F100.0(Penetrate)
G01 X137.611000 Y84.148000 Z-0.125000 F400.000000
G01 X137.983000 Y84.291000 Z-0.125000
G01 X138.394000 Y84.032000 Z-0.125000
G01 X138.675000 Y83.396000 Z-0.125000
G01 X138.586000 Y82.873000 Z-0.125000
G01 X138.132000 Y82.672000 Z-0.125000
G01 X137.640000 Y82.924000 Z-0.125000
G01 X137.449000 Y83.576000 Z-0.125000
G01 X137.449000 Y83.576000 Z-0.125000
G00 Z5.000000

(End cutting path id: path806)


(Start cutting path id: path806)
(Change tool to Default tool)

G00 Z5.000000
G00 X135.279000 Y83.540000

G01 Z-0.125000 F100.0(Penetrate)
G01 X135.469000 Y84.155000 Z-0.125000 F400.000000
G01 X135.930000 Y84.408000 Z-0.125000
G01 X136.391000 Y84.155000 Z-0.125000
G01 X136.581000 Y83.540000 Z-0.125000
G01 X136.391000 Y82.925000 Z-0.125000
G01 X135.930000 Y82.672000 Z-0.125000
G01 X135.469000 Y82.925000 Z-0.125000
G01 X135.279000 Y83.540000 Z-0.125000
G01 X135.279000 Y83.540000 Z-0.125000
G00 Z5.000000

(End cutting path id: path806)


(Start cutting path id: path806)
(Change tool to Default tool)

G00 Z5.000000
G00 X133.109000 Y83.540000

G01 Z-0.125000 F100.0(Penetrate)
G01 X133.299000 Y84.155000 Z-0.125000 F400.000000
G01 X133.760000 Y84.408000 Z-0.125000
G01 X134.221000 Y84.155000 Z-0.125000
G01 X134.411000 Y83.540000 Z-0.125000
G01 X134.221000 Y82.925000 Z-0.125000
G01 X133.760000 Y82.672000 Z-0.125000
G01 X133.299000 Y82.925000 Z-0.125000
G01 X133.109000 Y83.540000 Z-0.125000
G01 X133.109000 Y83.540000 Z-0.125000
G00 Z5.000000

(End cutting path id: path806)


(Start cutting path id: path806)
(Change tool to Default tool)

G00 Z5.000000
G00 X130.939000 Y83.540000

G01 Z-0.125000 F100.0(Penetrate)
G01 X131.129000 Y84.155000 Z-0.125000 F400.000000
G01 X131.590000 Y84.408000 Z-0.125000
G01 X132.051000 Y84.155000 Z-0.125000
G01 X132.241000 Y83.540000 Z-0.125000
G01 X132.051000 Y82.925000 Z-0.125000
G01 X131.590000 Y82.672000 Z-0.125000
G01 X131.129000 Y82.925000 Z-0.125000
G01 X130.939000 Y83.540000 Z-0.125000
G01 X130.939000 Y83.540000 Z-0.125000
G00 Z5.000000

(End cutting path id: path806)


(Start cutting path id: path806)
(Change tool to Default tool)

G00 Z5.000000
G00 X128.768000 Y83.540000

G01 Z-0.125000 F100.0(Penetrate)
G01 X128.958000 Y84.155000 Z-0.125000 F400.000000
G01 X129.420000 Y84.408000 Z-0.125000
G01 X129.881000 Y84.155000 Z-0.125000
G01 X130.071000 Y83.540000 Z-0.125000
G01 X129.881000 Y82.925000 Z-0.125000
G01 X129.420000 Y82.672000 Z-0.125000
G01 X128.958000 Y82.925000 Z-0.125000
G01 X128.768000 Y83.540000 Z-0.125000
G01 X128.768000 Y83.540000 Z-0.125000
G00 Z5.000000

(End cutting path id: path806)


(Start cutting path id: path806)
(Change tool to Default tool)

G00 Z5.000000
G00 X128.768000 Y80.936000

G01 Z-0.125000 F100.0(Penetrate)
G01 X128.958000 Y81.551000 Z-0.125000 F400.000000
G01 X129.420000 Y81.804000 Z-0.125000
G01 X129.881000 Y81.551000 Z-0.125000
G01 X130.071000 Y80.936000 Z-0.125000
G01 X129.881000 Y80.321000 Z-0.125000
G01 X129.420000 Y80.068000 Z-0.125000
G01 X128.958000 Y80.321000 Z-0.125000
G01 X128.768000 Y80.936000 Z-0.125000
G01 X128.768000 Y80.936000 Z-0.125000
G00 Z5.000000

(End cutting path id: path806)


(Start cutting path id: path806)
(Change tool to Default tool)

G00 Z5.000000
G00 X121.824000 Y80.502000

G01 Z-0.125000 F100.0(Penetrate)
G01 X122.015000 Y80.809000 Z-0.125000 F400.000000
G01 X122.475000 Y80.936000 Z-0.125000
G01 X122.935000 Y80.809000 Z-0.125000
G01 X123.126000 Y80.502000 Z-0.125000
G01 X122.935000 Y80.196000 Z-0.125000
G01 X122.475000 Y80.068000 Z-0.125000
G01 X122.015000 Y80.196000 Z-0.125000
G01 X121.824000 Y80.502000 Z-0.125000
G01 X121.824000 Y80.502000 Z-0.125000
G00 Z5.000000

(End cutting path id: path806)


(Start cutting path id: path806)
(Change tool to Default tool)

G00 Z5.000000
G00 X121.824000 Y79.200000

G01 Z-0.125000 F100.0(Penetrate)
G01 X121.944000 Y79.507000 Z-0.125000 F400.000000
G01 X122.232000 Y79.634000 Z-0.125000
G01 X122.600000 Y79.507000 Z-0.125000
G01 X122.909000 Y79.200000 Z-0.125000
G01 X122.900000 Y78.894000 Z-0.125000
G01 X122.501000 Y78.766000 Z-0.125000
G01 X122.023000 Y78.894000 Z-0.125000
G01 X121.824000 Y79.200000 Z-0.125000
G01 X121.824000 Y79.200000 Z-0.125000
G00 Z5.000000

(End cutting path id: path806)


(Start cutting path id: path806)
(Change tool to Default tool)

G00 Z5.000000
G00 X121.824000 Y77.464000

G01 Z-0.125000 F100.0(Penetrate)
G01 X122.023000 Y77.771000 Z-0.125000 F400.000000
G01 X122.501000 Y77.898000 Z-0.125000
G01 X122.900000 Y77.771000 Z-0.125000
G01 X122.909000 Y77.464000 Z-0.125000
G01 X122.600000 Y77.157000 Z-0.125000
G01 X122.232000 Y77.030000 Z-0.125000
G01 X121.944000 Y77.157000 Z-0.125000
G01 X121.824000 Y77.464000 Z-0.125000
G01 X121.824000 Y77.464000 Z-0.125000
G00 Z5.000000

(End cutting path id: path806)


(Start cutting path id: path806)
(Change tool to Default tool)

G00 Z5.000000
G00 X121.824000 Y76.162000

G01 Z-0.125000 F100.0(Penetrate)
G01 X121.944000 Y76.468000 Z-0.125000 F400.000000
G01 X122.232000 Y76.596000 Z-0.125000
G01 X122.600000 Y76.468000 Z-0.125000
G01 X122.909000 Y76.162000 Z-0.125000
G01 X122.900000 Y75.855000 Z-0.125000
G01 X122.501000 Y75.728000 Z-0.125000
G01 X122.023000 Y75.855000 Z-0.125000
G01 X121.824000 Y76.162000 Z-0.125000
G01 X121.824000 Y76.162000 Z-0.125000
G00 Z5.000000

(End cutting path id: path806)


(Start cutting path id: path806)
(Change tool to Default tool)

G00 Z5.000000
G00 X121.824000 Y74.426000

G01 Z-0.125000 F100.0(Penetrate)
G01 X122.023000 Y74.732000 Z-0.125000 F400.000000
G01 X122.501000 Y74.860000 Z-0.125000
G01 X122.900000 Y74.732000 Z-0.125000
G01 X122.909000 Y74.426000 Z-0.125000
G01 X122.600000 Y74.119000 Z-0.125000
G01 X122.232000 Y73.992000 Z-0.125000
G01 X121.944000 Y74.119000 Z-0.125000
G01 X121.824000 Y74.426000 Z-0.125000
G01 X121.824000 Y74.426000 Z-0.125000
G00 Z5.000000

(End cutting path id: path806)


(Start cutting path id: path806)
(Change tool to Default tool)

G00 Z5.000000
G00 X121.824000 Y73.124000

G01 Z-0.125000 F100.0(Penetrate)
G01 X122.015000 Y73.430000 Z-0.125000 F400.000000
G01 X122.475000 Y73.558000 Z-0.125000
G01 X122.935000 Y73.430000 Z-0.125000
G01 X123.126000 Y73.124000 Z-0.125000
G01 X122.935000 Y72.817000 Z-0.125000
G01 X122.475000 Y72.690000 Z-0.125000
G01 X122.015000 Y72.817000 Z-0.125000
G01 X121.824000 Y73.124000 Z-0.125000
G01 X121.824000 Y73.124000 Z-0.125000
G00 Z5.000000

(End cutting path id: path806)


(Start cutting path id: path806)
(Change tool to Default tool)

G00 Z5.000000
G00 X121.824000 Y71.387000

G01 Z-0.125000 F100.0(Penetrate)
G01 X122.023000 Y71.694000 Z-0.125000 F400.000000
G01 X122.501000 Y71.821000 Z-0.125000
G01 X122.900000 Y71.694000 Z-0.125000
G01 X122.909000 Y71.387000 Z-0.125000
G01 X122.600000 Y71.081000 Z-0.125000
G01 X122.232000 Y70.953000 Z-0.125000
G01 X121.944000 Y71.081000 Z-0.125000
G01 X121.824000 Y71.387000 Z-0.125000
G01 X121.824000 Y71.387000 Z-0.125000
G00 Z5.000000

(End cutting path id: path806)


(Start cutting path id: path806)
(Change tool to Default tool)

G00 Z5.000000
G00 X121.824000 Y70.085000

G01 Z-0.125000 F100.0(Penetrate)
G01 X122.015000 Y70.392000 Z-0.125000 F400.000000
G01 X122.475000 Y70.519000 Z-0.125000
G01 X122.935000 Y70.392000 Z-0.125000
G01 X123.126000 Y70.085000 Z-0.125000
G01 X122.935000 Y69.779000 Z-0.125000
G01 X122.475000 Y69.651000 Z-0.125000
G01 X122.015000 Y69.779000 Z-0.125000
G01 X121.824000 Y70.085000 Z-0.125000
G01 X121.824000 Y70.085000 Z-0.125000
G00 Z5.000000

(End cutting path id: path806)


(Start cutting path id: path806)
(Change tool to Default tool)

G00 Z5.000000
G00 X122.041000 Y68.349000

G01 Z-0.125000 F100.0(Penetrate)
G01 X122.058000 Y68.656000 Z-0.125000 F400.000000
G01 X122.475000 Y68.783000 Z-0.125000
G01 X122.892000 Y68.656000 Z-0.125000
G01 X122.909000 Y68.349000 Z-0.125000
G01 X122.475000 Y67.915000 Z-0.125000
G01 X122.041000 Y68.349000 Z-0.125000
G01 X122.041000 Y68.349000 Z-0.125000
G00 Z5.000000

(End cutting path id: path806)


(Start cutting path id: path806)
(Change tool to Default tool)

G00 Z5.000000
G00 X121.824000 Y67.047000

G01 Z-0.125000 F100.0(Penetrate)
G01 X122.015000 Y67.354000 Z-0.125000 F400.000000
G01 X122.475000 Y67.481000 Z-0.125000
G01 X122.935000 Y67.354000 Z-0.125000
G01 X123.126000 Y67.047000 Z-0.125000
G01 X122.935000 Y66.741000 Z-0.125000
G01 X122.475000 Y66.613000 Z-0.125000
G01 X122.015000 Y66.741000 Z-0.125000
G01 X121.824000 Y67.047000 Z-0.125000
G01 X121.824000 Y67.047000 Z-0.125000
G00 Z5.000000

(End cutting path id: path806)


(Start cutting path id: path806)
(Change tool to Default tool)

G00 Z5.000000
G00 X122.045000 Y65.752000

G01 Z-0.125000 F100.0(Penetrate)
G01 X122.356000 Y65.990000 Z-0.125000 F400.000000
G01 X122.722000 Y65.943000 Z-0.125000
G01 X123.041000 Y65.688000 Z-0.125000
G01 X123.097000 Y65.488000 Z-0.125000
G01 X122.898000 Y65.357000 Z-0.125000
G01 X122.449000 Y65.311000 Z-0.125000
G01 X122.051000 Y65.440000 Z-0.125000
G01 X122.045000 Y65.752000 Z-0.125000
G01 X122.045000 Y65.752000 Z-0.125000
G00 Z5.000000

(End cutting path id: path806)


(Start cutting path id: path806)
(Change tool to Default tool)

G00 Z5.000000
G00 X121.824000 Y64.009000

G01 Z-0.125000 F100.0(Penetrate)
G01 X122.015000 Y64.315000 Z-0.125000 F400.000000
G01 X122.475000 Y64.443000 Z-0.125000
G01 X122.935000 Y64.315000 Z-0.125000
G01 X123.126000 Y64.009000 Z-0.125000
G01 X122.935000 Y63.702000 Z-0.125000
G01 X122.475000 Y63.575000 Z-0.125000
G01 X122.015000 Y63.702000 Z-0.125000
G01 X121.824000 Y64.009000 Z-0.125000
G01 X121.824000 Y64.009000 Z-0.125000
G00 Z5.000000

(End cutting path id: path806)


(Start cutting path id: path806)
(Change tool to Default tool)

G00 Z5.000000
G00 X121.824000 Y62.707000

G01 Z-0.125000 F100.0(Penetrate)
G01 X121.944000 Y63.013000 Z-0.125000 F400.000000
G01 X122.232000 Y63.141000 Z-0.125000
G01 X122.600000 Y63.013000 Z-0.125000
G01 X122.909000 Y62.707000 Z-0.125000
G01 X122.900000 Y62.400000 Z-0.125000
G01 X122.501000 Y62.273000 Z-0.125000
G01 X122.023000 Y62.400000 Z-0.125000
G01 X121.824000 Y62.707000 Z-0.125000
G01 X121.824000 Y62.707000 Z-0.125000
G00 Z5.000000

(End cutting path id: path806)


(Start cutting path id: path806)
(Change tool to Default tool)

G00 Z5.000000
G00 X121.824000 Y60.971000

G01 Z-0.125000 F100.0(Penetrate)
G01 X122.015000 Y61.277000 Z-0.125000 F400.000000
G01 X122.475000 Y61.405000 Z-0.125000
G01 X122.935000 Y61.277000 Z-0.125000
G01 X123.126000 Y60.971000 Z-0.125000
G01 X122.935000 Y60.664000 Z-0.125000
G01 X122.475000 Y60.536000 Z-0.125000
G01 X122.015000 Y60.664000 Z-0.125000
G01 X121.824000 Y60.971000 Z-0.125000
G01 X121.824000 Y60.971000 Z-0.125000
G00 Z5.000000

(End cutting path id: path806)


(Start cutting path id: path806)
(Change tool to Default tool)

G00 Z5.000000
G00 X121.824000 Y59.668000

G01 Z-0.125000 F100.0(Penetrate)
G01 X121.944000 Y59.975000 Z-0.125000 F400.000000
G01 X122.232000 Y60.102000 Z-0.125000
G01 X122.600000 Y59.975000 Z-0.125000
G01 X122.909000 Y59.668000 Z-0.125000
G01 X122.900000 Y59.362000 Z-0.125000
G01 X122.501000 Y59.234000 Z-0.125000
G01 X122.023000 Y59.362000 Z-0.125000
G01 X121.824000 Y59.668000 Z-0.125000
G01 X121.824000 Y59.668000 Z-0.125000
G00 Z5.000000

(End cutting path id: path806)


(Start cutting path id: path806)
(Change tool to Default tool)

G00 Z5.000000
G00 X121.824000 Y57.932000

G01 Z-0.125000 F100.0(Penetrate)
G01 X122.015000 Y58.239000 Z-0.125000 F400.000000
G01 X122.475000 Y58.366000 Z-0.125000
G01 X122.935000 Y58.239000 Z-0.125000
G01 X123.126000 Y57.932000 Z-0.125000
G01 X122.935000 Y57.626000 Z-0.125000
G01 X122.475000 Y57.498000 Z-0.125000
G01 X122.015000 Y57.626000 Z-0.125000
G01 X121.824000 Y57.932000 Z-0.125000
G01 X121.824000 Y57.932000 Z-0.125000
G00 Z5.000000

(End cutting path id: path806)


(Start cutting path id: path806)
(Change tool to Default tool)

G00 Z5.000000
G00 X121.824000 Y56.630000

G01 Z-0.125000 F100.0(Penetrate)
G01 X122.015000 Y56.937000 Z-0.125000 F400.000000
G01 X122.475000 Y57.064000 Z-0.125000
G01 X122.935000 Y56.937000 Z-0.125000
G01 X123.126000 Y56.630000 Z-0.125000
G01 X122.935000 Y56.324000 Z-0.125000
G01 X122.475000 Y56.196000 Z-0.125000
G01 X122.015000 Y56.324000 Z-0.125000
G01 X121.824000 Y56.630000 Z-0.125000
G01 X121.824000 Y56.630000 Z-0.125000
G00 Z5.000000

(End cutting path id: path806)


(Start cutting path id: path806)
(Change tool to Default tool)

G00 Z5.000000
G00 X121.824000 Y54.894000

G01 Z-0.125000 F100.0(Penetrate)
G01 X122.015000 Y55.201000 Z-0.125000 F400.000000
G01 X122.475000 Y55.328000 Z-0.125000
G01 X122.935000 Y55.201000 Z-0.125000
G01 X123.126000 Y54.894000 Z-0.125000
G01 X122.935000 Y54.587000 Z-0.125000
G01 X122.475000 Y54.460000 Z-0.125000
G01 X122.015000 Y54.587000 Z-0.125000
G01 X121.824000 Y54.894000 Z-0.125000
G01 X121.824000 Y54.894000 Z-0.125000
G00 Z5.000000

(End cutting path id: path806)


(Start cutting path id: path806)
(Change tool to Default tool)

G00 Z5.000000
G00 X121.824000 Y53.592000

G01 Z-0.125000 F100.0(Penetrate)
G01 X122.015000 Y53.898000 Z-0.125000 F400.000000
G01 X122.475000 Y54.026000 Z-0.125000
G01 X122.935000 Y53.898000 Z-0.125000
G01 X123.126000 Y53.592000 Z-0.125000
G01 X122.935000 Y53.285000 Z-0.125000
G01 X122.475000 Y53.158000 Z-0.125000
G01 X122.015000 Y53.285000 Z-0.125000
G01 X121.824000 Y53.592000 Z-0.125000
G01 X121.824000 Y53.592000 Z-0.125000
G00 Z5.000000

(End cutting path id: path806)


(Start cutting path id: path806)
(Change tool to Default tool)

G00 Z5.000000
G00 X121.824000 Y51.856000

G01 Z-0.125000 F100.0(Penetrate)
G01 X122.023000 Y52.162000 Z-0.125000 F400.000000
G01 X122.501000 Y52.290000 Z-0.125000
G01 X122.900000 Y52.162000 Z-0.125000
G01 X122.909000 Y51.856000 Z-0.125000
G01 X122.600000 Y51.549000 Z-0.125000
G01 X122.232000 Y51.422000 Z-0.125000
G01 X121.944000 Y51.549000 Z-0.125000
G01 X121.824000 Y51.856000 Z-0.125000
G01 X121.824000 Y51.856000 Z-0.125000
G00 Z5.000000

(End cutting path id: path806)


(Start cutting path id: path806)
(Change tool to Default tool)

G00 Z5.000000
G00 X121.824000 Y50.554000

G01 Z-0.125000 F100.0(Penetrate)
G01 X122.015000 Y50.860000 Z-0.125000 F400.000000
G01 X122.475000 Y50.988000 Z-0.125000
G01 X122.935000 Y50.860000 Z-0.125000
G01 X123.126000 Y50.554000 Z-0.125000
G01 X122.935000 Y50.247000 Z-0.125000
G01 X122.475000 Y50.120000 Z-0.125000
G01 X122.015000 Y50.247000 Z-0.125000
G01 X121.824000 Y50.554000 Z-0.125000
G01 X121.824000 Y50.554000 Z-0.125000
G00 Z5.000000

(End cutting path id: path806)


(Start cutting path id: path806)
(Change tool to Default tool)

G00 Z5.000000
G00 X122.041000 Y48.817000

G01 Z-0.125000 F100.0(Penetrate)
G01 X122.058000 Y49.124000 Z-0.125000 F400.000000
G01 X122.475000 Y49.251000 Z-0.125000
G01 X122.892000 Y49.124000 Z-0.125000
G01 X122.909000 Y48.817000 Z-0.125000
G01 X122.475000 Y48.383000 Z-0.125000
G01 X122.041000 Y48.817000 Z-0.125000
G01 X122.041000 Y48.817000 Z-0.125000
G00 Z5.000000

(End cutting path id: path806)


(Start cutting path id: path806)
(Change tool to Default tool)

G00 Z5.000000
G00 X121.824000 Y47.515000

G01 Z-0.125000 F100.0(Penetrate)
G01 X122.015000 Y47.822000 Z-0.125000 F400.000000
G01 X122.475000 Y47.949000 Z-0.125000
G01 X122.935000 Y47.822000 Z-0.125000
G01 X123.126000 Y47.515000 Z-0.125000
G01 X122.935000 Y47.209000 Z-0.125000
G01 X122.475000 Y47.081000 Z-0.125000
G01 X122.015000 Y47.209000 Z-0.125000
G01 X121.824000 Y47.515000 Z-0.125000
G01 X121.824000 Y47.515000 Z-0.125000
G00 Z5.000000

(End cutting path id: path806)


(Start cutting path id: path806)
(Change tool to Default tool)

G00 Z5.000000
G00 X118.967000 Y43.872000

G01 Z-0.125000 F100.0(Penetrate)
G01 X119.173000 Y44.100000 Z-0.125000 F400.000000
G01 X119.333000 Y44.733000 Z-0.125000
G01 X119.540000 Y47.990000 Z-0.125000
G01 X119.647000 Y67.853000 Z-0.125000
G01 X119.531000 Y84.779000 Z-0.125000
G01 X119.262000 Y92.168000 Z-0.125000
G01 X118.855000 Y92.655000 Z-0.125000
G01 X118.686000 Y92.686000 Z-0.125000
G01 X118.539000 Y92.541000 Z-0.125000
G01 X118.302000 Y91.624000 Z-0.125000
G01 X118.134000 Y89.700000 Z-0.125000
G01 X117.957000 Y82.024000 Z-0.125000
G01 X117.918000 Y67.890000 Z-0.125000
G01 X118.099000 Y43.609000 Z-0.125000
G01 X118.967000 Y43.872000 Z-0.125000
G01 X118.967000 Y43.872000 Z-0.125000
G00 Z5.000000

(End cutting path id: path806)


(Start cutting path id: path806)
(Change tool to Default tool)

G00 Z5.000000
G00 X124.086000 Y42.516000

G01 Z-0.125000 F100.0(Penetrate)
G01 X121.790000 Y43.585000 Z-0.125000 F400.000000
G01 X119.094000 Y42.542000 Z-0.125000
G01 X116.398000 Y41.499000 Z-0.125000
G01 X121.390000 Y41.473000 Z-0.125000
G01 X126.381000 Y41.447000 Z-0.125000
G01 X124.086000 Y42.516000 Z-0.125000
G00 Z5.000000

(End cutting path id: path806)


(Start cutting path id: path806)
(Change tool to Default tool)

G00 Z5.000000
G00 X127.466000 Y39.486000

G01 Z-0.125000 F100.0(Penetrate)
G01 X127.243000 Y39.818000 Z-0.125000 F400.000000
G01 X126.381000 Y40.016000 Z-0.125000
G01 X121.607000 Y40.137000 Z-0.125000
G01 X116.832000 Y40.016000 Z-0.125000
G01 X115.971000 Y39.818000 Z-0.125000
G01 X115.747000 Y39.486000 Z-0.125000
G01 X115.971000 Y39.153000 Z-0.125000
G01 X116.832000 Y38.955000 Z-0.125000
G01 X121.607000 Y38.834000 Z-0.125000
G01 X126.381000 Y38.955000 Z-0.125000
G01 X127.243000 Y39.153000 Z-0.125000
G01 X127.466000 Y39.486000 Z-0.125000
G01 X127.466000 Y39.486000 Z-0.125000
G00 Z5.000000

(End cutting path id: path806)


(Start cutting path id: path806)
(Change tool to Default tool)

G00 Z5.000000
G00 X127.032000 Y36.231000

G01 Z-0.125000 F100.0(Penetrate)
G01 X127.160000 Y36.537000 Z-0.125000 F400.000000
G01 X127.466000 Y36.665000 Z-0.125000
G01 X127.773000 Y36.537000 Z-0.125000
G01 X127.900000 Y36.231000 Z-0.125000
G01 X127.773000 Y35.924000 Z-0.125000
G01 X127.466000 Y35.797000 Z-0.125000
G01 X127.160000 Y35.924000 Z-0.125000
G01 X127.032000 Y36.231000 Z-0.125000
G01 X127.032000 Y36.231000 Z-0.125000
G00 Z5.000000

(End cutting path id: path806)


(Start cutting path id: path806)
(Change tool to Default tool)

G00 Z5.000000
G00 X125.730000 Y36.473000

G01 Z-0.125000 F100.0(Penetrate)
G01 X125.858000 Y36.873000 Z-0.125000 F400.000000
G01 X126.164000 Y36.882000 Z-0.125000
G01 X126.471000 Y36.572000 Z-0.125000
G01 X126.598000 Y36.205000 Z-0.125000
G01 X126.471000 Y35.917000 Z-0.125000
G01 X126.164000 Y35.797000 Z-0.125000
G01 X125.858000 Y35.996000 Z-0.125000
G01 X125.730000 Y36.473000 Z-0.125000
G01 X125.730000 Y36.473000 Z-0.125000
G00 Z5.000000

(End cutting path id: path806)


(Start cutting path id: path806)
(Change tool to Default tool)

G00 Z5.000000
G00 X123.994000 Y36.205000

G01 Z-0.125000 F100.0(Penetrate)
G01 X124.122000 Y36.572000 Z-0.125000 F400.000000
G01 X124.428000 Y36.882000 Z-0.125000
G01 X124.735000 Y36.873000 Z-0.125000
G01 X124.862000 Y36.473000 Z-0.125000
G01 X124.735000 Y35.996000 Z-0.125000
G01 X124.428000 Y35.797000 Z-0.125000
G01 X124.122000 Y35.917000 Z-0.125000
G01 X123.994000 Y36.205000 Z-0.125000
G01 X123.994000 Y36.205000 Z-0.125000
G00 Z5.000000

(End cutting path id: path806)


(Start cutting path id: path806)
(Change tool to Default tool)

G00 Z5.000000
G00 X122.692000 Y36.231000

G01 Z-0.125000 F100.0(Penetrate)
G01 X122.819000 Y36.537000 Z-0.125000 F400.000000
G01 X123.126000 Y36.665000 Z-0.125000
G01 X123.433000 Y36.537000 Z-0.125000
G01 X123.560000 Y36.231000 Z-0.125000
G01 X123.433000 Y35.924000 Z-0.125000
G01 X123.126000 Y35.797000 Z-0.125000
G01 X122.819000 Y35.924000 Z-0.125000
G01 X122.692000 Y36.231000 Z-0.125000
G01 X122.692000 Y36.231000 Z-0.125000
G00 Z5.000000

(End cutting path id: path806)


(Start cutting path id: path806)
(Change tool to Default tool)

G00 Z5.000000
G00 X120.956000 Y36.231000

G01 Z-0.125000 F100.0(Penetrate)
G01 X121.083000 Y36.537000 Z-0.125000 F400.000000
G01 X121.390000 Y36.665000 Z-0.125000
G01 X121.696000 Y36.537000 Z-0.125000
G01 X121.824000 Y36.231000 Z-0.125000
G01 X121.696000 Y35.924000 Z-0.125000
G01 X121.390000 Y35.797000 Z-0.125000
G01 X121.083000 Y35.924000 Z-0.125000
G01 X120.956000 Y36.231000 Z-0.125000
G01 X120.956000 Y36.231000 Z-0.125000
G00 Z5.000000

(End cutting path id: path806)


(Start cutting path id: path806)
(Change tool to Default tool)

G00 Z5.000000
G00 X119.654000 Y36.473000

G01 Z-0.125000 F100.0(Penetrate)
G01 X119.781000 Y36.873000 Z-0.125000 F400.000000
G01 X120.088000 Y36.882000 Z-0.125000
G01 X120.394000 Y36.572000 Z-0.125000
G01 X120.522000 Y36.205000 Z-0.125000
G01 X120.394000 Y35.917000 Z-0.125000
G01 X120.088000 Y35.797000 Z-0.125000
G01 X119.781000 Y35.996000 Z-0.125000
G01 X119.654000 Y36.473000 Z-0.125000
G01 X119.654000 Y36.473000 Z-0.125000
G00 Z5.000000

(End cutting path id: path806)


(Start cutting path id: path806)
(Change tool to Default tool)

G00 Z5.000000
G00 X117.918000 Y36.205000

G01 Z-0.125000 F100.0(Penetrate)
G01 X118.045000 Y36.572000 Z-0.125000 F400.000000
G01 X118.352000 Y36.882000 Z-0.125000
G01 X118.658000 Y36.873000 Z-0.125000
G01 X118.786000 Y36.473000 Z-0.125000
G01 X118.658000 Y35.996000 Z-0.125000
G01 X118.352000 Y35.797000 Z-0.125000
G01 X118.045000 Y35.917000 Z-0.125000
G01 X117.918000 Y36.205000 Z-0.125000
G01 X117.918000 Y36.205000 Z-0.125000
G00 Z5.000000

(End cutting path id: path806)


(Start cutting path id: path806)
(Change tool to Default tool)

G00 Z5.000000
G00 X116.615000 Y36.473000

G01 Z-0.125000 F100.0(Penetrate)
G01 X116.743000 Y36.873000 Z-0.125000 F400.000000
G01 X117.049000 Y36.882000 Z-0.125000
G01 X117.356000 Y36.572000 Z-0.125000
G01 X117.483000 Y36.205000 Z-0.125000
G01 X117.356000 Y35.917000 Z-0.125000
G01 X117.049000 Y35.797000 Z-0.125000
G01 X116.743000 Y35.996000 Z-0.125000
G01 X116.615000 Y36.473000 Z-0.125000
G01 X116.615000 Y36.473000 Z-0.125000
G00 Z5.000000

(End cutting path id: path806)


(Start cutting path id: path806)
(Change tool to Default tool)

G00 Z5.000000
G00 X107.067000 Y41.439000

G01 Z-0.125000 F100.0(Penetrate)
G01 X107.180000 Y42.053000 Z-0.125000 F400.000000
G01 X107.454000 Y42.308000 Z-0.125000
G01 X107.802000 Y42.126000 Z-0.125000
G01 X108.065000 Y41.700000 Z-0.125000
G01 X108.172000 Y41.208000 Z-0.125000
G01 X108.049000 Y40.831000 Z-0.125000
G01 X107.675000 Y40.587000 Z-0.125000
G01 X107.362000 Y40.622000 Z-0.125000
G01 X107.147000 Y40.914000 Z-0.125000
G01 X107.067000 Y41.439000 Z-0.125000
G01 X107.067000 Y41.439000 Z-0.125000
G00 Z5.000000

(End cutting path id: path806)


(Start cutting path id: path806)
(Change tool to Default tool)

G00 Z5.000000
G00 X105.113000 Y43.176000

G01 Z-0.125000 F100.0(Penetrate)
G01 X105.004000 Y43.595000 Z-0.125000 F400.000000
G01 X105.115000 Y44.019000 Z-0.125000
G01 X105.394000 Y44.346000 Z-0.125000
G01 X105.790000 Y44.478000 Z-0.125000
G01 X106.079000 Y44.223000 Z-0.125000
G01 X106.198000 Y43.610000 Z-0.125000
G01 X106.093000 Y43.052000 Z-0.125000
G01 X105.826000 Y42.774000 Z-0.125000
G01 X105.474000 Y42.805000 Z-0.125000
G01 X105.113000 Y43.176000 Z-0.125000
G01 X105.113000 Y43.176000 Z-0.125000
G00 Z5.000000

(End cutting path id: path806)


(Start cutting path id: path806)
(Change tool to Default tool)

G00 Z5.000000
G00 X103.160000 Y43.573000

G01 Z-0.125000 F100.0(Penetrate)
G01 X103.351000 Y44.225000 Z-0.125000 F400.000000
G01 X103.843000 Y44.478000 Z-0.125000
G01 X104.297000 Y44.276000 Z-0.125000
G01 X104.386000 Y43.754000 Z-0.125000
G01 X104.105000 Y43.118000 Z-0.125000
G01 X103.694000 Y42.859000 Z-0.125000
G01 X103.322000 Y43.002000 Z-0.125000
G01 X103.160000 Y43.573000 Z-0.125000
G01 X103.160000 Y43.573000 Z-0.125000
G00 Z5.000000

(End cutting path id: path806)


(Start cutting path id: path806)
(Change tool to Default tool)

G00 Z5.000000
G00 X101.424000 Y43.610000

G01 Z-0.125000 F100.0(Penetrate)
G01 X101.552000 Y44.223000 Z-0.125000 F400.000000
G01 X101.858000 Y44.478000 Z-0.125000
G01 X102.165000 Y44.223000 Z-0.125000
G01 X102.292000 Y43.610000 Z-0.125000
G01 X102.165000 Y42.997000 Z-0.125000
G01 X101.858000 Y42.742000 Z-0.125000
G01 X101.552000 Y42.997000 Z-0.125000
G01 X101.424000 Y43.610000 Z-0.125000
G01 X101.424000 Y43.610000 Z-0.125000
G00 Z5.000000

(End cutting path id: path806)


(Start cutting path id: path806)
(Change tool to Default tool)

G00 Z5.000000
G00 X99.531400 Y43.043000

G01 Z-0.125000 F100.0(Penetrate)
G01 X99.279000 Y43.486000 Z-0.125000 F400.000000
G01 X99.278500 Y43.955000 Z-0.125000
G01 X99.497800 Y44.326000 Z-0.125000
G01 X99.904900 Y44.478000 Z-0.125000
G01 X100.365000 Y44.294000 Z-0.125000
G01 X100.556000 Y43.852000 Z-0.125000
G01 X100.453000 Y43.363000 Z-0.125000
G01 X100.196000 Y43.024000 Z-0.125000
G01 X99.862400 Y42.896000 Z-0.125000
G01 X99.531400 Y43.043000 Z-0.125000
G01 X99.531400 Y43.043000 Z-0.125000
G00 Z5.000000

(End cutting path id: path806)


(Start cutting path id: path806)
(Change tool to Default tool)

G00 Z5.000000
G00 X99.253800 Y41.439000

G01 Z-0.125000 F100.0(Penetrate)
G01 X99.443700 Y42.054000 Z-0.125000 F400.000000
G01 X99.904900 Y42.308000 Z-0.125000
G01 X100.366000 Y42.054000 Z-0.125000
G01 X100.556000 Y41.439000 Z-0.125000
G01 X100.366000 Y40.825000 Z-0.125000
G01 X99.904900 Y40.571000 Z-0.125000
G01 X99.443700 Y40.825000 Z-0.125000
G01 X99.253800 Y41.439000 Z-0.125000
G01 X99.253800 Y41.439000 Z-0.125000
G00 Z5.000000

(End cutting path id: path806)


(Start cutting path id: path806)
(Change tool to Default tool)

G00 Z5.000000
G00 X97.517700 Y41.439000

G01 Z-0.125000 F100.0(Penetrate)
G01 X97.645200 Y42.053000 Z-0.125000 F400.000000
G01 X97.951700 Y42.308000 Z-0.125000
G01 X98.258300 Y42.053000 Z-0.125000
G01 X98.385800 Y41.439000 Z-0.125000
G01 X98.258300 Y40.826000 Z-0.125000
G01 X97.951700 Y40.571000 Z-0.125000
G01 X97.645200 Y40.826000 Z-0.125000
G01 X97.517700 Y41.439000 Z-0.125000
G01 X97.517700 Y41.439000 Z-0.125000
G00 Z5.000000

(End cutting path id: path806)


(Start cutting path id: path806)
(Change tool to Default tool)

G00 Z5.000000
G00 X97.517700 Y43.610000

G01 Z-0.125000 F100.0(Penetrate)
G01 X97.645200 Y44.223000 Z-0.125000 F400.000000
G01 X97.951700 Y44.478000 Z-0.125000
G01 X98.258300 Y44.223000 Z-0.125000
G01 X98.385800 Y43.610000 Z-0.125000
G01 X98.258300 Y42.997000 Z-0.125000
G01 X97.951700 Y42.742000 Z-0.125000
G01 X97.645200 Y42.997000 Z-0.125000
G01 X97.517700 Y43.610000 Z-0.125000
G01 X97.517700 Y43.610000 Z-0.125000
G00 Z5.000000

(End cutting path id: path806)


(Start cutting path id: path806)
(Change tool to Default tool)

G00 Z5.000000
G00 X97.517700 Y45.780000

G01 Z-0.125000 F100.0(Penetrate)
G01 X97.645200 Y46.393000 Z-0.125000 F400.000000
G01 X97.951700 Y46.648000 Z-0.125000
G01 X98.258300 Y46.393000 Z-0.125000
G01 X98.385800 Y45.780000 Z-0.125000
G01 X98.258300 Y45.167000 Z-0.125000
G01 X97.951700 Y44.912000 Z-0.125000
G01 X97.645200 Y45.167000 Z-0.125000
G01 X97.517700 Y45.780000 Z-0.125000
G01 X97.517700 Y45.780000 Z-0.125000
G00 Z5.000000

(End cutting path id: path806)


(Start cutting path id: path806)
(Change tool to Default tool)

G00 Z5.000000
G00 X97.517700 Y47.950000

G01 Z-0.125000 F100.0(Penetrate)
G01 X97.645200 Y48.563000 Z-0.125000 F400.000000
G01 X97.951700 Y48.818000 Z-0.125000
G01 X98.258300 Y48.563000 Z-0.125000
G01 X98.385800 Y47.950000 Z-0.125000
G01 X98.258300 Y47.337000 Z-0.125000
G01 X97.951700 Y47.082000 Z-0.125000
G01 X97.645200 Y47.337000 Z-0.125000
G01 X97.517700 Y47.950000 Z-0.125000
G01 X97.517700 Y47.950000 Z-0.125000
G00 Z5.000000

(End cutting path id: path806)


(Start cutting path id: path806)
(Change tool to Default tool)

G00 Z5.000000
G00 X99.531400 Y47.383000

G01 Z-0.125000 F100.0(Penetrate)
G01 X99.279000 Y47.826000 Z-0.125000 F400.000000
G01 X99.278500 Y48.295000 Z-0.125000
G01 X99.497800 Y48.667000 Z-0.125000
G01 X99.904900 Y48.818000 Z-0.125000
G01 X100.365000 Y48.634000 Z-0.125000
G01 X100.556000 Y48.193000 Z-0.125000
G01 X100.453000 Y47.703000 Z-0.125000
G01 X100.196000 Y47.364000 Z-0.125000
G01 X99.862400 Y47.237000 Z-0.125000
G01 X99.531400 Y47.383000 Z-0.125000
G01 X99.531400 Y47.383000 Z-0.125000
G00 Z5.000000

(End cutting path id: path806)


(Start cutting path id: path806)
(Change tool to Default tool)

G00 Z5.000000
G00 X101.424000 Y47.924000

G01 Z-0.125000 F100.0(Penetrate)
G01 X101.552000 Y48.556000 Z-0.125000 F400.000000
G01 X101.858000 Y48.818000 Z-0.125000
G01 X102.165000 Y48.634000 Z-0.125000
G01 X102.292000 Y48.193000 Z-0.125000
G01 X102.165000 Y47.672000 Z-0.125000
G01 X101.858000 Y47.299000 Z-0.125000
G01 X101.552000 Y47.372000 Z-0.125000
G01 X101.424000 Y47.924000 Z-0.125000
G01 X101.424000 Y47.924000 Z-0.125000
G00 Z5.000000

(End cutting path id: path806)


(Start cutting path id: path806)
(Change tool to Default tool)

G00 Z5.000000
G00 X103.438000 Y47.383000

G01 Z-0.125000 F100.0(Penetrate)
G01 X103.185000 Y47.826000 Z-0.125000 F400.000000
G01 X103.185000 Y48.295000 Z-0.125000
G01 X103.404000 Y48.667000 Z-0.125000
G01 X103.811000 Y48.818000 Z-0.125000
G01 X104.271000 Y48.634000 Z-0.125000
G01 X104.462000 Y48.193000 Z-0.125000
G01 X104.359000 Y47.703000 Z-0.125000
G01 X104.102000 Y47.364000 Z-0.125000
G01 X103.769000 Y47.237000 Z-0.125000
G01 X103.438000 Y47.383000 Z-0.125000
G01 X103.438000 Y47.383000 Z-0.125000
G00 Z5.000000

(End cutting path id: path806)


(Start cutting path id: path806)
(Change tool to Default tool)

G00 Z5.000000
G00 X103.160000 Y45.780000

G01 Z-0.125000 F100.0(Penetrate)
G01 X103.310000 Y46.410000 Z-0.125000 F400.000000
G01 X103.482000 Y46.545000 Z-0.125000
G01 X103.703000 Y46.539000 Z-0.125000
G01 X104.086000 Y46.242000 Z-0.125000
G01 X104.245000 Y45.780000 Z-0.125000
G01 X104.086000 Y45.318000 Z-0.125000
G01 X103.703000 Y45.020000 Z-0.125000
G01 X103.482000 Y45.015000 Z-0.125000
G01 X103.310000 Y45.150000 Z-0.125000
G01 X103.160000 Y45.780000 Z-0.125000
G01 X103.160000 Y45.780000 Z-0.125000
G00 Z5.000000

(End cutting path id: path806)


(Start cutting path id: path806)
(Change tool to Default tool)

G00 Z5.000000
G00 X101.424000 Y45.780000

G01 Z-0.125000 F100.0(Penetrate)
G01 X101.552000 Y46.393000 Z-0.125000 F400.000000
G01 X101.858000 Y46.648000 Z-0.125000
G01 X102.165000 Y46.393000 Z-0.125000
G01 X102.292000 Y45.780000 Z-0.125000
G01 X102.165000 Y45.167000 Z-0.125000
G01 X101.858000 Y44.912000 Z-0.125000
G01 X101.552000 Y45.167000 Z-0.125000
G01 X101.424000 Y45.780000 Z-0.125000
G01 X101.424000 Y45.780000 Z-0.125000
G00 Z5.000000

(End cutting path id: path806)


(Start cutting path id: path806)
(Change tool to Default tool)

G00 Z5.000000
G00 X105.174000 Y47.383000

G01 Z-0.125000 F100.0(Penetrate)
G01 X104.921000 Y47.826000 Z-0.125000 F400.000000
G01 X104.921000 Y48.295000 Z-0.125000
G01 X105.140000 Y48.667000 Z-0.125000
G01 X105.547000 Y48.818000 Z-0.125000
G01 X106.007000 Y48.634000 Z-0.125000
G01 X106.198000 Y48.193000 Z-0.125000
G01 X106.095000 Y47.703000 Z-0.125000
G01 X105.838000 Y47.364000 Z-0.125000
G01 X105.505000 Y47.237000 Z-0.125000
G01 X105.174000 Y47.383000 Z-0.125000
G01 X105.174000 Y47.383000 Z-0.125000
G00 Z5.000000

(End cutting path id: path806)


(Start cutting path id: path806)
(Change tool to Default tool)

G00 Z5.000000
G00 X107.244000 Y47.679000

G01 Z-0.125000 F100.0(Penetrate)
G01 X107.118000 Y48.299000 Z-0.125000 F400.000000
G01 X107.250000 Y48.679000 Z-0.125000
G01 X107.575000 Y48.755000 Z-0.125000
G01 X108.029000 Y48.464000 Z-0.125000
G01 X108.324000 Y47.951000 Z-0.125000
G01 X108.035000 Y47.443000 Z-0.125000
G01 X107.576000 Y47.204000 Z-0.125000
G01 X107.243000 Y47.679000 Z-0.125000
G01 X107.244000 Y47.679000 Z-0.125000
G00 Z5.000000

(End cutting path id: path806)


(Start cutting path id: path806)
(Change tool to Default tool)

G00 Z5.000000
G00 X107.067000 Y45.780000

G01 Z-0.125000 F100.0(Penetrate)
G01 X107.180000 Y46.393000 Z-0.125000 F400.000000
G01 X107.454000 Y46.648000 Z-0.125000
G01 X107.802000 Y46.466000 Z-0.125000
G01 X108.065000 Y46.040000 Z-0.125000
G01 X108.172000 Y45.549000 Z-0.125000
G01 X108.049000 Y45.171000 Z-0.125000
G01 X107.675000 Y44.927000 Z-0.125000
G01 X107.362000 Y44.962000 Z-0.125000
G01 X107.147000 Y45.254000 Z-0.125000
G01 X107.067000 Y45.780000 Z-0.125000
G01 X107.067000 Y45.780000 Z-0.125000
G00 Z5.000000

(End cutting path id: path806)


(Start cutting path id: path806)
(Change tool to Default tool)

G00 Z5.000000
G00 X105.113000 Y49.686000

G01 Z-0.125000 F100.0(Penetrate)
G01 X105.004000 Y50.106000 Z-0.125000 F400.000000
G01 X105.115000 Y50.529000 Z-0.125000
G01 X105.394000 Y50.857000 Z-0.125000
G01 X105.790000 Y50.988000 Z-0.125000
G01 X106.079000 Y50.733000 Z-0.125000
G01 X106.198000 Y50.120000 Z-0.125000
G01 X106.093000 Y49.563000 Z-0.125000
G01 X105.826000 Y49.285000 Z-0.125000
G01 X105.474000 Y49.316000 Z-0.125000
G01 X105.113000 Y49.686000 Z-0.125000
G01 X105.113000 Y49.686000 Z-0.125000
G00 Z5.000000

(End cutting path id: path806)


(Start cutting path id: path806)
(Change tool to Default tool)

G00 Z5.000000
G00 X103.160000 Y50.084000

G01 Z-0.125000 F100.0(Penetrate)
G01 X103.351000 Y50.736000 Z-0.125000 F400.000000
G01 X103.843000 Y50.988000 Z-0.125000
G01 X104.297000 Y50.787000 Z-0.125000
G01 X104.386000 Y50.265000 Z-0.125000
G01 X104.105000 Y49.628000 Z-0.125000
G01 X103.694000 Y49.369000 Z-0.125000
G01 X103.322000 Y49.513000 Z-0.125000
G01 X103.160000 Y50.084000 Z-0.125000
G01 X103.160000 Y50.084000 Z-0.125000
G00 Z5.000000

(End cutting path id: path806)


(Start cutting path id: path806)
(Change tool to Default tool)

G00 Z5.000000
G00 X101.424000 Y50.120000

G01 Z-0.125000 F100.0(Penetrate)
G01 X101.552000 Y50.733000 Z-0.125000 F400.000000
G01 X101.858000 Y50.988000 Z-0.125000
G01 X102.165000 Y50.733000 Z-0.125000
G01 X102.292000 Y50.120000 Z-0.125000
G01 X102.165000 Y49.507000 Z-0.125000
G01 X101.858000 Y49.252000 Z-0.125000
G01 X101.552000 Y49.507000 Z-0.125000
G01 X101.424000 Y50.120000 Z-0.125000
G01 X101.424000 Y50.120000 Z-0.125000
G00 Z5.000000

(End cutting path id: path806)


(Start cutting path id: path806)
(Change tool to Default tool)

G00 Z5.000000
G00 X99.531400 Y49.553000

G01 Z-0.125000 F100.0(Penetrate)
G01 X99.279000 Y49.996000 Z-0.125000 F400.000000
G01 X99.278500 Y50.465000 Z-0.125000
G01 X99.497800 Y50.837000 Z-0.125000
G01 X99.904900 Y50.988000 Z-0.125000
G01 X100.365000 Y50.805000 Z-0.125000
G01 X100.556000 Y50.363000 Z-0.125000
G01 X100.453000 Y49.873000 Z-0.125000
G01 X100.196000 Y49.534000 Z-0.125000
G01 X99.862400 Y49.407000 Z-0.125000
G01 X99.531400 Y49.553000 Z-0.125000
G01 X99.531400 Y49.553000 Z-0.125000
G00 Z5.000000

(End cutting path id: path806)


(Start cutting path id: path806)
(Change tool to Default tool)

G00 Z5.000000
G00 X97.517700 Y50.120000

G01 Z-0.125000 F100.0(Penetrate)
G01 X97.645200 Y50.733000 Z-0.125000 F400.000000
G01 X97.951700 Y50.988000 Z-0.125000
G01 X98.258300 Y50.733000 Z-0.125000
G01 X98.385800 Y50.120000 Z-0.125000
G01 X98.258300 Y49.507000 Z-0.125000
G01 X97.951700 Y49.252000 Z-0.125000
G01 X97.645200 Y49.507000 Z-0.125000
G01 X97.517700 Y50.120000 Z-0.125000
G01 X97.517700 Y50.120000 Z-0.125000
G00 Z5.000000

(End cutting path id: path806)


(Start cutting path id: path806)
(Change tool to Default tool)

G00 Z5.000000
G00 X97.517700 Y52.507000

G01 Z-0.125000 F100.0(Penetrate)
G01 X97.645200 Y52.967000 Z-0.125000 F400.000000
G01 X97.951700 Y53.158000 Z-0.125000
G01 X98.258300 Y52.967000 Z-0.125000
G01 X98.385800 Y52.507000 Z-0.125000
G01 X98.258300 Y52.047000 Z-0.125000
G01 X97.951700 Y51.856000 Z-0.125000
G01 X97.645200 Y52.047000 Z-0.125000
G01 X97.517700 Y52.507000 Z-0.125000
G01 X97.517700 Y52.507000 Z-0.125000
G00 Z5.000000

(End cutting path id: path806)


(Start cutting path id: path806)
(Change tool to Default tool)

G00 Z5.000000
G00 X99.253800 Y52.507000

G01 Z-0.125000 F100.0(Penetrate)
G01 X99.445100 Y52.967000 Z-0.125000 F400.000000
G01 X99.904900 Y53.158000 Z-0.125000
G01 X100.365000 Y52.967000 Z-0.125000
G01 X100.556000 Y52.507000 Z-0.125000
G01 X100.365000 Y52.047000 Z-0.125000
G01 X99.904900 Y51.856000 Z-0.125000
G01 X99.445100 Y52.047000 Z-0.125000
G01 X99.253800 Y52.507000 Z-0.125000
G01 X99.253800 Y52.507000 Z-0.125000
G00 Z5.000000

(End cutting path id: path806)


(Start cutting path id: path806)
(Change tool to Default tool)

G00 Z5.000000
G00 X101.424000 Y52.507000

G01 Z-0.125000 F100.0(Penetrate)
G01 X101.552000 Y52.967000 Z-0.125000 F400.000000
G01 X101.858000 Y53.158000 Z-0.125000
G01 X102.165000 Y52.967000 Z-0.125000
G01 X102.292000 Y52.507000 Z-0.125000
G01 X102.165000 Y52.047000 Z-0.125000
G01 X101.858000 Y51.856000 Z-0.125000
G01 X101.552000 Y52.047000 Z-0.125000
G01 X101.424000 Y52.507000 Z-0.125000
G01 X101.424000 Y52.507000 Z-0.125000
G00 Z5.000000

(End cutting path id: path806)


(Start cutting path id: path806)
(Change tool to Default tool)

G00 Z5.000000
G00 X103.160000 Y52.507000

G01 Z-0.125000 F100.0(Penetrate)
G01 X103.351000 Y52.967000 Z-0.125000 F400.000000
G01 X103.811000 Y53.158000 Z-0.125000
G01 X104.271000 Y52.967000 Z-0.125000
G01 X104.462000 Y52.507000 Z-0.125000
G01 X104.271000 Y52.047000 Z-0.125000
G01 X103.811000 Y51.856000 Z-0.125000
G01 X103.351000 Y52.047000 Z-0.125000
G01 X103.160000 Y52.507000 Z-0.125000
G01 X103.160000 Y52.507000 Z-0.125000
G00 Z5.000000

(End cutting path id: path806)


(Start cutting path id: path806)
(Change tool to Default tool)

G00 Z5.000000
G00 X103.438000 Y53.894000

G01 Z-0.125000 F100.0(Penetrate)
G01 X103.185000 Y54.337000 Z-0.125000 F400.000000
G01 X103.185000 Y54.806000 Z-0.125000
G01 X103.404000 Y55.177000 Z-0.125000
G01 X103.811000 Y55.329000 Z-0.125000
G01 X104.271000 Y55.145000 Z-0.125000
G01 X104.462000 Y54.703000 Z-0.125000
G01 X104.359000 Y54.214000 Z-0.125000
G01 X104.102000 Y53.875000 Z-0.125000
G01 X103.769000 Y53.747000 Z-0.125000
G01 X103.438000 Y53.894000 Z-0.125000
G01 X103.438000 Y53.894000 Z-0.125000
G00 Z5.000000

(End cutting path id: path806)


(Start cutting path id: path806)
(Change tool to Default tool)

G00 Z5.000000
G00 X104.896000 Y52.507000

G01 Z-0.125000 F100.0(Penetrate)
G01 X105.088000 Y52.967000 Z-0.125000 F400.000000
G01 X105.547000 Y53.158000 Z-0.125000
G01 X106.007000 Y52.967000 Z-0.125000
G01 X106.198000 Y52.507000 Z-0.125000
G01 X106.007000 Y52.047000 Z-0.125000
G01 X105.547000 Y51.856000 Z-0.125000
G01 X105.088000 Y52.047000 Z-0.125000
G01 X104.896000 Y52.507000 Z-0.125000
G01 X104.896000 Y52.507000 Z-0.125000
G00 Z5.000000

(End cutting path id: path806)


(Start cutting path id: path806)
(Change tool to Default tool)

G00 Z5.000000
G00 X107.067000 Y52.543000

G01 Z-0.125000 F100.0(Penetrate)
G01 X107.218000 Y52.978000 Z-0.125000 F400.000000
G01 X107.582000 Y53.059000 Z-0.125000
G01 X108.056000 Y52.758000 Z-0.125000
G01 X108.257000 Y52.357000 Z-0.125000
G01 X108.163000 Y52.006000 Z-0.125000
G01 X107.754000 Y51.856000 Z-0.125000
G01 X107.268000 Y52.058000 Z-0.125000
G01 X107.067000 Y52.543000 Z-0.125000
G01 X107.067000 Y52.543000 Z-0.125000
G00 Z5.000000

(End cutting path id: path806)


(Start cutting path id: path806)
(Change tool to Default tool)

G00 Z5.000000
G00 X107.344000 Y53.894000

G01 Z-0.125000 F100.0(Penetrate)
G01 X107.124000 Y54.292000 Z-0.125000 F400.000000
G01 X107.077000 Y54.766000 Z-0.125000
G01 X107.191000 Y55.163000 Z-0.125000
G01 X107.454000 Y55.329000 Z-0.125000
G01 X107.822000 Y55.133000 Z-0.125000
G01 X108.079000 Y54.683000 Z-0.125000
G01 X108.154000 Y54.183000 Z-0.125000
G01 X107.976000 Y53.835000 Z-0.125000
G01 X107.644000 Y53.762000 Z-0.125000
G01 X107.344000 Y53.894000 Z-0.125000
G01 X107.344000 Y53.894000 Z-0.125000
G00 Z5.000000

(End cutting path id: path806)


(Start cutting path id: path806)
(Change tool to Default tool)

G00 Z5.000000
G00 X104.896000 Y56.848000

G01 Z-0.125000 F100.0(Penetrate)
G01 X105.088000 Y57.308000 Z-0.125000 F400.000000
G01 X105.547000 Y57.499000 Z-0.125000
G01 X106.007000 Y57.308000 Z-0.125000
G01 X106.198000 Y56.848000 Z-0.125000
G01 X106.007000 Y56.388000 Z-0.125000
G01 X105.547000 Y56.197000 Z-0.125000
G01 X105.088000 Y56.388000 Z-0.125000
G01 X104.896000 Y56.848000 Z-0.125000
G01 X104.896000 Y56.848000 Z-0.125000
G00 Z5.000000

(End cutting path id: path806)


(Start cutting path id: path806)
(Change tool to Default tool)

G00 Z5.000000
G00 X103.160000 Y56.848000

G01 Z-0.125000 F100.0(Penetrate)
G01 X103.351000 Y57.308000 Z-0.125000 F400.000000
G01 X103.811000 Y57.499000 Z-0.125000
G01 X104.271000 Y57.308000 Z-0.125000
G01 X104.462000 Y56.848000 Z-0.125000
G01 X104.271000 Y56.388000 Z-0.125000
G01 X103.811000 Y56.197000 Z-0.125000
G01 X103.351000 Y56.388000 Z-0.125000
G01 X103.160000 Y56.848000 Z-0.125000
G01 X103.160000 Y56.848000 Z-0.125000
G00 Z5.000000

(End cutting path id: path806)


(Start cutting path id: path806)
(Change tool to Default tool)

G00 Z5.000000
G00 X101.424000 Y56.848000

G01 Z-0.125000 F100.0(Penetrate)
G01 X101.552000 Y57.308000 Z-0.125000 F400.000000
G01 X101.858000 Y57.499000 Z-0.125000
G01 X102.165000 Y57.308000 Z-0.125000
G01 X102.292000 Y56.848000 Z-0.125000
G01 X102.165000 Y56.388000 Z-0.125000
G01 X101.858000 Y56.197000 Z-0.125000
G01 X101.552000 Y56.388000 Z-0.125000
G01 X101.424000 Y56.848000 Z-0.125000
G01 X101.424000 Y56.848000 Z-0.125000
G00 Z5.000000

(End cutting path id: path806)


(Start cutting path id: path806)
(Change tool to Default tool)

G00 Z5.000000
G00 X101.424000 Y54.678000

G01 Z-0.125000 F100.0(Penetrate)
G01 X101.552000 Y55.137000 Z-0.125000 F400.000000
G01 X101.858000 Y55.329000 Z-0.125000
G01 X102.165000 Y55.137000 Z-0.125000
G01 X102.292000 Y54.678000 Z-0.125000
G01 X102.165000 Y54.218000 Z-0.125000
G01 X101.858000 Y54.027000 Z-0.125000
G01 X101.552000 Y54.218000 Z-0.125000
G01 X101.424000 Y54.678000 Z-0.125000
G01 X101.424000 Y54.678000 Z-0.125000
G00 Z5.000000

(End cutting path id: path806)


(Start cutting path id: path806)
(Change tool to Default tool)

G00 Z5.000000
G00 X99.253800 Y56.848000

G01 Z-0.125000 F100.0(Penetrate)
G01 X99.445100 Y57.308000 Z-0.125000 F400.000000
G01 X99.904900 Y57.499000 Z-0.125000
G01 X100.365000 Y57.308000 Z-0.125000
G01 X100.556000 Y56.848000 Z-0.125000
G01 X100.365000 Y56.388000 Z-0.125000
G01 X99.904900 Y56.197000 Z-0.125000
G01 X99.445100 Y56.388000 Z-0.125000
G01 X99.253800 Y56.848000 Z-0.125000
G01 X99.253800 Y56.848000 Z-0.125000
G00 Z5.000000

(End cutting path id: path806)


(Start cutting path id: path806)
(Change tool to Default tool)

G00 Z5.000000
G00 X97.517700 Y56.848000

G01 Z-0.125000 F100.0(Penetrate)
G01 X97.645200 Y57.308000 Z-0.125000 F400.000000
G01 X97.951700 Y57.499000 Z-0.125000
G01 X98.258300 Y57.308000 Z-0.125000
G01 X98.385800 Y56.848000 Z-0.125000
G01 X98.258300 Y56.388000 Z-0.125000
G01 X97.951700 Y56.197000 Z-0.125000
G01 X97.645200 Y56.388000 Z-0.125000
G01 X97.517700 Y56.848000 Z-0.125000
G01 X97.517700 Y56.848000 Z-0.125000
G00 Z5.000000

(End cutting path id: path806)


(Start cutting path id: path806)
(Change tool to Default tool)

G00 Z5.000000
G00 X97.517700 Y54.461000

G01 Z-0.125000 F100.0(Penetrate)
G01 X97.645200 Y55.074000 Z-0.125000 F400.000000
G01 X97.951700 Y55.329000 Z-0.125000
G01 X98.258300 Y55.074000 Z-0.125000
G01 X98.385800 Y54.461000 Z-0.125000
G01 X98.258300 Y53.847000 Z-0.125000
G01 X97.951700 Y53.592000 Z-0.125000
G01 X97.645200 Y53.847000 Z-0.125000
G01 X97.517700 Y54.461000 Z-0.125000
G01 X97.517700 Y54.461000 Z-0.125000
G00 Z5.000000

(End cutting path id: path806)


(Start cutting path id: path806)
(Change tool to Default tool)

G00 Z5.000000
G00 X97.517700 Y59.235000

G01 Z-0.125000 F100.0(Penetrate)
G01 X97.645200 Y59.848000 Z-0.125000 F400.000000
G01 X97.951700 Y60.103000 Z-0.125000
G01 X98.258300 Y59.848000 Z-0.125000
G01 X98.385800 Y59.235000 Z-0.125000
G01 X98.258300 Y58.622000 Z-0.125000
G01 X97.951700 Y58.367000 Z-0.125000
G01 X97.645200 Y58.622000 Z-0.125000
G01 X97.517700 Y59.235000 Z-0.125000
G01 X97.517700 Y59.235000 Z-0.125000
G00 Z5.000000

(End cutting path id: path806)


(Start cutting path id: path806)
(Change tool to Default tool)

G00 Z5.000000
G00 X99.253800 Y59.199000

G01 Z-0.125000 F100.0(Penetrate)
G01 X99.444300 Y59.851000 Z-0.125000 F400.000000
G01 X99.936700 Y60.103000 Z-0.125000
G01 X100.391000 Y59.902000 Z-0.125000
G01 X100.479000 Y59.380000 Z-0.125000
G01 X100.199000 Y58.743000 Z-0.125000
G01 X99.787400 Y58.484000 Z-0.125000
G01 X99.415600 Y58.628000 Z-0.125000
G01 X99.253800 Y59.199000 Z-0.125000
G01 X99.253800 Y59.199000 Z-0.125000
G00 Z5.000000

(End cutting path id: path806)


(Start cutting path id: path806)
(Change tool to Default tool)

G00 Z5.000000
G00 X101.424000 Y59.235000

G01 Z-0.125000 F100.0(Penetrate)
G01 X101.552000 Y59.848000 Z-0.125000 F400.000000
G01 X101.858000 Y60.103000 Z-0.125000
G01 X102.165000 Y59.848000 Z-0.125000
G01 X102.292000 Y59.235000 Z-0.125000
G01 X102.165000 Y58.622000 Z-0.125000
G01 X101.858000 Y58.367000 Z-0.125000
G01 X101.552000 Y58.622000 Z-0.125000
G01 X101.424000 Y59.235000 Z-0.125000
G01 X101.424000 Y59.235000 Z-0.125000
G00 Z5.000000

(End cutting path id: path806)


(Start cutting path id: path806)
(Change tool to Default tool)

G00 Z5.000000
G00 X103.160000 Y59.235000

G01 Z-0.125000 F100.0(Penetrate)
G01 X103.310000 Y59.865000 Z-0.125000 F400.000000
G01 X103.482000 Y60.000000 Z-0.125000
G01 X103.703000 Y59.995000 Z-0.125000
G01 X104.086000 Y59.697000 Z-0.125000
G01 X104.245000 Y59.235000 Z-0.125000
G01 X104.086000 Y58.773000 Z-0.125000
G01 X103.703000 Y58.476000 Z-0.125000
G01 X103.482000 Y58.470000 Z-0.125000
G01 X103.310000 Y58.605000 Z-0.125000
G01 X103.160000 Y59.235000 Z-0.125000
G01 X103.160000 Y59.235000 Z-0.125000
G00 Z5.000000

(End cutting path id: path806)


(Start cutting path id: path806)
(Change tool to Default tool)

G00 Z5.000000
G00 X103.160000 Y61.622000

G01 Z-0.125000 F100.0(Penetrate)
G01 X103.351000 Y62.082000 Z-0.125000 F400.000000
G01 X103.811000 Y62.273000 Z-0.125000
G01 X104.271000 Y62.082000 Z-0.125000
G01 X104.462000 Y61.622000 Z-0.125000
G01 X104.271000 Y61.163000 Z-0.125000
G01 X103.811000 Y60.971000 Z-0.125000
G01 X103.351000 Y61.163000 Z-0.125000
G01 X103.160000 Y61.622000 Z-0.125000
G01 X103.160000 Y61.622000 Z-0.125000
G00 Z5.000000

(End cutting path id: path806)


(Start cutting path id: path806)
(Change tool to Default tool)

G00 Z5.000000
G00 X103.438000 Y63.008000

G01 Z-0.125000 F100.0(Penetrate)
G01 X103.185000 Y63.451000 Z-0.125000 F400.000000
G01 X103.185000 Y63.920000 Z-0.125000
G01 X103.404000 Y64.292000 Z-0.125000
G01 X103.811000 Y64.443000 Z-0.125000
G01 X104.271000 Y64.260000 Z-0.125000
G01 X104.462000 Y63.818000 Z-0.125000
G01 X104.359000 Y63.329000 Z-0.125000
G01 X104.102000 Y62.989000 Z-0.125000
G01 X103.769000 Y62.862000 Z-0.125000
G01 X103.438000 Y63.008000 Z-0.125000
G01 X103.438000 Y63.008000 Z-0.125000
G00 Z5.000000

(End cutting path id: path806)


(Start cutting path id: path806)
(Change tool to Default tool)

G00 Z5.000000
G00 X104.896000 Y61.622000

G01 Z-0.125000 F100.0(Penetrate)
G01 X105.088000 Y62.082000 Z-0.125000 F400.000000
G01 X105.547000 Y62.273000 Z-0.125000
G01 X106.007000 Y62.082000 Z-0.125000
G01 X106.198000 Y61.622000 Z-0.125000
G01 X106.007000 Y61.163000 Z-0.125000
G01 X105.547000 Y60.971000 Z-0.125000
G01 X105.088000 Y61.163000 Z-0.125000
G01 X104.896000 Y61.622000 Z-0.125000
G01 X104.896000 Y61.622000 Z-0.125000
G00 Z5.000000

(End cutting path id: path806)


(Start cutting path id: path806)
(Change tool to Default tool)

G00 Z5.000000
G00 X107.344000 Y63.008000

G01 Z-0.125000 F100.0(Penetrate)
G01 X107.092000 Y63.451000 Z-0.125000 F400.000000
G01 X107.091000 Y63.920000 Z-0.125000
G01 X107.310000 Y64.292000 Z-0.125000
G01 X107.718000 Y64.443000 Z-0.125000
G01 X108.177000 Y64.260000 Z-0.125000
G01 X108.369000 Y63.818000 Z-0.125000
G01 X108.266000 Y63.329000 Z-0.125000
G01 X108.008000 Y62.989000 Z-0.125000
G01 X107.675000 Y62.862000 Z-0.125000
G01 X107.344000 Y63.008000 Z-0.125000
G01 X107.344000 Y63.008000 Z-0.125000
G00 Z5.000000

(End cutting path id: path806)


(Start cutting path id: path806)
(Change tool to Default tool)

G00 Z5.000000
G00 X107.067000 Y59.235000

G01 Z-0.125000 F100.0(Penetrate)
G01 X107.217000 Y59.865000 Z-0.125000 F400.000000
G01 X107.388000 Y60.000000 Z-0.125000
G01 X107.609000 Y59.995000 Z-0.125000
G01 X107.992000 Y59.697000 Z-0.125000
G01 X108.152000 Y59.235000 Z-0.125000
G01 X107.992000 Y58.773000 Z-0.125000
G01 X107.609000 Y58.476000 Z-0.125000
G01 X107.388000 Y58.470000 Z-0.125000
G01 X107.217000 Y58.605000 Z-0.125000
G01 X107.067000 Y59.235000 Z-0.125000
G01 X107.067000 Y59.235000 Z-0.125000
G00 Z5.000000

(End cutting path id: path806)


(Start cutting path id: path806)
(Change tool to Default tool)

G00 Z5.000000
G00 X101.424000 Y61.622000

G01 Z-0.125000 F100.0(Penetrate)
G01 X101.552000 Y62.082000 Z-0.125000 F400.000000
G01 X101.858000 Y62.273000 Z-0.125000
G01 X102.165000 Y62.082000 Z-0.125000
G01 X102.292000 Y61.622000 Z-0.125000
G01 X102.165000 Y61.163000 Z-0.125000
G01 X101.858000 Y60.971000 Z-0.125000
G01 X101.552000 Y61.163000 Z-0.125000
G01 X101.424000 Y61.622000 Z-0.125000
G01 X101.424000 Y61.622000 Z-0.125000
G00 Z5.000000

(End cutting path id: path806)


(Start cutting path id: path806)
(Change tool to Default tool)

G00 Z5.000000
G00 X101.424000 Y63.550000

G01 Z-0.125000 F100.0(Penetrate)
G01 X101.552000 Y64.181000 Z-0.125000 F400.000000
G01 X101.858000 Y64.443000 Z-0.125000
G01 X102.165000 Y64.260000 Z-0.125000
G01 X102.292000 Y63.818000 Z-0.125000
G01 X102.165000 Y63.297000 Z-0.125000
G01 X101.858000 Y62.924000 Z-0.125000
G01 X101.552000 Y62.997000 Z-0.125000
G01 X101.424000 Y63.550000 Z-0.125000
G01 X101.424000 Y63.550000 Z-0.125000
G00 Z5.000000

(End cutting path id: path806)


(Start cutting path id: path806)
(Change tool to Default tool)

G00 Z5.000000
G00 X99.531400 Y63.008000

G01 Z-0.125000 F100.0(Penetrate)
G01 X99.279000 Y63.451000 Z-0.125000 F400.000000
G01 X99.278500 Y63.920000 Z-0.125000
G01 X99.497800 Y64.292000 Z-0.125000
G01 X99.904900 Y64.443000 Z-0.125000
G01 X100.365000 Y64.260000 Z-0.125000
G01 X100.556000 Y63.818000 Z-0.125000
G01 X100.453000 Y63.329000 Z-0.125000
G01 X100.196000 Y62.989000 Z-0.125000
G01 X99.862400 Y62.862000 Z-0.125000
G01 X99.531400 Y63.008000 Z-0.125000
G01 X99.531400 Y63.008000 Z-0.125000
G00 Z5.000000

(End cutting path id: path806)


(Start cutting path id: path806)
(Change tool to Default tool)

G00 Z5.000000
G00 X99.253800 Y61.622000

G01 Z-0.125000 F100.0(Penetrate)
G01 X99.445100 Y62.082000 Z-0.125000 F400.000000
G01 X99.904900 Y62.273000 Z-0.125000
G01 X100.365000 Y62.082000 Z-0.125000
G01 X100.556000 Y61.622000 Z-0.125000
G01 X100.365000 Y61.163000 Z-0.125000
G01 X99.904900 Y60.971000 Z-0.125000
G01 X99.445100 Y61.163000 Z-0.125000
G01 X99.253800 Y61.622000 Z-0.125000
G01 X99.253800 Y61.622000 Z-0.125000
G00 Z5.000000

(End cutting path id: path806)


(Start cutting path id: path806)
(Change tool to Default tool)

G00 Z5.000000
G00 X97.517700 Y61.622000

G01 Z-0.125000 F100.0(Penetrate)
G01 X97.645200 Y62.082000 Z-0.125000 F400.000000
G01 X97.951700 Y62.273000 Z-0.125000
G01 X98.258300 Y62.082000 Z-0.125000
G01 X98.385800 Y61.622000 Z-0.125000
G01 X98.258300 Y61.163000 Z-0.125000
G01 X97.951700 Y60.971000 Z-0.125000
G01 X97.645200 Y61.163000 Z-0.125000
G01 X97.517700 Y61.622000 Z-0.125000
G01 X97.517700 Y61.622000 Z-0.125000
G00 Z5.000000

(End cutting path id: path806)


(Start cutting path id: path806)
(Change tool to Default tool)

G00 Z5.000000
G00 X97.517700 Y63.575000

G01 Z-0.125000 F100.0(Penetrate)
G01 X97.645200 Y64.188000 Z-0.125000 F400.000000
G01 X97.951700 Y64.443000 Z-0.125000
G01 X98.258300 Y64.188000 Z-0.125000
G01 X98.385800 Y63.575000 Z-0.125000
G01 X98.258300 Y62.962000 Z-0.125000
G01 X97.951700 Y62.707000 Z-0.125000
G01 X97.645200 Y62.962000 Z-0.125000
G01 X97.517700 Y63.575000 Z-0.125000
G01 X97.517700 Y63.575000 Z-0.125000
G00 Z5.000000

(End cutting path id: path806)


(Start cutting path id: path806)
(Change tool to Default tool)

G00 Z5.000000
G00 X97.517700 Y65.962000

G01 Z-0.125000 F100.0(Penetrate)
G01 X97.645200 Y66.422000 Z-0.125000 F400.000000
G01 X97.951700 Y66.613000 Z-0.125000
G01 X98.258300 Y66.422000 Z-0.125000
G01 X98.385800 Y65.962000 Z-0.125000
G01 X98.258300 Y65.503000 Z-0.125000
G01 X97.951700 Y65.311000 Z-0.125000
G01 X97.645200 Y65.503000 Z-0.125000
G01 X97.517700 Y65.962000 Z-0.125000
G01 X97.517700 Y65.962000 Z-0.125000
G00 Z5.000000

(End cutting path id: path806)


(Start cutting path id: path806)
(Change tool to Default tool)

G00 Z5.000000
G00 X99.253800 Y65.962000

G01 Z-0.125000 F100.0(Penetrate)
G01 X99.445100 Y66.422000 Z-0.125000 F400.000000
G01 X99.904900 Y66.613000 Z-0.125000
G01 X100.365000 Y66.422000 Z-0.125000
G01 X100.556000 Y65.962000 Z-0.125000
G01 X100.365000 Y65.503000 Z-0.125000
G01 X99.904900 Y65.311000 Z-0.125000
G01 X99.445100 Y65.503000 Z-0.125000
G01 X99.253800 Y65.962000 Z-0.125000
G01 X99.253800 Y65.962000 Z-0.125000
G00 Z5.000000

(End cutting path id: path806)


(Start cutting path id: path806)
(Change tool to Default tool)

G00 Z5.000000
G00 X101.424000 Y65.962000

G01 Z-0.125000 F100.0(Penetrate)
G01 X101.552000 Y66.422000 Z-0.125000 F400.000000
G01 X101.858000 Y66.613000 Z-0.125000
G01 X102.165000 Y66.422000 Z-0.125000
G01 X102.292000 Y65.962000 Z-0.125000
G01 X102.165000 Y65.503000 Z-0.125000
G01 X101.858000 Y65.311000 Z-0.125000
G01 X101.552000 Y65.503000 Z-0.125000
G01 X101.424000 Y65.962000 Z-0.125000
G01 X101.424000 Y65.962000 Z-0.125000
G00 Z5.000000

(End cutting path id: path806)


(Start cutting path id: path806)
(Change tool to Default tool)

G00 Z5.000000
G00 X101.207000 Y67.916000

G01 Z-0.125000 F100.0(Penetrate)
G01 X101.097000 Y68.335000 Z-0.125000 F400.000000
G01 X101.208000 Y68.759000 Z-0.125000
G01 X101.488000 Y69.087000 Z-0.125000
G01 X101.884000 Y69.218000 Z-0.125000
G01 X102.172000 Y68.963000 Z-0.125000
G01 X102.292000 Y68.350000 Z-0.125000
G01 X102.186000 Y67.793000 Z-0.125000
G01 X101.920000 Y67.514000 Z-0.125000
G01 X101.568000 Y67.545000 Z-0.125000
G01 X101.207000 Y67.916000 Z-0.125000
G01 X101.207000 Y67.916000 Z-0.125000
G00 Z5.000000

(End cutting path id: path806)


(Start cutting path id: path806)
(Change tool to Default tool)

G00 Z5.000000
G00 X99.330500 Y68.156000

G01 Z-0.125000 F100.0(Penetrate)
G01 X99.567100 Y68.696000 Z-0.125000 F400.000000
G01 X99.909500 Y68.895000 Z-0.125000
G01 X100.248000 Y68.747000 Z-0.125000
G01 X100.473000 Y68.241000 Z-0.125000
G01 X100.391000 Y67.683000 Z-0.125000
G01 X99.904900 Y67.482000 Z-0.125000
G01 X99.430600 Y67.671000 Z-0.125000
G01 X99.330500 Y68.156000 Z-0.125000
G01 X99.330500 Y68.156000 Z-0.125000
G00 Z5.000000

(End cutting path id: path806)


(Start cutting path id: path806)
(Change tool to Default tool)

G00 Z5.000000
G00 X97.517700 Y68.350000

G01 Z-0.125000 F100.0(Penetrate)
G01 X97.645200 Y68.963000 Z-0.125000 F400.000000
G01 X97.951700 Y69.218000 Z-0.125000
G01 X98.258300 Y68.963000 Z-0.125000
G01 X98.385800 Y68.350000 Z-0.125000
G01 X98.258300 Y67.737000 Z-0.125000
G01 X97.951700 Y67.482000 Z-0.125000
G01 X97.645200 Y67.737000 Z-0.125000
G01 X97.517700 Y68.350000 Z-0.125000
G01 X97.517700 Y68.350000 Z-0.125000
G00 Z5.000000

(End cutting path id: path806)


(Start cutting path id: path806)
(Change tool to Default tool)

G00 Z5.000000
G00 X97.517700 Y70.520000

G01 Z-0.125000 F100.0(Penetrate)
G01 X97.645200 Y71.133000 Z-0.125000 F400.000000
G01 X97.951700 Y71.388000 Z-0.125000
G01 X98.258300 Y71.133000 Z-0.125000
G01 X98.385800 Y70.520000 Z-0.125000
G01 X98.258300 Y69.907000 Z-0.125000
G01 X97.951700 Y69.652000 Z-0.125000
G01 X97.645200 Y69.907000 Z-0.125000
G01 X97.517700 Y70.520000 Z-0.125000
G01 X97.517700 Y70.520000 Z-0.125000
G00 Z5.000000

(End cutting path id: path806)


(Start cutting path id: path806)
(Change tool to Default tool)

G00 Z5.000000
G00 X99.253800 Y70.484000

G01 Z-0.125000 F100.0(Penetrate)
G01 X99.444300 Y71.136000 Z-0.125000 F400.000000
G01 X99.936700 Y71.388000 Z-0.125000
G01 X100.391000 Y71.187000 Z-0.125000
G01 X100.479000 Y70.665000 Z-0.125000
G01 X100.199000 Y70.028000 Z-0.125000
G01 X99.787400 Y69.769000 Z-0.125000
G01 X99.415600 Y69.913000 Z-0.125000
G01 X99.253800 Y70.484000 Z-0.125000
G01 X99.253800 Y70.484000 Z-0.125000
G00 Z5.000000

(End cutting path id: path806)


(Start cutting path id: path806)
(Change tool to Default tool)

G00 Z5.000000
G00 X101.207000 Y70.086000

G01 Z-0.125000 F100.0(Penetrate)
G01 X101.097000 Y70.506000 Z-0.125000 F400.000000
G01 X101.208000 Y70.929000 Z-0.125000
G01 X101.488000 Y71.257000 Z-0.125000
G01 X101.884000 Y71.388000 Z-0.125000
G01 X102.172000 Y71.133000 Z-0.125000
G01 X102.292000 Y70.520000 Z-0.125000
G01 X102.186000 Y69.963000 Z-0.125000
G01 X101.920000 Y69.685000 Z-0.125000
G01 X101.568000 Y69.715000 Z-0.125000
G01 X101.207000 Y70.086000 Z-0.125000
G01 X101.207000 Y70.086000 Z-0.125000
G00 Z5.000000

(End cutting path id: path806)


(Start cutting path id: path806)
(Change tool to Default tool)

G00 Z5.000000
G00 X101.309000 Y72.081000

G01 Z-0.125000 F100.0(Penetrate)
G01 X101.187000 Y72.459000 Z-0.125000 F400.000000
G01 X101.294000 Y72.950000 Z-0.125000
G01 X101.557000 Y73.376000 Z-0.125000
G01 X101.905000 Y73.558000 Z-0.125000
G01 X102.178000 Y73.303000 Z-0.125000
G01 X102.292000 Y72.690000 Z-0.125000
G01 X102.212000 Y72.164000 Z-0.125000
G01 X101.997000 Y71.872000 Z-0.125000
G01 X101.683000 Y71.837000 Z-0.125000
G01 X101.309000 Y72.081000 Z-0.125000
G01 X101.309000 Y72.081000 Z-0.125000
G00 Z5.000000

(End cutting path id: path806)


(Start cutting path id: path806)
(Change tool to Default tool)

G00 Z5.000000
G00 X99.253800 Y72.726000

G01 Z-0.125000 F100.0(Penetrate)
G01 X99.415600 Y73.297000 Z-0.125000 F400.000000
G01 X99.787400 Y73.441000 Z-0.125000
G01 X100.199000 Y73.182000 Z-0.125000
G01 X100.479000 Y72.545000 Z-0.125000
G01 X100.391000 Y72.023000 Z-0.125000
G01 X99.936700 Y71.822000 Z-0.125000
G01 X99.444300 Y72.074000 Z-0.125000
G01 X99.253800 Y72.726000 Z-0.125000
G01 X99.253800 Y72.726000 Z-0.125000
G00 Z5.000000

(End cutting path id: path806)


(Start cutting path id: path806)
(Change tool to Default tool)

G00 Z5.000000
G00 X97.517700 Y72.690000

G01 Z-0.125000 F100.0(Penetrate)
G01 X97.645200 Y73.303000 Z-0.125000 F400.000000
G01 X97.951700 Y73.558000 Z-0.125000
G01 X98.258300 Y73.303000 Z-0.125000
G01 X98.385800 Y72.690000 Z-0.125000
G01 X98.258300 Y72.077000 Z-0.125000
G01 X97.951700 Y71.822000 Z-0.125000
G01 X97.645200 Y72.077000 Z-0.125000
G01 X97.517700 Y72.690000 Z-0.125000
G01 X97.517700 Y72.690000 Z-0.125000
G00 Z5.000000

(End cutting path id: path806)


(Start cutting path id: path806)
(Change tool to Default tool)

G00 Z5.000000
G00 X97.517700 Y74.860000

G01 Z-0.125000 F100.0(Penetrate)
G01 X97.645200 Y75.473000 Z-0.125000 F400.000000
G01 X97.951700 Y75.728000 Z-0.125000
G01 X98.258300 Y75.473000 Z-0.125000
G01 X98.385800 Y74.860000 Z-0.125000
G01 X98.258300 Y74.247000 Z-0.125000
G01 X97.951700 Y73.992000 Z-0.125000
G01 X97.645200 Y74.247000 Z-0.125000
G01 X97.517700 Y74.860000 Z-0.125000
G01 X97.517700 Y74.860000 Z-0.125000
G00 Z5.000000

(End cutting path id: path806)


(Start cutting path id: path806)
(Change tool to Default tool)

G00 Z5.000000
G00 X99.253800 Y74.824000

G01 Z-0.125000 F100.0(Penetrate)
G01 X99.444300 Y75.476000 Z-0.125000 F400.000000
G01 X99.936700 Y75.728000 Z-0.125000
G01 X100.391000 Y75.527000 Z-0.125000
G01 X100.479000 Y75.004000 Z-0.125000
G01 X100.199000 Y74.368000 Z-0.125000
G01 X99.787400 Y74.109000 Z-0.125000
G01 X99.415600 Y74.253000 Z-0.125000
G01 X99.253800 Y74.824000 Z-0.125000
G01 X99.253800 Y74.824000 Z-0.125000
G00 Z5.000000

(End cutting path id: path806)


(Start cutting path id: path806)
(Change tool to Default tool)

G00 Z5.000000
G00 X101.207000 Y74.426000

G01 Z-0.125000 F100.0(Penetrate)
G01 X101.097000 Y74.845000 Z-0.125000 F400.000000
G01 X101.208000 Y75.269000 Z-0.125000
G01 X101.488000 Y75.597000 Z-0.125000
G01 X101.884000 Y75.728000 Z-0.125000
G01 X102.172000 Y75.473000 Z-0.125000
G01 X102.292000 Y74.860000 Z-0.125000
G01 X102.186000 Y74.303000 Z-0.125000
G01 X101.920000 Y74.024000 Z-0.125000
G01 X101.568000 Y74.055000 Z-0.125000
G01 X101.207000 Y74.426000 Z-0.125000
G01 X101.207000 Y74.426000 Z-0.125000
G00 Z5.000000

(End cutting path id: path806)


(Start cutting path id: path806)
(Change tool to Default tool)

G00 Z5.000000
G00 X103.160000 Y74.860000

G01 Z-0.125000 F100.0(Penetrate)
G01 X103.310000 Y75.490000 Z-0.125000 F400.000000
G01 X103.482000 Y75.625000 Z-0.125000
G01 X103.703000 Y75.620000 Z-0.125000
G01 X104.086000 Y75.322000 Z-0.125000
G01 X104.245000 Y74.860000 Z-0.125000
G01 X104.086000 Y74.398000 Z-0.125000
G01 X103.703000 Y74.100000 Z-0.125000
G01 X103.482000 Y74.095000 Z-0.125000
G01 X103.310000 Y74.230000 Z-0.125000
G01 X103.160000 Y74.860000 Z-0.125000
G01 X103.160000 Y74.860000 Z-0.125000
G00 Z5.000000

(End cutting path id: path806)


(Start cutting path id: path806)
(Change tool to Default tool)

G00 Z5.000000
G00 X105.186000 Y74.281000

G01 Z-0.125000 F100.0(Penetrate)
G01 X104.926000 Y74.730000 Z-0.125000 F400.000000
G01 X104.921000 Y75.203000 Z-0.125000
G01 X105.138000 Y75.576000 Z-0.125000
G01 X105.547000 Y75.728000 Z-0.125000
G01 X106.009000 Y75.475000 Z-0.125000
G01 X106.198000 Y74.860000 Z-0.125000
G01 X106.118000 Y74.327000 Z-0.125000
G01 X105.898000 Y74.040000 Z-0.125000
G01 X105.576000 Y74.018000 Z-0.125000
G01 X105.186000 Y74.281000 Z-0.125000
G01 X105.186000 Y74.281000 Z-0.125000
G00 Z5.000000

(End cutting path id: path806)


(Start cutting path id: path806)
(Change tool to Default tool)

G00 Z5.000000
G00 X107.067000 Y74.860000

G01 Z-0.125000 F100.0(Penetrate)
G01 X107.194000 Y75.473000 Z-0.125000 F400.000000
G01 X107.501000 Y75.728000 Z-0.125000
G01 X107.807000 Y75.473000 Z-0.125000
G01 X107.935000 Y74.860000 Z-0.125000
G01 X107.807000 Y74.247000 Z-0.125000
G01 X107.501000 Y73.992000 Z-0.125000
G01 X107.194000 Y74.247000 Z-0.125000
G01 X107.067000 Y74.860000 Z-0.125000
G01 X107.067000 Y74.860000 Z-0.125000
G00 Z5.000000

(End cutting path id: path806)


(Start cutting path id: path806)
(Change tool to Default tool)

G00 Z5.000000
G00 X107.067000 Y72.690000

G01 Z-0.125000 F100.0(Penetrate)
G01 X107.180000 Y73.303000 Z-0.125000 F400.000000
G01 X107.454000 Y73.558000 Z-0.125000
G01 X107.802000 Y73.376000 Z-0.125000
G01 X108.065000 Y72.950000 Z-0.125000
G01 X108.172000 Y72.459000 Z-0.125000
G01 X108.049000 Y72.081000 Z-0.125000
G01 X107.675000 Y71.837000 Z-0.125000
G01 X107.362000 Y71.872000 Z-0.125000
G01 X107.147000 Y72.164000 Z-0.125000
G01 X107.067000 Y72.690000 Z-0.125000
G01 X107.067000 Y72.690000 Z-0.125000
G00 Z5.000000

(End cutting path id: path806)


(Start cutting path id: path806)
(Change tool to Default tool)

G00 Z5.000000
G00 X105.113000 Y72.256000

G01 Z-0.125000 F100.0(Penetrate)
G01 X105.004000 Y72.675000 Z-0.125000 F400.000000
G01 X105.115000 Y73.099000 Z-0.125000
G01 X105.394000 Y73.427000 Z-0.125000
G01 X105.790000 Y73.558000 Z-0.125000
G01 X106.079000 Y73.303000 Z-0.125000
G01 X106.198000 Y72.690000 Z-0.125000
G01 X106.093000 Y72.133000 Z-0.125000
G01 X105.826000 Y71.854000 Z-0.125000
G01 X105.474000 Y71.885000 Z-0.125000
G01 X105.113000 Y72.256000 Z-0.125000
G01 X105.113000 Y72.256000 Z-0.125000
G00 Z5.000000

(End cutting path id: path806)


(Start cutting path id: path806)
(Change tool to Default tool)

G00 Z5.000000
G00 X103.160000 Y70.520000

G01 Z-0.125000 F100.0(Penetrate)
G01 X103.310000 Y71.150000 Z-0.125000 F400.000000
G01 X103.482000 Y71.285000 Z-0.125000
G01 X103.703000 Y71.280000 Z-0.125000
G01 X104.086000 Y70.982000 Z-0.125000
G01 X104.245000 Y70.520000 Z-0.125000
G01 X104.086000 Y70.058000 Z-0.125000
G01 X103.703000 Y69.761000 Z-0.125000
G01 X103.482000 Y69.755000 Z-0.125000
G01 X103.310000 Y69.890000 Z-0.125000
G01 X103.160000 Y70.520000 Z-0.125000
G01 X103.160000 Y70.520000 Z-0.125000
G00 Z5.000000

(End cutting path id: path806)


(Start cutting path id: path806)
(Change tool to Default tool)

G00 Z5.000000
G00 X103.160000 Y68.350000

G01 Z-0.125000 F100.0(Penetrate)
G01 X103.310000 Y68.980000 Z-0.125000 F400.000000
G01 X103.482000 Y69.115000 Z-0.125000
G01 X103.703000 Y69.109000 Z-0.125000
G01 X104.086000 Y68.812000 Z-0.125000
G01 X104.245000 Y68.350000 Z-0.125000
G01 X104.086000 Y67.888000 Z-0.125000
G01 X103.703000 Y67.590000 Z-0.125000
G01 X103.482000 Y67.585000 Z-0.125000
G01 X103.310000 Y67.720000 Z-0.125000
G01 X103.160000 Y68.350000 Z-0.125000
G01 X103.160000 Y68.350000 Z-0.125000
G00 Z5.000000

(End cutting path id: path806)


(Start cutting path id: path806)
(Change tool to Default tool)

G00 Z5.000000
G00 X104.973000 Y68.156000

G01 Z-0.125000 F100.0(Penetrate)
G01 X105.210000 Y68.696000 Z-0.125000 F400.000000
G01 X105.552000 Y68.895000 Z-0.125000
G01 X105.891000 Y68.747000 Z-0.125000
G01 X106.116000 Y68.241000 Z-0.125000
G01 X106.034000 Y67.683000 Z-0.125000
G01 X105.547000 Y67.482000 Z-0.125000
G01 X105.073000 Y67.671000 Z-0.125000
G01 X104.973000 Y68.156000 Z-0.125000
G01 X104.973000 Y68.156000 Z-0.125000
G00 Z5.000000

(End cutting path id: path806)


(Start cutting path id: path806)
(Change tool to Default tool)

G00 Z5.000000
G00 X107.067000 Y68.350000

G01 Z-0.125000 F100.0(Penetrate)
G01 X107.194000 Y68.963000 Z-0.125000 F400.000000
G01 X107.501000 Y69.218000 Z-0.125000
G01 X107.807000 Y68.963000 Z-0.125000
G01 X107.935000 Y68.350000 Z-0.125000
G01 X107.807000 Y67.737000 Z-0.125000
G01 X107.501000 Y67.482000 Z-0.125000
G01 X107.194000 Y67.737000 Z-0.125000
G01 X107.067000 Y68.350000 Z-0.125000
G01 X107.067000 Y68.350000 Z-0.125000
G00 Z5.000000

(End cutting path id: path806)


(Start cutting path id: path806)
(Change tool to Default tool)

G00 Z5.000000
G00 X104.896000 Y65.962000

G01 Z-0.125000 F100.0(Penetrate)
G01 X105.088000 Y66.422000 Z-0.125000 F400.000000
G01 X105.547000 Y66.613000 Z-0.125000
G01 X106.007000 Y66.422000 Z-0.125000
G01 X106.198000 Y65.962000 Z-0.125000
G01 X106.007000 Y65.503000 Z-0.125000
G01 X105.547000 Y65.311000 Z-0.125000
G01 X105.088000 Y65.503000 Z-0.125000
G01 X104.896000 Y65.962000 Z-0.125000
G01 X104.896000 Y65.962000 Z-0.125000
G00 Z5.000000

(End cutting path id: path806)


(Start cutting path id: path806)
(Change tool to Default tool)

G00 Z5.000000
G00 X89.825500 Y68.013000

G01 Z-0.125000 F100.0(Penetrate)
G01 X86.664000 Y70.955000 Z-0.125000 F400.000000
G01 X86.518100 Y70.604000 Z-0.125000
G01 X86.508700 Y69.761000 Z-0.125000
G01 X86.631600 Y63.805000 Z-0.125000
G01 X86.666800 Y59.042000 Z-0.125000
G01 X89.705400 Y62.057000 Z-0.125000
G01 X92.744100 Y65.072000 Z-0.125000
G01 X89.825500 Y68.013000 Z-0.125000
G00 Z5.000000

(End cutting path id: path806)


(Start cutting path id: path806)
(Change tool to Default tool)

G00 Z5.000000
G00 X83.194400 Y65.200000

G01 Z-0.125000 F100.0(Penetrate)
G01 X83.194400 Y71.599000 Z-0.125000 F400.000000
G01 X79.830600 Y68.206000 Z-0.125000
G01 X76.466800 Y64.814000 Z-0.125000
G01 X79.692100 Y61.808000 Z-0.125000
G01 X83.055900 Y58.801000 Z-0.125000
G01 X83.194400 Y65.200000 Z-0.125000
G01 X83.194400 Y65.200000 Z-0.125000
G00 Z5.000000

(End cutting path id: path806)


(Start cutting path id: path806)
(Change tool to Default tool)

G00 Z5.000000
G00 X80.029600 Y59.824000

G01 Z-0.125000 F100.0(Penetrate)
G01 X78.810500 Y60.490000 Z-0.125000 F400.000000
G01 X77.581100 Y60.667000 Z-0.125000
G01 X76.630900 Y60.372000 Z-0.125000
G01 X76.351100 Y60.052000 Z-0.125000
G01 X76.249800 Y59.620000 Z-0.125000
G01 X76.335800 Y59.194000 Z-0.125000
G01 X76.687000 Y58.948000 Z-0.125000
G01 X78.745500 Y58.817000 Z-0.125000
G01 X81.241200 Y58.833000 Z-0.125000
G01 X80.029600 Y59.824000 Z-0.125000
G00 Z5.000000

(End cutting path id: path806)


(Start cutting path id: path806)
(Change tool to Default tool)

G00 Z5.000000
G00 X77.551900 Y62.003000

G01 Z-0.125000 F100.0(Penetrate)
G01 X76.900900 Y62.707000 Z-0.125000 F400.000000
G01 X76.375400 Y63.008000 Z-0.125000
G01 X76.249800 Y62.544000 Z-0.125000
G01 X76.441100 Y62.046000 Z-0.125000
G01 X76.900900 Y61.839000 Z-0.125000
G01 X77.551900 Y62.003000 Z-0.125000
G01 X77.551900 Y62.003000 Z-0.125000
G00 Z5.000000

(End cutting path id: path806)


(Start cutting path id: path806)
(Change tool to Default tool)

G00 Z5.000000
G00 X82.760400 Y56.414000

G01 Z-0.125000 F100.0(Penetrate)
G01 X82.699300 Y57.031000 Z-0.125000 F400.000000
G01 X82.326300 Y57.355000 Z-0.125000
G01 X81.356500 Y57.479000 Z-0.125000
G01 X79.505100 Y57.499000 Z-0.125000
G01 X77.653600 Y57.479000 Z-0.125000
G01 X76.683800 Y57.355000 Z-0.125000
G01 X76.310800 Y57.031000 Z-0.125000
G01 X76.249800 Y56.414000 Z-0.125000
G01 X76.310800 Y55.797000 Z-0.125000
G01 X76.683800 Y55.474000 Z-0.125000
G01 X77.653600 Y55.349000 Z-0.125000
G01 X79.505100 Y55.329000 Z-0.125000
G01 X81.356500 Y55.349000 Z-0.125000
G01 X82.326300 Y55.474000 Z-0.125000
G01 X82.699300 Y55.797000 Z-0.125000
G01 X82.760400 Y56.414000 Z-0.125000
G01 X82.760400 Y56.414000 Z-0.125000
G00 Z5.000000

(End cutting path id: path806)


(Start cutting path id: path806)
(Change tool to Default tool)

G00 Z5.000000
G00 X82.760400 Y53.158000

G01 Z-0.125000 F100.0(Penetrate)
G01 X82.668800 Y53.627000 Z-0.125000 F400.000000
G01 X82.245000 Y53.888000 Z-0.125000
G01 X79.505100 Y54.026000 Z-0.125000
G01 X76.765200 Y53.888000 Z-0.125000
G01 X76.341400 Y53.627000 Z-0.125000
G01 X76.249800 Y53.158000 Z-0.125000
G01 X76.341400 Y52.689000 Z-0.125000
G01 X76.765200 Y52.427000 Z-0.125000
G01 X79.505100 Y52.290000 Z-0.125000
G01 X82.245000 Y52.427000 Z-0.125000
G01 X82.668800 Y52.688000 Z-0.125000
G01 X82.760400 Y53.158000 Z-0.125000
G01 X82.760400 Y53.158000 Z-0.125000
G00 Z5.000000

(End cutting path id: path806)


(Start cutting path id: path806)
(Change tool to Default tool)

G00 Z5.000000
G00 X85.260400 Y51.784000

G01 Z-0.125000 F100.0(Penetrate)
G01 X85.233200 Y66.857000 Z-0.125000 F400.000000
G01 X85.124200 Y70.871000 Z-0.125000
G01 X84.955600 Y72.256000 Z-0.125000
G01 X84.800000 Y71.971000 Z-0.125000
G01 X84.667500 Y71.031000 Z-0.125000
G01 X84.456700 Y66.680000 Z-0.125000
G01 X84.148700 Y44.544000 Z-0.125000
G01 X84.163800 Y33.673000 Z-0.125000
G01 X84.316400 Y31.619000 Z-0.125000
G01 X84.436400 Y31.210000 Z-0.125000
G01 X84.588300 Y31.125000 Z-0.125000
G01 X84.740900 Y31.389000 Z-0.125000
G01 X84.867900 Y32.132000 Z-0.125000
G01 X85.057200 Y35.420000 Z-0.125000
G01 X85.260400 Y51.784000 Z-0.125000
G01 X85.260400 Y51.784000 Z-0.125000
G00 Z5.000000

(End cutting path id: path806)


(Start cutting path id: path806)
(Change tool to Default tool)

G00 Z5.000000
G00 X82.760400 Y49.903000

G01 Z-0.125000 F100.0(Penetrate)
G01 X82.699300 Y50.520000 Z-0.125000 F400.000000
G01 X82.326300 Y50.843000 Z-0.125000
G01 X81.356500 Y50.967000 Z-0.125000
G01 X79.505100 Y50.988000 Z-0.125000
G01 X77.653600 Y50.967000 Z-0.125000
G01 X76.683800 Y50.843000 Z-0.125000
G01 X76.310800 Y50.520000 Z-0.125000
G01 X76.249800 Y49.903000 Z-0.125000
G01 X76.310800 Y49.285000 Z-0.125000
G01 X76.683800 Y48.962000 Z-0.125000
G01 X77.653600 Y48.838000 Z-0.125000
G01 X79.505100 Y48.817000 Z-0.125000
G01 X81.356500 Y48.838000 Z-0.125000
G01 X82.326300 Y48.962000 Z-0.125000
G01 X82.699300 Y49.285000 Z-0.125000
G01 X82.760400 Y49.903000 Z-0.125000
G01 X82.760400 Y49.903000 Z-0.125000
G00 Z5.000000

(End cutting path id: path806)


(Start cutting path id: path806)
(Change tool to Default tool)

G00 Z5.000000
G00 X82.760400 Y46.430000

G01 Z-0.125000 F100.0(Penetrate)
G01 X82.699300 Y47.047000 Z-0.125000 F400.000000
G01 X82.326300 Y47.371000 Z-0.125000
G01 X81.356500 Y47.495000 Z-0.125000
G01 X79.505100 Y47.515000 Z-0.125000
G01 X76.774300 Y47.378000 Z-0.125000
G01 X76.344800 Y47.123000 Z-0.125000
G01 X76.249800 Y46.666000 Z-0.125000
G01 X76.350100 Y46.212000 Z-0.125000
G01 X76.779600 Y45.935000 Z-0.125000
G01 X79.396600 Y45.667000 Z-0.125000
G01 X82.651900 Y45.431000 Z-0.125000
G01 X82.760300 Y46.430000 Z-0.125000
G01 X82.760400 Y46.430000 Z-0.125000
G00 Z5.000000

(End cutting path id: path806)


(Start cutting path id: path806)
(Change tool to Default tool)

G00 Z5.000000
G00 X82.760400 Y43.392000

G01 Z-0.125000 F100.0(Penetrate)
G01 X82.699300 Y44.009000 Z-0.125000 F400.000000
G01 X82.326300 Y44.332000 Z-0.125000
G01 X81.356500 Y44.457000 Z-0.125000
G01 X79.505100 Y44.477000 Z-0.125000
G01 X77.653600 Y44.457000 Z-0.125000
G01 X76.683800 Y44.332000 Z-0.125000
G01 X76.310800 Y44.009000 Z-0.125000
G01 X76.249800 Y43.392000 Z-0.125000
G01 X76.310800 Y42.775000 Z-0.125000
G01 X76.683800 Y42.451000 Z-0.125000
G01 X77.653600 Y42.327000 Z-0.125000
G01 X79.505100 Y42.307000 Z-0.125000
G01 X81.356500 Y42.327000 Z-0.125000
G01 X82.326300 Y42.451000 Z-0.125000
G01 X82.699300 Y42.775000 Z-0.125000
G01 X82.760400 Y43.392000 Z-0.125000
G01 X82.760400 Y43.392000 Z-0.125000
G00 Z5.000000

(End cutting path id: path806)


(Start cutting path id: path806)
(Change tool to Default tool)

G00 Z5.000000
G00 X82.760400 Y40.162000

G01 Z-0.125000 F100.0(Penetrate)
G01 X82.664200 Y40.614000 Z-0.125000 F400.000000
G01 X82.232600 Y40.868000 Z-0.125000
G01 X79.505100 Y41.005000 Z-0.125000
G01 X76.774700 Y40.868000 Z-0.125000
G01 X76.344900 Y40.612000 Z-0.125000
G01 X76.249800 Y40.156000 Z-0.125000
G01 X76.345600 Y39.705000 Z-0.125000
G01 X76.749500 Y39.431000 Z-0.125000
G01 X79.179600 Y39.180000 Z-0.125000
G01 X81.194800 Y39.115000 Z-0.125000
G01 X82.263900 Y39.203000 Z-0.125000
G01 X82.686100 Y39.524000 Z-0.125000
G01 X82.760400 Y40.162000 Z-0.125000
G01 X82.760400 Y40.162000 Z-0.125000
G00 Z5.000000

(End cutting path id: path806)


(Start cutting path id: path806)
(Change tool to Default tool)

G00 Z5.000000
G00 X82.760400 Y37.098000

G01 Z-0.125000 F100.0(Penetrate)
G01 X82.668800 Y37.568000 Z-0.125000 F400.000000
G01 X82.245000 Y37.829000 Z-0.125000
G01 X79.505100 Y37.966000 Z-0.125000
G01 X76.765200 Y37.829000 Z-0.125000
G01 X76.341400 Y37.568000 Z-0.125000
G01 X76.249800 Y37.098000 Z-0.125000
G01 X76.341400 Y36.629000 Z-0.125000
G01 X76.765200 Y36.368000 Z-0.125000
G01 X79.505100 Y36.230000 Z-0.125000
G01 X82.245000 Y36.368000 Z-0.125000
G01 X82.668800 Y36.629000 Z-0.125000
G01 X82.760400 Y37.098000 Z-0.125000
G01 X82.760400 Y37.098000 Z-0.125000
G00 Z5.000000

(End cutting path id: path806)


(Start cutting path id: path806)
(Change tool to Default tool)

G00 Z5.000000
G00 X82.760400 Y34.277000

G01 Z-0.125000 F100.0(Penetrate)
G01 X82.618000 Y34.598000 Z-0.125000 F400.000000
G01 X82.109300 Y34.798000 Z-0.125000
G01 X79.505100 Y34.928000 Z-0.125000
G01 X76.900900 Y34.798000 Z-0.125000
G01 X76.392200 Y34.598000 Z-0.125000
G01 X76.249800 Y34.277000 Z-0.125000
G01 X76.392200 Y33.956000 Z-0.125000
G01 X76.900900 Y33.756000 Z-0.125000
G01 X79.505100 Y33.626000 Z-0.125000
G01 X82.109300 Y33.756000 Z-0.125000
G01 X82.618000 Y33.956000 Z-0.125000
G01 X82.760400 Y34.277000 Z-0.125000
G01 X82.760400 Y34.277000 Z-0.125000
G00 Z5.000000

(End cutting path id: path806)


(Start cutting path id: path806)
(Change tool to Default tool)

G00 Z5.000000
G00 X82.760400 Y31.673000

G01 Z-0.125000 F100.0(Penetrate)
G01 X82.618000 Y31.995000 Z-0.125000 F400.000000
G01 X82.109300 Y32.194000 Z-0.125000
G01 X79.505100 Y32.324000 Z-0.125000
G01 X76.900900 Y32.194000 Z-0.125000
G01 X76.392200 Y31.995000 Z-0.125000
G01 X76.249800 Y31.673000 Z-0.125000
G01 X76.392200 Y31.352000 Z-0.125000
G01 X76.900900 Y31.153000 Z-0.125000
G01 X79.505100 Y31.022000 Z-0.125000
G01 X82.109300 Y31.153000 Z-0.125000
G01 X82.618000 Y31.352000 Z-0.125000
G01 X82.760400 Y31.673000 Z-0.125000
G01 X82.760400 Y31.673000 Z-0.125000
G00 Z5.000000

(End cutting path id: path806)


(Start cutting path id: path806)
(Change tool to Default tool)

G00 Z5.000000
G00 X80.865200 Y22.457000

G01 Z-0.125000 F100.0(Penetrate)
G01 X83.054400 Y22.466000 Z-0.125000 F400.000000
G01 X85.234400 Y22.392000 Z-0.125000
G01 X85.744400 Y21.992000 Z-0.125000
G01 X85.925800 Y21.393000 Z-0.125000
G01 X85.927700 Y20.069000 Z-0.125000
G01 X85.932600 Y18.703000 Z-0.125000
G01 X85.764900 Y18.077000 Z-0.125000
G01 X85.257800 Y17.648000 Z-0.125000
G01 X83.259500 Y17.569000 Z-0.125000
G01 X81.251900 Y17.588000 Z-0.125000
G01 X80.884000 Y17.661000 Z-0.125000
G01 X80.599100 Y17.856000 Z-0.125000
G01 X80.295700 Y18.472000 Z-0.125000
G01 X80.377700 Y19.162000 Z-0.125000
G01 X80.880900 Y19.654000 Z-0.125000
G01 X82.561700 Y19.760000 Z-0.125000
G01 X84.259400 Y19.748000 Z-0.125000
G01 X84.553200 Y19.865000 Z-0.125000
G01 X84.622100 Y20.278000 Z-0.125000
G01 X84.476200 Y21.060000 Z-0.125000
G01 X82.468500 Y21.075000 Z-0.125000
G01 X80.478500 Y20.925000 Z-0.125000
G01 X79.867800 Y20.597000 Z-0.125000
G01 X79.411900 Y20.104000 Z-0.125000
G01 X79.115300 Y19.496000 Z-0.125000
G01 X78.982400 Y18.826000 Z-0.125000
G01 X79.017700 Y18.145000 Z-0.125000
G01 X79.225800 Y17.506000 Z-0.125000
G01 X79.610900 Y16.959000 Z-0.125000
G01 X80.177700 Y16.556000 Z-0.125000
G01 X81.092600 Y16.295000 Z-0.125000
G01 X82.046300 Y16.246000 Z-0.125000
G01 X83.969100 Y16.267000 Z-0.125000
G01 X84.795500 Y16.251000 Z-0.125000
G01 X85.615600 Y16.392000 Z-0.125000
G01 X86.340500 Y16.748000 Z-0.125000
G01 X86.881400 Y17.376000 Z-0.125000
G01 X87.190800 Y18.306000 Z-0.125000
G01 X87.254800 Y19.286000 Z-0.125000
G01 X87.232400 Y21.269000 Z-0.125000
G01 X87.084000 Y22.282000 Z-0.125000
G01 X86.508300 Y23.104000 Z-0.125000
G01 X85.644100 Y23.632000 Z-0.125000
G01 X84.630100 Y23.761000 Z-0.125000
G01 X80.865200 Y23.761000 Z-0.125000
G01 X80.865200 Y22.457000 Z-0.125000
G01 X80.865200 Y22.457000 Z-0.125000
G00 Z5.000000

(End cutting path id: path806)


(Start cutting path id: path806)
(Change tool to Default tool)

G00 Z5.000000
G00 X77.414200 Y16.975000

G01 Z-0.125000 F100.0(Penetrate)
G01 X77.340000 Y16.589000 Z-0.125000 F400.000000
G01 X77.132200 Y16.278000 Z-0.125000
G01 X76.827900 Y16.077000 Z-0.125000
G01 X76.456800 Y16.003000 Z-0.125000
G01 X72.092800 Y16.003000 Z-0.125000
G01 X71.328400 Y16.085000 Z-0.125000
G01 X70.534200 Y16.344000 Z-0.125000
G01 X69.769800 Y16.805000 Z-0.125000
G01 X69.131500 Y17.480000 Z-0.125000
G01 X68.686200 Y18.400000 Z-0.125000
G01 X68.523000 Y19.573000 Z-0.125000
G01 X68.523000 Y24.026000 Z-0.125000
G01 X70.452600 Y24.026000 Z-0.125000
G01 X70.452600 Y19.573000 Z-0.125000
G01 X70.578800 Y18.890000 Z-0.125000
G01 X70.935000 Y18.378000 Z-0.125000
G01 X71.454500 Y18.044000 Z-0.125000
G01 X72.107700 Y17.933000 Z-0.125000
G01 X75.484500 Y17.933000 Z-0.125000
G01 X75.484500 Y24.026000 Z-0.125000
G01 X77.414200 Y24.026000 Z-0.125000
G01 X77.414200 Y16.975000 Z-0.125000
G00 Z5.000000

(End cutting path id: path806)


(Start cutting path id: path806)
(Change tool to Default tool)

G00 Z5.000000
G00 X68.787100 Y19.580000

G01 Z-0.125000 F100.0(Penetrate)
G01 X68.954900 Y18.411000 Z-0.125000 F400.000000
G01 X69.545600 Y17.405000 Z-0.125000
G01 X70.455400 Y16.671000 Z-0.125000
G01 X71.580300 Y16.314000 Z-0.125000
G01 X76.599600 Y16.283000 Z-0.125000
G01 X77.039300 Y16.613000 Z-0.125000
G01 X77.165200 Y17.140000 Z-0.125000
G01 X77.150400 Y18.300000 Z-0.125000
G01 X77.150400 Y23.761000 Z-0.125000
G01 X76.216600 Y23.794000 Z-0.125000
G01 X75.831500 Y23.728000 Z-0.125000
G01 X75.748000 Y23.361000 Z-0.125000
G01 X75.748000 Y17.670000 Z-0.125000
G01 X73.622500 Y17.658000 Z-0.125000
G01 X71.507900 Y17.756000 Z-0.125000
G01 X70.857300 Y18.087000 Z-0.125000
G01 X70.417500 Y18.648000 Z-0.125000
G01 X70.193300 Y19.342000 Z-0.125000
G01 X70.189500 Y20.072000 Z-0.125000
G01 X70.189500 Y23.761000 Z-0.125000
G01 X69.255700 Y23.794000 Z-0.125000
G01 X68.870500 Y23.729000 Z-0.125000
G01 X68.787100 Y23.361000 Z-0.125000
G01 X68.787100 Y19.580000 Z-0.125000
G01 X68.787100 Y19.580000 Z-0.125000
G00 Z5.000000

(End cutting path id: path806)


(Start cutting path id: path806)
(Change tool to Default tool)

G00 Z5.000000
G00 X66.961000 Y16.003000

G01 Z-0.125000 F100.0(Penetrate)
G01 X65.031300 Y16.003000 Z-0.125000 F400.000000
G01 X65.031300 Y20.456000 Z-0.125000
G01 X64.897700 Y21.131000 Z-0.125000
G01 X64.548900 Y21.651000 Z-0.125000
G01 X64.021900 Y21.977000 Z-0.125000
G01 X63.376300 Y22.096000 Z-0.125000
G01 X59.999400 Y22.096000 Z-0.125000
G01 X59.999400 Y16.003000 Z-0.125000
G01 X58.069700 Y16.003000 Z-0.125000
G01 X58.069700 Y23.068000 Z-0.125000
G01 X58.143900 Y23.440000 Z-0.125000
G01 X58.351700 Y23.744000 Z-0.125000
G01 X58.663500 Y23.952000 Z-0.125000
G01 X59.042000 Y24.026000 Z-0.125000
G01 X63.391100 Y24.026000 Z-0.125000
G01 X64.155500 Y23.944000 Z-0.125000
G01 X64.957100 Y23.677000 Z-0.125000
G01 X65.714100 Y23.217000 Z-0.125000
G01 X66.352400 Y22.542000 Z-0.125000
G01 X66.797700 Y21.629000 Z-0.125000
G01 X66.961000 Y20.456000 Z-0.125000
G01 X66.961000 Y16.003000 Z-0.125000
G00 Z5.000000

(End cutting path id: path806)


(Start cutting path id: path806)
(Change tool to Default tool)

G00 Z5.000000
G00 X56.433500 Y18.660000

G01 Z-0.125000 F100.0(Penetrate)
G01 X56.292500 Y17.792000 Z-0.125000 F400.000000
G01 X55.832300 Y16.931000 Z-0.125000
G01 X55.008500 Y16.270000 Z-0.125000
G01 X54.448200 Y16.070000 Z-0.125000
G01 X53.776500 Y16.003000 Z-0.125000
G01 X50.295700 Y16.003000 Z-0.125000
G01 X49.427400 Y16.144000 Z-0.125000
G01 X48.566500 Y16.597000 Z-0.125000
G01 X47.905900 Y17.421000 Z-0.125000
G01 X47.705500 Y17.986000 Z-0.125000
G01 X47.638700 Y18.660000 Z-0.125000
G01 X47.779800 Y19.528000 Z-0.125000
G01 X48.232500 Y20.389000 Z-0.125000
G01 X49.056300 Y21.057000 Z-0.125000
G01 X49.622200 Y21.258000 Z-0.125000
G01 X50.295700 Y21.324000 Z-0.125000
G01 X53.776500 Y21.324000 Z-0.125000
G01 X53.776500 Y19.484000 Z-0.125000
G01 X50.295700 Y19.484000 Z-0.125000
G01 X49.687100 Y19.239000 Z-0.125000
G01 X49.471900 Y18.645000 Z-0.125000
G01 X49.716800 Y18.051000 Z-0.125000
G01 X50.310600 Y17.844000 Z-0.125000
G01 X53.776500 Y17.844000 Z-0.125000
G01 X54.385100 Y18.081000 Z-0.125000
G01 X54.600300 Y18.675000 Z-0.125000
G01 X54.600300 Y21.369000 Z-0.125000
G01 X54.362800 Y21.970000 Z-0.125000
G01 X53.776500 Y22.193000 Z-0.125000
G01 X49.538700 Y22.193000 Z-0.125000
G01 X49.538700 Y24.026000 Z-0.125000
G01 X53.776500 Y24.026000 Z-0.125000
G01 X54.637400 Y23.885000 Z-0.125000
G01 X55.498400 Y23.425000 Z-0.125000
G01 X56.166300 Y22.601000 Z-0.125000
G01 X56.366700 Y22.041000 Z-0.125000
G01 X56.433500 Y21.369000 Z-0.125000
G01 X56.433500 Y18.660000 Z-0.125000
G00 Z5.000000

(End cutting path id: path806)


(Start cutting path id: path806)
(Change tool to Default tool)

G00 Z5.000000
G00 X58.894500 Y23.746000

G01 Z-0.125000 F100.0(Penetrate)
G01 X58.449400 Y23.421000 Z-0.125000 F400.000000
G01 X58.319700 Y22.900000 Z-0.125000
G01 X58.334000 Y21.745000 Z-0.125000
G01 X58.334000 Y16.267000 Z-0.125000
G01 X59.267700 Y16.235000 Z-0.125000
G01 X59.652900 Y16.300000 Z-0.125000
G01 X59.736300 Y16.667000 Z-0.125000
G01 X59.736300 Y22.359000 Z-0.125000
G01 X61.844500 Y22.370000 Z-0.125000
G01 X63.943400 Y22.283000 Z-0.125000
G01 X64.626100 Y21.939000 Z-0.125000
G01 X65.076800 Y21.349000 Z-0.125000
G01 X65.298700 Y20.620000 Z-0.125000
G01 X65.294900 Y19.857000 Z-0.125000
G01 X65.294900 Y16.267000 Z-0.125000
G01 X66.228700 Y16.235000 Z-0.125000
G01 X66.613800 Y16.300000 Z-0.125000
G01 X66.697300 Y16.667000 Z-0.125000
G01 X66.709100 Y19.034000 Z-0.125000
G01 X66.587400 Y21.389000 Z-0.125000
G01 X66.063300 Y22.492000 Z-0.125000
G01 X65.146600 Y23.273000 Z-0.125000
G01 X63.997700 Y23.705000 Z-0.125000
G01 X62.777000 Y23.761000 Z-0.125000
G01 X58.894500 Y23.746000 Z-0.125000
G01 X58.894500 Y23.746000 Z-0.125000
G00 Z5.000000

(End cutting path id: path806)


(Start cutting path id: path806)
(Change tool to Default tool)

G00 Z5.000000
G00 X49.802700 Y22.457000

G01 Z-0.125000 F100.0(Penetrate)
G01 X51.991900 Y22.466000 Z-0.125000 F400.000000
G01 X54.171900 Y22.392000 Z-0.125000
G01 X54.681700 Y21.992000 Z-0.125000
G01 X54.862100 Y21.393000 Z-0.125000
G01 X54.863300 Y20.069000 Z-0.125000
G01 X54.868300 Y18.703000 Z-0.125000
G01 X54.701100 Y18.078000 Z-0.125000
G01 X54.195300 Y17.648000 Z-0.125000
G01 X52.197000 Y17.569000 Z-0.125000
G01 X50.189400 Y17.588000 Z-0.125000
G01 X49.821300 Y17.661000 Z-0.125000
G01 X49.536200 Y17.856000 Z-0.125000
G01 X49.232900 Y18.472000 Z-0.125000
G01 X49.315100 Y19.163000 Z-0.125000
G01 X49.818400 Y19.654000 Z-0.125000
G01 X51.498200 Y19.760000 Z-0.125000
G01 X53.194900 Y19.748000 Z-0.125000
G01 X53.490000 Y19.864000 Z-0.125000
G01 X53.559500 Y20.277000 Z-0.125000
G01 X53.413700 Y21.060000 Z-0.125000
G01 X51.406000 Y21.075000 Z-0.125000
G01 X49.416000 Y20.925000 Z-0.125000
G01 X48.805300 Y20.597000 Z-0.125000
G01 X48.349400 Y20.104000 Z-0.125000
G01 X48.052800 Y19.496000 Z-0.125000
G01 X47.919800 Y18.826000 Z-0.125000
G01 X47.955100 Y18.146000 Z-0.125000
G01 X48.163100 Y17.506000 Z-0.125000
G01 X48.548300 Y16.959000 Z-0.125000
G01 X49.115200 Y16.556000 Z-0.125000
G01 X50.029900 Y16.296000 Z-0.125000
G01 X50.982900 Y16.247000 Z-0.125000
G01 X52.904700 Y16.267000 Z-0.125000
G01 X53.731500 Y16.251000 Z-0.125000
G01 X54.552200 Y16.391000 Z-0.125000
G01 X55.277700 Y16.747000 Z-0.125000
G01 X55.818900 Y17.377000 Z-0.125000
G01 X56.127900 Y18.306000 Z-0.125000
G01 X56.192000 Y19.287000 Z-0.125000
G01 X56.169900 Y21.272000 Z-0.125000
G01 X56.020400 Y22.284000 Z-0.125000
G01 X55.444600 Y23.105000 Z-0.125000
G01 X54.580900 Y23.632000 Z-0.125000
G01 X53.567600 Y23.761000 Z-0.125000
G01 X49.802700 Y23.761000 Z-0.125000
G01 X49.802700 Y22.457000 Z-0.125000
G01 X49.802700 Y22.457000 Z-0.125000
G00 Z5.000000

(End cutting path id: path806)


(Start cutting path id: path806)
(Change tool to Default tool)

G00 Z5.000000
G00 X46.202900 Y18.712000

G01 Z-0.125000 F100.0(Penetrate)
G01 X46.002500 Y17.636000 Z-0.125000 F400.000000
G01 X45.438500 Y16.775000 Z-0.125000
G01 X44.585000 Y16.203000 Z-0.125000
G01 X43.501400 Y16.003000 Z-0.125000
G01 X36.428500 Y16.003000 Z-0.125000
G01 X36.428500 Y17.933000 Z-0.125000
G01 X43.501400 Y17.933000 Z-0.125000
G01 X44.058000 Y18.133000 Z-0.125000
G01 X44.258400 Y18.712000 Z-0.125000
G01 X44.258400 Y26.646000 Z-0.125000
G01 X46.202900 Y26.646000 Z-0.125000
G01 X46.202900 Y18.712000 Z-0.125000
G00 Z5.000000

(End cutting path id: path806)


(Start cutting path id: path806)
(Change tool to Default tool)

G00 Z5.000000
G00 X44.521500 Y18.712000

G01 Z-0.125000 F100.0(Penetrate)
G01 X44.426900 Y18.202000 Z-0.125000 F400.000000
G01 X44.093400 Y17.846000 Z-0.125000
G01 X43.619000 Y17.662000 Z-0.125000
G01 X43.102000 Y17.670000 Z-0.125000
G01 X36.691400 Y17.670000 Z-0.125000
G01 X36.658800 Y16.736000 Z-0.125000
G01 X36.724200 Y16.351000 Z-0.125000
G01 X37.091400 Y16.267000 Z-0.125000
G01 X44.011700 Y16.312000 Z-0.125000
G01 X44.888700 Y16.657000 Z-0.125000
G01 X45.528900 Y17.322000 Z-0.125000
G01 X45.892500 Y18.184000 Z-0.125000
G01 X45.939500 Y19.124000 Z-0.125000
G01 X45.939500 Y26.382000 Z-0.125000
G01 X44.998300 Y26.415000 Z-0.125000
G01 X44.609500 Y26.349000 Z-0.125000
G01 X44.521500 Y25.982000 Z-0.125000
G01 X44.521500 Y18.712000 Z-0.125000
G01 X44.521500 Y18.712000 Z-0.125000
G00 Z5.000000

(End cutting path id: path806)


(Start cutting path id: path806)
(Change tool to Default tool)

G00 Z5.000000
G00 X38.054400 Y32.970000

G01 Z-0.125000 F100.0(Penetrate)
G01 X38.143300 Y33.162000 Z-0.125000 F400.000000
G01 X38.468100 Y33.314000 Z-0.125000
G01 X40.173300 Y33.513000 Z-0.125000
G01 X50.243700 Y33.628000 Z-0.125000
G01 X59.885500 Y33.516000 Z-0.125000
G01 X61.779800 Y33.349000 Z-0.125000
G01 X62.169000 Y33.230000 Z-0.125000
G01 X62.252200 Y33.085000 Z-0.125000
G01 X61.574700 Y32.820000 Z-0.125000
G01 X59.532700 Y32.634000 Z-0.125000
G01 X50.063000 Y32.427000 Z-0.125000
G01 X40.124400 Y32.445000 Z-0.125000
G01 X38.455400 Y32.628000 Z-0.125000
G01 X38.140100 Y32.777000 Z-0.125000
G01 X38.054400 Y32.970000 Z-0.125000
G01 X38.054400 Y32.970000 Z-0.125000
G00 Z5.000000

(End cutting path id: path806)


(Start cutting path id: path806)
(Change tool to Default tool)

G00 Z5.000000
G00 X38.350600 Y35.212000

G01 Z-0.125000 F100.0(Penetrate)
G01 X38.054400 Y35.870000 Z-0.125000 F400.000000
G01 X41.635000 Y36.126000 Z-0.125000
G01 X50.243700 Y36.232000 Z-0.125000
G01 X59.885500 Y36.120000 Z-0.125000
G01 X61.779800 Y35.953000 Z-0.125000
G01 X62.169000 Y35.835000 Z-0.125000
G01 X62.252200 Y35.689000 Z-0.125000
G01 X61.587700 Y35.425000 Z-0.125000
G01 X59.592000 Y35.239000 Z-0.125000
G01 X50.359200 Y35.031000 Z-0.125000
G01 X42.000300 Y35.037000 Z-0.125000
G01 X38.350600 Y35.212000 Z-0.125000
G01 X38.350600 Y35.212000 Z-0.125000
G00 Z5.000000

(End cutting path id: path806)


(Start cutting path id: path806)
(Change tool to Default tool)

G00 Z5.000000
G00 X38.488400 Y38.191000

G01 Z-0.125000 F100.0(Penetrate)
G01 X38.572700 Y38.383000 Z-0.125000 F400.000000
G01 X38.882700 Y38.532000 Z-0.125000
G01 X40.522300 Y38.716000 Z-0.125000
G01 X50.280000 Y38.733000 Z-0.125000
G01 X59.576100 Y38.526000 Z-0.125000
G01 X61.584200 Y38.340000 Z-0.125000
G01 X62.252200 Y38.075000 Z-0.125000
G01 X62.171100 Y37.930000 Z-0.125000
G01 X61.789300 Y37.811000 Z-0.125000
G01 X59.928800 Y37.645000 Z-0.125000
G01 X50.460700 Y37.533000 Z-0.125000
G01 X40.571200 Y37.647000 Z-0.125000
G01 X38.895300 Y37.847000 Z-0.125000
G01 X38.575900 Y37.998000 Z-0.125000
G01 X38.488400 Y38.191000 Z-0.125000
G01 X38.488400 Y38.191000 Z-0.125000
G00 Z5.000000

(End cutting path id: path806)


(Start cutting path id: path806)
(Change tool to Default tool)

G00 Z5.000000
G00 X38.488400 Y40.788000

G01 Z-0.125000 F100.0(Penetrate)
G01 X38.578000 Y40.978000 Z-0.125000 F400.000000
G01 X38.902100 Y41.127000 Z-0.125000
G01 X40.586300 Y41.325000 Z-0.125000
G01 X50.424500 Y41.439000 Z-0.125000
G01 X60.262700 Y41.325000 Z-0.125000
G01 X61.946900 Y41.127000 Z-0.125000
G01 X62.271000 Y40.978000 Z-0.125000
G01 X62.360600 Y40.788000 Z-0.125000
G01 X62.271000 Y40.599000 Z-0.125000
G01 X61.946900 Y40.449000 Z-0.125000
G01 X60.262700 Y40.252000 Z-0.125000
G01 X50.424500 Y40.137000 Z-0.125000
G01 X40.586300 Y40.252000 Z-0.125000
G01 X38.902100 Y40.449000 Z-0.125000
G01 X38.578000 Y40.599000 Z-0.125000
G01 X38.488400 Y40.788000 Z-0.125000
G01 X38.488400 Y40.788000 Z-0.125000
G00 Z5.000000

(End cutting path id: path806)


(Start cutting path id: path806)
(Change tool to Default tool)

G00 Z5.000000
G00 X35.016100 Y40.788000

G01 Z-0.125000 F100.0(Penetrate)
G01 X35.090700 Y41.061000 Z-0.125000 F400.000000
G01 X35.305500 Y41.266000 Z-0.125000
G01 X36.101200 Y41.439000 Z-0.125000
G01 X36.897000 Y41.266000 Z-0.125000
G01 X37.111700 Y41.061000 Z-0.125000
G01 X37.186300 Y40.788000 Z-0.125000
G01 X37.111700 Y40.516000 Z-0.125000
G01 X36.897000 Y40.311000 Z-0.125000
G01 X36.101200 Y40.137000 Z-0.125000
G01 X35.305500 Y40.311000 Z-0.125000
G01 X35.090700 Y40.516000 Z-0.125000
G01 X35.016100 Y40.788000 Z-0.125000
G01 X35.016100 Y40.788000 Z-0.125000
G00 Z5.000000

(End cutting path id: path806)


(Start cutting path id: path806)
(Change tool to Default tool)

G00 Z5.000000
G00 X35.016100 Y38.185000

G01 Z-0.125000 F100.0(Penetrate)
G01 X35.090700 Y38.458000 Z-0.125000 F400.000000
G01 X35.305500 Y38.662000 Z-0.125000
G01 X36.101200 Y38.836000 Z-0.125000
G01 X36.897000 Y38.662000 Z-0.125000
G01 X37.111700 Y38.458000 Z-0.125000
G01 X37.186300 Y38.185000 Z-0.125000
G01 X37.111700 Y37.912000 Z-0.125000
G01 X36.897000 Y37.708000 Z-0.125000
G01 X36.101200 Y37.534000 Z-0.125000
G01 X35.305500 Y37.708000 Z-0.125000
G01 X35.090700 Y37.912000 Z-0.125000
G01 X35.016100 Y38.185000 Z-0.125000
G01 X35.016100 Y38.185000 Z-0.125000
G00 Z5.000000

(End cutting path id: path806)


(Start cutting path id: path806)
(Change tool to Default tool)

G00 Z5.000000
G00 X35.262700 Y35.262000

G01 Z-0.125000 F100.0(Penetrate)
G01 X35.016800 Y35.648000 Z-0.125000 F400.000000
G01 X35.096100 Y35.955000 Z-0.125000
G01 X35.477400 Y36.158000 Z-0.125000
G01 X36.137400 Y36.232000 Z-0.125000
G01 X36.898200 Y36.091000 Z-0.125000
G01 X37.076000 Y35.931000 Z-0.125000
G01 X37.090500 Y35.727000 Z-0.125000
G01 X36.784000 Y35.367000 Z-0.125000
G01 X36.257900 Y35.139000 Z-0.125000
G01 X35.691100 Y35.089000 Z-0.125000
G01 X35.262700 Y35.262000 Z-0.125000
G01 X35.262700 Y35.262000 Z-0.125000
G00 Z5.000000

(End cutting path id: path806)


(Start cutting path id: path806)
(Change tool to Default tool)

G00 Z5.000000
G00 X35.016100 Y32.976000

G01 Z-0.125000 F100.0(Penetrate)
G01 X35.269300 Y33.437000 Z-0.125000 F400.000000
G01 X35.884200 Y33.627000 Z-0.125000
G01 X36.499100 Y33.437000 Z-0.125000
G01 X36.752300 Y32.976000 Z-0.125000
G01 X36.499100 Y32.514000 Z-0.125000
G01 X35.884200 Y32.325000 Z-0.125000
G01 X35.269300 Y32.514000 Z-0.125000
G01 X35.016100 Y32.976000 Z-0.125000
G01 X35.016100 Y32.976000 Z-0.125000
G00 Z5.000000

(End cutting path id: path806)


(Start cutting path id: path806)
(Change tool to Default tool)

G00 Z5.000000
G00 X23.297100 Y32.791000

G01 Z-0.125000 F100.0(Penetrate)
G01 X23.151800 Y33.664000 Z-0.125000 F400.000000
G01 X22.801200 Y34.652000 Z-0.125000
G01 X22.372900 Y35.462000 Z-0.125000
G01 X21.995000 Y35.797000 Z-0.125000
G01 X21.614300 Y35.460000 Z-0.125000
G01 X21.186400 Y34.646000 Z-0.125000
G01 X20.837200 Y33.648000 Z-0.125000
G01 X20.692900 Y32.760000 Z-0.125000
G01 X20.909200 Y32.034000 Z-0.125000
G01 X21.441100 Y31.520000 Z-0.125000
G01 X22.113200 Y31.322000 Z-0.125000
G01 X22.750000 Y31.543000 Z-0.125000
G01 X23.136400 Y32.097000 Z-0.125000
G01 X23.297100 Y32.791000 Z-0.125000
G01 X23.297100 Y32.791000 Z-0.125000
G00 Z5.000000

(End cutting path id: path806)


(Start cutting path id: path806)
(Change tool to Default tool)

G00 Z5.000000
G00 X21.482600 Y28.961000

G01 Z-0.125000 F100.0(Penetrate)
G01 X21.310000 Y29.506000 Z-0.125000 F400.000000
G01 X20.765800 Y29.814000 Z-0.125000
G01 X19.515500 Y29.971000 Z-0.125000
G01 X17.224600 Y30.064000 Z-0.125000
G01 X14.063000 Y30.282000 Z-0.125000
G01 X12.701000 Y30.604000 Z-0.125000
G01 X12.746500 Y30.762000 Z-0.125000
G01 X13.304100 Y30.896000 Z-0.125000
G01 X16.037800 Y31.022000 Z-0.125000
G01 X19.803100 Y31.022000 Z-0.125000
G01 X19.556300 Y32.256000 Z-0.125000
G01 X19.521600 Y32.977000 Z-0.125000
G01 X19.693700 Y33.848000 Z-0.125000
G01 X20.724000 Y36.271000 Z-0.125000
G01 X22.138500 Y39.052000 Z-0.125000
G01 X23.368300 Y36.448000 Z-0.125000
G01 X24.251200 Y34.131000 Z-0.125000
G01 X24.417400 Y33.208000 Z-0.125000
G01 X24.406400 Y32.417000 Z-0.125000
G01 X24.214600 Y30.991000 Z-0.125000
G01 X28.204700 Y31.115000 Z-0.125000
G01 X32.194900 Y31.240000 Z-0.125000
G01 X32.315000 Y37.642000 Z-0.125000
G01 X32.435100 Y44.044000 Z-0.125000
G01 X44.072600 Y44.044000 Z-0.125000
G01 X64.894800 Y44.330000 Z-0.125000
G01 X72.630100 Y44.457000 Z-0.125000
G01 X73.823100 Y44.277000 Z-0.125000
G01 X74.028700 Y44.114000 Z-0.125000
G01 X74.079600 Y43.896000 Z-0.125000
G01 X73.929300 Y43.520000 Z-0.125000
G01 X73.317000 Y43.302000 Z-0.125000
G01 X69.739200 Y43.176000 Z-0.125000
G01 X66.059900 Y43.046000 Z-0.125000
G01 X65.511100 Y42.790000 Z-0.125000
G01 X65.398800 Y42.323000 Z-0.125000
G01 X65.514700 Y41.858000 Z-0.125000
G01 X66.057400 Y41.585000 Z-0.125000
G01 X69.595500 Y41.347000 Z-0.125000
G01 X72.817200 Y41.121000 Z-0.125000
G01 X73.641100 Y40.929000 Z-0.125000
G01 X73.972100 Y40.680000 Z-0.125000
G01 X73.838900 Y40.422000 Z-0.125000
G01 X73.165200 Y40.255000 Z-0.125000
G01 X69.775400 Y40.137000 Z-0.125000
G01 X65.398800 Y40.137000 Z-0.125000
G01 X65.398800 Y39.052000 Z-0.125000
G01 X65.398800 Y37.967000 Z-0.125000
G01 X69.739200 Y37.967000 Z-0.125000
G01 X73.247700 Y37.842000 Z-0.125000
G01 X73.903300 Y37.644000 Z-0.125000
G01 X74.079600 Y37.316000 Z-0.125000
G01 X73.903300 Y36.989000 Z-0.125000
G01 X73.247700 Y36.790000 Z-0.125000
G01 X69.739200 Y36.665000 Z-0.125000
G01 X65.398800 Y36.665000 Z-0.125000
G01 X65.398800 Y35.580000 Z-0.125000
G01 X65.398800 Y34.495000 Z-0.125000
G01 X69.775400 Y34.495000 Z-0.125000
G01 X73.165100 Y34.377000 Z-0.125000
G01 X73.837500 Y34.210000 Z-0.125000
G01 X73.969000 Y33.952000 Z-0.125000
G01 X73.704700 Y33.601000 Z-0.125000
G01 X72.961300 Y33.397000 Z-0.125000
G01 X68.545600 Y33.236000 Z-0.125000
G01 X66.764800 Y33.190000 Z-0.125000
G01 X65.826300 Y33.051000 Z-0.125000
G01 X65.460800 Y32.723000 Z-0.125000
G01 X65.398800 Y32.108000 Z-0.125000
G01 X65.398800 Y31.023000 Z-0.125000
G01 X70.173300 Y31.023000 Z-0.125000
G01 X74.947700 Y31.023000 Z-0.125000
G01 X74.947700 Y48.067000 Z-0.125000
G01 X74.947700 Y65.111000 Z-0.125000
G01 X79.187300 Y69.334000 Z-0.125000
G01 X82.494600 Y72.471000 Z-0.125000
G01 X83.679900 Y73.255000 Z-0.125000
G01 X84.730400 Y73.516000 Z-0.125000
G01 X85.779500 Y73.253000 Z-0.125000
G01 X86.960200 Y72.467000 Z-0.125000
G01 X90.249200 Y69.324000 Z-0.125000
G01 X94.466400 Y65.091000 Z-0.125000
G01 X94.588100 Y51.854000 Z-0.125000
G01 X94.653900 Y45.889000 Z-0.125000
G01 X94.681000 Y44.693000 Z-0.125000
G01 X94.693700 Y44.558000 Z-0.125000
G01 X94.706100 Y44.738000 Z-0.125000
G01 X94.811700 Y58.041000 Z-0.125000
G01 X94.913500 Y77.464000 Z-0.125000
G01 X102.726000 Y77.464000 Z-0.125000
G01 X110.539000 Y77.464000 Z-0.125000
G01 X110.539000 Y58.149000 Z-0.125000
G01 X110.427000 Y42.162000 Z-0.125000
G01 X110.230000 Y39.479000 Z-0.125000
G01 X110.079000 Y38.972000 Z-0.125000
G01 X109.888000 Y38.834000 Z-0.125000
G01 X109.697000 Y38.968000 Z-0.125000
G01 X109.546000 Y39.458000 Z-0.125000
G01 X109.349000 Y42.054000 Z-0.125000
G01 X109.237000 Y57.498000 Z-0.125000
G01 X109.237000 Y76.162000 Z-0.125000
G01 X102.726000 Y76.162000 Z-0.125000
G01 X96.215600 Y76.162000 Z-0.125000
G01 X96.215600 Y57.498000 Z-0.125000
G01 X96.215600 Y38.834000 Z-0.125000
G01 X98.819900 Y38.834000 Z-0.125000
G01 X100.882000 Y38.970000 Z-0.125000
G01 X101.302000 Y39.170000 Z-0.125000
G01 X101.424000 Y39.485000 Z-0.125000
G01 X101.552000 Y39.945000 Z-0.125000
G01 X101.858000 Y40.137000 Z-0.125000
G01 X102.165000 Y39.945000 Z-0.125000
G01 X102.292000 Y39.485000 Z-0.125000
G01 X102.380000 Y39.192000 Z-0.125000
G01 X102.654000 Y38.989000 Z-0.125000
G01 X103.811000 Y38.834000 Z-0.125000
G01 X104.969000 Y38.989000 Z-0.125000
G01 X105.242000 Y39.192000 Z-0.125000
G01 X105.330000 Y39.485000 Z-0.125000
G01 X105.521000 Y39.975000 Z-0.125000
G01 X105.954000 Y40.121000 Z-0.125000
G01 X106.420000 Y39.932000 Z-0.125000
G01 X106.709000 Y39.418000 Z-0.125000
G01 X107.138000 Y38.928000 Z-0.125000
G01 X108.122000 Y38.637000 Z-0.125000
G01 X109.547000 Y38.562000 Z-0.125000
G01 X111.298000 Y38.720000 Z-0.125000
G01 X112.709000 Y38.931000 Z-0.125000
G01 X112.709000 Y65.482000 Z-0.125000
G01 X112.709000 Y92.034000 Z-0.125000
G01 X115.530000 Y95.427000 Z-0.125000
G01 X117.140000 Y97.409000 Z-0.125000
G01 X117.980000 Y98.710000 Z-0.125000
G01 X118.300000 Y99.858000 Z-0.125000
G01 X118.352000 Y101.380000 Z-0.125000
G01 X118.488000 Y103.405000 Z-0.125000
G01 X118.688000 Y103.819000 Z-0.125000
G01 X119.003000 Y103.940000 Z-0.125000
G01 X119.320000 Y103.813000 Z-0.125000
G01 X119.520000 Y103.371000 Z-0.125000
G01 X119.654000 Y101.177000 Z-0.125000
G01 X119.698000 Y99.527000 Z-0.125000
G01 X120.007000 Y98.331000 Z-0.125000
G01 X120.842000 Y97.012000 Z-0.125000
G01 X122.465000 Y94.992000 Z-0.125000
G01 X125.276000 Y91.570000 Z-0.125000
G01 X125.286000 Y67.372000 Z-0.125000
G01 X125.404000 Y49.335000 Z-0.125000
G01 X125.542000 Y44.729000 Z-0.125000
G01 X125.730000 Y43.175000 Z-0.125000
G01 X125.918000 Y44.558000 Z-0.125000
G01 X126.054000 Y48.654000 Z-0.125000
G01 X126.164000 Y64.660000 Z-0.125000
G01 X126.164000 Y86.144000 Z-0.125000
G01 X138.317000 Y86.144000 Z-0.125000
G01 X150.470000 Y86.144000 Z-0.125000
G01 X150.470000 Y87.447000 Z-0.125000
G01 X150.511000 Y88.114000 Z-0.125000
G01 X150.669000 Y88.510000 Z-0.125000
G01 X150.999000 Y88.700000 Z-0.125000
G01 X151.556000 Y88.749000 Z-0.125000
G01 X152.135000 Y88.800000 Z-0.125000
G01 X152.462000 Y89.026000 Z-0.125000
G01 X152.608000 Y89.533000 Z-0.125000
G01 X152.641000 Y90.432000 Z-0.125000
G01 X152.826000 Y91.789000 Z-0.125000
G01 X153.292000 Y92.655000 Z-0.125000
G01 X153.752000 Y93.212000 Z-0.125000
G01 X153.943000 Y93.793000 Z-0.125000
G01 X154.104000 Y94.216000 Z-0.125000
G01 X154.491000 Y94.391000 Z-0.125000
G01 X154.770000 Y94.257000 Z-0.125000
G01 X155.093000 Y93.889000 Z-0.125000
G01 X155.768000 Y92.675000 Z-0.125000
G01 X156.319000 Y91.186000 Z-0.125000
G01 X156.547000 Y89.861000 Z-0.125000
G01 X156.600000 Y89.368000 Z-0.125000
G01 X156.771000 Y89.018000 Z-0.125000
G01 X157.073000 Y88.792000 Z-0.125000
G01 X157.524000 Y88.670000 Z-0.125000
G01 X157.968000 Y88.552000 Z-0.125000
G01 X158.265000 Y88.337000 Z-0.125000
G01 X158.427000 Y88.009000 Z-0.125000
G01 X158.466000 Y87.555000 Z-0.125000
G01 X158.517000 Y87.014000 Z-0.125000
G01 X158.870000 Y86.722000 Z-0.125000
G01 X159.754000 Y86.602000 Z-0.125000
G01 X161.395000 Y86.579000 Z-0.125000
G01 X163.070000 Y86.600000 Z-0.125000
G01 X163.955000 Y86.727000 Z-0.125000
G01 X164.300000 Y87.051000 Z-0.125000
G01 X164.360000 Y87.664000 Z-0.125000
G01 X164.407000 Y88.199000 Z-0.125000
G01 X164.577000 Y88.532000 Z-0.125000
G01 X164.909000 Y88.701000 Z-0.125000
G01 X165.445000 Y88.749000 Z-0.125000
G01 X166.024000 Y88.800000 Z-0.125000
G01 X166.351000 Y89.026000 Z-0.125000
G01 X166.497000 Y89.533000 Z-0.125000
G01 X166.530000 Y90.432000 Z-0.125000
G01 X166.715000 Y91.789000 Z-0.125000
G01 X167.181000 Y92.655000 Z-0.125000
G01 X167.641000 Y93.212000 Z-0.125000
G01 X167.832000 Y93.793000 Z-0.125000
G01 X168.023000 Y94.216000 Z-0.125000
G01 X168.483000 Y94.391000 Z-0.125000
G01 X168.943000 Y94.216000 Z-0.125000
G01 X169.134000 Y93.793000 Z-0.125000
G01 X169.325000 Y93.212000 Z-0.125000
G01 X169.785000 Y92.655000 Z-0.125000
G01 X170.250000 Y91.796000 Z-0.125000
G01 X170.436000 Y90.462000 Z-0.125000
G01 X170.612000 Y89.110000 Z-0.125000
G01 X170.883000 Y88.811000 Z-0.125000
G01 X171.320000 Y88.670000 Z-0.125000
G01 X171.609000 Y88.577000 Z-0.125000
G01 X171.828000 Y88.250000 Z-0.125000
G01 X172.102000 Y86.014000 Z-0.125000
G01 X172.297000 Y69.000000 Z-0.125000
G01 X172.390000 Y49.468000 Z-0.125000
G01 X179.443000 Y49.349000 Z-0.125000
G01 X186.496000 Y49.230000 Z-0.125000
G01 X186.496000 Y51.728000 Z-0.125000
G01 X186.496000 Y54.226000 Z-0.125000
G01 X185.085000 Y52.774000 Z-0.125000
G01 X184.172000 Y51.640000 Z-0.125000
G01 X184.073000 Y51.300000 Z-0.125000
G01 X184.217000 Y51.119000 Z-0.125000
G01 X184.600000 Y50.794000 Z-0.125000
G01 X184.760000 Y50.300000 Z-0.125000
G01 X184.708000 Y49.883000 Z-0.125000
G01 X184.514000 Y49.719000 Z-0.125000
G01 X183.455000 Y50.120000 Z-0.125000
G01 X182.776000 Y50.338000 Z-0.125000
G01 X182.369000 Y50.114000 Z-0.125000
G01 X182.014000 Y49.834000 Z-0.125000
G01 X181.670000 Y49.956000 Z-0.125000
G01 X181.456000 Y50.367000 Z-0.125000
G01 X181.493000 Y50.952000 Z-0.125000
G01 X181.454000 Y51.427000 Z-0.125000
G01 X181.053000 Y52.065000 Z-0.125000
G01 X179.015000 Y54.012000 Z-0.125000
G01 X176.296000 Y56.315000 Z-0.125000
G01 X176.079000 Y53.360000 Z-0.125000
G01 X175.774000 Y51.155000 Z-0.125000
G01 X175.560000 Y50.508000 Z-0.125000
G01 X175.319000 Y50.227000 Z-0.125000
G01 X175.091000 Y50.190000 Z-0.125000
G01 X174.933000 Y50.485000 Z-0.125000
G01 X174.853000 Y53.480000 Z-0.125000
G01 X175.801000 Y78.920000 Z-0.125000
G01 X176.741000 Y99.241000 Z-0.125000
G01 X177.094000 Y102.616000 Z-0.125000
G01 X177.289000 Y103.298000 Z-0.125000
G01 X177.515000 Y103.574000 Z-0.125000
G01 X178.034000 Y104.112000 Z-0.125000
G01 X178.249000 Y104.831000 Z-0.125000
G01 X178.366000 Y105.294000 Z-0.125000
G01 X178.942000 Y105.549000 Z-0.125000
G01 X182.806000 Y105.677000 Z-0.125000
G01 X185.430000 Y105.660000 Z-0.125000
G01 X186.784000 Y105.544000 Z-0.125000
G01 X187.289000 Y105.232000 Z-0.125000
G01 X187.364000 Y104.628000 Z-0.125000
G01 X187.493000 Y103.845000 Z-0.125000
G01 X187.802000 Y103.433000 Z-0.125000
G01 X188.010000 Y102.720000 Z-0.125000
G01 X188.233000 Y100.842000 Z-0.125000
G01 X188.651000 Y94.391000 Z-0.125000
G01 X189.150000 Y81.655000 Z-0.125000
G01 X189.056000 Y79.763000 Z-0.125000
G01 X188.926000 Y79.425000 Z-0.125000
G01 X188.741000 Y79.298000 Z-0.125000
G01 X188.538000 Y79.308000 Z-0.125000
G01 X188.375000 Y79.466000 Z-0.125000
G01 X188.225000 Y80.141000 Z-0.125000
G01 X188.083000 Y81.405000 Z-0.125000
G01 X187.898000 Y81.715000 Z-0.125000
G01 X187.625000 Y81.809000 Z-0.125000
G01 X186.776000 Y81.352000 Z-0.125000
G01 X185.457000 Y80.029000 Z-0.125000
G01 X183.419000 Y77.763000 Z-0.125000
G01 X184.849000 Y76.282000 Z-0.125000
G01 X186.279000 Y74.802000 Z-0.125000
G01 X186.496000 Y76.676000 Z-0.125000
G01 X186.713000 Y78.550000 Z-0.125000
G01 X194.417000 Y78.669000 Z-0.125000
G01 X202.121000 Y78.787000 Z-0.125000
G01 X202.121000 Y71.615000 Z-0.125000
G01 X202.003000 Y65.747000 Z-0.125000
G01 X201.805000 Y64.708000 Z-0.125000
G01 X201.657000 Y64.502000 Z-0.125000
G01 X201.470000 Y64.444000 Z-0.125000
G01 X201.136000 Y64.688000 Z-0.125000
G01 X200.938000 Y65.637000 Z-0.125000
G01 X200.819000 Y70.954000 Z-0.125000
G01 X200.819000 Y77.465000 Z-0.125000
G01 X194.309000 Y77.465000 Z-0.125000
G01 X187.798000 Y77.465000 Z-0.125000
G01 X187.798000 Y63.359000 Z-0.125000
G01 X187.911000 Y51.712000 Z-0.125000
G01 X188.109000 Y49.734000 Z-0.125000
G01 X188.259000 Y49.356000 Z-0.125000
G01 X188.449000 Y49.252000 Z-0.125000
G01 X188.909000 Y49.380000 Z-0.125000
G01 X189.100000 Y49.686000 Z-0.125000
G01 X189.357000 Y50.024000 Z-0.125000
G01 X189.946000 Y50.108000 Z-0.125000
G01 X190.591000 Y49.954000 Z-0.125000
G01 X191.017000 Y49.578000 Z-0.125000
G01 X191.270000 Y49.252000 Z-0.125000
G01 X191.523000 Y49.578000 Z-0.125000
G01 X191.950000 Y49.954000 Z-0.125000
G01 X192.595000 Y50.108000 Z-0.125000
G01 X193.183000 Y50.024000 Z-0.125000
G01 X193.440000 Y49.686000 Z-0.125000
G01 X193.632000 Y49.380000 Z-0.125000
G01 X194.091000 Y49.252000 Z-0.125000
G01 X194.551000 Y49.380000 Z-0.125000
G01 X194.743000 Y49.686000 Z-0.125000
G01 X194.998000 Y49.993000 Z-0.125000
G01 X195.611000 Y50.120000 Z-0.125000
G01 X196.224000 Y49.993000 Z-0.125000
G01 X196.479000 Y49.686000 Z-0.125000
G01 X196.670000 Y49.380000 Z-0.125000
G01 X197.130000 Y49.252000 Z-0.125000
G01 X197.590000 Y49.380000 Z-0.125000
G01 X197.781000 Y49.686000 Z-0.125000
G01 X198.036000 Y49.993000 Z-0.125000
G01 X198.649000 Y50.120000 Z-0.125000
G01 X199.304000 Y49.930000 Z-0.125000
G01 X199.495000 Y49.493000 Z-0.125000
G01 X199.235000 Y49.011000 Z-0.125000
G01 X198.541000 Y48.687000 Z-0.125000
G01 X197.564000 Y48.494000 Z-0.125000
G01 X198.541000 Y48.172000 Z-0.125000
G01 X199.194000 Y47.782000 Z-0.125000
G01 X199.492000 Y47.275000 Z-0.125000
G01 X199.396000 Y46.835000 Z-0.125000
G01 X198.866000 Y46.648000 Z-0.125000
G01 X198.406000 Y46.457000 Z-0.125000
G01 X198.215000 Y45.997000 Z-0.125000
G01 X198.296000 Y45.712000 Z-0.125000
G01 X198.541000 Y45.509000 Z-0.125000
G01 X199.517000 Y45.346000 Z-0.125000
G01 X200.819000 Y45.346000 Z-0.125000
G01 X200.819000 Y53.412000 Z-0.125000
G01 X200.933000 Y59.754000 Z-0.125000
G01 X201.099000 Y61.005000 Z-0.125000
G01 X201.218000 Y61.256000 Z-0.125000
G01 X201.362000 Y61.298000 Z-0.125000
G01 X201.605000 Y61.007000 Z-0.125000
G01 X201.799000 Y60.318000 Z-0.125000
G01 X202.031000 Y57.790000 Z-0.125000
G01 X202.158000 Y54.461000 Z-0.125000
G01 X204.982000 Y54.461000 Z-0.125000
G01 X207.807000 Y54.461000 Z-0.125000
G01 X207.762000 Y59.995000 Z-0.125000
G01 X207.803000 Y67.453000 Z-0.125000
G01 X207.908000 Y68.013000 Z-0.125000
G01 X208.073000 Y68.275000 Z-0.125000
G01 X208.632000 Y68.350000 Z-0.125000
G01 X209.093000 Y68.431000 Z-0.125000
G01 X209.355000 Y68.784000 Z-0.125000
G01 X209.500000 Y70.954000 Z-0.125000
G01 X209.500000 Y73.558000 Z-0.125000
G01 X212.321000 Y73.558000 Z-0.125000
G01 X215.142000 Y73.558000 Z-0.125000
G01 X215.142000 Y71.171000 Z-0.125000
G01 X215.168000 Y69.846000 Z-0.125000
G01 X215.300000 Y69.131000 Z-0.125000
G01 X215.625000 Y68.840000 Z-0.125000
G01 X216.228000 Y68.784000 Z-0.125000
G01 X217.313000 Y68.784000 Z-0.125000
G01 X217.313000 Y56.848000 Z-0.125000
G01 X217.313000 Y44.912000 Z-0.125000
G01 X218.398000 Y44.912000 Z-0.125000
G01 X219.015000 Y44.973000 Z-0.125000
G01 X219.338000 Y45.346000 Z-0.125000
G01 X219.463000 Y46.316000 Z-0.125000
G01 X219.483000 Y48.167000 Z-0.125000
G01 X219.620000 Y50.907000 Z-0.125000
G01 X219.882000 Y51.331000 Z-0.125000
G01 X220.351000 Y51.423000 Z-0.125000
G01 X221.002000 Y51.640000 Z-0.125000
G01 X221.219000 Y52.291000 Z-0.125000
G01 X221.314000 Y52.762000 Z-0.125000
G01 X221.762000 Y53.023000 Z-0.125000
G01 X224.691000 Y53.159000 Z-0.125000
G01 X226.674000 Y53.139000 Z-0.125000
G01 X227.708000 Y53.016000 Z-0.125000
G01 X228.101000 Y52.693000 Z-0.125000
G01 X228.164000 Y52.074000 Z-0.125000
G01 X228.359000 Y51.233000 Z-0.125000
G01 X228.628000 Y51.046000 Z-0.125000
G01 X229.032000 Y50.988000 Z-0.125000
G01 X229.310000 Y50.960000 Z-0.125000
G01 X229.521000 Y50.819000 Z-0.125000
G01 X229.780000 Y49.849000 Z-0.125000
G01 X229.900000 Y42.742000 Z-0.125000
G01 X229.783000 Y35.999000 Z-0.125000
G01 X229.588000 Y34.801000 Z-0.125000
G01 X229.442000 Y34.563000 Z-0.125000
G01 X229.259000 Y34.495000 Z-0.125000
G01 X229.076000 Y34.561000 Z-0.125000
G01 X228.928000 Y34.791000 Z-0.125000
G01 X228.715000 Y35.928000 Z-0.125000
G01 X228.499000 Y42.199000 Z-0.125000
G01 X228.283000 Y48.491000 Z-0.125000
G01 X228.068000 Y49.615000 Z-0.125000
G01 X227.916000 Y49.839000 Z-0.125000
G01 X227.730000 Y49.903000 Z-0.125000
G01 X227.229000 Y50.190000 Z-0.125000
G01 X226.940000 Y50.880000 Z-0.125000
G01 X226.798000 Y51.396000 Z-0.125000
G01 X226.463000 Y51.691000 Z-0.125000
G01 X225.797000 Y51.825000 Z-0.125000
G01 X224.661000 Y51.857000 Z-0.125000
G01 X222.897000 Y51.704000 Z-0.125000
G01 X222.595000 Y51.441000 Z-0.125000
G01 X222.521000 Y50.988000 Z-0.125000
G01 X222.304000 Y50.337000 Z-0.125000
G01 X221.653000 Y50.120000 Z-0.125000
G01 X221.184000 Y50.029000 Z-0.125000
G01 X220.922000 Y49.605000 Z-0.125000
G01 X220.785000 Y46.865000 Z-0.125000
G01 X220.785000 Y43.610000 Z-0.125000
G01 X217.782000 Y43.610000 Z-0.125000
G01 X215.460000 Y43.687000 Z-0.125000
G01 X214.093000 Y43.873000 Z-0.125000
G01 X213.515000 Y44.219000 Z-0.125000
G01 X213.454000 Y44.556000 Z-0.125000
G01 X213.866000 Y44.811000 Z-0.125000
G01 X214.708000 Y44.912000 Z-0.125000
G01 X216.011000 Y44.912000 Z-0.125000
G01 X216.011000 Y56.197000 Z-0.125000
G01 X216.011000 Y67.482000 Z-0.125000
G01 X214.925000 Y67.482000 Z-0.125000
G01 X214.323000 Y67.537000 Z-0.125000
G01 X213.998000 Y67.829000 Z-0.125000
G01 X213.866000 Y68.544000 Z-0.125000
G01 X213.840000 Y69.869000 Z-0.125000
G01 X213.840000 Y72.256000 Z-0.125000
G01 X212.321000 Y72.256000 Z-0.125000
G01 X210.802000 Y72.256000 Z-0.125000
G01 X210.802000 Y69.682000 Z-0.125000
G01 X210.774000 Y68.289000 Z-0.125000
G01 X210.647000 Y67.496000 Z-0.125000
G01 X210.352000 Y67.117000 Z-0.125000
G01 X209.826000 Y66.969000 Z-0.125000
G01 X208.849000 Y66.831000 Z-0.125000
G01 X208.733000 Y56.088000 Z-0.125000
G01 X208.748000 Y46.755000 Z-0.125000
G01 X208.999000 Y45.539000 Z-0.125000
G01 X209.215000 Y45.374000 Z-0.125000
G01 X209.503000 Y45.346000 Z-0.125000
G01 X209.995000 Y45.253000 Z-0.125000
G01 X210.396000 Y44.952000 Z-0.125000
G01 X210.712000 Y44.411000 Z-0.125000
G01 X210.950000 Y43.599000 Z-0.125000
G01 X211.219000 Y41.030000 Z-0.125000
G01 X211.257000 Y36.991000 Z-0.125000
G01 X211.184000 Y31.022000 Z-0.125000
G01 X224.882000 Y31.022000 Z-0.125000
G01 X234.805000 Y30.911000 Z-0.125000
G01 X237.593000 Y30.783000 Z-0.125000
G01 X238.581000 Y30.617000 Z-0.125000
G01 X235.392000 Y30.440000 Z-0.125000
G01 X226.299000 Y30.284000 Z-0.125000
G01 X193.242000 Y30.075000 Z-0.125000
G01 X153.707000 Y29.843000 Z-0.125000
G01 X148.421000 Y29.569000 Z-0.125000
G01 X147.586000 Y29.353000 Z-0.125000
G01 X147.265000 Y29.069000 Z-0.125000
G01 X146.674000 Y28.440000 Z-0.125000
G01 X146.505000 Y28.571000 Z-0.125000
G01 X146.320000 Y28.992000 Z-0.125000
G01 X146.039000 Y29.403000 Z-0.125000
G01 X145.453000 Y29.629000 Z-0.125000
G01 X142.491000 Y29.687000 Z-0.125000
G01 X80.916000 Y29.942000 Z-0.125000
G01 X22.863300 Y30.293000 Z-0.125000
G01 X22.863300 Y29.138000 Z-0.125000
G01 X22.675500 Y28.312000 Z-0.125000
G01 X22.247600 Y27.989000 Z-0.125000
G01 X21.782400 Y28.197000 Z-0.125000
G01 X21.482800 Y28.960000 Z-0.125000
G01 X21.482600 Y28.961000 Z-0.125000
G00 Z5.000000

(End cutting path id: path806)


(Start cutting path id: path806)
(Change tool to Default tool)

G00 Z5.000000
G00 X11.144000 Y30.588000

G01 Z-0.125000 F100.0(Penetrate)
G01 X11.271500 Y30.895000 Z-0.125000 F400.000000
G01 X11.578100 Y31.022000 Z-0.125000
G01 X11.884600 Y30.895000 Z-0.125000
G01 X12.012100 Y30.588000 Z-0.125000
G01 X11.884600 Y30.282000 Z-0.125000
G01 X11.578100 Y30.154000 Z-0.125000
G01 X11.271500 Y30.282000 Z-0.125000
G01 X11.144000 Y30.588000 Z-0.125000
G01 X11.144000 Y30.588000 Z-0.125000
G00 Z5.000000

(End cutting path id: path806)


(Start cutting path id: path806)
(Change tool to Default tool)

G00 Z5.000000
G00 X25.901300 Y42.741000

G01 Z-0.125000 F100.0(Penetrate)
G01 X25.901300 Y53.158000 Z-0.125000 F400.000000
G01 X31.760800 Y53.158000 Z-0.125000
G01 X36.535300 Y53.038000 Z-0.125000
G01 X37.396600 Y52.840000 Z-0.125000
G01 X37.620400 Y52.507000 Z-0.125000
G01 X37.416900 Y52.177000 Z-0.125000
G01 X36.643800 Y51.978000 Z-0.125000
G01 X32.411900 Y51.856000 Z-0.125000
G01 X27.203400 Y51.856000 Z-0.125000
G01 X27.203400 Y42.090000 Z-0.125000
G01 X27.087700 Y34.061000 Z-0.125000
G01 X26.890100 Y32.670000 Z-0.125000
G01 X26.741000 Y32.400000 Z-0.125000
G01 X26.552400 Y32.325000 Z-0.125000
G01 X26.363400 Y32.404000 Z-0.125000
G01 X26.214100 Y32.691000 Z-0.125000
G01 X26.016600 Y34.169000 Z-0.125000
G01 X25.901300 Y42.741000 Z-0.125000
G01 X25.901300 Y42.741000 Z-0.125000
G00 Z5.000000

(End cutting path id: path806)


(Start cutting path id: path806)
(Change tool to Default tool)

G00 Z5.000000
G00 X39.200000 Y44.779000

G01 Z-0.125000 F100.0(Penetrate)
G01 X39.004000 Y50.549000 Z-0.125000 F400.000000
G01 X38.922500 Y64.031000 Z-0.125000
G01 X39.037300 Y80.527000 Z-0.125000
G01 X39.295700 Y82.756000 Z-0.125000
G01 X39.508800 Y83.107000 Z-0.125000
G01 X39.790600 Y83.233000 Z-0.125000
G01 X40.204100 Y83.416000 Z-0.125000
G01 X40.471600 Y83.737000 Z-0.125000
G01 X40.658600 Y84.973000 Z-0.125000
G01 X40.868000 Y86.061000 Z-0.125000
G01 X41.498500 Y87.807000 Z-0.125000
G01 X44.037500 Y93.310000 Z-0.125000
G01 X47.416400 Y100.132000 Z-0.125000
G01 X50.548500 Y92.813000 Z-0.125000
G01 X52.760400 Y87.294000 Z-0.125000
G01 X53.680200 Y84.301000 Z-0.125000
G01 X53.867300 Y83.365000 Z-0.125000
G01 X54.134800 Y83.166000 Z-0.125000
G01 X54.547900 Y83.107000 Z-0.125000
G01 X54.830600 Y83.058000 Z-0.125000
G01 X55.044200 Y82.768000 Z-0.125000
G01 X55.302500 Y80.611000 Z-0.125000
G01 X55.415900 Y64.009000 Z-0.125000
G01 X55.305000 Y49.795000 Z-0.125000
G01 X55.169000 Y46.146000 Z-0.125000
G01 X54.981900 Y44.912000 Z-0.125000
G01 X54.715200 Y49.837000 Z-0.125000
G01 X54.506700 Y61.020000 Z-0.125000
G01 X54.424000 Y73.074000 Z-0.125000
G01 X54.534600 Y80.611000 Z-0.125000
G01 X54.533300 Y81.287000 Z-0.125000
G01 X54.287900 Y81.648000 Z-0.125000
G01 X53.607700 Y81.798000 Z-0.125000
G01 X52.301900 Y81.843000 Z-0.125000
G01 X45.107500 Y82.062000 Z-0.125000
G01 X40.224600 Y82.244000 Z-0.125000
G01 X40.224600 Y63.603000 Z-0.125000
G01 X40.114900 Y50.371000 Z-0.125000
G01 X39.851100 Y44.732000 Z-0.125000
G01 X39.505800 Y44.651000 Z-0.125000
G01 X39.200000 Y44.779000 Z-0.125000
G01 X39.200000 Y44.779000 Z-0.125000
G00 Z5.000000

(End cutting path id: path806)


(Start cutting path id: path806)
(Change tool to Default tool)

G00 Z5.000000
G00 X40.658600 Y45.997000

G01 Z-0.125000 F100.0(Penetrate)
G01 X40.832200 Y46.793000 Z-0.125000 F400.000000
G01 X41.037100 Y47.007000 Z-0.125000
G01 X41.309700 Y47.082000 Z-0.125000
G01 X41.582300 Y47.007000 Z-0.125000
G01 X41.787100 Y46.793000 Z-0.125000
G01 X41.960700 Y45.997000 Z-0.125000
G01 X41.787100 Y45.201000 Z-0.125000
G01 X41.582300 Y44.986000 Z-0.125000
G01 X41.309700 Y44.912000 Z-0.125000
G01 X41.037100 Y44.986000 Z-0.125000
G01 X40.832200 Y45.201000 Z-0.125000
G01 X40.658600 Y45.997000 Z-0.125000
G01 X40.658600 Y45.997000 Z-0.125000
G00 Z5.000000

(End cutting path id: path806)


(Start cutting path id: path806)
(Change tool to Default tool)

G00 Z5.000000
G00 X42.394800 Y45.997000

G01 Z-0.125000 F100.0(Penetrate)
G01 X42.568400 Y46.793000 Z-0.125000 F400.000000
G01 X42.773200 Y47.007000 Z-0.125000
G01 X43.045800 Y47.082000 Z-0.125000
G01 X43.318500 Y47.007000 Z-0.125000
G01 X43.523300 Y46.793000 Z-0.125000
G01 X43.696900 Y45.997000 Z-0.125000
G01 X43.523300 Y45.201000 Z-0.125000
G01 X43.318500 Y44.986000 Z-0.125000
G01 X43.045800 Y44.912000 Z-0.125000
G01 X42.773200 Y44.986000 Z-0.125000
G01 X42.568400 Y45.201000 Z-0.125000
G01 X42.394800 Y45.997000 Z-0.125000
G01 X42.394800 Y45.997000 Z-0.125000
G00 Z5.000000

(End cutting path id: path806)


(Start cutting path id: path806)
(Change tool to Default tool)

G00 Z5.000000
G00 X44.130900 Y45.997000

G01 Z-0.125000 F100.0(Penetrate)
G01 X44.304600 Y46.793000 Z-0.125000 F400.000000
G01 X44.509400 Y47.007000 Z-0.125000
G01 X44.782000 Y47.082000 Z-0.125000
G01 X45.054600 Y47.007000 Z-0.125000
G01 X45.259400 Y46.793000 Z-0.125000
G01 X45.433100 Y45.997000 Z-0.125000
G01 X45.259400 Y45.201000 Z-0.125000
G01 X45.054600 Y44.986000 Z-0.125000
G01 X44.782000 Y44.912000 Z-0.125000
G01 X44.509400 Y44.986000 Z-0.125000
G01 X44.304600 Y45.201000 Z-0.125000
G01 X44.130900 Y45.997000 Z-0.125000
G01 X44.130900 Y45.997000 Z-0.125000
G00 Z5.000000

(End cutting path id: path806)


(Start cutting path id: path806)
(Change tool to Default tool)

G00 Z5.000000
G00 X45.867100 Y45.997000

G01 Z-0.125000 F100.0(Penetrate)
G01 X46.040700 Y46.793000 Z-0.125000 F400.000000
G01 X46.245500 Y47.007000 Z-0.125000
G01 X46.518200 Y47.082000 Z-0.125000
G01 X46.790800 Y47.007000 Z-0.125000
G01 X46.995600 Y46.793000 Z-0.125000
G01 X47.169200 Y45.997000 Z-0.125000
G01 X46.995600 Y45.201000 Z-0.125000
G01 X46.790800 Y44.986000 Z-0.125000
G01 X46.518200 Y44.912000 Z-0.125000
G01 X46.245500 Y44.986000 Z-0.125000
G01 X46.040700 Y45.201000 Z-0.125000
G01 X45.867100 Y45.997000 Z-0.125000
G01 X45.867100 Y45.997000 Z-0.125000
G00 Z5.000000

(End cutting path id: path806)


(Start cutting path id: path806)
(Change tool to Default tool)

G00 Z5.000000
G00 X45.867100 Y49.071000

G01 Z-0.125000 F100.0(Penetrate)
G01 X46.029600 Y49.812000 Z-0.125000 F400.000000
G01 X46.402300 Y50.013000 Z-0.125000
G01 X46.813400 Y49.698000 Z-0.125000
G01 X47.090900 Y48.893000 Z-0.125000
G01 X47.023800 Y48.187000 Z-0.125000
G01 X46.836900 Y48.009000 Z-0.125000
G01 X46.548300 Y47.950000 Z-0.125000
G01 X46.254900 Y48.023000 Z-0.125000
G01 X46.041500 Y48.237000 Z-0.125000
G01 X45.867100 Y49.071000 Z-0.125000
G01 X45.867100 Y49.071000 Z-0.125000
G00 Z5.000000

(End cutting path id: path806)


(Start cutting path id: path806)
(Change tool to Default tool)

G00 Z5.000000
G00 X47.603200 Y49.071000

G01 Z-0.125000 F100.0(Penetrate)
G01 X47.765700 Y49.812000 Z-0.125000 F400.000000
G01 X48.138500 Y50.013000 Z-0.125000
G01 X48.549600 Y49.698000 Z-0.125000
G01 X48.827000 Y48.893000 Z-0.125000
G01 X48.760000 Y48.187000 Z-0.125000
G01 X48.573100 Y48.009000 Z-0.125000
G01 X48.284500 Y47.950000 Z-0.125000
G01 X47.991100 Y48.023000 Z-0.125000
G01 X47.777700 Y48.237000 Z-0.125000
G01 X47.603200 Y49.071000 Z-0.125000
G01 X47.603200 Y49.071000 Z-0.125000
G00 Z5.000000

(End cutting path id: path806)


(Start cutting path id: path806)
(Change tool to Default tool)

G00 Z5.000000
G00 X49.339400 Y49.071000

G01 Z-0.125000 F100.0(Penetrate)
G01 X49.501900 Y49.812000 Z-0.125000 F400.000000
G01 X49.874600 Y50.013000 Z-0.125000
G01 X50.285700 Y49.698000 Z-0.125000
G01 X50.563200 Y48.893000 Z-0.125000
G01 X50.496100 Y48.187000 Z-0.125000
G01 X50.309300 Y48.009000 Z-0.125000
G01 X50.020600 Y47.950000 Z-0.125000
G01 X49.727200 Y48.023000 Z-0.125000
G01 X49.513800 Y48.237000 Z-0.125000
G01 X49.339400 Y49.071000 Z-0.125000
G01 X49.339400 Y49.071000 Z-0.125000
G00 Z5.000000

(End cutting path id: path806)


(Start cutting path id: path806)
(Change tool to Default tool)

G00 Z5.000000
G00 X49.339400 Y51.639000

G01 Z-0.125000 F100.0(Penetrate)
G01 X49.513000 Y52.435000 Z-0.125000 F400.000000
G01 X49.717800 Y52.650000 Z-0.125000
G01 X49.990500 Y52.724000 Z-0.125000
G01 X50.263100 Y52.650000 Z-0.125000
G01 X50.467900 Y52.435000 Z-0.125000
G01 X50.641500 Y51.639000 Z-0.125000
G01 X50.467900 Y50.844000 Z-0.125000
G01 X50.263100 Y50.629000 Z-0.125000
G01 X49.990500 Y50.554000 Z-0.125000
G01 X49.717800 Y50.629000 Z-0.125000
G01 X49.513000 Y50.844000 Z-0.125000
G01 X49.339400 Y51.639000 Z-0.125000
G01 X49.339400 Y51.639000 Z-0.125000
G00 Z5.000000

(End cutting path id: path806)


(Start cutting path id: path806)
(Change tool to Default tool)

G00 Z5.000000
G00 X49.339400 Y54.714000

G01 Z-0.125000 F100.0(Penetrate)
G01 X49.501900 Y55.455000 Z-0.125000 F400.000000
G01 X49.874600 Y55.655000 Z-0.125000
G01 X50.285700 Y55.340000 Z-0.125000
G01 X50.563200 Y54.535000 Z-0.125000
G01 X50.496100 Y53.829000 Z-0.125000
G01 X50.309300 Y53.652000 Z-0.125000
G01 X50.020600 Y53.592000 Z-0.125000
G01 X49.727200 Y53.665000 Z-0.125000
G01 X49.513800 Y53.880000 Z-0.125000
G01 X49.339400 Y54.714000 Z-0.125000
G01 X49.339400 Y54.714000 Z-0.125000
G00 Z5.000000

(End cutting path id: path806)


(Start cutting path id: path806)
(Change tool to Default tool)

G00 Z5.000000
G00 X47.603200 Y54.714000

G01 Z-0.125000 F100.0(Penetrate)
G01 X47.765700 Y55.455000 Z-0.125000 F400.000000
G01 X48.138500 Y55.655000 Z-0.125000
G01 X48.549600 Y55.340000 Z-0.125000
G01 X48.827000 Y54.535000 Z-0.125000
G01 X48.760000 Y53.829000 Z-0.125000
G01 X48.573100 Y53.652000 Z-0.125000
G01 X48.284500 Y53.592000 Z-0.125000
G01 X47.991100 Y53.665000 Z-0.125000
G01 X47.777700 Y53.880000 Z-0.125000
G01 X47.603200 Y54.714000 Z-0.125000
G01 X47.603200 Y54.714000 Z-0.125000
G00 Z5.000000

(End cutting path id: path806)


(Start cutting path id: path806)
(Change tool to Default tool)

G00 Z5.000000
G00 X45.867100 Y54.714000

G01 Z-0.125000 F100.0(Penetrate)
G01 X46.029600 Y55.455000 Z-0.125000 F400.000000
G01 X46.402300 Y55.655000 Z-0.125000
G01 X46.813400 Y55.340000 Z-0.125000
G01 X47.090900 Y54.535000 Z-0.125000
G01 X47.023800 Y53.829000 Z-0.125000
G01 X46.836900 Y53.652000 Z-0.125000
G01 X46.548300 Y53.592000 Z-0.125000
G01 X46.254900 Y53.665000 Z-0.125000
G01 X46.041500 Y53.880000 Z-0.125000
G01 X45.867100 Y54.714000 Z-0.125000
G01 X45.867100 Y54.714000 Z-0.125000
G00 Z5.000000

(End cutting path id: path806)


(Start cutting path id: path806)
(Change tool to Default tool)

G00 Z5.000000
G00 X44.130900 Y54.714000

G01 Z-0.125000 F100.0(Penetrate)
G01 X44.293400 Y55.455000 Z-0.125000 F400.000000
G01 X44.666200 Y55.655000 Z-0.125000
G01 X45.077300 Y55.340000 Z-0.125000
G01 X45.354700 Y54.535000 Z-0.125000
G01 X45.287700 Y53.829000 Z-0.125000
G01 X45.100800 Y53.652000 Z-0.125000
G01 X44.812200 Y53.592000 Z-0.125000
G01 X44.518800 Y53.665000 Z-0.125000
G01 X44.305400 Y53.880000 Z-0.125000
G01 X44.130900 Y54.714000 Z-0.125000
G01 X44.130900 Y54.714000 Z-0.125000
G00 Z5.000000

(End cutting path id: path806)


(Start cutting path id: path806)
(Change tool to Default tool)

G00 Z5.000000
G00 X42.394800 Y54.714000

G01 Z-0.125000 F100.0(Penetrate)
G01 X42.557300 Y55.455000 Z-0.125000 F400.000000
G01 X42.930000 Y55.655000 Z-0.125000
G01 X43.341100 Y55.340000 Z-0.125000
G01 X43.618600 Y54.535000 Z-0.125000
G01 X43.551500 Y53.829000 Z-0.125000
G01 X43.364600 Y53.652000 Z-0.125000
G01 X43.076000 Y53.592000 Z-0.125000
G01 X42.782600 Y53.665000 Z-0.125000
G01 X42.569200 Y53.880000 Z-0.125000
G01 X42.394800 Y54.714000 Z-0.125000
G01 X42.394800 Y54.714000 Z-0.125000
G00 Z5.000000

(End cutting path id: path806)


(Start cutting path id: path806)
(Change tool to Default tool)

G00 Z5.000000
G00 X40.658600 Y54.714000

G01 Z-0.125000 F100.0(Penetrate)
G01 X40.821100 Y55.455000 Z-0.125000 F400.000000
G01 X41.193900 Y55.655000 Z-0.125000
G01 X41.605000 Y55.340000 Z-0.125000
G01 X41.882400 Y54.535000 Z-0.125000
G01 X41.815400 Y53.829000 Z-0.125000
G01 X41.628500 Y53.652000 Z-0.125000
G01 X41.339900 Y53.592000 Z-0.125000
G01 X41.046500 Y53.665000 Z-0.125000
G01 X40.833100 Y53.880000 Z-0.125000
G01 X40.658600 Y54.714000 Z-0.125000
G01 X40.658600 Y54.714000 Z-0.125000
G00 Z5.000000

(End cutting path id: path806)


(Start cutting path id: path806)
(Change tool to Default tool)

G00 Z5.000000
G00 X40.658600 Y57.282000

G01 Z-0.125000 F100.0(Penetrate)
G01 X40.832200 Y58.078000 Z-0.125000 F400.000000
G01 X41.037100 Y58.292000 Z-0.125000
G01 X41.309700 Y58.367000 Z-0.125000
G01 X41.582300 Y58.292000 Z-0.125000
G01 X41.787100 Y58.078000 Z-0.125000
G01 X41.960700 Y57.282000 Z-0.125000
G01 X41.787100 Y56.486000 Z-0.125000
G01 X41.582300 Y56.271000 Z-0.125000
G01 X41.309700 Y56.197000 Z-0.125000
G01 X41.037100 Y56.271000 Z-0.125000
G01 X40.832200 Y56.486000 Z-0.125000
G01 X40.658600 Y57.282000 Z-0.125000
G01 X40.658600 Y57.282000 Z-0.125000
G00 Z5.000000

(End cutting path id: path806)


(Start cutting path id: path806)
(Change tool to Default tool)

G00 Z5.000000
G00 X42.394800 Y57.282000

G01 Z-0.125000 F100.0(Penetrate)
G01 X42.568400 Y58.078000 Z-0.125000 F400.000000
G01 X42.773200 Y58.292000 Z-0.125000
G01 X43.045800 Y58.367000 Z-0.125000
G01 X43.318500 Y58.292000 Z-0.125000
G01 X43.523300 Y58.078000 Z-0.125000
G01 X43.696900 Y57.282000 Z-0.125000
G01 X43.523300 Y56.486000 Z-0.125000
G01 X43.318500 Y56.271000 Z-0.125000
G01 X43.045800 Y56.197000 Z-0.125000
G01 X42.773200 Y56.271000 Z-0.125000
G01 X42.568400 Y56.486000 Z-0.125000
G01 X42.394800 Y57.282000 Z-0.125000
G01 X42.394800 Y57.282000 Z-0.125000
G00 Z5.000000

(End cutting path id: path806)


(Start cutting path id: path806)
(Change tool to Default tool)

G00 Z5.000000
G00 X44.130900 Y57.282000

G01 Z-0.125000 F100.0(Penetrate)
G01 X44.304600 Y58.078000 Z-0.125000 F400.000000
G01 X44.509400 Y58.292000 Z-0.125000
G01 X44.782000 Y58.367000 Z-0.125000
G01 X45.054600 Y58.292000 Z-0.125000
G01 X45.259400 Y58.078000 Z-0.125000
G01 X45.433100 Y57.282000 Z-0.125000
G01 X45.259400 Y56.486000 Z-0.125000
G01 X45.054600 Y56.271000 Z-0.125000
G01 X44.782000 Y56.197000 Z-0.125000
G01 X44.509400 Y56.271000 Z-0.125000
G01 X44.304600 Y56.486000 Z-0.125000
G01 X44.130900 Y57.282000 Z-0.125000
G01 X44.130900 Y57.282000 Z-0.125000
G00 Z5.000000

(End cutting path id: path806)


(Start cutting path id: path806)
(Change tool to Default tool)

G00 Z5.000000
G00 X45.867100 Y57.282000

G01 Z-0.125000 F100.0(Penetrate)
G01 X46.040700 Y58.078000 Z-0.125000 F400.000000
G01 X46.245500 Y58.292000 Z-0.125000
G01 X46.518200 Y58.367000 Z-0.125000
G01 X46.790800 Y58.292000 Z-0.125000
G01 X46.995600 Y58.078000 Z-0.125000
G01 X47.169200 Y57.282000 Z-0.125000
G01 X46.995600 Y56.486000 Z-0.125000
G01 X46.790800 Y56.271000 Z-0.125000
G01 X46.518200 Y56.197000 Z-0.125000
G01 X46.245500 Y56.271000 Z-0.125000
G01 X46.040700 Y56.486000 Z-0.125000
G01 X45.867100 Y57.282000 Z-0.125000
G01 X45.867100 Y57.282000 Z-0.125000
G00 Z5.000000

(End cutting path id: path806)


(Start cutting path id: path806)
(Change tool to Default tool)

G00 Z5.000000
G00 X47.603200 Y57.282000

G01 Z-0.125000 F100.0(Penetrate)
G01 X47.776900 Y58.078000 Z-0.125000 F400.000000
G01 X47.981700 Y58.292000 Z-0.125000
G01 X48.254300 Y58.367000 Z-0.125000
G01 X48.526900 Y58.292000 Z-0.125000
G01 X48.731800 Y58.078000 Z-0.125000
G01 X48.905400 Y57.282000 Z-0.125000
G01 X48.731800 Y56.486000 Z-0.125000
G01 X48.526900 Y56.271000 Z-0.125000
G01 X48.254300 Y56.197000 Z-0.125000
G01 X47.981700 Y56.271000 Z-0.125000
G01 X47.776900 Y56.486000 Z-0.125000
G01 X47.603200 Y57.282000 Z-0.125000
G01 X47.603200 Y57.282000 Z-0.125000
G00 Z5.000000

(End cutting path id: path806)


(Start cutting path id: path806)
(Change tool to Default tool)

G00 Z5.000000
G00 X47.899100 Y59.084000

G01 Z-0.125000 F100.0(Penetrate)
G01 X47.667300 Y59.561000 Z-0.125000 F400.000000
G01 X47.612800 Y60.190000 Z-0.125000
G01 X47.724400 Y60.737000 Z-0.125000
G01 X47.990900 Y60.971000 Z-0.125000
G01 X48.330200 Y60.800000 Z-0.125000
G01 X48.601800 Y60.389000 Z-0.125000
G01 X48.664000 Y59.832000 Z-0.125000
G01 X48.508100 Y59.317000 Z-0.125000
G01 X48.223400 Y59.013000 Z-0.125000
G01 X47.899100 Y59.084000 Z-0.125000
G01 X47.899100 Y59.084000 Z-0.125000
G00 Z5.000000

(End cutting path id: path806)


(Start cutting path id: path806)
(Change tool to Default tool)

G00 Z5.000000
G00 X49.628800 Y59.090000

G01 Z-0.125000 F100.0(Penetrate)
G01 X49.393200 Y59.574000 Z-0.125000 F400.000000
G01 X49.350400 Y60.199000 Z-0.125000
G01 X49.483000 Y60.740000 Z-0.125000
G01 X49.773400 Y60.971000 Z-0.125000
G01 X50.080000 Y60.652000 Z-0.125000
G01 X50.207500 Y59.886000 Z-0.125000
G01 X50.097500 Y58.882000 Z-0.125000
G01 X49.921000 Y58.853000 Z-0.125000
G01 X49.628800 Y59.090000 Z-0.125000
G01 X49.628800 Y59.090000 Z-0.125000
G00 Z5.000000

(End cutting path id: path806)


(Start cutting path id: path806)
(Change tool to Default tool)

G00 Z5.000000
G00 X51.075600 Y59.886000

G01 Z-0.125000 F100.0(Penetrate)
G01 X51.203100 Y60.652000 Z-0.125000 F400.000000
G01 X51.509600 Y60.971000 Z-0.125000
G01 X51.816100 Y60.652000 Z-0.125000
G01 X51.943600 Y59.886000 Z-0.125000
G01 X51.816100 Y59.119000 Z-0.125000
G01 X51.509600 Y58.801000 Z-0.125000
G01 X51.203100 Y59.119000 Z-0.125000
G01 X51.075600 Y59.886000 Z-0.125000
G01 X51.075600 Y59.886000 Z-0.125000
G00 Z5.000000

(End cutting path id: path806)


(Start cutting path id: path806)
(Change tool to Default tool)

G00 Z5.000000
G00 X51.075600 Y57.282000

G01 Z-0.125000 F100.0(Penetrate)
G01 X51.249200 Y58.078000 Z-0.125000 F400.000000
G01 X51.454000 Y58.292000 Z-0.125000
G01 X51.726600 Y58.367000 Z-0.125000
G01 X51.999200 Y58.292000 Z-0.125000
G01 X52.204100 Y58.078000 Z-0.125000
G01 X52.377700 Y57.282000 Z-0.125000
G01 X52.204100 Y56.486000 Z-0.125000
G01 X51.999200 Y56.271000 Z-0.125000
G01 X51.726600 Y56.197000 Z-0.125000
G01 X51.454000 Y56.271000 Z-0.125000
G01 X51.249200 Y56.486000 Z-0.125000
G01 X51.075600 Y57.282000 Z-0.125000
G01 X51.075600 Y57.282000 Z-0.125000
G00 Z5.000000

(End cutting path id: path806)


(Start cutting path id: path806)
(Change tool to Default tool)

G00 Z5.000000
G00 X52.811700 Y54.714000

G01 Z-0.125000 F100.0(Penetrate)
G01 X52.953000 Y55.476000 Z-0.125000 F400.000000
G01 X53.113700 Y55.653000 Z-0.125000
G01 X53.320100 Y55.666000 Z-0.125000
G01 X53.732700 Y55.241000 Z-0.125000
G01 X53.889200 Y54.540000 Z-0.125000
G01 X53.778600 Y53.883000 Z-0.125000
G01 X53.619800 Y53.672000 Z-0.125000
G01 X53.390200 Y53.592000 Z-0.125000
G01 X53.159400 Y53.677000 Z-0.125000
G01 X52.976200 Y53.911000 Z-0.125000
G01 X52.811700 Y54.714000 Z-0.125000
G01 X52.811700 Y54.714000 Z-0.125000
G00 Z5.000000

(End cutting path id: path806)


(Start cutting path id: path806)
(Change tool to Default tool)

G00 Z5.000000
G00 X52.811700 Y49.035000

G01 Z-0.125000 F100.0(Penetrate)
G01 X52.911000 Y49.703000 Z-0.125000 F400.000000
G01 X53.164900 Y50.069000 Z-0.125000
G01 X53.507400 Y50.091000 Z-0.125000
G01 X53.872600 Y49.725000 Z-0.125000
G01 X53.970900 Y49.234000 Z-0.125000
G01 X53.843400 Y48.647000 Z-0.125000
G01 X53.562200 Y48.156000 Z-0.125000
G01 X53.199300 Y47.950000 Z-0.125000
G01 X52.925600 Y48.269000 Z-0.125000
G01 X52.811700 Y49.035000 Z-0.125000
G01 X52.811700 Y49.035000 Z-0.125000
G00 Z5.000000

(End cutting path id: path806)


(Start cutting path id: path806)
(Change tool to Default tool)

G00 Z5.000000
G00 X51.075600 Y45.961000

G01 Z-0.125000 F100.0(Penetrate)
G01 X51.250000 Y46.795000 Z-0.125000 F400.000000
G01 X51.463400 Y47.009000 Z-0.125000
G01 X51.756800 Y47.082000 Z-0.125000
G01 X52.045400 Y47.023000 Z-0.125000
G01 X52.232300 Y46.845000 Z-0.125000
G01 X52.299400 Y46.139000 Z-0.125000
G01 X52.021900 Y45.334000 Z-0.125000
G01 X51.610800 Y45.019000 Z-0.125000
G01 X51.238000 Y45.220000 Z-0.125000
G01 X51.075600 Y45.961000 Z-0.125000
G01 X51.075600 Y45.961000 Z-0.125000
G00 Z5.000000

(End cutting path id: path806)


(Start cutting path id: path806)
(Change tool to Default tool)

G00 Z5.000000
G00 X49.339400 Y45.997000

G01 Z-0.125000 F100.0(Penetrate)
G01 X49.513000 Y46.793000 Z-0.125000 F400.000000
G01 X49.717800 Y47.007000 Z-0.125000
G01 X49.990500 Y47.082000 Z-0.125000
G01 X50.263100 Y47.007000 Z-0.125000
G01 X50.467900 Y46.793000 Z-0.125000
G01 X50.641500 Y45.997000 Z-0.125000
G01 X50.467900 Y45.201000 Z-0.125000
G01 X50.263100 Y44.986000 Z-0.125000
G01 X49.990500 Y44.912000 Z-0.125000
G01 X49.717800 Y44.986000 Z-0.125000
G01 X49.513000 Y45.201000 Z-0.125000
G01 X49.339400 Y45.997000 Z-0.125000
G01 X49.339400 Y45.997000 Z-0.125000
G00 Z5.000000

(End cutting path id: path806)


(Start cutting path id: path806)
(Change tool to Default tool)

G00 Z5.000000
G00 X44.130900 Y49.071000

G01 Z-0.125000 F100.0(Penetrate)
G01 X44.293400 Y49.812000 Z-0.125000 F400.000000
G01 X44.666200 Y50.013000 Z-0.125000
G01 X45.077300 Y49.698000 Z-0.125000
G01 X45.354700 Y48.893000 Z-0.125000
G01 X45.287700 Y48.187000 Z-0.125000
G01 X45.100800 Y48.009000 Z-0.125000
G01 X44.812200 Y47.950000 Z-0.125000
G01 X44.518800 Y48.023000 Z-0.125000
G01 X44.305400 Y48.237000 Z-0.125000
G01 X44.130900 Y49.071000 Z-0.125000
G01 X44.130900 Y49.071000 Z-0.125000
G00 Z5.000000

(End cutting path id: path806)


(Start cutting path id: path806)
(Change tool to Default tool)

G00 Z5.000000
G00 X42.394800 Y49.071000

G01 Z-0.125000 F100.0(Penetrate)
G01 X42.557300 Y49.812000 Z-0.125000 F400.000000
G01 X42.930000 Y50.013000 Z-0.125000
G01 X43.341100 Y49.698000 Z-0.125000
G01 X43.618600 Y48.893000 Z-0.125000
G01 X43.551500 Y48.187000 Z-0.125000
G01 X43.364600 Y48.009000 Z-0.125000
G01 X43.076000 Y47.950000 Z-0.125000
G01 X42.782600 Y48.023000 Z-0.125000
G01 X42.569200 Y48.237000 Z-0.125000
G01 X42.394800 Y49.071000 Z-0.125000
G01 X42.394800 Y49.071000 Z-0.125000
G00 Z5.000000

(End cutting path id: path806)


(Start cutting path id: path806)
(Change tool to Default tool)

G00 Z5.000000
G00 X40.658600 Y49.035000

G01 Z-0.125000 F100.0(Penetrate)
G01 X40.832200 Y49.831000 Z-0.125000 F400.000000
G01 X41.037100 Y50.046000 Z-0.125000
G01 X41.309700 Y50.120000 Z-0.125000
G01 X41.582300 Y50.046000 Z-0.125000
G01 X41.787100 Y49.831000 Z-0.125000
G01 X41.960700 Y49.035000 Z-0.125000
G01 X41.787100 Y48.239000 Z-0.125000
G01 X41.582300 Y48.025000 Z-0.125000
G01 X41.309700 Y47.950000 Z-0.125000
G01 X41.037100 Y48.025000 Z-0.125000
G01 X40.832200 Y48.239000 Z-0.125000
G01 X40.658600 Y49.035000 Z-0.125000
G01 X40.658600 Y49.035000 Z-0.125000
G00 Z5.000000

(End cutting path id: path806)


(Start cutting path id: path806)
(Change tool to Default tool)

G00 Z5.000000
G00 X40.658600 Y51.639000

G01 Z-0.125000 F100.0(Penetrate)
G01 X40.832200 Y52.435000 Z-0.125000 F400.000000
G01 X41.037100 Y52.650000 Z-0.125000
G01 X41.309700 Y52.724000 Z-0.125000
G01 X41.582300 Y52.650000 Z-0.125000
G01 X41.787100 Y52.435000 Z-0.125000
G01 X41.960700 Y51.639000 Z-0.125000
G01 X41.787100 Y50.844000 Z-0.125000
G01 X41.582300 Y50.629000 Z-0.125000
G01 X41.309700 Y50.554000 Z-0.125000
G01 X41.037100 Y50.629000 Z-0.125000
G01 X40.832200 Y50.844000 Z-0.125000
G01 X40.658600 Y51.639000 Z-0.125000
G01 X40.658600 Y51.639000 Z-0.125000
G00 Z5.000000

(End cutting path id: path806)


(Start cutting path id: path806)
(Change tool to Default tool)

G00 Z5.000000
G00 X42.394800 Y51.639000

G01 Z-0.125000 F100.0(Penetrate)
G01 X42.568400 Y52.435000 Z-0.125000 F400.000000
G01 X42.773200 Y52.650000 Z-0.125000
G01 X43.045800 Y52.724000 Z-0.125000
G01 X43.318500 Y52.650000 Z-0.125000
G01 X43.523300 Y52.435000 Z-0.125000
G01 X43.696900 Y51.639000 Z-0.125000
G01 X43.523300 Y50.844000 Z-0.125000
G01 X43.318500 Y50.629000 Z-0.125000
G01 X43.045800 Y50.554000 Z-0.125000
G01 X42.773200 Y50.629000 Z-0.125000
G01 X42.568400 Y50.844000 Z-0.125000
G01 X42.394800 Y51.639000 Z-0.125000
G01 X42.394800 Y51.639000 Z-0.125000
G00 Z5.000000

(End cutting path id: path806)


(Start cutting path id: path806)
(Change tool to Default tool)

G00 Z5.000000
G00 X44.130900 Y51.639000

G01 Z-0.125000 F100.0(Penetrate)
G01 X44.304600 Y52.435000 Z-0.125000 F400.000000
G01 X44.509400 Y52.650000 Z-0.125000
G01 X44.782000 Y52.724000 Z-0.125000
G01 X45.054600 Y52.650000 Z-0.125000
G01 X45.259400 Y52.435000 Z-0.125000
G01 X45.433100 Y51.639000 Z-0.125000
G01 X45.259400 Y50.844000 Z-0.125000
G01 X45.054600 Y50.629000 Z-0.125000
G01 X44.782000 Y50.554000 Z-0.125000
G01 X44.509400 Y50.629000 Z-0.125000
G01 X44.304600 Y50.844000 Z-0.125000
G01 X44.130900 Y51.639000 Z-0.125000
G01 X44.130900 Y51.639000 Z-0.125000
G00 Z5.000000

(End cutting path id: path806)


(Start cutting path id: path806)
(Change tool to Default tool)

G00 Z5.000000
G00 X45.867100 Y51.639000

G01 Z-0.125000 F100.0(Penetrate)
G01 X46.040700 Y52.435000 Z-0.125000 F400.000000
G01 X46.245500 Y52.650000 Z-0.125000
G01 X46.518200 Y52.724000 Z-0.125000
G01 X46.790800 Y52.650000 Z-0.125000
G01 X46.995600 Y52.435000 Z-0.125000
G01 X47.169200 Y51.639000 Z-0.125000
G01 X46.995600 Y50.844000 Z-0.125000
G01 X46.790800 Y50.629000 Z-0.125000
G01 X46.518200 Y50.554000 Z-0.125000
G01 X46.245500 Y50.629000 Z-0.125000
G01 X46.040700 Y50.844000 Z-0.125000
G01 X45.867100 Y51.639000 Z-0.125000
G01 X45.867100 Y51.639000 Z-0.125000
G00 Z5.000000

(End cutting path id: path806)


(Start cutting path id: path806)
(Change tool to Default tool)

G00 Z5.000000
G00 X44.408500 Y59.102000

G01 Z-0.125000 F100.0(Penetrate)
G01 X44.150000 Y59.621000 Z-0.125000 F400.000000
G01 X44.152600 Y60.238000 Z-0.125000
G01 X44.376600 Y60.755000 Z-0.125000
G01 X44.782000 Y60.971000 Z-0.125000
G01 X45.241800 Y60.724000 Z-0.125000
G01 X45.433100 Y60.129000 Z-0.125000
G01 X45.336600 Y59.523000 Z-0.125000
G01 X45.090500 Y59.106000 Z-0.125000
G01 X44.759500 Y58.944000 Z-0.125000
G01 X44.408500 Y59.102000 Z-0.125000
G01 X44.408500 Y59.102000 Z-0.125000
G00 Z5.000000

(End cutting path id: path806)


(Start cutting path id: path806)
(Change tool to Default tool)

G00 Z5.000000
G00 X45.867100 Y59.850000

G01 Z-0.125000 F100.0(Penetrate)
G01 X46.041500 Y60.684000 Z-0.125000 F400.000000
G01 X46.254900 Y60.899000 Z-0.125000
G01 X46.548300 Y60.971000 Z-0.125000
G01 X46.836900 Y60.912000 Z-0.125000
G01 X47.023800 Y60.735000 Z-0.125000
G01 X47.090900 Y60.029000 Z-0.125000
G01 X46.813400 Y59.223000 Z-0.125000
G01 X46.402300 Y58.908000 Z-0.125000
G01 X46.029600 Y59.109000 Z-0.125000
G01 X45.867100 Y59.850000 Z-0.125000
G01 X45.867100 Y59.850000 Z-0.125000
G00 Z5.000000

(End cutting path id: path806)


(Start cutting path id: path806)
(Change tool to Default tool)

G00 Z5.000000
G00 X45.867100 Y62.960000

G01 Z-0.125000 F100.0(Penetrate)
G01 X46.029600 Y63.702000 Z-0.125000 F400.000000
G01 X46.402300 Y63.902000 Z-0.125000
G01 X46.813400 Y63.587000 Z-0.125000
G01 X47.090900 Y62.782000 Z-0.125000
G01 X47.023800 Y62.076000 Z-0.125000
G01 X46.836900 Y61.898000 Z-0.125000
G01 X46.548300 Y61.839000 Z-0.125000
G01 X46.254900 Y61.912000 Z-0.125000
G01 X46.041500 Y62.126000 Z-0.125000
G01 X45.867100 Y62.960000 Z-0.125000
G01 X45.867100 Y62.960000 Z-0.125000
G00 Z5.000000

(End cutting path id: path806)


(Start cutting path id: path806)
(Change tool to Default tool)

G00 Z5.000000
G00 X44.130900 Y62.960000

G01 Z-0.125000 F100.0(Penetrate)
G01 X44.293400 Y63.702000 Z-0.125000 F400.000000
G01 X44.666200 Y63.902000 Z-0.125000
G01 X45.077300 Y63.587000 Z-0.125000
G01 X45.354700 Y62.782000 Z-0.125000
G01 X45.287700 Y62.076000 Z-0.125000
G01 X45.100800 Y61.898000 Z-0.125000
G01 X44.812200 Y61.839000 Z-0.125000
G01 X44.518800 Y61.912000 Z-0.125000
G01 X44.305400 Y62.126000 Z-0.125000
G01 X44.130900 Y62.960000 Z-0.125000
G01 X44.130900 Y62.960000 Z-0.125000
G00 Z5.000000

(End cutting path id: path806)


(Start cutting path id: path806)
(Change tool to Default tool)

G00 Z5.000000
G00 X42.394800 Y62.960000

G01 Z-0.125000 F100.0(Penetrate)
G01 X42.557300 Y63.702000 Z-0.125000 F400.000000
G01 X42.930000 Y63.902000 Z-0.125000
G01 X43.341100 Y63.587000 Z-0.125000
G01 X43.618600 Y62.782000 Z-0.125000
G01 X43.551500 Y62.076000 Z-0.125000
G01 X43.364600 Y61.898000 Z-0.125000
G01 X43.076000 Y61.839000 Z-0.125000
G01 X42.782600 Y61.912000 Z-0.125000
G01 X42.569200 Y62.126000 Z-0.125000
G01 X42.394800 Y62.960000 Z-0.125000
G01 X42.394800 Y62.960000 Z-0.125000
G00 Z5.000000

(End cutting path id: path806)


(Start cutting path id: path806)
(Change tool to Default tool)

G00 Z5.000000
G00 X40.658600 Y62.960000

G01 Z-0.125000 F100.0(Penetrate)
G01 X40.821100 Y63.702000 Z-0.125000 F400.000000
G01 X41.193900 Y63.902000 Z-0.125000
G01 X41.605000 Y63.587000 Z-0.125000
G01 X41.882400 Y62.782000 Z-0.125000
G01 X41.815400 Y62.076000 Z-0.125000
G01 X41.628500 Y61.898000 Z-0.125000
G01 X41.339900 Y61.839000 Z-0.125000
G01 X41.046500 Y61.912000 Z-0.125000
G01 X40.833100 Y62.126000 Z-0.125000
G01 X40.658600 Y62.960000 Z-0.125000
G01 X40.658600 Y62.960000 Z-0.125000
G00 Z5.000000

(End cutting path id: path806)


(Start cutting path id: path806)
(Change tool to Default tool)

G00 Z5.000000
G00 X40.658600 Y65.492000

G01 Z-0.125000 F100.0(Penetrate)
G01 X40.833100 Y66.327000 Z-0.125000 F400.000000
G01 X41.046500 Y66.541000 Z-0.125000
G01 X41.339900 Y66.614000 Z-0.125000
G01 X41.628500 Y66.554000 Z-0.125000
G01 X41.815400 Y66.377000 Z-0.125000
G01 X41.882400 Y65.671000 Z-0.125000
G01 X41.605000 Y64.866000 Z-0.125000
G01 X41.193900 Y64.551000 Z-0.125000
G01 X40.821100 Y64.751000 Z-0.125000
G01 X40.658600 Y65.492000 Z-0.125000
G01 X40.658600 Y65.492000 Z-0.125000
G00 Z5.000000

(End cutting path id: path806)


(Start cutting path id: path806)
(Change tool to Default tool)

G00 Z5.000000
G00 X42.394800 Y65.492000

G01 Z-0.125000 F100.0(Penetrate)
G01 X42.569200 Y66.327000 Z-0.125000 F400.000000
G01 X42.782600 Y66.541000 Z-0.125000
G01 X43.076000 Y66.614000 Z-0.125000
G01 X43.364600 Y66.554000 Z-0.125000
G01 X43.551500 Y66.377000 Z-0.125000
G01 X43.618600 Y65.671000 Z-0.125000
G01 X43.341100 Y64.866000 Z-0.125000
G01 X42.930000 Y64.551000 Z-0.125000
G01 X42.557300 Y64.751000 Z-0.125000
G01 X42.394800 Y65.492000 Z-0.125000
G01 X42.394800 Y65.492000 Z-0.125000
G00 Z5.000000

(End cutting path id: path806)


(Start cutting path id: path806)
(Change tool to Default tool)

G00 Z5.000000
G00 X44.130900 Y65.492000

G01 Z-0.125000 F100.0(Penetrate)
G01 X44.305400 Y66.327000 Z-0.125000 F400.000000
G01 X44.518800 Y66.541000 Z-0.125000
G01 X44.812200 Y66.614000 Z-0.125000
G01 X45.100800 Y66.554000 Z-0.125000
G01 X45.287700 Y66.377000 Z-0.125000
G01 X45.354700 Y65.671000 Z-0.125000
G01 X45.077300 Y64.866000 Z-0.125000
G01 X44.666200 Y64.551000 Z-0.125000
G01 X44.293400 Y64.751000 Z-0.125000
G01 X44.130900 Y65.492000 Z-0.125000
G01 X44.130900 Y65.492000 Z-0.125000
G00 Z5.000000

(End cutting path id: path806)


(Start cutting path id: path806)
(Change tool to Default tool)

G00 Z5.000000
G00 X45.867100 Y65.492000

G01 Z-0.125000 F100.0(Penetrate)
G01 X46.041500 Y66.327000 Z-0.125000 F400.000000
G01 X46.254900 Y66.541000 Z-0.125000
G01 X46.548300 Y66.614000 Z-0.125000
G01 X46.836900 Y66.554000 Z-0.125000
G01 X47.023800 Y66.377000 Z-0.125000
G01 X47.090900 Y65.671000 Z-0.125000
G01 X46.813400 Y64.866000 Z-0.125000
G01 X46.402300 Y64.551000 Z-0.125000
G01 X46.029600 Y64.751000 Z-0.125000
G01 X45.867100 Y65.492000 Z-0.125000
G01 X45.867100 Y65.492000 Z-0.125000
G00 Z5.000000

(End cutting path id: path806)


(Start cutting path id: path806)
(Change tool to Default tool)

G00 Z5.000000
G00 X47.603200 Y65.528000

G01 Z-0.125000 F100.0(Penetrate)
G01 X47.730700 Y66.295000 Z-0.125000 F400.000000
G01 X48.037300 Y66.614000 Z-0.125000
G01 X48.343800 Y66.295000 Z-0.125000
G01 X48.471300 Y65.528000 Z-0.125000
G01 X48.343800 Y64.762000 Z-0.125000
G01 X48.037300 Y64.443000 Z-0.125000
G01 X47.730700 Y64.762000 Z-0.125000
G01 X47.603200 Y65.528000 Z-0.125000
G01 X47.603200 Y65.528000 Z-0.125000
G00 Z5.000000

(End cutting path id: path806)


(Start cutting path id: path806)
(Change tool to Default tool)

G00 Z5.000000
G00 X49.339400 Y65.528000

G01 Z-0.125000 F100.0(Penetrate)
G01 X49.466900 Y66.295000 Z-0.125000 F400.000000
G01 X49.773400 Y66.614000 Z-0.125000
G01 X50.080000 Y66.295000 Z-0.125000
G01 X50.207500 Y65.528000 Z-0.125000
G01 X50.080000 Y64.762000 Z-0.125000
G01 X49.773400 Y64.443000 Z-0.125000
G01 X49.466900 Y64.762000 Z-0.125000
G01 X49.339400 Y65.528000 Z-0.125000
G01 X49.339400 Y65.528000 Z-0.125000
G00 Z5.000000

(End cutting path id: path806)


(Start cutting path id: path806)
(Change tool to Default tool)

G00 Z5.000000
G00 X49.339400 Y68.567000

G01 Z-0.125000 F100.0(Penetrate)
G01 X49.466900 Y69.333000 Z-0.125000 F400.000000
G01 X49.773400 Y69.652000 Z-0.125000
G01 X50.080000 Y69.333000 Z-0.125000
G01 X50.207500 Y68.567000 Z-0.125000
G01 X50.080000 Y67.801000 Z-0.125000
G01 X49.773400 Y67.482000 Z-0.125000
G01 X49.466900 Y67.801000 Z-0.125000
G01 X49.339400 Y68.567000 Z-0.125000
G01 X49.339400 Y68.567000 Z-0.125000
G00 Z5.000000

(End cutting path id: path806)


(Start cutting path id: path806)
(Change tool to Default tool)

G00 Z5.000000
G00 X51.075600 Y68.567000

G01 Z-0.125000 F100.0(Penetrate)
G01 X51.203100 Y69.333000 Z-0.125000 F400.000000
G01 X51.509600 Y69.652000 Z-0.125000
G01 X51.816100 Y69.333000 Z-0.125000
G01 X51.943600 Y68.567000 Z-0.125000
G01 X51.816100 Y67.801000 Z-0.125000
G01 X51.509600 Y67.482000 Z-0.125000
G01 X51.203100 Y67.801000 Z-0.125000
G01 X51.075600 Y68.567000 Z-0.125000
G01 X51.075600 Y68.567000 Z-0.125000
G00 Z5.000000

(End cutting path id: path806)


(Start cutting path id: path806)
(Change tool to Default tool)

G00 Z5.000000
G00 X51.075600 Y71.171000

G01 Z-0.125000 F100.0(Penetrate)
G01 X51.203100 Y71.937000 Z-0.125000 F400.000000
G01 X51.509600 Y72.256000 Z-0.125000
G01 X51.816100 Y71.937000 Z-0.125000
G01 X51.943600 Y71.171000 Z-0.125000
G01 X51.816100 Y70.405000 Z-0.125000
G01 X51.509600 Y70.086000 Z-0.125000
G01 X51.203100 Y70.405000 Z-0.125000
G01 X51.075600 Y71.171000 Z-0.125000
G01 X51.075600 Y71.171000 Z-0.125000
G00 Z5.000000

(End cutting path id: path806)


(Start cutting path id: path806)
(Change tool to Default tool)

G00 Z5.000000
G00 X49.339400 Y71.171000

G01 Z-0.125000 F100.0(Penetrate)
G01 X49.466900 Y71.937000 Z-0.125000 F400.000000
G01 X49.773400 Y72.256000 Z-0.125000
G01 X50.080000 Y71.937000 Z-0.125000
G01 X50.207500 Y71.171000 Z-0.125000
G01 X50.080000 Y70.405000 Z-0.125000
G01 X49.773400 Y70.086000 Z-0.125000
G01 X49.466900 Y70.405000 Z-0.125000
G01 X49.339400 Y71.171000 Z-0.125000
G01 X49.339400 Y71.171000 Z-0.125000
G00 Z5.000000

(End cutting path id: path806)


(Start cutting path id: path806)
(Change tool to Default tool)

G00 Z5.000000
G00 X47.603300 Y71.207000

G01 Z-0.125000 F100.0(Penetrate)
G01 X47.740300 Y71.953000 Z-0.125000 F400.000000
G01 X47.888700 Y72.145000 Z-0.125000
G01 X48.069800 Y72.173000 Z-0.125000
G01 X48.389800 Y71.971000 Z-0.125000
G01 X48.503900 Y71.703000 Z-0.125000
G01 X48.471300 Y70.737000 Z-0.125000
G01 X48.343800 Y70.277000 Z-0.125000
G01 X48.037300 Y70.086000 Z-0.125000
G01 X47.730800 Y70.415000 Z-0.125000
G01 X47.603300 Y71.207000 Z-0.125000
G01 X47.603300 Y71.207000 Z-0.125000
G00 Z5.000000

(End cutting path id: path806)


(Start cutting path id: path806)
(Change tool to Default tool)

G00 Z5.000000
G00 X45.867100 Y71.135000

G01 Z-0.125000 F100.0(Penetrate)
G01 X46.041500 Y71.969000 Z-0.125000 F400.000000
G01 X46.254900 Y72.184000 Z-0.125000
G01 X46.548300 Y72.256000 Z-0.125000
G01 X46.836900 Y72.197000 Z-0.125000
G01 X47.023800 Y72.020000 Z-0.125000
G01 X47.090900 Y71.314000 Z-0.125000
G01 X46.813400 Y70.508000 Z-0.125000
G01 X46.402300 Y70.193000 Z-0.125000
G01 X46.029600 Y70.394000 Z-0.125000
G01 X45.867100 Y71.135000 Z-0.125000
G01 X45.867100 Y71.135000 Z-0.125000
G00 Z5.000000

(End cutting path id: path806)


(Start cutting path id: path806)
(Change tool to Default tool)

G00 Z5.000000
G00 X44.130900 Y71.135000

G01 Z-0.125000 F100.0(Penetrate)
G01 X44.305400 Y71.969000 Z-0.125000 F400.000000
G01 X44.518800 Y72.184000 Z-0.125000
G01 X44.812200 Y72.256000 Z-0.125000
G01 X45.100800 Y72.197000 Z-0.125000
G01 X45.287700 Y72.020000 Z-0.125000
G01 X45.354700 Y71.314000 Z-0.125000
G01 X45.077300 Y70.508000 Z-0.125000
G01 X44.666200 Y70.193000 Z-0.125000
G01 X44.293400 Y70.394000 Z-0.125000
G01 X44.130900 Y71.135000 Z-0.125000
G01 X44.130900 Y71.135000 Z-0.125000
G00 Z5.000000

(End cutting path id: path806)


(Start cutting path id: path806)
(Change tool to Default tool)

G00 Z5.000000
G00 X42.394800 Y71.135000

G01 Z-0.125000 F100.0(Penetrate)
G01 X42.569200 Y71.969000 Z-0.125000 F400.000000
G01 X42.782600 Y72.184000 Z-0.125000
G01 X43.076000 Y72.256000 Z-0.125000
G01 X43.364600 Y72.197000 Z-0.125000
G01 X43.551500 Y72.020000 Z-0.125000
G01 X43.618600 Y71.314000 Z-0.125000
G01 X43.341100 Y70.508000 Z-0.125000
G01 X42.930000 Y70.193000 Z-0.125000
G01 X42.557300 Y70.394000 Z-0.125000
G01 X42.394800 Y71.135000 Z-0.125000
G01 X42.394800 Y71.135000 Z-0.125000
G00 Z5.000000

(End cutting path id: path806)


(Start cutting path id: path806)
(Change tool to Default tool)

G00 Z5.000000
G00 X40.658600 Y71.135000

G01 Z-0.125000 F100.0(Penetrate)
G01 X40.833100 Y71.969000 Z-0.125000 F400.000000
G01 X41.046500 Y72.184000 Z-0.125000
G01 X41.339900 Y72.256000 Z-0.125000
G01 X41.628500 Y72.197000 Z-0.125000
G01 X41.815400 Y72.020000 Z-0.125000
G01 X41.882400 Y71.314000 Z-0.125000
G01 X41.605000 Y70.508000 Z-0.125000
G01 X41.193900 Y70.193000 Z-0.125000
G01 X40.821100 Y70.394000 Z-0.125000
G01 X40.658600 Y71.135000 Z-0.125000
G01 X40.658600 Y71.135000 Z-0.125000
G00 Z5.000000

(End cutting path id: path806)


(Start cutting path id: path806)
(Change tool to Default tool)

G00 Z5.000000
G00 X40.658600 Y68.603000

G01 Z-0.125000 F100.0(Penetrate)
G01 X40.821100 Y69.344000 Z-0.125000 F400.000000
G01 X41.193900 Y69.545000 Z-0.125000
G01 X41.605000 Y69.230000 Z-0.125000
G01 X41.882400 Y68.424000 Z-0.125000
G01 X41.815400 Y67.718000 Z-0.125000
G01 X41.628500 Y67.541000 Z-0.125000
G01 X41.339900 Y67.482000 Z-0.125000
G01 X41.046500 Y67.554000 Z-0.125000
G01 X40.833100 Y67.769000 Z-0.125000
G01 X40.658600 Y68.603000 Z-0.125000
G01 X40.658600 Y68.603000 Z-0.125000
G00 Z5.000000

(End cutting path id: path806)


(Start cutting path id: path806)
(Change tool to Default tool)

G00 Z5.000000
G00 X42.394800 Y68.603000

G01 Z-0.125000 F100.0(Penetrate)
G01 X42.557300 Y69.344000 Z-0.125000 F400.000000
G01 X42.930000 Y69.545000 Z-0.125000
G01 X43.341100 Y69.230000 Z-0.125000
G01 X43.618600 Y68.424000 Z-0.125000
G01 X43.551500 Y67.718000 Z-0.125000
G01 X43.364600 Y67.541000 Z-0.125000
G01 X43.076000 Y67.482000 Z-0.125000
G01 X42.782600 Y67.554000 Z-0.125000
G01 X42.569200 Y67.769000 Z-0.125000
G01 X42.394800 Y68.603000 Z-0.125000
G01 X42.394800 Y68.603000 Z-0.125000
G00 Z5.000000

(End cutting path id: path806)


(Start cutting path id: path806)
(Change tool to Default tool)

G00 Z5.000000
G00 X44.130900 Y68.603000

G01 Z-0.125000 F100.0(Penetrate)
G01 X44.293400 Y69.344000 Z-0.125000 F400.000000
G01 X44.666200 Y69.545000 Z-0.125000
G01 X45.077300 Y69.230000 Z-0.125000
G01 X45.354700 Y68.424000 Z-0.125000
G01 X45.287700 Y67.718000 Z-0.125000
G01 X45.100800 Y67.541000 Z-0.125000
G01 X44.812200 Y67.482000 Z-0.125000
G01 X44.518800 Y67.554000 Z-0.125000
G01 X44.305400 Y67.769000 Z-0.125000
G01 X44.130900 Y68.603000 Z-0.125000
G01 X44.130900 Y68.603000 Z-0.125000
G00 Z5.000000

(End cutting path id: path806)


(Start cutting path id: path806)
(Change tool to Default tool)

G00 Z5.000000
G00 X45.867100 Y68.603000

G01 Z-0.125000 F100.0(Penetrate)
G01 X46.029600 Y69.344000 Z-0.125000 F400.000000
G01 X46.402300 Y69.545000 Z-0.125000
G01 X46.813400 Y69.230000 Z-0.125000
G01 X47.090900 Y68.424000 Z-0.125000
G01 X47.023800 Y67.718000 Z-0.125000
G01 X46.836900 Y67.541000 Z-0.125000
G01 X46.548300 Y67.482000 Z-0.125000
G01 X46.254900 Y67.554000 Z-0.125000
G01 X46.041500 Y67.769000 Z-0.125000
G01 X45.867100 Y68.603000 Z-0.125000
G01 X45.867100 Y68.603000 Z-0.125000
G00 Z5.000000

(End cutting path id: path806)


(Start cutting path id: path806)
(Change tool to Default tool)

G00 Z5.000000
G00 X45.867100 Y74.245000

G01 Z-0.125000 F100.0(Penetrate)
G01 X46.029600 Y74.986000 Z-0.125000 F400.000000
G01 X46.402300 Y75.187000 Z-0.125000
G01 X46.813400 Y74.872000 Z-0.125000
G01 X47.090900 Y74.067000 Z-0.125000
G01 X47.023800 Y73.361000 Z-0.125000
G01 X46.836900 Y73.183000 Z-0.125000
G01 X46.548300 Y73.124000 Z-0.125000
G01 X46.254900 Y73.197000 Z-0.125000
G01 X46.041500 Y73.411000 Z-0.125000
G01 X45.867100 Y74.245000 Z-0.125000
G01 X45.867100 Y74.245000 Z-0.125000
G00 Z5.000000

(End cutting path id: path806)


(Start cutting path id: path806)
(Change tool to Default tool)

G00 Z5.000000
G00 X44.130900 Y74.245000

G01 Z-0.125000 F100.0(Penetrate)
G01 X44.293400 Y74.986000 Z-0.125000 F400.000000
G01 X44.666200 Y75.187000 Z-0.125000
G01 X45.077300 Y74.872000 Z-0.125000
G01 X45.354700 Y74.067000 Z-0.125000
G01 X45.287700 Y73.361000 Z-0.125000
G01 X45.100800 Y73.183000 Z-0.125000
G01 X44.812200 Y73.124000 Z-0.125000
G01 X44.518800 Y73.197000 Z-0.125000
G01 X44.305400 Y73.411000 Z-0.125000
G01 X44.130900 Y74.245000 Z-0.125000
G01 X44.130900 Y74.245000 Z-0.125000
G00 Z5.000000

(End cutting path id: path806)


(Start cutting path id: path806)
(Change tool to Default tool)

G00 Z5.000000
G00 X42.394800 Y74.245000

G01 Z-0.125000 F100.0(Penetrate)
G01 X42.557300 Y74.986000 Z-0.125000 F400.000000
G01 X42.930000 Y75.187000 Z-0.125000
G01 X43.341100 Y74.872000 Z-0.125000
G01 X43.618600 Y74.067000 Z-0.125000
G01 X43.551500 Y73.361000 Z-0.125000
G01 X43.364600 Y73.183000 Z-0.125000
G01 X43.076000 Y73.124000 Z-0.125000
G01 X42.782600 Y73.197000 Z-0.125000
G01 X42.569200 Y73.411000 Z-0.125000
G01 X42.394800 Y74.245000 Z-0.125000
G01 X42.394800 Y74.245000 Z-0.125000
G00 Z5.000000

(End cutting path id: path806)


(Start cutting path id: path806)
(Change tool to Default tool)

G00 Z5.000000
G00 X40.658600 Y74.245000

G01 Z-0.125000 F100.0(Penetrate)
G01 X40.821100 Y74.986000 Z-0.125000 F400.000000
G01 X41.193900 Y75.187000 Z-0.125000
G01 X41.605000 Y74.872000 Z-0.125000
G01 X41.882400 Y74.067000 Z-0.125000
G01 X41.815400 Y73.361000 Z-0.125000
G01 X41.628500 Y73.183000 Z-0.125000
G01 X41.339900 Y73.124000 Z-0.125000
G01 X41.046500 Y73.197000 Z-0.125000
G01 X40.833100 Y73.411000 Z-0.125000
G01 X40.658600 Y74.245000 Z-0.125000
G01 X40.658600 Y74.245000 Z-0.125000
G00 Z5.000000

(End cutting path id: path806)


(Start cutting path id: path806)
(Change tool to Default tool)

G00 Z5.000000
G00 X40.658600 Y76.777000

G01 Z-0.125000 F100.0(Penetrate)
G01 X40.833100 Y77.611000 Z-0.125000 F400.000000
G01 X41.046500 Y77.826000 Z-0.125000
G01 X41.339900 Y77.898000 Z-0.125000
G01 X41.628500 Y77.839000 Z-0.125000
G01 X41.815400 Y77.662000 Z-0.125000
G01 X41.882400 Y76.956000 Z-0.125000
G01 X41.605000 Y76.150000 Z-0.125000
G01 X41.193900 Y75.835000 Z-0.125000
G01 X40.821100 Y76.036000 Z-0.125000
G01 X40.658600 Y76.777000 Z-0.125000
G01 X40.658600 Y76.777000 Z-0.125000
G00 Z5.000000

(End cutting path id: path806)


(Start cutting path id: path806)
(Change tool to Default tool)

G00 Z5.000000
G00 X42.394800 Y76.777000

G01 Z-0.125000 F100.0(Penetrate)
G01 X42.569200 Y77.611000 Z-0.125000 F400.000000
G01 X42.782600 Y77.826000 Z-0.125000
G01 X43.076000 Y77.898000 Z-0.125000
G01 X43.364600 Y77.839000 Z-0.125000
G01 X43.551500 Y77.662000 Z-0.125000
G01 X43.618600 Y76.956000 Z-0.125000
G01 X43.341100 Y76.150000 Z-0.125000
G01 X42.930000 Y75.835000 Z-0.125000
G01 X42.557300 Y76.036000 Z-0.125000
G01 X42.394800 Y76.777000 Z-0.125000
G01 X42.394800 Y76.777000 Z-0.125000
G00 Z5.000000

(End cutting path id: path806)


(Start cutting path id: path806)
(Change tool to Default tool)

G00 Z5.000000
G00 X44.130900 Y76.777000

G01 Z-0.125000 F100.0(Penetrate)
G01 X44.305400 Y77.611000 Z-0.125000 F400.000000
G01 X44.518800 Y77.826000 Z-0.125000
G01 X44.812200 Y77.898000 Z-0.125000
G01 X45.100800 Y77.839000 Z-0.125000
G01 X45.287700 Y77.662000 Z-0.125000
G01 X45.354700 Y76.956000 Z-0.125000
G01 X45.077300 Y76.150000 Z-0.125000
G01 X44.666200 Y75.835000 Z-0.125000
G01 X44.293400 Y76.036000 Z-0.125000
G01 X44.130900 Y76.777000 Z-0.125000
G01 X44.130900 Y76.777000 Z-0.125000
G00 Z5.000000

(End cutting path id: path806)


(Start cutting path id: path806)
(Change tool to Default tool)

G00 Z5.000000
G00 X45.867100 Y76.777000

G01 Z-0.125000 F100.0(Penetrate)
G01 X46.041500 Y77.611000 Z-0.125000 F400.000000
G01 X46.254900 Y77.826000 Z-0.125000
G01 X46.548300 Y77.898000 Z-0.125000
G01 X46.836900 Y77.839000 Z-0.125000
G01 X47.023800 Y77.662000 Z-0.125000
G01 X47.090900 Y76.956000 Z-0.125000
G01 X46.813400 Y76.150000 Z-0.125000
G01 X46.402300 Y75.835000 Z-0.125000
G01 X46.029600 Y76.036000 Z-0.125000
G01 X45.867100 Y76.777000 Z-0.125000
G01 X45.867100 Y76.777000 Z-0.125000
G00 Z5.000000

(End cutting path id: path806)


(Start cutting path id: path806)
(Change tool to Default tool)

G00 Z5.000000
G00 X45.867100 Y79.888000

G01 Z-0.125000 F100.0(Penetrate)
G01 X46.029600 Y80.629000 Z-0.125000 F400.000000
G01 X46.402300 Y80.829000 Z-0.125000
G01 X46.813400 Y80.514000 Z-0.125000
G01 X47.090900 Y79.709000 Z-0.125000
G01 X47.023800 Y79.003000 Z-0.125000
G01 X46.836900 Y78.826000 Z-0.125000
G01 X46.548300 Y78.766000 Z-0.125000
G01 X46.254900 Y78.839000 Z-0.125000
G01 X46.041500 Y79.054000 Z-0.125000
G01 X45.867100 Y79.888000 Z-0.125000
G01 X45.867100 Y79.888000 Z-0.125000
G00 Z5.000000

(End cutting path id: path806)


(Start cutting path id: path806)
(Change tool to Default tool)

G00 Z5.000000
G00 X44.130900 Y79.888000

G01 Z-0.125000 F100.0(Penetrate)
G01 X44.293400 Y80.629000 Z-0.125000 F400.000000
G01 X44.666200 Y80.829000 Z-0.125000
G01 X45.077300 Y80.514000 Z-0.125000
G01 X45.354700 Y79.709000 Z-0.125000
G01 X45.287700 Y79.003000 Z-0.125000
G01 X45.100800 Y78.826000 Z-0.125000
G01 X44.812200 Y78.766000 Z-0.125000
G01 X44.518800 Y78.839000 Z-0.125000
G01 X44.305400 Y79.054000 Z-0.125000
G01 X44.130900 Y79.888000 Z-0.125000
G01 X44.130900 Y79.888000 Z-0.125000
G00 Z5.000000

(End cutting path id: path806)


(Start cutting path id: path806)
(Change tool to Default tool)

G00 Z5.000000
G00 X42.394800 Y79.888000

G01 Z-0.125000 F100.0(Penetrate)
G01 X42.557300 Y80.629000 Z-0.125000 F400.000000
G01 X42.930000 Y80.829000 Z-0.125000
G01 X43.341100 Y80.514000 Z-0.125000
G01 X43.618600 Y79.709000 Z-0.125000
G01 X43.551500 Y79.003000 Z-0.125000
G01 X43.364600 Y78.826000 Z-0.125000
G01 X43.076000 Y78.766000 Z-0.125000
G01 X42.782600 Y78.839000 Z-0.125000
G01 X42.569200 Y79.054000 Z-0.125000
G01 X42.394800 Y79.888000 Z-0.125000
G01 X42.394800 Y79.888000 Z-0.125000
G00 Z5.000000

(End cutting path id: path806)


(Start cutting path id: path806)
(Change tool to Default tool)

G00 Z5.000000
G00 X40.658600 Y79.888000

G01 Z-0.125000 F100.0(Penetrate)
G01 X40.821100 Y80.629000 Z-0.125000 F400.000000
G01 X41.193900 Y80.829000 Z-0.125000
G01 X41.605000 Y80.514000 Z-0.125000
G01 X41.882400 Y79.709000 Z-0.125000
G01 X41.815400 Y79.003000 Z-0.125000
G01 X41.628500 Y78.826000 Z-0.125000
G01 X41.339900 Y78.766000 Z-0.125000
G01 X41.046500 Y78.839000 Z-0.125000
G01 X40.833100 Y79.054000 Z-0.125000
G01 X40.658600 Y79.888000 Z-0.125000
G01 X40.658600 Y79.888000 Z-0.125000
G00 Z5.000000

(End cutting path id: path806)


(Start cutting path id: path806)
(Change tool to Default tool)

G00 Z5.000000
G00 X47.603200 Y79.852000

G01 Z-0.125000 F100.0(Penetrate)
G01 X47.730700 Y80.618000 Z-0.125000 F400.000000
G01 X48.037300 Y80.937000 Z-0.125000
G01 X48.343800 Y80.618000 Z-0.125000
G01 X48.471300 Y79.852000 Z-0.125000
G01 X48.343800 Y79.085000 Z-0.125000
G01 X48.037300 Y78.766000 Z-0.125000
G01 X47.730700 Y79.085000 Z-0.125000
G01 X47.603200 Y79.852000 Z-0.125000
G01 X47.603200 Y79.852000 Z-0.125000
G00 Z5.000000

(End cutting path id: path806)


(Start cutting path id: path806)
(Change tool to Default tool)

G00 Z5.000000
G00 X49.339400 Y79.852000

G01 Z-0.125000 F100.0(Penetrate)
G01 X49.466900 Y80.618000 Z-0.125000 F400.000000
G01 X49.773400 Y80.937000 Z-0.125000
G01 X50.080000 Y80.618000 Z-0.125000
G01 X50.207500 Y79.852000 Z-0.125000
G01 X50.080000 Y79.085000 Z-0.125000
G01 X49.773400 Y78.766000 Z-0.125000
G01 X49.466900 Y79.085000 Z-0.125000
G01 X49.339400 Y79.852000 Z-0.125000
G01 X49.339400 Y79.852000 Z-0.125000
G00 Z5.000000

(End cutting path id: path806)


(Start cutting path id: path806)
(Change tool to Default tool)

G00 Z5.000000
G00 X51.075600 Y79.852000

G01 Z-0.125000 F100.0(Penetrate)
G01 X51.203100 Y80.618000 Z-0.125000 F400.000000
G01 X51.509600 Y80.937000 Z-0.125000
G01 X51.816100 Y80.618000 Z-0.125000
G01 X51.943600 Y79.852000 Z-0.125000
G01 X51.816100 Y79.085000 Z-0.125000
G01 X51.509600 Y78.766000 Z-0.125000
G01 X51.203100 Y79.085000 Z-0.125000
G01 X51.075600 Y79.852000 Z-0.125000
G01 X51.075600 Y79.852000 Z-0.125000
G00 Z5.000000

(End cutting path id: path806)


(Start cutting path id: path806)
(Change tool to Default tool)

G00 Z5.000000
G00 X49.339400 Y76.813000

G01 Z-0.125000 F100.0(Penetrate)
G01 X49.466900 Y77.580000 Z-0.125000 F400.000000
G01 X49.773400 Y77.898000 Z-0.125000
G01 X50.080000 Y77.580000 Z-0.125000
G01 X50.207500 Y76.813000 Z-0.125000
G01 X50.080000 Y76.047000 Z-0.125000
G01 X49.773400 Y75.728000 Z-0.125000
G01 X49.466900 Y76.047000 Z-0.125000
G01 X49.339400 Y76.813000 Z-0.125000
G01 X49.339400 Y76.813000 Z-0.125000
G00 Z5.000000

(End cutting path id: path806)


(Start cutting path id: path806)
(Change tool to Default tool)

G00 Z5.000000
G00 X49.339400 Y74.209000

G01 Z-0.125000 F100.0(Penetrate)
G01 X49.466900 Y74.975000 Z-0.125000 F400.000000
G01 X49.773400 Y75.294000 Z-0.125000
G01 X50.080000 Y74.975000 Z-0.125000
G01 X50.207500 Y74.209000 Z-0.125000
G01 X50.080000 Y73.443000 Z-0.125000
G01 X49.773400 Y73.124000 Z-0.125000
G01 X49.466900 Y73.443000 Z-0.125000
G01 X49.339400 Y74.209000 Z-0.125000
G01 X49.339400 Y74.209000 Z-0.125000
G00 Z5.000000

(End cutting path id: path806)


(Start cutting path id: path806)
(Change tool to Default tool)

G00 Z5.000000
G00 X51.075600 Y74.209000

G01 Z-0.125000 F100.0(Penetrate)
G01 X51.203100 Y74.975000 Z-0.125000 F400.000000
G01 X51.509600 Y75.294000 Z-0.125000
G01 X51.816100 Y74.975000 Z-0.125000
G01 X51.943600 Y74.209000 Z-0.125000
G01 X51.816100 Y73.443000 Z-0.125000
G01 X51.509600 Y73.124000 Z-0.125000
G01 X51.203100 Y73.443000 Z-0.125000
G01 X51.075600 Y74.209000 Z-0.125000
G01 X51.075600 Y74.209000 Z-0.125000
G00 Z5.000000

(End cutting path id: path806)


(Start cutting path id: path806)
(Change tool to Default tool)

G00 Z5.000000
G00 X52.700700 Y73.449000

G01 Z-0.125000 F100.0(Penetrate)
G01 X52.557900 Y73.969000 Z-0.125000 F400.000000
G01 X52.598800 Y74.494000 Z-0.125000
G01 X52.799700 Y74.931000 Z-0.125000
G01 X53.137200 Y75.186000 Z-0.125000
G01 X53.365700 Y75.186000 Z-0.125000
G01 X53.536300 Y75.022000 Z-0.125000
G01 X53.679800 Y74.245000 Z-0.125000
G01 X53.578800 Y73.577000 Z-0.125000
G01 X53.328900 Y73.178000 Z-0.125000
G01 X53.009700 Y73.114000 Z-0.125000
G01 X52.700700 Y73.449000 Z-0.125000
G01 X52.700700 Y73.449000 Z-0.125000
G00 Z5.000000

(End cutting path id: path806)


(Start cutting path id: path806)
(Change tool to Default tool)

G00 Z5.000000
G00 X52.667000 Y76.017000

G01 Z-0.125000 F100.0(Penetrate)
G01 X52.401700 Y76.542000 Z-0.125000 F400.000000
G01 X52.399000 Y77.163000 Z-0.125000
G01 X52.620800 Y77.681000 Z-0.125000
G01 X53.028700 Y77.898000 Z-0.125000
G01 X53.301400 Y77.824000 Z-0.125000
G01 X53.506200 Y77.609000 Z-0.125000
G01 X53.679800 Y76.813000 Z-0.125000
G01 X53.604500 Y76.161000 Z-0.125000
G01 X53.394700 Y75.799000 Z-0.125000
G01 X53.074200 Y75.745000 Z-0.125000
G01 X52.667000 Y76.017000 Z-0.125000
G01 X52.667000 Y76.017000 Z-0.125000
G00 Z5.000000

(End cutting path id: path806)


(Start cutting path id: path806)
(Change tool to Default tool)

G00 Z5.000000
G00 X52.377700 Y83.758000

G01 Z-0.125000 F100.0(Penetrate)
G01 X52.167400 Y84.089000 Z-0.125000 F400.000000
G01 X51.364900 Y84.288000 Z-0.125000
G01 X46.952200 Y84.409000 Z-0.125000
G01 X43.941500 Y84.366000 Z-0.125000
G01 X42.217000 Y84.209000 Z-0.125000
G01 X41.576100 Y83.900000 Z-0.125000
G01 X41.598600 Y83.675000 Z-0.125000
G01 X41.816100 Y83.397000 Z-0.125000
G01 X43.529200 Y83.192000 Z-0.125000
G01 X47.241600 Y83.107000 Z-0.125000
G01 X51.413100 Y83.229000 Z-0.125000
G01 X52.176500 Y83.428000 Z-0.125000
G01 X52.377700 Y83.758000 Z-0.125000
G01 X52.377700 Y83.758000 Z-0.125000
G00 Z5.000000

(End cutting path id: path806)


(Start cutting path id: path806)
(Change tool to Default tool)

G00 Z5.000000
G00 X51.943600 Y86.112000

G01 Z-0.125000 F100.0(Penetrate)
G01 X49.763900 Y91.529000 Z-0.125000 F400.000000
G01 X47.354200 Y96.935000 Z-0.125000
G01 X44.612800 Y91.594000 Z-0.125000
G01 X41.960700 Y85.863000 Z-0.125000
G01 X46.952200 Y85.711000 Z-0.125000
G01 X50.484100 Y85.829000 Z-0.125000
G01 X51.552300 Y85.956000 Z-0.125000
G01 X51.943600 Y86.112000 Z-0.125000
G01 X51.943600 Y86.112000 Z-0.125000
G00 Z5.000000

(End cutting path id: path806)


(Start cutting path id: path806)
(Change tool to Default tool)

G00 Z5.000000
G00 X62.360600 Y76.813000

G01 Z-0.125000 F100.0(Penetrate)
G01 X62.420500 Y77.000000 Z-0.125000 F400.000000
G01 X62.631900 Y77.148000 Z-0.125000
G01 X63.698900 Y77.346000 Z-0.125000
G01 X69.739200 Y77.464000 Z-0.125000
G01 X75.779600 Y77.346000 Z-0.125000
G01 X76.846600 Y77.148000 Z-0.125000
G01 X77.058000 Y77.000000 Z-0.125000
G01 X77.117900 Y76.813000 Z-0.125000
G01 X77.058000 Y76.626000 Z-0.125000
G01 X76.846600 Y76.478000 Z-0.125000
G01 X75.779600 Y76.280000 Z-0.125000
G01 X69.739200 Y76.162000 Z-0.125000
G01 X63.698900 Y76.280000 Z-0.125000
G01 X62.631900 Y76.478000 Z-0.125000
G01 X62.420500 Y76.626000 Z-0.125000
G01 X62.360600 Y76.813000 Z-0.125000
G01 X62.360600 Y76.813000 Z-0.125000
G00 Z5.000000

(End cutting path id: path806)


(Start cutting path id: path806)
(Change tool to Default tool)

G00 Z5.000000
G00 X62.360600 Y73.775000

G01 Z-0.125000 F100.0(Penetrate)
G01 X62.420500 Y73.962000 Z-0.125000 F400.000000
G01 X62.631900 Y74.110000 Z-0.125000
G01 X63.698900 Y74.308000 Z-0.125000
G01 X69.739200 Y74.426000 Z-0.125000
G01 X75.779600 Y74.308000 Z-0.125000
G01 X76.846600 Y74.110000 Z-0.125000
G01 X77.058000 Y73.962000 Z-0.125000
G01 X77.117900 Y73.775000 Z-0.125000
G01 X77.058000 Y73.588000 Z-0.125000
G01 X76.846600 Y73.440000 Z-0.125000
G01 X75.779600 Y73.242000 Z-0.125000
G01 X69.739200 Y73.124000 Z-0.125000
G01 X63.698900 Y73.242000 Z-0.125000
G01 X62.631900 Y73.440000 Z-0.125000
G01 X62.420500 Y73.588000 Z-0.125000
G01 X62.360600 Y73.775000 Z-0.125000
G01 X62.360600 Y73.775000 Z-0.125000
G00 Z5.000000

(End cutting path id: path806)


(Start cutting path id: path806)
(Change tool to Default tool)

G00 Z5.000000
G00 X62.360600 Y70.303000

G01 Z-0.125000 F100.0(Penetrate)
G01 X62.420500 Y70.490000 Z-0.125000 F400.000000
G01 X62.631900 Y70.638000 Z-0.125000
G01 X63.698900 Y70.836000 Z-0.125000
G01 X69.739200 Y70.954000 Z-0.125000
G01 X75.779600 Y70.836000 Z-0.125000
G01 X76.846600 Y70.638000 Z-0.125000
G01 X77.058000 Y70.490000 Z-0.125000
G01 X77.117900 Y70.303000 Z-0.125000
G01 X77.058000 Y70.116000 Z-0.125000
G01 X76.846600 Y69.968000 Z-0.125000
G01 X75.779600 Y69.770000 Z-0.125000
G01 X69.739200 Y69.652000 Z-0.125000
G01 X63.698900 Y69.770000 Z-0.125000
G01 X62.631900 Y69.968000 Z-0.125000
G01 X62.420500 Y70.116000 Z-0.125000
G01 X62.360600 Y70.303000 Z-0.125000
G01 X62.360600 Y70.303000 Z-0.125000
G00 Z5.000000

(End cutting path id: path806)


(Start cutting path id: path806)
(Change tool to Default tool)

G00 Z5.000000
G00 X62.360600 Y67.048000

G01 Z-0.125000 F100.0(Penetrate)
G01 X62.767500 Y67.228000 Z-0.125000 F400.000000
G01 X63.934000 Y67.365000 Z-0.125000
G01 X68.220100 Y67.482000 Z-0.125000
G01 X72.506200 Y67.365000 Z-0.125000
G01 X73.672700 Y67.228000 Z-0.125000
G01 X74.079600 Y67.048000 Z-0.125000
G01 X73.672700 Y66.867000 Z-0.125000
G01 X72.506200 Y66.730000 Z-0.125000
G01 X68.220100 Y66.614000 Z-0.125000
G01 X63.934000 Y66.730000 Z-0.125000
G01 X62.767500 Y66.867000 Z-0.125000
G01 X62.360600 Y67.048000 Z-0.125000
G01 X62.360600 Y67.048000 Z-0.125000
G00 Z5.000000

(End cutting path id: path806)


(Start cutting path id: path806)
(Change tool to Default tool)

G00 Z5.000000
G00 X62.360600 Y63.792000

G01 Z-0.125000 F100.0(Penetrate)
G01 X62.584400 Y64.125000 Z-0.125000 F400.000000
G01 X63.445700 Y64.323000 Z-0.125000
G01 X68.220100 Y64.443000 Z-0.125000
G01 X72.994500 Y64.323000 Z-0.125000
G01 X73.855800 Y64.125000 Z-0.125000
G01 X74.079600 Y63.792000 Z-0.125000
G01 X73.855800 Y63.460000 Z-0.125000
G01 X72.994500 Y63.262000 Z-0.125000
G01 X68.220100 Y63.141000 Z-0.125000
G01 X63.445700 Y63.262000 Z-0.125000
G01 X62.584400 Y63.460000 Z-0.125000
G01 X62.360600 Y63.792000 Z-0.125000
G01 X62.360600 Y63.792000 Z-0.125000
G00 Z5.000000

(End cutting path id: path806)


(Start cutting path id: path806)
(Change tool to Default tool)

G00 Z5.000000
G00 X62.360600 Y60.308000

G01 Z-0.125000 F100.0(Penetrate)
G01 X62.578500 Y60.649000 Z-0.125000 F400.000000
G01 X63.433000 Y60.851000 Z-0.125000
G01 X68.256300 Y60.971000 Z-0.125000
G01 X72.862100 Y60.856000 Z-0.125000
G01 X73.773100 Y60.689000 Z-0.125000
G01 X73.971700 Y60.429000 Z-0.125000
G01 X73.572200 Y60.173000 Z-0.125000
G01 X72.512000 Y59.984000 Z-0.125000
G01 X68.076000 Y59.765000 Z-0.125000
G01 X63.383800 Y59.784000 Z-0.125000
G01 X62.565700 Y59.969000 Z-0.125000
G01 X62.360600 Y60.308000 Z-0.125000
G01 X62.360600 Y60.308000 Z-0.125000
G00 Z5.000000

(End cutting path id: path806)


(Start cutting path id: path806)
(Change tool to Default tool)

G00 Z5.000000
G00 X62.360600 Y57.294000

G01 Z-0.125000 F100.0(Penetrate)
G01 X62.565700 Y57.633000 Z-0.125000 F400.000000
G01 X63.383800 Y57.818000 Z-0.125000
G01 X68.076000 Y57.837000 Z-0.125000
G01 X72.512000 Y57.618000 Z-0.125000
G01 X73.572200 Y57.429000 Z-0.125000
G01 X73.971700 Y57.173000 Z-0.125000
G01 X73.773100 Y56.913000 Z-0.125000
G01 X72.862100 Y56.746000 Z-0.125000
G01 X68.256300 Y56.631000 Z-0.125000
G01 X63.433000 Y56.751000 Z-0.125000
G01 X62.578500 Y56.953000 Z-0.125000
G01 X62.360600 Y57.294000 Z-0.125000
G01 X62.360600 Y57.294000 Z-0.125000
G00 Z5.000000

(End cutting path id: path806)


(Start cutting path id: path806)
(Change tool to Default tool)

G00 Z5.000000
G00 X62.360600 Y53.809000

G01 Z-0.125000 F100.0(Penetrate)
G01 X62.584400 Y54.142000 Z-0.125000 F400.000000
G01 X63.445700 Y54.340000 Z-0.125000
G01 X68.220100 Y54.461000 Z-0.125000
G01 X72.994500 Y54.340000 Z-0.125000
G01 X73.855800 Y54.142000 Z-0.125000
G01 X74.079600 Y53.809000 Z-0.125000
G01 X73.855800 Y53.477000 Z-0.125000
G01 X72.994500 Y53.279000 Z-0.125000
G01 X68.220100 Y53.158000 Z-0.125000
G01 X63.445700 Y53.279000 Z-0.125000
G01 X62.584400 Y53.477000 Z-0.125000
G01 X62.360600 Y53.809000 Z-0.125000
G01 X62.360600 Y53.809000 Z-0.125000
G00 Z5.000000

(End cutting path id: path806)


(Start cutting path id: path806)
(Change tool to Default tool)

G00 Z5.000000
G00 X62.360500 Y50.446000

G01 Z-0.125000 F100.0(Penetrate)
G01 X62.659200 Y50.702000 Z-0.125000 F400.000000
G01 X63.648200 Y50.870000 Z-0.125000
G01 X68.256300 Y50.988000 Z-0.125000
G01 X72.652700 Y50.874000 Z-0.125000
G01 X73.702300 Y50.730000 Z-0.125000
G01 X73.998400 Y50.527000 Z-0.125000
G01 X73.430700 Y50.292000 Z-0.125000
G01 X72.080600 Y50.118000 Z-0.125000
G01 X68.091100 Y49.957000 Z-0.125000
G01 X64.145800 Y50.062000 Z-0.125000
G01 X62.850900 Y50.218000 Z-0.125000
G01 X62.360500 Y50.446000 Z-0.125000
G01 X62.360500 Y50.446000 Z-0.125000
G00 Z5.000000

(End cutting path id: path806)


(Start cutting path id: path806)
(Change tool to Default tool)

G00 Z5.000000
G00 X62.360600 Y47.299000

G01 Z-0.125000 F100.0(Penetrate)
G01 X62.584400 Y47.631000 Z-0.125000 F400.000000
G01 X63.445700 Y47.829000 Z-0.125000
G01 X68.220100 Y47.950000 Z-0.125000
G01 X72.994500 Y47.829000 Z-0.125000
G01 X73.855800 Y47.631000 Z-0.125000
G01 X74.079600 Y47.299000 Z-0.125000
G01 X73.855800 Y46.967000 Z-0.125000
G01 X72.994500 Y46.768000 Z-0.125000
G01 X68.220100 Y46.648000 Z-0.125000
G01 X63.445700 Y46.768000 Z-0.125000
G01 X62.584400 Y46.967000 Z-0.125000
G01 X62.360600 Y47.299000 Z-0.125000
G01 X62.360600 Y47.299000 Z-0.125000
G00 Z5.000000

(End cutting path id: path806)


(Start cutting path id: path806)
(Change tool to Default tool)

G00 Z5.000000
G00 X64.096700 Y36.882000

G01 Z-0.125000 F100.0(Penetrate)
G01 X64.096700 Y42.741000 Z-0.125000 F400.000000
G01 X48.688300 Y42.741000 Z-0.125000
G01 X33.280000 Y42.741000 Z-0.125000
G01 X33.280000 Y37.171000 Z-0.125000
G01 X33.365000 Y33.152000 Z-0.125000
G01 X33.569300 Y31.312000 Z-0.125000
G01 X38.214900 Y31.107000 Z-0.125000
G01 X48.977700 Y31.022000 Z-0.125000
G01 X64.096700 Y31.022000 Z-0.125000
G01 X64.096700 Y36.882000 Z-0.125000
G00 Z5.000000

(End cutting path id: path806)


(Start cutting path id: path806)
(Change tool to Default tool)

G00 Z5.000000
G00 X58.454200 Y63.141000

G01 Z-0.125000 F100.0(Penetrate)
G01 X58.454200 Y81.371000 Z-0.125000 F400.000000
G01 X59.756300 Y81.371000 Z-0.125000
G01 X61.058500 Y81.371000 Z-0.125000
G01 X61.058500 Y100.252000 Z-0.125000
G01 X61.169500 Y114.304000 Z-0.125000
G01 X61.305400 Y117.911600 Z-0.125000
G01 X61.492500 Y119.132300 Z-0.125000
G01 X61.799000 Y119.451100 Z-0.125000
G01 X61.926500 Y120.217400 Z-0.125000
G01 X62.049200 Y120.983800 Z-0.125000
G01 X62.344300 Y121.302500 Z-0.125000
G01 X62.516300 Y121.616600 Z-0.125000
G01 X62.676000 Y122.471600 Z-0.125000
G01 X62.886800 Y125.282300 Z-0.125000
G01 X63.114000 Y128.330600 Z-0.125000
G01 X63.306300 Y129.120700 Z-0.125000
G01 X63.554200 Y129.441800 Z-0.125000
G01 X63.811400 Y129.317900 Z-0.125000
G01 X63.978700 Y128.678100 Z-0.125000
G01 X64.096700 Y125.462100 Z-0.125000
G01 X64.222000 Y122.113300 Z-0.125000
G01 X64.418400 Y121.476600 Z-0.125000
G01 X64.739500 Y121.302500 Z-0.125000
G01 X64.924400 Y121.381000 Z-0.125000
G01 X65.074000 Y121.656800 Z-0.125000
G01 X65.286400 Y123.042900 Z-0.125000
G01 X65.499000 Y130.851900 Z-0.125000
G01 X65.699700 Y137.876200 Z-0.125000
G01 X65.859100 Y139.752800 Z-0.125000
G01 X66.049900 Y140.401300 Z-0.125000
G01 X66.240700 Y139.752800 Z-0.125000
G01 X66.400100 Y137.876200 Z-0.125000
G01 X66.600800 Y130.851900 Z-0.125000
G01 X66.813400 Y123.042900 Z-0.125000
G01 X67.025800 Y121.656800 Z-0.125000
G01 X67.175400 Y121.381000 Z-0.125000
G01 X67.360300 Y121.302500 Z-0.125000
G01 X67.544900 Y121.374400 Z-0.125000
G01 X67.691400 Y121.628500 Z-0.125000
G01 X67.886700 Y122.913200 Z-0.125000
G01 X68.003100 Y130.200300 Z-0.125000
G01 X68.119500 Y137.506600 Z-0.125000
G01 X68.317200 Y138.779400 Z-0.125000
G01 X68.466100 Y139.028300 Z-0.125000
G01 X68.654100 Y139.098100 Z-0.125000
G01 X68.842200 Y139.028300 Z-0.125000
G01 X68.991100 Y138.779400 Z-0.125000
G01 X69.188700 Y137.506600 Z-0.125000
G01 X69.305200 Y130.200300 Z-0.125000
G01 X69.421400 Y122.932100 Z-0.125000
G01 X69.614500 Y121.635600 Z-0.125000
G01 X69.758700 Y121.376500 Z-0.125000
G01 X69.940000 Y121.302500 Z-0.125000
G01 X70.256500 Y121.482000 Z-0.125000
G01 X70.470900 Y122.112700 Z-0.125000
G01 X70.699500 Y125.282300 Z-0.125000
G01 X70.926700 Y128.330600 Z-0.125000
G01 X71.119000 Y129.120700 Z-0.125000
G01 X71.366900 Y129.441800 Z-0.125000
G01 X71.622700 Y129.340800 Z-0.125000
G01 X71.791000 Y128.785500 Z-0.125000
G01 X71.914200 Y126.004600 Z-0.125000
G01 X71.987800 Y122.986900 Z-0.125000
G01 X72.199400 Y120.840600 Z-0.125000
G01 X72.550400 Y119.558200 Z-0.125000
G01 X72.778600 Y119.238600 Z-0.125000
G01 X73.042100 Y119.132300 Z-0.125000
G01 X73.202600 Y119.044700 Z-0.125000
G01 X73.335800 Y118.755200 Z-0.125000
G01 X73.533400 Y117.412200 Z-0.125000
G01 X73.744900 Y110.560000 Z-0.125000
G01 X73.862500 Y101.988000 Z-0.125000
G01 X75.818700 Y101.860000 Z-0.125000
G01 X77.774800 Y101.732000 Z-0.125000
G01 X77.839800 Y92.528000 Z-0.125000
G01 X77.945200 Y82.131000 Z-0.125000
G01 X78.012100 Y81.510000 Z-0.125000
G01 X78.209200 Y81.148000 Z-0.125000
G01 X78.610000 Y80.979000 Z-0.125000
G01 X79.288000 Y80.937000 Z-0.125000
G01 X80.590100 Y80.937000 Z-0.125000
G01 X80.590100 Y77.465000 Z-0.125000
G01 X80.461200 Y74.680000 Z-0.125000
G01 X80.262000 Y74.142000 Z-0.125000
G01 X79.939000 Y73.992000 Z-0.125000
G01 X79.621300 Y74.121000 Z-0.125000
G01 X79.421500 Y74.571000 Z-0.125000
G01 X79.288000 Y76.814000 Z-0.125000
G01 X79.288000 Y79.635000 Z-0.125000
G01 X77.985900 Y79.635000 Z-0.125000
G01 X76.683700 Y79.635000 Z-0.125000
G01 X76.683700 Y88.967000 Z-0.125000
G01 X76.683700 Y98.299000 Z-0.125000
G01 X72.343300 Y98.299000 Z-0.125000
G01 X68.003000 Y98.299000 Z-0.125000
G01 X68.003000 Y91.589000 Z-0.125000
G01 X68.003000 Y84.878000 Z-0.125000
G01 X71.548900 Y84.752000 Z-0.125000
G01 X74.250500 Y84.522000 Z-0.125000
G01 X74.973200 Y84.329000 Z-0.125000
G01 X75.274300 Y84.084000 Z-0.125000
G01 X75.168900 Y83.828000 Z-0.125000
G01 X74.596800 Y83.660000 Z-0.125000
G01 X71.728500 Y83.541000 Z-0.125000
G01 X69.591900 Y83.523000 Z-0.125000
G01 X68.484000 Y83.401000 Z-0.125000
G01 X68.066900 Y83.079000 Z-0.125000
G01 X68.003000 Y82.456000 Z-0.125000
G01 X68.066700 Y81.834000 Z-0.125000
G01 X68.480400 Y81.512000 Z-0.125000
G01 X69.577700 Y81.390000 Z-0.125000
G01 X71.692300 Y81.371000 Z-0.125000
G01 X74.350800 Y81.250000 Z-0.125000
G01 X75.110300 Y81.113000 Z-0.125000
G01 X75.381600 Y80.937000 Z-0.125000
G01 X74.974700 Y80.756000 Z-0.125000
G01 X73.808200 Y80.620000 Z-0.125000
G01 X69.522100 Y80.503000 Z-0.125000
G01 X65.335100 Y80.619000 Z-0.125000
G01 X64.106700 Y80.748000 Z-0.125000
G01 X63.662600 Y80.910000 Z-0.125000
G01 X64.076900 Y81.237000 Z-0.125000
G01 X65.073200 Y81.452000 Z-0.125000
G01 X65.756400 Y81.565000 Z-0.125000
G01 X66.213400 Y81.767000 Z-0.125000
G01 X66.487600 Y82.090000 Z-0.125000
G01 X66.622500 Y82.565000 Z-0.125000
G01 X66.644400 Y83.079000 Z-0.125000
G01 X66.472200 Y83.374000 Z-0.125000
G01 X66.022500 Y83.509000 Z-0.125000
G01 X65.211900 Y83.541000 Z-0.125000
G01 X64.029300 Y83.695000 Z-0.125000
G01 X63.751700 Y83.898000 Z-0.125000
G01 X63.662600 Y84.192000 Z-0.125000
G01 X63.750700 Y84.486000 Z-0.125000
G01 X64.024300 Y84.688000 Z-0.125000
G01 X65.181700 Y84.843000 Z-0.125000
G01 X66.402400 Y85.014000 Z-0.125000
G01 X66.636400 Y85.279000 Z-0.125000
G01 X66.700800 Y85.711000 Z-0.125000
G01 X66.636400 Y86.144000 Z-0.125000
G01 X66.402400 Y86.409000 Z-0.125000
G01 X65.181700 Y86.580000 Z-0.125000
G01 X64.024300 Y86.735000 Z-0.125000
G01 X63.750700 Y86.937000 Z-0.125000
G01 X63.662600 Y87.231000 Z-0.125000
G01 X63.750700 Y87.524000 Z-0.125000
G01 X64.024300 Y87.727000 Z-0.125000
G01 X65.181700 Y87.882000 Z-0.125000
G01 X66.402400 Y88.052000 Z-0.125000
G01 X66.636400 Y88.318000 Z-0.125000
G01 X66.700800 Y88.750000 Z-0.125000
G01 X66.636400 Y89.182000 Z-0.125000
G01 X66.402400 Y89.447000 Z-0.125000
G01 X65.181700 Y89.618000 Z-0.125000
G01 X64.024300 Y89.773000 Z-0.125000
G01 X63.750700 Y89.975000 Z-0.125000
G01 X63.662600 Y90.269000 Z-0.125000
G01 X63.751700 Y90.563000 Z-0.125000
G01 X64.029300 Y90.766000 Z-0.125000
G01 X65.211900 Y90.920000 Z-0.125000
G01 X66.019900 Y90.952000 Z-0.125000
G01 X66.469800 Y91.086000 Z-0.125000
G01 X66.643400 Y91.378000 Z-0.125000
G01 X66.622500 Y91.883000 Z-0.125000
G01 X66.494700 Y92.345000 Z-0.125000
G01 X66.244400 Y92.644000 Z-0.125000
G01 X65.832000 Y92.806000 Z-0.125000
G01 X65.217800 Y92.859000 Z-0.125000
G01 X64.270600 Y93.029000 Z-0.125000
G01 X63.771000 Y93.416000 Z-0.125000
G01 X63.786400 Y93.655000 Z-0.125000
G01 X64.018200 Y93.824000 Z-0.125000
G01 X65.145500 Y93.958000 Z-0.125000
G01 X65.966400 Y93.993000 Z-0.125000
G01 X66.436800 Y94.142000 Z-0.125000
G01 X66.650400 Y94.471000 Z-0.125000
G01 X66.700800 Y95.043000 Z-0.125000
G01 X66.650400 Y95.616000 Z-0.125000
G01 X66.436800 Y95.944000 Z-0.125000
G01 X65.966400 Y96.093000 Z-0.125000
G01 X65.145500 Y96.128000 Z-0.125000
G01 X64.066200 Y96.292000 Z-0.125000
G01 X63.815400 Y96.463000 Z-0.125000
G01 X63.753000 Y96.665000 Z-0.125000
G01 X64.180600 Y97.076000 Z-0.125000
G01 X65.323600 Y97.350000 Z-0.125000
G01 X66.397000 Y97.641000 Z-0.125000
G01 X66.629900 Y97.924000 Z-0.125000
G01 X66.700800 Y98.326000 Z-0.125000
G01 X66.634100 Y98.741000 Z-0.125000
G01 X66.396200 Y98.998000 Z-0.125000
G01 X65.181700 Y99.167000 Z-0.125000
G01 X64.024300 Y99.322000 Z-0.125000
G01 X63.750700 Y99.524000 Z-0.125000
G01 X63.662600 Y99.818000 Z-0.125000
G01 X63.750700 Y100.111000 Z-0.125000
G01 X64.024300 Y100.314000 Z-0.125000
G01 X65.181700 Y100.469000 Z-0.125000
G01 X66.331200 Y100.622000 Z-0.125000
G01 X66.609700 Y100.819000 Z-0.125000
G01 X66.700800 Y101.100000 Z-0.125000
G01 X66.848600 Y101.407000 Z-0.125000
G01 X67.339100 Y101.627000 Z-0.125000
G01 X69.630600 Y101.883000 Z-0.125000
G01 X70.852300 Y101.961000 Z-0.125000
G01 X71.078500 Y101.993000 Z-0.125000
G01 X71.039700 Y102.021000 Z-0.125000
G01 X68.111500 Y102.120000 Z-0.125000
G01 X64.526700 Y102.315000 Z-0.125000
G01 X63.847600 Y102.527000 Z-0.125000
G01 X63.662600 Y102.856000 Z-0.125000
G01 X63.838900 Y103.184000 Z-0.125000
G01 X64.494500 Y103.382000 Z-0.125000
G01 X68.003000 Y103.507000 Z-0.125000
G01 X71.682300 Y103.637000 Z-0.125000
G01 X72.231100 Y103.893000 Z-0.125000
G01 X72.343300 Y104.359000 Z-0.125000
G01 X72.227500 Y104.825000 Z-0.125000
G01 X71.684800 Y105.098000 Z-0.125000
G01 X68.146600 Y105.336000 Z-0.125000
G01 X64.925000 Y105.562000 Z-0.125000
G01 X64.101100 Y105.754000 Z-0.125000
G01 X63.770100 Y106.003000 Z-0.125000
G01 X63.903300 Y106.261000 Z-0.125000
G01 X64.577000 Y106.428000 Z-0.125000
G01 X67.966800 Y106.545000 Z-0.125000
G01 X72.343300 Y106.545000 Z-0.125000
G01 X72.343300 Y107.630000 Z-0.125000
G01 X72.343300 Y108.716000 Z-0.125000
G01 X68.003000 Y108.716000 Z-0.125000
G01 X64.856200 Y108.835000 Z-0.125000
G01 X63.974500 Y108.972000 Z-0.125000
G01 X63.662600 Y109.150000 Z-0.125000
G01 X63.974500 Y109.327000 Z-0.125000
G01 X64.856200 Y109.464000 Z-0.125000
G01 X68.003000 Y109.584000 Z-0.125000
G01 X72.343300 Y109.584000 Z-0.125000
G01 X72.343300 Y110.669000 Z-0.125000
G01 X72.343300 Y111.754000 Z-0.125000
G01 X67.966800 Y111.754000 Z-0.125000
G01 X64.577000 Y111.871000 Z-0.125000
G01 X63.903300 Y112.039000 Z-0.125000
G01 X63.770100 Y112.296000 Z-0.125000
G01 X64.101100 Y112.546000 Z-0.125000
G01 X64.924900 Y112.737000 Z-0.125000
G01 X68.146600 Y112.963000 Z-0.125000
G01 X71.684800 Y113.202000 Z-0.125000
G01 X72.227500 Y113.474000 Z-0.125000
G01 X72.343300 Y113.940000 Z-0.125000
G01 X72.220300 Y114.409000 Z-0.125000
G01 X71.599400 Y114.665000 Z-0.125000
G01 X67.351900 Y114.792000 Z-0.125000
G01 X62.360500 Y114.792000 Z-0.125000
G01 X62.360500 Y97.430000 Z-0.125000
G01 X62.360500 Y80.069000 Z-0.125000
G01 X61.058300 Y80.069000 Z-0.125000
G01 X59.756200 Y80.069000 Z-0.125000
G01 X59.756200 Y62.490000 Z-0.125000
G01 X59.643700 Y47.950000 Z-0.125000
G01 X59.446500 Y45.502000 Z-0.125000
G01 X59.296200 Y45.038000 Z-0.125000
G01 X59.105200 Y44.912000 Z-0.125000
G01 X58.914000 Y45.042000 Z-0.125000
G01 X58.763600 Y45.522000 Z-0.125000
G01 X58.566500 Y48.059000 Z-0.125000
G01 X58.454100 Y63.141000 Z-0.125000
G01 X58.454200 Y63.141000 Z-0.125000
G00 Z5.000000

(End cutting path id: path806)


(Start cutting path id: path806)
(Change tool to Default tool)

G00 Z5.000000
G00 X52.667000 Y64.733000

G01 Z-0.125000 F100.0(Penetrate)
G01 X52.401700 Y65.257000 Z-0.125000 F400.000000
G01 X52.399000 Y65.878000 Z-0.125000
G01 X52.620800 Y66.396000 Z-0.125000
G01 X53.028700 Y66.614000 Z-0.125000
G01 X53.301400 Y66.539000 Z-0.125000
G01 X53.506200 Y66.324000 Z-0.125000
G01 X53.679800 Y65.528000 Z-0.125000
G01 X53.604500 Y64.877000 Z-0.125000
G01 X53.394700 Y64.514000 Z-0.125000
G01 X53.074200 Y64.460000 Z-0.125000
G01 X52.667000 Y64.733000 Z-0.125000
G01 X52.667000 Y64.733000 Z-0.125000
G00 Z5.000000

(End cutting path id: path806)


(Start cutting path id: path806)
(Change tool to Default tool)

G00 Z5.000000
G00 X51.075600 Y62.924000

G01 Z-0.125000 F100.0(Penetrate)
G01 X51.203100 Y63.691000 Z-0.125000 F400.000000
G01 X51.509600 Y64.009000 Z-0.125000
G01 X51.816100 Y63.691000 Z-0.125000
G01 X51.943600 Y62.924000 Z-0.125000
G01 X51.816100 Y62.158000 Z-0.125000
G01 X51.509600 Y61.839000 Z-0.125000
G01 X51.203100 Y62.158000 Z-0.125000
G01 X51.075600 Y62.924000 Z-0.125000
G01 X51.075600 Y62.924000 Z-0.125000
G00 Z5.000000

(End cutting path id: path806)


(Start cutting path id: path806)
(Change tool to Default tool)

G00 Z5.000000
G00 X47.603200 Y62.924000

G01 Z-0.125000 F100.0(Penetrate)
G01 X47.745700 Y63.730000 Z-0.125000 F400.000000
G01 X47.916100 Y63.900000 Z-0.125000
G01 X48.145800 Y63.901000 Z-0.125000
G01 X48.529000 Y63.539000 Z-0.125000
G01 X48.688300 Y62.924000 Z-0.125000
G01 X48.529000 Y62.309000 Z-0.125000
G01 X48.145800 Y61.948000 Z-0.125000
G01 X47.916100 Y61.949000 Z-0.125000
G01 X47.745700 Y62.118000 Z-0.125000
G01 X47.603200 Y62.924000 Z-0.125000
G01 X47.603200 Y62.924000 Z-0.125000
G00 Z5.000000

(End cutting path id: path806)


(Start cutting path id: path806)
(Change tool to Default tool)

G00 Z5.000000
G00 X42.672300 Y59.102000

G01 Z-0.125000 F100.0(Penetrate)
G01 X42.413800 Y59.621000 Z-0.125000 F400.000000
G01 X42.416500 Y60.238000 Z-0.125000
G01 X42.640400 Y60.755000 Z-0.125000
G01 X43.045800 Y60.971000 Z-0.125000
G01 X43.505700 Y60.724000 Z-0.125000
G01 X43.696900 Y60.129000 Z-0.125000
G01 X43.600500 Y59.523000 Z-0.125000
G01 X43.354300 Y59.106000 Z-0.125000
G01 X43.023300 Y58.944000 Z-0.125000
G01 X42.672300 Y59.102000 Z-0.125000
G01 X42.672300 Y59.102000 Z-0.125000
G00 Z5.000000

(End cutting path id: path806)


(Start cutting path id: path806)
(Change tool to Default tool)

G00 Z5.000000
G00 X40.936200 Y59.102000

G01 Z-0.125000 F100.0(Penetrate)
G01 X40.677700 Y59.621000 Z-0.125000 F400.000000
G01 X40.680300 Y60.238000 Z-0.125000
G01 X40.904300 Y60.755000 Z-0.125000
G01 X41.309700 Y60.971000 Z-0.125000
G01 X41.769500 Y60.724000 Z-0.125000
G01 X41.960700 Y60.129000 Z-0.125000
G01 X41.864300 Y59.523000 Z-0.125000
G01 X41.618200 Y59.106000 Z-0.125000
G01 X41.287200 Y58.944000 Z-0.125000
G01 X40.936200 Y59.102000 Z-0.125000
G01 X40.936200 Y59.102000 Z-0.125000
G00 Z5.000000

(End cutting path id: path806)


(Start cutting path id: path806)
(Change tool to Default tool)

G00 Z5.000000
G00 X68.871200 Y87.231000

G01 Z-0.125000 F100.0(Penetrate)
G01 X69.013600 Y87.552000 Z-0.125000 F400.000000
G01 X69.522200 Y87.752000 Z-0.125000
G01 X72.126400 Y87.882000 Z-0.125000
G01 X74.730700 Y87.752000 Z-0.125000
G01 X75.239300 Y87.552000 Z-0.125000
G01 X75.381700 Y87.231000 Z-0.125000
G01 X75.239300 Y86.910000 Z-0.125000
G01 X74.730700 Y86.710000 Z-0.125000
G01 X72.126400 Y86.580000 Z-0.125000
G01 X69.522200 Y86.710000 Z-0.125000
G01 X69.013600 Y86.910000 Z-0.125000
G01 X68.871200 Y87.231000 Z-0.125000
G01 X68.871200 Y87.231000 Z-0.125000
G00 Z5.000000

(End cutting path id: path806)


(Start cutting path id: path806)
(Change tool to Default tool)

G00 Z5.000000
G00 X68.871200 Y90.269000

G01 Z-0.125000 F100.0(Penetrate)
G01 X69.013600 Y90.591000 Z-0.125000 F400.000000
G01 X69.522200 Y90.790000 Z-0.125000
G01 X72.126400 Y90.920000 Z-0.125000
G01 X74.730700 Y90.790000 Z-0.125000
G01 X75.239300 Y90.591000 Z-0.125000
G01 X75.381700 Y90.269000 Z-0.125000
G01 X75.239300 Y89.948000 Z-0.125000
G01 X74.730700 Y89.748000 Z-0.125000
G01 X72.126400 Y89.618000 Z-0.125000
G01 X69.522200 Y89.748000 Z-0.125000
G01 X69.013600 Y89.948000 Z-0.125000
G01 X68.871200 Y90.269000 Z-0.125000
G01 X68.871200 Y90.269000 Z-0.125000
G00 Z5.000000

(End cutting path id: path806)


(Start cutting path id: path806)
(Change tool to Default tool)

G00 Z5.000000
G00 X68.619000 Y93.054000

G01 Z-0.125000 F100.0(Penetrate)
G01 X68.428500 Y93.472000 Z-0.125000 F400.000000
G01 X68.882900 Y93.752000 Z-0.125000
G01 X70.037000 Y93.910000 Z-0.125000
G01 X71.945600 Y93.959000 Z-0.125000
G01 X74.592000 Y93.840000 Z-0.125000
G01 X75.163100 Y93.682000 Z-0.125000
G01 X75.284900 Y93.451000 Z-0.125000
G01 X74.971000 Y93.279000 Z-0.125000
G01 X74.238600 Y93.127000 Z-0.125000
G01 X72.058400 Y92.909000 Z-0.125000
G01 X69.825000 Y92.864000 Z-0.125000
G01 X68.619000 Y93.054000 Z-0.125000
G01 X68.619000 Y93.054000 Z-0.125000
G00 Z5.000000

(End cutting path id: path806)


(Start cutting path id: path806)
(Change tool to Default tool)

G00 Z5.000000
G00 X68.871200 Y96.799000

G01 Z-0.125000 F100.0(Penetrate)
G01 X68.995800 Y97.132000 Z-0.125000 F400.000000
G01 X69.463000 Y97.317000 Z-0.125000
G01 X71.983200 Y97.341000 Z-0.125000
G01 X74.338400 Y97.107000 Z-0.125000
G01 X74.993900 Y96.912000 Z-0.125000
G01 X75.274700 Y96.671000 Z-0.125000
G01 X75.187500 Y96.417000 Z-0.125000
G01 X74.683300 Y96.249000 Z-0.125000
G01 X72.162600 Y96.129000 Z-0.125000
G01 X69.512700 Y96.259000 Z-0.125000
G01 X69.008900 Y96.464000 Z-0.125000
G01 X68.871200 Y96.799000 Z-0.125000
G01 X68.871200 Y96.799000 Z-0.125000
G00 Z5.000000

(End cutting path id: path806)


(Start cutting path id: path806)
(Change tool to Default tool)

G00 Z5.000000
G00 X76.249800 Y100.035000

G01 Z-0.125000 F100.0(Penetrate)
G01 X75.951400 Y100.212000 Z-0.125000 F400.000000
G01 X75.110500 Y100.349000 Z-0.125000
G01 X72.126400 Y100.469000 Z-0.125000
G01 X69.142400 Y100.349000 Z-0.125000
G01 X68.301500 Y100.212000 Z-0.125000
G01 X68.003100 Y100.035000 Z-0.125000
G01 X68.301500 Y99.858000 Z-0.125000
G01 X69.142400 Y99.721000 Z-0.125000
G01 X72.126400 Y99.601000 Z-0.125000
G01 X75.110500 Y99.721000 Z-0.125000
G01 X75.951400 Y99.858000 Z-0.125000
G01 X76.249800 Y100.035000 Z-0.125000
G01 X76.249800 Y100.035000 Z-0.125000
G00 Z5.000000

(End cutting path id: path806)


(Start cutting path id: path806)
(Change tool to Default tool)

G00 Z5.000000
G00 X72.343400 Y116.764700

G01 Z-0.125000 F100.0(Penetrate)
G01 X72.343400 Y117.830300 Z-0.125000 F400.000000
G01 X67.352000 Y117.830300 Z-0.125000
G01 X64.492400 Y117.812700 Z-0.125000
G01 X63.007700 Y117.699600 Z-0.125000
G01 X62.447300 Y117.400500 Z-0.125000
G01 X62.360600 Y116.824600 Z-0.125000
G01 X62.449700 Y116.248900 Z-0.125000
G01 X63.014200 Y115.942900 Z-0.125000
G01 X64.499700 Y115.811000 Z-0.125000
G01 X67.352000 Y115.759000 Z-0.125000
G01 X72.343400 Y115.699000 Z-0.125000
G01 X72.343400 Y116.764700 Z-0.125000
G00 Z5.000000

(End cutting path id: path806)


(Start cutting path id: path806)
(Change tool to Default tool)

G00 Z5.000000
G00 X71.041300 Y119.566400

G01 Z-0.125000 F100.0(Penetrate)
G01 X70.756500 Y119.742700 Z-0.125000 F400.000000
G01 X69.956200 Y119.879900 Z-0.125000
G01 X67.135000 Y120.000500 Z-0.125000
G01 X64.313700 Y119.879900 Z-0.125000
G01 X63.513500 Y119.742700 Z-0.125000
G01 X63.228600 Y119.566400 Z-0.125000
G01 X63.513500 Y119.390100 Z-0.125000
G01 X64.313700 Y119.252900 Z-0.125000
G01 X67.135000 Y119.132400 Z-0.125000
G01 X69.956200 Y119.252900 Z-0.125000
G01 X70.756500 Y119.390100 Z-0.125000
G01 X71.041300 Y119.566400 Z-0.125000
G01 X71.041300 Y119.566400 Z-0.125000
G00 Z5.000000

(End cutting path id: path806)


(Start cutting path id: path806)
(Change tool to Default tool)

G00 Z5.000000
G00 X121.824000 Y86.579000

G01 Z-0.125000 F100.0(Penetrate)
G01 X122.015000 Y86.885000 Z-0.125000 F400.000000
G01 X122.475000 Y87.013000 Z-0.125000
G01 X122.935000 Y86.885000 Z-0.125000
G01 X123.126000 Y86.579000 Z-0.125000
G01 X122.935000 Y86.272000 Z-0.125000
G01 X122.475000 Y86.145000 Z-0.125000
G01 X122.015000 Y86.272000 Z-0.125000
G01 X121.824000 Y86.579000 Z-0.125000
G01 X121.824000 Y86.579000 Z-0.125000
G00 Z5.000000

(End cutting path id: path806)


(Start cutting path id: path806)
(Change tool to Default tool)

G00 Z5.000000
G00 X122.045000 Y85.284000

G01 Z-0.125000 F100.0(Penetrate)
G01 X122.356000 Y85.522000 Z-0.125000 F400.000000
G01 X122.722000 Y85.475000 Z-0.125000
G01 X123.041000 Y85.219000 Z-0.125000
G01 X123.097000 Y85.019000 Z-0.125000
G01 X122.898000 Y84.889000 Z-0.125000
G01 X122.449000 Y84.843000 Z-0.125000
G01 X122.051000 Y84.972000 Z-0.125000
G01 X122.045000 Y85.284000 Z-0.125000
G01 X122.045000 Y85.284000 Z-0.125000
G00 Z5.000000

(End cutting path id: path806)


(Start cutting path id: path806)
(Change tool to Default tool)

G00 Z5.000000
G00 X121.824000 Y83.541000

G01 Z-0.125000 F100.0(Penetrate)
G01 X122.015000 Y83.847000 Z-0.125000 F400.000000
G01 X122.475000 Y83.975000 Z-0.125000
G01 X122.935000 Y83.847000 Z-0.125000
G01 X123.126000 Y83.541000 Z-0.125000
G01 X122.935000 Y83.234000 Z-0.125000
G01 X122.475000 Y83.106000 Z-0.125000
G01 X122.015000 Y83.234000 Z-0.125000
G01 X121.824000 Y83.541000 Z-0.125000
G01 X121.824000 Y83.541000 Z-0.125000
G00 Z5.000000

(End cutting path id: path806)


(Start cutting path id: path806)
(Change tool to Default tool)

G00 Z5.000000
G00 X121.824000 Y82.238000

G01 Z-0.125000 F100.0(Penetrate)
G01 X121.944000 Y82.545000 Z-0.125000 F400.000000
G01 X122.232000 Y82.672000 Z-0.125000
G01 X122.600000 Y82.545000 Z-0.125000
G01 X122.909000 Y82.238000 Z-0.125000
G01 X122.900000 Y81.932000 Z-0.125000
G01 X122.501000 Y81.804000 Z-0.125000
G01 X122.023000 Y81.932000 Z-0.125000
G01 X121.824000 Y82.238000 Z-0.125000
G01 X121.824000 Y82.238000 Z-0.125000
G00 Z5.000000

(End cutting path id: path806)


(Start cutting path id: path806)
(Change tool to Default tool)

G00 Z5.000000
G00 X123.978000 Y65.419000

G01 Z-0.125000 F100.0(Penetrate)
G01 X123.961000 Y86.796000 Z-0.125000 F400.000000
G01 X122.465000 Y88.532000 Z-0.125000
G01 X120.969000 Y90.268000 Z-0.125000
G01 X120.963000 Y68.241000 Z-0.125000
G01 X121.069000 Y49.992000 Z-0.125000
G01 X121.265000 Y46.942000 Z-0.125000
G01 X121.416000 Y46.368000 Z-0.125000
G01 X121.607000 Y46.213000 Z-0.125000
G01 X122.067000 Y45.969000 Z-0.125000
G01 X122.258000 Y45.381000 Z-0.125000
G01 X122.350000 Y44.875000 Z-0.125000
G01 X122.621000 Y44.485000 Z-0.125000
G01 X123.063000 Y44.216000 Z-0.125000
G01 X123.669000 Y44.077000 Z-0.125000
G01 X123.894000 Y50.332000 Z-0.125000
G01 X123.978000 Y65.419000 Z-0.125000
G01 X123.978000 Y65.419000 Z-0.125000
G00 Z5.000000

(End cutting path id: path806)


(Start cutting path id: path806)
(Change tool to Default tool)

G00 Z5.000000
G00 X128.768000 Y66.179000

G01 Z-0.125000 F100.0(Penetrate)
G01 X128.958000 Y66.794000 Z-0.125000 F400.000000
G01 X129.420000 Y67.047000 Z-0.125000
G01 X129.881000 Y66.794000 Z-0.125000
G01 X130.071000 Y66.179000 Z-0.125000
G01 X129.881000 Y65.564000 Z-0.125000
G01 X129.420000 Y65.311000 Z-0.125000
G01 X128.958000 Y65.564000 Z-0.125000
G01 X128.768000 Y66.179000 Z-0.125000
G01 X128.768000 Y66.179000 Z-0.125000
G00 Z5.000000

(End cutting path id: path806)


(Start cutting path id: path806)
(Change tool to Default tool)

G00 Z5.000000
G00 X130.939000 Y66.179000

G01 Z-0.125000 F100.0(Penetrate)
G01 X131.129000 Y66.794000 Z-0.125000 F400.000000
G01 X131.590000 Y67.047000 Z-0.125000
G01 X132.051000 Y66.794000 Z-0.125000
G01 X132.241000 Y66.179000 Z-0.125000
G01 X132.051000 Y65.564000 Z-0.125000
G01 X131.590000 Y65.311000 Z-0.125000
G01 X131.129000 Y65.564000 Z-0.125000
G01 X130.939000 Y66.179000 Z-0.125000
G01 X130.939000 Y66.179000 Z-0.125000
G00 Z5.000000

(End cutting path id: path806)


(Start cutting path id: path806)
(Change tool to Default tool)

G00 Z5.000000
G00 X133.109000 Y66.179000

G01 Z-0.125000 F100.0(Penetrate)
G01 X133.299000 Y66.794000 Z-0.125000 F400.000000
G01 X133.760000 Y67.047000 Z-0.125000
G01 X134.221000 Y66.794000 Z-0.125000
G01 X134.411000 Y66.179000 Z-0.125000
G01 X134.221000 Y65.564000 Z-0.125000
G01 X133.760000 Y65.311000 Z-0.125000
G01 X133.299000 Y65.564000 Z-0.125000
G01 X133.109000 Y66.179000 Z-0.125000
G01 X133.109000 Y66.179000 Z-0.125000
G00 Z5.000000

(End cutting path id: path806)


(Start cutting path id: path806)
(Change tool to Default tool)

G00 Z5.000000
G00 X135.279000 Y66.179000

G01 Z-0.125000 F100.0(Penetrate)
G01 X135.469000 Y66.794000 Z-0.125000 F400.000000
G01 X135.930000 Y67.047000 Z-0.125000
G01 X136.391000 Y66.794000 Z-0.125000
G01 X136.581000 Y66.179000 Z-0.125000
G01 X136.391000 Y65.564000 Z-0.125000
G01 X135.930000 Y65.311000 Z-0.125000
G01 X135.469000 Y65.564000 Z-0.125000
G01 X135.279000 Y66.179000 Z-0.125000
G01 X135.279000 Y66.179000 Z-0.125000
G00 Z5.000000

(End cutting path id: path806)


(Start cutting path id: path806)
(Change tool to Default tool)

G00 Z5.000000
G00 X137.449000 Y66.179000

G01 Z-0.125000 F100.0(Penetrate)
G01 X137.639000 Y66.794000 Z-0.125000 F400.000000
G01 X138.100000 Y67.047000 Z-0.125000
G01 X138.561000 Y66.794000 Z-0.125000
G01 X138.751000 Y66.179000 Z-0.125000
G01 X138.561000 Y65.564000 Z-0.125000
G01 X138.100000 Y65.311000 Z-0.125000
G01 X137.639000 Y65.564000 Z-0.125000
G01 X137.449000 Y66.179000 Z-0.125000
G01 X137.449000 Y66.179000 Z-0.125000
G00 Z5.000000

(End cutting path id: path806)


(Start cutting path id: path806)
(Change tool to Default tool)

G00 Z5.000000
G00 X131.015000 Y63.380000

G01 Z-0.125000 F100.0(Penetrate)
G01 X131.252000 Y63.920000 Z-0.125000 F400.000000
G01 X131.594000 Y64.120000 Z-0.125000
G01 X131.933000 Y63.971000 Z-0.125000
G01 X132.158000 Y63.466000 Z-0.125000
G01 X132.076000 Y62.908000 Z-0.125000
G01 X131.590000 Y62.707000 Z-0.125000
G01 X131.115000 Y62.896000 Z-0.125000
G01 X131.015000 Y63.381000 Z-0.125000
G01 X131.015000 Y63.380000 Z-0.125000
G00 Z5.000000

(End cutting path id: path806)


(Start cutting path id: path806)
(Change tool to Default tool)

G00 Z5.000000
G00 X128.845000 Y63.380000

G01 Z-0.125000 F100.0(Penetrate)
G01 X129.082000 Y63.920000 Z-0.125000 F400.000000
G01 X129.424000 Y64.120000 Z-0.125000
G01 X129.763000 Y63.971000 Z-0.125000
G01 X129.988000 Y63.466000 Z-0.125000
G01 X129.906000 Y62.908000 Z-0.125000
G01 X129.420000 Y62.707000 Z-0.125000
G01 X128.945000 Y62.896000 Z-0.125000
G01 X128.845000 Y63.381000 Z-0.125000
G01 X128.845000 Y63.380000 Z-0.125000
G00 Z5.000000

(End cutting path id: path806)


(Start cutting path id: path806)
(Change tool to Default tool)

G00 Z5.000000
G00 X128.768000 Y60.970000

G01 Z-0.125000 F100.0(Penetrate)
G01 X128.958000 Y61.585000 Z-0.125000 F400.000000
G01 X129.420000 Y61.839000 Z-0.125000
G01 X129.881000 Y61.585000 Z-0.125000
G01 X130.071000 Y60.970000 Z-0.125000
G01 X129.881000 Y60.356000 Z-0.125000
G01 X129.420000 Y60.102000 Z-0.125000
G01 X128.958000 Y60.356000 Z-0.125000
G01 X128.768000 Y60.970000 Z-0.125000
G01 X128.768000 Y60.970000 Z-0.125000
G00 Z5.000000

(End cutting path id: path806)


(Start cutting path id: path806)
(Change tool to Default tool)

G00 Z5.000000
G00 X128.768000 Y58.366000

G01 Z-0.125000 F100.0(Penetrate)
G01 X128.958000 Y58.981000 Z-0.125000 F400.000000
G01 X129.420000 Y59.234000 Z-0.125000
G01 X129.881000 Y58.981000 Z-0.125000
G01 X130.071000 Y58.366000 Z-0.125000
G01 X129.881000 Y57.751000 Z-0.125000
G01 X129.420000 Y57.498000 Z-0.125000
G01 X128.958000 Y57.751000 Z-0.125000
G01 X128.768000 Y58.366000 Z-0.125000
G01 X128.768000 Y58.366000 Z-0.125000
G00 Z5.000000

(End cutting path id: path806)


(Start cutting path id: path806)
(Change tool to Default tool)

G00 Z5.000000
G00 X130.939000 Y58.366000

G01 Z-0.125000 F100.0(Penetrate)
G01 X131.129000 Y58.981000 Z-0.125000 F400.000000
G01 X131.590000 Y59.234000 Z-0.125000
G01 X132.051000 Y58.981000 Z-0.125000
G01 X132.241000 Y58.366000 Z-0.125000
G01 X132.051000 Y57.751000 Z-0.125000
G01 X131.590000 Y57.498000 Z-0.125000
G01 X131.129000 Y57.751000 Z-0.125000
G01 X130.939000 Y58.366000 Z-0.125000
G01 X130.939000 Y58.366000 Z-0.125000
G00 Z5.000000

(End cutting path id: path806)


(Start cutting path id: path806)
(Change tool to Default tool)

G00 Z5.000000
G00 X133.109000 Y58.330000

G01 Z-0.125000 F100.0(Penetrate)
G01 X133.299000 Y58.982000 Z-0.125000 F400.000000
G01 X133.792000 Y59.234000 Z-0.125000
G01 X134.246000 Y59.033000 Z-0.125000
G01 X134.334000 Y58.511000 Z-0.125000
G01 X134.054000 Y57.874000 Z-0.125000
G01 X133.642000 Y57.615000 Z-0.125000
G01 X133.271000 Y57.759000 Z-0.125000
G01 X133.109000 Y58.330000 Z-0.125000
G01 X133.109000 Y58.330000 Z-0.125000
G00 Z5.000000

(End cutting path id: path806)


(Start cutting path id: path806)
(Change tool to Default tool)

G00 Z5.000000
G00 X135.279000 Y58.366000

G01 Z-0.125000 F100.0(Penetrate)
G01 X135.469000 Y58.981000 Z-0.125000 F400.000000
G01 X135.930000 Y59.234000 Z-0.125000
G01 X136.391000 Y58.981000 Z-0.125000
G01 X136.581000 Y58.366000 Z-0.125000
G01 X136.391000 Y57.751000 Z-0.125000
G01 X135.930000 Y57.498000 Z-0.125000
G01 X135.469000 Y57.751000 Z-0.125000
G01 X135.279000 Y58.366000 Z-0.125000
G01 X135.279000 Y58.366000 Z-0.125000
G00 Z5.000000

(End cutting path id: path806)


(Start cutting path id: path806)
(Change tool to Default tool)

G00 Z5.000000
G00 X137.449000 Y58.330000

G01 Z-0.125000 F100.0(Penetrate)
G01 X137.640000 Y58.982000 Z-0.125000 F400.000000
G01 X138.132000 Y59.234000 Z-0.125000
G01 X138.586000 Y59.033000 Z-0.125000
G01 X138.675000 Y58.511000 Z-0.125000
G01 X138.394000 Y57.874000 Z-0.125000
G01 X137.983000 Y57.615000 Z-0.125000
G01 X137.611000 Y57.759000 Z-0.125000
G01 X137.449000 Y58.330000 Z-0.125000
G01 X137.449000 Y58.330000 Z-0.125000
G00 Z5.000000

(End cutting path id: path806)


(Start cutting path id: path806)
(Change tool to Default tool)

G00 Z5.000000
G00 X139.619000 Y58.330000

G01 Z-0.125000 F100.0(Penetrate)
G01 X139.810000 Y58.982000 Z-0.125000 F400.000000
G01 X140.302000 Y59.234000 Z-0.125000
G01 X140.756000 Y59.033000 Z-0.125000
G01 X140.845000 Y58.511000 Z-0.125000
G01 X140.564000 Y57.874000 Z-0.125000
G01 X140.153000 Y57.615000 Z-0.125000
G01 X139.781000 Y57.759000 Z-0.125000
G01 X139.619000 Y58.330000 Z-0.125000
G01 X139.619000 Y58.330000 Z-0.125000
G00 Z5.000000

(End cutting path id: path806)


(Start cutting path id: path806)
(Change tool to Default tool)

G00 Z5.000000
G00 X139.619000 Y55.726000

G01 Z-0.125000 F100.0(Penetrate)
G01 X139.810000 Y56.378000 Z-0.125000 F400.000000
G01 X140.302000 Y56.630000 Z-0.125000
G01 X140.756000 Y56.429000 Z-0.125000
G01 X140.845000 Y55.906000 Z-0.125000
G01 X140.564000 Y55.270000 Z-0.125000
G01 X140.153000 Y55.011000 Z-0.125000
G01 X139.781000 Y55.155000 Z-0.125000
G01 X139.619000 Y55.726000 Z-0.125000
G01 X139.619000 Y55.726000 Z-0.125000
G00 Z5.000000

(End cutting path id: path806)


(Start cutting path id: path806)
(Change tool to Default tool)

G00 Z5.000000
G00 X139.619000 Y53.592000

G01 Z-0.125000 F100.0(Penetrate)
G01 X139.809000 Y54.207000 Z-0.125000 F400.000000
G01 X140.270000 Y54.460000 Z-0.125000
G01 X140.732000 Y54.207000 Z-0.125000
G01 X140.922000 Y53.592000 Z-0.125000
G01 X140.732000 Y52.977000 Z-0.125000
G01 X140.270000 Y52.724000 Z-0.125000
G01 X139.809000 Y52.977000 Z-0.125000
G01 X139.619000 Y53.592000 Z-0.125000
G01 X139.619000 Y53.592000 Z-0.125000
G00 Z5.000000

(End cutting path id: path806)


(Start cutting path id: path806)
(Change tool to Default tool)

G00 Z5.000000
G00 X137.449000 Y53.592000

G01 Z-0.125000 F100.0(Penetrate)
G01 X137.639000 Y54.207000 Z-0.125000 F400.000000
G01 X138.100000 Y54.460000 Z-0.125000
G01 X138.561000 Y54.207000 Z-0.125000
G01 X138.751000 Y53.592000 Z-0.125000
G01 X138.561000 Y52.977000 Z-0.125000
G01 X138.100000 Y52.724000 Z-0.125000
G01 X137.639000 Y52.977000 Z-0.125000
G01 X137.449000 Y53.592000 Z-0.125000
G01 X137.449000 Y53.592000 Z-0.125000
G00 Z5.000000

(End cutting path id: path806)


(Start cutting path id: path806)
(Change tool to Default tool)

G00 Z5.000000
G00 X137.449000 Y55.726000

G01 Z-0.125000 F100.0(Penetrate)
G01 X137.640000 Y56.378000 Z-0.125000 F400.000000
G01 X138.132000 Y56.630000 Z-0.125000
G01 X138.586000 Y56.429000 Z-0.125000
G01 X138.675000 Y55.906000 Z-0.125000
G01 X138.394000 Y55.270000 Z-0.125000
G01 X137.983000 Y55.011000 Z-0.125000
G01 X137.611000 Y55.155000 Z-0.125000
G01 X137.449000 Y55.726000 Z-0.125000
G01 X137.449000 Y55.726000 Z-0.125000
G00 Z5.000000

(End cutting path id: path806)


(Start cutting path id: path806)
(Change tool to Default tool)

G00 Z5.000000
G00 X135.557000 Y55.195000

G01 Z-0.125000 F100.0(Penetrate)
G01 X135.304000 Y55.638000 Z-0.125000 F400.000000
G01 X135.304000 Y56.107000 Z-0.125000
G01 X135.523000 Y56.479000 Z-0.125000
G01 X135.930000 Y56.630000 Z-0.125000
G01 X136.390000 Y56.446000 Z-0.125000
G01 X136.581000 Y56.005000 Z-0.125000
G01 X136.478000 Y55.515000 Z-0.125000
G01 X136.221000 Y55.176000 Z-0.125000
G01 X135.888000 Y55.049000 Z-0.125000
G01 X135.557000 Y55.195000 Z-0.125000
G01 X135.557000 Y55.195000 Z-0.125000
G00 Z5.000000

(End cutting path id: path806)


(Start cutting path id: path806)
(Change tool to Default tool)

G00 Z5.000000
G00 X135.279000 Y53.592000

G01 Z-0.125000 F100.0(Penetrate)
G01 X135.469000 Y54.207000 Z-0.125000 F400.000000
G01 X135.930000 Y54.460000 Z-0.125000
G01 X136.391000 Y54.207000 Z-0.125000
G01 X136.581000 Y53.592000 Z-0.125000
G01 X136.391000 Y52.977000 Z-0.125000
G01 X135.930000 Y52.724000 Z-0.125000
G01 X135.469000 Y52.977000 Z-0.125000
G01 X135.279000 Y53.592000 Z-0.125000
G01 X135.279000 Y53.592000 Z-0.125000
G00 Z5.000000

(End cutting path id: path806)


(Start cutting path id: path806)
(Change tool to Default tool)

G00 Z5.000000
G00 X133.109000 Y53.592000

G01 Z-0.125000 F100.0(Penetrate)
G01 X133.299000 Y54.207000 Z-0.125000 F400.000000
G01 X133.760000 Y54.460000 Z-0.125000
G01 X134.221000 Y54.207000 Z-0.125000
G01 X134.411000 Y53.592000 Z-0.125000
G01 X134.221000 Y52.977000 Z-0.125000
G01 X133.760000 Y52.724000 Z-0.125000
G01 X133.299000 Y52.977000 Z-0.125000
G01 X133.109000 Y53.592000 Z-0.125000
G01 X133.109000 Y53.592000 Z-0.125000
G00 Z5.000000

(End cutting path id: path806)


(Start cutting path id: path806)
(Change tool to Default tool)

G00 Z5.000000
G00 X133.109000 Y55.726000

G01 Z-0.125000 F100.0(Penetrate)
G01 X133.299000 Y56.378000 Z-0.125000 F400.000000
G01 X133.792000 Y56.630000 Z-0.125000
G01 X134.246000 Y56.429000 Z-0.125000
G01 X134.334000 Y55.906000 Z-0.125000
G01 X134.054000 Y55.270000 Z-0.125000
G01 X133.642000 Y55.011000 Z-0.125000
G01 X133.271000 Y55.155000 Z-0.125000
G01 X133.109000 Y55.726000 Z-0.125000
G01 X133.109000 Y55.726000 Z-0.125000
G00 Z5.000000

(End cutting path id: path806)


(Start cutting path id: path806)
(Change tool to Default tool)

G00 Z5.000000
G00 X131.216000 Y55.195000

G01 Z-0.125000 F100.0(Penetrate)
G01 X130.964000 Y55.638000 Z-0.125000 F400.000000
G01 X130.963000 Y56.107000 Z-0.125000
G01 X131.183000 Y56.479000 Z-0.125000
G01 X131.590000 Y56.630000 Z-0.125000
G01 X132.050000 Y56.446000 Z-0.125000
G01 X132.241000 Y56.005000 Z-0.125000
G01 X132.138000 Y55.515000 Z-0.125000
G01 X131.880000 Y55.176000 Z-0.125000
G01 X131.547000 Y55.049000 Z-0.125000
G01 X131.216000 Y55.195000 Z-0.125000
G01 X131.216000 Y55.195000 Z-0.125000
G00 Z5.000000

(End cutting path id: path806)


(Start cutting path id: path806)
(Change tool to Default tool)

G00 Z5.000000
G00 X130.939000 Y53.592000

G01 Z-0.125000 F100.0(Penetrate)
G01 X131.129000 Y54.207000 Z-0.125000 F400.000000
G01 X131.590000 Y54.460000 Z-0.125000
G01 X132.051000 Y54.207000 Z-0.125000
G01 X132.241000 Y53.592000 Z-0.125000
G01 X132.051000 Y52.977000 Z-0.125000
G01 X131.590000 Y52.724000 Z-0.125000
G01 X131.129000 Y52.977000 Z-0.125000
G01 X130.939000 Y53.592000 Z-0.125000
G01 X130.939000 Y53.592000 Z-0.125000
G00 Z5.000000

(End cutting path id: path806)


(Start cutting path id: path806)
(Change tool to Default tool)

G00 Z5.000000
G00 X128.768000 Y53.592000

G01 Z-0.125000 F100.0(Penetrate)
G01 X128.958000 Y54.207000 Z-0.125000 F400.000000
G01 X129.420000 Y54.460000 Z-0.125000
G01 X129.881000 Y54.207000 Z-0.125000
G01 X130.071000 Y53.592000 Z-0.125000
G01 X129.881000 Y52.977000 Z-0.125000
G01 X129.420000 Y52.724000 Z-0.125000
G01 X128.958000 Y52.977000 Z-0.125000
G01 X128.768000 Y53.592000 Z-0.125000
G01 X128.768000 Y53.592000 Z-0.125000
G00 Z5.000000

(End cutting path id: path806)


(Start cutting path id: path806)
(Change tool to Default tool)

G00 Z5.000000
G00 X129.046000 Y55.195000

G01 Z-0.125000 F100.0(Penetrate)
G01 X128.794000 Y55.638000 Z-0.125000 F400.000000
G01 X128.793000 Y56.107000 Z-0.125000
G01 X129.012000 Y56.479000 Z-0.125000
G01 X129.420000 Y56.630000 Z-0.125000
G01 X129.879000 Y56.446000 Z-0.125000
G01 X130.071000 Y56.005000 Z-0.125000
G01 X129.967000 Y55.515000 Z-0.125000
G01 X129.710000 Y55.176000 Z-0.125000
G01 X129.377000 Y55.049000 Z-0.125000
G01 X129.046000 Y55.195000 Z-0.125000
G01 X129.046000 Y55.195000 Z-0.125000
G00 Z5.000000

(End cutting path id: path806)


(Start cutting path id: path806)
(Change tool to Default tool)

G00 Z5.000000
G00 X128.768000 Y50.988000

G01 Z-0.125000 F100.0(Penetrate)
G01 X128.958000 Y51.602000 Z-0.125000 F400.000000
G01 X129.420000 Y51.856000 Z-0.125000
G01 X129.881000 Y51.602000 Z-0.125000
G01 X130.071000 Y50.988000 Z-0.125000
G01 X129.881000 Y50.373000 Z-0.125000
G01 X129.420000 Y50.119000 Z-0.125000
G01 X128.958000 Y50.373000 Z-0.125000
G01 X128.768000 Y50.988000 Z-0.125000
G01 X128.768000 Y50.988000 Z-0.125000
G00 Z5.000000

(End cutting path id: path806)


(Start cutting path id: path806)
(Change tool to Default tool)

G00 Z5.000000
G00 X133.109000 Y50.988000

G01 Z-0.125000 F100.0(Penetrate)
G01 X133.299000 Y51.602000 Z-0.125000 F400.000000
G01 X133.760000 Y51.856000 Z-0.125000
G01 X134.221000 Y51.602000 Z-0.125000
G01 X134.411000 Y50.988000 Z-0.125000
G01 X134.221000 Y50.373000 Z-0.125000
G01 X133.760000 Y50.119000 Z-0.125000
G01 X133.299000 Y50.373000 Z-0.125000
G01 X133.109000 Y50.988000 Z-0.125000
G01 X133.109000 Y50.988000 Z-0.125000
G00 Z5.000000

(End cutting path id: path806)


(Start cutting path id: path806)
(Change tool to Default tool)

G00 Z5.000000
G00 X135.279000 Y50.988000

G01 Z-0.125000 F100.0(Penetrate)
G01 X135.469000 Y51.602000 Z-0.125000 F400.000000
G01 X135.930000 Y51.856000 Z-0.125000
G01 X136.391000 Y51.602000 Z-0.125000
G01 X136.581000 Y50.988000 Z-0.125000
G01 X136.391000 Y50.373000 Z-0.125000
G01 X135.930000 Y50.119000 Z-0.125000
G01 X135.469000 Y50.373000 Z-0.125000
G01 X135.279000 Y50.988000 Z-0.125000
G01 X135.279000 Y50.988000 Z-0.125000
G00 Z5.000000

(End cutting path id: path806)


(Start cutting path id: path806)
(Change tool to Default tool)

G00 Z5.000000
G00 X135.279000 Y43.609000

G01 Z-0.125000 F100.0(Penetrate)
G01 X135.469000 Y44.224000 Z-0.125000 F400.000000
G01 X135.930000 Y44.477000 Z-0.125000
G01 X136.391000 Y44.224000 Z-0.125000
G01 X136.581000 Y43.609000 Z-0.125000
G01 X136.391000 Y42.994000 Z-0.125000
G01 X135.930000 Y42.741000 Z-0.125000
G01 X135.469000 Y42.994000 Z-0.125000
G01 X135.279000 Y43.609000 Z-0.125000
G01 X135.279000 Y43.609000 Z-0.125000
G00 Z5.000000

(End cutting path id: path806)


(Start cutting path id: path806)
(Change tool to Default tool)

G00 Z5.000000
G00 X133.186000 Y43.464000

G01 Z-0.125000 F100.0(Penetrate)
G01 X133.466000 Y44.101000 Z-0.125000 F400.000000
G01 X133.877000 Y44.360000 Z-0.125000
G01 X134.249000 Y44.216000 Z-0.125000
G01 X134.411000 Y43.645000 Z-0.125000
G01 X134.221000 Y42.993000 Z-0.125000
G01 X133.728000 Y42.741000 Z-0.125000
G01 X133.274000 Y42.942000 Z-0.125000
G01 X133.186000 Y43.464000 Z-0.125000
G01 X133.186000 Y43.464000 Z-0.125000
G00 Z5.000000

(End cutting path id: path806)


(Start cutting path id: path806)
(Change tool to Default tool)

G00 Z5.000000
G00 X133.651000 Y40.425000

G01 Z-0.125000 F100.0(Penetrate)
G01 X133.236000 Y40.781000 Z-0.125000 F400.000000
G01 X133.125000 Y41.264000 Z-0.125000
G01 X133.304000 Y41.690000 Z-0.125000
G01 X133.760000 Y41.873000 Z-0.125000
G01 X134.221000 Y41.620000 Z-0.125000
G01 X134.411000 Y41.005000 Z-0.125000
G01 X134.302000 Y40.171000 Z-0.125000
G01 X133.651000 Y40.425000 Z-0.125000
G01 X133.651000 Y40.425000 Z-0.125000
G00 Z5.000000

(End cutting path id: path806)


(Start cutting path id: path806)
(Change tool to Default tool)

G00 Z5.000000
G00 X135.557000 Y40.438000

G01 Z-0.125000 F100.0(Penetrate)
G01 X135.304000 Y40.881000 Z-0.125000 F400.000000
G01 X135.304000 Y41.350000 Z-0.125000
G01 X135.523000 Y41.721000 Z-0.125000
G01 X135.930000 Y41.873000 Z-0.125000
G01 X136.390000 Y41.689000 Z-0.125000
G01 X136.581000 Y41.247000 Z-0.125000
G01 X136.478000 Y40.758000 Z-0.125000
G01 X136.221000 Y40.419000 Z-0.125000
G01 X135.888000 Y40.291000 Z-0.125000
G01 X135.557000 Y40.438000 Z-0.125000
G01 X135.557000 Y40.438000 Z-0.125000
G00 Z5.000000

(End cutting path id: path806)


(Start cutting path id: path806)
(Change tool to Default tool)

G00 Z5.000000
G00 X137.727000 Y40.438000

G01 Z-0.125000 F100.0(Penetrate)
G01 X137.474000 Y40.881000 Z-0.125000 F400.000000
G01 X137.474000 Y41.350000 Z-0.125000
G01 X137.693000 Y41.721000 Z-0.125000
G01 X138.100000 Y41.873000 Z-0.125000
G01 X138.560000 Y41.689000 Z-0.125000
G01 X138.751000 Y41.247000 Z-0.125000
G01 X138.648000 Y40.758000 Z-0.125000
G01 X138.391000 Y40.419000 Z-0.125000
G01 X138.058000 Y40.291000 Z-0.125000
G01 X137.727000 Y40.438000 Z-0.125000
G01 X137.727000 Y40.438000 Z-0.125000
G00 Z5.000000

(End cutting path id: path806)


(Start cutting path id: path806)
(Change tool to Default tool)

G00 Z5.000000
G00 X139.897000 Y40.438000

G01 Z-0.125000 F100.0(Penetrate)
G01 X139.645000 Y40.881000 Z-0.125000 F400.000000
G01 X139.644000 Y41.350000 Z-0.125000
G01 X139.863000 Y41.721000 Z-0.125000
G01 X140.270000 Y41.873000 Z-0.125000
G01 X140.730000 Y41.689000 Z-0.125000
G01 X140.922000 Y41.247000 Z-0.125000
G01 X140.818000 Y40.758000 Z-0.125000
G01 X140.561000 Y40.419000 Z-0.125000
G01 X140.228000 Y40.291000 Z-0.125000
G01 X139.897000 Y40.438000 Z-0.125000
G01 X139.897000 Y40.438000 Z-0.125000
G00 Z5.000000

(End cutting path id: path806)


(Start cutting path id: path806)
(Change tool to Default tool)

G00 Z5.000000
G00 X141.963000 Y40.744000

G01 Z-0.125000 F100.0(Penetrate)
G01 X141.900000 Y41.416000 Z-0.125000 F400.000000
G01 X142.152000 Y41.974000 Z-0.125000
G01 X142.586000 Y42.172000 Z-0.125000
G01 X142.918000 Y41.699000 Z-0.125000
G01 X142.982000 Y41.027000 Z-0.125000
G01 X142.730000 Y40.469000 Z-0.125000
G01 X142.295000 Y40.271000 Z-0.125000
G01 X141.963000 Y40.744000 Z-0.125000
G01 X141.963000 Y40.744000 Z-0.125000
G00 Z5.000000

(End cutting path id: path806)


(Start cutting path id: path806)
(Change tool to Default tool)

G00 Z5.000000
G00 X141.790000 Y43.609000

G01 Z-0.125000 F100.0(Penetrate)
G01 X141.980000 Y44.224000 Z-0.125000 F400.000000
G01 X142.441000 Y44.477000 Z-0.125000
G01 X142.902000 Y44.224000 Z-0.125000
G01 X143.092000 Y43.609000 Z-0.125000
G01 X142.902000 Y42.994000 Z-0.125000
G01 X142.441000 Y42.741000 Z-0.125000
G01 X141.980000 Y42.994000 Z-0.125000
G01 X141.790000 Y43.609000 Z-0.125000
G01 X141.790000 Y43.609000 Z-0.125000
G00 Z5.000000

(End cutting path id: path806)


(Start cutting path id: path806)
(Change tool to Default tool)

G00 Z5.000000
G00 X143.960000 Y43.609000

G01 Z-0.125000 F100.0(Penetrate)
G01 X144.150000 Y44.224000 Z-0.125000 F400.000000
G01 X144.611000 Y44.477000 Z-0.125000
G01 X145.072000 Y44.224000 Z-0.125000
G01 X145.262000 Y43.609000 Z-0.125000
G01 X145.072000 Y42.994000 Z-0.125000
G01 X144.611000 Y42.741000 Z-0.125000
G01 X144.150000 Y42.994000 Z-0.125000
G01 X143.960000 Y43.609000 Z-0.125000
G01 X143.960000 Y43.609000 Z-0.125000
G00 Z5.000000

(End cutting path id: path806)


(Start cutting path id: path806)
(Change tool to Default tool)

G00 Z5.000000
G00 X146.130000 Y43.609000

G01 Z-0.125000 F100.0(Penetrate)
G01 X146.320000 Y44.224000 Z-0.125000 F400.000000
G01 X146.781000 Y44.477000 Z-0.125000
G01 X147.242000 Y44.224000 Z-0.125000
G01 X147.432000 Y43.609000 Z-0.125000
G01 X147.242000 Y42.994000 Z-0.125000
G01 X146.781000 Y42.741000 Z-0.125000
G01 X146.320000 Y42.994000 Z-0.125000
G01 X146.130000 Y43.609000 Z-0.125000
G01 X146.130000 Y43.609000 Z-0.125000
G00 Z5.000000

(End cutting path id: path806)


(Start cutting path id: path806)
(Change tool to Default tool)

G00 Z5.000000
G00 X146.408000 Y40.438000

G01 Z-0.125000 F100.0(Penetrate)
G01 X146.155000 Y40.881000 Z-0.125000 F400.000000
G01 X146.155000 Y41.350000 Z-0.125000
G01 X146.374000 Y41.721000 Z-0.125000
G01 X146.781000 Y41.873000 Z-0.125000
G01 X147.241000 Y41.689000 Z-0.125000
G01 X147.432000 Y41.247000 Z-0.125000
G01 X147.329000 Y40.758000 Z-0.125000
G01 X147.072000 Y40.419000 Z-0.125000
G01 X146.739000 Y40.291000 Z-0.125000
G01 X146.408000 Y40.438000 Z-0.125000
G01 X146.408000 Y40.438000 Z-0.125000
G00 Z5.000000

(End cutting path id: path806)


(Start cutting path id: path806)
(Change tool to Default tool)

G00 Z5.000000
G00 X142.658000 Y36.231000

G01 Z-0.125000 F100.0(Penetrate)
G01 X142.785000 Y36.537000 Z-0.125000 F400.000000
G01 X143.092000 Y36.665000 Z-0.125000
G01 X143.398000 Y36.537000 Z-0.125000
G01 X143.526000 Y36.231000 Z-0.125000
G01 X143.398000 Y35.924000 Z-0.125000
G01 X143.092000 Y35.797000 Z-0.125000
G01 X142.785000 Y35.924000 Z-0.125000
G01 X142.658000 Y36.231000 Z-0.125000
G01 X142.658000 Y36.231000 Z-0.125000
G00 Z5.000000

(End cutting path id: path806)


(Start cutting path id: path806)
(Change tool to Default tool)

G00 Z5.000000
G00 X140.707000 Y33.199000

G01 Z-0.125000 F100.0(Penetrate)
G01 X140.749000 Y34.223000 Z-0.125000 F400.000000
G01 X140.493000 Y35.517000 Z-0.125000
G01 X140.069000 Y36.627000 Z-0.125000
G01 X139.833000 Y36.971000 Z-0.125000
G01 X139.603000 Y37.098000 Z-0.125000
G01 X139.181000 Y36.592000 Z-0.125000
G01 X138.704000 Y35.376000 Z-0.125000
G01 X138.405000 Y33.868000 Z-0.125000
G01 X138.493000 Y33.392000 Z-0.125000
G01 X138.740000 Y32.989000 Z-0.125000
G01 X139.324000 Y32.486000 Z-0.125000
G01 X139.887000 Y32.357000 Z-0.125000
G01 X140.368000 Y32.597000 Z-0.125000
G01 X140.707000 Y33.199000 Z-0.125000
G01 X140.707000 Y33.199000 Z-0.125000
G00 Z5.000000

(End cutting path id: path806)


(Start cutting path id: path806)
(Change tool to Default tool)

G00 Z5.000000
G00 X136.147000 Y36.231000

G01 Z-0.125000 F100.0(Penetrate)
G01 X136.275000 Y36.537000 Z-0.125000 F400.000000
G01 X136.581000 Y36.665000 Z-0.125000
G01 X136.888000 Y36.537000 Z-0.125000
G01 X137.015000 Y36.231000 Z-0.125000
G01 X136.888000 Y35.924000 Z-0.125000
G01 X136.581000 Y35.797000 Z-0.125000
G01 X136.275000 Y35.924000 Z-0.125000
G01 X136.147000 Y36.231000 Z-0.125000
G01 X136.147000 Y36.231000 Z-0.125000
G00 Z5.000000

(End cutting path id: path806)


(Start cutting path id: path806)
(Change tool to Default tool)

G00 Z5.000000
G00 X134.845000 Y36.231000

G01 Z-0.125000 F100.0(Penetrate)
G01 X134.973000 Y36.537000 Z-0.125000 F400.000000
G01 X135.279000 Y36.665000 Z-0.125000
G01 X135.586000 Y36.537000 Z-0.125000
G01 X135.713000 Y36.231000 Z-0.125000
G01 X135.586000 Y35.924000 Z-0.125000
G01 X135.279000 Y35.797000 Z-0.125000
G01 X134.973000 Y35.924000 Z-0.125000
G01 X134.845000 Y36.231000 Z-0.125000
G01 X134.845000 Y36.231000 Z-0.125000
G00 Z5.000000

(End cutting path id: path806)


(Start cutting path id: path806)
(Change tool to Default tool)

G00 Z5.000000
G00 X133.109000 Y36.231000

G01 Z-0.125000 F100.0(Penetrate)
G01 X133.236000 Y36.537000 Z-0.125000 F400.000000
G01 X133.543000 Y36.665000 Z-0.125000
G01 X133.849000 Y36.537000 Z-0.125000
G01 X133.977000 Y36.231000 Z-0.125000
G01 X133.849000 Y35.924000 Z-0.125000
G01 X133.543000 Y35.797000 Z-0.125000
G01 X133.236000 Y35.924000 Z-0.125000
G01 X133.109000 Y36.231000 Z-0.125000
G01 X133.109000 Y36.231000 Z-0.125000
G00 Z5.000000

(End cutting path id: path806)


(Start cutting path id: path806)
(Change tool to Default tool)

G00 Z5.000000
G00 X131.807000 Y36.473000

G01 Z-0.125000 F100.0(Penetrate)
G01 X131.934000 Y36.873000 Z-0.125000 F400.000000
G01 X132.241000 Y36.882000 Z-0.125000
G01 X132.547000 Y36.572000 Z-0.125000
G01 X132.675000 Y36.205000 Z-0.125000
G01 X132.547000 Y35.917000 Z-0.125000
G01 X132.241000 Y35.797000 Z-0.125000
G01 X131.934000 Y35.996000 Z-0.125000
G01 X131.807000 Y36.473000 Z-0.125000
G01 X131.807000 Y36.473000 Z-0.125000
G00 Z5.000000

(End cutting path id: path806)


(Start cutting path id: path806)
(Change tool to Default tool)

G00 Z5.000000
G00 X130.071000 Y36.231000

G01 Z-0.125000 F100.0(Penetrate)
G01 X130.198000 Y36.537000 Z-0.125000 F400.000000
G01 X130.505000 Y36.665000 Z-0.125000
G01 X130.811000 Y36.537000 Z-0.125000
G01 X130.939000 Y36.231000 Z-0.125000
G01 X130.811000 Y35.924000 Z-0.125000
G01 X130.505000 Y35.797000 Z-0.125000
G01 X130.198000 Y35.924000 Z-0.125000
G01 X130.071000 Y36.231000 Z-0.125000
G01 X130.071000 Y36.231000 Z-0.125000
G00 Z5.000000

(End cutting path id: path806)


(Start cutting path id: path806)
(Change tool to Default tool)

G00 Z5.000000
G00 X128.768000 Y36.231000

G01 Z-0.125000 F100.0(Penetrate)
G01 X128.896000 Y36.537000 Z-0.125000 F400.000000
G01 X129.203000 Y36.665000 Z-0.125000
G01 X129.509000 Y36.537000 Z-0.125000
G01 X129.637000 Y36.231000 Z-0.125000
G01 X129.509000 Y35.924000 Z-0.125000
G01 X129.203000 Y35.797000 Z-0.125000
G01 X128.896000 Y35.924000 Z-0.125000
G01 X128.768000 Y36.231000 Z-0.125000
G01 X128.768000 Y36.231000 Z-0.125000
G00 Z5.000000

(End cutting path id: path806)


(Start cutting path id: path806)
(Change tool to Default tool)

G00 Z5.000000
G00 X131.104000 Y40.767000

G01 Z-0.125000 F100.0(Penetrate)
G01 X131.015000 Y41.348000 Z-0.125000 F400.000000
G01 X131.153000 Y41.839000 Z-0.125000
G01 X131.449000 Y42.120000 Z-0.125000
G01 X131.837000 Y42.072000 Z-0.125000
G01 X132.140000 Y41.626000 Z-0.125000
G01 X132.230000 Y40.977000 Z-0.125000
G01 X132.113000 Y40.392000 Z-0.125000
G01 X131.793000 Y40.137000 Z-0.125000
G01 X131.406000 Y40.322000 Z-0.125000
G01 X131.104000 Y40.767000 Z-0.125000
G01 X131.104000 Y40.767000 Z-0.125000
G00 Z5.000000

(End cutting path id: path806)


(Start cutting path id: path806)
(Change tool to Default tool)

G00 Z5.000000
G00 X129.062000 Y43.349000

G01 Z-0.125000 F100.0(Penetrate)
G01 X128.974000 Y43.795000 Z-0.125000 F400.000000
G01 X129.064000 Y44.153000 Z-0.125000
G01 X129.315000 Y44.391000 Z-0.125000
G01 X129.709000 Y44.477000 Z-0.125000
G01 X129.964000 Y44.222000 Z-0.125000
G01 X130.071000 Y43.609000 Z-0.125000
G01 X129.962000 Y43.021000 Z-0.125000
G01 X129.697000 Y42.766000 Z-0.125000
G01 X129.366000 Y42.868000 Z-0.125000
G01 X129.062000 Y43.349000 Z-0.125000
G01 X129.062000 Y43.349000 Z-0.125000
G00 Z5.000000

(End cutting path id: path806)


(Start cutting path id: path806)
(Change tool to Default tool)

G00 Z5.000000
G00 X139.619000 Y43.609000

G01 Z-0.125000 F100.0(Penetrate)
G01 X139.809000 Y44.224000 Z-0.125000 F400.000000
G01 X140.271000 Y44.477000 Z-0.125000
G01 X140.732000 Y44.224000 Z-0.125000
G01 X140.922000 Y43.609000 Z-0.125000
G01 X140.732000 Y42.994000 Z-0.125000
G01 X140.271000 Y42.741000 Z-0.125000
G01 X139.809000 Y42.994000 Z-0.125000
G01 X139.619000 Y43.609000 Z-0.125000
G01 X139.619000 Y43.609000 Z-0.125000
G00 Z5.000000

(End cutting path id: path806)


(Start cutting path id: path806)
(Change tool to Default tool)

G00 Z5.000000
G00 X148.300000 Y46.213000

G01 Z-0.125000 F100.0(Penetrate)
G01 X148.428000 Y46.826000 Z-0.125000 F400.000000
G01 X148.734000 Y47.081000 Z-0.125000
G01 X149.041000 Y46.826000 Z-0.125000
G01 X149.168000 Y46.213000 Z-0.125000
G01 X149.041000 Y45.600000 Z-0.125000
G01 X148.734000 Y45.345000 Z-0.125000
G01 X148.428000 Y45.600000 Z-0.125000
G01 X148.300000 Y46.213000 Z-0.125000
G01 X148.300000 Y46.213000 Z-0.125000
G00 Z5.000000

(End cutting path id: path806)


(Start cutting path id: path806)
(Change tool to Default tool)

G00 Z5.000000
G00 X152.207000 Y46.647000

G01 Z-0.125000 F100.0(Penetrate)
G01 X152.334000 Y46.954000 Z-0.125000 F400.000000
G01 X152.641000 Y47.081000 Z-0.125000
G01 X152.947000 Y46.954000 Z-0.125000
G01 X153.075000 Y46.647000 Z-0.125000
G01 X152.947000 Y46.341000 Z-0.125000
G01 X152.641000 Y46.213000 Z-0.125000
G01 X152.334000 Y46.341000 Z-0.125000
G01 X152.207000 Y46.647000 Z-0.125000
G01 X152.207000 Y46.647000 Z-0.125000
G00 Z5.000000

(End cutting path id: path806)


(Start cutting path id: path806)
(Change tool to Default tool)

G00 Z5.000000
G00 X152.207000 Y47.949000

G01 Z-0.125000 F100.0(Penetrate)
G01 X152.334000 Y48.256000 Z-0.125000 F400.000000
G01 X152.641000 Y48.383000 Z-0.125000
G01 X152.947000 Y48.256000 Z-0.125000
G01 X153.075000 Y47.949000 Z-0.125000
G01 X152.947000 Y47.643000 Z-0.125000
G01 X152.641000 Y47.515000 Z-0.125000
G01 X152.334000 Y47.643000 Z-0.125000
G01 X152.207000 Y47.949000 Z-0.125000
G01 X152.207000 Y47.949000 Z-0.125000
G00 Z5.000000

(End cutting path id: path806)


(Start cutting path id: path806)
(Change tool to Default tool)

G00 Z5.000000
G00 X152.207000 Y45.345000

G01 Z-0.125000 F100.0(Penetrate)
G01 X152.327000 Y45.652000 Z-0.125000 F400.000000
G01 X152.615000 Y45.779000 Z-0.125000
G01 X152.982000 Y45.652000 Z-0.125000
G01 X153.292000 Y45.345000 Z-0.125000
G01 X153.282000 Y45.039000 Z-0.125000
G01 X152.883000 Y44.911000 Z-0.125000
G01 X152.405000 Y45.039000 Z-0.125000
G01 X152.207000 Y45.345000 Z-0.125000
G01 X152.207000 Y45.345000 Z-0.125000
G00 Z5.000000

(End cutting path id: path806)


(Start cutting path id: path806)
(Change tool to Default tool)

G00 Z5.000000
G00 X152.207000 Y43.609000

G01 Z-0.125000 F100.0(Penetrate)
G01 X152.334000 Y43.915000 Z-0.125000 F400.000000
G01 X152.641000 Y44.043000 Z-0.125000
G01 X152.947000 Y43.915000 Z-0.125000
G01 X153.075000 Y43.609000 Z-0.125000
G01 X152.947000 Y43.302000 Z-0.125000
G01 X152.641000 Y43.175000 Z-0.125000
G01 X152.334000 Y43.302000 Z-0.125000
G01 X152.207000 Y43.609000 Z-0.125000
G01 X152.207000 Y43.609000 Z-0.125000
G00 Z5.000000

(End cutting path id: path806)


(Start cutting path id: path806)
(Change tool to Default tool)

G00 Z5.000000
G00 X152.207000 Y42.307000

G01 Z-0.125000 F100.0(Penetrate)
G01 X152.334000 Y42.613000 Z-0.125000 F400.000000
G01 X152.641000 Y42.741000 Z-0.125000
G01 X152.947000 Y42.613000 Z-0.125000
G01 X153.075000 Y42.307000 Z-0.125000
G01 X152.947000 Y42.000000 Z-0.125000
G01 X152.641000 Y41.873000 Z-0.125000
G01 X152.334000 Y42.000000 Z-0.125000
G01 X152.207000 Y42.307000 Z-0.125000
G01 X152.207000 Y42.307000 Z-0.125000
G00 Z5.000000

(End cutting path id: path806)


(Start cutting path id: path806)
(Change tool to Default tool)

G00 Z5.000000
G00 X152.207000 Y40.571000

G01 Z-0.125000 F100.0(Penetrate)
G01 X152.334000 Y40.877000 Z-0.125000 F400.000000
G01 X152.641000 Y41.005000 Z-0.125000
G01 X152.947000 Y40.877000 Z-0.125000
G01 X153.075000 Y40.571000 Z-0.125000
G01 X152.947000 Y40.264000 Z-0.125000
G01 X152.641000 Y40.137000 Z-0.125000
G01 X152.334000 Y40.264000 Z-0.125000
G01 X152.207000 Y40.571000 Z-0.125000
G01 X152.207000 Y40.571000 Z-0.125000
G00 Z5.000000

(End cutting path id: path806)


(Start cutting path id: path806)
(Change tool to Default tool)

G00 Z5.000000
G00 X159.151000 Y39.919000

G01 Z-0.125000 F100.0(Penetrate)
G01 X159.268000 Y46.502000 Z-0.125000 F400.000000
G01 X159.466000 Y47.658000 Z-0.125000
G01 X159.615000 Y47.885000 Z-0.125000
G01 X159.802000 Y47.949000 Z-0.125000
G01 X159.990000 Y47.885000 Z-0.125000
G01 X160.138000 Y47.658000 Z-0.125000
G01 X160.336000 Y46.502000 Z-0.125000
G01 X160.453000 Y39.919000 Z-0.125000
G01 X160.336000 Y33.337000 Z-0.125000
G01 X160.138000 Y32.181000 Z-0.125000
G01 X159.990000 Y31.954000 Z-0.125000
G01 X159.802000 Y31.890000 Z-0.125000
G01 X159.615000 Y31.954000 Z-0.125000
G01 X159.466000 Y32.181000 Z-0.125000
G01 X159.268000 Y33.337000 Z-0.125000
G01 X159.151000 Y39.919000 Z-0.125000
G01 X159.151000 Y39.919000 Z-0.125000
G00 Z5.000000

(End cutting path id: path806)


(Start cutting path id: path806)
(Change tool to Default tool)

G00 Z5.000000
G00 X161.321000 Y39.919000

G01 Z-0.125000 F100.0(Penetrate)
G01 X161.439000 Y46.502000 Z-0.125000 F400.000000
G01 X161.636000 Y47.658000 Z-0.125000
G01 X161.785000 Y47.885000 Z-0.125000
G01 X161.972000 Y47.949000 Z-0.125000
G01 X162.160000 Y47.885000 Z-0.125000
G01 X162.308000 Y47.658000 Z-0.125000
G01 X162.506000 Y46.502000 Z-0.125000
G01 X162.623000 Y39.919000 Z-0.125000
G01 X162.506000 Y33.337000 Z-0.125000
G01 X162.308000 Y32.181000 Z-0.125000
G01 X162.160000 Y31.954000 Z-0.125000
G01 X161.972000 Y31.890000 Z-0.125000
G01 X161.785000 Y31.954000 Z-0.125000
G01 X161.636000 Y32.181000 Z-0.125000
G01 X161.439000 Y33.337000 Z-0.125000
G01 X161.321000 Y39.919000 Z-0.125000
G01 X161.321000 Y39.919000 Z-0.125000
G00 Z5.000000

(End cutting path id: path806)


(Start cutting path id: path806)
(Change tool to Default tool)

G00 Z5.000000
G00 X162.958000 Y40.245000

G01 Z-0.125000 F100.0(Penetrate)
G01 X163.075000 Y49.251000 Z-0.125000 F400.000000
G01 X160.896000 Y49.251000 Z-0.125000
G01 X158.717000 Y49.251000 Z-0.125000
G01 X158.717000 Y40.113000 Z-0.125000
G01 X158.717000 Y30.974000 Z-0.125000
G01 X160.779000 Y31.106000 Z-0.125000
G01 X162.840000 Y31.239000 Z-0.125000
G01 X162.958000 Y40.245000 Z-0.125000
G00 Z5.000000

(End cutting path id: path806)


(Start cutting path id: path806)
(Change tool to Default tool)

G00 Z5.000000
G00 X165.819000 Y38.617000

G01 Z-0.125000 F100.0(Penetrate)
G01 X165.712000 Y39.264000 Z-0.125000 F400.000000
G01 X165.826000 Y39.897000 Z-0.125000
G01 X166.111000 Y40.379000 Z-0.125000
G01 X166.516000 Y40.570000 Z-0.125000
G01 X166.832000 Y40.188000 Z-0.125000
G01 X166.964000 Y39.268000 Z-0.125000
G01 X166.845000 Y38.434000 Z-0.125000
G01 X166.552000 Y38.012000 Z-0.125000
G01 X166.179000 Y38.055000 Z-0.125000
G01 X165.819000 Y38.617000 Z-0.125000
G01 X165.819000 Y38.617000 Z-0.125000
G00 Z5.000000

(End cutting path id: path806)


(Start cutting path id: path806)
(Change tool to Default tool)

G00 Z5.000000
G00 X168.266000 Y39.305000

G01 Z-0.125000 F100.0(Penetrate)
G01 X168.429000 Y40.215000 Z-0.125000 F400.000000
G01 X168.600000 Y40.423000 Z-0.125000
G01 X168.802000 Y40.472000 Z-0.125000
G01 X169.213000 Y40.101000 Z-0.125000
G01 X169.488000 Y39.126000 Z-0.125000
G01 X169.434000 Y38.238000 Z-0.125000
G01 X169.248000 Y38.032000 Z-0.125000
G01 X168.946000 Y37.966000 Z-0.125000
G01 X168.641000 Y38.045000 Z-0.125000
G01 X168.430000 Y38.288000 Z-0.125000
G01 X168.266000 Y39.305000 Z-0.125000
G01 X168.266000 Y39.305000 Z-0.125000
G00 Z5.000000

(End cutting path id: path806)


(Start cutting path id: path806)
(Change tool to Default tool)

G00 Z5.000000
G00 X170.593000 Y38.617000

G01 Z-0.125000 F100.0(Penetrate)
G01 X170.487000 Y39.264000 Z-0.125000 F400.000000
G01 X170.601000 Y39.897000 Z-0.125000
G01 X170.885000 Y40.379000 Z-0.125000
G01 X171.291000 Y40.570000 Z-0.125000
G01 X171.607000 Y40.188000 Z-0.125000
G01 X171.738000 Y39.268000 Z-0.125000
G01 X171.620000 Y38.434000 Z-0.125000
G01 X171.327000 Y38.012000 Z-0.125000
G01 X170.953000 Y38.055000 Z-0.125000
G01 X170.593000 Y38.617000 Z-0.125000
G01 X170.593000 Y38.617000 Z-0.125000
G00 Z5.000000

(End cutting path id: path806)


(Start cutting path id: path806)
(Change tool to Default tool)

G00 Z5.000000
G00 X173.040000 Y39.305000

G01 Z-0.125000 F100.0(Penetrate)
G01 X173.203000 Y40.215000 Z-0.125000 F400.000000
G01 X173.374000 Y40.423000 Z-0.125000
G01 X173.577000 Y40.472000 Z-0.125000
G01 X173.987000 Y40.101000 Z-0.125000
G01 X174.263000 Y39.126000 Z-0.125000
G01 X174.209000 Y38.238000 Z-0.125000
G01 X174.022000 Y38.032000 Z-0.125000
G01 X173.720000 Y37.966000 Z-0.125000
G01 X173.416000 Y38.045000 Z-0.125000
G01 X173.204000 Y38.288000 Z-0.125000
G01 X173.040000 Y39.305000 Z-0.125000
G01 X173.040000 Y39.305000 Z-0.125000
G00 Z5.000000

(End cutting path id: path806)


(Start cutting path id: path806)
(Change tool to Default tool)

G00 Z5.000000
G00 X175.645000 Y39.268000

G01 Z-0.125000 F100.0(Penetrate)
G01 X175.781000 Y40.244000 Z-0.125000 F400.000000
G01 X175.947000 Y40.452000 Z-0.125000
G01 X176.175000 Y40.466000 Z-0.125000
G01 X176.550000 Y40.041000 Z-0.125000
G01 X176.706000 Y39.268000 Z-0.125000
G01 X176.550000 Y38.495000 Z-0.125000
G01 X176.175000 Y38.071000 Z-0.125000
G01 X175.947000 Y38.084000 Z-0.125000
G01 X175.781000 Y38.293000 Z-0.125000
G01 X175.645000 Y39.268000 Z-0.125000
G01 X175.645000 Y39.268000 Z-0.125000
G00 Z5.000000

(End cutting path id: path806)


(Start cutting path id: path806)
(Change tool to Default tool)

G00 Z5.000000
G00 X175.426000 Y42.390000

G01 Z-0.125000 F100.0(Penetrate)
G01 X175.638000 Y43.189000 Z-0.125000 F400.000000
G01 X176.007000 Y43.502000 Z-0.125000
G01 X176.357000 Y43.301000 Z-0.125000
G01 X176.513000 Y42.560000 Z-0.125000
G01 X176.348000 Y41.757000 Z-0.125000
G01 X176.165000 Y41.523000 Z-0.125000
G01 X175.934000 Y41.439000 Z-0.125000
G01 X175.542000 Y41.712000 Z-0.125000
G01 X175.426000 Y42.390000 Z-0.125000
G01 X175.426000 Y42.390000 Z-0.125000
G00 Z5.000000

(End cutting path id: path806)


(Start cutting path id: path806)
(Change tool to Default tool)

G00 Z5.000000
G00 X175.547000 Y44.719000

G01 Z-0.125000 F100.0(Penetrate)
G01 X175.427000 Y45.168000 Z-0.125000 F400.000000
G01 X175.537000 Y45.814000 Z-0.125000
G01 X175.797000 Y46.395000 Z-0.125000
G01 X176.129000 Y46.647000 Z-0.125000
G01 X176.400000 Y46.328000 Z-0.125000
G01 X176.513000 Y45.562000 Z-0.125000
G01 X176.439000 Y44.923000 Z-0.125000
G01 X176.234000 Y44.553000 Z-0.125000
G01 X175.928000 Y44.477000 Z-0.125000
G01 X175.547000 Y44.719000 Z-0.125000
G01 X175.547000 Y44.719000 Z-0.125000
G00 Z5.000000

(End cutting path id: path806)


(Start cutting path id: path806)
(Change tool to Default tool)

G00 Z5.000000
G00 X177.815000 Y45.562000

G01 Z-0.125000 F100.0(Penetrate)
G01 X177.988000 Y46.358000 Z-0.125000 F400.000000
G01 X178.193000 Y46.572000 Z-0.125000
G01 X178.466000 Y46.647000 Z-0.125000
G01 X178.739000 Y46.572000 Z-0.125000
G01 X178.943000 Y46.358000 Z-0.125000
G01 X179.117000 Y45.562000 Z-0.125000
G01 X178.943000 Y44.766000 Z-0.125000
G01 X178.739000 Y44.551000 Z-0.125000
G01 X178.466000 Y44.477000 Z-0.125000
G01 X178.193000 Y44.551000 Z-0.125000
G01 X177.988000 Y44.766000 Z-0.125000
G01 X177.815000 Y45.562000 Z-0.125000
G01 X177.815000 Y45.562000 Z-0.125000
G00 Z5.000000

(End cutting path id: path806)


(Start cutting path id: path806)
(Change tool to Default tool)

G00 Z5.000000
G00 X180.419000 Y45.526000

G01 Z-0.125000 F100.0(Penetrate)
G01 X180.593000 Y46.360000 Z-0.125000 F400.000000
G01 X180.807000 Y46.574000 Z-0.125000
G01 X181.100000 Y46.647000 Z-0.125000
G01 X181.389000 Y46.588000 Z-0.125000
G01 X181.576000 Y46.411000 Z-0.125000
G01 X181.643000 Y45.704000 Z-0.125000
G01 X181.365000 Y44.899000 Z-0.125000
G01 X180.954000 Y44.584000 Z-0.125000
G01 X180.582000 Y44.785000 Z-0.125000
G01 X180.419000 Y45.526000 Z-0.125000
G01 X180.419000 Y45.526000 Z-0.125000
G00 Z5.000000

(End cutting path id: path806)


(Start cutting path id: path806)
(Change tool to Default tool)

G00 Z5.000000
G00 X182.589000 Y45.562000

G01 Z-0.125000 F100.0(Penetrate)
G01 X182.763000 Y46.358000 Z-0.125000 F400.000000
G01 X182.968000 Y46.572000 Z-0.125000
G01 X183.240000 Y46.647000 Z-0.125000
G01 X183.513000 Y46.572000 Z-0.125000
G01 X183.718000 Y46.358000 Z-0.125000
G01 X183.891000 Y45.562000 Z-0.125000
G01 X183.718000 Y44.766000 Z-0.125000
G01 X183.513000 Y44.551000 Z-0.125000
G01 X183.240000 Y44.477000 Z-0.125000
G01 X182.968000 Y44.551000 Z-0.125000
G01 X182.763000 Y44.766000 Z-0.125000
G01 X182.589000 Y45.562000 Z-0.125000
G01 X182.589000 Y45.562000 Z-0.125000
G00 Z5.000000

(End cutting path id: path806)


(Start cutting path id: path806)
(Change tool to Default tool)

G00 Z5.000000
G00 X185.193000 Y45.526000

G01 Z-0.125000 F100.0(Penetrate)
G01 X185.368000 Y46.360000 Z-0.125000 F400.000000
G01 X185.581000 Y46.574000 Z-0.125000
G01 X185.875000 Y46.647000 Z-0.125000
G01 X186.163000 Y46.588000 Z-0.125000
G01 X186.350000 Y46.411000 Z-0.125000
G01 X186.417000 Y45.704000 Z-0.125000
G01 X186.140000 Y44.899000 Z-0.125000
G01 X185.729000 Y44.584000 Z-0.125000
G01 X185.356000 Y44.785000 Z-0.125000
G01 X185.193000 Y45.526000 Z-0.125000
G01 X185.193000 Y45.526000 Z-0.125000
G00 Z5.000000

(End cutting path id: path806)


(Start cutting path id: path806)
(Change tool to Default tool)

G00 Z5.000000
G00 X185.193000 Y42.524000

G01 Z-0.125000 F100.0(Penetrate)
G01 X185.367000 Y43.319000 Z-0.125000 F400.000000
G01 X185.572000 Y43.534000 Z-0.125000
G01 X185.845000 Y43.609000 Z-0.125000
G01 X186.117000 Y43.534000 Z-0.125000
G01 X186.322000 Y43.319000 Z-0.125000
G01 X186.496000 Y42.524000 Z-0.125000
G01 X186.322000 Y41.728000 Z-0.125000
G01 X186.117000 Y41.513000 Z-0.125000
G01 X185.845000 Y41.439000 Z-0.125000
G01 X185.572000 Y41.513000 Z-0.125000
G01 X185.367000 Y41.728000 Z-0.125000
G01 X185.193000 Y42.524000 Z-0.125000
G01 X185.193000 Y42.524000 Z-0.125000
G00 Z5.000000

(End cutting path id: path806)


(Start cutting path id: path806)
(Change tool to Default tool)

G00 Z5.000000
G00 X182.669000 Y39.126000

G01 Z-0.125000 F100.0(Penetrate)
G01 X182.944000 Y40.101000 Z-0.125000 F400.000000
G01 X183.355000 Y40.472000 Z-0.125000
G01 X183.557000 Y40.424000 Z-0.125000
G01 X183.728000 Y40.215000 Z-0.125000
G01 X183.891000 Y39.305000 Z-0.125000
G01 X183.728000 Y38.288000 Z-0.125000
G01 X183.516000 Y38.045000 Z-0.125000
G01 X183.211000 Y37.966000 Z-0.125000
G01 X182.910000 Y38.032000 Z-0.125000
G01 X182.723000 Y38.238000 Z-0.125000
G01 X182.669000 Y39.126000 Z-0.125000
G01 X182.669000 Y39.126000 Z-0.125000
G00 Z5.000000

(End cutting path id: path806)


(Start cutting path id: path806)
(Change tool to Default tool)

G00 Z5.000000
G00 X180.419000 Y39.268000

G01 Z-0.125000 F100.0(Penetrate)
G01 X180.556000 Y40.250000 Z-0.125000 F400.000000
G01 X180.726000 Y40.453000 Z-0.125000
G01 X180.962000 Y40.462000 Z-0.125000
G01 X181.345000 Y40.037000 Z-0.125000
G01 X181.504000 Y39.268000 Z-0.125000
G01 X181.345000 Y38.500000 Z-0.125000
G01 X180.962000 Y38.075000 Z-0.125000
G01 X180.726000 Y38.083000 Z-0.125000
G01 X180.556000 Y38.287000 Z-0.125000
G01 X180.419000 Y39.268000 Z-0.125000
G01 X180.419000 Y39.268000 Z-0.125000
G00 Z5.000000

(End cutting path id: path806)


(Start cutting path id: path806)
(Change tool to Default tool)

G00 Z5.000000
G00 X180.419000 Y36.013000

G01 Z-0.125000 F100.0(Penetrate)
G01 X180.593000 Y36.809000 Z-0.125000 F400.000000
G01 X180.797000 Y37.024000 Z-0.125000
G01 X181.070000 Y37.098000 Z-0.125000
G01 X181.343000 Y37.024000 Z-0.125000
G01 X181.548000 Y36.809000 Z-0.125000
G01 X181.721000 Y36.013000 Z-0.125000
G01 X181.548000 Y35.217000 Z-0.125000
G01 X181.343000 Y35.003000 Z-0.125000
G01 X181.070000 Y34.928000 Z-0.125000
G01 X180.797000 Y35.003000 Z-0.125000
G01 X180.593000 Y35.217000 Z-0.125000
G01 X180.419000 Y36.013000 Z-0.125000
G01 X180.419000 Y36.013000 Z-0.125000
G00 Z5.000000

(End cutting path id: path806)


(Start cutting path id: path806)
(Change tool to Default tool)

G00 Z5.000000
G00 X177.815000 Y36.013000

G01 Z-0.125000 F100.0(Penetrate)
G01 X177.988000 Y36.809000 Z-0.125000 F400.000000
G01 X178.193000 Y37.024000 Z-0.125000
G01 X178.466000 Y37.098000 Z-0.125000
G01 X178.739000 Y37.024000 Z-0.125000
G01 X178.943000 Y36.809000 Z-0.125000
G01 X179.117000 Y36.013000 Z-0.125000
G01 X178.943000 Y35.217000 Z-0.125000
G01 X178.739000 Y35.003000 Z-0.125000
G01 X178.466000 Y34.928000 Z-0.125000
G01 X178.193000 Y35.003000 Z-0.125000
G01 X177.988000 Y35.217000 Z-0.125000
G01 X177.815000 Y36.013000 Z-0.125000
G01 X177.815000 Y36.013000 Z-0.125000
G00 Z5.000000

(End cutting path id: path806)


(Start cutting path id: path806)
(Change tool to Default tool)

G00 Z5.000000
G00 X175.645000 Y36.049000

G01 Z-0.125000 F100.0(Penetrate)
G01 X175.795000 Y36.787000 Z-0.125000 F400.000000
G01 X176.141000 Y36.989000 Z-0.125000
G01 X176.527000 Y36.680000 Z-0.125000
G01 X176.796000 Y35.882000 Z-0.125000
G01 X176.738000 Y35.172000 Z-0.125000
G01 X176.563000 Y34.990000 Z-0.125000
G01 X176.293000 Y34.928000 Z-0.125000
G01 X176.020000 Y35.004000 Z-0.125000
G01 X175.816000 Y35.224000 Z-0.125000
G01 X175.645000 Y36.049000 Z-0.125000
G01 X175.645000 Y36.049000 Z-0.125000
G00 Z5.000000

(End cutting path id: path806)


(Start cutting path id: path806)
(Change tool to Default tool)

G00 Z5.000000
G00 X173.040000 Y36.013000

G01 Z-0.125000 F100.0(Penetrate)
G01 X173.214000 Y36.809000 Z-0.125000 F400.000000
G01 X173.419000 Y37.024000 Z-0.125000
G01 X173.691000 Y37.098000 Z-0.125000
G01 X173.964000 Y37.024000 Z-0.125000
G01 X174.169000 Y36.809000 Z-0.125000
G01 X174.343000 Y36.013000 Z-0.125000
G01 X174.169000 Y35.217000 Z-0.125000
G01 X173.964000 Y35.003000 Z-0.125000
G01 X173.691000 Y34.928000 Z-0.125000
G01 X173.419000 Y35.003000 Z-0.125000
G01 X173.214000 Y35.217000 Z-0.125000
G01 X173.040000 Y36.013000 Z-0.125000
G01 X173.040000 Y36.013000 Z-0.125000
G00 Z5.000000

(End cutting path id: path806)


(Start cutting path id: path806)
(Change tool to Default tool)

G00 Z5.000000
G00 X170.764000 Y36.013000

G01 Z-0.125000 F100.0(Penetrate)
G01 X171.023000 Y36.779000 Z-0.125000 F400.000000
G01 X171.355000 Y37.098000 Z-0.125000
G01 X171.626000 Y36.779000 Z-0.125000
G01 X171.738000 Y36.013000 Z-0.125000
G01 X171.571000 Y35.236000 Z-0.125000
G01 X171.384000 Y35.009000 Z-0.125000
G01 X171.147000 Y34.928000 Z-0.125000
G01 X170.901000 Y34.995000 Z-0.125000
G01 X170.755000 Y35.198000 Z-0.125000
G01 X170.764000 Y36.013000 Z-0.125000
G01 X170.764000 Y36.013000 Z-0.125000
G00 Z5.000000

(End cutting path id: path806)


(Start cutting path id: path806)
(Change tool to Default tool)

G00 Z5.000000
G00 X168.266000 Y36.013000

G01 Z-0.125000 F100.0(Penetrate)
G01 X168.440000 Y36.809000 Z-0.125000 F400.000000
G01 X168.644000 Y37.024000 Z-0.125000
G01 X168.917000 Y37.098000 Z-0.125000
G01 X169.190000 Y37.024000 Z-0.125000
G01 X169.394000 Y36.809000 Z-0.125000
G01 X169.568000 Y36.013000 Z-0.125000
G01 X169.394000 Y35.217000 Z-0.125000
G01 X169.190000 Y35.003000 Z-0.125000
G01 X168.917000 Y34.928000 Z-0.125000
G01 X168.644000 Y35.003000 Z-0.125000
G01 X168.440000 Y35.217000 Z-0.125000
G01 X168.266000 Y36.013000 Z-0.125000
G01 X168.266000 Y36.013000 Z-0.125000
G00 Z5.000000

(End cutting path id: path806)


(Start cutting path id: path806)
(Change tool to Default tool)

G00 Z5.000000
G00 X165.662000 Y36.013000

G01 Z-0.125000 F100.0(Penetrate)
G01 X165.835000 Y36.809000 Z-0.125000 F400.000000
G01 X166.040000 Y37.024000 Z-0.125000
G01 X166.313000 Y37.098000 Z-0.125000
G01 X166.585000 Y37.024000 Z-0.125000
G01 X166.790000 Y36.809000 Z-0.125000
G01 X166.964000 Y36.013000 Z-0.125000
G01 X166.790000 Y35.217000 Z-0.125000
G01 X166.585000 Y35.003000 Z-0.125000
G01 X166.313000 Y34.928000 Z-0.125000
G01 X166.040000 Y35.003000 Z-0.125000
G01 X165.835000 Y35.217000 Z-0.125000
G01 X165.662000 Y36.013000 Z-0.125000
G01 X165.662000 Y36.013000 Z-0.125000
G00 Z5.000000

(End cutting path id: path806)


(Start cutting path id: path806)
(Change tool to Default tool)

G00 Z5.000000
G00 X165.819000 Y32.107000

G01 Z-0.125000 F100.0(Penetrate)
G01 X165.712000 Y32.753000 Z-0.125000 F400.000000
G01 X165.826000 Y33.387000 Z-0.125000
G01 X166.111000 Y33.868000 Z-0.125000
G01 X166.516000 Y34.060000 Z-0.125000
G01 X166.832000 Y33.677000 Z-0.125000
G01 X166.964000 Y32.758000 Z-0.125000
G01 X166.845000 Y31.924000 Z-0.125000
G01 X166.552000 Y31.502000 Z-0.125000
G01 X166.179000 Y31.545000 Z-0.125000
G01 X165.819000 Y32.107000 Z-0.125000
G01 X165.819000 Y32.107000 Z-0.125000
G00 Z5.000000

(End cutting path id: path806)


(Start cutting path id: path806)
(Change tool to Default tool)

G00 Z5.000000
G00 X168.266000 Y32.722000

G01 Z-0.125000 F100.0(Penetrate)
G01 X168.430000 Y33.738000 Z-0.125000 F400.000000
G01 X168.641000 Y33.981000 Z-0.125000
G01 X168.946000 Y34.060000 Z-0.125000
G01 X169.248000 Y33.994000 Z-0.125000
G01 X169.434000 Y33.788000 Z-0.125000
G01 X169.488000 Y32.900000 Z-0.125000
G01 X169.213000 Y31.926000 Z-0.125000
G01 X168.802000 Y31.554000 Z-0.125000
G01 X168.600000 Y31.603000 Z-0.125000
G01 X168.429000 Y31.811000 Z-0.125000
G01 X168.266000 Y32.722000 Z-0.125000
G01 X168.266000 Y32.722000 Z-0.125000
G00 Z5.000000

(End cutting path id: path806)


(Start cutting path id: path806)
(Change tool to Default tool)

G00 Z5.000000
G00 X170.788000 Y31.683000

G01 Z-0.125000 F100.0(Penetrate)
G01 X170.668000 Y32.202000 Z-0.125000 F400.000000
G01 X170.778000 Y33.003000 Z-0.125000
G01 X171.034000 Y33.738000 Z-0.125000
G01 X171.355000 Y34.060000 Z-0.125000
G01 X171.626000 Y33.677000 Z-0.125000
G01 X171.738000 Y32.758000 Z-0.125000
G01 X171.669000 Y32.006000 Z-0.125000
G01 X171.474000 Y31.561000 Z-0.125000
G01 X171.173000 Y31.445000 Z-0.125000
G01 X170.788000 Y31.683000 Z-0.125000
G01 X170.788000 Y31.683000 Z-0.125000
G00 Z5.000000

(End cutting path id: path806)


(Start cutting path id: path806)
(Change tool to Default tool)

G00 Z5.000000
G00 X173.040000 Y32.758000

G01 Z-0.125000 F100.0(Penetrate)
G01 X173.203000 Y33.734000 Z-0.125000 F400.000000
G01 X173.407000 Y33.979000 Z-0.125000
G01 X173.691000 Y34.060000 Z-0.125000
G01 X173.976000 Y33.979000 Z-0.125000
G01 X174.180000 Y33.734000 Z-0.125000
G01 X174.343000 Y32.758000 Z-0.125000
G01 X174.180000 Y31.781000 Z-0.125000
G01 X173.976000 Y31.537000 Z-0.125000
G01 X173.691000 Y31.456000 Z-0.125000
G01 X173.407000 Y31.537000 Z-0.125000
G01 X173.203000 Y31.781000 Z-0.125000
G01 X173.040000 Y32.758000 Z-0.125000
G01 X173.040000 Y32.758000 Z-0.125000
G00 Z5.000000

(End cutting path id: path806)


(Start cutting path id: path806)
(Change tool to Default tool)

G00 Z5.000000
G00 X175.645000 Y32.758000

G01 Z-0.125000 F100.0(Penetrate)
G01 X175.782000 Y33.739000 Z-0.125000 F400.000000
G01 X175.951000 Y33.943000 Z-0.125000
G01 X176.187000 Y33.951000 Z-0.125000
G01 X176.570000 Y33.526000 Z-0.125000
G01 X176.730000 Y32.758000 Z-0.125000
G01 X176.570000 Y31.989000 Z-0.125000
G01 X176.187000 Y31.564000 Z-0.125000
G01 X175.951000 Y31.573000 Z-0.125000
G01 X175.782000 Y31.776000 Z-0.125000
G01 X175.645000 Y32.758000 Z-0.125000
G01 X175.645000 Y32.758000 Z-0.125000
G00 Z5.000000

(End cutting path id: path806)


(Start cutting path id: path806)
(Change tool to Default tool)

G00 Z5.000000
G00 X180.419000 Y32.758000

G01 Z-0.125000 F100.0(Penetrate)
G01 X180.556000 Y33.739000 Z-0.125000 F400.000000
G01 X180.726000 Y33.943000 Z-0.125000
G01 X180.962000 Y33.951000 Z-0.125000
G01 X181.345000 Y33.526000 Z-0.125000
G01 X181.504000 Y32.758000 Z-0.125000
G01 X181.345000 Y31.989000 Z-0.125000
G01 X180.962000 Y31.564000 Z-0.125000
G01 X180.726000 Y31.573000 Z-0.125000
G01 X180.556000 Y31.776000 Z-0.125000
G01 X180.419000 Y32.758000 Z-0.125000
G01 X180.419000 Y32.758000 Z-0.125000
G00 Z5.000000

(End cutting path id: path806)


(Start cutting path id: path806)
(Change tool to Default tool)

G00 Z5.000000
G00 X182.746000 Y32.107000

G01 Z-0.125000 F100.0(Penetrate)
G01 X182.640000 Y32.753000 Z-0.125000 F400.000000
G01 X182.754000 Y33.387000 Z-0.125000
G01 X183.038000 Y33.868000 Z-0.125000
G01 X183.444000 Y34.060000 Z-0.125000
G01 X183.760000 Y33.677000 Z-0.125000
G01 X183.891000 Y32.758000 Z-0.125000
G01 X183.773000 Y31.924000 Z-0.125000
G01 X183.480000 Y31.502000 Z-0.125000
G01 X183.106000 Y31.545000 Z-0.125000
G01 X182.746000 Y32.107000 Z-0.125000
G01 X182.746000 Y32.107000 Z-0.125000
G00 Z5.000000

(End cutting path id: path806)


(Start cutting path id: path806)
(Change tool to Default tool)

G00 Z5.000000
G00 X185.193000 Y32.722000

G01 Z-0.125000 F100.0(Penetrate)
G01 X185.357000 Y33.738000 Z-0.125000 F400.000000
G01 X185.569000 Y33.981000 Z-0.125000
G01 X185.873000 Y34.060000 Z-0.125000
G01 X186.175000 Y33.994000 Z-0.125000
G01 X186.362000 Y33.788000 Z-0.125000
G01 X186.416000 Y32.900000 Z-0.125000
G01 X186.141000 Y31.926000 Z-0.125000
G01 X185.730000 Y31.554000 Z-0.125000
G01 X185.528000 Y31.603000 Z-0.125000
G01 X185.356000 Y31.811000 Z-0.125000
G01 X185.193000 Y32.722000 Z-0.125000
G01 X185.193000 Y32.722000 Z-0.125000
G00 Z5.000000

(End cutting path id: path806)


(Start cutting path id: path806)
(Change tool to Default tool)

G00 Z5.000000
G00 X188.232000 Y32.975000

G01 Z-0.125000 F100.0(Penetrate)
G01 X188.104000 Y34.354000 Z-0.125000 F400.000000
G01 X187.966000 Y34.774000 Z-0.125000
G01 X187.798000 Y34.928000 Z-0.125000
G01 X187.476000 Y35.162000 Z-0.125000
G01 X187.377000 Y35.723000 Z-0.125000
G01 X187.497000 Y36.394000 Z-0.125000
G01 X187.833000 Y36.960000 Z-0.125000
G01 X188.062000 Y37.534000 Z-0.125000
G01 X187.729000 Y38.349000 Z-0.125000
G01 X187.376000 Y39.257000 Z-0.125000
G01 X187.693000 Y40.131000 Z-0.125000
G01 X188.074000 Y40.964000 Z-0.125000
G01 X188.233000 Y41.758000 Z-0.125000
G01 X188.489000 Y42.716000 Z-0.125000
G01 X189.101000 Y43.945000 Z-0.125000
G01 X189.713000 Y45.137000 Z-0.125000
G01 X189.968000 Y46.006000 Z-0.125000
G01 X190.159000 Y46.459000 Z-0.125000
G01 X190.619000 Y46.647000 Z-0.125000
G01 X191.079000 Y46.456000 Z-0.125000
G01 X191.270000 Y45.996000 Z-0.125000
G01 X191.365000 Y45.696000 Z-0.125000
G01 X191.668000 Y45.494000 Z-0.125000
G01 X193.006000 Y45.345000 Z-0.125000
G01 X194.345000 Y45.494000 Z-0.125000
G01 X194.647000 Y45.696000 Z-0.125000
G01 X194.742000 Y45.996000 Z-0.125000
G01 X194.934000 Y46.456000 Z-0.125000
G01 X195.393000 Y46.647000 Z-0.125000
G01 X195.853000 Y46.456000 Z-0.125000
G01 X196.044000 Y45.996000 Z-0.125000
G01 X196.172000 Y45.536000 Z-0.125000
G01 X196.479000 Y45.345000 Z-0.125000
G01 X196.785000 Y45.727000 Z-0.125000
G01 X196.913000 Y46.647000 Z-0.125000
G01 X196.913000 Y47.949000 Z-0.125000
G01 X180.636000 Y47.949000 Z-0.125000
G01 X164.360000 Y47.949000 Z-0.125000
G01 X164.360000 Y39.485000 Z-0.125000
G01 X164.360000 Y31.022000 Z-0.125000
G01 X176.296000 Y31.022000 Z-0.125000
G01 X188.232000 Y31.022000 Z-0.125000
G01 X188.232000 Y32.975000 Z-0.125000
G00 Z5.000000

(End cutting path id: path806)


(Start cutting path id: path806)
(Change tool to Default tool)

G00 Z5.000000
G00 X190.836000 Y33.409000

G01 Z-0.125000 F100.0(Penetrate)
G01 X191.010000 Y34.205000 Z-0.125000 F400.000000
G01 X191.214000 Y34.419000 Z-0.125000
G01 X191.487000 Y34.494000 Z-0.125000
G01 X191.760000 Y34.419000 Z-0.125000
G01 X191.964000 Y34.205000 Z-0.125000
G01 X192.138000 Y33.409000 Z-0.125000
G01 X191.964000 Y32.613000 Z-0.125000
G01 X191.760000 Y32.398000 Z-0.125000
G01 X191.487000 Y32.324000 Z-0.125000
G01 X191.214000 Y32.398000 Z-0.125000
G01 X191.010000 Y32.613000 Z-0.125000
G01 X190.836000 Y33.409000 Z-0.125000
G01 X190.836000 Y33.409000 Z-0.125000
G00 Z5.000000

(End cutting path id: path806)


(Start cutting path id: path806)
(Change tool to Default tool)

G00 Z5.000000
G00 X193.440000 Y33.409000

G01 Z-0.125000 F100.0(Penetrate)
G01 X193.614000 Y34.205000 Z-0.125000 F400.000000
G01 X193.819000 Y34.419000 Z-0.125000
G01 X194.091000 Y34.494000 Z-0.125000
G01 X194.364000 Y34.419000 Z-0.125000
G01 X194.569000 Y34.205000 Z-0.125000
G01 X194.742000 Y33.409000 Z-0.125000
G01 X194.569000 Y32.613000 Z-0.125000
G01 X194.364000 Y32.398000 Z-0.125000
G01 X194.091000 Y32.324000 Z-0.125000
G01 X193.819000 Y32.398000 Z-0.125000
G01 X193.614000 Y32.613000 Z-0.125000
G01 X193.440000 Y33.409000 Z-0.125000
G01 X193.440000 Y33.409000 Z-0.125000
G00 Z5.000000

(End cutting path id: path806)


(Start cutting path id: path806)
(Change tool to Default tool)

G00 Z5.000000
G00 X195.610000 Y33.409000

G01 Z-0.125000 F100.0(Penetrate)
G01 X195.784000 Y34.205000 Z-0.125000 F400.000000
G01 X195.989000 Y34.419000 Z-0.125000
G01 X196.261000 Y34.494000 Z-0.125000
G01 X196.534000 Y34.419000 Z-0.125000
G01 X196.739000 Y34.205000 Z-0.125000
G01 X196.913000 Y33.409000 Z-0.125000
G01 X196.739000 Y32.613000 Z-0.125000
G01 X196.534000 Y32.398000 Z-0.125000
G01 X196.261000 Y32.324000 Z-0.125000
G01 X195.989000 Y32.398000 Z-0.125000
G01 X195.784000 Y32.613000 Z-0.125000
G01 X195.610000 Y33.409000 Z-0.125000
G01 X195.610000 Y33.409000 Z-0.125000
G00 Z5.000000

(End cutting path id: path806)


(Start cutting path id: path806)
(Change tool to Default tool)

G00 Z5.000000
G00 X198.215000 Y33.409000

G01 Z-0.125000 F100.0(Penetrate)
G01 X198.388000 Y34.205000 Z-0.125000 F400.000000
G01 X198.593000 Y34.419000 Z-0.125000
G01 X198.866000 Y34.494000 Z-0.125000
G01 X199.138000 Y34.419000 Z-0.125000
G01 X199.343000 Y34.205000 Z-0.125000
G01 X199.517000 Y33.409000 Z-0.125000
G01 X199.343000 Y32.613000 Z-0.125000
G01 X199.138000 Y32.398000 Z-0.125000
G01 X198.866000 Y32.324000 Z-0.125000
G01 X198.593000 Y32.398000 Z-0.125000
G01 X198.388000 Y32.613000 Z-0.125000
G01 X198.215000 Y33.409000 Z-0.125000
G01 X198.215000 Y33.409000 Z-0.125000
G00 Z5.000000

(End cutting path id: path806)


(Start cutting path id: path806)
(Change tool to Default tool)

G00 Z5.000000
G00 X200.602000 Y33.409000

G01 Z-0.125000 F100.0(Penetrate)
G01 X200.761000 Y34.175000 Z-0.125000 F400.000000
G01 X201.144000 Y34.494000 Z-0.125000
G01 X201.528000 Y34.175000 Z-0.125000
G01 X201.687000 Y33.409000 Z-0.125000
G01 X201.528000 Y32.643000 Z-0.125000
G01 X201.144000 Y32.324000 Z-0.125000
G01 X200.761000 Y32.643000 Z-0.125000
G01 X200.602000 Y33.409000 Z-0.125000
G01 X200.602000 Y33.409000 Z-0.125000
G00 Z5.000000

(End cutting path id: path806)


(Start cutting path id: path806)
(Change tool to Default tool)

G00 Z5.000000
G00 X202.989000 Y33.409000

G01 Z-0.125000 F100.0(Penetrate)
G01 X203.163000 Y34.205000 Z-0.125000 F400.000000
G01 X203.367000 Y34.419000 Z-0.125000
G01 X203.640000 Y34.494000 Z-0.125000
G01 X203.913000 Y34.419000 Z-0.125000
G01 X204.118000 Y34.205000 Z-0.125000
G01 X204.291000 Y33.409000 Z-0.125000
G01 X204.118000 Y32.613000 Z-0.125000
G01 X203.913000 Y32.398000 Z-0.125000
G01 X203.640000 Y32.324000 Z-0.125000
G01 X203.367000 Y32.398000 Z-0.125000
G01 X203.163000 Y32.613000 Z-0.125000
G01 X202.989000 Y33.409000 Z-0.125000
G01 X202.989000 Y33.409000 Z-0.125000
G00 Z5.000000

(End cutting path id: path806)


(Start cutting path id: path806)
(Change tool to Default tool)

G00 Z5.000000
G00 X205.593000 Y33.409000

G01 Z-0.125000 F100.0(Penetrate)
G01 X205.753000 Y34.175000 Z-0.125000 F400.000000
G01 X206.136000 Y34.494000 Z-0.125000
G01 X206.519000 Y34.175000 Z-0.125000
G01 X206.678000 Y33.409000 Z-0.125000
G01 X206.519000 Y32.643000 Z-0.125000
G01 X206.136000 Y32.324000 Z-0.125000
G01 X205.753000 Y32.643000 Z-0.125000
G01 X205.593000 Y33.409000 Z-0.125000
G01 X205.593000 Y33.409000 Z-0.125000
G00 Z5.000000

(End cutting path id: path806)


(Start cutting path id: path806)
(Change tool to Default tool)

G00 Z5.000000
G00 X207.763000 Y33.409000

G01 Z-0.125000 F100.0(Penetrate)
G01 X207.937000 Y34.205000 Z-0.125000 F400.000000
G01 X208.142000 Y34.419000 Z-0.125000
G01 X208.415000 Y34.494000 Z-0.125000
G01 X208.687000 Y34.419000 Z-0.125000
G01 X208.892000 Y34.205000 Z-0.125000
G01 X209.066000 Y33.409000 Z-0.125000
G01 X208.892000 Y32.613000 Z-0.125000
G01 X208.687000 Y32.398000 Z-0.125000
G01 X208.415000 Y32.324000 Z-0.125000
G01 X208.142000 Y32.398000 Z-0.125000
G01 X207.937000 Y32.613000 Z-0.125000
G01 X207.763000 Y33.409000 Z-0.125000
G01 X207.763000 Y33.409000 Z-0.125000
G00 Z5.000000

(End cutting path id: path806)


(Start cutting path id: path806)
(Change tool to Default tool)

G00 Z5.000000
G00 X207.763000 Y36.664000

G01 Z-0.125000 F100.0(Penetrate)
G01 X207.926000 Y37.641000 Z-0.125000 F400.000000
G01 X208.130000 Y37.885000 Z-0.125000
G01 X208.415000 Y37.966000 Z-0.125000
G01 X208.699000 Y37.885000 Z-0.125000
G01 X208.903000 Y37.641000 Z-0.125000
G01 X209.066000 Y36.664000 Z-0.125000
G01 X208.903000 Y35.688000 Z-0.125000
G01 X208.699000 Y35.444000 Z-0.125000
G01 X208.415000 Y35.362000 Z-0.125000
G01 X208.130000 Y35.444000 Z-0.125000
G01 X207.926000 Y35.688000 Z-0.125000
G01 X207.763000 Y36.664000 Z-0.125000
G01 X207.763000 Y36.664000 Z-0.125000
G00 Z5.000000

(End cutting path id: path806)


(Start cutting path id: path806)
(Change tool to Default tool)

G00 Z5.000000
G00 X209.934000 Y36.690000

G01 Z-0.125000 F100.0(Penetrate)
G01 X209.934000 Y41.925000 Z-0.125000 F400.000000
G01 X199.842000 Y41.790000 Z-0.125000
G01 X189.751000 Y41.656000 Z-0.125000
G01 X189.629000 Y36.556000 Z-0.125000
G01 X189.506000 Y31.456000 Z-0.125000
G01 X199.720000 Y31.456000 Z-0.125000
G01 X209.934000 Y31.456000 Z-0.125000
G01 X209.934000 Y36.690000 Z-0.125000
G00 Z5.000000

(End cutting path id: path806)


(Start cutting path id: path806)
(Change tool to Default tool)

G00 Z5.000000
G00 X213.642000 Y37.069000

G01 Z-0.125000 F100.0(Penetrate)
G01 X213.583000 Y37.421000 Z-0.125000 F400.000000
G01 X213.775000 Y37.698000 Z-0.125000
G01 X214.096000 Y37.809000 Z-0.125000
G01 X214.431000 Y37.666000 Z-0.125000
G01 X214.650000 Y37.335000 Z-0.125000
G01 X214.695000 Y37.011000 Z-0.125000
G01 X214.575000 Y36.763000 Z-0.125000
G01 X214.300000 Y36.665000 Z-0.125000
G01 X213.938000 Y36.784000 Z-0.125000
G01 X213.642000 Y37.069000 Z-0.125000
G01 X213.642000 Y37.069000 Z-0.125000
G00 Z5.000000

(End cutting path id: path806)


(Start cutting path id: path806)
(Change tool to Default tool)

G00 Z5.000000
G00 X213.489000 Y35.395000

G01 Z-0.125000 F100.0(Penetrate)
G01 X213.720000 Y35.725000 Z-0.125000 F400.000000
G01 X214.057000 Y35.862000 Z-0.125000
G01 X214.394000 Y35.725000 Z-0.125000
G01 X214.625000 Y35.395000 Z-0.125000
G01 X214.522000 Y35.066000 Z-0.125000
G01 X214.057000 Y34.929000 Z-0.125000
G01 X213.592000 Y35.066000 Z-0.125000
G01 X213.489000 Y35.395000 Z-0.125000
G01 X213.489000 Y35.395000 Z-0.125000
G00 Z5.000000

(End cutting path id: path806)


(Start cutting path id: path806)
(Change tool to Default tool)

G00 Z5.000000
G00 X213.642000 Y38.805000

G01 Z-0.125000 F100.0(Penetrate)
G01 X213.583000 Y39.157000 Z-0.125000 F400.000000
G01 X213.775000 Y39.434000 Z-0.125000
G01 X214.096000 Y39.545000 Z-0.125000
G01 X214.431000 Y39.402000 Z-0.125000
G01 X214.650000 Y39.072000 Z-0.125000
G01 X214.695000 Y38.747000 Z-0.125000
G01 X214.575000 Y38.500000 Z-0.125000
G01 X214.300000 Y38.401000 Z-0.125000
G01 X213.938000 Y38.520000 Z-0.125000
G01 X213.642000 Y38.805000 Z-0.125000
G01 X213.642000 Y38.805000 Z-0.125000
G00 Z5.000000

(End cutting path id: path806)


(Start cutting path id: path806)
(Change tool to Default tool)

G00 Z5.000000
G00 X213.665000 Y40.504000

G01 Z-0.125000 F100.0(Penetrate)
G01 X213.610000 Y40.901000 Z-0.125000 F400.000000
G01 X213.862000 Y41.236000 Z-0.125000
G01 X214.306000 Y41.377000 Z-0.125000
G01 X214.591000 Y41.245000 Z-0.125000
G01 X214.647000 Y40.930000 Z-0.125000
G01 X214.403000 Y40.526000 Z-0.125000
G01 X213.986000 Y40.287000 Z-0.125000
G01 X213.665000 Y40.504000 Z-0.125000
G01 X213.665000 Y40.504000 Z-0.125000
G00 Z5.000000

(End cutting path id: path806)


(Start cutting path id: path806)
(Change tool to Default tool)

G00 Z5.000000
G00 X213.684000 Y42.175000

G01 Z-0.125000 F100.0(Penetrate)
G01 X213.441000 Y42.537000 Z-0.125000 F400.000000
G01 X213.435000 Y42.858000 Z-0.125000
G01 X213.647000 Y43.088000 Z-0.125000
G01 X214.057000 Y43.176000 Z-0.125000
G01 X214.517000 Y43.056000 Z-0.125000
G01 X214.708000 Y42.767000 Z-0.125000
G01 X214.597000 Y42.395000 Z-0.125000
G01 X214.326000 Y42.136000 Z-0.125000
G01 X213.990000 Y42.044000 Z-0.125000
G01 X213.684000 Y42.175000 Z-0.125000
G01 X213.684000 Y42.175000 Z-0.125000
G00 Z5.000000

(End cutting path id: path806)


(Start cutting path id: path806)
(Change tool to Default tool)

G00 Z5.000000
G00 X209.825000 Y43.283000

G01 Z-0.125000 F100.0(Penetrate)
G01 X209.261000 Y43.542000 Z-0.125000 F400.000000
G01 X207.600000 Y43.709000 Z-0.125000
G01 X199.951000 Y43.826000 Z-0.125000
G01 X192.302000 Y43.709000 Z-0.125000
G01 X190.641000 Y43.542000 Z-0.125000
G01 X190.076000 Y43.283000 Z-0.125000
G01 X190.138000 Y43.138000 Z-0.125000
G01 X190.456000 Y43.020000 Z-0.125000
G01 X192.016000 Y42.853000 Z-0.125000
G01 X199.951000 Y42.741000 Z-0.125000
G01 X207.885000 Y42.853000 Z-0.125000
G01 X209.446000 Y43.020000 Z-0.125000
G01 X209.763000 Y43.139000 Z-0.125000
G01 X209.825000 Y43.283000 Z-0.125000
G01 X209.825000 Y43.283000 Z-0.125000
G00 Z5.000000

(End cutting path id: path806)


(Start cutting path id: path806)
(Change tool to Default tool)

G00 Z5.000000
G00 X211.236000 Y45.563000

G01 Z-0.125000 F100.0(Penetrate)
G01 X211.373000 Y46.028000 Z-0.125000 F400.000000
G01 X211.702000 Y46.131000 Z-0.125000
G01 X212.032000 Y45.900000 Z-0.125000
G01 X212.169000 Y45.563000 Z-0.125000
G01 X212.032000 Y45.226000 Z-0.125000
G01 X211.702000 Y44.995000 Z-0.125000
G01 X211.373000 Y45.098000 Z-0.125000
G01 X211.236000 Y45.563000 Z-0.125000
G01 X211.236000 Y45.563000 Z-0.125000
G00 Z5.000000

(End cutting path id: path806)


(Start cutting path id: path806)
(Change tool to Default tool)

G00 Z5.000000
G00 X211.439000 Y47.104000

G01 Z-0.125000 F100.0(Penetrate)
G01 X211.298000 Y47.548000 Z-0.125000 F400.000000
G01 X211.431000 Y47.833000 Z-0.125000
G01 X211.745000 Y47.889000 Z-0.125000
G01 X212.149000 Y47.644000 Z-0.125000
G01 X212.388000 Y47.227000 Z-0.125000
G01 X212.172000 Y46.907000 Z-0.125000
G01 X211.774000 Y46.852000 Z-0.125000
G01 X211.439000 Y47.104000 Z-0.125000
G01 X211.439000 Y47.104000 Z-0.125000
G00 Z5.000000

(End cutting path id: path806)


(Start cutting path id: path806)
(Change tool to Default tool)

G00 Z5.000000
G00 X211.513000 Y48.685000

G01 Z-0.125000 F100.0(Penetrate)
G01 X211.271000 Y49.048000 Z-0.125000 F400.000000
G01 X211.265000 Y49.369000 Z-0.125000
G01 X211.477000 Y49.598000 Z-0.125000
G01 X211.887000 Y49.686000 Z-0.125000
G01 X212.347000 Y49.566000 Z-0.125000
G01 X212.538000 Y49.278000 Z-0.125000
G01 X212.427000 Y48.905000 Z-0.125000
G01 X212.156000 Y48.646000 Z-0.125000
G01 X211.820000 Y48.554000 Z-0.125000
G01 X211.513000 Y48.685000 Z-0.125000
G01 X211.513000 Y48.685000 Z-0.125000
G00 Z5.000000

(End cutting path id: path806)


(Start cutting path id: path806)
(Change tool to Default tool)

G00 Z5.000000
G00 X209.500000 Y49.035000

G01 Z-0.125000 F100.0(Penetrate)
G01 X209.627000 Y49.495000 Z-0.125000 F400.000000
G01 X209.934000 Y49.686000 Z-0.125000
G01 X210.240000 Y49.495000 Z-0.125000
G01 X210.368000 Y49.035000 Z-0.125000
G01 X210.240000 Y48.575000 Z-0.125000
G01 X209.934000 Y48.384000 Z-0.125000
G01 X209.627000 Y48.575000 Z-0.125000
G01 X209.500000 Y49.035000 Z-0.125000
G01 X209.500000 Y49.035000 Z-0.125000
G00 Z5.000000

(End cutting path id: path806)


(Start cutting path id: path806)
(Change tool to Default tool)

G00 Z5.000000
G00 X209.500000 Y50.771000

G01 Z-0.125000 F100.0(Penetrate)
G01 X209.627000 Y51.231000 Z-0.125000 F400.000000
G01 X209.934000 Y51.422000 Z-0.125000
G01 X210.240000 Y51.231000 Z-0.125000
G01 X210.368000 Y50.771000 Z-0.125000
G01 X210.240000 Y50.311000 Z-0.125000
G01 X209.934000 Y50.120000 Z-0.125000
G01 X209.627000 Y50.311000 Z-0.125000
G01 X209.500000 Y50.771000 Z-0.125000
G01 X209.500000 Y50.771000 Z-0.125000
G00 Z5.000000

(End cutting path id: path806)


(Start cutting path id: path806)
(Change tool to Default tool)

G00 Z5.000000
G00 X209.500000 Y52.507000

G01 Z-0.125000 F100.0(Penetrate)
G01 X209.627000 Y52.967000 Z-0.125000 F400.000000
G01 X209.934000 Y53.158000 Z-0.125000
G01 X210.240000 Y52.967000 Z-0.125000
G01 X210.368000 Y52.507000 Z-0.125000
G01 X210.240000 Y52.047000 Z-0.125000
G01 X209.934000 Y51.856000 Z-0.125000
G01 X209.627000 Y52.047000 Z-0.125000
G01 X209.500000 Y52.507000 Z-0.125000
G01 X209.500000 Y52.507000 Z-0.125000
G00 Z5.000000

(End cutting path id: path806)


(Start cutting path id: path806)
(Change tool to Default tool)

G00 Z5.000000
G00 X209.500000 Y54.244000

G01 Z-0.125000 F100.0(Penetrate)
G01 X209.627000 Y54.703000 Z-0.125000 F400.000000
G01 X209.934000 Y54.895000 Z-0.125000
G01 X210.240000 Y54.703000 Z-0.125000
G01 X210.368000 Y54.244000 Z-0.125000
G01 X210.240000 Y53.784000 Z-0.125000
G01 X209.934000 Y53.592000 Z-0.125000
G01 X209.627000 Y53.784000 Z-0.125000
G01 X209.500000 Y54.244000 Z-0.125000
G01 X209.500000 Y54.244000 Z-0.125000
G00 Z5.000000

(End cutting path id: path806)


(Start cutting path id: path806)
(Change tool to Default tool)

G00 Z5.000000
G00 X211.319000 Y54.493000

G01 Z-0.125000 F100.0(Penetrate)
G01 X211.550000 Y54.823000 Z-0.125000 F400.000000
G01 X211.887000 Y54.960000 Z-0.125000
G01 X212.224000 Y54.823000 Z-0.125000
G01 X212.455000 Y54.493000 Z-0.125000
G01 X212.352000 Y54.164000 Z-0.125000
G01 X211.887000 Y54.027000 Z-0.125000
G01 X211.422000 Y54.164000 Z-0.125000
G01 X211.319000 Y54.493000 Z-0.125000
G01 X211.319000 Y54.493000 Z-0.125000
G00 Z5.000000

(End cutting path id: path806)


(Start cutting path id: path806)
(Change tool to Default tool)

G00 Z5.000000
G00 X211.301000 Y56.175000

G01 Z-0.125000 F100.0(Penetrate)
G01 X211.516000 Y56.533000 Z-0.125000 F400.000000
G01 X211.789000 Y56.663000 Z-0.125000
G01 X212.065000 Y56.536000 Z-0.125000
G01 X212.123000 Y56.295000 Z-0.125000
G01 X211.979000 Y56.029000 Z-0.125000
G01 X211.648000 Y55.828000 Z-0.125000
G01 X211.331000 Y55.858000 Z-0.125000
G01 X211.301000 Y56.175000 Z-0.125000
G01 X211.301000 Y56.175000 Z-0.125000
G00 Z5.000000

(End cutting path id: path806)


(Start cutting path id: path806)
(Change tool to Default tool)

G00 Z5.000000
G00 X211.439000 Y57.955000

G01 Z-0.125000 F100.0(Penetrate)
G01 X211.298000 Y58.399000 Z-0.125000 F400.000000
G01 X211.431000 Y58.684000 Z-0.125000
G01 X211.745000 Y58.740000 Z-0.125000
G01 X212.149000 Y58.496000 Z-0.125000
G01 X212.388000 Y58.078000 Z-0.125000
G01 X212.172000 Y57.758000 Z-0.125000
G01 X211.774000 Y57.703000 Z-0.125000
G01 X211.439000 Y57.955000 Z-0.125000
G01 X211.439000 Y57.955000 Z-0.125000
G00 Z5.000000

(End cutting path id: path806)


(Start cutting path id: path806)
(Change tool to Default tool)

G00 Z5.000000
G00 X211.439000 Y59.690000

G01 Z-0.125000 F100.0(Penetrate)
G01 X211.298000 Y60.135000 Z-0.125000 F400.000000
G01 X211.431000 Y60.420000 Z-0.125000
G01 X211.745000 Y60.476000 Z-0.125000
G01 X212.149000 Y60.231000 Z-0.125000
G01 X212.388000 Y59.814000 Z-0.125000
G01 X212.172000 Y59.494000 Z-0.125000
G01 X211.774000 Y59.439000 Z-0.125000
G01 X211.439000 Y59.690000 Z-0.125000
G01 X211.439000 Y59.690000 Z-0.125000
G00 Z5.000000

(End cutting path id: path806)


(Start cutting path id: path806)
(Change tool to Default tool)

G00 Z5.000000
G00 X209.500000 Y59.643000

G01 Z-0.125000 F100.0(Penetrate)
G01 X209.627000 Y60.010000 Z-0.125000 F400.000000
G01 X209.934000 Y60.320000 Z-0.125000
G01 X210.240000 Y60.310000 Z-0.125000
G01 X210.368000 Y59.911000 Z-0.125000
G01 X210.240000 Y59.433000 Z-0.125000
G01 X209.934000 Y59.235000 Z-0.125000
G01 X209.627000 Y59.355000 Z-0.125000
G01 X209.500000 Y59.643000 Z-0.125000
G01 X209.500000 Y59.643000 Z-0.125000
G00 Z5.000000

(End cutting path id: path806)


(Start cutting path id: path806)
(Change tool to Default tool)

G00 Z5.000000
G00 X209.500000 Y57.933000

G01 Z-0.125000 F100.0(Penetrate)
G01 X209.627000 Y58.239000 Z-0.125000 F400.000000
G01 X209.934000 Y58.367000 Z-0.125000
G01 X210.240000 Y58.239000 Z-0.125000
G01 X210.368000 Y57.933000 Z-0.125000
G01 X210.240000 Y57.626000 Z-0.125000
G01 X209.934000 Y57.499000 Z-0.125000
G01 X209.627000 Y57.626000 Z-0.125000
G01 X209.500000 Y57.933000 Z-0.125000
G01 X209.500000 Y57.933000 Z-0.125000
G00 Z5.000000

(End cutting path id: path806)


(Start cutting path id: path806)
(Change tool to Default tool)

G00 Z5.000000
G00 X209.500000 Y56.197000

G01 Z-0.125000 F100.0(Penetrate)
G01 X209.627000 Y56.503000 Z-0.125000 F400.000000
G01 X209.934000 Y56.631000 Z-0.125000
G01 X210.240000 Y56.503000 Z-0.125000
G01 X210.368000 Y56.197000 Z-0.125000
G01 X210.240000 Y55.890000 Z-0.125000
G01 X209.934000 Y55.763000 Z-0.125000
G01 X209.627000 Y55.890000 Z-0.125000
G01 X209.500000 Y56.197000 Z-0.125000
G01 X209.500000 Y56.197000 Z-0.125000
G00 Z5.000000

(End cutting path id: path806)


(Start cutting path id: path806)
(Change tool to Default tool)

G00 Z5.000000
G00 X211.319000 Y52.757000

G01 Z-0.125000 F100.0(Penetrate)
G01 X211.550000 Y53.086000 Z-0.125000 F400.000000
G01 X211.887000 Y53.223000 Z-0.125000
G01 X212.224000 Y53.086000 Z-0.125000
G01 X212.455000 Y52.757000 Z-0.125000
G01 X212.352000 Y52.427000 Z-0.125000
G01 X211.887000 Y52.290000 Z-0.125000
G01 X211.422000 Y52.427000 Z-0.125000
G01 X211.319000 Y52.757000 Z-0.125000
G01 X211.319000 Y52.757000 Z-0.125000
G00 Z5.000000

(End cutting path id: path806)


(Start cutting path id: path806)
(Change tool to Default tool)

G00 Z5.000000
G00 X211.236000 Y50.988000

G01 Z-0.125000 F100.0(Penetrate)
G01 X211.427000 Y51.295000 Z-0.125000 F400.000000
G01 X211.887000 Y51.422000 Z-0.125000
G01 X212.347000 Y51.295000 Z-0.125000
G01 X212.538000 Y50.988000 Z-0.125000
G01 X212.347000 Y50.682000 Z-0.125000
G01 X211.887000 Y50.554000 Z-0.125000
G01 X211.427000 Y50.682000 Z-0.125000
G01 X211.236000 Y50.988000 Z-0.125000
G01 X211.236000 Y50.988000 Z-0.125000
G00 Z5.000000

(End cutting path id: path806)


(Start cutting path id: path806)
(Change tool to Default tool)

G00 Z5.000000
G00 X213.665000 Y51.354000

G01 Z-0.125000 F100.0(Penetrate)
G01 X213.610000 Y51.752000 Z-0.125000 F400.000000
G01 X213.862000 Y52.087000 Z-0.125000
G01 X214.306000 Y52.228000 Z-0.125000
G01 X214.591000 Y52.095000 Z-0.125000
G01 X214.647000 Y51.781000 Z-0.125000
G01 X214.403000 Y51.377000 Z-0.125000
G01 X213.986000 Y51.138000 Z-0.125000
G01 X213.665000 Y51.354000 Z-0.125000
G01 X213.665000 Y51.354000 Z-0.125000
G00 Z5.000000

(End cutting path id: path806)


(Start cutting path id: path806)
(Change tool to Default tool)

G00 Z5.000000
G00 X213.642000 Y49.656000

G01 Z-0.125000 F100.0(Penetrate)
G01 X213.583000 Y50.008000 Z-0.125000 F400.000000
G01 X213.775000 Y50.285000 Z-0.125000
G01 X214.096000 Y50.396000 Z-0.125000
G01 X214.431000 Y50.253000 Z-0.125000
G01 X214.650000 Y49.923000 Z-0.125000
G01 X214.695000 Y49.598000 Z-0.125000
G01 X214.575000 Y49.350000 Z-0.125000
G01 X214.300000 Y49.252000 Z-0.125000
G01 X213.938000 Y49.371000 Z-0.125000
G01 X213.642000 Y49.656000 Z-0.125000
G01 X213.642000 Y49.656000 Z-0.125000
G00 Z5.000000

(End cutting path id: path806)


(Start cutting path id: path806)
(Change tool to Default tool)

G00 Z5.000000
G00 X213.489000 Y47.983000

G01 Z-0.125000 F100.0(Penetrate)
G01 X213.720000 Y48.312000 Z-0.125000 F400.000000
G01 X214.057000 Y48.449000 Z-0.125000
G01 X214.394000 Y48.312000 Z-0.125000
G01 X214.625000 Y47.983000 Z-0.125000
G01 X214.522000 Y47.653000 Z-0.125000
G01 X214.057000 Y47.516000 Z-0.125000
G01 X213.592000 Y47.653000 Z-0.125000
G01 X213.489000 Y47.983000 Z-0.125000
G01 X213.489000 Y47.983000 Z-0.125000
G00 Z5.000000

(End cutting path id: path806)


(Start cutting path id: path806)
(Change tool to Default tool)

G00 Z5.000000
G00 X213.406000 Y46.214000

G01 Z-0.125000 F100.0(Penetrate)
G01 X213.597000 Y46.520000 Z-0.125000 F400.000000
G01 X214.057000 Y46.648000 Z-0.125000
G01 X214.517000 Y46.520000 Z-0.125000
G01 X214.708000 Y46.214000 Z-0.125000
G01 X214.517000 Y45.907000 Z-0.125000
G01 X214.057000 Y45.780000 Z-0.125000
G01 X213.597000 Y45.907000 Z-0.125000
G01 X213.406000 Y46.214000 Z-0.125000
G01 X213.406000 Y46.214000 Z-0.125000
G00 Z5.000000

(End cutting path id: path806)


(Start cutting path id: path806)
(Change tool to Default tool)

G00 Z5.000000
G00 X207.645000 Y49.143000

G01 Z-0.125000 F100.0(Penetrate)
G01 X207.546000 Y52.941000 Z-0.125000 F400.000000
G01 X204.834000 Y53.070000 Z-0.125000
G01 X202.121000 Y53.199000 Z-0.125000
G01 X202.121000 Y49.272000 Z-0.125000
G01 X202.121000 Y45.345000 Z-0.125000
G01 X204.932000 Y45.345000 Z-0.125000
G01 X207.744000 Y45.345000 Z-0.125000
G01 X207.645000 Y49.143000 Z-0.125000
G00 Z5.000000

(End cutting path id: path806)


(Start cutting path id: path806)
(Change tool to Default tool)

G00 Z5.000000
G00 X207.763000 Y39.920000

G01 Z-0.125000 F100.0(Penetrate)
G01 X207.937000 Y40.715000 Z-0.125000 F400.000000
G01 X208.142000 Y40.930000 Z-0.125000
G01 X208.415000 Y41.005000 Z-0.125000
G01 X208.687000 Y40.930000 Z-0.125000
G01 X208.892000 Y40.715000 Z-0.125000
G01 X209.066000 Y39.920000 Z-0.125000
G01 X208.892000 Y39.124000 Z-0.125000
G01 X208.687000 Y38.909000 Z-0.125000
G01 X208.415000 Y38.834000 Z-0.125000
G01 X208.142000 Y38.909000 Z-0.125000
G01 X207.937000 Y39.124000 Z-0.125000
G01 X207.763000 Y39.920000 Z-0.125000
G01 X207.763000 Y39.920000 Z-0.125000
G00 Z5.000000

(End cutting path id: path806)


(Start cutting path id: path806)
(Change tool to Default tool)

G00 Z5.000000
G00 X205.374000 Y39.786000

G01 Z-0.125000 F100.0(Penetrate)
G01 X205.587000 Y40.585000 Z-0.125000 F400.000000
G01 X205.956000 Y40.898000 Z-0.125000
G01 X206.306000 Y40.697000 Z-0.125000
G01 X206.461000 Y39.956000 Z-0.125000
G01 X206.297000 Y39.153000 Z-0.125000
G01 X206.114000 Y38.919000 Z-0.125000
G01 X205.883000 Y38.834000 Z-0.125000
G01 X205.491000 Y39.108000 Z-0.125000
G01 X205.374000 Y39.786000 Z-0.125000
G01 X205.374000 Y39.786000 Z-0.125000
G00 Z5.000000

(End cutting path id: path806)


(Start cutting path id: path806)
(Change tool to Default tool)

G00 Z5.000000
G00 X202.989000 Y39.920000

G01 Z-0.125000 F100.0(Penetrate)
G01 X203.163000 Y40.715000 Z-0.125000 F400.000000
G01 X203.367000 Y40.930000 Z-0.125000
G01 X203.640000 Y41.005000 Z-0.125000
G01 X203.913000 Y40.930000 Z-0.125000
G01 X204.118000 Y40.715000 Z-0.125000
G01 X204.291000 Y39.920000 Z-0.125000
G01 X204.118000 Y39.124000 Z-0.125000
G01 X203.913000 Y38.909000 Z-0.125000
G01 X203.640000 Y38.834000 Z-0.125000
G01 X203.367000 Y38.909000 Z-0.125000
G01 X203.163000 Y39.124000 Z-0.125000
G01 X202.989000 Y39.920000 Z-0.125000
G01 X202.989000 Y39.920000 Z-0.125000
G00 Z5.000000

(End cutting path id: path806)


(Start cutting path id: path806)
(Change tool to Default tool)

G00 Z5.000000
G00 X200.385000 Y39.920000

G01 Z-0.125000 F100.0(Penetrate)
G01 X200.558000 Y40.715000 Z-0.125000 F400.000000
G01 X200.763000 Y40.930000 Z-0.125000
G01 X201.036000 Y41.005000 Z-0.125000
G01 X201.309000 Y40.930000 Z-0.125000
G01 X201.513000 Y40.715000 Z-0.125000
G01 X201.687000 Y39.920000 Z-0.125000
G01 X201.513000 Y39.124000 Z-0.125000
G01 X201.309000 Y38.909000 Z-0.125000
G01 X201.036000 Y38.834000 Z-0.125000
G01 X200.763000 Y38.909000 Z-0.125000
G01 X200.558000 Y39.124000 Z-0.125000
G01 X200.385000 Y39.920000 Z-0.125000
G01 X200.385000 Y39.920000 Z-0.125000
G00 Z5.000000

(End cutting path id: path806)


(Start cutting path id: path806)
(Change tool to Default tool)

G00 Z5.000000
G00 X198.215000 Y39.920000

G01 Z-0.125000 F100.0(Penetrate)
G01 X198.388000 Y40.715000 Z-0.125000 F400.000000
G01 X198.593000 Y40.930000 Z-0.125000
G01 X198.866000 Y41.005000 Z-0.125000
G01 X199.138000 Y40.930000 Z-0.125000
G01 X199.343000 Y40.715000 Z-0.125000
G01 X199.517000 Y39.920000 Z-0.125000
G01 X199.343000 Y39.124000 Z-0.125000
G01 X199.138000 Y38.909000 Z-0.125000
G01 X198.866000 Y38.834000 Z-0.125000
G01 X198.593000 Y38.909000 Z-0.125000
G01 X198.388000 Y39.124000 Z-0.125000
G01 X198.215000 Y39.920000 Z-0.125000
G01 X198.215000 Y39.920000 Z-0.125000
G00 Z5.000000

(End cutting path id: path806)


(Start cutting path id: path806)
(Change tool to Default tool)

G00 Z5.000000
G00 X195.610000 Y39.920000

G01 Z-0.125000 F100.0(Penetrate)
G01 X195.784000 Y40.715000 Z-0.125000 F400.000000
G01 X195.989000 Y40.930000 Z-0.125000
G01 X196.261000 Y41.005000 Z-0.125000
G01 X196.534000 Y40.930000 Z-0.125000
G01 X196.739000 Y40.715000 Z-0.125000
G01 X196.913000 Y39.920000 Z-0.125000
G01 X196.739000 Y39.124000 Z-0.125000
G01 X196.534000 Y38.909000 Z-0.125000
G01 X196.261000 Y38.834000 Z-0.125000
G01 X195.989000 Y38.909000 Z-0.125000
G01 X195.784000 Y39.124000 Z-0.125000
G01 X195.610000 Y39.920000 Z-0.125000
G01 X195.610000 Y39.920000 Z-0.125000
G00 Z5.000000

(End cutting path id: path806)


(Start cutting path id: path806)
(Change tool to Default tool)

G00 Z5.000000
G00 X193.440000 Y39.920000

G01 Z-0.125000 F100.0(Penetrate)
G01 X193.614000 Y40.715000 Z-0.125000 F400.000000
G01 X193.819000 Y40.930000 Z-0.125000
G01 X194.091000 Y41.005000 Z-0.125000
G01 X194.364000 Y40.930000 Z-0.125000
G01 X194.569000 Y40.715000 Z-0.125000
G01 X194.742000 Y39.920000 Z-0.125000
G01 X194.569000 Y39.124000 Z-0.125000
G01 X194.364000 Y38.909000 Z-0.125000
G01 X194.091000 Y38.834000 Z-0.125000
G01 X193.819000 Y38.909000 Z-0.125000
G01 X193.614000 Y39.124000 Z-0.125000
G01 X193.440000 Y39.920000 Z-0.125000
G01 X193.440000 Y39.920000 Z-0.125000
G00 Z5.000000

(End cutting path id: path806)


(Start cutting path id: path806)
(Change tool to Default tool)

G00 Z5.000000
G00 X190.836000 Y39.920000

G01 Z-0.125000 F100.0(Penetrate)
G01 X191.010000 Y40.715000 Z-0.125000 F400.000000
G01 X191.214000 Y40.930000 Z-0.125000
G01 X191.487000 Y41.005000 Z-0.125000
G01 X191.760000 Y40.930000 Z-0.125000
G01 X191.964000 Y40.715000 Z-0.125000
G01 X192.138000 Y39.920000 Z-0.125000
G01 X191.964000 Y39.124000 Z-0.125000
G01 X191.760000 Y38.909000 Z-0.125000
G01 X191.487000 Y38.834000 Z-0.125000
G01 X191.214000 Y38.909000 Z-0.125000
G01 X191.010000 Y39.124000 Z-0.125000
G01 X190.836000 Y39.920000 Z-0.125000
G01 X190.836000 Y39.920000 Z-0.125000
G00 Z5.000000

(End cutting path id: path806)


(Start cutting path id: path806)
(Change tool to Default tool)

G00 Z5.000000
G00 X190.916000 Y36.522000

G01 Z-0.125000 F100.0(Penetrate)
G01 X191.191000 Y37.496000 Z-0.125000 F400.000000
G01 X191.602000 Y37.868000 Z-0.125000
G01 X191.804000 Y37.819000 Z-0.125000
G01 X191.975000 Y37.611000 Z-0.125000
G01 X192.138000 Y36.700000 Z-0.125000
G01 X191.974000 Y35.684000 Z-0.125000
G01 X191.763000 Y35.441000 Z-0.125000
G01 X191.458000 Y35.362000 Z-0.125000
G01 X191.156000 Y35.428000 Z-0.125000
G01 X190.970000 Y35.634000 Z-0.125000
G01 X190.916000 Y36.522000 Z-0.125000
G01 X190.916000 Y36.522000 Z-0.125000
G00 Z5.000000

(End cutting path id: path806)


(Start cutting path id: path806)
(Change tool to Default tool)

G00 Z5.000000
G00 X193.440000 Y36.664000

G01 Z-0.125000 F100.0(Penetrate)
G01 X193.577000 Y37.646000 Z-0.125000 F400.000000
G01 X193.747000 Y37.849000 Z-0.125000
G01 X193.983000 Y37.858000 Z-0.125000
G01 X194.366000 Y37.433000 Z-0.125000
G01 X194.525000 Y36.664000 Z-0.125000
G01 X194.366000 Y35.896000 Z-0.125000
G01 X193.983000 Y35.471000 Z-0.125000
G01 X193.747000 Y35.479000 Z-0.125000
G01 X193.577000 Y35.683000 Z-0.125000
G01 X193.440000 Y36.664000 Z-0.125000
G01 X193.440000 Y36.664000 Z-0.125000
G00 Z5.000000

(End cutting path id: path806)


(Start cutting path id: path806)
(Change tool to Default tool)

G00 Z5.000000
G00 X195.767000 Y36.013000

G01 Z-0.125000 F100.0(Penetrate)
G01 X195.661000 Y36.660000 Z-0.125000 F400.000000
G01 X195.775000 Y37.293000 Z-0.125000
G01 X196.059000 Y37.775000 Z-0.125000
G01 X196.465000 Y37.966000 Z-0.125000
G01 X196.781000 Y37.584000 Z-0.125000
G01 X196.913000 Y36.664000 Z-0.125000
G01 X196.794000 Y35.830000 Z-0.125000
G01 X196.501000 Y35.408000 Z-0.125000
G01 X196.127000 Y35.451000 Z-0.125000
G01 X195.767000 Y36.013000 Z-0.125000
G01 X195.767000 Y36.013000 Z-0.125000
G00 Z5.000000

(End cutting path id: path806)


(Start cutting path id: path806)
(Change tool to Default tool)

G00 Z5.000000
G00 X198.215000 Y36.664000

G01 Z-0.125000 F100.0(Penetrate)
G01 X198.352000 Y37.646000 Z-0.125000 F400.000000
G01 X198.521000 Y37.849000 Z-0.125000
G01 X198.757000 Y37.858000 Z-0.125000
G01 X199.140000 Y37.433000 Z-0.125000
G01 X199.300000 Y36.664000 Z-0.125000
G01 X199.140000 Y35.896000 Z-0.125000
G01 X198.757000 Y35.471000 Z-0.125000
G01 X198.521000 Y35.479000 Z-0.125000
G01 X198.352000 Y35.683000 Z-0.125000
G01 X198.215000 Y36.664000 Z-0.125000
G01 X198.215000 Y36.664000 Z-0.125000
G00 Z5.000000

(End cutting path id: path806)


(Start cutting path id: path806)
(Change tool to Default tool)

G00 Z5.000000
G00 X200.542000 Y36.013000

G01 Z-0.125000 F100.0(Penetrate)
G01 X200.436000 Y36.660000 Z-0.125000 F400.000000
G01 X200.549000 Y37.293000 Z-0.125000
G01 X200.834000 Y37.775000 Z-0.125000
G01 X201.239000 Y37.966000 Z-0.125000
G01 X201.555000 Y37.584000 Z-0.125000
G01 X201.687000 Y36.664000 Z-0.125000
G01 X201.568000 Y35.830000 Z-0.125000
G01 X201.275000 Y35.408000 Z-0.125000
G01 X200.902000 Y35.451000 Z-0.125000
G01 X200.542000 Y36.013000 Z-0.125000
G01 X200.542000 Y36.013000 Z-0.125000
G00 Z5.000000

(End cutting path id: path806)


(Start cutting path id: path806)
(Change tool to Default tool)

G00 Z5.000000
G00 X202.989000 Y36.700000

G01 Z-0.125000 F100.0(Penetrate)
G01 X203.152000 Y37.611000 Z-0.125000 F400.000000
G01 X203.323000 Y37.819000 Z-0.125000
G01 X203.525000 Y37.868000 Z-0.125000
G01 X203.936000 Y37.497000 Z-0.125000
G01 X204.211000 Y36.522000 Z-0.125000
G01 X204.157000 Y35.634000 Z-0.125000
G01 X203.971000 Y35.428000 Z-0.125000
G01 X203.669000 Y35.362000 Z-0.125000
G01 X203.364000 Y35.441000 Z-0.125000
G01 X203.153000 Y35.684000 Z-0.125000
G01 X202.989000 Y36.700000 Z-0.125000
G01 X202.989000 Y36.700000 Z-0.125000
G00 Z5.000000

(End cutting path id: path806)


(Start cutting path id: path806)
(Change tool to Default tool)

G00 Z5.000000
G00 X205.593000 Y36.230000

G01 Z-0.125000 F100.0(Penetrate)
G01 X205.561000 Y37.413000 Z-0.125000 F400.000000
G01 X205.675000 Y37.681000 Z-0.125000
G01 X205.995000 Y37.883000 Z-0.125000
G01 X206.180000 Y37.843000 Z-0.125000
G01 X206.328000 Y37.611000 Z-0.125000
G01 X206.461000 Y36.700000 Z-0.125000
G01 X206.334000 Y35.755000 Z-0.125000
G01 X206.027000 Y35.362000 Z-0.125000
G01 X205.721000 Y35.617000 Z-0.125000
G01 X205.593000 Y36.230000 Z-0.125000
G01 X205.593000 Y36.230000 Z-0.125000
G00 Z5.000000

(End cutting path id: path806)


(Start cutting path id: path806)
(Change tool to Default tool)

G00 Z5.000000
G00 X206.830000 Y24.980000

G01 Z-0.125000 F100.0(Penetrate)
G01 X213.275000 Y24.980000 Z-0.125000 F400.000000
G01 X208.213000 Y16.267000 Z-0.125000
G01 X209.137000 Y16.246000 Z-0.125000
G01 X209.584000 Y16.260000 Z-0.125000
G01 X209.937000 Y16.440000 Z-0.125000
G01 X215.178000 Y25.488000 Z-0.125000
G01 X215.152000 Y25.947000 Z-0.125000
G01 X214.867000 Y26.254000 Z-0.125000
G01 X214.439000 Y26.402000 Z-0.125000
G01 X213.984000 Y26.382000 Z-0.125000
G01 X206.830000 Y26.382000 Z-0.125000
G01 X206.830000 Y24.980000 Z-0.125000
G01 X206.830000 Y24.980000 Z-0.125000
G00 Z5.000000

(End cutting path id: path806)


(Start cutting path id: path806)
(Change tool to Default tool)

G00 Z5.000000
G00 X205.287000 Y19.269000

G01 Z-0.125000 F100.0(Penetrate)
G01 X205.205000 Y18.771000 Z-0.125000 F400.000000
G01 X204.938000 Y18.274000 Z-0.125000
G01 X204.456000 Y17.888000 Z-0.125000
G01 X203.736000 Y17.732000 Z-0.125000
G01 X200.255000 Y17.732000 Z-0.125000
G01 X199.750000 Y17.814000 Z-0.125000
G01 X199.253000 Y18.081000 Z-0.125000
G01 X198.867000 Y18.556000 Z-0.125000
G01 X198.719000 Y19.269000 Z-0.125000
G01 X198.800000 Y19.773000 Z-0.125000
G01 X199.060000 Y20.278000 Z-0.125000
G01 X199.535000 Y20.664000 Z-0.125000
G01 X200.255000 Y20.820000 Z-0.125000
G01 X201.806000 Y20.820000 Z-0.125000
G01 X201.806000 Y19.469000 Z-0.125000
G01 X200.255000 Y19.469000 Z-0.125000
G01 X200.203000 Y19.462000 Z-0.125000
G01 X200.143000 Y19.440000 Z-0.125000
G01 X200.092000 Y19.380000 Z-0.125000
G01 X200.069000 Y19.269000 Z-0.125000
G01 X200.129000 Y19.128000 Z-0.125000
G01 X200.270000 Y19.091000 Z-0.125000
G01 X202.058000 Y19.091000 Z-0.125000
G01 X202.155000 Y19.128000 Z-0.125000
G01 X202.199000 Y19.284000 Z-0.125000
G01 X202.199000 Y21.020000 Z-0.125000
G01 X202.170000 Y21.147000 Z-0.125000
G01 X201.984000 Y21.213000 Z-0.125000
G01 X199.490000 Y21.213000 Z-0.125000
G01 X199.490000 Y22.572000 Z-0.125000
G01 X201.999000 Y22.572000 Z-0.125000
G01 X202.504000 Y22.490000 Z-0.125000
G01 X203.008000 Y22.223000 Z-0.125000
G01 X203.394000 Y21.740000 Z-0.125000
G01 X203.550000 Y21.020000 Z-0.125000
G01 X203.550000 Y19.269000 Z-0.125000
G01 X203.543000 Y19.180000 Z-0.125000
G01 X203.536000 Y19.091000 Z-0.125000
G01 X203.736000 Y19.091000 Z-0.125000
G01 X203.870000 Y19.113000 Z-0.125000
G01 X203.929000 Y19.284000 Z-0.125000
G01 X203.929000 Y21.889000 Z-0.125000
G01 X203.848000 Y22.327000 Z-0.125000
G01 X203.625000 Y22.661000 Z-0.125000
G01 X203.291000 Y22.876000 Z-0.125000
G01 X202.868000 Y22.950000 Z-0.125000
G01 X199.387000 Y22.950000 Z-0.125000
G01 X198.942000 Y22.868000 Z-0.125000
G01 X198.608000 Y22.638000 Z-0.125000
G01 X198.400000 Y22.304000 Z-0.125000
G01 X198.326000 Y21.889000 Z-0.125000
G01 X198.326000 Y18.408000 Z-0.125000
G01 X198.408000 Y17.970000 Z-0.125000
G01 X198.630000 Y17.636000 Z-0.125000
G01 X198.972000 Y17.413000 Z-0.125000
G01 X199.387000 Y17.339000 Z-0.125000
G01 X200.256000 Y17.339000 Z-0.125000
G01 X200.256000 Y15.989000 Z-0.125000
G01 X199.387000 Y15.989000 Z-0.125000
G01 X198.601000 Y16.115000 Z-0.125000
G01 X197.814000 Y16.530000 Z-0.125000
G01 X197.205000 Y17.280000 Z-0.125000
G01 X196.968000 Y18.408000 Z-0.125000
G01 X196.968000 Y21.889000 Z-0.125000
G01 X197.094000 Y22.675000 Z-0.125000
G01 X197.510000 Y23.455000 Z-0.125000
G01 X198.259000 Y24.056000 Z-0.125000
G01 X199.387000 Y24.301000 Z-0.125000
G01 X202.868000 Y24.301000 Z-0.125000
G01 X203.655000 Y24.175000 Z-0.125000
G01 X204.442000 Y23.759000 Z-0.125000
G01 X205.043000 Y23.017000 Z-0.125000
G01 X205.288000 Y21.889000 Z-0.125000
G01 X205.287000 Y19.269000 Z-0.125000
G00 Z5.000000

(End cutting path id: path806)


(Start cutting path id: path806)
(Change tool to Default tool)

G00 Z5.000000
G00 X199.105000 Y24.023000

G01 Z-0.125000 F100.0(Penetrate)
G01 X198.238000 Y23.748000 Z-0.125000 F400.000000
G01 X197.612000 Y23.122000 Z-0.125000
G01 X197.265000 Y22.285000 Z-0.125000
G01 X197.232000 Y21.377000 Z-0.125000
G01 X197.219000 Y19.485000 Z-0.125000
G01 X197.354000 Y17.609000 Z-0.125000
G01 X197.773000 Y16.925000 Z-0.125000
G01 X198.419000 Y16.479000 Z-0.125000
G01 X199.191000 Y16.259000 Z-0.125000
G01 X199.992000 Y16.252000 Z-0.125000
G01 X200.031000 Y16.680000 Z-0.125000
G01 X199.935000 Y16.969000 Z-0.125000
G01 X199.686000 Y17.107000 Z-0.125000
G01 X199.266000 Y17.084000 Z-0.125000
G01 X198.671000 Y17.266000 Z-0.125000
G01 X198.264000 Y17.703000 Z-0.125000
G01 X198.057000 Y18.287000 Z-0.125000
G01 X198.062000 Y18.908000 Z-0.125000
G01 X198.051000 Y20.661000 Z-0.125000
G01 X198.152000 Y22.400000 Z-0.125000
G01 X198.548000 Y22.941000 Z-0.125000
G01 X199.142000 Y23.180000 Z-0.125000
G01 X200.487000 Y23.214000 Z-0.125000
G01 X201.957000 Y23.227000 Z-0.125000
G01 X203.412000 Y23.113000 Z-0.125000
G01 X203.962000 Y22.666000 Z-0.125000
G01 X204.178000 Y22.020000 Z-0.125000
G01 X204.193000 Y20.588000 Z-0.125000
G01 X204.215000 Y19.673000 Z-0.125000
G01 X204.187000 Y19.227000 Z-0.125000
G01 X203.973000 Y18.861000 Z-0.125000
G01 X203.576000 Y18.804000 Z-0.125000
G01 X203.334000 Y18.919000 Z-0.125000
G01 X203.239000 Y19.187000 Z-0.125000
G01 X203.287000 Y19.593000 Z-0.125000
G01 X203.291000 Y21.005000 Z-0.125000
G01 X203.129000 Y21.661000 Z-0.125000
G01 X202.639000 Y22.150000 Z-0.125000
G01 X201.935000 Y22.302000 Z-0.125000
G01 X201.211000 Y22.323000 Z-0.125000
G01 X199.754000 Y22.308000 Z-0.125000
G01 X199.708000 Y21.804000 Z-0.125000
G01 X199.893000 Y21.532000 Z-0.125000
G01 X200.259000 Y21.439000 Z-0.125000
G01 X200.754000 Y21.476000 Z-0.125000
G01 X201.630000 Y21.496000 Z-0.125000
G01 X202.056000 Y21.468000 Z-0.125000
G01 X202.408000 Y21.265000 Z-0.125000
G01 X202.478000 Y20.165000 Z-0.125000
G01 X202.420000 Y19.062000 Z-0.125000
G01 X202.082000 Y18.834000 Z-0.125000
G01 X201.651000 Y18.804000 Z-0.125000
G01 X200.759000 Y18.828000 Z-0.125000
G01 X200.041000 Y18.899000 Z-0.125000
G01 X199.820000 Y19.130000 Z-0.125000
G01 X199.848000 Y19.502000 Z-0.125000
G01 X200.208000 Y19.722000 Z-0.125000
G01 X200.643000 Y19.754000 Z-0.125000
G01 X201.543000 Y19.732000 Z-0.125000
G01 X201.590000 Y20.235000 Z-0.125000
G01 X201.402000 Y20.504000 Z-0.125000
G01 X201.036000 Y20.593000 Z-0.125000
G01 X200.543000 Y20.556000 Z-0.125000
G01 X199.878000 Y20.514000 Z-0.125000
G01 X199.340000 Y20.164000 Z-0.125000
G01 X199.020000 Y19.605000 Z-0.125000
G01 X199.014000 Y18.939000 Z-0.125000
G01 X199.347000 Y18.350000 Z-0.125000
G01 X199.922000 Y18.062000 Z-0.125000
G01 X201.279000 Y17.996000 Z-0.125000
G01 X202.819000 Y17.980000 Z-0.125000
G01 X204.334000 Y18.125000 Z-0.125000
G01 X204.858000 Y18.652000 Z-0.125000
G01 X205.028000 Y19.364000 Z-0.125000
G01 X205.023000 Y20.893000 Z-0.125000
G01 X205.040000 Y21.691000 Z-0.125000
G01 X204.936000 Y22.493000 Z-0.125000
G01 X204.624000 Y23.204000 Z-0.125000
G01 X204.013000 Y23.730000 Z-0.125000
G01 X203.137000 Y24.004000 Z-0.125000
G01 X202.217000 Y24.058000 Z-0.125000
G01 X200.357000 Y24.037000 Z-0.125000
G01 X199.105000 Y24.023000 Z-0.125000
G01 X199.105000 Y24.023000 Z-0.125000
G00 Z5.000000

(End cutting path id: path806)


(Start cutting path id: path806)
(Change tool to Default tool)

G00 Z5.000000
G00 X190.429000 Y18.712000

G01 Z-0.125000 F100.0(Penetrate)
G01 X190.362000 Y18.133000 Z-0.125000 F400.000000
G01 X190.162000 Y17.524000 Z-0.125000
G01 X189.813000 Y16.953000 Z-0.125000
G01 X189.301000 Y16.463000 Z-0.125000
G01 X188.611000 Y16.129000 Z-0.125000
G01 X187.728000 Y16.003000 Z-0.125000
G01 X180.655000 Y16.003000 Z-0.125000
G01 X180.655000 Y17.933000 Z-0.125000
G01 X187.728000 Y17.933000 Z-0.125000
G01 X188.284000 Y18.155000 Z-0.125000
G01 X188.485000 Y18.712000 Z-0.125000
G01 X188.485000 Y19.573000 Z-0.125000
G01 X188.292000 Y20.152000 Z-0.125000
G01 X187.713000 Y20.352000 Z-0.125000
G01 X183.364000 Y20.352000 Z-0.125000
G01 X182.672000 Y20.419000 Z-0.125000
G01 X182.094000 Y20.619000 Z-0.125000
G01 X181.263000 Y21.302000 Z-0.125000
G01 X180.796000 Y22.185000 Z-0.125000
G01 X180.655000 Y23.068000 Z-0.125000
G01 X180.655000 Y26.646000 Z-0.125000
G01 X189.546000 Y26.646000 Z-0.125000
G01 X189.546000 Y24.716000 Z-0.125000
G01 X182.584000 Y24.716000 Z-0.125000
G01 X182.584000 Y23.068000 Z-0.125000
G01 X182.785000 Y22.490000 Z-0.125000
G01 X183.364000 Y22.297000 Z-0.125000
G01 X187.728000 Y22.297000 Z-0.125000
G01 X188.603000 Y22.148000 Z-0.125000
G01 X189.479000 Y21.681000 Z-0.125000
G01 X190.154000 Y20.842000 Z-0.125000
G01 X190.360000 Y20.265000 Z-0.125000
G01 X190.429000 Y19.573000 Z-0.125000
G01 X190.429000 Y18.712000 Z-0.125000
G00 Z5.000000

(End cutting path id: path806)


(Start cutting path id: path806)
(Change tool to Default tool)

G00 Z5.000000
G00 X180.918000 Y23.080000

G01 Z-0.125000 F100.0(Penetrate)
G01 X181.102000 Y22.097000 Z-0.125000 F400.000000
G01 X181.657000 Y21.277000 Z-0.125000
G01 X182.483000 Y20.743000 Z-0.125000
G01 X183.477000 Y20.615000 Z-0.125000
G01 X185.812000 Y20.623000 Z-0.125000
G01 X188.139000 Y20.554000 Z-0.125000
G01 X188.583000 Y20.193000 Z-0.125000
G01 X188.748000 Y19.659000 Z-0.125000
G01 X188.729000 Y18.484000 Z-0.125000
G01 X188.506000 Y18.001000 Z-0.125000
G01 X188.081000 Y17.739000 Z-0.125000
G01 X187.029000 Y17.670000 Z-0.125000
G01 X180.918000 Y17.670000 Z-0.125000
G01 X180.885000 Y16.736000 Z-0.125000
G01 X180.951000 Y16.351000 Z-0.125000
G01 X181.318000 Y16.267000 Z-0.125000
G01 X184.793000 Y16.261000 Z-0.125000
G01 X188.264000 Y16.316000 Z-0.125000
G01 X189.171000 Y16.698000 Z-0.125000
G01 X189.799000 Y17.422000 Z-0.125000
G01 X190.135000 Y18.347000 Z-0.125000
G01 X190.166000 Y19.328000 Z-0.125000
G01 X190.086000 Y20.289000 Z-0.125000
G01 X189.641000 Y21.129000 Z-0.125000
G01 X188.916000 Y21.740000 Z-0.125000
G01 X187.993000 Y22.013000 Z-0.125000
G01 X185.465000 Y22.027000 Z-0.125000
G01 X182.943000 Y22.093000 Z-0.125000
G01 X182.465000 Y22.491000 Z-0.125000
G01 X182.313000 Y23.081000 Z-0.125000
G01 X182.320000 Y24.368000 Z-0.125000
G01 X182.311000 Y24.821000 Z-0.125000
G01 X182.593000 Y24.983000 Z-0.125000
G01 X183.484000 Y24.980000 Z-0.125000
G01 X189.281000 Y24.980000 Z-0.125000
G01 X189.314000 Y25.914000 Z-0.125000
G01 X189.248000 Y26.299000 Z-0.125000
G01 X188.881000 Y26.382000 Z-0.125000
G01 X180.918000 Y26.382000 Z-0.125000
G01 X180.918000 Y23.080000 Z-0.125000
G01 X180.918000 Y23.080000 Z-0.125000
G00 Z5.000000

(End cutting path id: path806)


(Start cutting path id: path806)
(Change tool to Default tool)

G00 Z5.000000
G00 X178.840000 Y16.003000

G01 Z-0.125000 F100.0(Penetrate)
G01 X169.066000 Y16.003000 Z-0.125000 F400.000000
G01 X169.066000 Y19.573000 Z-0.125000
G01 X169.125000 Y20.152000 Z-0.125000
G01 X169.326000 Y20.768000 Z-0.125000
G01 X169.667000 Y21.347000 Z-0.125000
G01 X170.179000 Y21.829000 Z-0.125000
G01 X170.877000 Y22.170000 Z-0.125000
G01 X171.767000 Y22.297000 Z-0.125000
G01 X176.117000 Y22.297000 Z-0.125000
G01 X176.695000 Y22.490000 Z-0.125000
G01 X176.888000 Y23.068000 Z-0.125000
G01 X176.888000 Y23.922000 Z-0.125000
G01 X176.695000 Y24.516000 Z-0.125000
G01 X176.131000 Y24.716000 Z-0.125000
G01 X169.934000 Y24.716000 Z-0.125000
G01 X169.934000 Y26.646000 Z-0.125000
G01 X176.131000 Y26.646000 Z-0.125000
G01 X177.015000 Y26.520000 Z-0.125000
G01 X177.705000 Y26.178000 Z-0.125000
G01 X178.224000 Y25.696000 Z-0.125000
G01 X178.573000 Y25.117000 Z-0.125000
G01 X178.774000 Y24.508000 Z-0.125000
G01 X178.840000 Y23.937000 Z-0.125000
G01 X178.840000 Y23.068000 Z-0.125000
G01 X178.772000 Y22.376000 Z-0.125000
G01 X178.566000 Y21.799000 Z-0.125000
G01 X177.890000 Y20.961000 Z-0.125000
G01 X177.007000 Y20.493000 Z-0.125000
G01 X176.131000 Y20.352000 Z-0.125000
G01 X171.767000 Y20.352000 Z-0.125000
G01 X171.389000 Y20.285000 Z-0.125000
G01 X171.166000 Y20.107000 Z-0.125000
G01 X171.055000 Y19.855000 Z-0.125000
G01 X170.996000 Y19.573000 Z-0.125000
G01 X170.996000 Y17.933000 Z-0.125000
G01 X178.840000 Y17.933000 Z-0.125000
G01 X178.840000 Y16.003000 Z-0.125000
G00 Z5.000000

(End cutting path id: path806)


(Start cutting path id: path806)
(Change tool to Default tool)

G00 Z5.000000
G00 X167.459000 Y20.456000

G01 Z-0.125000 F100.0(Penetrate)
G01 X167.289000 Y19.217000 Z-0.125000 F400.000000
G01 X166.821000 Y18.140000 Z-0.125000
G01 X166.101000 Y17.250000 Z-0.125000
G01 X165.188000 Y16.574000 Z-0.125000
G01 X164.142000 Y16.151000 Z-0.125000
G01 X163.006000 Y16.003000 Z-0.125000
G01 X159.526000 Y16.003000 Z-0.125000
G01 X158.383000 Y16.151000 Z-0.125000
G01 X157.329000 Y16.574000 Z-0.125000
G01 X156.423000 Y17.250000 Z-0.125000
G01 X155.703000 Y18.140000 Z-0.125000
G01 X155.236000 Y19.217000 Z-0.125000
G01 X155.072000 Y20.456000 Z-0.125000
G01 X155.072000 Y22.193000 Z-0.125000
G01 X155.163000 Y23.132000 Z-0.125000
G01 X155.436000 Y23.989000 Z-0.125000
G01 X155.868000 Y24.748000 Z-0.125000
G01 X156.423000 Y25.391000 Z-0.125000
G01 X157.086000 Y25.918000 Z-0.125000
G01 X157.841000 Y26.312000 Z-0.125000
G01 X158.666000 Y26.562000 Z-0.125000
G01 X159.526000 Y26.646000 Z-0.125000
G01 X163.006000 Y26.646000 Z-0.125000
G01 X164.142000 Y26.497000 Z-0.125000
G01 X165.188000 Y26.067000 Z-0.125000
G01 X166.101000 Y25.399000 Z-0.125000
G01 X166.821000 Y24.508000 Z-0.125000
G01 X167.289000 Y23.425000 Z-0.125000
G01 X167.459000 Y22.193000 Z-0.125000
G01 X167.459000 Y20.456000 Z-0.125000
G00 Z5.000000

(End cutting path id: path806)


(Start cutting path id: path806)
(Change tool to Default tool)

G00 Z5.000000
G00 X165.515000 Y22.193000

G01 Z-0.125000 F100.0(Penetrate)
G01 X165.307000 Y23.232000 Z-0.125000 F400.000000
G01 X164.750000 Y24.033000 Z-0.125000
G01 X163.956000 Y24.545000 Z-0.125000
G01 X163.006000 Y24.716000 Z-0.125000
G01 X159.526000 Y24.716000 Z-0.125000
G01 X158.583000 Y24.545000 Z-0.125000
G01 X157.774000 Y24.041000 Z-0.125000
G01 X157.210000 Y23.239000 Z-0.125000
G01 X157.002000 Y22.193000 Z-0.125000
G01 X157.002000 Y20.456000 Z-0.125000
G01 X157.210000 Y19.410000 Z-0.125000
G01 X157.767000 Y18.608000 Z-0.125000
G01 X158.568000 Y18.103000 Z-0.125000
G01 X159.526000 Y17.933000 Z-0.125000
G01 X163.006000 Y17.933000 Z-0.125000
G01 X164.038000 Y18.118000 Z-0.125000
G01 X164.832000 Y18.645000 Z-0.125000
G01 X165.337000 Y19.439000 Z-0.125000
G01 X165.515000 Y20.456000 Z-0.125000
G01 X165.515000 Y22.193000 Z-0.125000
G00 Z5.000000

(End cutting path id: path806)


(Start cutting path id: path806)
(Change tool to Default tool)

G00 Z5.000000
G00 X164.676000 Y23.603000

G01 Z-0.125000 F100.0(Penetrate)
G01 X164.825000 Y23.247000 Z-0.125000 F400.000000
G01 X164.825000 Y22.876000 Z-0.125000
G01 X164.676000 Y22.534000 Z-0.125000
G01 X164.402000 Y22.267000 Z-0.125000
G01 X159.192000 Y18.786000 Z-0.125000
G01 X158.932000 Y18.653000 Z-0.125000
G01 X158.657000 Y18.615000 Z-0.125000
G01 X158.204000 Y18.727000 Z-0.125000
G01 X157.856000 Y19.046000 Z-0.125000
G01 X157.707000 Y19.395000 Z-0.125000
G01 X157.700000 Y19.766000 Z-0.125000
G01 X157.841000 Y20.107000 Z-0.125000
G01 X158.116000 Y20.382000 Z-0.125000
G01 X163.341000 Y23.863000 Z-0.125000
G01 X163.690000 Y24.011000 Z-0.125000
G01 X164.061000 Y24.011000 Z-0.125000
G01 X164.402000 Y23.870000 Z-0.125000
G01 X164.677000 Y23.603000 Z-0.125000
G01 X164.676000 Y23.603000 Z-0.125000
G00 Z5.000000

(End cutting path id: path806)


(Start cutting path id: path806)
(Change tool to Default tool)

G00 Z5.000000
G00 X163.740000 Y23.750000

G01 Z-0.125000 F100.0(Penetrate)
G01 X160.986000 Y21.984000 Z-0.125000 F400.000000
G01 X158.262000 Y20.162000 Z-0.125000
G01 X157.957000 Y19.708000 Z-0.125000
G01 X158.096000 Y19.201000 Z-0.125000
G01 X158.514000 Y18.886000 Z-0.125000
G01 X159.047000 Y19.009000 Z-0.125000
G01 X164.430000 Y22.652000 Z-0.125000
G01 X164.578000 Y23.043000 Z-0.125000
G01 X164.462000 Y23.432000 Z-0.125000
G01 X164.157000 Y23.705000 Z-0.125000
G01 X163.740000 Y23.750000 Z-0.125000
G01 X163.740000 Y23.750000 Z-0.125000
G00 Z5.000000

(End cutting path id: path806)


(Start cutting path id: path806)
(Change tool to Default tool)

G00 Z5.000000
G00 X159.521000 Y24.980000

G01 Z-0.125000 F100.0(Penetrate)
G01 X161.666000 Y24.993000 Z-0.125000 F400.000000
G01 X163.799000 Y24.877000 Z-0.125000
G01 X164.712000 Y24.421000 Z-0.125000
G01 X165.371000 Y23.661000 Z-0.125000
G01 X165.739000 Y22.713000 Z-0.125000
G01 X165.779000 Y21.693000 Z-0.125000
G01 X165.798000 Y20.747000 Z-0.125000
G01 X165.698000 Y19.792000 Z-0.125000
G01 X165.379000 Y18.918000 Z-0.125000
G01 X164.738000 Y18.215000 Z-0.125000
G01 X163.783000 Y17.770000 Z-0.125000
G01 X162.739000 Y17.651000 Z-0.125000
G01 X160.606000 Y17.670000 Z-0.125000
G01 X158.861000 Y17.754000 Z-0.125000
G01 X158.057000 Y18.053000 Z-0.125000
G01 X157.393000 Y18.623000 Z-0.125000
G01 X156.898000 Y19.500000 Z-0.125000
G01 X156.732000 Y20.483000 Z-0.125000
G01 X156.754000 Y22.515000 Z-0.125000
G01 X157.036000 Y23.494000 Z-0.125000
G01 X157.657000 Y24.284000 Z-0.125000
G01 X158.518000 Y24.806000 Z-0.125000
G01 X159.521000 Y24.980000 Z-0.125000
G01 X159.521000 Y24.980000 Z-0.125000
G00 Z5.000000

(End cutting path id: path806)


(Start cutting path id: path806)
(Change tool to Default tool)

G00 Z5.000000
G00 X159.131000 Y26.363000

G01 Z-0.125000 F100.0(Penetrate)
G01 X158.325000 Y26.213000 Z-0.125000 F400.000000
G01 X157.577000 Y25.903000 Z-0.125000
G01 X156.905000 Y25.454000 Z-0.125000
G01 X156.328000 Y24.887000 Z-0.125000
G01 X155.864000 Y24.225000 Z-0.125000
G01 X155.531000 Y23.489000 Z-0.125000
G01 X155.349000 Y22.699000 Z-0.125000
G01 X155.336000 Y21.879000 Z-0.125000
G01 X155.409000 Y19.734000 Z-0.125000
G01 X155.688000 Y18.721000 Z-0.125000
G01 X156.246000 Y17.828000 Z-0.125000
G01 X157.098000 Y17.028000 Z-0.125000
G01 X158.130000 Y16.516000 Z-0.125000
G01 X159.267000 Y16.270000 Z-0.125000
G01 X160.433000 Y16.267000 Z-0.125000
G01 X163.072000 Y16.273000 Z-0.125000
G01 X164.352000 Y16.491000 Z-0.125000
G01 X165.516000 Y17.101000 Z-0.125000
G01 X166.358000 Y17.923000 Z-0.125000
G01 X166.908000 Y18.947000 Z-0.125000
G01 X167.183000 Y20.089000 Z-0.125000
G01 X167.195000 Y21.264000 Z-0.125000
G01 X167.200000 Y22.273000 Z-0.125000
G01 X167.048000 Y23.270000 Z-0.125000
G01 X166.696000 Y24.204000 Z-0.125000
G01 X166.102000 Y25.021000 Z-0.125000
G01 X165.347000 Y25.665000 Z-0.125000
G01 X164.430000 Y26.119000 Z-0.125000
G01 X163.424000 Y26.364000 Z-0.125000
G01 X162.396000 Y26.382000 Z-0.125000
G01 X159.131000 Y26.363000 Z-0.125000
G01 X159.131000 Y26.363000 Z-0.125000
G00 Z5.000000

(End cutting path id: path806)


(Start cutting path id: path806)
(Change tool to Default tool)

G00 Z5.000000
G00 X170.197000 Y24.980000

G01 Z-0.125000 F100.0(Penetrate)
G01 X176.466000 Y24.937000 Z-0.125000 F400.000000
G01 X176.958000 Y24.600000 Z-0.125000
G01 X177.146000 Y24.055000 Z-0.125000
G01 X177.135000 Y22.830000 Z-0.125000
G01 X176.900000 Y22.324000 Z-0.125000
G01 X176.436000 Y22.081000 Z-0.125000
G01 X175.317000 Y22.033000 Z-0.125000
G01 X173.138000 Y22.046000 Z-0.125000
G01 X170.973000 Y21.923000 Z-0.125000
G01 X170.143000 Y21.465000 Z-0.125000
G01 X169.605000 Y20.715000 Z-0.125000
G01 X169.339000 Y19.803000 Z-0.125000
G01 X169.330000 Y18.858000 Z-0.125000
G01 X169.330000 Y16.267000 Z-0.125000
G01 X178.576000 Y16.267000 Z-0.125000
G01 X178.609000 Y17.201000 Z-0.125000
G01 X178.543000 Y17.586000 Z-0.125000
G01 X178.176000 Y17.670000 Z-0.125000
G01 X170.732000 Y17.670000 Z-0.125000
G01 X170.710000 Y19.064000 Z-0.125000
G01 X170.764000 Y19.749000 Z-0.125000
G01 X171.047000 Y20.364000 Z-0.125000
G01 X171.604000 Y20.598000 Z-0.125000
G01 X172.218000 Y20.636000 Z-0.125000
G01 X173.468000 Y20.615000 Z-0.125000
G01 X175.430000 Y20.593000 Z-0.125000
G01 X176.403000 Y20.645000 Z-0.125000
G01 X177.336000 Y20.916000 Z-0.125000
G01 X178.000000 Y21.425000 Z-0.125000
G01 X178.402000 Y22.132000 Z-0.125000
G01 X178.582000 Y22.948000 Z-0.125000
G01 X178.576000 Y23.782000 Z-0.125000
G01 X178.424000 Y24.800000 Z-0.125000
G01 X177.878000 Y25.662000 Z-0.125000
G01 X177.043000 Y26.233000 Z-0.125000
G01 X176.023000 Y26.382000 Z-0.125000
G01 X170.197000 Y26.382000 Z-0.125000
G01 X170.197000 Y24.980000 Z-0.125000
G01 X170.197000 Y24.980000 Z-0.125000
G00 Z5.000000

(End cutting path id: path806)


(Start cutting path id: path806)
(Change tool to Default tool)

G00 Z5.000000
G00 X170.436000 Y42.524000

G01 Z-0.125000 F100.0(Penetrate)
G01 X170.610000 Y43.319000 Z-0.125000 F400.000000
G01 X170.815000 Y43.534000 Z-0.125000
G01 X171.087000 Y43.609000 Z-0.125000
G01 X171.360000 Y43.534000 Z-0.125000
G01 X171.565000 Y43.319000 Z-0.125000
G01 X171.738000 Y42.524000 Z-0.125000
G01 X171.565000 Y41.728000 Z-0.125000
G01 X171.360000 Y41.513000 Z-0.125000
G01 X171.087000 Y41.439000 Z-0.125000
G01 X170.815000 Y41.513000 Z-0.125000
G01 X170.610000 Y41.728000 Z-0.125000
G01 X170.436000 Y42.524000 Z-0.125000
G01 X170.436000 Y42.524000 Z-0.125000
G00 Z5.000000

(End cutting path id: path806)


(Start cutting path id: path806)
(Change tool to Default tool)

G00 Z5.000000
G00 X168.266000 Y42.524000

G01 Z-0.125000 F100.0(Penetrate)
G01 X168.440000 Y43.319000 Z-0.125000 F400.000000
G01 X168.644000 Y43.534000 Z-0.125000
G01 X168.917000 Y43.609000 Z-0.125000
G01 X169.190000 Y43.534000 Z-0.125000
G01 X169.394000 Y43.319000 Z-0.125000
G01 X169.568000 Y42.524000 Z-0.125000
G01 X169.394000 Y41.728000 Z-0.125000
G01 X169.190000 Y41.513000 Z-0.125000
G01 X168.917000 Y41.439000 Z-0.125000
G01 X168.644000 Y41.513000 Z-0.125000
G01 X168.440000 Y41.728000 Z-0.125000
G01 X168.266000 Y42.524000 Z-0.125000
G01 X168.266000 Y42.524000 Z-0.125000
G00 Z5.000000

(End cutting path id: path806)


(Start cutting path id: path806)
(Change tool to Default tool)

G00 Z5.000000
G00 X165.662000 Y42.524000

G01 Z-0.125000 F100.0(Penetrate)
G01 X165.835000 Y43.319000 Z-0.125000 F400.000000
G01 X166.040000 Y43.534000 Z-0.125000
G01 X166.313000 Y43.609000 Z-0.125000
G01 X166.585000 Y43.534000 Z-0.125000
G01 X166.790000 Y43.319000 Z-0.125000
G01 X166.964000 Y42.524000 Z-0.125000
G01 X166.790000 Y41.728000 Z-0.125000
G01 X166.585000 Y41.513000 Z-0.125000
G01 X166.313000 Y41.439000 Z-0.125000
G01 X166.040000 Y41.513000 Z-0.125000
G01 X165.835000 Y41.728000 Z-0.125000
G01 X165.662000 Y42.524000 Z-0.125000
G01 X165.662000 Y42.524000 Z-0.125000
G00 Z5.000000

(End cutting path id: path806)


(Start cutting path id: path806)
(Change tool to Default tool)

G00 Z5.000000
G00 X165.662000 Y45.562000

G01 Z-0.125000 F100.0(Penetrate)
G01 X165.835000 Y46.358000 Z-0.125000 F400.000000
G01 X166.040000 Y46.572000 Z-0.125000
G01 X166.313000 Y46.647000 Z-0.125000
G01 X166.585000 Y46.572000 Z-0.125000
G01 X166.790000 Y46.358000 Z-0.125000
G01 X166.964000 Y45.562000 Z-0.125000
G01 X166.790000 Y44.766000 Z-0.125000
G01 X166.585000 Y44.551000 Z-0.125000
G01 X166.313000 Y44.477000 Z-0.125000
G01 X166.040000 Y44.551000 Z-0.125000
G01 X165.835000 Y44.766000 Z-0.125000
G01 X165.662000 Y45.562000 Z-0.125000
G01 X165.662000 Y45.562000 Z-0.125000
G00 Z5.000000

(End cutting path id: path806)


(Start cutting path id: path806)
(Change tool to Default tool)

G00 Z5.000000
G00 X168.266000 Y45.562000

G01 Z-0.125000 F100.0(Penetrate)
G01 X168.440000 Y46.358000 Z-0.125000 F400.000000
G01 X168.644000 Y46.572000 Z-0.125000
G01 X168.917000 Y46.647000 Z-0.125000
G01 X169.190000 Y46.572000 Z-0.125000
G01 X169.394000 Y46.358000 Z-0.125000
G01 X169.568000 Y45.562000 Z-0.125000
G01 X169.394000 Y44.766000 Z-0.125000
G01 X169.190000 Y44.551000 Z-0.125000
G01 X168.917000 Y44.477000 Z-0.125000
G01 X168.644000 Y44.551000 Z-0.125000
G01 X168.440000 Y44.766000 Z-0.125000
G01 X168.266000 Y45.562000 Z-0.125000
G01 X168.266000 Y45.562000 Z-0.125000
G00 Z5.000000

(End cutting path id: path806)


(Start cutting path id: path806)
(Change tool to Default tool)

G00 Z5.000000
G00 X170.436000 Y45.562000

G01 Z-0.125000 F100.0(Penetrate)
G01 X170.610000 Y46.358000 Z-0.125000 F400.000000
G01 X170.815000 Y46.572000 Z-0.125000
G01 X171.087000 Y46.647000 Z-0.125000
G01 X171.360000 Y46.572000 Z-0.125000
G01 X171.565000 Y46.358000 Z-0.125000
G01 X171.738000 Y45.562000 Z-0.125000
G01 X171.565000 Y44.766000 Z-0.125000
G01 X171.360000 Y44.551000 Z-0.125000
G01 X171.087000 Y44.477000 Z-0.125000
G01 X170.815000 Y44.551000 Z-0.125000
G01 X170.610000 Y44.766000 Z-0.125000
G01 X170.436000 Y45.562000 Z-0.125000
G01 X170.436000 Y45.562000 Z-0.125000
G00 Z5.000000

(End cutting path id: path806)


(Start cutting path id: path806)
(Change tool to Default tool)

G00 Z5.000000
G00 X173.040000 Y45.562000

G01 Z-0.125000 F100.0(Penetrate)
G01 X173.214000 Y46.358000 Z-0.125000 F400.000000
G01 X173.419000 Y46.572000 Z-0.125000
G01 X173.691000 Y46.647000 Z-0.125000
G01 X173.964000 Y46.572000 Z-0.125000
G01 X174.169000 Y46.358000 Z-0.125000
G01 X174.343000 Y45.562000 Z-0.125000
G01 X174.169000 Y44.766000 Z-0.125000
G01 X173.964000 Y44.551000 Z-0.125000
G01 X173.691000 Y44.477000 Z-0.125000
G01 X173.419000 Y44.551000 Z-0.125000
G01 X173.214000 Y44.766000 Z-0.125000
G01 X173.040000 Y45.562000 Z-0.125000
G01 X173.040000 Y45.562000 Z-0.125000
G00 Z5.000000

(End cutting path id: path806)


(Start cutting path id: path806)
(Change tool to Default tool)

G00 Z5.000000
G00 X173.040000 Y42.524000

G01 Z-0.125000 F100.0(Penetrate)
G01 X173.214000 Y43.319000 Z-0.125000 F400.000000
G01 X173.419000 Y43.534000 Z-0.125000
G01 X173.691000 Y43.609000 Z-0.125000
G01 X173.964000 Y43.534000 Z-0.125000
G01 X174.169000 Y43.319000 Z-0.125000
G01 X174.343000 Y42.524000 Z-0.125000
G01 X174.169000 Y41.728000 Z-0.125000
G01 X173.964000 Y41.513000 Z-0.125000
G01 X173.691000 Y41.439000 Z-0.125000
G01 X173.419000 Y41.513000 Z-0.125000
G01 X173.214000 Y41.728000 Z-0.125000
G01 X173.040000 Y42.524000 Z-0.125000
G01 X173.040000 Y42.524000 Z-0.125000
G00 Z5.000000

(End cutting path id: path806)


(Start cutting path id: path806)
(Change tool to Default tool)

G00 Z5.000000
G00 X177.815000 Y42.524000

G01 Z-0.125000 F100.0(Penetrate)
G01 X177.988000 Y43.319000 Z-0.125000 F400.000000
G01 X178.193000 Y43.534000 Z-0.125000
G01 X178.466000 Y43.609000 Z-0.125000
G01 X178.739000 Y43.534000 Z-0.125000
G01 X178.943000 Y43.319000 Z-0.125000
G01 X179.117000 Y42.524000 Z-0.125000
G01 X178.943000 Y41.728000 Z-0.125000
G01 X178.739000 Y41.513000 Z-0.125000
G01 X178.466000 Y41.439000 Z-0.125000
G01 X178.193000 Y41.513000 Z-0.125000
G01 X177.988000 Y41.728000 Z-0.125000
G01 X177.815000 Y42.524000 Z-0.125000
G01 X177.815000 Y42.524000 Z-0.125000
G00 Z5.000000

(End cutting path id: path806)


(Start cutting path id: path806)
(Change tool to Default tool)

G00 Z5.000000
G00 X180.419000 Y42.560000

G01 Z-0.125000 F100.0(Penetrate)
G01 X180.560000 Y43.322000 Z-0.125000 F400.000000
G01 X180.721000 Y43.499000 Z-0.125000
G01 X180.927000 Y43.512000 Z-0.125000
G01 X181.340000 Y43.087000 Z-0.125000
G01 X181.497000 Y42.386000 Z-0.125000
G01 X181.386000 Y41.729000 Z-0.125000
G01 X181.227000 Y41.518000 Z-0.125000
G01 X180.998000 Y41.439000 Z-0.125000
G01 X180.767000 Y41.523000 Z-0.125000
G01 X180.584000 Y41.757000 Z-0.125000
G01 X180.419000 Y42.560000 Z-0.125000
G01 X180.419000 Y42.560000 Z-0.125000
G00 Z5.000000

(End cutting path id: path806)


(Start cutting path id: path806)
(Change tool to Default tool)

G00 Z5.000000
G00 X185.193000 Y36.013000

G01 Z-0.125000 F100.0(Penetrate)
G01 X185.367000 Y36.809000 Z-0.125000 F400.000000
G01 X185.572000 Y37.024000 Z-0.125000
G01 X185.845000 Y37.098000 Z-0.125000
G01 X186.117000 Y37.024000 Z-0.125000
G01 X186.322000 Y36.809000 Z-0.125000
G01 X186.496000 Y36.013000 Z-0.125000
G01 X186.322000 Y35.217000 Z-0.125000
G01 X186.117000 Y35.003000 Z-0.125000
G01 X185.845000 Y34.928000 Z-0.125000
G01 X185.572000 Y35.003000 Z-0.125000
G01 X185.367000 Y35.217000 Z-0.125000
G01 X185.193000 Y36.013000 Z-0.125000
G01 X185.193000 Y36.013000 Z-0.125000
G00 Z5.000000

(End cutting path id: path806)


(Start cutting path id: path806)
(Change tool to Default tool)

G00 Z5.000000
G00 X189.100000 Y51.671000

G01 Z-0.125000 F100.0(Penetrate)
G01 X189.301000 Y52.125000 Z-0.125000 F400.000000
G01 X189.823000 Y52.214000 Z-0.125000
G01 X190.460000 Y51.933000 Z-0.125000
G01 X190.719000 Y51.522000 Z-0.125000
G01 X190.575000 Y51.150000 Z-0.125000
G01 X190.004000 Y50.988000 Z-0.125000
G01 X189.352000 Y51.179000 Z-0.125000
G01 X189.100000 Y51.671000 Z-0.125000
G01 X189.100000 Y51.671000 Z-0.125000
G00 Z5.000000

(End cutting path id: path806)


(Start cutting path id: path806)
(Change tool to Default tool)

G00 Z5.000000
G00 X189.100000 Y53.344000

G01 Z-0.125000 F100.0(Penetrate)
G01 X189.352000 Y53.836000 Z-0.125000 F400.000000
G01 X190.004000 Y54.026000 Z-0.125000
G01 X190.575000 Y53.865000 Z-0.125000
G01 X190.719000 Y53.493000 Z-0.125000
G01 X190.460000 Y53.082000 Z-0.125000
G01 X189.823000 Y52.801000 Z-0.125000
G01 X189.301000 Y52.890000 Z-0.125000
G01 X189.100000 Y53.344000 Z-0.125000
G01 X189.100000 Y53.344000 Z-0.125000
G00 Z5.000000

(End cutting path id: path806)


(Start cutting path id: path806)
(Change tool to Default tool)

G00 Z5.000000
G00 X189.100000 Y55.546000

G01 Z-0.125000 F100.0(Penetrate)
G01 X189.353000 Y56.007000 Z-0.125000 F400.000000
G01 X189.968000 Y56.197000 Z-0.125000
G01 X190.583000 Y56.007000 Z-0.125000
G01 X190.836000 Y55.546000 Z-0.125000
G01 X190.583000 Y55.084000 Z-0.125000
G01 X189.968000 Y54.895000 Z-0.125000
G01 X189.353000 Y55.084000 Z-0.125000
G01 X189.100000 Y55.546000 Z-0.125000
G01 X189.100000 Y55.546000 Z-0.125000
G00 Z5.000000

(End cutting path id: path806)


(Start cutting path id: path806)
(Change tool to Default tool)

G00 Z5.000000
G00 X189.100000 Y57.748000

G01 Z-0.125000 F100.0(Penetrate)
G01 X189.301000 Y58.202000 Z-0.125000 F400.000000
G01 X189.823000 Y58.290000 Z-0.125000
G01 X190.460000 Y58.010000 Z-0.125000
G01 X190.719000 Y57.598000 Z-0.125000
G01 X190.575000 Y57.227000 Z-0.125000
G01 X190.004000 Y57.065000 Z-0.125000
G01 X189.352000 Y57.255000 Z-0.125000
G01 X189.100000 Y57.748000 Z-0.125000
G01 X189.100000 Y57.748000 Z-0.125000
G00 Z5.000000

(End cutting path id: path806)


(Start cutting path id: path806)
(Change tool to Default tool)

G00 Z5.000000
G00 X189.100000 Y59.420000

G01 Z-0.125000 F100.0(Penetrate)
G01 X189.352000 Y59.912000 Z-0.125000 F400.000000
G01 X190.004000 Y60.103000 Z-0.125000
G01 X190.575000 Y59.941000 Z-0.125000
G01 X190.719000 Y59.569000 Z-0.125000
G01 X190.460000 Y59.158000 Z-0.125000
G01 X189.823000 Y58.877000 Z-0.125000
G01 X189.301000 Y58.966000 Z-0.125000
G01 X189.100000 Y59.420000 Z-0.125000
G01 X189.100000 Y59.420000 Z-0.125000
G00 Z5.000000

(End cutting path id: path806)


(Start cutting path id: path806)
(Change tool to Default tool)

G00 Z5.000000
G00 X189.100000 Y61.622000

G01 Z-0.125000 F100.0(Penetrate)
G01 X189.353000 Y62.083000 Z-0.125000 F400.000000
G01 X189.968000 Y62.273000 Z-0.125000
G01 X190.583000 Y62.083000 Z-0.125000
G01 X190.836000 Y61.622000 Z-0.125000
G01 X190.583000 Y61.161000 Z-0.125000
G01 X189.968000 Y60.971000 Z-0.125000
G01 X189.353000 Y61.161000 Z-0.125000
G01 X189.100000 Y61.622000 Z-0.125000
G01 X189.100000 Y61.622000 Z-0.125000
G00 Z5.000000

(End cutting path id: path806)


(Start cutting path id: path806)
(Change tool to Default tool)

G00 Z5.000000
G00 X189.208000 Y63.684000

G01 Z-0.125000 F100.0(Penetrate)
G01 X189.506000 Y64.067000 Z-0.125000 F400.000000
G01 X189.968000 Y64.226000 Z-0.125000
G01 X190.430000 Y64.067000 Z-0.125000
G01 X190.727000 Y63.684000 Z-0.125000
G01 X190.733000 Y63.463000 Z-0.125000
G01 X190.598000 Y63.292000 Z-0.125000
G01 X189.968000 Y63.141000 Z-0.125000
G01 X189.338000 Y63.292000 Z-0.125000
G01 X189.203000 Y63.463000 Z-0.125000
G01 X189.208000 Y63.684000 Z-0.125000
G01 X189.208000 Y63.684000 Z-0.125000
G00 Z5.000000

(End cutting path id: path806)


(Start cutting path id: path806)
(Change tool to Default tool)

G00 Z5.000000
G00 X189.100000 Y65.497000

G01 Z-0.125000 F100.0(Penetrate)
G01 X189.352000 Y65.989000 Z-0.125000 F400.000000
G01 X190.004000 Y66.180000 Z-0.125000
G01 X190.575000 Y66.018000 Z-0.125000
G01 X190.719000 Y65.646000 Z-0.125000
G01 X190.460000 Y65.235000 Z-0.125000
G01 X189.823000 Y64.954000 Z-0.125000
G01 X189.301000 Y65.043000 Z-0.125000
G01 X189.100000 Y65.497000 Z-0.125000
G01 X189.100000 Y65.497000 Z-0.125000
G00 Z5.000000

(End cutting path id: path806)


(Start cutting path id: path806)
(Change tool to Default tool)

G00 Z5.000000
G00 X189.100000 Y67.699000

G01 Z-0.125000 F100.0(Penetrate)
G01 X189.353000 Y68.160000 Z-0.125000 F400.000000
G01 X189.968000 Y68.350000 Z-0.125000
G01 X190.583000 Y68.160000 Z-0.125000
G01 X190.836000 Y67.699000 Z-0.125000
G01 X190.583000 Y67.238000 Z-0.125000
G01 X189.968000 Y67.048000 Z-0.125000
G01 X189.353000 Y67.238000 Z-0.125000
G01 X189.100000 Y67.699000 Z-0.125000
G01 X189.100000 Y67.699000 Z-0.125000
G00 Z5.000000

(End cutting path id: path806)


(Start cutting path id: path806)
(Change tool to Default tool)

G00 Z5.000000
G00 X189.100000 Y69.652000

G01 Z-0.125000 F100.0(Penetrate)
G01 X189.355000 Y69.959000 Z-0.125000 F400.000000
G01 X189.968000 Y70.086000 Z-0.125000
G01 X190.581000 Y69.959000 Z-0.125000
G01 X190.836000 Y69.652000 Z-0.125000
G01 X190.581000 Y69.346000 Z-0.125000
G01 X189.968000 Y69.218000 Z-0.125000
G01 X189.355000 Y69.346000 Z-0.125000
G01 X189.100000 Y69.652000 Z-0.125000
G01 X189.100000 Y69.652000 Z-0.125000
G00 Z5.000000

(End cutting path id: path806)


(Start cutting path id: path806)
(Change tool to Default tool)

G00 Z5.000000
G00 X189.100000 Y71.605000

G01 Z-0.125000 F100.0(Penetrate)
G01 X189.353000 Y72.066000 Z-0.125000 F400.000000
G01 X189.968000 Y72.256000 Z-0.125000
G01 X190.583000 Y72.066000 Z-0.125000
G01 X190.836000 Y71.605000 Z-0.125000
G01 X190.583000 Y71.144000 Z-0.125000
G01 X189.968000 Y70.954000 Z-0.125000
G01 X189.353000 Y71.144000 Z-0.125000
G01 X189.100000 Y71.605000 Z-0.125000
G01 X189.100000 Y71.605000 Z-0.125000
G00 Z5.000000

(End cutting path id: path806)


(Start cutting path id: path806)
(Change tool to Default tool)

G00 Z5.000000
G00 X189.100000 Y73.807000

G01 Z-0.125000 F100.0(Penetrate)
G01 X189.301000 Y74.261000 Z-0.125000 F400.000000
G01 X189.823000 Y74.349000 Z-0.125000
G01 X190.460000 Y74.069000 Z-0.125000
G01 X190.719000 Y73.657000 Z-0.125000
G01 X190.575000 Y73.286000 Z-0.125000
G01 X190.004000 Y73.124000 Z-0.125000
G01 X189.352000 Y73.314000 Z-0.125000
G01 X189.100000 Y73.807000 Z-0.125000
G01 X189.100000 Y73.807000 Z-0.125000
G00 Z5.000000

(End cutting path id: path806)


(Start cutting path id: path806)
(Change tool to Default tool)

G00 Z5.000000
G00 X189.642000 Y75.172000

G01 Z-0.125000 F100.0(Penetrate)
G01 X189.197000 Y75.456000 Z-0.125000 F400.000000
G01 X189.125000 Y75.782000 Z-0.125000
G01 X189.393000 Y76.051000 Z-0.125000
G01 X189.968000 Y76.162000 Z-0.125000
G01 X190.581000 Y76.042000 Z-0.125000
G01 X190.836000 Y75.754000 Z-0.125000
G01 X190.742000 Y75.395000 Z-0.125000
G01 X190.485000 Y75.166000 Z-0.125000
G01 X190.106000 Y75.085000 Z-0.125000
G01 X189.642000 Y75.172000 Z-0.125000
G01 X189.642000 Y75.172000 Z-0.125000
G00 Z5.000000

(End cutting path id: path806)


(Start cutting path id: path806)
(Change tool to Default tool)

G00 Z5.000000
G00 X191.993000 Y75.149000

G01 Z-0.125000 F100.0(Penetrate)
G01 X191.730000 Y75.540000 Z-0.125000 F400.000000
G01 X191.752000 Y75.862000 Z-0.125000
G01 X192.040000 Y76.081000 Z-0.125000
G01 X192.572000 Y76.162000 Z-0.125000
G01 X193.187000 Y75.972000 Z-0.125000
G01 X193.440000 Y75.511000 Z-0.125000
G01 X193.288000 Y75.101000 Z-0.125000
G01 X192.915000 Y74.884000 Z-0.125000
G01 X192.442000 Y74.890000 Z-0.125000
G01 X191.993000 Y75.149000 Z-0.125000
G01 X191.993000 Y75.149000 Z-0.125000
G00 Z5.000000

(End cutting path id: path806)


(Start cutting path id: path806)
(Change tool to Default tool)

G00 Z5.000000
G00 X192.005000 Y73.401000

G01 Z-0.125000 F100.0(Penetrate)
G01 X191.859000 Y73.732000 Z-0.125000 F400.000000
G01 X191.986000 Y74.066000 Z-0.125000
G01 X192.325000 Y74.323000 Z-0.125000
G01 X192.815000 Y74.426000 Z-0.125000
G01 X193.256000 Y74.235000 Z-0.125000
G01 X193.440000 Y73.775000 Z-0.125000
G01 X193.289000 Y73.368000 Z-0.125000
G01 X192.917000 Y73.148000 Z-0.125000
G01 X192.448000 Y73.149000 Z-0.125000
G01 X192.005000 Y73.401000 Z-0.125000
G01 X192.005000 Y73.401000 Z-0.125000
G00 Z5.000000

(End cutting path id: path806)


(Start cutting path id: path806)
(Change tool to Default tool)

G00 Z5.000000
G00 X192.005000 Y71.232000

G01 Z-0.125000 F100.0(Penetrate)
G01 X191.859000 Y71.563000 Z-0.125000 F400.000000
G01 X191.986000 Y71.896000 Z-0.125000
G01 X192.325000 Y72.153000 Z-0.125000
G01 X192.815000 Y72.256000 Z-0.125000
G01 X193.256000 Y72.065000 Z-0.125000
G01 X193.440000 Y71.605000 Z-0.125000
G01 X193.289000 Y71.198000 Z-0.125000
G01 X192.917000 Y70.979000 Z-0.125000
G01 X192.448000 Y70.979000 Z-0.125000
G01 X192.005000 Y71.232000 Z-0.125000
G01 X192.005000 Y71.232000 Z-0.125000
G00 Z5.000000

(End cutting path id: path806)


(Start cutting path id: path806)
(Change tool to Default tool)

G00 Z5.000000
G00 X191.704000 Y69.652000

G01 Z-0.125000 F100.0(Penetrate)
G01 X191.959000 Y69.959000 Z-0.125000 F400.000000
G01 X192.572000 Y70.086000 Z-0.125000
G01 X193.185000 Y69.959000 Z-0.125000
G01 X193.440000 Y69.652000 Z-0.125000
G01 X193.185000 Y69.346000 Z-0.125000
G01 X192.572000 Y69.218000 Z-0.125000
G01 X191.959000 Y69.346000 Z-0.125000
G01 X191.704000 Y69.652000 Z-0.125000
G01 X191.704000 Y69.652000 Z-0.125000
G00 Z5.000000

(End cutting path id: path806)


(Start cutting path id: path806)
(Change tool to Default tool)

G00 Z5.000000
G00 X191.812000 Y67.590000

G01 Z-0.125000 F100.0(Penetrate)
G01 X192.182000 Y68.071000 Z-0.125000 F400.000000
G01 X192.729000 Y68.268000 Z-0.125000
G01 X193.224000 Y68.161000 Z-0.125000
G01 X193.440000 Y67.731000 Z-0.125000
G01 X193.188000 Y67.238000 Z-0.125000
G01 X192.536000 Y67.048000 Z-0.125000
G01 X191.936000 Y67.200000 Z-0.125000
G01 X191.812000 Y67.590000 Z-0.125000
G01 X191.812000 Y67.590000 Z-0.125000
G00 Z5.000000

(End cutting path id: path806)


(Start cutting path id: path806)
(Change tool to Default tool)

G00 Z5.000000
G00 X191.993000 Y65.167000

G01 Z-0.125000 F100.0(Penetrate)
G01 X191.730000 Y65.557000 Z-0.125000 F400.000000
G01 X191.752000 Y65.879000 Z-0.125000
G01 X192.040000 Y66.099000 Z-0.125000
G01 X192.572000 Y66.180000 Z-0.125000
G01 X193.187000 Y65.990000 Z-0.125000
G01 X193.440000 Y65.528000 Z-0.125000
G01 X193.288000 Y65.119000 Z-0.125000
G01 X192.915000 Y64.902000 Z-0.125000
G01 X192.442000 Y64.907000 Z-0.125000
G01 X191.993000 Y65.167000 Z-0.125000
G01 X191.993000 Y65.167000 Z-0.125000
G00 Z5.000000

(End cutting path id: path806)


(Start cutting path id: path806)
(Change tool to Default tool)

G00 Z5.000000
G00 X191.704000 Y63.503000

G01 Z-0.125000 F100.0(Penetrate)
G01 X191.790000 Y63.897000 Z-0.125000 F400.000000
G01 X192.028000 Y64.148000 Z-0.125000
G01 X192.386000 Y64.238000 Z-0.125000
G01 X192.832000 Y64.150000 Z-0.125000
G01 X193.313000 Y63.846000 Z-0.125000
G01 X193.415000 Y63.515000 Z-0.125000
G01 X193.160000 Y63.250000 Z-0.125000
G01 X192.572000 Y63.141000 Z-0.125000
G01 X191.959000 Y63.248000 Z-0.125000
G01 X191.704000 Y63.503000 Z-0.125000
G01 X191.704000 Y63.503000 Z-0.125000
G00 Z5.000000

(End cutting path id: path806)


(Start cutting path id: path806)
(Change tool to Default tool)

G00 Z5.000000
G00 X191.812000 Y61.514000

G01 Z-0.125000 F100.0(Penetrate)
G01 X192.182000 Y61.995000 Z-0.125000 F400.000000
G01 X192.729000 Y62.191000 Z-0.125000
G01 X193.224000 Y62.084000 Z-0.125000
G01 X193.440000 Y61.654000 Z-0.125000
G01 X193.188000 Y61.162000 Z-0.125000
G01 X192.536000 Y60.971000 Z-0.125000
G01 X191.936000 Y61.123000 Z-0.125000
G01 X191.812000 Y61.514000 Z-0.125000
G01 X191.812000 Y61.514000 Z-0.125000
G00 Z5.000000

(End cutting path id: path806)


(Start cutting path id: path806)
(Change tool to Default tool)

G00 Z5.000000
G00 X191.993000 Y59.090000

G01 Z-0.125000 F100.0(Penetrate)
G01 X191.730000 Y59.480000 Z-0.125000 F400.000000
G01 X191.752000 Y59.803000 Z-0.125000
G01 X192.040000 Y60.022000 Z-0.125000
G01 X192.572000 Y60.103000 Z-0.125000
G01 X193.187000 Y59.913000 Z-0.125000
G01 X193.440000 Y59.452000 Z-0.125000
G01 X193.288000 Y59.042000 Z-0.125000
G01 X192.915000 Y58.825000 Z-0.125000
G01 X192.442000 Y58.831000 Z-0.125000
G01 X191.993000 Y59.090000 Z-0.125000
G01 X191.993000 Y59.090000 Z-0.125000
G00 Z5.000000

(End cutting path id: path806)


(Start cutting path id: path806)
(Change tool to Default tool)

G00 Z5.000000
G00 X191.812000 Y57.607000

G01 Z-0.125000 F100.0(Penetrate)
G01 X192.182000 Y58.088000 Z-0.125000 F400.000000
G01 X192.729000 Y58.285000 Z-0.125000
G01 X193.224000 Y58.178000 Z-0.125000
G01 X193.440000 Y57.748000 Z-0.125000
G01 X193.188000 Y57.255000 Z-0.125000
G01 X192.536000 Y57.065000 Z-0.125000
G01 X191.936000 Y57.217000 Z-0.125000
G01 X191.812000 Y57.607000 Z-0.125000
G01 X191.812000 Y57.607000 Z-0.125000
G00 Z5.000000

(End cutting path id: path806)


(Start cutting path id: path806)
(Change tool to Default tool)

G00 Z5.000000
G00 X191.812000 Y55.437000

G01 Z-0.125000 F100.0(Penetrate)
G01 X192.182000 Y55.918000 Z-0.125000 F400.000000
G01 X192.729000 Y56.114000 Z-0.125000
G01 X193.224000 Y56.007000 Z-0.125000
G01 X193.440000 Y55.577000 Z-0.125000
G01 X193.188000 Y55.085000 Z-0.125000
G01 X192.536000 Y54.894000 Z-0.125000
G01 X191.936000 Y55.046000 Z-0.125000
G01 X191.812000 Y55.437000 Z-0.125000
G01 X191.812000 Y55.437000 Z-0.125000
G00 Z5.000000

(End cutting path id: path806)


(Start cutting path id: path806)
(Change tool to Default tool)

G00 Z5.000000
G00 X191.993000 Y53.014000

G01 Z-0.125000 F100.0(Penetrate)
G01 X191.730000 Y53.404000 Z-0.125000 F400.000000
G01 X191.752000 Y53.726000 Z-0.125000
G01 X192.040000 Y53.946000 Z-0.125000
G01 X192.572000 Y54.026000 Z-0.125000
G01 X193.187000 Y53.837000 Z-0.125000
G01 X193.440000 Y53.375000 Z-0.125000
G01 X193.288000 Y52.966000 Z-0.125000
G01 X192.915000 Y52.748000 Z-0.125000
G01 X192.442000 Y52.754000 Z-0.125000
G01 X191.993000 Y53.014000 Z-0.125000
G01 X191.993000 Y53.014000 Z-0.125000
G00 Z5.000000

(End cutting path id: path806)


(Start cutting path id: path806)
(Change tool to Default tool)

G00 Z5.000000
G00 X191.812000 Y51.531000

G01 Z-0.125000 F100.0(Penetrate)
G01 X192.182000 Y52.011000 Z-0.125000 F400.000000
G01 X192.729000 Y52.208000 Z-0.125000
G01 X193.224000 Y52.101000 Z-0.125000
G01 X193.440000 Y51.671000 Z-0.125000
G01 X193.188000 Y51.179000 Z-0.125000
G01 X192.536000 Y50.988000 Z-0.125000
G01 X191.936000 Y51.140000 Z-0.125000
G01 X191.812000 Y51.531000 Z-0.125000
G01 X191.812000 Y51.531000 Z-0.125000
G00 Z5.000000

(End cutting path id: path806)


(Start cutting path id: path806)
(Change tool to Default tool)

G00 Z5.000000
G00 X194.851000 Y51.531000

G01 Z-0.125000 F100.0(Penetrate)
G01 X195.220000 Y52.011000 Z-0.125000 F400.000000
G01 X195.767000 Y52.208000 Z-0.125000
G01 X196.263000 Y52.101000 Z-0.125000
G01 X196.478000 Y51.671000 Z-0.125000
G01 X196.226000 Y51.179000 Z-0.125000
G01 X195.574000 Y50.988000 Z-0.125000
G01 X194.974000 Y51.140000 Z-0.125000
G01 X194.851000 Y51.531000 Z-0.125000
G01 X194.851000 Y51.531000 Z-0.125000
G00 Z5.000000

(End cutting path id: path806)


(Start cutting path id: path806)
(Change tool to Default tool)

G00 Z5.000000
G00 X195.041000 Y53.004000

G01 Z-0.125000 F100.0(Penetrate)
G01 X194.770000 Y53.402000 Z-0.125000 F400.000000
G01 X194.793000 Y53.727000 Z-0.125000
G01 X195.092000 Y53.945000 Z-0.125000
G01 X195.647000 Y54.025000 Z-0.125000
G01 X196.238000 Y53.876000 Z-0.125000
G01 X196.379000 Y53.510000 Z-0.125000
G01 X196.137000 Y53.107000 Z-0.125000
G01 X195.781000 Y52.868000 Z-0.125000
G01 X195.390000 Y52.824000 Z-0.125000
G01 X195.041000 Y53.004000 Z-0.125000
G01 X195.041000 Y53.004000 Z-0.125000
G00 Z5.000000

(End cutting path id: path806)


(Start cutting path id: path806)
(Change tool to Default tool)

G00 Z5.000000
G00 X194.742000 Y55.546000

G01 Z-0.125000 F100.0(Penetrate)
G01 X194.996000 Y56.007000 Z-0.125000 F400.000000
G01 X195.610000 Y56.197000 Z-0.125000
G01 X196.225000 Y56.007000 Z-0.125000
G01 X196.478000 Y55.546000 Z-0.125000
G01 X196.225000 Y55.084000 Z-0.125000
G01 X195.610000 Y54.895000 Z-0.125000
G01 X194.996000 Y55.084000 Z-0.125000
G01 X194.742000 Y55.546000 Z-0.125000
G01 X194.742000 Y55.546000 Z-0.125000
G00 Z5.000000

(End cutting path id: path806)


(Start cutting path id: path806)
(Change tool to Default tool)

G00 Z5.000000
G00 X194.851000 Y57.607000

G01 Z-0.125000 F100.0(Penetrate)
G01 X195.149000 Y57.991000 Z-0.125000 F400.000000
G01 X195.610000 Y58.150000 Z-0.125000
G01 X196.072000 Y57.991000 Z-0.125000
G01 X196.370000 Y57.607000 Z-0.125000
G01 X196.375000 Y57.386000 Z-0.125000
G01 X196.240000 Y57.215000 Z-0.125000
G01 X195.610000 Y57.065000 Z-0.125000
G01 X194.980000 Y57.215000 Z-0.125000
G01 X194.845000 Y57.386000 Z-0.125000
G01 X194.851000 Y57.607000 Z-0.125000
G01 X194.851000 Y57.607000 Z-0.125000
G00 Z5.000000

(End cutting path id: path806)


(Start cutting path id: path806)
(Change tool to Default tool)

G00 Z5.000000
G00 X195.032000 Y59.090000

G01 Z-0.125000 F100.0(Penetrate)
G01 X194.768000 Y59.480000 Z-0.125000 F400.000000
G01 X194.790000 Y59.803000 Z-0.125000
G01 X195.078000 Y60.022000 Z-0.125000
G01 X195.610000 Y60.103000 Z-0.125000
G01 X196.225000 Y59.913000 Z-0.125000
G01 X196.478000 Y59.452000 Z-0.125000
G01 X196.327000 Y59.042000 Z-0.125000
G01 X195.953000 Y58.825000 Z-0.125000
G01 X195.481000 Y58.831000 Z-0.125000
G01 X195.032000 Y59.090000 Z-0.125000
G01 X195.032000 Y59.090000 Z-0.125000
G00 Z5.000000

(End cutting path id: path806)


(Start cutting path id: path806)
(Change tool to Default tool)

G00 Z5.000000
G00 X194.742000 Y61.622000

G01 Z-0.125000 F100.0(Penetrate)
G01 X194.996000 Y62.083000 Z-0.125000 F400.000000
G01 X195.610000 Y62.273000 Z-0.125000
G01 X196.225000 Y62.083000 Z-0.125000
G01 X196.478000 Y61.622000 Z-0.125000
G01 X196.225000 Y61.161000 Z-0.125000
G01 X195.610000 Y60.971000 Z-0.125000
G01 X194.996000 Y61.161000 Z-0.125000
G01 X194.742000 Y61.622000 Z-0.125000
G01 X194.742000 Y61.622000 Z-0.125000
G00 Z5.000000

(End cutting path id: path806)


(Start cutting path id: path806)
(Change tool to Default tool)

G00 Z5.000000
G00 X194.742000 Y63.575000

G01 Z-0.125000 F100.0(Penetrate)
G01 X194.997000 Y63.882000 Z-0.125000 F400.000000
G01 X195.610000 Y64.009000 Z-0.125000
G01 X196.223000 Y63.882000 Z-0.125000
G01 X196.478000 Y63.575000 Z-0.125000
G01 X196.223000 Y63.269000 Z-0.125000
G01 X195.610000 Y63.141000 Z-0.125000
G01 X194.997000 Y63.269000 Z-0.125000
G01 X194.742000 Y63.575000 Z-0.125000
G01 X194.742000 Y63.575000 Z-0.125000
G00 Z5.000000

(End cutting path id: path806)


(Start cutting path id: path806)
(Change tool to Default tool)

G00 Z5.000000
G00 X195.032000 Y65.167000

G01 Z-0.125000 F100.0(Penetrate)
G01 X194.768000 Y65.557000 Z-0.125000 F400.000000
G01 X194.790000 Y65.879000 Z-0.125000
G01 X195.078000 Y66.099000 Z-0.125000
G01 X195.610000 Y66.180000 Z-0.125000
G01 X196.225000 Y65.990000 Z-0.125000
G01 X196.478000 Y65.528000 Z-0.125000
G01 X196.327000 Y65.119000 Z-0.125000
G01 X195.953000 Y64.902000 Z-0.125000
G01 X195.481000 Y64.907000 Z-0.125000
G01 X195.032000 Y65.167000 Z-0.125000
G01 X195.032000 Y65.167000 Z-0.125000
G00 Z5.000000

(End cutting path id: path806)


(Start cutting path id: path806)
(Change tool to Default tool)

G00 Z5.000000
G00 X194.851000 Y67.590000

G01 Z-0.125000 F100.0(Penetrate)
G01 X195.220000 Y68.071000 Z-0.125000 F400.000000
G01 X195.767000 Y68.268000 Z-0.125000
G01 X196.263000 Y68.161000 Z-0.125000
G01 X196.478000 Y67.731000 Z-0.125000
G01 X196.226000 Y67.238000 Z-0.125000
G01 X195.574000 Y67.048000 Z-0.125000
G01 X194.974000 Y67.200000 Z-0.125000
G01 X194.851000 Y67.590000 Z-0.125000
G01 X194.851000 Y67.590000 Z-0.125000
G00 Z5.000000

(End cutting path id: path806)


(Start cutting path id: path806)
(Change tool to Default tool)

G00 Z5.000000
G00 X194.742000 Y69.652000

G01 Z-0.125000 F100.0(Penetrate)
G01 X194.997000 Y69.959000 Z-0.125000 F400.000000
G01 X195.610000 Y70.086000 Z-0.125000
G01 X196.223000 Y69.959000 Z-0.125000
G01 X196.478000 Y69.652000 Z-0.125000
G01 X196.223000 Y69.346000 Z-0.125000
G01 X195.610000 Y69.218000 Z-0.125000
G01 X194.997000 Y69.346000 Z-0.125000
G01 X194.742000 Y69.652000 Z-0.125000
G01 X194.742000 Y69.652000 Z-0.125000
G00 Z5.000000

(End cutting path id: path806)


(Start cutting path id: path806)
(Change tool to Default tool)

G00 Z5.000000
G00 X195.032000 Y71.243000

G01 Z-0.125000 F100.0(Penetrate)
G01 X194.768000 Y71.633000 Z-0.125000 F400.000000
G01 X194.790000 Y71.956000 Z-0.125000
G01 X195.078000 Y72.175000 Z-0.125000
G01 X195.610000 Y72.256000 Z-0.125000
G01 X196.225000 Y72.066000 Z-0.125000
G01 X196.478000 Y71.605000 Z-0.125000
G01 X196.327000 Y71.195000 Z-0.125000
G01 X195.953000 Y70.978000 Z-0.125000
G01 X195.481000 Y70.984000 Z-0.125000
G01 X195.032000 Y71.243000 Z-0.125000
G01 X195.032000 Y71.243000 Z-0.125000
G00 Z5.000000

(End cutting path id: path806)


(Start cutting path id: path806)
(Change tool to Default tool)

G00 Z5.000000
G00 X194.851000 Y73.666000

G01 Z-0.125000 F100.0(Penetrate)
G01 X195.220000 Y74.147000 Z-0.125000 F400.000000
G01 X195.767000 Y74.344000 Z-0.125000
G01 X196.263000 Y74.237000 Z-0.125000
G01 X196.478000 Y73.807000 Z-0.125000
G01 X196.226000 Y73.314000 Z-0.125000
G01 X195.574000 Y73.124000 Z-0.125000
G01 X194.974000 Y73.276000 Z-0.125000
G01 X194.851000 Y73.666000 Z-0.125000
G01 X194.851000 Y73.666000 Z-0.125000
G00 Z5.000000

(End cutting path id: path806)


(Start cutting path id: path806)
(Change tool to Default tool)

G00 Z5.000000
G00 X195.041000 Y75.139000

G01 Z-0.125000 F100.0(Penetrate)
G01 X194.770000 Y75.538000 Z-0.125000 F400.000000
G01 X194.793000 Y75.862000 Z-0.125000
G01 X195.092000 Y76.081000 Z-0.125000
G01 X195.647000 Y76.161000 Z-0.125000
G01 X196.238000 Y76.011000 Z-0.125000
G01 X196.379000 Y75.646000 Z-0.125000
G01 X196.137000 Y75.242000 Z-0.125000
G01 X195.781000 Y75.004000 Z-0.125000
G01 X195.390000 Y74.959000 Z-0.125000
G01 X195.041000 Y75.139000 Z-0.125000
G01 X195.041000 Y75.139000 Z-0.125000
G00 Z5.000000

(End cutting path id: path806)


(Start cutting path id: path806)
(Change tool to Default tool)

G00 Z5.000000
G00 X198.070000 Y75.149000

G01 Z-0.125000 F100.0(Penetrate)
G01 X197.807000 Y75.540000 Z-0.125000 F400.000000
G01 X197.829000 Y75.862000 Z-0.125000
G01 X198.116000 Y76.081000 Z-0.125000
G01 X198.649000 Y76.162000 Z-0.125000
G01 X199.264000 Y75.972000 Z-0.125000
G01 X199.517000 Y75.511000 Z-0.125000
G01 X199.365000 Y75.101000 Z-0.125000
G01 X198.992000 Y74.884000 Z-0.125000
G01 X198.519000 Y74.890000 Z-0.125000
G01 X198.070000 Y75.149000 Z-0.125000
G01 X198.070000 Y75.149000 Z-0.125000
G00 Z5.000000

(End cutting path id: path806)


(Start cutting path id: path806)
(Change tool to Default tool)

G00 Z5.000000
G00 X197.889000 Y73.666000

G01 Z-0.125000 F100.0(Penetrate)
G01 X198.259000 Y74.147000 Z-0.125000 F400.000000
G01 X198.805000 Y74.344000 Z-0.125000
G01 X199.301000 Y74.237000 Z-0.125000
G01 X199.517000 Y73.807000 Z-0.125000
G01 X199.265000 Y73.314000 Z-0.125000
G01 X198.613000 Y73.124000 Z-0.125000
G01 X198.012000 Y73.276000 Z-0.125000
G01 X197.889000 Y73.666000 Z-0.125000
G01 X197.889000 Y73.666000 Z-0.125000
G00 Z5.000000

(End cutting path id: path806)


(Start cutting path id: path806)
(Change tool to Default tool)

G00 Z5.000000
G00 X198.070000 Y71.243000

G01 Z-0.125000 F100.0(Penetrate)
G01 X197.807000 Y71.633000 Z-0.125000 F400.000000
G01 X197.829000 Y71.956000 Z-0.125000
G01 X198.116000 Y72.175000 Z-0.125000
G01 X198.649000 Y72.256000 Z-0.125000
G01 X199.264000 Y72.066000 Z-0.125000
G01 X199.517000 Y71.605000 Z-0.125000
G01 X199.365000 Y71.195000 Z-0.125000
G01 X198.992000 Y70.978000 Z-0.125000
G01 X198.519000 Y70.984000 Z-0.125000
G01 X198.070000 Y71.243000 Z-0.125000
G01 X198.070000 Y71.243000 Z-0.125000
G00 Z5.000000

(End cutting path id: path806)


(Start cutting path id: path806)
(Change tool to Default tool)

G00 Z5.000000
G00 X197.998000 Y69.146000

G01 Z-0.125000 F100.0(Penetrate)
G01 X197.780000 Y69.496000 Z-0.125000 F400.000000
G01 X197.835000 Y69.797000 Z-0.125000
G01 X198.134000 Y70.007000 Z-0.125000
G01 X198.649000 Y70.086000 Z-0.125000
G01 X199.262000 Y69.916000 Z-0.125000
G01 X199.517000 Y69.507000 Z-0.125000
G01 X199.343000 Y69.153000 Z-0.125000
G01 X198.926000 Y68.950000 Z-0.125000
G01 X198.424000 Y68.935000 Z-0.125000
G01 X197.998000 Y69.146000 Z-0.125000
G01 X197.998000 Y69.146000 Z-0.125000
G00 Z5.000000

(End cutting path id: path806)


(Start cutting path id: path806)
(Change tool to Default tool)

G00 Z5.000000
G00 X197.889000 Y67.590000

G01 Z-0.125000 F100.0(Penetrate)
G01 X198.259000 Y68.071000 Z-0.125000 F400.000000
G01 X198.805000 Y68.268000 Z-0.125000
G01 X199.301000 Y68.161000 Z-0.125000
G01 X199.517000 Y67.731000 Z-0.125000
G01 X199.265000 Y67.238000 Z-0.125000
G01 X198.613000 Y67.048000 Z-0.125000
G01 X198.012000 Y67.200000 Z-0.125000
G01 X197.889000 Y67.590000 Z-0.125000
G01 X197.889000 Y67.590000 Z-0.125000
G00 Z5.000000

(End cutting path id: path806)


(Start cutting path id: path806)
(Change tool to Default tool)

G00 Z5.000000
G00 X198.070000 Y65.167000

G01 Z-0.125000 F100.0(Penetrate)
G01 X197.807000 Y65.557000 Z-0.125000 F400.000000
G01 X197.829000 Y65.879000 Z-0.125000
G01 X198.116000 Y66.099000 Z-0.125000
G01 X198.649000 Y66.180000 Z-0.125000
G01 X199.264000 Y65.990000 Z-0.125000
G01 X199.517000 Y65.528000 Z-0.125000
G01 X199.365000 Y65.119000 Z-0.125000
G01 X198.992000 Y64.902000 Z-0.125000
G01 X198.519000 Y64.907000 Z-0.125000
G01 X198.070000 Y65.167000 Z-0.125000
G01 X198.070000 Y65.167000 Z-0.125000
G00 Z5.000000

(End cutting path id: path806)


(Start cutting path id: path806)
(Change tool to Default tool)

G00 Z5.000000
G00 X197.781000 Y63.575000

G01 Z-0.125000 F100.0(Penetrate)
G01 X198.036000 Y63.882000 Z-0.125000 F400.000000
G01 X198.649000 Y64.009000 Z-0.125000
G01 X199.262000 Y63.882000 Z-0.125000
G01 X199.517000 Y63.575000 Z-0.125000
G01 X199.262000 Y63.269000 Z-0.125000
G01 X198.649000 Y63.141000 Z-0.125000
G01 X198.036000 Y63.269000 Z-0.125000
G01 X197.781000 Y63.575000 Z-0.125000
G01 X197.781000 Y63.575000 Z-0.125000
G00 Z5.000000

(End cutting path id: path806)


(Start cutting path id: path806)
(Change tool to Default tool)

G00 Z5.000000
G00 X197.889000 Y61.514000

G01 Z-0.125000 F100.0(Penetrate)
G01 X198.259000 Y61.995000 Z-0.125000 F400.000000
G01 X198.805000 Y62.191000 Z-0.125000
G01 X199.301000 Y62.084000 Z-0.125000
G01 X199.517000 Y61.654000 Z-0.125000
G01 X199.265000 Y61.162000 Z-0.125000
G01 X198.612000 Y60.971000 Z-0.125000
G01 X198.012000 Y61.123000 Z-0.125000
G01 X197.889000 Y61.514000 Z-0.125000
G01 X197.889000 Y61.514000 Z-0.125000
G00 Z5.000000

(End cutting path id: path806)


(Start cutting path id: path806)
(Change tool to Default tool)

G00 Z5.000000
G00 X198.070000 Y59.090000

G01 Z-0.125000 F100.0(Penetrate)
G01 X197.807000 Y59.480000 Z-0.125000 F400.000000
G01 X197.829000 Y59.803000 Z-0.125000
G01 X198.116000 Y60.022000 Z-0.125000
G01 X198.649000 Y60.103000 Z-0.125000
G01 X199.264000 Y59.913000 Z-0.125000
G01 X199.517000 Y59.452000 Z-0.125000
G01 X199.365000 Y59.042000 Z-0.125000
G01 X198.992000 Y58.825000 Z-0.125000
G01 X198.519000 Y58.831000 Z-0.125000
G01 X198.070000 Y59.090000 Z-0.125000
G01 X198.070000 Y59.090000 Z-0.125000
G00 Z5.000000

(End cutting path id: path806)


(Start cutting path id: path806)
(Change tool to Default tool)

G00 Z5.000000
G00 X197.889000 Y57.607000

G01 Z-0.125000 F100.0(Penetrate)
G01 X198.259000 Y58.088000 Z-0.125000 F400.000000
G01 X198.805000 Y58.285000 Z-0.125000
G01 X199.301000 Y58.178000 Z-0.125000
G01 X199.517000 Y57.748000 Z-0.125000
G01 X199.265000 Y57.255000 Z-0.125000
G01 X198.612000 Y57.065000 Z-0.125000
G01 X198.012000 Y57.217000 Z-0.125000
G01 X197.889000 Y57.607000 Z-0.125000
G01 X197.889000 Y57.607000 Z-0.125000
G00 Z5.000000

(End cutting path id: path806)


(Start cutting path id: path806)
(Change tool to Default tool)

G00 Z5.000000
G00 X197.889000 Y55.437000

G01 Z-0.125000 F100.0(Penetrate)
G01 X198.259000 Y55.918000 Z-0.125000 F400.000000
G01 X198.805000 Y56.114000 Z-0.125000
G01 X199.301000 Y56.007000 Z-0.125000
G01 X199.517000 Y55.577000 Z-0.125000
G01 X199.265000 Y55.085000 Z-0.125000
G01 X198.612000 Y54.894000 Z-0.125000
G01 X198.012000 Y55.046000 Z-0.125000
G01 X197.889000 Y55.437000 Z-0.125000
G01 X197.889000 Y55.437000 Z-0.125000
G00 Z5.000000

(End cutting path id: path806)


(Start cutting path id: path806)
(Change tool to Default tool)

G00 Z5.000000
G00 X198.070000 Y53.014000

G01 Z-0.125000 F100.0(Penetrate)
G01 X197.807000 Y53.404000 Z-0.125000 F400.000000
G01 X197.829000 Y53.726000 Z-0.125000
G01 X198.116000 Y53.946000 Z-0.125000
G01 X198.649000 Y54.026000 Z-0.125000
G01 X199.264000 Y53.837000 Z-0.125000
G01 X199.517000 Y53.375000 Z-0.125000
G01 X199.365000 Y52.966000 Z-0.125000
G01 X198.992000 Y52.748000 Z-0.125000
G01 X198.519000 Y52.754000 Z-0.125000
G01 X198.070000 Y53.014000 Z-0.125000
G01 X198.070000 Y53.014000 Z-0.125000
G00 Z5.000000

(End cutting path id: path806)


(Start cutting path id: path806)
(Change tool to Default tool)

G00 Z5.000000
G00 X197.889000 Y51.531000

G01 Z-0.125000 F100.0(Penetrate)
G01 X198.259000 Y52.011000 Z-0.125000 F400.000000
G01 X198.805000 Y52.208000 Z-0.125000
G01 X199.301000 Y52.101000 Z-0.125000
G01 X199.517000 Y51.671000 Z-0.125000
G01 X199.265000 Y51.179000 Z-0.125000
G01 X198.613000 Y50.988000 Z-0.125000
G01 X198.012000 Y51.140000 Z-0.125000
G01 X197.889000 Y51.531000 Z-0.125000
G01 X197.889000 Y51.531000 Z-0.125000
G00 Z5.000000

(End cutting path id: path806)


(Start cutting path id: path806)
(Change tool to Default tool)

G00 Z5.000000
G00 X200.819000 Y62.924000

G01 Z-0.125000 F100.0(Penetrate)
G01 X201.010000 Y63.384000 Z-0.125000 F400.000000
G01 X201.470000 Y63.575000 Z-0.125000
G01 X201.930000 Y63.384000 Z-0.125000
G01 X202.121000 Y62.924000 Z-0.125000
G01 X201.930000 Y62.464000 Z-0.125000
G01 X201.470000 Y62.273000 Z-0.125000
G01 X201.010000 Y62.464000 Z-0.125000
G01 X200.819000 Y62.924000 Z-0.125000
G01 X200.819000 Y62.924000 Z-0.125000
G00 Z5.000000

(End cutting path id: path806)


(Start cutting path id: path806)
(Change tool to Default tool)

G00 Z5.000000
G00 X209.500000 Y63.358000

G01 Z-0.125000 F100.0(Penetrate)
G01 X209.627000 Y63.818000 Z-0.125000 F400.000000
G01 X209.934000 Y64.009000 Z-0.125000
G01 X210.240000 Y63.818000 Z-0.125000
G01 X210.368000 Y63.358000 Z-0.125000
G01 X210.240000 Y62.898000 Z-0.125000
G01 X209.934000 Y62.707000 Z-0.125000
G01 X209.627000 Y62.898000 Z-0.125000
G01 X209.500000 Y63.358000 Z-0.125000
G01 X209.500000 Y63.358000 Z-0.125000
G00 Z5.000000

(End cutting path id: path806)


(Start cutting path id: path806)
(Change tool to Default tool)

G00 Z5.000000
G00 X209.500000 Y61.622000

G01 Z-0.125000 F100.0(Penetrate)
G01 X209.627000 Y62.082000 Z-0.125000 F400.000000
G01 X209.934000 Y62.273000 Z-0.125000
G01 X210.240000 Y62.082000 Z-0.125000
G01 X210.368000 Y61.622000 Z-0.125000
G01 X210.240000 Y61.163000 Z-0.125000
G01 X209.934000 Y60.971000 Z-0.125000
G01 X209.627000 Y61.163000 Z-0.125000
G01 X209.500000 Y61.622000 Z-0.125000
G01 X209.500000 Y61.622000 Z-0.125000
G00 Z5.000000

(End cutting path id: path806)


(Start cutting path id: path806)
(Change tool to Default tool)

G00 Z5.000000
G00 X211.236000 Y61.839000

G01 Z-0.125000 F100.0(Penetrate)
G01 X211.427000 Y62.146000 Z-0.125000 F400.000000
G01 X211.887000 Y62.273000 Z-0.125000
G01 X212.347000 Y62.146000 Z-0.125000
G01 X212.538000 Y61.839000 Z-0.125000
G01 X212.347000 Y61.533000 Z-0.125000
G01 X211.887000 Y61.405000 Z-0.125000
G01 X211.427000 Y61.533000 Z-0.125000
G01 X211.236000 Y61.839000 Z-0.125000
G01 X211.236000 Y61.839000 Z-0.125000
G00 Z5.000000

(End cutting path id: path806)


(Start cutting path id: path806)
(Change tool to Default tool)

G00 Z5.000000
G00 X209.500000 Y65.094000

G01 Z-0.125000 F100.0(Penetrate)
G01 X209.627000 Y65.554000 Z-0.125000 F400.000000
G01 X209.934000 Y65.745000 Z-0.125000
G01 X210.240000 Y65.554000 Z-0.125000
G01 X210.368000 Y65.094000 Z-0.125000
G01 X210.240000 Y64.635000 Z-0.125000
G01 X209.934000 Y64.443000 Z-0.125000
G01 X209.627000 Y64.635000 Z-0.125000
G01 X209.500000 Y65.094000 Z-0.125000
G01 X209.500000 Y65.094000 Z-0.125000
G00 Z5.000000

(End cutting path id: path806)


(Start cutting path id: path806)
(Change tool to Default tool)

G00 Z5.000000
G00 X221.653000 Y48.141000

G01 Z-0.125000 F100.0(Penetrate)
G01 X221.780000 Y48.619000 Z-0.125000 F400.000000
G01 X222.087000 Y48.818000 Z-0.125000
G01 X222.393000 Y48.698000 Z-0.125000
G01 X222.521000 Y48.410000 Z-0.125000
G01 X222.393000 Y48.042000 Z-0.125000
G01 X222.087000 Y47.733000 Z-0.125000
G01 X221.780000 Y47.742000 Z-0.125000
G01 X221.653000 Y48.141000 Z-0.125000
G01 X221.653000 Y48.141000 Z-0.125000
G00 Z5.000000

(End cutting path id: path806)


(Start cutting path id: path806)
(Change tool to Default tool)

G00 Z5.000000
G00 X221.653000 Y46.431000

G01 Z-0.125000 F100.0(Penetrate)
G01 X221.780000 Y46.891000 Z-0.125000 F400.000000
G01 X222.087000 Y47.082000 Z-0.125000
G01 X222.393000 Y46.891000 Z-0.125000
G01 X222.521000 Y46.431000 Z-0.125000
G01 X222.393000 Y45.971000 Z-0.125000
G01 X222.087000 Y45.780000 Z-0.125000
G01 X221.780000 Y45.971000 Z-0.125000
G01 X221.653000 Y46.431000 Z-0.125000
G01 X221.653000 Y46.431000 Z-0.125000
G00 Z5.000000

(End cutting path id: path806)


(Start cutting path id: path806)
(Change tool to Default tool)

G00 Z5.000000
G00 X221.653000 Y44.695000

G01 Z-0.125000 F100.0(Penetrate)
G01 X221.780000 Y45.155000 Z-0.125000 F400.000000
G01 X222.087000 Y45.346000 Z-0.125000
G01 X222.393000 Y45.155000 Z-0.125000
G01 X222.521000 Y44.695000 Z-0.125000
G01 X222.393000 Y44.235000 Z-0.125000
G01 X222.087000 Y44.044000 Z-0.125000
G01 X221.780000 Y44.235000 Z-0.125000
G01 X221.653000 Y44.695000 Z-0.125000
G01 X221.653000 Y44.695000 Z-0.125000
G00 Z5.000000

(End cutting path id: path806)


(Start cutting path id: path806)
(Change tool to Default tool)

G00 Z5.000000
G00 X221.653000 Y42.984000

G01 Z-0.125000 F100.0(Penetrate)
G01 X221.780000 Y43.383000 Z-0.125000 F400.000000
G01 X222.087000 Y43.393000 Z-0.125000
G01 X222.393000 Y43.083000 Z-0.125000
G01 X222.521000 Y42.716000 Z-0.125000
G01 X222.393000 Y42.427000 Z-0.125000
G01 X222.087000 Y42.307000 Z-0.125000
G01 X221.780000 Y42.506000 Z-0.125000
G01 X221.653000 Y42.984000 Z-0.125000
G01 X221.653000 Y42.984000 Z-0.125000
G00 Z5.000000

(End cutting path id: path806)


(Start cutting path id: path806)
(Change tool to Default tool)

G00 Z5.000000
G00 X221.653000 Y41.005000

G01 Z-0.125000 F100.0(Penetrate)
G01 X221.780000 Y41.312000 Z-0.125000 F400.000000
G01 X222.087000 Y41.439000 Z-0.125000
G01 X222.393000 Y41.312000 Z-0.125000
G01 X222.521000 Y41.005000 Z-0.125000
G01 X222.393000 Y40.699000 Z-0.125000
G01 X222.087000 Y40.571000 Z-0.125000
G01 X221.780000 Y40.699000 Z-0.125000
G01 X221.653000 Y41.005000 Z-0.125000
G01 X221.653000 Y41.005000 Z-0.125000
G00 Z5.000000

(End cutting path id: path806)


(Start cutting path id: path806)
(Change tool to Default tool)

G00 Z5.000000
G00 X221.653000 Y39.269000

G01 Z-0.125000 F100.0(Penetrate)
G01 X221.780000 Y39.576000 Z-0.125000 F400.000000
G01 X222.087000 Y39.703000 Z-0.125000
G01 X222.393000 Y39.576000 Z-0.125000
G01 X222.521000 Y39.269000 Z-0.125000
G01 X222.393000 Y38.963000 Z-0.125000
G01 X222.087000 Y38.835000 Z-0.125000
G01 X221.780000 Y38.963000 Z-0.125000
G01 X221.653000 Y39.269000 Z-0.125000
G01 X221.653000 Y39.269000 Z-0.125000
G00 Z5.000000

(End cutting path id: path806)


(Start cutting path id: path806)
(Change tool to Default tool)

G00 Z5.000000
G00 X221.653000 Y37.290000

G01 Z-0.125000 F100.0(Penetrate)
G01 X221.780000 Y37.768000 Z-0.125000 F400.000000
G01 X222.087000 Y37.967000 Z-0.125000
G01 X222.393000 Y37.847000 Z-0.125000
G01 X222.521000 Y37.559000 Z-0.125000
G01 X222.393000 Y37.191000 Z-0.125000
G01 X222.087000 Y36.882000 Z-0.125000
G01 X221.780000 Y36.891000 Z-0.125000
G01 X221.653000 Y37.290000 Z-0.125000
G01 X221.653000 Y37.290000 Z-0.125000
G00 Z5.000000

(End cutting path id: path806)


(Start cutting path id: path806)
(Change tool to Default tool)

G00 Z5.000000
G00 X221.520000 Y35.206000

G01 Z-0.125000 F100.0(Penetrate)
G01 X221.389000 Y35.513000 Z-0.125000 F400.000000
G01 X221.481000 Y35.849000 Z-0.125000
G01 X221.740000 Y36.120000 Z-0.125000
G01 X222.112000 Y36.231000 Z-0.125000
G01 X222.401000 Y36.040000 Z-0.125000
G01 X222.521000 Y35.580000 Z-0.125000
G01 X222.433000 Y35.170000 Z-0.125000
G01 X222.204000 Y34.958000 Z-0.125000
G01 X221.882000 Y34.964000 Z-0.125000
G01 X221.520000 Y35.206000 Z-0.125000
G01 X221.520000 Y35.206000 Z-0.125000
G00 Z5.000000

(End cutting path id: path806)


(Start cutting path id: path806)
(Change tool to Default tool)

G00 Z5.000000
G00 X221.520000 Y33.470000

G01 Z-0.125000 F100.0(Penetrate)
G01 X221.389000 Y33.777000 Z-0.125000 F400.000000
G01 X221.481000 Y34.113000 Z-0.125000
G01 X221.740000 Y34.383000 Z-0.125000
G01 X222.112000 Y34.495000 Z-0.125000
G01 X222.401000 Y34.304000 Z-0.125000
G01 X222.521000 Y33.844000 Z-0.125000
G01 X222.433000 Y33.433000 Z-0.125000
G01 X222.204000 Y33.222000 Z-0.125000
G01 X221.882000 Y33.228000 Z-0.125000
G01 X221.520000 Y33.470000 Z-0.125000
G01 X221.520000 Y33.470000 Z-0.125000
G00 Z5.000000

(End cutting path id: path806)


(Start cutting path id: path806)
(Change tool to Default tool)

G00 Z5.000000
G00 X223.823000 Y32.976000

G01 Z-0.125000 F100.0(Penetrate)
G01 X223.960000 Y33.441000 Z-0.125000 F400.000000
G01 X224.290000 Y33.544000 Z-0.125000
G01 X224.619000 Y33.313000 Z-0.125000
G01 X224.756000 Y32.976000 Z-0.125000
G01 X224.619000 Y32.639000 Z-0.125000
G01 X224.290000 Y32.408000 Z-0.125000
G01 X223.960000 Y32.510000 Z-0.125000
G01 X223.823000 Y32.976000 Z-0.125000
G01 X223.823000 Y32.976000 Z-0.125000
G00 Z5.000000

(End cutting path id: path806)


(Start cutting path id: path806)
(Change tool to Default tool)

G00 Z5.000000
G00 X224.026000 Y34.517000

G01 Z-0.125000 F100.0(Penetrate)
G01 X223.885000 Y34.961000 Z-0.125000 F400.000000
G01 X224.018000 Y35.246000 Z-0.125000
G01 X224.332000 Y35.302000 Z-0.125000
G01 X224.736000 Y35.057000 Z-0.125000
G01 X224.975000 Y34.640000 Z-0.125000
G01 X224.759000 Y34.320000 Z-0.125000
G01 X224.361000 Y34.265000 Z-0.125000
G01 X224.026000 Y34.517000 Z-0.125000
G01 X224.026000 Y34.517000 Z-0.125000
G00 Z5.000000

(End cutting path id: path806)


(Start cutting path id: path806)
(Change tool to Default tool)

G00 Z5.000000
G00 X223.823000 Y36.665000

G01 Z-0.125000 F100.0(Penetrate)
G01 X223.950000 Y36.972000 Z-0.125000 F400.000000
G01 X224.257000 Y37.099000 Z-0.125000
G01 X224.563000 Y36.972000 Z-0.125000
G01 X224.691000 Y36.665000 Z-0.125000
G01 X224.563000 Y36.358000 Z-0.125000
G01 X224.257000 Y36.231000 Z-0.125000
G01 X223.950000 Y36.358000 Z-0.125000
G01 X223.823000 Y36.665000 Z-0.125000
G01 X223.823000 Y36.665000 Z-0.125000
G00 Z5.000000

(End cutting path id: path806)


(Start cutting path id: path806)
(Change tool to Default tool)

G00 Z5.000000
G00 X223.823000 Y38.401000

G01 Z-0.125000 F100.0(Penetrate)
G01 X223.950000 Y38.708000 Z-0.125000 F400.000000
G01 X224.257000 Y38.835000 Z-0.125000
G01 X224.563000 Y38.708000 Z-0.125000
G01 X224.691000 Y38.401000 Z-0.125000
G01 X224.563000 Y38.095000 Z-0.125000
G01 X224.257000 Y37.967000 Z-0.125000
G01 X223.950000 Y38.095000 Z-0.125000
G01 X223.823000 Y38.401000 Z-0.125000
G01 X223.823000 Y38.401000 Z-0.125000
G00 Z5.000000

(End cutting path id: path806)


(Start cutting path id: path806)
(Change tool to Default tool)

G00 Z5.000000
G00 X223.888000 Y40.116000

G01 Z-0.125000 F100.0(Penetrate)
G01 X224.090000 Y40.447000 Z-0.125000 F400.000000
G01 X224.356000 Y40.591000 Z-0.125000
G01 X224.597000 Y40.532000 Z-0.125000
G01 X224.724000 Y40.257000 Z-0.125000
G01 X224.594000 Y39.984000 Z-0.125000
G01 X224.235000 Y39.768000 Z-0.125000
G01 X223.918000 Y39.799000 Z-0.125000
G01 X223.888000 Y40.116000 Z-0.125000
G01 X223.888000 Y40.116000 Z-0.125000
G00 Z5.000000

(End cutting path id: path806)


(Start cutting path id: path806)
(Change tool to Default tool)

G00 Z5.000000
G00 X223.823000 Y42.090000

G01 Z-0.125000 F100.0(Penetrate)
G01 X223.960000 Y42.556000 Z-0.125000 F400.000000
G01 X224.290000 Y42.658000 Z-0.125000
G01 X224.619000 Y42.427000 Z-0.125000
G01 X224.756000 Y42.090000 Z-0.125000
G01 X224.619000 Y41.754000 Z-0.125000
G01 X224.290000 Y41.523000 Z-0.125000
G01 X223.960000 Y41.625000 Z-0.125000
G01 X223.823000 Y42.090000 Z-0.125000
G01 X223.823000 Y42.090000 Z-0.125000
G00 Z5.000000

(End cutting path id: path806)


(Start cutting path id: path806)
(Change tool to Default tool)

G00 Z5.000000
G00 X223.823000 Y43.827000

G01 Z-0.125000 F100.0(Penetrate)
G01 X223.960000 Y44.292000 Z-0.125000 F400.000000
G01 X224.290000 Y44.394000 Z-0.125000
G01 X224.619000 Y44.164000 Z-0.125000
G01 X224.756000 Y43.827000 Z-0.125000
G01 X224.619000 Y43.490000 Z-0.125000
G01 X224.290000 Y43.259000 Z-0.125000
G01 X223.960000 Y43.361000 Z-0.125000
G01 X223.823000 Y43.827000 Z-0.125000
G01 X223.823000 Y43.827000 Z-0.125000
G00 Z5.000000

(End cutting path id: path806)


(Start cutting path id: path806)
(Change tool to Default tool)

G00 Z5.000000
G00 X223.823000 Y45.563000

G01 Z-0.125000 F100.0(Penetrate)
G01 X223.960000 Y46.028000 Z-0.125000 F400.000000
G01 X224.290000 Y46.131000 Z-0.125000
G01 X224.619000 Y45.900000 Z-0.125000
G01 X224.756000 Y45.563000 Z-0.125000
G01 X224.619000 Y45.226000 Z-0.125000
G01 X224.290000 Y44.995000 Z-0.125000
G01 X223.960000 Y45.098000 Z-0.125000
G01 X223.823000 Y45.563000 Z-0.125000
G01 X223.823000 Y45.563000 Z-0.125000
G00 Z5.000000

(End cutting path id: path806)


(Start cutting path id: path806)
(Change tool to Default tool)

G00 Z5.000000
G00 X226.233000 Y42.704000

G01 Z-0.125000 F100.0(Penetrate)
G01 X226.174000 Y43.069000 Z-0.125000 F400.000000
G01 X226.390000 Y43.370000 Z-0.125000
G01 X226.755000 Y43.428000 Z-0.125000
G01 X227.055000 Y43.213000 Z-0.125000
G01 X227.114000 Y42.848000 Z-0.125000
G01 X226.898000 Y42.547000 Z-0.125000
G01 X226.533000 Y42.489000 Z-0.125000
G01 X226.233000 Y42.704000 Z-0.125000
G01 X226.233000 Y42.704000 Z-0.125000
G00 Z5.000000

(End cutting path id: path806)


(Start cutting path id: path806)
(Change tool to Default tool)

G00 Z5.000000
G00 X226.076000 Y41.038000

G01 Z-0.125000 F100.0(Penetrate)
G01 X226.307000 Y41.367000 Z-0.125000 F400.000000
G01 X226.644000 Y41.505000 Z-0.125000
G01 X226.981000 Y41.367000 Z-0.125000
G01 X227.212000 Y41.038000 Z-0.125000
G01 X227.109000 Y40.708000 Z-0.125000
G01 X226.644000 Y40.571000 Z-0.125000
G01 X226.179000 Y40.708000 Z-0.125000
G01 X226.076000 Y41.038000 Z-0.125000
G01 X226.076000 Y41.038000 Z-0.125000
G00 Z5.000000

(End cutting path id: path806)


(Start cutting path id: path806)
(Change tool to Default tool)

G00 Z5.000000
G00 X226.076000 Y39.302000

G01 Z-0.125000 F100.0(Penetrate)
G01 X226.307000 Y39.631000 Z-0.125000 F400.000000
G01 X226.644000 Y39.768000 Z-0.125000
G01 X226.981000 Y39.631000 Z-0.125000
G01 X227.212000 Y39.302000 Z-0.125000
G01 X227.109000 Y38.972000 Z-0.125000
G01 X226.644000 Y38.835000 Z-0.125000
G01 X226.179000 Y38.972000 Z-0.125000
G01 X226.076000 Y39.302000 Z-0.125000
G01 X226.076000 Y39.302000 Z-0.125000
G00 Z5.000000

(End cutting path id: path806)


(Start cutting path id: path806)
(Change tool to Default tool)

G00 Z5.000000
G00 X225.993000 Y37.533000

G01 Z-0.125000 F100.0(Penetrate)
G01 X226.184000 Y37.840000 Z-0.125000 F400.000000
G01 X226.644000 Y37.967000 Z-0.125000
G01 X227.104000 Y37.840000 Z-0.125000
G01 X227.295000 Y37.533000 Z-0.125000
G01 X227.104000 Y37.227000 Z-0.125000
G01 X226.644000 Y37.099000 Z-0.125000
G01 X226.184000 Y37.227000 Z-0.125000
G01 X225.993000 Y37.533000 Z-0.125000
G01 X225.993000 Y37.533000 Z-0.125000
G00 Z5.000000

(End cutting path id: path806)


(Start cutting path id: path806)
(Change tool to Default tool)

G00 Z5.000000
G00 X225.993000 Y35.797000

G01 Z-0.125000 F100.0(Penetrate)
G01 X226.184000 Y36.103000 Z-0.125000 F400.000000
G01 X226.644000 Y36.231000 Z-0.125000
G01 X227.104000 Y36.103000 Z-0.125000
G01 X227.295000 Y35.797000 Z-0.125000
G01 X227.104000 Y35.490000 Z-0.125000
G01 X226.644000 Y35.363000 Z-0.125000
G01 X226.184000 Y35.490000 Z-0.125000
G01 X225.993000 Y35.797000 Z-0.125000
G01 X225.993000 Y35.797000 Z-0.125000
G00 Z5.000000

(End cutting path id: path806)


(Start cutting path id: path806)
(Change tool to Default tool)

G00 Z5.000000
G00 X226.271000 Y33.494000

G01 Z-0.125000 F100.0(Penetrate)
G01 X226.028000 Y33.856000 Z-0.125000 F400.000000
G01 X226.022000 Y34.178000 Z-0.125000
G01 X226.234000 Y34.407000 Z-0.125000
G01 X226.644000 Y34.495000 Z-0.125000
G01 X227.104000 Y34.375000 Z-0.125000
G01 X227.295000 Y34.086000 Z-0.125000
G01 X227.184000 Y33.714000 Z-0.125000
G01 X226.913000 Y33.455000 Z-0.125000
G01 X226.577000 Y33.363000 Z-0.125000
G01 X226.271000 Y33.494000 Z-0.125000
G01 X226.271000 Y33.494000 Z-0.125000
G00 Z5.000000

(End cutting path id: path806)


(Start cutting path id: path806)
(Change tool to Default tool)

G00 Z5.000000
G00 X226.197000 Y31.912000

G01 Z-0.125000 F100.0(Penetrate)
G01 X226.055000 Y32.357000 Z-0.125000 F400.000000
G01 X226.188000 Y32.642000 Z-0.125000
G01 X226.502000 Y32.698000 Z-0.125000
G01 X226.906000 Y32.453000 Z-0.125000
G01 X227.146000 Y32.036000 Z-0.125000
G01 X226.929000 Y31.715000 Z-0.125000
G01 X226.532000 Y31.661000 Z-0.125000
G01 X226.197000 Y31.912000 Z-0.125000
G01 X226.197000 Y31.912000 Z-0.125000
G00 Z5.000000

(End cutting path id: path806)


(Start cutting path id: path806)
(Change tool to Default tool)

G00 Z5.000000
G00 X228.597000 Y31.891000

G01 Z-0.125000 F100.0(Penetrate)
G01 X228.796000 Y32.197000 Z-0.125000 F400.000000
G01 X229.274000 Y32.325000 Z-0.125000
G01 X229.673000 Y32.197000 Z-0.125000
G01 X229.682000 Y31.891000 Z-0.125000
G01 X229.373000 Y31.584000 Z-0.125000
G01 X229.006000 Y31.457000 Z-0.125000
G01 X228.717000 Y31.584000 Z-0.125000
G01 X228.597000 Y31.891000 Z-0.125000
G01 X228.597000 Y31.891000 Z-0.125000
G00 Z5.000000

(End cutting path id: path806)


(Start cutting path id: path806)
(Change tool to Default tool)

G00 Z5.000000
G00 X228.016000 Y23.746000

G01 Z-0.125000 F100.0(Penetrate)
G01 X227.570000 Y23.422000 Z-0.125000 F400.000000
G01 X227.441000 Y22.900000 Z-0.125000
G01 X227.455000 Y21.744000 Z-0.125000
G01 X227.455000 Y16.267000 Z-0.125000
G01 X228.389000 Y16.235000 Z-0.125000
G01 X228.774000 Y16.300000 Z-0.125000
G01 X228.857000 Y16.667000 Z-0.125000
G01 X228.857000 Y22.359000 Z-0.125000
G01 X230.476000 Y22.369000 Z-0.125000
G01 X232.084000 Y22.287000 Z-0.125000
G01 X232.549000 Y21.884000 Z-0.125000
G01 X232.695000 Y21.297000 Z-0.125000
G01 X232.688000 Y20.024000 Z-0.125000
G01 X232.688000 Y16.267000 Z-0.125000
G01 X233.621000 Y16.235000 Z-0.125000
G01 X234.006000 Y16.300000 Z-0.125000
G01 X234.090000 Y16.667000 Z-0.125000
G01 X234.100000 Y19.326000 Z-0.125000
G01 X234.009000 Y21.977000 Z-0.125000
G01 X234.019000 Y22.321000 Z-0.125000
G01 X234.367000 Y22.386000 Z-0.125000
G01 X235.256000 Y22.359000 Z-0.125000
G01 X236.362000 Y22.296000 Z-0.125000
G01 X236.808000 Y22.032000 Z-0.125000
G01 X237.018000 Y21.519000 Z-0.125000
G01 X237.029000 Y16.267000 Z-0.125000
G01 X237.963000 Y16.235000 Z-0.125000
G01 X238.348000 Y16.300000 Z-0.125000
G01 X238.432000 Y16.667000 Z-0.125000
G01 X238.440000 Y19.309000 Z-0.125000
G01 X238.367000 Y21.945000 Z-0.125000
G01 X237.968000 Y22.822000 Z-0.125000
G01 X237.247000 Y23.420000 Z-0.125000
G01 X236.339000 Y23.735000 Z-0.125000
G01 X235.379000 Y23.761000 Z-0.125000
G01 X234.448000 Y23.775000 Z-0.125000
G01 X233.645000 Y23.661000 Z-0.125000
G01 X233.678000 Y23.202000 Z-0.125000
G01 X233.556000 Y23.046000 Z-0.125000
G01 X232.953000 Y23.397000 Z-0.125000
G01 X232.019000 Y23.716000 Z-0.125000
G01 X231.032000 Y23.784000 Z-0.125000
G01 X229.035000 Y23.761000 Z-0.125000
G01 X228.016000 Y23.746000 Z-0.125000
G01 X228.016000 Y23.746000 Z-0.125000
G00 Z5.000000

(End cutting path id: path806)


(Start cutting path id: path806)
(Change tool to Default tool)

G00 Z5.000000
G00 X225.555000 Y18.712000

G01 Z-0.125000 F100.0(Penetrate)
G01 X225.429000 Y17.814000 Z-0.125000 F400.000000
G01 X225.095000 Y17.116000 Z-0.125000
G01 X224.612000 Y16.604000 Z-0.125000
G01 X224.034000 Y16.263000 Z-0.125000
G01 X223.432000 Y16.062000 Z-0.125000
G01 X222.854000 Y16.003000 Z-0.125000
G01 X219.373000 Y16.003000 Z-0.125000
G01 X219.373000 Y17.933000 Z-0.125000
G01 X222.854000 Y17.933000 Z-0.125000
G01 X223.432000 Y18.133000 Z-0.125000
G01 X223.625000 Y18.712000 Z-0.125000
G01 X223.625000 Y21.310000 Z-0.125000
G01 X223.425000 Y21.903000 Z-0.125000
G01 X222.854000 Y22.096000 Z-0.125000
G01 X219.388000 Y22.096000 Z-0.125000
G01 X218.794000 Y21.896000 Z-0.125000
G01 X218.593000 Y21.324000 Z-0.125000
G01 X218.593000 Y13.494000 Z-0.125000
G01 X216.664000 Y13.494000 Z-0.125000
G01 X216.664000 Y21.324000 Z-0.125000
G01 X216.790000 Y22.215000 Z-0.125000
G01 X217.124000 Y22.905000 Z-0.125000
G01 X217.614000 Y23.417000 Z-0.125000
G01 X218.185000 Y23.766000 Z-0.125000
G01 X218.794000 Y23.959000 Z-0.125000
G01 X219.373000 Y24.026000 Z-0.125000
G01 X222.854000 Y24.026000 Z-0.125000
G01 X223.744000 Y23.900000 Z-0.125000
G01 X224.434000 Y23.566000 Z-0.125000
G01 X224.946000 Y23.083000 Z-0.125000
G01 X225.295000 Y22.504000 Z-0.125000
G01 X225.488000 Y21.903000 Z-0.125000
G01 X225.555000 Y21.324000 Z-0.125000
G01 X225.555000 Y18.712000 Z-0.125000
G00 Z5.000000

(End cutting path id: path806)


(Start cutting path id: path806)
(Change tool to Default tool)

G00 Z5.000000
G00 X219.139000 Y23.748000

G01 Z-0.125000 F100.0(Penetrate)
G01 X218.213000 Y23.490000 Z-0.125000 F400.000000
G01 X217.477000 Y22.898000 Z-0.125000
G01 X217.019000 Y22.073000 Z-0.125000
G01 X216.928000 Y21.116000 Z-0.125000
G01 X216.928000 Y13.757000 Z-0.125000
G01 X217.861000 Y13.725000 Z-0.125000
G01 X218.247000 Y13.790000 Z-0.125000
G01 X218.330000 Y14.157000 Z-0.125000
G01 X218.350000 Y21.566000 Z-0.125000
G01 X218.593000 Y22.069000 Z-0.125000
G01 X219.063000 Y22.311000 Z-0.125000
G01 X220.187000 Y22.359000 Z-0.125000
G01 X221.747000 Y22.369000 Z-0.125000
G01 X223.297000 Y22.289000 Z-0.125000
G01 X223.757000 Y21.879000 Z-0.125000
G01 X223.898000 Y21.288000 Z-0.125000
G01 X223.889000 Y20.010000 Z-0.125000
G01 X223.895000 Y18.712000 Z-0.125000
G01 X223.739000 Y18.118000 Z-0.125000
G01 X223.252000 Y17.724000 Z-0.125000
G01 X221.448000 Y17.662000 Z-0.125000
G01 X219.637000 Y17.670000 Z-0.125000
G01 X219.604000 Y16.736000 Z-0.125000
G01 X219.670000 Y16.351000 Z-0.125000
G01 X220.037000 Y16.267000 Z-0.125000
G01 X221.961000 Y16.248000 Z-0.125000
G01 X222.918000 Y16.278000 Z-0.125000
G01 X223.850000 Y16.475000 Z-0.125000
G01 X224.587000 Y16.930000 Z-0.125000
G01 X225.058000 Y17.625000 Z-0.125000
G01 X225.285000 Y18.457000 Z-0.125000
G01 X225.291000 Y19.320000 Z-0.125000
G01 X225.275000 Y21.446000 Z-0.125000
G01 X225.029000 Y22.448000 Z-0.125000
G01 X224.375000 Y23.273000 Z-0.125000
G01 X223.489000 Y23.678000 Z-0.125000
G01 X222.522000 Y23.781000 Z-0.125000
G01 X220.546000 Y23.761000 Z-0.125000
G01 X219.139000 Y23.748000 Z-0.125000
G01 X219.139000 Y23.748000 Z-0.125000
G00 Z5.000000

(End cutting path id: path806)


(Start cutting path id: path806)
(Change tool to Default tool)

G00 Z5.000000
G00 X215.339000 Y26.156000

G01 Z-0.125000 F100.0(Penetrate)
G01 X215.465000 Y25.666000 Z-0.125000 F400.000000
G01 X215.339000 Y25.184000 Z-0.125000
G01 X209.988000 Y16.003000 Z-0.125000
G01 X207.754000 Y16.003000 Z-0.125000
G01 X212.816000 Y24.716000 Z-0.125000
G01 X206.567000 Y24.716000 Z-0.125000
G01 X206.567000 Y26.646000 Z-0.125000
G01 X214.501000 Y26.646000 Z-0.125000
G01 X214.983000 Y26.512000 Z-0.125000
G01 X215.339000 Y26.156000 Z-0.125000
G01 X215.339000 Y26.156000 Z-0.125000
G00 Z5.000000

(End cutting path id: path806)


(Start cutting path id: path806)
(Change tool to Default tool)

G00 Z5.000000
G00 X234.353000 Y16.003000

G01 Z-0.125000 F100.0(Penetrate)
G01 X232.424000 Y16.003000 Z-0.125000 F400.000000
G01 X232.424000 Y21.324000 Z-0.125000
G01 X232.223000 Y21.896000 Z-0.125000
G01 X231.629000 Y22.096000 Z-0.125000
G01 X229.121000 Y22.096000 Z-0.125000
G01 X229.121000 Y16.003000 Z-0.125000
G01 X227.191000 Y16.003000 Z-0.125000
G01 X227.191000 Y23.068000 Z-0.125000
G01 X227.265000 Y23.440000 Z-0.125000
G01 X227.473000 Y23.744000 Z-0.125000
G01 X227.785000 Y23.952000 Z-0.125000
G01 X228.163000 Y24.026000 Z-0.125000
G01 X231.644000 Y24.026000 Z-0.125000
G01 X232.505000 Y23.885000 Z-0.125000
G01 X233.381000 Y23.432000 Z-0.125000
G01 X233.381000 Y24.026000 Z-0.125000
G01 X235.993000 Y24.026000 Z-0.125000
G01 X236.572000 Y23.959000 Z-0.125000
G01 X237.173000 Y23.766000 Z-0.125000
G01 X237.752000 Y23.417000 Z-0.125000
G01 X238.235000 Y22.905000 Z-0.125000
G01 X238.569000 Y22.215000 Z-0.125000
G01 X238.695000 Y21.324000 Z-0.125000
G01 X238.695000 Y16.003000 Z-0.125000
G01 X236.765000 Y16.003000 Z-0.125000
G01 X236.765000 Y21.324000 Z-0.125000
G01 X236.572000 Y21.896000 Z-0.125000
G01 X235.993000 Y22.096000 Z-0.125000
G01 X234.257000 Y22.096000 Z-0.125000
G01 X234.353000 Y21.324000 Z-0.125000
G01 X234.353000 Y16.003000 Z-0.125000
G00 Z5.000000

(End cutting path id: path806)


(Start cutting path id: path806)
(Change tool to Default tool)

G00 Z5.000000
G00 X186.451000 Y57.914000

G01 Z-0.125000 F100.0(Penetrate)
G01 X186.366000 Y59.032000 Z-0.125000 F400.000000
G01 X186.073000 Y59.878000 Z-0.125000
G01 X185.421000 Y60.715000 Z-0.125000
G01 X184.263000 Y61.808000 Z-0.125000
G01 X182.119000 Y63.731000 Z-0.125000
G01 X179.313000 Y60.950000 Z-0.125000
G01 X177.364000 Y58.892000 Z-0.125000
G01 X176.618000 Y57.852000 Z-0.125000
G01 X179.768000 Y54.942000 Z-0.125000
G01 X182.806000 Y52.347000 Z-0.125000
G01 X184.651000 Y54.145000 Z-0.125000
G01 X185.638000 Y55.167000 Z-0.125000
G01 X186.188000 Y55.971000 Z-0.125000
G01 X186.420000 Y56.804000 Z-0.125000
G01 X186.451000 Y57.914000 Z-0.125000
G01 X186.451000 Y57.914000 Z-0.125000
G00 Z5.000000

(End cutting path id: path806)


(Start cutting path id: path806)
(Change tool to Default tool)

G00 Z5.000000
G00 X186.496000 Y64.749000

G01 Z-0.125000 F100.0(Penetrate)
G01 X186.496000 Y68.092000 Z-0.125000 F400.000000
G01 X184.758000 Y66.396000 Z-0.125000
G01 X183.021000 Y64.700000 Z-0.125000
G01 X184.629000 Y63.053000 Z-0.125000
G01 X186.367000 Y61.406000 Z-0.125000
G01 X186.496000 Y64.749000 Z-0.125000
G01 X186.496000 Y64.749000 Z-0.125000
G00 Z5.000000

(End cutting path id: path806)


(Start cutting path id: path806)
(Change tool to Default tool)

G00 Z5.000000
G00 X184.419000 Y67.791000

G01 Z-0.125000 F100.0(Penetrate)
G01 X185.466000 Y68.885000 Z-0.125000 F400.000000
G01 X186.099000 Y69.743000 Z-0.125000
G01 X186.412000 Y70.525000 Z-0.125000
G01 X186.496000 Y71.390000 Z-0.125000
G01 X186.414000 Y72.249000 Z-0.125000
G01 X186.113000 Y73.017000 Z-0.125000
G01 X185.508000 Y73.844000 Z-0.125000
G01 X184.512000 Y74.879000 Z-0.125000
G01 X182.529000 Y76.814000 Z-0.125000
G01 X179.969000 Y73.992000 Z-0.125000
G01 X178.157000 Y71.876000 Z-0.125000
G01 X177.395000 Y70.751000 Z-0.125000
G01 X178.070000 Y69.792000 Z-0.125000
G01 X179.601000 Y68.091000 Z-0.125000
G01 X181.211000 Y66.469000 Z-0.125000
G01 X182.125000 Y65.746000 Z-0.125000
G01 X184.419000 Y67.791000 Z-0.125000
G01 X184.419000 Y67.791000 Z-0.125000
G00 Z5.000000

(End cutting path id: path806)


(Start cutting path id: path806)
(Change tool to Default tool)

G00 Z5.000000
G00 X179.024000 Y62.396000

G01 Z-0.125000 F100.0(Penetrate)
G01 X181.288000 Y64.689000 Z-0.125000 F400.000000
G01 X178.901000 Y67.048000 Z-0.125000
G01 X176.513000 Y69.406000 Z-0.125000
G01 X176.513000 Y64.755000 Z-0.125000
G01 X176.636000 Y60.104000 Z-0.125000
G01 X179.024000 Y62.396000 Z-0.125000
G01 X179.024000 Y62.396000 Z-0.125000
G00 Z5.000000

(End cutting path id: path806)


(Start cutting path id: path806)
(Change tool to Default tool)

G00 Z5.000000
G00 X171.304000 Y66.179000

G01 Z-0.125000 F100.0(Penetrate)
G01 X171.190000 Y76.560000 Z-0.125000 F400.000000
G01 X170.993000 Y78.332000 Z-0.125000
G01 X170.843000 Y78.672000 Z-0.125000
G01 X170.653000 Y78.766000 Z-0.125000
G01 X170.193000 Y78.957000 Z-0.125000
G01 X170.002000 Y79.417000 Z-0.125000
G01 X170.193000 Y79.877000 Z-0.125000
G01 X170.653000 Y80.068000 Z-0.125000
G01 X171.113000 Y80.259000 Z-0.125000
G01 X171.304000 Y80.719000 Z-0.125000
G01 X171.175000 Y81.037000 Z-0.125000
G01 X170.726000 Y81.237000 Z-0.125000
G01 X168.483000 Y81.370000 Z-0.125000
G01 X166.240000 Y81.237000 Z-0.125000
G01 X165.791000 Y81.037000 Z-0.125000
G01 X165.662000 Y80.719000 Z-0.125000
G01 X165.758000 Y80.418000 Z-0.125000
G01 X166.066000 Y80.217000 Z-0.125000
G01 X167.434000 Y80.068000 Z-0.125000
G01 X168.682000 Y79.905000 Z-0.125000
G01 X168.975000 Y79.733000 Z-0.125000
G01 X169.052000 Y79.531000 Z-0.125000
G01 X168.915000 Y79.319000 Z-0.125000
G01 X168.568000 Y79.121000 Z-0.125000
G01 X167.256000 Y78.848000 Z-0.125000
G01 X165.662000 Y78.714000 Z-0.125000
G01 X165.662000 Y66.153000 Z-0.125000
G01 X165.662000 Y53.592000 Z-0.125000
G01 X168.483000 Y53.592000 Z-0.125000
G01 X171.304000 Y53.592000 Z-0.125000
G01 X171.304000 Y66.179000 Z-0.125000
G00 Z5.000000

(End cutting path id: path806)


(Start cutting path id: path806)
(Change tool to Default tool)

G00 Z5.000000
G00 X169.568000 Y66.613000

G01 Z-0.125000 F100.0(Penetrate)
G01 X169.696000 Y66.920000 Z-0.125000 F400.000000
G01 X170.002000 Y67.047000 Z-0.125000
G01 X170.309000 Y66.920000 Z-0.125000
G01 X170.436000 Y66.613000 Z-0.125000
G01 X170.309000 Y66.306000 Z-0.125000
G01 X170.002000 Y66.179000 Z-0.125000
G01 X169.696000 Y66.306000 Z-0.125000
G01 X169.568000 Y66.613000 Z-0.125000
G01 X169.568000 Y66.613000 Z-0.125000
G00 Z5.000000

(End cutting path id: path806)


(Start cutting path id: path806)
(Change tool to Default tool)

G00 Z5.000000
G00 X169.568000 Y67.915000

G01 Z-0.125000 F100.0(Penetrate)
G01 X169.696000 Y68.222000 Z-0.125000 F400.000000
G01 X170.002000 Y68.349000 Z-0.125000
G01 X170.309000 Y68.222000 Z-0.125000
G01 X170.436000 Y67.915000 Z-0.125000
G01 X170.309000 Y67.609000 Z-0.125000
G01 X170.002000 Y67.481000 Z-0.125000
G01 X169.696000 Y67.609000 Z-0.125000
G01 X169.568000 Y67.915000 Z-0.125000
G01 X169.568000 Y67.915000 Z-0.125000
G00 Z5.000000

(End cutting path id: path806)


(Start cutting path id: path806)
(Change tool to Default tool)

G00 Z5.000000
G00 X169.568000 Y69.217000

G01 Z-0.125000 F100.0(Penetrate)
G01 X169.703000 Y69.524000 Z-0.125000 F400.000000
G01 X170.028000 Y69.651000 Z-0.125000
G01 X170.274000 Y69.524000 Z-0.125000
G01 X170.219000 Y69.217000 Z-0.125000
G01 X169.759000 Y68.783000 Z-0.125000
G01 X169.568000 Y69.217000 Z-0.125000
G01 X169.568000 Y69.217000 Z-0.125000
G00 Z5.000000

(End cutting path id: path806)


(Start cutting path id: path806)
(Change tool to Default tool)

G00 Z5.000000
G00 X169.568000 Y70.953000

G01 Z-0.125000 F100.0(Penetrate)
G01 X169.696000 Y71.260000 Z-0.125000 F400.000000
G01 X170.002000 Y71.387000 Z-0.125000
G01 X170.309000 Y71.260000 Z-0.125000
G01 X170.436000 Y70.953000 Z-0.125000
G01 X170.309000 Y70.647000 Z-0.125000
G01 X170.002000 Y70.519000 Z-0.125000
G01 X169.696000 Y70.647000 Z-0.125000
G01 X169.568000 Y70.953000 Z-0.125000
G01 X169.568000 Y70.953000 Z-0.125000
G00 Z5.000000

(End cutting path id: path806)


(Start cutting path id: path806)
(Change tool to Default tool)

G00 Z5.000000
G00 X169.568000 Y72.256000

G01 Z-0.125000 F100.0(Penetrate)
G01 X169.696000 Y72.562000 Z-0.125000 F400.000000
G01 X170.002000 Y72.690000 Z-0.125000
G01 X170.309000 Y72.562000 Z-0.125000
G01 X170.436000 Y72.256000 Z-0.125000
G01 X170.309000 Y71.949000 Z-0.125000
G01 X170.002000 Y71.821000 Z-0.125000
G01 X169.696000 Y71.949000 Z-0.125000
G01 X169.568000 Y72.256000 Z-0.125000
G01 X169.568000 Y72.256000 Z-0.125000
G00 Z5.000000

(End cutting path id: path806)


(Start cutting path id: path806)
(Change tool to Default tool)

G00 Z5.000000
G00 X169.568000 Y73.993000

G01 Z-0.125000 F100.0(Penetrate)
G01 X169.696000 Y74.299000 Z-0.125000 F400.000000
G01 X170.002000 Y74.427000 Z-0.125000
G01 X170.309000 Y74.299000 Z-0.125000
G01 X170.436000 Y73.993000 Z-0.125000
G01 X170.309000 Y73.686000 Z-0.125000
G01 X170.002000 Y73.559000 Z-0.125000
G01 X169.696000 Y73.686000 Z-0.125000
G01 X169.568000 Y73.993000 Z-0.125000
G01 X169.568000 Y73.993000 Z-0.125000
G00 Z5.000000

(End cutting path id: path806)


(Start cutting path id: path806)
(Change tool to Default tool)

G00 Z5.000000
G00 X169.568000 Y75.295000

G01 Z-0.125000 F100.0(Penetrate)
G01 X169.696000 Y75.601000 Z-0.125000 F400.000000
G01 X170.002000 Y75.729000 Z-0.125000
G01 X170.309000 Y75.601000 Z-0.125000
G01 X170.436000 Y75.295000 Z-0.125000
G01 X170.309000 Y74.988000 Z-0.125000
G01 X170.002000 Y74.861000 Z-0.125000
G01 X169.696000 Y74.988000 Z-0.125000
G01 X169.568000 Y75.295000 Z-0.125000
G01 X169.568000 Y75.295000 Z-0.125000
G00 Z5.000000

(End cutting path id: path806)


(Start cutting path id: path806)
(Change tool to Default tool)

G00 Z5.000000
G00 X169.568000 Y76.597000

G01 Z-0.125000 F100.0(Penetrate)
G01 X169.696000 Y76.904000 Z-0.125000 F400.000000
G01 X170.002000 Y77.031000 Z-0.125000
G01 X170.309000 Y76.904000 Z-0.125000
G01 X170.436000 Y76.597000 Z-0.125000
G01 X170.309000 Y76.290000 Z-0.125000
G01 X170.002000 Y76.163000 Z-0.125000
G01 X169.696000 Y76.290000 Z-0.125000
G01 X169.568000 Y76.597000 Z-0.125000
G01 X169.568000 Y76.597000 Z-0.125000
G00 Z5.000000

(End cutting path id: path806)


(Start cutting path id: path806)
(Change tool to Default tool)

G00 Z5.000000
G00 X166.313000 Y76.597000

G01 Z-0.125000 F100.0(Penetrate)
G01 X166.322000 Y76.904000 Z-0.125000 F400.000000
G01 X166.721000 Y77.031000 Z-0.125000
G01 X167.199000 Y76.904000 Z-0.125000
G01 X167.398000 Y76.597000 Z-0.125000
G01 X167.278000 Y76.290000 Z-0.125000
G01 X166.989000 Y76.163000 Z-0.125000
G01 X166.622000 Y76.290000 Z-0.125000
G01 X166.313000 Y76.597000 Z-0.125000
G01 X166.313000 Y76.597000 Z-0.125000
G00 Z5.000000

(End cutting path id: path806)


(Start cutting path id: path806)
(Change tool to Default tool)

G00 Z5.000000
G00 X166.096000 Y75.295000

G01 Z-0.125000 F100.0(Penetrate)
G01 X166.287000 Y75.601000 Z-0.125000 F400.000000
G01 X166.747000 Y75.729000 Z-0.125000
G01 X167.207000 Y75.601000 Z-0.125000
G01 X167.398000 Y75.295000 Z-0.125000
G01 X167.207000 Y74.988000 Z-0.125000
G01 X166.747000 Y74.861000 Z-0.125000
G01 X166.287000 Y74.988000 Z-0.125000
G01 X166.096000 Y75.295000 Z-0.125000
G01 X166.096000 Y75.295000 Z-0.125000
G00 Z5.000000

(End cutting path id: path806)


(Start cutting path id: path806)
(Change tool to Default tool)

G00 Z5.000000
G00 X166.317000 Y73.999000

G01 Z-0.125000 F100.0(Penetrate)
G01 X166.628000 Y74.237000 Z-0.125000 F400.000000
G01 X166.994000 Y74.190000 Z-0.125000
G01 X167.312000 Y73.934000 Z-0.125000
G01 X167.369000 Y73.734000 Z-0.125000
G01 X167.170000 Y73.604000 Z-0.125000
G01 X166.721000 Y73.558000 Z-0.125000
G01 X166.323000 Y73.687000 Z-0.125000
G01 X166.317000 Y73.999000 Z-0.125000
G01 X166.317000 Y73.999000 Z-0.125000
G00 Z5.000000

(End cutting path id: path806)


(Start cutting path id: path806)
(Change tool to Default tool)

G00 Z5.000000
G00 X166.096000 Y72.256000

G01 Z-0.125000 F100.0(Penetrate)
G01 X166.287000 Y72.562000 Z-0.125000 F400.000000
G01 X166.747000 Y72.690000 Z-0.125000
G01 X167.207000 Y72.562000 Z-0.125000
G01 X167.398000 Y72.256000 Z-0.125000
G01 X167.207000 Y71.949000 Z-0.125000
G01 X166.747000 Y71.821000 Z-0.125000
G01 X166.287000 Y71.949000 Z-0.125000
G01 X166.096000 Y72.256000 Z-0.125000
G01 X166.096000 Y72.256000 Z-0.125000
G00 Z5.000000

(End cutting path id: path806)


(Start cutting path id: path806)
(Change tool to Default tool)

G00 Z5.000000
G00 X166.096000 Y70.953000

G01 Z-0.125000 F100.0(Penetrate)
G01 X166.287000 Y71.260000 Z-0.125000 F400.000000
G01 X166.747000 Y71.387000 Z-0.125000
G01 X167.207000 Y71.260000 Z-0.125000
G01 X167.398000 Y70.953000 Z-0.125000
G01 X167.207000 Y70.647000 Z-0.125000
G01 X166.747000 Y70.519000 Z-0.125000
G01 X166.287000 Y70.647000 Z-0.125000
G01 X166.096000 Y70.953000 Z-0.125000
G01 X166.096000 Y70.953000 Z-0.125000
G00 Z5.000000

(End cutting path id: path806)


(Start cutting path id: path806)
(Change tool to Default tool)

G00 Z5.000000
G00 X166.313000 Y69.217000

G01 Z-0.125000 F100.0(Penetrate)
G01 X166.330000 Y69.524000 Z-0.125000 F400.000000
G01 X166.747000 Y69.651000 Z-0.125000
G01 X167.164000 Y69.524000 Z-0.125000
G01 X167.181000 Y69.217000 Z-0.125000
G01 X166.747000 Y68.783000 Z-0.125000
G01 X166.313000 Y69.217000 Z-0.125000
G01 X166.313000 Y69.217000 Z-0.125000
G00 Z5.000000

(End cutting path id: path806)


(Start cutting path id: path806)
(Change tool to Default tool)

G00 Z5.000000
G00 X166.096000 Y67.915000

G01 Z-0.125000 F100.0(Penetrate)
G01 X166.287000 Y68.222000 Z-0.125000 F400.000000
G01 X166.747000 Y68.349000 Z-0.125000
G01 X167.207000 Y68.222000 Z-0.125000
G01 X167.398000 Y67.915000 Z-0.125000
G01 X167.207000 Y67.609000 Z-0.125000
G01 X166.747000 Y67.481000 Z-0.125000
G01 X166.287000 Y67.609000 Z-0.125000
G01 X166.096000 Y67.915000 Z-0.125000
G01 X166.096000 Y67.915000 Z-0.125000
G00 Z5.000000

(End cutting path id: path806)


(Start cutting path id: path806)
(Change tool to Default tool)

G00 Z5.000000
G00 X166.313000 Y66.613000

G01 Z-0.125000 F100.0(Penetrate)
G01 X166.622000 Y66.920000 Z-0.125000 F400.000000
G01 X166.989000 Y67.047000 Z-0.125000
G01 X167.278000 Y66.920000 Z-0.125000
G01 X167.398000 Y66.613000 Z-0.125000
G01 X167.199000 Y66.306000 Z-0.125000
G01 X166.721000 Y66.179000 Z-0.125000
G01 X166.322000 Y66.306000 Z-0.125000
G01 X166.313000 Y66.613000 Z-0.125000
G01 X166.313000 Y66.613000 Z-0.125000
G00 Z5.000000

(End cutting path id: path806)


(Start cutting path id: path806)
(Change tool to Default tool)

G00 Z5.000000
G00 X166.313000 Y64.877000

G01 Z-0.125000 F100.0(Penetrate)
G01 X166.322000 Y65.183000 Z-0.125000 F400.000000
G01 X166.721000 Y65.311000 Z-0.125000
G01 X167.199000 Y65.183000 Z-0.125000
G01 X167.398000 Y64.877000 Z-0.125000
G01 X167.278000 Y64.570000 Z-0.125000
G01 X166.989000 Y64.443000 Z-0.125000
G01 X166.622000 Y64.570000 Z-0.125000
G01 X166.313000 Y64.877000 Z-0.125000
G01 X166.313000 Y64.877000 Z-0.125000
G00 Z5.000000

(End cutting path id: path806)


(Start cutting path id: path806)
(Change tool to Default tool)

G00 Z5.000000
G00 X166.096000 Y63.575000

G01 Z-0.125000 F100.0(Penetrate)
G01 X166.287000 Y63.881000 Z-0.125000 F400.000000
G01 X166.747000 Y64.009000 Z-0.125000
G01 X167.207000 Y63.881000 Z-0.125000
G01 X167.398000 Y63.575000 Z-0.125000
G01 X167.207000 Y63.268000 Z-0.125000
G01 X166.747000 Y63.141000 Z-0.125000
G01 X166.287000 Y63.268000 Z-0.125000
G01 X166.096000 Y63.575000 Z-0.125000
G01 X166.096000 Y63.575000 Z-0.125000
G00 Z5.000000

(End cutting path id: path806)


(Start cutting path id: path806)
(Change tool to Default tool)

G00 Z5.000000
G00 X166.313000 Y62.273000

G01 Z-0.125000 F100.0(Penetrate)
G01 X166.622000 Y62.579000 Z-0.125000 F400.000000
G01 X166.989000 Y62.707000 Z-0.125000
G01 X167.278000 Y62.579000 Z-0.125000
G01 X167.398000 Y62.273000 Z-0.125000
G01 X167.199000 Y61.966000 Z-0.125000
G01 X166.721000 Y61.839000 Z-0.125000
G01 X166.322000 Y61.966000 Z-0.125000
G01 X166.313000 Y62.273000 Z-0.125000
G01 X166.313000 Y62.273000 Z-0.125000
G00 Z5.000000

(End cutting path id: path806)


(Start cutting path id: path806)
(Change tool to Default tool)

G00 Z5.000000
G00 X166.096000 Y60.536000

G01 Z-0.125000 F100.0(Penetrate)
G01 X166.287000 Y60.843000 Z-0.125000 F400.000000
G01 X166.747000 Y60.971000 Z-0.125000
G01 X167.207000 Y60.843000 Z-0.125000
G01 X167.398000 Y60.536000 Z-0.125000
G01 X167.207000 Y60.230000 Z-0.125000
G01 X166.747000 Y60.102000 Z-0.125000
G01 X166.287000 Y60.230000 Z-0.125000
G01 X166.096000 Y60.536000 Z-0.125000
G01 X166.096000 Y60.536000 Z-0.125000
G00 Z5.000000

(End cutting path id: path806)


(Start cutting path id: path806)
(Change tool to Default tool)

G00 Z5.000000
G00 X166.096000 Y59.234000

G01 Z-0.125000 F100.0(Penetrate)
G01 X166.287000 Y59.541000 Z-0.125000 F400.000000
G01 X166.747000 Y59.668000 Z-0.125000
G01 X167.207000 Y59.541000 Z-0.125000
G01 X167.398000 Y59.234000 Z-0.125000
G01 X167.207000 Y58.928000 Z-0.125000
G01 X166.747000 Y58.800000 Z-0.125000
G01 X166.287000 Y58.928000 Z-0.125000
G01 X166.096000 Y59.234000 Z-0.125000
G01 X166.096000 Y59.234000 Z-0.125000
G00 Z5.000000

(End cutting path id: path806)


(Start cutting path id: path806)
(Change tool to Default tool)

G00 Z5.000000
G00 X166.313000 Y57.498000

G01 Z-0.125000 F100.0(Penetrate)
G01 X166.330000 Y57.805000 Z-0.125000 F400.000000
G01 X166.747000 Y57.932000 Z-0.125000
G01 X167.164000 Y57.805000 Z-0.125000
G01 X167.181000 Y57.498000 Z-0.125000
G01 X166.747000 Y57.064000 Z-0.125000
G01 X166.313000 Y57.498000 Z-0.125000
G01 X166.313000 Y57.498000 Z-0.125000
G00 Z5.000000

(End cutting path id: path806)


(Start cutting path id: path806)
(Change tool to Default tool)

G00 Z5.000000
G00 X166.096000 Y56.196000

G01 Z-0.125000 F100.0(Penetrate)
G01 X166.287000 Y56.503000 Z-0.125000 F400.000000
G01 X166.747000 Y56.630000 Z-0.125000
G01 X167.207000 Y56.503000 Z-0.125000
G01 X167.398000 Y56.196000 Z-0.125000
G01 X167.207000 Y55.890000 Z-0.125000
G01 X166.747000 Y55.762000 Z-0.125000
G01 X166.287000 Y55.890000 Z-0.125000
G01 X166.096000 Y56.196000 Z-0.125000
G01 X166.096000 Y56.196000 Z-0.125000
G00 Z5.000000

(End cutting path id: path806)


(Start cutting path id: path806)
(Change tool to Default tool)

G00 Z5.000000
G00 X166.313000 Y54.894000

G01 Z-0.125000 F100.0(Penetrate)
G01 X166.330000 Y55.201000 Z-0.125000 F400.000000
G01 X166.747000 Y55.328000 Z-0.125000
G01 X167.164000 Y55.201000 Z-0.125000
G01 X167.181000 Y54.894000 Z-0.125000
G01 X166.747000 Y54.460000 Z-0.125000
G01 X166.313000 Y54.894000 Z-0.125000
G01 X166.313000 Y54.894000 Z-0.125000
G00 Z5.000000

(End cutting path id: path806)


(Start cutting path id: path806)
(Change tool to Default tool)

G00 Z5.000000
G00 X169.568000 Y54.894000

G01 Z-0.125000 F100.0(Penetrate)
G01 X169.696000 Y55.201000 Z-0.125000 F400.000000
G01 X170.002000 Y55.328000 Z-0.125000
G01 X170.309000 Y55.201000 Z-0.125000
G01 X170.436000 Y54.894000 Z-0.125000
G01 X170.309000 Y54.587000 Z-0.125000
G01 X170.002000 Y54.460000 Z-0.125000
G01 X169.696000 Y54.587000 Z-0.125000
G01 X169.568000 Y54.894000 Z-0.125000
G01 X169.568000 Y54.894000 Z-0.125000
G00 Z5.000000

(End cutting path id: path806)


(Start cutting path id: path806)
(Change tool to Default tool)

G00 Z5.000000
G00 X169.568000 Y56.196000

G01 Z-0.125000 F100.0(Penetrate)
G01 X169.696000 Y56.503000 Z-0.125000 F400.000000
G01 X170.002000 Y56.630000 Z-0.125000
G01 X170.309000 Y56.503000 Z-0.125000
G01 X170.436000 Y56.196000 Z-0.125000
G01 X170.309000 Y55.890000 Z-0.125000
G01 X170.002000 Y55.762000 Z-0.125000
G01 X169.696000 Y55.890000 Z-0.125000
G01 X169.568000 Y56.196000 Z-0.125000
G01 X169.568000 Y56.196000 Z-0.125000
G00 Z5.000000

(End cutting path id: path806)


(Start cutting path id: path806)
(Change tool to Default tool)

G00 Z5.000000
G00 X169.568000 Y57.498000

G01 Z-0.125000 F100.0(Penetrate)
G01 X169.696000 Y57.805000 Z-0.125000 F400.000000
G01 X170.002000 Y57.932000 Z-0.125000
G01 X170.309000 Y57.805000 Z-0.125000
G01 X170.436000 Y57.498000 Z-0.125000
G01 X170.309000 Y57.192000 Z-0.125000
G01 X170.002000 Y57.064000 Z-0.125000
G01 X169.696000 Y57.192000 Z-0.125000
G01 X169.568000 Y57.498000 Z-0.125000
G01 X169.568000 Y57.498000 Z-0.125000
G00 Z5.000000

(End cutting path id: path806)


(Start cutting path id: path806)
(Change tool to Default tool)

G00 Z5.000000
G00 X169.568000 Y59.234000

G01 Z-0.125000 F100.0(Penetrate)
G01 X169.696000 Y59.541000 Z-0.125000 F400.000000
G01 X170.002000 Y59.668000 Z-0.125000
G01 X170.309000 Y59.541000 Z-0.125000
G01 X170.436000 Y59.234000 Z-0.125000
G01 X170.309000 Y58.928000 Z-0.125000
G01 X170.002000 Y58.800000 Z-0.125000
G01 X169.696000 Y58.928000 Z-0.125000
G01 X169.568000 Y59.234000 Z-0.125000
G01 X169.568000 Y59.234000 Z-0.125000
G00 Z5.000000

(End cutting path id: path806)


(Start cutting path id: path806)
(Change tool to Default tool)

G00 Z5.000000
G00 X169.568000 Y60.536000

G01 Z-0.125000 F100.0(Penetrate)
G01 X169.696000 Y60.843000 Z-0.125000 F400.000000
G01 X170.002000 Y60.971000 Z-0.125000
G01 X170.309000 Y60.843000 Z-0.125000
G01 X170.436000 Y60.536000 Z-0.125000
G01 X170.309000 Y60.230000 Z-0.125000
G01 X170.002000 Y60.102000 Z-0.125000
G01 X169.696000 Y60.230000 Z-0.125000
G01 X169.568000 Y60.536000 Z-0.125000
G01 X169.568000 Y60.536000 Z-0.125000
G00 Z5.000000

(End cutting path id: path806)


(Start cutting path id: path806)
(Change tool to Default tool)

G00 Z5.000000
G00 X169.568000 Y62.273000

G01 Z-0.125000 F100.0(Penetrate)
G01 X169.696000 Y62.579000 Z-0.125000 F400.000000
G01 X170.002000 Y62.707000 Z-0.125000
G01 X170.309000 Y62.579000 Z-0.125000
G01 X170.436000 Y62.273000 Z-0.125000
G01 X170.309000 Y61.966000 Z-0.125000
G01 X170.002000 Y61.839000 Z-0.125000
G01 X169.696000 Y61.966000 Z-0.125000
G01 X169.568000 Y62.273000 Z-0.125000
G01 X169.568000 Y62.273000 Z-0.125000
G00 Z5.000000

(End cutting path id: path806)


(Start cutting path id: path806)
(Change tool to Default tool)

G00 Z5.000000
G00 X169.568000 Y63.575000

G01 Z-0.125000 F100.0(Penetrate)
G01 X169.696000 Y63.881000 Z-0.125000 F400.000000
G01 X170.002000 Y64.009000 Z-0.125000
G01 X170.309000 Y63.881000 Z-0.125000
G01 X170.436000 Y63.575000 Z-0.125000
G01 X170.309000 Y63.268000 Z-0.125000
G01 X170.002000 Y63.141000 Z-0.125000
G01 X169.696000 Y63.268000 Z-0.125000
G01 X169.568000 Y63.575000 Z-0.125000
G01 X169.568000 Y63.575000 Z-0.125000
G00 Z5.000000

(End cutting path id: path806)


(Start cutting path id: path806)
(Change tool to Default tool)

G00 Z5.000000
G00 X169.568000 Y64.877000

G01 Z-0.125000 F100.0(Penetrate)
G01 X169.696000 Y65.183000 Z-0.125000 F400.000000
G01 X170.002000 Y65.311000 Z-0.125000
G01 X170.309000 Y65.183000 Z-0.125000
G01 X170.436000 Y64.877000 Z-0.125000
G01 X170.309000 Y64.570000 Z-0.125000
G01 X170.002000 Y64.443000 Z-0.125000
G01 X169.696000 Y64.570000 Z-0.125000
G01 X169.568000 Y64.877000 Z-0.125000
G01 X169.568000 Y64.877000 Z-0.125000
G00 Z5.000000

(End cutting path id: path806)


(Start cutting path id: path806)
(Change tool to Default tool)

G00 Z5.000000
G00 X164.360000 Y65.528000

G01 Z-0.125000 F100.0(Penetrate)
G01 X164.360000 Y77.898000 Z-0.125000 F400.000000
G01 X162.189000 Y77.898000 Z-0.125000
G01 X160.489000 Y78.039000 Z-0.125000
G01 X160.128000 Y78.240000 Z-0.125000
G01 X160.019000 Y78.549000 Z-0.125000
G01 X160.128000 Y78.858000 Z-0.125000
G01 X160.489000 Y79.059000 Z-0.125000
G01 X162.189000 Y79.200000 Z-0.125000
G01 X163.722000 Y79.328000 Z-0.125000
G01 X164.188000 Y79.466000 Z-0.125000
G01 X164.360000 Y79.634000 Z-0.125000
G01 X164.136000 Y79.806000 Z-0.125000
G01 X163.519000 Y79.944000 Z-0.125000
G01 X161.430000 Y80.068000 Z-0.125000
G01 X158.500000 Y80.068000 Z-0.125000
G01 X158.500000 Y66.613000 Z-0.125000
G01 X158.500000 Y53.158000 Z-0.125000
G01 X161.430000 Y53.158000 Z-0.125000
G01 X164.360000 Y53.158000 Z-0.125000
G01 X164.360000 Y65.528000 Z-0.125000
G00 Z5.000000

(End cutting path id: path806)


(Start cutting path id: path806)
(Change tool to Default tool)

G00 Z5.000000
G00 X162.290000 Y65.311000

G01 Z-0.125000 F100.0(Penetrate)
G01 X162.490000 Y73.312000 Z-0.125000 F400.000000
G01 X162.649000 Y75.433000 Z-0.125000
G01 X162.840000 Y76.163000 Z-0.125000
G01 X163.032000 Y75.433000 Z-0.125000
G01 X163.191000 Y73.312000 Z-0.125000
G01 X163.390000 Y65.311000 Z-0.125000
G01 X163.373000 Y56.318000 Z-0.125000
G01 X163.187000 Y54.817000 Z-0.125000
G01 X163.036000 Y54.536000 Z-0.125000
G01 X162.840000 Y54.460000 Z-0.125000
G01 X162.645000 Y54.536000 Z-0.125000
G01 X162.494000 Y54.817000 Z-0.125000
G01 X162.308000 Y56.318000 Z-0.125000
G01 X162.290000 Y65.311000 Z-0.125000
G01 X162.290000 Y65.311000 Z-0.125000
G00 Z5.000000

(End cutting path id: path806)


(Start cutting path id: path806)
(Change tool to Default tool)

G00 Z5.000000
G00 X159.686000 Y65.311000

G01 Z-0.125000 F100.0(Penetrate)
G01 X159.886000 Y73.312000 Z-0.125000 F400.000000
G01 X160.045000 Y75.433000 Z-0.125000
G01 X160.236000 Y76.163000 Z-0.125000
G01 X160.428000 Y75.433000 Z-0.125000
G01 X160.587000 Y73.312000 Z-0.125000
G01 X160.786000 Y65.311000 Z-0.125000
G01 X160.768000 Y56.318000 Z-0.125000
G01 X160.583000 Y54.817000 Z-0.125000
G01 X160.432000 Y54.536000 Z-0.125000
G01 X160.236000 Y54.460000 Z-0.125000
G01 X160.041000 Y54.536000 Z-0.125000
G01 X159.890000 Y54.817000 Z-0.125000
G01 X159.704000 Y56.318000 Z-0.125000
G01 X159.686000 Y65.311000 Z-0.125000
G01 X159.686000 Y65.311000 Z-0.125000
G00 Z5.000000

(End cutting path id: path806)


(Start cutting path id: path806)
(Change tool to Default tool)

G00 Z5.000000
G00 X157.313000 Y66.070000

G01 Z-0.125000 F100.0(Penetrate)
G01 X157.288000 Y75.559000 Z-0.125000 F400.000000
G01 X157.172000 Y77.960000 Z-0.125000
G01 X156.988000 Y78.766000 Z-0.125000
G01 X156.676000 Y78.957000 Z-0.125000
G01 X156.547000 Y79.417000 Z-0.125000
G01 X156.674000 Y79.877000 Z-0.125000
G01 X156.981000 Y80.068000 Z-0.125000
G01 X157.288000 Y80.196000 Z-0.125000
G01 X157.415000 Y80.502000 Z-0.125000
G01 X157.198000 Y80.673000 Z-0.125000
G01 X156.601000 Y80.811000 Z-0.125000
G01 X154.594000 Y80.936000 Z-0.125000
G01 X152.586000 Y80.811000 Z-0.125000
G01 X151.990000 Y80.673000 Z-0.125000
G01 X151.773000 Y80.502000 Z-0.125000
G01 X151.912000 Y80.334000 Z-0.125000
G01 X152.293000 Y80.196000 Z-0.125000
G01 X153.545000 Y80.068000 Z-0.125000
G01 X154.793000 Y79.905000 Z-0.125000
G01 X155.086000 Y79.733000 Z-0.125000
G01 X155.162000 Y79.531000 Z-0.125000
G01 X155.025000 Y79.319000 Z-0.125000
G01 X154.678000 Y79.121000 Z-0.125000
G01 X153.367000 Y78.848000 Z-0.125000
G01 X151.773000 Y78.714000 Z-0.125000
G01 X151.773000 Y65.915000 Z-0.125000
G01 X151.773000 Y53.116000 Z-0.125000
G01 X154.485000 Y53.246000 Z-0.125000
G01 X157.198000 Y53.375000 Z-0.125000
G01 X157.313000 Y66.070000 Z-0.125000
G00 Z5.000000

(End cutting path id: path806)


(Start cutting path id: path806)
(Change tool to Default tool)

G00 Z5.000000
G00 X166.448000 Y78.196000

G01 Z-0.125000 F100.0(Penetrate)
G01 X166.928000 Y78.280000 Z-0.125000 F400.000000
G01 X167.280000 Y78.161000 Z-0.125000
G01 X167.221000 Y77.986000 Z-0.125000
G01 X166.711000 Y77.933000 Z-0.125000
G01 X166.260000 Y78.020000 Z-0.125000
G01 X166.448000 Y78.196000 Z-0.125000
G01 X166.448000 Y78.196000 Z-0.125000
G00 Z5.000000

(End cutting path id: path806)


(Start cutting path id: path806)
(Change tool to Default tool)

G00 Z5.000000
G00 X164.360000 Y83.324000

G01 Z-0.125000 F100.0(Penetrate)
G01 X164.360000 Y85.277000 Z-0.125000 F400.000000
G01 X161.584000 Y85.277000 Z-0.125000
G01 X158.808000 Y85.277000 Z-0.125000
G01 X158.641000 Y83.519000 Z-0.125000
G01 X158.579000 Y82.220000 Z-0.125000
G01 X158.667000 Y81.566000 Z-0.125000
G01 X161.611000 Y81.371000 Z-0.125000
G01 X164.360000 Y81.371000 Z-0.125000
G01 X164.360000 Y83.324000 Z-0.125000
G00 Z5.000000

(End cutting path id: path806)


(Start cutting path id: path806)
(Change tool to Default tool)

G00 Z5.000000
G00 X171.223000 Y84.067000

G01 Z-0.125000 F100.0(Penetrate)
G01 X171.102000 Y84.873000 Z-0.125000 F400.000000
G01 X170.764000 Y85.299000 Z-0.125000
G01 X169.944000 Y85.485000 Z-0.125000
G01 X168.374000 Y85.571000 Z-0.125000
G01 X165.662000 Y85.682000 Z-0.125000
G01 X165.662000 Y84.178000 Z-0.125000
G01 X165.662000 Y82.673000 Z-0.125000
G01 X168.511000 Y82.673000 Z-0.125000
G01 X171.359000 Y82.673000 Z-0.125000
G01 X171.223000 Y84.067000 Z-0.125000
G00 Z5.000000

(End cutting path id: path806)


(Start cutting path id: path806)
(Change tool to Default tool)

G00 Z5.000000
G00 X171.087000 Y87.014000

G01 Z-0.125000 F100.0(Penetrate)
G01 X171.007000 Y87.196000 Z-0.125000 F400.000000
G01 X170.531000 Y87.333000 Z-0.125000
G01 X168.509000 Y87.448000 Z-0.125000
G01 X166.482000 Y87.323000 Z-0.125000
G01 X165.880000 Y87.185000 Z-0.125000
G01 X165.662000 Y87.014000 Z-0.125000
G01 X165.864000 Y86.844000 Z-0.125000
G01 X166.415000 Y86.706000 Z-0.125000
G01 X168.240000 Y86.580000 Z-0.125000
G01 X170.140000 Y86.707000 Z-0.125000
G01 X171.087000 Y87.014000 Z-0.125000
G01 X171.087000 Y87.014000 Z-0.125000
G00 Z5.000000

(End cutting path id: path806)


(Start cutting path id: path806)
(Change tool to Default tool)

G00 Z5.000000
G00 X169.134000 Y89.401000

G01 Z-0.125000 F100.0(Penetrate)
G01 X168.943000 Y89.861000 Z-0.125000 F400.000000
G01 X168.483000 Y90.052000 Z-0.125000
G01 X168.023000 Y89.861000 Z-0.125000
G01 X167.832000 Y89.401000 Z-0.125000
G01 X168.023000 Y88.941000 Z-0.125000
G01 X168.483000 Y88.750000 Z-0.125000
G01 X168.943000 Y88.941000 Z-0.125000
G01 X169.134000 Y89.401000 Z-0.125000
G01 X169.134000 Y89.401000 Z-0.125000
G00 Z5.000000

(End cutting path id: path806)


(Start cutting path id: path806)
(Change tool to Default tool)

G00 Z5.000000
G00 X169.134000 Y91.545000

G01 Z-0.125000 F100.0(Penetrate)
G01 X169.000000 Y91.834000 Z-0.125000 F400.000000
G01 X168.687000 Y91.992000 Z-0.125000
G01 X168.327000 Y91.990000 Z-0.125000
G01 X168.053000 Y91.795000 Z-0.125000
G01 X168.060000 Y91.484000 Z-0.125000
G01 X168.457000 Y91.354000 Z-0.125000
G01 X168.935000 Y91.410000 Z-0.125000
G01 X169.134000 Y91.545000 Z-0.125000
G01 X169.134000 Y91.545000 Z-0.125000
G00 Z5.000000

(End cutting path id: path806)


(Start cutting path id: path806)
(Change tool to Default tool)

G00 Z5.000000
G00 X179.816000 Y92.375000

G01 Z-0.125000 F100.0(Penetrate)
G01 X178.032000 Y94.493000 Z-0.125000 F400.000000
G01 X177.758000 Y93.249000 Z-0.125000
G01 X177.549000 Y91.422000 Z-0.125000
G01 X177.432000 Y88.776000 Z-0.125000
G01 X177.381000 Y85.546000 Z-0.125000
G01 X179.490000 Y87.902000 Z-0.125000
G01 X181.600000 Y90.257000 Z-0.125000
G01 X179.816000 Y92.375000 Z-0.125000
G00 Z5.000000

(End cutting path id: path806)


(Start cutting path id: path806)
(Change tool to Default tool)

G00 Z5.000000
G00 X184.145000 Y92.765000

G01 Z-0.125000 F100.0(Penetrate)
G01 X185.863000 Y94.663000 Z-0.125000 F400.000000
G01 X186.314000 Y95.286000 Z-0.125000
G01 X186.509000 Y95.796000 Z-0.125000
G01 X186.459000 Y96.275000 Z-0.125000
G01 X186.177000 Y96.802000 Z-0.125000
G01 X184.961000 Y98.318000 Z-0.125000
G01 X183.479000 Y99.990000 Z-0.125000
G01 X182.645000 Y100.686000 Z-0.125000
G01 X181.809000 Y99.985000 Z-0.125000
G01 X180.320000 Y98.299000 Z-0.125000
G01 X178.368000 Y95.911000 Z-0.125000
G01 X180.314000 Y93.633000 Z-0.125000
G01 X181.776000 Y92.023000 Z-0.125000
G01 X182.557000 Y91.354000 Z-0.125000
G01 X183.146000 Y91.768000 Z-0.125000
G01 X184.145000 Y92.765000 Z-0.125000
G01 X184.145000 Y92.765000 Z-0.125000
G00 Z5.000000

(End cutting path id: path806)


(Start cutting path id: path806)
(Change tool to Default tool)

G00 Z5.000000
G00 X187.481000 Y91.899000

G01 Z-0.125000 F100.0(Penetrate)
G01 X187.147000 Y94.397000 Z-0.125000 F400.000000
G01 X185.304000 Y92.255000 Z-0.125000
G01 X183.461000 Y90.112000 Z-0.125000
G01 X185.521000 Y87.733000 Z-0.125000
G01 X187.581000 Y85.355000 Z-0.125000
G01 X187.698000 Y87.378000 Z-0.125000
G01 X187.682000 Y89.540000 Z-0.125000
G01 X187.481000 Y91.899000 Z-0.125000
G01 X187.481000 Y91.899000 Z-0.125000
G00 Z5.000000

(End cutting path id: path806)


(Start cutting path id: path806)
(Change tool to Default tool)

G00 Z5.000000
G00 X187.176000 Y100.681000

G01 Z-0.125000 F100.0(Penetrate)
G01 X186.989000 Y101.405000 Z-0.125000 F400.000000
G01 X186.713000 Y101.870000 Z-0.125000
G01 X186.281000 Y102.145000 Z-0.125000
G01 X185.627000 Y102.298000 Z-0.125000
G01 X184.407000 Y102.358000 Z-0.125000
G01 X184.085000 Y102.242000 Z-0.125000
G01 X183.955000 Y102.016000 Z-0.125000
G01 X184.262000 Y101.198000 Z-0.125000
G01 X185.320000 Y99.827000 Z-0.125000
G01 X186.512000 Y98.583000 Z-0.125000
G01 X186.911000 Y98.319000 Z-0.125000
G01 X187.187000 Y98.297000 Z-0.125000
G01 X187.346000 Y98.519000 Z-0.125000
G01 X187.393000 Y98.989000 Z-0.125000
G01 X187.176000 Y100.681000 Z-0.125000
G01 X187.176000 Y100.681000 Z-0.125000
G00 Z5.000000

(End cutting path id: path806)


(Start cutting path id: path806)
(Change tool to Default tool)

G00 Z5.000000
G00 X186.062000 Y103.941000

G01 Z-0.125000 F100.0(Penetrate)
G01 X185.802000 Y104.116000 Z-0.125000 F400.000000
G01 X185.079000 Y104.253000 Z-0.125000
G01 X182.564000 Y104.375000 Z-0.125000
G01 X180.052000 Y104.261000 Z-0.125000
G01 X179.454000 Y104.125000 Z-0.125000
G01 X179.334000 Y103.941000 Z-0.125000
G01 X180.472000 Y103.635000 Z-0.125000
G01 X182.832000 Y103.507000 Z-0.125000
G01 X185.146000 Y103.630000 Z-0.125000
G01 X185.819000 Y103.768000 Z-0.125000
G01 X186.062000 Y103.941000 Z-0.125000
G01 X186.062000 Y103.941000 Z-0.125000
G00 Z5.000000

(End cutting path id: path806)


(Start cutting path id: path806)
(Change tool to Default tool)

G00 Z5.000000
G00 X185.924000 Y106.828000

G01 Z-0.125000 F100.0(Penetrate)
G01 X185.715000 Y109.832000 Z-0.125000 F400.000000
G01 X185.628000 Y116.637300 Z-0.125000
G01 X185.740000 Y124.137500 Z-0.125000
G01 X185.907000 Y125.613700 Z-0.125000
G01 X186.025000 Y125.913000 Z-0.125000
G01 X186.170000 Y125.969400 Z-0.125000
G01 X186.432000 Y125.412500 Z-0.125000
G01 X186.619000 Y123.798600 Z-0.125000
G01 X186.830000 Y116.523400 Z-0.125000
G01 X186.849000 Y111.315000 Z-0.125000
G01 X186.726000 Y108.187000 Z-0.125000
G01 X186.428000 Y106.803000 Z-0.125000
G01 X186.204000 Y106.661000 Z-0.125000
G01 X185.924000 Y106.828000 Z-0.125000
G01 X185.924000 Y106.828000 Z-0.125000
G00 Z5.000000

(End cutting path id: path806)


(Start cutting path id: path806)
(Change tool to Default tool)

G00 Z5.000000
G00 X180.888000 Y101.011000

G01 Z-0.125000 F100.0(Penetrate)
G01 X181.780000 Y102.205000 Z-0.125000 F400.000000
G01 X179.798000 Y102.205000 Z-0.125000
G01 X177.815000 Y102.205000 Z-0.125000
G01 X177.816000 Y99.709000 Z-0.125000
G01 X177.817000 Y97.213000 Z-0.125000
G01 X178.905000 Y98.516000 Z-0.125000
G01 X180.885000 Y101.011000 Z-0.125000
G01 X180.888000 Y101.011000 Z-0.125000
G00 Z5.000000

(End cutting path id: path806)


(Start cutting path id: path806)
(Change tool to Default tool)

G00 Z5.000000
G00 X178.683000 Y116.094700

G01 Z-0.125000 F100.0(Penetrate)
G01 X178.799000 Y123.943600 Z-0.125000 F400.000000
G01 X178.996000 Y125.304500 Z-0.125000
G01 X179.145000 Y125.569500 Z-0.125000
G01 X179.334000 Y125.643600 Z-0.125000
G01 X179.522000 Y125.569500 Z-0.125000
G01 X179.672000 Y125.304500 Z-0.125000
G01 X179.869000 Y123.943600 Z-0.125000
G01 X179.985000 Y116.094700 Z-0.125000
G01 X179.869000 Y108.246000 Z-0.125000
G01 X179.672000 Y106.885000 Z-0.125000
G01 X179.522000 Y106.620000 Z-0.125000
G01 X179.334000 Y106.546000 Z-0.125000
G01 X179.145000 Y106.620000 Z-0.125000
G01 X178.996000 Y106.885000 Z-0.125000
G01 X178.799000 Y108.246000 Z-0.125000
G01 X178.683000 Y116.094700 Z-0.125000
G01 X178.683000 Y116.094700 Z-0.125000
G00 Z5.000000

(End cutting path id: path806)


(Start cutting path id: path806)
(Change tool to Default tool)

G00 Z5.000000
G00 X154.811000 Y91.788000

G01 Z-0.125000 F100.0(Penetrate)
G01 X154.619000 Y92.222000 Z-0.125000 F400.000000
G01 X154.160000 Y91.788000 Z-0.125000
G01 X154.105000 Y91.481000 Z-0.125000
G01 X154.351000 Y91.354000 Z-0.125000
G01 X154.676000 Y91.481000 Z-0.125000
G01 X154.811000 Y91.788000 Z-0.125000
G01 X154.811000 Y91.788000 Z-0.125000
G00 Z5.000000

(End cutting path id: path806)


(Start cutting path id: path806)
(Change tool to Default tool)

G00 Z5.000000
G00 X155.245000 Y89.401000

G01 Z-0.125000 F100.0(Penetrate)
G01 X155.054000 Y89.861000 Z-0.125000 F400.000000
G01 X154.594000 Y90.052000 Z-0.125000
G01 X154.134000 Y89.861000 Z-0.125000
G01 X153.943000 Y89.401000 Z-0.125000
G01 X154.134000 Y88.941000 Z-0.125000
G01 X154.594000 Y88.750000 Z-0.125000
G01 X155.054000 Y88.941000 Z-0.125000
G01 X155.245000 Y89.401000 Z-0.125000
G01 X155.245000 Y89.401000 Z-0.125000
G00 Z5.000000

(End cutting path id: path806)


(Start cutting path id: path806)
(Change tool to Default tool)

G00 Z5.000000
G00 X157.198000 Y87.014000

G01 Z-0.125000 F100.0(Penetrate)
G01 X157.117000 Y87.196000 Z-0.125000 F400.000000
G01 X156.642000 Y87.333000 Z-0.125000
G01 X154.619000 Y87.448000 Z-0.125000
G01 X152.593000 Y87.323000 Z-0.125000
G01 X151.991000 Y87.185000 Z-0.125000
G01 X151.773000 Y87.014000 Z-0.125000
G01 X151.974000 Y86.844000 Z-0.125000
G01 X152.526000 Y86.706000 Z-0.125000
G01 X154.351000 Y86.580000 Z-0.125000
G01 X156.251000 Y86.707000 Z-0.125000
G01 X157.198000 Y87.014000 Z-0.125000
G01 X157.198000 Y87.014000 Z-0.125000
G00 Z5.000000

(End cutting path id: path806)


(Start cutting path id: path806)
(Change tool to Default tool)

G00 Z5.000000
G00 X157.333000 Y83.867000

G01 Z-0.125000 F100.0(Penetrate)
G01 X157.198000 Y85.494000 Z-0.125000 F400.000000
G01 X154.485000 Y85.536000 Z-0.125000
G01 X151.773000 Y85.577000 Z-0.125000
G01 X151.773000 Y83.908000 Z-0.125000
G01 X151.773000 Y82.239000 Z-0.125000
G01 X154.620000 Y82.239000 Z-0.125000
G01 X157.467000 Y82.239000 Z-0.125000
G01 X157.333000 Y83.867000 Z-0.125000
G00 Z5.000000

(End cutting path id: path806)


(Start cutting path id: path806)
(Change tool to Default tool)

G00 Z5.000000
G00 X179.480000 Y75.254000

G01 Z-0.125000 F100.0(Penetrate)
G01 X181.710000 Y77.817000 Z-0.125000 F400.000000
G01 X179.697000 Y80.056000 Z-0.125000
G01 X178.054000 Y81.666000 Z-0.125000
G01 X177.597000 Y81.873000 Z-0.125000
G01 X177.322000 Y81.725000 Z-0.125000
G01 X177.097000 Y80.087000 Z-0.125000
G01 X176.960000 Y77.006000 Z-0.125000
G01 X176.948000 Y74.027000 Z-0.125000
G01 X177.099000 Y72.690000 Z-0.125000
G01 X179.480000 Y75.254000 Z-0.125000
G01 X179.480000 Y75.254000 Z-0.125000
G00 Z5.000000

(End cutting path id: path806)


(Start cutting path id: path806)
(Change tool to Default tool)

G00 Z5.000000
G00 X185.068000 Y81.393000

G01 Z-0.125000 F100.0(Penetrate)
G01 X187.326000 Y83.803000 Z-0.125000 F400.000000
G01 X185.066000 Y86.463000 Z-0.125000
G01 X183.350000 Y88.311000 Z-0.125000
G01 X182.397000 Y89.018000 Z-0.125000
G01 X181.479000 Y88.221000 Z-0.125000
G01 X179.845000 Y86.456000 Z-0.125000
G01 X177.702000 Y84.001000 Z-0.125000
G01 X180.037000 Y81.414000 Z-0.125000
G01 X181.750000 Y79.610000 Z-0.125000
G01 X182.591000 Y78.905000 Z-0.125000
G01 X185.068000 Y81.393000 Z-0.125000
G01 X185.068000 Y81.393000 Z-0.125000
G00 Z5.000000

(End cutting path id: path806)


(Start cutting path id: path806)
(Change tool to Default tool)

G00 Z5.000000
G00 X171.197000 Y51.530000

G01 Z-0.125000 F100.0(Penetrate)
G01 X170.937000 Y51.766000 Z-0.125000 F400.000000
G01 X170.349000 Y51.962000 Z-0.125000
G01 X168.340000 Y52.202000 Z-0.125000
G01 X166.182000 Y52.176000 Z-0.125000
G01 X165.773000 Y51.990000 Z-0.125000
G01 X165.662000 Y51.659000 Z-0.125000
G01 X165.786000 Y51.327000 Z-0.125000
G01 X166.232000 Y51.122000 Z-0.125000
G01 X168.519000 Y50.988000 Z-0.125000
G01 X170.692000 Y51.110000 Z-0.125000
G01 X171.129000 Y51.278000 Z-0.125000
G01 X171.197000 Y51.530000 Z-0.125000
G01 X171.197000 Y51.530000 Z-0.125000
G00 Z5.000000

(End cutting path id: path806)


(Start cutting path id: path806)
(Change tool to Default tool)

G00 Z5.000000
G00 X169.677000 Y49.565000

G01 Z-0.125000 F100.0(Penetrate)
G01 X166.855000 Y49.565000 Z-0.125000 F400.000000
G01 X166.530000 Y49.497000 Z-0.125000
G01 X166.688000 Y49.442000 Z-0.125000
G01 X168.266000 Y49.390000 Z-0.125000
G01 X169.844000 Y49.442000 Z-0.125000
G01 X170.002000 Y49.497000 Z-0.125000
G01 X169.677000 Y49.565000 Z-0.125000
G01 X169.677000 Y49.565000 Z-0.125000
G00 Z5.000000

(End cutting path id: path806)


(Start cutting path id: path806)
(Change tool to Default tool)

G00 Z5.000000
G00 X164.360000 Y51.205000

G01 Z-0.125000 F100.0(Penetrate)
G01 X164.231000 Y51.522000 Z-0.125000 F400.000000
G01 X163.781000 Y51.722000 Z-0.125000
G01 X161.538000 Y51.856000 Z-0.125000
G01 X159.296000 Y51.722000 Z-0.125000
G01 X158.846000 Y51.522000 Z-0.125000
G01 X158.717000 Y51.205000 Z-0.125000
G01 X158.846000 Y50.887000 Z-0.125000
G01 X159.296000 Y50.687000 Z-0.125000
G01 X161.538000 Y50.554000 Z-0.125000
G01 X163.781000 Y50.687000 Z-0.125000
G01 X164.231000 Y50.887000 Z-0.125000
G01 X164.360000 Y51.205000 Z-0.125000
G01 X164.360000 Y51.205000 Z-0.125000
G00 Z5.000000

(End cutting path id: path806)


(Start cutting path id: path806)
(Change tool to Default tool)

G00 Z5.000000
G00 X153.362000 Y16.003000

G01 Z-0.125000 F100.0(Penetrate)
G01 X143.588000 Y16.003000 Z-0.125000 F400.000000
G01 X143.588000 Y19.573000 Z-0.125000
G01 X143.647000 Y20.152000 Z-0.125000
G01 X143.847000 Y20.768000 Z-0.125000
G01 X144.189000 Y21.347000 Z-0.125000
G01 X144.701000 Y21.829000 Z-0.125000
G01 X145.399000 Y22.170000 Z-0.125000
G01 X146.289000 Y22.297000 Z-0.125000
G01 X150.638000 Y22.297000 Z-0.125000
G01 X151.217000 Y22.490000 Z-0.125000
G01 X151.410000 Y23.068000 Z-0.125000
G01 X151.410000 Y23.922000 Z-0.125000
G01 X151.217000 Y24.516000 Z-0.125000
G01 X150.653000 Y24.716000 Z-0.125000
G01 X144.456000 Y24.716000 Z-0.125000
G01 X144.456000 Y26.646000 Z-0.125000
G01 X150.653000 Y26.646000 Z-0.125000
G01 X151.536000 Y26.520000 Z-0.125000
G01 X152.227000 Y26.178000 Z-0.125000
G01 X152.746000 Y25.696000 Z-0.125000
G01 X153.095000 Y25.117000 Z-0.125000
G01 X153.295000 Y24.508000 Z-0.125000
G01 X153.362000 Y23.937000 Z-0.125000
G01 X153.362000 Y23.068000 Z-0.125000
G01 X153.293000 Y22.376000 Z-0.125000
G01 X153.087000 Y21.799000 Z-0.125000
G01 X152.412000 Y20.961000 Z-0.125000
G01 X151.529000 Y20.493000 Z-0.125000
G01 X150.653000 Y20.352000 Z-0.125000
G01 X146.289000 Y20.352000 Z-0.125000
G01 X145.911000 Y20.285000 Z-0.125000
G01 X145.688000 Y20.107000 Z-0.125000
G01 X145.577000 Y19.855000 Z-0.125000
G01 X145.517000 Y19.573000 Z-0.125000
G01 X145.517000 Y17.933000 Z-0.125000
G01 X153.362000 Y17.933000 Z-0.125000
G01 X153.362000 Y16.003000 Z-0.125000
G00 Z5.000000

(End cutting path id: path806)


(Start cutting path id: path806)
(Change tool to Default tool)

G00 Z5.000000
G00 X103.160000 Y41.439000

G01 Z-0.125000 F100.0(Penetrate)
G01 X103.310000 Y42.069000 Z-0.125000 F400.000000
G01 X103.482000 Y42.204000 Z-0.125000
G01 X103.703000 Y42.199000 Z-0.125000
G01 X104.086000 Y41.901000 Z-0.125000
G01 X104.245000 Y41.439000 Z-0.125000
G01 X104.086000 Y40.978000 Z-0.125000
G01 X103.703000 Y40.680000 Z-0.125000
G01 X103.482000 Y40.675000 Z-0.125000
G01 X103.310000 Y40.810000 Z-0.125000
G01 X103.160000 Y41.439000 Z-0.125000
G01 X103.160000 Y41.439000 Z-0.125000
G00 Z5.000000

(End cutting path id: path806)


(Start cutting path id: path806)
(Change tool to Default tool)

G00 Z5.000000
G00 X101.424000 Y41.439000

G01 Z-0.125000 F100.0(Penetrate)
G01 X101.552000 Y42.053000 Z-0.125000 F400.000000
G01 X101.858000 Y42.308000 Z-0.125000
G01 X102.165000 Y42.053000 Z-0.125000
G01 X102.292000 Y41.439000 Z-0.125000
G01 X102.165000 Y40.826000 Z-0.125000
G01 X101.858000 Y40.571000 Z-0.125000
G01 X101.552000 Y40.826000 Z-0.125000
G01 X101.424000 Y41.439000 Z-0.125000
G01 X101.424000 Y41.439000 Z-0.125000
G00 Z5.000000

(End cutting path id: path806)


(Start cutting path id: path806)
(Change tool to Default tool)

G00 Z5.000000
G00 X93.177300 Y43.392000

G01 Z-0.125000 F100.0(Penetrate)
G01 X93.116300 Y44.009000 Z-0.125000 F400.000000
G01 X92.743300 Y44.332000 Z-0.125000
G01 X91.773500 Y44.457000 Z-0.125000
G01 X89.922000 Y44.477000 Z-0.125000
G01 X88.070600 Y44.457000 Z-0.125000
G01 X87.100800 Y44.332000 Z-0.125000
G01 X86.727800 Y44.009000 Z-0.125000
G01 X86.666700 Y43.392000 Z-0.125000
G01 X86.727800 Y42.775000 Z-0.125000
G01 X87.100700 Y42.451000 Z-0.125000
G01 X88.070600 Y42.327000 Z-0.125000
G01 X89.922000 Y42.307000 Z-0.125000
G01 X91.773500 Y42.327000 Z-0.125000
G01 X92.743300 Y42.451000 Z-0.125000
G01 X93.116300 Y42.775000 Z-0.125000
G01 X93.177300 Y43.392000 Z-0.125000
G01 X93.177300 Y43.392000 Z-0.125000
G00 Z5.000000

(End cutting path id: path806)


(Start cutting path id: path806)
(Change tool to Default tool)

G00 Z5.000000
G00 X93.084500 Y49.864000

G01 Z-0.125000 F100.0(Penetrate)
G01 X93.063200 Y53.260000 Z-0.125000 F400.000000
G01 X92.878500 Y53.869000 Z-0.125000
G01 X92.542000 Y54.026000 Z-0.125000
G01 X92.071100 Y54.217000 Z-0.125000
G01 X91.875200 Y54.677000 Z-0.125000
G01 X92.066500 Y55.137000 Z-0.125000
G01 X92.526300 Y55.328000 Z-0.125000
G01 X92.798900 Y55.403000 Z-0.125000
G01 X93.003700 Y55.617000 Z-0.125000
G01 X93.177300 Y56.413000 Z-0.125000
G01 X93.003700 Y57.209000 Z-0.125000
G01 X92.798900 Y57.424000 Z-0.125000
G01 X92.526300 Y57.498000 Z-0.125000
G01 X92.066500 Y57.630000 Z-0.125000
G01 X91.875200 Y57.946000 Z-0.125000
G01 X92.066500 Y58.335000 Z-0.125000
G01 X92.526300 Y58.643000 Z-0.125000
G01 X92.827000 Y58.891000 Z-0.125000
G01 X93.028700 Y59.392000 Z-0.125000
G01 X93.177300 Y61.328000 Z-0.125000
G01 X93.177300 Y63.762000 Z-0.125000
G01 X90.791700 Y61.406000 Z-0.125000
G01 X89.018100 Y59.452000 Z-0.125000
G01 X88.841900 Y58.970000 Z-0.125000
G01 X89.055500 Y58.687000 Z-0.125000
G01 X89.614700 Y58.236000 Z-0.125000
G01 X89.633500 Y57.857000 Z-0.125000
G01 X89.145900 Y57.596000 Z-0.125000
G01 X88.185900 Y57.498000 Z-0.125000
G01 X87.387000 Y57.462000 Z-0.125000
G01 X86.927200 Y57.312000 Z-0.125000
G01 X86.716900 Y56.984000 Z-0.125000
G01 X86.666700 Y56.413000 Z-0.125000
G01 X86.716900 Y55.842000 Z-0.125000
G01 X86.927200 Y55.514000 Z-0.125000
G01 X87.387000 Y55.364000 Z-0.125000
G01 X88.185900 Y55.328000 Z-0.125000
G01 X89.343300 Y55.173000 Z-0.125000
G01 X89.616800 Y54.971000 Z-0.125000
G01 X89.705000 Y54.677000 Z-0.125000
G01 X89.616800 Y54.383000 Z-0.125000
G01 X89.343300 Y54.181000 Z-0.125000
G01 X88.185900 Y54.026000 Z-0.125000
G01 X86.965100 Y53.855000 Z-0.125000
G01 X86.731100 Y53.590000 Z-0.125000
G01 X86.666700 Y53.158000 Z-0.125000
G01 X86.741300 Y52.705000 Z-0.125000
G01 X87.046500 Y52.442000 Z-0.125000
G01 X88.836900 Y52.290000 Z-0.125000
G01 X90.536900 Y52.149000 Z-0.125000
G01 X90.898600 Y51.948000 Z-0.125000
G01 X91.007100 Y51.639000 Z-0.125000
G01 X90.898600 Y51.329000 Z-0.125000
G01 X90.536900 Y51.129000 Z-0.125000
G01 X88.836900 Y50.988000 Z-0.125000
G01 X87.643300 Y50.960000 Z-0.125000
G01 X86.992300 Y50.825000 Z-0.125000
G01 X86.721000 Y50.499000 Z-0.125000
G01 X86.666700 Y49.903000 Z-0.125000
G01 X86.725000 Y49.292000 Z-0.125000
G01 X87.057300 Y48.968000 Z-0.125000
G01 X87.899600 Y48.840000 Z-0.125000
G01 X89.488000 Y48.817000 Z-0.125000
G01 X91.730500 Y48.684000 Z-0.125000
G01 X92.180400 Y48.484000 Z-0.125000
G01 X92.309200 Y48.166000 Z-0.125000
G01 X92.180400 Y47.849000 Z-0.125000
G01 X91.730500 Y47.649000 Z-0.125000
G01 X89.488000 Y47.515000 Z-0.125000
G01 X87.935000 Y47.491000 Z-0.125000
G01 X87.088700 Y47.369000 Z-0.125000
G01 X86.736700 Y47.076000 Z-0.125000
G01 X86.666400 Y46.539000 Z-0.125000
G01 X86.736800 Y45.996000 Z-0.125000
G01 X87.116600 Y45.712000 Z-0.125000
G01 X88.058000 Y45.615000 Z-0.125000
G01 X89.813200 Y45.632000 Z-0.125000
G01 X92.960300 Y45.701000 Z-0.125000
G01 X93.084500 Y49.864000 Z-0.125000
G00 Z5.000000

(End cutting path id: path806)


(Start cutting path id: path806)
(Change tool to Default tool)

G00 Z5.000000
G00 X87.496300 Y18.660000

G01 Z-0.125000 F100.0(Penetrate)
G01 X87.355300 Y17.792000 Z-0.125000 F400.000000
G01 X86.895200 Y16.931000 Z-0.125000
G01 X86.071400 Y16.270000 Z-0.125000
G01 X85.511000 Y16.070000 Z-0.125000
G01 X84.839400 Y16.003000 Z-0.125000
G01 X81.358600 Y16.003000 Z-0.125000
G01 X80.490200 Y16.144000 Z-0.125000
G01 X79.629300 Y16.597000 Z-0.125000
G01 X78.968800 Y17.421000 Z-0.125000
G01 X78.768400 Y17.986000 Z-0.125000
G01 X78.701600 Y18.660000 Z-0.125000
G01 X78.842600 Y19.528000 Z-0.125000
G01 X79.295300 Y20.389000 Z-0.125000
G01 X80.119100 Y21.057000 Z-0.125000
G01 X80.685100 Y21.258000 Z-0.125000
G01 X81.358600 Y21.324000 Z-0.125000
G01 X84.839400 Y21.324000 Z-0.125000
G01 X84.839400 Y19.484000 Z-0.125000
G01 X81.358600 Y19.484000 Z-0.125000
G01 X80.750000 Y19.239000 Z-0.125000
G01 X80.534800 Y18.645000 Z-0.125000
G01 X80.779700 Y18.051000 Z-0.125000
G01 X81.373400 Y17.844000 Z-0.125000
G01 X84.839400 Y17.844000 Z-0.125000
G01 X85.447900 Y18.081000 Z-0.125000
G01 X85.663200 Y18.675000 Z-0.125000
G01 X85.663200 Y21.369000 Z-0.125000
G01 X85.425700 Y21.970000 Z-0.125000
G01 X84.839400 Y22.193000 Z-0.125000
G01 X80.601600 Y22.193000 Z-0.125000
G01 X80.601600 Y24.026000 Z-0.125000
G01 X84.839400 Y24.026000 Z-0.125000
G01 X85.700300 Y23.885000 Z-0.125000
G01 X86.561200 Y23.425000 Z-0.125000
G01 X87.229200 Y22.601000 Z-0.125000
G01 X87.429500 Y22.041000 Z-0.125000
G01 X87.496300 Y21.369000 Z-0.125000
G01 X87.496300 Y18.660000 Z-0.125000
G00 Z5.000000

(End cutting path id: path806)


(Start cutting path id: path806)
(Change tool to Default tool)

G00 Z5.000000
G00 X222.045000 Y92.035000

G01 Z-0.125000 F100.0(Penetrate)
G01 X221.725000 Y91.754000 Z-0.125000 F400.000000
G01 X221.545000 Y91.384000 Z-0.125000
G01 X221.516000 Y90.974000 Z-0.125000
G01 X221.652000 Y90.570000 Z-0.125000
G01 X221.934000 Y90.250000 Z-0.125000
G01 X222.303000 Y90.070000 Z-0.125000
G01 X222.714000 Y90.041000 Z-0.125000
G01 X223.118000 Y90.176000 Z-0.125000
G01 X223.437000 Y90.459000 Z-0.125000
G01 X223.618000 Y90.828000 Z-0.125000
G01 X223.646000 Y91.239000 Z-0.125000
G01 X223.511000 Y91.643000 Z-0.125000
G01 X223.229000 Y91.962000 Z-0.125000
G01 X222.859000 Y92.143000 Z-0.125000
G01 X222.449000 Y92.171000 Z-0.125000
G01 X222.045000 Y92.035000 Z-0.125000
G01 X222.045000 Y92.035000 Z-0.125000
G00 Z5.000000

(End cutting path id: path806)


(Start cutting path id: path806)
(Change tool to Default tool)

G00 Z5.000000
G00 X223.118000 Y97.318000

G01 Z-0.125000 F100.0(Penetrate)
G01 X222.714000 Y97.453000 Z-0.125000 F400.000000
G01 X222.303000 Y97.425000 Z-0.125000
G01 X221.934000 Y97.244000 Z-0.125000
G01 X221.652000 Y96.925000 Z-0.125000
G01 X221.516000 Y96.521000 Z-0.125000
G01 X221.545000 Y96.110000 Z-0.125000
G01 X221.725000 Y95.741000 Z-0.125000
G01 X222.045000 Y95.460000 Z-0.125000
G01 X222.449000 Y95.323000 Z-0.125000
G01 X222.859000 Y95.352000 Z-0.125000
G01 X223.229000 Y95.532000 Z-0.125000
G01 X223.511000 Y95.852000 Z-0.125000
G01 X223.646000 Y96.256000 Z-0.125000
G01 X223.618000 Y96.666000 Z-0.125000
G01 X223.437000 Y97.036000 Z-0.125000
G01 X223.118000 Y97.318000 Z-0.125000
G01 X223.118000 Y97.318000 Z-0.125000
G00 Z5.000000

(End cutting path id: path806)


(Start cutting path id: path806)
(Change tool to Default tool)

G00 Z5.000000
G00 X227.156000 Y97.956000

G01 Z-0.125000 F100.0(Penetrate)
G01 X227.573000 Y98.041000 Z-0.125000 F400.000000
G01 X227.914000 Y98.270000 Z-0.125000
G01 X228.144000 Y98.612000 Z-0.125000
G01 X228.229000 Y99.029000 Z-0.125000
G01 X228.144000 Y99.447000 Z-0.125000
G01 X227.914000 Y99.788000 Z-0.125000
G01 X227.573000 Y100.018000 Z-0.125000
G01 X227.156000 Y100.102000 Z-0.125000
G01 X226.738000 Y100.018000 Z-0.125000
G01 X226.397000 Y99.788000 Z-0.125000
G01 X226.167000 Y99.447000 Z-0.125000
G01 X226.082000 Y99.029000 Z-0.125000
G01 X226.167000 Y98.611000 Z-0.125000
G01 X226.397000 Y98.270000 Z-0.125000
G01 X226.738000 Y98.041000 Z-0.125000
G01 X227.156000 Y97.956000 Z-0.125000
G01 X227.156000 Y97.956000 Z-0.125000
G00 Z5.000000

(End cutting path id: path806)


(Start cutting path id: path806)
(Change tool to Default tool)

G00 Z5.000000
G00 X227.156000 Y95.728000

G01 Z-0.125000 F100.0(Penetrate)
G01 X226.385000 Y95.572000 Z-0.125000 F400.000000
G01 X225.755000 Y95.148000 Z-0.125000
G01 X225.330000 Y94.518000 Z-0.125000
G01 X225.175000 Y93.747000 Z-0.125000
G01 X225.330000 Y92.976000 Z-0.125000
G01 X225.755000 Y92.346000 Z-0.125000
G01 X226.385000 Y91.922000 Z-0.125000
G01 X227.156000 Y91.766000 Z-0.125000
G01 X227.927000 Y91.922000 Z-0.125000
G01 X228.556000 Y92.346000 Z-0.125000
G01 X228.981000 Y92.976000 Z-0.125000
G01 X229.137000 Y93.747000 Z-0.125000
G01 X228.981000 Y94.518000 Z-0.125000
G01 X228.556000 Y95.148000 Z-0.125000
G01 X227.927000 Y95.572000 Z-0.125000
G01 X227.156000 Y95.728000 Z-0.125000
G01 X227.156000 Y95.728000 Z-0.125000
G00 Z5.000000

(End cutting path id: path806)


(Start cutting path id: path806)
(Change tool to Default tool)

G00 Z5.000000
G00 X231.194000 Y97.318000

G01 Z-0.125000 F100.0(Penetrate)
G01 X230.874000 Y97.036000 Z-0.125000 F400.000000
G01 X230.694000 Y96.666000 Z-0.125000
G01 X230.665000 Y96.256000 Z-0.125000
G01 X230.801000 Y95.852000 Z-0.125000
G01 X231.083000 Y95.533000 Z-0.125000
G01 X231.453000 Y95.352000 Z-0.125000
G01 X231.863000 Y95.323000 Z-0.125000
G01 X232.267000 Y95.460000 Z-0.125000
G01 X232.586000 Y95.741000 Z-0.125000
G01 X232.767000 Y96.110000 Z-0.125000
G01 X232.795000 Y96.521000 Z-0.125000
G01 X232.660000 Y96.925000 Z-0.125000
G01 X232.378000 Y97.244000 Z-0.125000
G01 X232.008000 Y97.425000 Z-0.125000
G01 X231.598000 Y97.453000 Z-0.125000
G01 X231.194000 Y97.318000 Z-0.125000
G01 X231.194000 Y97.318000 Z-0.125000
G00 Z5.000000

(End cutting path id: path806)


(Start cutting path id: path806)
(Change tool to Default tool)

G00 Z5.000000
G00 X234.106000 Y96.867000

G01 Z-0.125000 F100.0(Penetrate)
G01 X234.098000 Y96.870000 Z-0.125000 F400.000000
G01 X234.082000 Y96.874000 Z-0.125000
G01 X233.885000 Y96.839000 Z-0.125000
G01 X233.710000 Y96.445000 Z-0.125000
G01 X233.467000 Y95.436000 Z-0.125000
G01 X233.153000 Y95.009000 Z-0.125000
G01 X232.720000 Y94.672000 Z-0.125000
G01 X231.923000 Y94.416000 Z-0.125000
G01 X231.119000 Y94.503000 Z-0.125000
G01 X230.777000 Y94.456000 Z-0.125000
G01 X230.580000 Y94.230000 Z-0.125000
G01 X230.457000 Y93.752000 Z-0.125000
G01 X230.457000 Y93.754000 Z-0.125000
G01 X230.457000 Y93.746000 Z-0.125000
G01 X230.457000 Y93.739000 Z-0.125000
G01 X230.458000 Y93.741000 Z-0.125000
G01 X230.583000 Y93.258000 Z-0.125000
G01 X230.783000 Y93.033000 Z-0.125000
G01 X231.124000 Y92.991000 Z-0.125000
G01 X231.141000 Y92.995000 Z-0.125000
G01 X231.145000 Y92.997000 Z-0.125000
G01 X231.937000 Y93.075000 Z-0.125000
G01 X232.720000 Y92.820000 Z-0.125000
G01 X233.151000 Y92.484000 Z-0.125000
G01 X233.465000 Y92.059000 Z-0.125000
G01 X233.710000 Y91.054000 Z-0.125000
G01 X233.795000 Y90.752000 Z-0.125000
G01 X233.929000 Y90.631000 Z-0.125000
G01 X234.106000 Y90.627000 Z-0.125000
G01 X234.105000 Y90.625000 Z-0.125000
G01 X234.506000 Y90.647000 Z-0.125000
G01 X234.899000 Y90.513000 Z-0.125000
G01 X235.219000 Y90.232000 Z-0.125000
G01 X235.399000 Y89.862000 Z-0.125000
G01 X235.427000 Y89.451000 Z-0.125000
G01 X235.292000 Y89.047000 Z-0.125000
G01 X235.010000 Y88.728000 Z-0.125000
G01 X234.640000 Y88.548000 Z-0.125000
G01 X234.230000 Y88.519000 Z-0.125000
G01 X233.826000 Y88.655000 Z-0.125000
G01 X233.513000 Y88.929000 Z-0.125000
G01 X233.333000 Y89.287000 Z-0.125000
G01 X233.332000 Y89.286000 Z-0.125000
G01 X233.330000 Y89.294000 Z-0.125000
G01 X233.326000 Y89.310000 Z-0.125000
G01 X233.198000 Y89.463000 Z-0.125000
G01 X232.769000 Y89.418000 Z-0.125000
G01 X231.774000 Y89.124000 Z-0.125000
G01 X231.247000 Y89.182000 Z-0.125000
G01 X230.739000 Y89.389000 Z-0.125000
G01 X230.119000 Y89.951000 Z-0.125000
G01 X229.793000 Y90.691000 Z-0.125000
G01 X229.580000 Y90.964000 Z-0.125000
G01 X229.287000 Y91.022000 Z-0.125000
G01 X228.811000 Y90.889000 Z-0.125000
G01 X228.811000 Y90.891000 Z-0.125000
G01 X228.800000 Y90.883000 Z-0.125000
G01 X228.802000 Y90.883000 Z-0.125000
G01 X228.446000 Y90.533000 Z-0.125000
G01 X228.352000 Y90.247000 Z-0.125000
G01 X228.486000 Y89.931000 Z-0.125000
G01 X228.499000 Y89.919000 Z-0.125000
G01 X228.502000 Y89.916000 Z-0.125000
G01 X228.965000 Y89.269000 Z-0.125000
G01 X229.136000 Y88.464000 Z-0.125000
G01 X229.061000 Y87.923000 Z-0.125000
G01 X228.850000 Y87.438000 Z-0.125000
G01 X228.101000 Y86.724000 Z-0.125000
G01 X227.883000 Y86.499000 Z-0.125000
G01 X227.845000 Y86.322000 Z-0.125000
G01 X227.929000 Y86.166000 Z-0.125000
G01 X227.927000 Y86.166000 Z-0.125000
G01 X228.148000 Y85.831000 Z-0.125000
G01 X228.228000 Y85.423000 Z-0.125000
G01 X228.144000 Y85.005000 Z-0.125000
G01 X227.914000 Y84.665000 Z-0.125000
G01 X227.573000 Y84.435000 Z-0.125000
G01 X227.155000 Y84.351000 Z-0.125000
G01 X226.738000 Y84.435000 Z-0.125000
G01 X226.397000 Y84.665000 Z-0.125000
G01 X226.167000 Y85.006000 Z-0.125000
G01 X226.083000 Y85.423000 Z-0.125000
G01 X226.163000 Y85.831000 Z-0.125000
G01 X226.383000 Y86.166000 Z-0.125000
G01 X226.389000 Y86.172000 Z-0.125000
G01 X226.399000 Y86.183000 Z-0.125000
G01 X226.468000 Y86.371000 Z-0.125000
G01 X226.214000 Y86.720000 Z-0.125000
G01 X225.462000 Y87.435000 Z-0.125000
G01 X225.250000 Y87.921000 Z-0.125000
G01 X225.174000 Y88.465000 Z-0.125000
G01 X225.351000 Y89.282000 Z-0.125000
G01 X225.829000 Y89.935000 Z-0.125000
G01 X225.959000 Y90.255000 Z-0.125000
G01 X225.862000 Y90.538000 Z-0.125000
G01 X225.509000 Y90.884000 Z-0.125000
G01 X225.510000 Y90.884000 Z-0.125000
G01 X225.499000 Y90.892000 Z-0.125000
G01 X225.500000 Y90.890000 Z-0.125000
G01 X225.018000 Y91.022000 Z-0.125000
G01 X224.724000 Y90.960000 Z-0.125000
G01 X224.517000 Y90.686000 Z-0.125000
G01 X224.513000 Y90.669000 Z-0.125000
G01 X224.512000 Y90.664000 Z-0.125000
G01 X224.183000 Y89.940000 Z-0.125000
G01 X223.571000 Y89.389000 Z-0.125000
G01 X223.065000 Y89.183000 Z-0.125000
G01 X222.540000 Y89.124000 Z-0.125000
G01 X221.547000 Y89.416000 Z-0.125000
G01 X221.243000 Y89.492000 Z-0.125000
G01 X221.071000 Y89.437000 Z-0.125000
G01 X220.978000 Y89.286000 Z-0.125000
G01 X220.977000 Y89.288000 Z-0.125000
G01 X220.797000 Y88.929000 Z-0.125000
G01 X220.485000 Y88.656000 Z-0.125000
G01 X220.081000 Y88.520000 Z-0.125000
G01 X219.670000 Y88.548000 Z-0.125000
G01 X219.300000 Y88.728000 Z-0.125000
G01 X219.019000 Y89.048000 Z-0.125000
G01 X218.883000 Y89.452000 Z-0.125000
G01 X218.912000 Y89.863000 Z-0.125000
G01 X219.092000 Y90.232000 Z-0.125000
G01 X219.411000 Y90.514000 Z-0.125000
G01 X219.945000 Y90.657000 Z-0.125000
G01 X220.205000 Y90.625000 Z-0.125000
G01 X220.216000 Y90.621000 Z-0.125000
G01 X220.227000 Y90.619000 Z-0.125000
G01 X220.424000 Y90.652000 Z-0.125000
G01 X220.601000 Y91.048000 Z-0.125000
G01 X220.844000 Y92.056000 Z-0.125000
G01 X221.158000 Y92.483000 Z-0.125000
G01 X221.590000 Y92.821000 Z-0.125000
G01 X222.387000 Y93.076000 Z-0.125000
G01 X223.191000 Y92.989000 Z-0.125000
G01 X223.533000 Y93.036000 Z-0.125000
G01 X223.730000 Y93.262000 Z-0.125000
G01 X223.853000 Y93.741000 Z-0.125000
G01 X223.854000 Y93.739000 Z-0.125000
G01 X223.854000 Y93.746000 Z-0.125000
G01 X223.854000 Y93.754000 Z-0.125000
G01 X223.853000 Y93.752000 Z-0.125000
G01 X223.728000 Y94.235000 Z-0.125000
G01 X223.527000 Y94.460000 Z-0.125000
G01 X223.186000 Y94.501000 Z-0.125000
G01 X223.170000 Y94.497000 Z-0.125000
G01 X223.165000 Y94.495000 Z-0.125000
G01 X222.373000 Y94.418000 Z-0.125000
G01 X221.590000 Y94.673000 Z-0.125000
G01 X221.159000 Y95.008000 Z-0.125000
G01 X220.845000 Y95.433000 Z-0.125000
G01 X220.600000 Y96.438000 Z-0.125000
G01 X220.515000 Y96.741000 Z-0.125000
G01 X220.381000 Y96.862000 Z-0.125000
G01 X220.204000 Y96.867000 Z-0.125000
G01 X220.205000 Y96.868000 Z-0.125000
G01 X219.805000 Y96.845000 Z-0.125000
G01 X219.411000 Y96.979000 Z-0.125000
G01 X219.092000 Y97.261000 Z-0.125000
G01 X218.911000 Y97.630000 Z-0.125000
G01 X218.883000 Y98.041000 Z-0.125000
G01 X219.019000 Y98.445000 Z-0.125000
G01 X219.300000 Y98.764000 Z-0.125000
G01 X219.670000 Y98.944000 Z-0.125000
G01 X220.080000 Y98.973000 Z-0.125000
G01 X220.484000 Y98.838000 Z-0.125000
G01 X220.797000 Y98.564000 Z-0.125000
G01 X220.977000 Y98.205000 Z-0.125000
G01 X220.978000 Y98.206000 Z-0.125000
G01 X220.980000 Y98.194000 Z-0.125000
G01 X220.983000 Y98.183000 Z-0.125000
G01 X221.110000 Y98.030000 Z-0.125000
G01 X221.541000 Y98.075000 Z-0.125000
G01 X222.536000 Y98.369000 Z-0.125000
G01 X223.062000 Y98.310000 Z-0.125000
G01 X223.570000 Y98.104000 Z-0.125000
G01 X224.191000 Y97.541000 Z-0.125000
G01 X224.517000 Y96.802000 Z-0.125000
G01 X224.729000 Y96.529000 Z-0.125000
G01 X225.023000 Y96.471000 Z-0.125000
G01 X225.499000 Y96.604000 Z-0.125000
G01 X225.498000 Y96.602000 Z-0.125000
G01 X225.510000 Y96.609000 Z-0.125000
G01 X225.508000 Y96.609000 Z-0.125000
G01 X225.864000 Y96.960000 Z-0.125000
G01 X225.958000 Y97.245000 Z-0.125000
G01 X225.825000 Y97.562000 Z-0.125000
G01 X225.811000 Y97.574000 Z-0.125000
G01 X225.807000 Y97.578000 Z-0.125000
G01 X225.345000 Y98.225000 Z-0.125000
G01 X225.174000 Y99.030000 Z-0.125000
G01 X225.249000 Y99.571000 Z-0.125000
G01 X225.460000 Y100.055000 Z-0.125000
G01 X226.208000 Y100.770000 Z-0.125000
G01 X226.427000 Y100.994000 Z-0.125000
G01 X226.465000 Y101.171000 Z-0.125000
G01 X226.380000 Y101.326000 Z-0.125000
G01 X226.382000 Y101.326000 Z-0.125000
G01 X226.162000 Y101.662000 Z-0.125000
G01 X226.081000 Y102.071000 Z-0.125000
G01 X226.166000 Y102.488000 Z-0.125000
G01 X226.396000 Y102.829000 Z-0.125000
G01 X226.737000 Y103.059000 Z-0.125000
G01 X227.154000 Y103.143000 Z-0.125000
G01 X227.572000 Y103.059000 Z-0.125000
G01 X227.913000 Y102.829000 Z-0.125000
G01 X228.143000 Y102.488000 Z-0.125000
G01 X228.228000 Y102.071000 Z-0.125000
G01 X228.147000 Y101.662000 Z-0.125000
G01 X227.927000 Y101.326000 Z-0.125000
G01 X227.928000 Y101.326000 Z-0.125000
G01 X227.918000 Y101.318000 Z-0.125000
G01 X227.913000 Y101.312000 Z-0.125000
G01 X227.841000 Y101.127000 Z-0.125000
G01 X228.095000 Y100.772000 Z-0.125000
G01 X228.847000 Y100.058000 Z-0.125000
G01 X229.060000 Y99.573000 Z-0.125000
G01 X229.135000 Y99.029000 Z-0.125000
G01 X228.959000 Y98.212000 Z-0.125000
G01 X228.482000 Y97.559000 Z-0.125000
G01 X228.351000 Y97.239000 Z-0.125000
G01 X228.447000 Y96.956000 Z-0.125000
G01 X228.800000 Y96.609000 Z-0.125000
G01 X228.800000 Y96.609000 Z-0.125000
G01 X228.813000 Y96.602000 Z-0.125000
G01 X228.812000 Y96.604000 Z-0.125000
G01 X229.292000 Y96.471000 Z-0.125000
G01 X229.586000 Y96.531000 Z-0.125000
G01 X229.794000 Y96.806000 Z-0.125000
G01 X229.799000 Y96.825000 Z-0.125000
G01 X229.800000 Y96.828000 Z-0.125000
G01 X230.128000 Y97.552000 Z-0.125000
G01 X230.740000 Y98.102000 Z-0.125000
G01 X231.247000 Y98.308000 Z-0.125000
G01 X231.772000 Y98.367000 Z-0.125000
G01 X232.764000 Y98.077000 Z-0.125000
G01 X233.068000 Y98.000000 Z-0.125000
G01 X233.240000 Y98.056000 Z-0.125000
G01 X233.333000 Y98.206000 Z-0.125000
G01 X233.334000 Y98.204000 Z-0.125000
G01 X233.514000 Y98.563000 Z-0.125000
G01 X233.827000 Y98.837000 Z-0.125000
G01 X234.230000 Y98.973000 Z-0.125000
G01 X234.641000 Y98.944000 Z-0.125000
G01 X235.011000 Y98.763000 Z-0.125000
G01 X235.293000 Y98.444000 Z-0.125000
G01 X235.428000 Y98.040000 Z-0.125000
G01 X235.400000 Y97.630000 Z-0.125000
G01 X235.219000 Y97.260000 Z-0.125000
G01 X234.900000 Y96.979000 Z-0.125000
G01 X234.506000 Y96.844000 Z-0.125000
G01 X234.106000 Y96.867000 Z-0.125000
G01 X234.106000 Y96.867000 Z-0.125000
G00 Z5.000000

(End cutting path id: path806)


(Start cutting path id: path806)
(Change tool to Default tool)

G00 Z5.000000
G00 X231.194000 Y90.176000

G01 Z-0.125000 F100.0(Penetrate)
G01 X231.598000 Y90.041000 Z-0.125000 F400.000000
G01 X232.008000 Y90.070000 Z-0.125000
G01 X232.378000 Y90.250000 Z-0.125000
G01 X232.660000 Y90.570000 Z-0.125000
G01 X232.795000 Y90.973000 Z-0.125000
G01 X232.767000 Y91.384000 Z-0.125000
G01 X232.586000 Y91.754000 Z-0.125000
G01 X232.267000 Y92.035000 Z-0.125000
G01 X231.863000 Y92.171000 Z-0.125000
G01 X231.453000 Y92.143000 Z-0.125000
G01 X231.083000 Y91.962000 Z-0.125000
G01 X230.801000 Y91.643000 Z-0.125000
G01 X230.665000 Y91.239000 Z-0.125000
G01 X230.694000 Y90.828000 Z-0.125000
G01 X230.874000 Y90.459000 Z-0.125000
G01 X231.194000 Y90.176000 Z-0.125000
G01 X231.194000 Y90.176000 Z-0.125000
G00 Z5.000000

(End cutting path id: path806)


(Start cutting path id: path806)
(Change tool to Default tool)

G00 Z5.000000
G00 X227.156000 Y89.538000

G01 Z-0.125000 F100.0(Penetrate)
G01 X226.738000 Y89.454000 Z-0.125000 F400.000000
G01 X226.397000 Y89.224000 Z-0.125000
G01 X226.167000 Y88.883000 Z-0.125000
G01 X226.083000 Y88.466000 Z-0.125000
G01 X226.167000 Y88.048000 Z-0.125000
G01 X226.397000 Y87.707000 Z-0.125000
G01 X226.738000 Y87.477000 Z-0.125000
G01 X227.156000 Y87.393000 Z-0.125000
G01 X227.573000 Y87.477000 Z-0.125000
G01 X227.914000 Y87.707000 Z-0.125000
G01 X228.144000 Y88.048000 Z-0.125000
G01 X228.229000 Y88.466000 Z-0.125000
G01 X228.144000 Y88.883000 Z-0.125000
G01 X227.914000 Y89.224000 Z-0.125000
G01 X227.573000 Y89.454000 Z-0.125000
G01 X227.156000 Y89.538000 Z-0.125000
G01 X227.156000 Y89.538000 Z-0.125000
G00 Z5.000000

(End cutting path id: path806)


(Start cutting path id: path806)
(Change tool to Default tool)

G00 Z5.000000
G00 X241.142000 Y84.696000

G01 Z-0.125000 F100.0(Penetrate)
G01 X241.142000 Y87.895000 Z-0.125000 F400.000000
G01 X240.987000 Y88.274000 Z-0.125000
G01 X240.609000 Y88.429000 Z-0.125000
G01 X240.230000 Y88.274000 Z-0.125000
G01 X240.075000 Y87.895000 Z-0.125000
G01 X240.075000 Y84.696000 Z-0.125000
G01 X240.230000 Y84.317000 Z-0.125000
G01 X240.609000 Y84.162000 Z-0.125000
G01 X240.987000 Y84.317000 Z-0.125000
G01 X241.142000 Y84.696000 Z-0.125000
G01 X241.142000 Y84.696000 Z-0.125000
G00 Z5.000000

(End cutting path id: path806)


(Start cutting path id: path806)
(Change tool to Default tool)

G00 Z5.000000
G00 X242.209000 Y84.696000

G01 Z-0.125000 F100.0(Penetrate)
G01 X242.091000 Y84.082000 Z-0.125000 F400.000000
G01 X241.739000 Y83.565000 Z-0.125000
G01 X241.222000 Y83.213000 Z-0.125000
G01 X240.609000 Y83.096000 Z-0.125000
G01 X239.995000 Y83.213000 Z-0.125000
G01 X239.478000 Y83.565000 Z-0.125000
G01 X239.126000 Y84.082000 Z-0.125000
G01 X239.009000 Y84.696000 Z-0.125000
G01 X239.009000 Y87.895000 Z-0.125000
G01 X239.126000 Y88.509000 Z-0.125000
G01 X239.478000 Y89.026000 Z-0.125000
G01 X239.996000 Y89.378000 Z-0.125000
G01 X240.609000 Y89.496000 Z-0.125000
G01 X241.222000 Y89.378000 Z-0.125000
G01 X241.739000 Y89.026000 Z-0.125000
G01 X242.091000 Y88.509000 Z-0.125000
G01 X242.209000 Y87.895000 Z-0.125000
G01 X242.209000 Y84.696000 Z-0.125000
G00 Z5.000000

(End cutting path id: path806)


(Start cutting path id: path806)
(Change tool to Default tool)

G00 Z5.000000
G00 X246.198000 Y83.096000

G01 Z-0.125000 F100.0(Penetrate)
G01 X245.131000 Y83.096000 Z-0.125000 F400.000000
G01 X244.214000 Y85.847000 Z-0.125000
G01 X244.107000 Y86.040000 Z-0.125000
G01 X244.065000 Y85.858000 Z-0.125000
G01 X244.065000 Y83.096000 Z-0.125000
G01 X242.998000 Y83.096000 Z-0.125000
G01 X242.998000 Y89.496000 Z-0.125000
G01 X244.065000 Y89.496000 Z-0.125000
G01 X245.003000 Y86.690000 Z-0.125000
G01 X245.089000 Y86.551000 Z-0.125000
G01 X245.131000 Y86.711000 Z-0.125000
G01 X245.131000 Y89.496000 Z-0.125000
G01 X246.198000 Y89.496000 Z-0.125000
G01 X246.198000 Y83.096000 Z-0.125000
G00 Z5.000000

(End cutting path id: path806)


(Start cutting path id: path806)
(Change tool to Default tool)

G00 Z5.000000
G00 X250.187000 Y88.429000

G01 Z-0.125000 F100.0(Penetrate)
G01 X248.321000 Y88.429000 Z-0.125000 F400.000000
G01 X248.120000 Y88.362000 Z-0.125000
G01 X248.054000 Y88.162000 Z-0.125000
G01 X248.054000 Y87.096000 Z-0.125000
G01 X248.120000 Y86.896000 Z-0.125000
G01 X248.321000 Y86.829000 Z-0.125000
G01 X249.654000 Y86.829000 Z-0.125000
G01 X249.654000 Y85.762000 Z-0.125000
G01 X248.321000 Y85.762000 Z-0.125000
G01 X248.120000 Y85.696000 Z-0.125000
G01 X248.054000 Y85.496000 Z-0.125000
G01 X248.054000 Y84.429000 Z-0.125000
G01 X248.120000 Y84.229000 Z-0.125000
G01 X248.321000 Y84.162000 Z-0.125000
G01 X250.187000 Y84.162000 Z-0.125000
G01 X250.187000 Y83.096000 Z-0.125000
G01 X247.521000 Y83.096000 Z-0.125000
G01 X247.142000 Y83.250000 Z-0.125000
G01 X246.987000 Y83.629000 Z-0.125000
G01 X246.987000 Y88.962000 Z-0.125000
G01 X247.142000 Y89.341000 Z-0.125000
G01 X247.521000 Y89.496000 Z-0.125000
G01 X250.187000 Y89.496000 Z-0.125000
G01 X250.187000 Y88.429000 Z-0.125000
G00 Z5.000000

(End cutting path id: path806)


(Start cutting path id: path806)
(Change tool to Default tool)

G00 Z5.000000
G00 X249.482000 Y90.524000

G01 Z-0.125000 F100.0(Penetrate)
G01 X248.416000 Y90.524000 Z-0.125000 F400.000000
G01 X248.416000 Y92.924000 Z-0.125000
G01 X248.349000 Y93.124000 Z-0.125000
G01 X248.149000 Y93.191000 Z-0.125000
G01 X247.616000 Y93.191000 Z-0.125000
G01 X247.416000 Y93.124000 Z-0.125000
G01 X247.349000 Y92.924000 Z-0.125000
G01 X247.349000 Y90.524000 Z-0.125000
G01 X246.283000 Y90.524000 Z-0.125000
G01 X246.283000 Y95.324000 Z-0.125000
G01 X246.400000 Y95.937000 Z-0.125000
G01 X246.752000 Y96.455000 Z-0.125000
G01 X247.269000 Y96.807000 Z-0.125000
G01 X247.882000 Y96.924000 Z-0.125000
G01 X248.496000 Y96.807000 Z-0.125000
G01 X249.013000 Y96.455000 Z-0.125000
G01 X249.365000 Y95.937000 Z-0.125000
G01 X249.482000 Y95.324000 Z-0.125000
G01 X249.482000 Y90.524000 Z-0.125000
G01 X249.482000 Y90.524000 Z-0.125000
G00 Z5.000000

(End cutting path id: path806)


(Start cutting path id: path806)
(Change tool to Default tool)

G00 Z5.000000
G00 X248.416000 Y94.524000

G01 Z-0.125000 F100.0(Penetrate)
G01 X248.416000 Y95.324000 Z-0.125000 F400.000000
G01 X248.261000 Y95.703000 Z-0.125000
G01 X247.883000 Y95.857000 Z-0.125000
G01 X247.504000 Y95.703000 Z-0.125000
G01 X247.349000 Y95.324000 Z-0.125000
G01 X247.349000 Y94.524000 Z-0.125000
G01 X247.416000 Y94.324000 Z-0.125000
G01 X247.616000 Y94.257000 Z-0.125000
G01 X248.149000 Y94.257000 Z-0.125000
G01 X248.349000 Y94.324000 Z-0.125000
G01 X248.416000 Y94.524000 Z-0.125000
G01 X248.416000 Y94.524000 Z-0.125000
G00 Z5.000000

(End cutting path id: path806)


(Start cutting path id: path806)
(Change tool to Default tool)

G00 Z5.000000
G00 X245.795000 Y95.857000

G01 Z-0.125000 F100.0(Penetrate)
G01 X244.995000 Y95.857000 Z-0.125000 F400.000000
G01 X244.795000 Y95.791000 Z-0.125000
G01 X244.729000 Y95.591000 Z-0.125000
G01 X244.729000 Y90.524000 Z-0.125000
G01 X243.662000 Y90.524000 Z-0.125000
G01 X243.662000 Y95.591000 Z-0.125000
G01 X243.595000 Y95.791000 Z-0.125000
G01 X243.395000 Y95.857000 Z-0.125000
G01 X242.595000 Y95.857000 Z-0.125000
G01 X242.595000 Y96.924000 Z-0.125000
G01 X245.796000 Y96.924000 Z-0.125000
G01 X245.796000 Y95.857000 Z-0.125000
G01 X245.795000 Y95.857000 Z-0.125000
G00 Z5.000000

(End cutting path id: path806)


(Start cutting path id: path806)
(Change tool to Default tool)

G00 Z5.000000
G00 X245.896000 Y99.553000

G01 Z-0.125000 F100.0(Penetrate)
G01 X245.779000 Y98.939000 Z-0.125000 F400.000000
G01 X245.427000 Y98.422000 Z-0.125000
G01 X244.909000 Y98.070000 Z-0.125000
G01 X244.296000 Y97.953000 Z-0.125000
G01 X243.683000 Y98.070000 Z-0.125000
G01 X243.165000 Y98.422000 Z-0.125000
G01 X242.814000 Y98.939000 Z-0.125000
G01 X242.696000 Y99.553000 Z-0.125000
G01 X242.696000 Y104.353000 Z-0.125000
G01 X243.763000 Y104.353000 Z-0.125000
G01 X243.763000 Y99.553000 Z-0.125000
G01 X243.917000 Y99.174000 Z-0.125000
G01 X244.296000 Y99.019000 Z-0.125000
G01 X244.675000 Y99.174000 Z-0.125000
G01 X244.830000 Y99.553000 Z-0.125000
G01 X244.830000 Y104.353000 Z-0.125000
G01 X245.896000 Y104.353000 Z-0.125000
G01 X245.896000 Y99.553000 Z-0.125000
G01 X245.896000 Y99.553000 Z-0.125000
G00 Z5.000000

(End cutting path id: path806)


(Start cutting path id: path806)
(Change tool to Default tool)

G00 Z5.000000
G00 X242.209000 Y102.219000

G01 Z-0.125000 F100.0(Penetrate)
G01 X242.091000 Y101.606000 Z-0.125000 F400.000000
G01 X241.739000 Y101.089000 Z-0.125000
G01 X241.222000 Y100.737000 Z-0.125000
G01 X240.609000 Y100.619000 Z-0.125000
G01 X240.342000 Y100.619000 Z-0.125000
G01 X240.142000 Y100.553000 Z-0.125000
G01 X240.075000 Y100.353000 Z-0.125000
G01 X240.075000 Y97.953000 Z-0.125000
G01 X239.009000 Y97.953000 Z-0.125000
G01 X239.009000 Y103.819000 Z-0.125000
G01 X239.164000 Y104.198000 Z-0.125000
G01 X239.542000 Y104.353000 Z-0.125000
G01 X240.609000 Y104.353000 Z-0.125000
G01 X241.222000 Y104.235000 Z-0.125000
G01 X241.739000 Y103.883000 Z-0.125000
G01 X242.092000 Y103.366000 Z-0.125000
G01 X242.209000 Y102.753000 Z-0.125000
G01 X242.209000 Y102.219000 Z-0.125000
G01 X242.209000 Y102.219000 Z-0.125000
G00 Z5.000000

(End cutting path id: path806)


(Start cutting path id: path806)
(Change tool to Default tool)

G00 Z5.000000
G00 X241.142000 Y102.219000

G01 Z-0.125000 F100.0(Penetrate)
G01 X241.142000 Y102.753000 Z-0.125000 F400.000000
G01 X240.987000 Y103.131000 Z-0.125000
G01 X240.609000 Y103.286000 Z-0.125000
G01 X240.342000 Y103.286000 Z-0.125000
G01 X240.142000 Y103.219000 Z-0.125000
G01 X240.075000 Y103.019000 Z-0.125000
G01 X240.075000 Y101.953000 Z-0.125000
G01 X240.142000 Y101.753000 Z-0.125000
G01 X240.342000 Y101.686000 Z-0.125000
G01 X240.609000 Y101.686000 Z-0.125000
G01 X240.987000 Y101.841000 Z-0.125000
G01 X241.142000 Y102.219000 Z-0.125000
G01 X241.142000 Y102.219000 Z-0.125000
G00 Z5.000000

(End cutting path id: path806)


(Start cutting path id: path806)
(Change tool to Default tool)

G00 Z5.000000
G00 X237.246000 Y104.315000

G01 Z-0.125000 F100.0(Penetrate)
G01 X217.065000 Y104.315000 Z-0.125000 F400.000000
G01 X216.711000 Y104.168000 Z-0.125000
G01 X216.565000 Y103.815000 Z-0.125000
G01 X216.565000 Y83.633000 Z-0.125000
G01 X216.711000 Y83.280000 Z-0.125000
G01 X217.065000 Y83.133000 Z-0.125000
G01 X237.247000 Y83.133000 Z-0.125000
G01 X237.600000 Y83.280000 Z-0.125000
G01 X237.746000 Y83.633000 Z-0.125000
G01 X237.746000 Y103.815000 Z-0.125000
G01 X237.600000 Y104.168000 Z-0.125000
G01 X237.246000 Y104.315000 Z-0.125000
G01 X237.246000 Y104.315000 Z-0.125000
G00 Z5.000000

(End cutting path id: path806)


(Start cutting path id: path806)
(Change tool to Default tool)

G00 Z5.000000
G00 X239.268000 Y107.477000

G01 Z-0.125000 F100.0(Penetrate)
G01 X239.220000 Y107.137000 Z-0.125000 F400.000000
G01 X239.094000 Y106.874000 Z-0.125000
G01 X238.912000 Y106.680000 Z-0.125000
G01 X238.693000 Y106.551000 Z-0.125000
G01 X238.462000 Y106.475000 Z-0.125000
G01 X238.243000 Y106.452000 Z-0.125000
G01 X236.926000 Y106.452000 Z-0.125000
G01 X236.590000 Y106.500000 Z-0.125000
G01 X236.326000 Y106.626000 Z-0.125000
G01 X236.132000 Y106.812000 Z-0.125000
G01 X236.003000 Y107.028000 Z-0.125000
G01 X235.927000 Y107.258000 Z-0.125000
G01 X235.904000 Y107.477000 Z-0.125000
G01 X235.904000 Y108.465000 Z-0.125000
G01 X236.006000 Y108.940000 Z-0.125000
G01 X236.261000 Y109.257000 Z-0.125000
G01 X236.595000 Y109.434000 Z-0.125000
G01 X236.926000 Y109.487000 Z-0.125000
G01 X238.243000 Y109.487000 Z-0.125000
G01 X238.243000 Y108.757000 Z-0.125000
G01 X236.932000 Y108.757000 Z-0.125000
G01 X236.710000 Y108.682000 Z-0.125000
G01 X236.634000 Y108.465000 Z-0.125000
G01 X236.634000 Y107.483000 Z-0.125000
G01 X236.707000 Y107.258000 Z-0.125000
G01 X236.926000 Y107.182000 Z-0.125000
G01 X238.243000 Y107.182000 Z-0.125000
G01 X238.465000 Y107.258000 Z-0.125000
G01 X238.538000 Y107.477000 Z-0.125000
G01 X238.538000 Y110.771000 Z-0.125000
G01 X239.268000 Y110.771000 Z-0.125000
G01 X239.268000 Y107.477000 Z-0.125000
G00 Z5.000000

(End cutting path id: path806)


(Start cutting path id: path806)
(Change tool to Default tool)

G00 Z5.000000
G00 X235.451000 Y108.482000

G01 Z-0.125000 F100.0(Penetrate)
G01 X235.398000 Y108.154000 Z-0.125000 F400.000000
G01 X235.224000 Y107.828000 Z-0.125000
G01 X234.912000 Y107.578000 Z-0.125000
G01 X234.446000 Y107.477000 Z-0.125000
G01 X233.129000 Y107.477000 Z-0.125000
G01 X233.129000 Y108.171000 Z-0.125000
G01 X234.446000 Y108.171000 Z-0.125000
G01 X234.676000 Y108.261000 Z-0.125000
G01 X234.758000 Y108.488000 Z-0.125000
G01 X234.665000 Y108.713000 Z-0.125000
G01 X234.446000 Y108.794000 Z-0.125000
G01 X233.129000 Y108.794000 Z-0.125000
G01 X232.899000 Y108.701000 Z-0.125000
G01 X232.817000 Y108.477000 Z-0.125000
G01 X232.817000 Y107.458000 Z-0.125000
G01 X232.907000 Y107.230000 Z-0.125000
G01 X233.135000 Y107.149000 Z-0.125000
G01 X234.446000 Y107.149000 Z-0.125000
G01 X234.446000 Y106.452000 Z-0.125000
G01 X233.129000 Y106.452000 Z-0.125000
G01 X232.801000 Y106.506000 Z-0.125000
G01 X232.475000 Y106.677000 Z-0.125000
G01 X232.225000 Y106.989000 Z-0.125000
G01 X232.124000 Y107.458000 Z-0.125000
G01 X232.124000 Y108.482000 Z-0.125000
G01 X232.177000 Y108.808000 Z-0.125000
G01 X232.349000 Y109.134000 Z-0.125000
G01 X232.660000 Y109.386000 Z-0.125000
G01 X233.129000 Y109.488000 Z-0.125000
G01 X234.446000 Y109.488000 Z-0.125000
G01 X234.772000 Y109.434000 Z-0.125000
G01 X235.097000 Y109.260000 Z-0.125000
G01 X235.350000 Y108.948000 Z-0.125000
G01 X235.451000 Y108.482000 Z-0.125000
G01 X235.451000 Y108.482000 Z-0.125000
G00 Z5.000000

(End cutting path id: path806)


(Start cutting path id: path806)
(Change tool to Default tool)

G00 Z5.000000
G00 X231.721000 Y108.758000

G01 Z-0.125000 F100.0(Penetrate)
G01 X230.446000 Y108.758000 Z-0.125000 F400.000000
G01 X230.446000 Y106.452000 Z-0.125000
G01 X229.708000 Y106.452000 Z-0.125000
G01 X229.708000 Y108.758000 Z-0.125000
G01 X228.759000 Y108.758000 Z-0.125000
G01 X228.759000 Y109.488000 Z-0.125000
G01 X229.708000 Y109.488000 Z-0.125000
G01 X229.708000 Y110.479000 Z-0.125000
G01 X230.446000 Y110.479000 Z-0.125000
G01 X230.446000 Y109.488000 Z-0.125000
G01 X231.721000 Y109.488000 Z-0.125000
G01 X231.721000 Y108.758000 Z-0.125000
G00 Z5.000000

(End cutting path id: path806)


(Start cutting path id: path806)
(Change tool to Default tool)

G00 Z5.000000
G00 X228.505000 Y107.477000

G01 Z-0.125000 F100.0(Penetrate)
G01 X228.457000 Y107.137000 Z-0.125000 F400.000000
G01 X228.331000 Y106.874000 Z-0.125000
G01 X228.148000 Y106.680000 Z-0.125000
G01 X227.929000 Y106.551000 Z-0.125000
G01 X227.699000 Y106.475000 Z-0.125000
G01 X227.480000 Y106.452000 Z-0.125000
G01 X225.503000 Y106.452000 Z-0.125000
G01 X225.503000 Y107.182000 Z-0.125000
G01 X227.474000 Y107.182000 Z-0.125000
G01 X227.699000 Y107.258000 Z-0.125000
G01 X227.775000 Y107.477000 Z-0.125000
G01 X227.694000 Y107.696000 Z-0.125000
G01 X227.480000 Y107.769000 Z-0.125000
G01 X226.349000 Y107.769000 Z-0.125000
G01 X225.939000 Y107.853000 Z-0.125000
G01 X225.663000 Y108.064000 Z-0.125000
G01 X225.512000 Y108.336000 Z-0.125000
G01 X225.467000 Y108.609000 Z-0.125000
G01 X225.554000 Y109.019000 Z-0.125000
G01 X225.773000 Y109.291000 Z-0.125000
G01 X226.059000 Y109.440000 Z-0.125000
G01 X226.349000 Y109.487000 Z-0.125000
G01 X228.143000 Y109.487000 Z-0.125000
G01 X228.143000 Y108.757000 Z-0.125000
G01 X226.354000 Y108.757000 Z-0.125000
G01 X226.264000 Y108.743000 Z-0.125000
G01 X226.217000 Y108.710000 Z-0.125000
G01 X226.200000 Y108.665000 Z-0.125000
G01 X226.197000 Y108.620000 Z-0.125000
G01 X226.214000 Y108.550000 Z-0.125000
G01 X226.247000 Y108.513000 Z-0.125000
G01 X226.295000 Y108.499000 Z-0.125000
G01 X226.348000 Y108.499000 Z-0.125000
G01 X227.480000 Y108.499000 Z-0.125000
G01 X227.957000 Y108.398000 Z-0.125000
G01 X228.275000 Y108.143000 Z-0.125000
G01 X228.449000 Y107.811000 Z-0.125000
G01 X228.505000 Y107.477000 Z-0.125000
G01 X228.505000 Y107.477000 Z-0.125000
G00 Z5.000000

(End cutting path id: path806)


(Start cutting path id: path806)
(Change tool to Default tool)

G00 Z5.000000
G00 X224.955000 Y107.477000

G01 Z-0.125000 F100.0(Penetrate)
G01 X224.907000 Y107.137000 Z-0.125000 F400.000000
G01 X224.781000 Y106.874000 Z-0.125000
G01 X224.598000 Y106.680000 Z-0.125000
G01 X224.379000 Y106.551000 Z-0.125000
G01 X224.149000 Y106.475000 Z-0.125000
G01 X223.930000 Y106.452000 Z-0.125000
G01 X222.613000 Y106.452000 Z-0.125000
G01 X222.282000 Y106.506000 Z-0.125000
G01 X221.947000 Y106.680000 Z-0.125000
G01 X221.692000 Y106.997000 Z-0.125000
G01 X221.591000 Y107.477000 Z-0.125000
G01 X221.591000 Y108.465000 Z-0.125000
G01 X221.692000 Y108.940000 Z-0.125000
G01 X221.947000 Y109.257000 Z-0.125000
G01 X222.282000 Y109.434000 Z-0.125000
G01 X222.613000 Y109.487000 Z-0.125000
G01 X223.930000 Y109.487000 Z-0.125000
G01 X224.407000 Y109.386000 Z-0.125000
G01 X224.724000 Y109.131000 Z-0.125000
G01 X224.898000 Y108.800000 Z-0.125000
G01 X224.955000 Y108.465000 Z-0.125000
G01 X224.955000 Y107.477000 Z-0.125000
G00 Z5.000000

(End cutting path id: path806)


(Start cutting path id: path806)
(Change tool to Default tool)

G00 Z5.000000
G00 X224.225000 Y108.460000

G01 Z-0.125000 F100.0(Penetrate)
G01 X224.149000 Y108.685000 Z-0.125000 F400.000000
G01 X223.930000 Y108.758000 Z-0.125000
G01 X222.619000 Y108.758000 Z-0.125000
G01 X222.397000 Y108.682000 Z-0.125000
G01 X222.321000 Y108.466000 Z-0.125000
G01 X222.321000 Y107.477000 Z-0.125000
G01 X222.397000 Y107.258000 Z-0.125000
G01 X222.619000 Y107.182000 Z-0.125000
G01 X223.930000 Y107.182000 Z-0.125000
G01 X224.152000 Y107.258000 Z-0.125000
G01 X224.225000 Y107.477000 Z-0.125000
G01 X224.225000 Y108.460000 Z-0.125000
G00 Z5.000000

(End cutting path id: path806)


(Start cutting path id: path806)
(Change tool to Default tool)

G00 Z5.000000
G00 X217.611000 Y108.833000

G01 Z-0.125000 F100.0(Penetrate)
G01 X220.174000 Y108.833000 Z-0.125000 F400.000000
G01 X220.174000 Y110.479000 Z-0.125000
G01 X220.904000 Y110.479000 Z-0.125000
G01 X220.904000 Y106.452000 Z-0.125000
G01 X220.174000 Y106.452000 Z-0.125000
G01 X220.174000 Y108.098000 Z-0.125000
G01 X217.611000 Y108.098000 Z-0.125000
G01 X217.611000 Y106.452000 Z-0.125000
G01 X216.881000 Y106.452000 Z-0.125000
G01 X216.881000 Y110.479000 Z-0.125000
G01 X217.611000 Y110.479000 Z-0.125000
G01 X217.611000 Y108.833000 Z-0.125000
G00 Z5.000000

(End cutting path id: path806)


(Start cutting path id: path806)
(Change tool to Default tool)

G00 Z5.000000
G00 X245.173000 Y107.477000

G01 Z-0.125000 F100.0(Penetrate)
G01 X245.147000 Y107.258000 Z-0.125000 F400.000000
G01 X245.074000 Y107.028000 Z-0.125000
G01 X244.942000 Y106.812000 Z-0.125000
G01 X244.749000 Y106.626000 Z-0.125000
G01 X244.488000 Y106.500000 Z-0.125000
G01 X244.151000 Y106.452000 Z-0.125000
G01 X242.834000 Y106.452000 Z-0.125000
G01 X242.615000 Y106.475000 Z-0.125000
G01 X242.384000 Y106.551000 Z-0.125000
G01 X242.168000 Y106.680000 Z-0.125000
G01 X241.983000 Y106.874000 Z-0.125000
G01 X241.857000 Y107.138000 Z-0.125000
G01 X241.809000 Y107.477000 Z-0.125000
G01 X241.809000 Y110.771000 Z-0.125000
G01 X242.539000 Y110.771000 Z-0.125000
G01 X242.539000 Y107.477000 Z-0.125000
G01 X242.623000 Y107.261000 Z-0.125000
G01 X242.834000 Y107.182000 Z-0.125000
G01 X244.151000 Y107.182000 Z-0.125000
G01 X244.364000 Y107.264000 Z-0.125000
G01 X244.443000 Y107.477000 Z-0.125000
G01 X244.443000 Y108.466000 Z-0.125000
G01 X244.361000 Y108.679000 Z-0.125000
G01 X244.151000 Y108.758000 Z-0.125000
G01 X242.834000 Y108.758000 Z-0.125000
G01 X242.834000 Y109.488000 Z-0.125000
G01 X244.151000 Y109.488000 Z-0.125000
G01 X244.370000 Y109.462000 Z-0.125000
G01 X244.597000 Y109.389000 Z-0.125000
G01 X244.816000 Y109.257000 Z-0.125000
G01 X244.999000 Y109.064000 Z-0.125000
G01 X245.125000 Y108.803000 Z-0.125000
G01 X245.173000 Y108.466000 Z-0.125000
G01 X245.173000 Y107.477000 Z-0.125000
G00 Z5.000000

(End cutting path id: path806)


(Start cutting path id: path806)
(Change tool to Default tool)

G00 Z5.000000
G00 X248.116000 Y106.452000

G01 Z-0.125000 F100.0(Penetrate)
G01 X246.800000 Y106.452000 Z-0.125000 F400.000000
G01 X246.463000 Y106.506000 Z-0.125000
G01 X246.131000 Y106.680000 Z-0.125000
G01 X245.876000 Y106.997000 Z-0.125000
G01 X245.775000 Y107.477000 Z-0.125000
G01 X245.775000 Y109.488000 Z-0.125000
G01 X246.505000 Y109.488000 Z-0.125000
G01 X246.505000 Y107.477000 Z-0.125000
G01 X246.581000 Y107.258000 Z-0.125000
G01 X246.805000 Y107.182000 Z-0.125000
G01 X248.116000 Y107.182000 Z-0.125000
G01 X248.116000 Y106.452000 Z-0.125000
G00 Z5.000000

(End cutting path id: path806)


(Start cutting path id: path806)
(Change tool to Default tool)

G00 Z5.000000
G00 X249.138000 Y106.160000

G01 Z-0.125000 F100.0(Penetrate)
G01 X249.091000 Y105.823000 Z-0.125000 F400.000000
G01 X248.964000 Y105.560000 Z-0.125000
G01 X248.782000 Y105.366000 Z-0.125000
G01 X248.563000 Y105.234000 Z-0.125000
G01 X248.335000 Y105.161000 Z-0.125000
G01 X248.116000 Y105.136000 Z-0.125000
G01 X246.800000 Y105.136000 Z-0.125000
G01 X246.800000 Y105.866000 Z-0.125000
G01 X248.116000 Y105.866000 Z-0.125000
G01 X248.335000 Y105.941000 Z-0.125000
G01 X248.408000 Y106.160000 Z-0.125000
G01 X248.408000 Y109.488000 Z-0.125000
G01 X249.139000 Y109.488000 Z-0.125000
G01 X249.138000 Y106.160000 Z-0.125000
G00 Z5.000000

(End cutting path id: path806)


(Start cutting path id: path806)
(Change tool to Default tool)

G00 Z5.000000
G00 X250.549000 Y106.820000

G01 Z-0.125000 F100.0(Penetrate)
G01 X250.518000 Y106.677000 Z-0.125000 F400.000000
G01 X250.440000 Y106.562000 Z-0.125000
G01 X250.325000 Y106.486000 Z-0.125000
G01 X250.187000 Y106.458000 Z-0.125000
G01 X250.044000 Y106.486000 Z-0.125000
G01 X249.929000 Y106.562000 Z-0.125000
G01 X249.853000 Y106.677000 Z-0.125000
G01 X249.825000 Y106.820000 Z-0.125000
G01 X249.853000 Y106.958000 Z-0.125000
G01 X249.929000 Y107.073000 Z-0.125000
G01 X250.044000 Y107.152000 Z-0.125000
G01 X250.187000 Y107.182000 Z-0.125000
G01 X250.325000 Y107.152000 Z-0.125000
G01 X250.440000 Y107.073000 Z-0.125000
G01 X250.518000 Y106.958000 Z-0.125000
G01 X250.549000 Y106.820000 Z-0.125000
G01 X250.549000 Y106.820000 Z-0.125000
G00 Z5.000000

(End cutting path id: path806)


(Start cutting path id: path806)
(Change tool to Default tool)

G00 Z5.000000
G00 X250.549000 Y109.120000

G01 Z-0.125000 F100.0(Penetrate)
G01 X250.518000 Y108.977000 Z-0.125000 F400.000000
G01 X250.440000 Y108.861000 Z-0.125000
G01 X250.325000 Y108.786000 Z-0.125000
G01 X250.187000 Y108.758000 Z-0.125000
G01 X250.044000 Y108.786000 Z-0.125000
G01 X249.929000 Y108.861000 Z-0.125000
G01 X249.853000 Y108.977000 Z-0.125000
G01 X249.825000 Y109.120000 Z-0.125000
G01 X249.853000 Y109.257000 Z-0.125000
G01 X249.929000 Y109.372000 Z-0.125000
G01 X250.044000 Y109.451000 Z-0.125000
G01 X250.187000 Y109.482000 Z-0.125000
G01 X250.325000 Y109.451000 Z-0.125000
G01 X250.440000 Y109.372000 Z-0.125000
G01 X250.518000 Y109.257000 Z-0.125000
G01 X250.549000 Y109.120000 Z-0.125000
G01 X250.549000 Y109.120000 Z-0.125000
G00 Z5.000000

(End cutting path id: path806)


(Start cutting path id: path806)
(Change tool to Default tool)

G00 Z5.000000
G00 X254.941000 Y102.219000

G01 Z-0.125000 F100.0(Penetrate)
G01 X254.941000 Y102.753000 Z-0.125000 F400.000000
G01 X254.786000 Y103.131000 Z-0.125000
G01 X254.408000 Y103.286000 Z-0.125000
G01 X254.141000 Y103.286000 Z-0.125000
G01 X253.941000 Y103.219000 Z-0.125000
G01 X253.874000 Y103.019000 Z-0.125000
G01 X253.874000 Y101.953000 Z-0.125000
G01 X253.941000 Y101.753000 Z-0.125000
G01 X254.141000 Y101.686000 Z-0.125000
G01 X254.408000 Y101.686000 Z-0.125000
G01 X254.786000 Y101.841000 Z-0.125000
G01 X254.941000 Y102.219000 Z-0.125000
G01 X254.941000 Y102.219000 Z-0.125000
G00 Z5.000000

(End cutting path id: path806)


(Start cutting path id: path806)
(Change tool to Default tool)

G00 Z5.000000
G00 X256.008000 Y102.219000

G01 Z-0.125000 F100.0(Penetrate)
G01 X255.890000 Y101.606000 Z-0.125000 F400.000000
G01 X255.538000 Y101.089000 Z-0.125000
G01 X255.021000 Y100.737000 Z-0.125000
G01 X254.408000 Y100.619000 Z-0.125000
G01 X254.141000 Y100.619000 Z-0.125000
G01 X253.941000 Y100.553000 Z-0.125000
G01 X253.875000 Y100.353000 Z-0.125000
G01 X253.875000 Y97.953000 Z-0.125000
G01 X252.808000 Y97.953000 Z-0.125000
G01 X252.808000 Y103.819000 Z-0.125000
G01 X252.963000 Y104.198000 Z-0.125000
G01 X253.341000 Y104.353000 Z-0.125000
G01 X254.408000 Y104.353000 Z-0.125000
G01 X255.021000 Y104.235000 Z-0.125000
G01 X255.538000 Y103.883000 Z-0.125000
G01 X255.890000 Y103.366000 Z-0.125000
G01 X256.008000 Y102.753000 Z-0.125000
G01 X256.008000 Y102.219000 Z-0.125000
G01 X256.008000 Y102.219000 Z-0.125000
G00 Z5.000000

(End cutting path id: path806)


(Start cutting path id: path806)
(Change tool to Default tool)

G00 Z5.000000
G00 X257.763000 Y97.953000

G01 Z-0.125000 F100.0(Penetrate)
G01 X256.696000 Y97.953000 Z-0.125000 F400.000000
G01 X256.696000 Y104.353000 Z-0.125000
G01 X257.763000 Y104.353000 Z-0.125000
G01 X257.763000 Y97.953000 Z-0.125000
G00 Z5.000000

(End cutting path id: path806)


(Start cutting path id: path806)
(Change tool to Default tool)

G00 Z5.000000
G00 X261.752000 Y97.953000

G01 Z-0.125000 F100.0(Penetrate)
G01 X260.686000 Y97.953000 Z-0.125000 F400.000000
G01 X259.768000 Y100.704000 Z-0.125000
G01 X259.662000 Y100.897000 Z-0.125000
G01 X259.619000 Y100.715000 Z-0.125000
G01 X259.619000 Y97.953000 Z-0.125000
G01 X258.552000 Y97.953000 Z-0.125000
G01 X258.552000 Y104.353000 Z-0.125000
G01 X259.619000 Y104.353000 Z-0.125000
G01 X260.557000 Y101.547000 Z-0.125000
G01 X260.643000 Y101.409000 Z-0.125000
G01 X260.686000 Y101.569000 Z-0.125000
G01 X260.686000 Y104.353000 Z-0.125000
G01 X261.752000 Y104.353000 Z-0.125000
G01 X261.752000 Y97.953000 Z-0.125000
G00 Z5.000000

(End cutting path id: path806)


(Start cutting path id: path806)
(Change tool to Default tool)

G00 Z5.000000
G00 X265.742000 Y99.553000

G01 Z-0.125000 F100.0(Penetrate)
G01 X265.624000 Y98.939000 Z-0.125000 F400.000000
G01 X265.272000 Y98.422000 Z-0.125000
G01 X264.755000 Y98.070000 Z-0.125000
G01 X264.142000 Y97.953000 Z-0.125000
G01 X263.528000 Y98.070000 Z-0.125000
G01 X263.011000 Y98.422000 Z-0.125000
G01 X262.659000 Y98.939000 Z-0.125000
G01 X262.542000 Y99.553000 Z-0.125000
G01 X262.542000 Y102.753000 Z-0.125000
G01 X262.659000 Y103.366000 Z-0.125000
G01 X263.011000 Y103.883000 Z-0.125000
G01 X263.528000 Y104.235000 Z-0.125000
G01 X264.142000 Y104.353000 Z-0.125000
G01 X264.755000 Y104.235000 Z-0.125000
G01 X265.272000 Y103.883000 Z-0.125000
G01 X265.624000 Y103.366000 Z-0.125000
G01 X265.742000 Y102.753000 Z-0.125000
G01 X264.675000 Y102.753000 Z-0.125000
G01 X264.520000 Y103.131000 Z-0.125000
G01 X264.142000 Y103.286000 Z-0.125000
G01 X263.763000 Y103.131000 Z-0.125000
G01 X263.608000 Y102.753000 Z-0.125000
G01 X263.608000 Y99.553000 Z-0.125000
G01 X263.763000 Y99.174000 Z-0.125000
G01 X264.143000 Y99.019000 Z-0.125000
G01 X264.523000 Y99.174000 Z-0.125000
G01 X264.678000 Y99.553000 Z-0.125000
G01 X264.689000 Y99.937000 Z-0.125000
G01 X264.700000 Y100.225000 Z-0.125000
G01 X264.592000 Y100.539000 Z-0.125000
G01 X264.141000 Y100.619000 Z-0.125000
G01 X264.141000 Y101.686000 Z-0.125000
G01 X265.741000 Y101.686000 Z-0.125000
G01 X265.741000 Y99.553000 Z-0.125000
G01 X265.742000 Y99.553000 Z-0.125000
G00 Z5.000000

(End cutting path id: path806)


(Start cutting path id: path806)
(Change tool to Default tool)

G00 Z5.000000
G00 X265.162000 Y93.724000

G01 Z-0.125000 F100.0(Penetrate)
G01 X264.096000 Y93.724000 Z-0.125000 F400.000000
G01 X264.096000 Y95.093000 Z-0.125000
G01 X265.162000 Y95.093000 Z-0.125000
G01 X265.162000 Y93.724000 Z-0.125000
G00 Z5.000000

(End cutting path id: path806)


(Start cutting path id: path806)
(Change tool to Default tool)

G00 Z5.000000
G00 X265.162000 Y90.524000

G01 Z-0.125000 F100.0(Penetrate)
G01 X264.096000 Y90.524000 Z-0.125000 F400.000000
G01 X264.096000 Y91.893000 Z-0.125000
G01 X265.162000 Y91.893000 Z-0.125000
G01 X265.162000 Y90.524000 Z-0.125000
G00 Z5.000000

(End cutting path id: path806)


(Start cutting path id: path806)
(Change tool to Default tool)

G00 Z5.000000
G00 X263.105000 Y90.524000

G01 Z-0.125000 F100.0(Penetrate)
G01 X262.038000 Y90.524000 Z-0.125000 F400.000000
G01 X261.121000 Y93.276000 Z-0.125000
G01 X261.014000 Y93.468000 Z-0.125000
G01 X260.971000 Y93.287000 Z-0.125000
G01 X260.971000 Y90.524000 Z-0.125000
G01 X259.905000 Y90.524000 Z-0.125000
G01 X259.905000 Y96.924000 Z-0.125000
G01 X260.971000 Y96.924000 Z-0.125000
G01 X261.910000 Y94.119000 Z-0.125000
G01 X261.995000 Y93.980000 Z-0.125000
G01 X262.038000 Y94.140000 Z-0.125000
G01 X262.038000 Y96.924000 Z-0.125000
G01 X263.105000 Y96.924000 Z-0.125000
G01 X263.105000 Y90.524000 Z-0.125000
G00 Z5.000000

(End cutting path id: path806)


(Start cutting path id: path806)
(Change tool to Default tool)

G00 Z5.000000
G00 X259.015000 Y92.124000

G01 Z-0.125000 F100.0(Penetrate)
G01 X258.898000 Y91.511000 Z-0.125000 F400.000000
G01 X258.546000 Y90.993000 Z-0.125000
G01 X258.028000 Y90.642000 Z-0.125000
G01 X257.415000 Y90.524000 Z-0.125000
G01 X256.802000 Y90.642000 Z-0.125000
G01 X256.284000 Y90.993000 Z-0.125000
G01 X255.932000 Y91.511000 Z-0.125000
G01 X255.815000 Y92.124000 Z-0.125000
G01 X255.815000 Y95.324000 Z-0.125000
G01 X255.932000 Y95.937000 Z-0.125000
G01 X256.284000 Y96.455000 Z-0.125000
G01 X256.802000 Y96.807000 Z-0.125000
G01 X257.415000 Y96.924000 Z-0.125000
G01 X258.028000 Y96.807000 Z-0.125000
G01 X258.546000 Y96.455000 Z-0.125000
G01 X258.898000 Y95.937000 Z-0.125000
G01 X259.015000 Y95.324000 Z-0.125000
G01 X259.015000 Y92.124000 Z-0.125000
G00 Z5.000000

(End cutting path id: path806)


(Start cutting path id: path806)
(Change tool to Default tool)

G00 Z5.000000
G00 X257.948000 Y92.124000

G01 Z-0.125000 F100.0(Penetrate)
G01 X257.948000 Y95.324000 Z-0.125000 F400.000000
G01 X257.794000 Y95.703000 Z-0.125000
G01 X257.415000 Y95.857000 Z-0.125000
G01 X257.036000 Y95.703000 Z-0.125000
G01 X256.882000 Y95.324000 Z-0.125000
G01 X256.882000 Y92.124000 Z-0.125000
G01 X257.036000 Y91.746000 Z-0.125000
G01 X257.415000 Y91.591000 Z-0.125000
G01 X257.794000 Y91.746000 Z-0.125000
G01 X257.948000 Y92.124000 Z-0.125000
G01 X257.948000 Y92.124000 Z-0.125000
G00 Z5.000000

(End cutting path id: path806)


(Start cutting path id: path806)
(Change tool to Default tool)

G00 Z5.000000
G00 X254.925000 Y90.524000

G01 Z-0.125000 F100.0(Penetrate)
G01 X253.858000 Y90.524000 Z-0.125000 F400.000000
G01 X253.858000 Y96.924000 Z-0.125000
G01 X254.925000 Y96.924000 Z-0.125000
G01 X254.925000 Y90.524000 Z-0.125000
G00 Z5.000000

(End cutting path id: path806)


(Start cutting path id: path806)
(Change tool to Default tool)

G00 Z5.000000
G00 X253.270000 Y95.857000

G01 Z-0.125000 F100.0(Penetrate)
G01 X252.470000 Y95.857000 Z-0.125000 F400.000000
G01 X252.270000 Y95.791000 Z-0.125000
G01 X252.204000 Y95.591000 Z-0.125000
G01 X252.204000 Y90.524000 Z-0.125000
G01 X251.137000 Y90.524000 Z-0.125000
G01 X251.137000 Y95.591000 Z-0.125000
G01 X251.070000 Y95.791000 Z-0.125000
G01 X250.871000 Y95.857000 Z-0.125000
G01 X250.071000 Y95.857000 Z-0.125000
G01 X250.071000 Y96.924000 Z-0.125000
G01 X253.271000 Y96.924000 Z-0.125000
G01 X253.271000 Y95.857000 Z-0.125000
G01 X253.270000 Y95.857000 Z-0.125000
G00 Z5.000000

(End cutting path id: path806)


(Start cutting path id: path806)
(Change tool to Default tool)

G00 Z5.000000
G00 X252.019000 Y97.953000

G01 Z-0.125000 F100.0(Penetrate)
G01 X250.952000 Y97.953000 Z-0.125000 F400.000000
G01 X250.952000 Y103.019000 Z-0.125000
G01 X250.885000 Y103.219000 Z-0.125000
G01 X250.685000 Y103.286000 Z-0.125000
G01 X250.419000 Y103.286000 Z-0.125000
G01 X250.040000 Y103.131000 Z-0.125000
G01 X249.885000 Y102.753000 Z-0.125000
G01 X249.885000 Y97.953000 Z-0.125000
G01 X248.819000 Y97.953000 Z-0.125000
G01 X248.819000 Y102.753000 Z-0.125000
G01 X248.664000 Y103.131000 Z-0.125000
G01 X248.285000 Y103.286000 Z-0.125000
G01 X248.019000 Y103.286000 Z-0.125000
G01 X247.819000 Y103.219000 Z-0.125000
G01 X247.752000 Y103.019000 Z-0.125000
G01 X247.752000 Y97.953000 Z-0.125000
G01 X246.685000 Y97.953000 Z-0.125000
G01 X246.685000 Y104.353000 Z-0.125000
G01 X248.285000 Y104.353000 Z-0.125000
G01 X248.856000 Y104.251000 Z-0.125000
G01 X249.352000 Y103.947000 Z-0.125000
G01 X249.848000 Y104.251000 Z-0.125000
G01 X250.419000 Y104.353000 Z-0.125000
G01 X252.019000 Y104.353000 Z-0.125000
G01 X252.019000 Y97.953000 Z-0.125000
G01 X252.019000 Y97.953000 Z-0.125000
G00 Z5.000000

(End cutting path id: path806)


(Start cutting path id: path806)
(Change tool to Default tool)

G00 Z5.000000
G00 X242.209000 Y92.124000

G01 Z-0.125000 F100.0(Penetrate)
G01 X242.091000 Y91.511000 Z-0.125000 F400.000000
G01 X241.739000 Y90.993000 Z-0.125000
G01 X241.222000 Y90.642000 Z-0.125000
G01 X240.609000 Y90.524000 Z-0.125000
G01 X239.995000 Y90.642000 Z-0.125000
G01 X239.478000 Y90.993000 Z-0.125000
G01 X239.126000 Y91.511000 Z-0.125000
G01 X239.009000 Y92.124000 Z-0.125000
G01 X240.075000 Y92.124000 Z-0.125000
G01 X240.230000 Y91.746000 Z-0.125000
G01 X240.609000 Y91.591000 Z-0.125000
G01 X240.932000 Y91.684000 Z-0.125000
G01 X241.110000 Y91.964000 Z-0.125000
G01 X241.142000 Y92.657000 Z-0.125000
G01 X240.987000 Y93.036000 Z-0.125000
G01 X240.609000 Y93.191000 Z-0.125000
G01 X239.995000 Y93.308000 Z-0.125000
G01 X239.478000 Y93.660000 Z-0.125000
G01 X239.126000 Y94.177000 Z-0.125000
G01 X239.009000 Y94.791000 Z-0.125000
G01 X239.009000 Y95.324000 Z-0.125000
G01 X239.126000 Y95.937000 Z-0.125000
G01 X239.478000 Y96.455000 Z-0.125000
G01 X239.996000 Y96.807000 Z-0.125000
G01 X240.609000 Y96.924000 Z-0.125000
G01 X241.222000 Y96.807000 Z-0.125000
G01 X241.739000 Y96.455000 Z-0.125000
G01 X242.091000 Y95.937000 Z-0.125000
G01 X242.209000 Y95.324000 Z-0.125000
G01 X241.142000 Y95.324000 Z-0.125000
G01 X240.987000 Y95.703000 Z-0.125000
G01 X240.609000 Y95.857000 Z-0.125000
G01 X240.286000 Y95.764000 Z-0.125000
G01 X240.107000 Y95.484000 Z-0.125000
G01 X240.075000 Y94.791000 Z-0.125000
G01 X240.230000 Y94.412000 Z-0.125000
G01 X240.609000 Y94.257000 Z-0.125000
G01 X241.222000 Y94.140000 Z-0.125000
G01 X241.739000 Y93.788000 Z-0.125000
G01 X242.091000 Y93.271000 Z-0.125000
G01 X242.209000 Y92.657000 Z-0.125000
G01 X242.209000 Y92.124000 Z-0.125000
G00 Z5.000000

(End cutting path id: path806)


(Start cutting path id: path806)
(Change tool to Default tool)

G00 Z5.000000
G00 X249.498000 Y129.000000

G01 Z-0.125000 F100.0(Penetrate)
G01 X248.350000 Y129.116000 Z-0.125000 F400.000000
G01 X247.280000 Y129.448400 Z-0.125000
G01 X246.312000 Y129.974400 Z-0.125000
G01 X245.468000 Y130.670900 Z-0.125000
G01 X244.771000 Y131.514800 Z-0.125000
G01 X244.245000 Y132.483200 Z-0.125000
G01 X243.912000 Y133.552900 Z-0.125000
G01 X243.796000 Y134.700900 Z-0.125000
G01 X243.912000 Y135.849100 Z-0.125000
G01 X244.245000 Y136.919000 Z-0.125000
G01 X244.771000 Y137.887400 Z-0.125000
G01 X245.468000 Y138.731400 Z-0.125000
G01 X246.312000 Y139.428000 Z-0.125000
G01 X247.280000 Y139.954000 Z-0.125000
G01 X248.350000 Y140.286500 Z-0.125000
G01 X249.498000 Y140.402500 Z-0.125000
G01 X250.646000 Y140.286500 Z-0.125000
G01 X251.716000 Y139.954000 Z-0.125000
G01 X252.684000 Y139.428000 Z-0.125000
G01 X253.528000 Y138.731400 Z-0.125000
G01 X254.225000 Y137.887400 Z-0.125000
G01 X254.751000 Y136.919000 Z-0.125000
G01 X255.083000 Y135.849100 Z-0.125000
G01 X255.199000 Y134.700900 Z-0.125000
G01 X255.083000 Y133.552900 Z-0.125000
G01 X254.751000 Y132.483200 Z-0.125000
G01 X254.225000 Y131.514900 Z-0.125000
G01 X253.528000 Y130.670900 Z-0.125000
G01 X252.684000 Y129.974500 Z-0.125000
G01 X251.716000 Y129.448500 Z-0.125000
G01 X250.646000 Y129.116000 Z-0.125000
G01 X249.498000 Y129.000000 Z-0.125000
G01 X249.498000 Y129.000000 Z-0.125000
G00 Z5.000000

(End cutting path id: path806)


(Start cutting path id: path806)
(Change tool to Default tool)

G00 Z5.000000
G00 X249.498000 Y129.530600

G01 Z-0.125000 F100.0(Penetrate)
G01 X250.541000 Y129.635500 Z-0.125000 F400.000000
G01 X251.512000 Y129.936500 Z-0.125000
G01 X252.390000 Y130.412800 Z-0.125000
G01 X253.156000 Y131.043800 Z-0.125000
G01 X253.787000 Y131.808700 Z-0.125000
G01 X254.263000 Y132.687100 Z-0.125000
G01 X254.564000 Y133.658000 Z-0.125000
G01 X254.669000 Y134.700900 Z-0.125000
G01 X254.564000 Y135.744000 Z-0.125000
G01 X254.263000 Y136.715100 Z-0.125000
G01 X253.787000 Y137.593500 Z-0.125000
G01 X253.156000 Y138.358600 Z-0.125000
G01 X252.390000 Y138.989700 Z-0.125000
G01 X251.512000 Y139.466000 Z-0.125000
G01 X250.541000 Y139.767000 Z-0.125000
G01 X249.498000 Y139.871900 Z-0.125000
G01 X248.455000 Y139.767000 Z-0.125000
G01 X247.484000 Y139.466000 Z-0.125000
G01 X246.606000 Y138.989600 Z-0.125000
G01 X245.840000 Y138.358600 Z-0.125000
G01 X245.209000 Y137.593500 Z-0.125000
G01 X244.733000 Y136.715100 Z-0.125000
G01 X244.432000 Y135.744000 Z-0.125000
G01 X244.327000 Y134.700900 Z-0.125000
G01 X244.432000 Y133.658000 Z-0.125000
G01 X244.733000 Y132.687100 Z-0.125000
G01 X245.209000 Y131.808800 Z-0.125000
G01 X245.840000 Y131.043800 Z-0.125000
G01 X246.606000 Y130.412800 Z-0.125000
G01 X247.484000 Y129.936500 Z-0.125000
G01 X248.455000 Y129.635500 Z-0.125000
G01 X249.498000 Y129.530600 Z-0.125000
G01 X249.498000 Y129.530600 Z-0.125000
G00 Z5.000000

(End cutting path id: path806)


(Start cutting path id: path806)
(Change tool to Default tool)

G00 Z5.000000
G00 X249.497000 Y131.143300

G01 Z-0.125000 F100.0(Penetrate)
G01 X248.112000 Y131.423600 Z-0.125000 F400.000000
G01 X246.979000 Y132.187800 Z-0.125000
G01 X246.215000 Y133.320200 Z-0.125000
G01 X245.935000 Y134.705400 Z-0.125000
G01 X246.215000 Y136.090600 Z-0.125000
G01 X246.979000 Y137.223000 Z-0.125000
G01 X248.112000 Y137.987200 Z-0.125000
G01 X249.497000 Y138.267600 Z-0.125000
G01 X250.882000 Y137.987200 Z-0.125000
G01 X252.014000 Y137.223000 Z-0.125000
G01 X252.778000 Y136.090600 Z-0.125000
G01 X253.059000 Y134.705400 Z-0.125000
G01 X252.778000 Y133.320200 Z-0.125000
G01 X252.014000 Y132.187800 Z-0.125000
G01 X250.882000 Y131.423600 Z-0.125000
G01 X249.497000 Y131.143300 Z-0.125000
G01 X249.497000 Y131.143300 Z-0.125000
G00 Z5.000000

(End cutting path id: path806)


(Start cutting path id: path806)
(Change tool to Default tool)

G00 Z5.000000
G00 X249.497000 Y131.673900

G01 Z-0.125000 F100.0(Penetrate)
G01 X250.678000 Y131.911700 Z-0.125000 F400.000000
G01 X251.641000 Y132.560600 Z-0.125000
G01 X252.290000 Y133.524100 Z-0.125000
G01 X252.528000 Y134.705400 Z-0.125000
G01 X252.290000 Y135.886700 Z-0.125000
G01 X251.641000 Y136.850200 Z-0.125000
G01 X250.678000 Y137.499200 Z-0.125000
G01 X249.497000 Y137.737000 Z-0.125000
G01 X248.316000 Y137.499200 Z-0.125000
G01 X247.352000 Y136.850200 Z-0.125000
G01 X246.703000 Y135.886700 Z-0.125000
G01 X246.465000 Y134.705400 Z-0.125000
G01 X246.703000 Y133.524100 Z-0.125000
G01 X247.352000 Y132.560600 Z-0.125000
G01 X248.316000 Y131.911700 Z-0.125000
G01 X249.497000 Y131.673900 Z-0.125000
G01 X249.497000 Y131.673900 Z-0.125000
G00 Z5.000000

(End cutting path id: path806)


(Start cutting path id: path806)
(Change tool to Default tool)

G00 Z5.000000
G00 X249.412000 Y137.471400

G01 Z-0.125000 F100.0(Penetrate)
G01 X248.195000 Y137.148500 Z-0.125000 F400.000000
G01 X247.381000 Y136.487600 Z-0.125000
G01 X246.868000 Y135.572300 Z-0.125000
G01 X246.736000 Y134.515100 Z-0.125000
G01 X247.012000 Y133.486200 Z-0.125000
G01 X247.618000 Y132.674200 Z-0.125000
G01 X248.474000 Y132.132700 Z-0.125000
G01 X249.522000 Y131.937900 Z-0.125000
G01 X250.346000 Y132.072600 Z-0.125000
G01 X251.093000 Y132.447500 Z-0.125000
G01 X251.112000 Y132.580300 Z-0.125000
G01 X250.339000 Y132.808600 Z-0.125000
G01 X249.714000 Y133.286700 Z-0.125000
G01 X249.297000 Y133.956500 Z-0.125000
G01 X249.145000 Y134.760000 Z-0.125000
G01 X249.297000 Y135.563100 Z-0.125000
G01 X249.714000 Y136.232700 Z-0.125000
G01 X250.338000 Y136.710700 Z-0.125000
G01 X251.112000 Y136.939200 Z-0.125000
G01 X251.110000 Y136.952100 Z-0.125000
G01 X250.167000 Y137.391300 Z-0.125000
G01 X249.412000 Y137.471400 Z-0.125000
G01 X249.412000 Y137.471400 Z-0.125000
G00 Z5.000000

(End cutting path id: path806)


(Start cutting path id: path806)
(Change tool to Default tool)

G00 Z5.000000
G00 X249.497000 Y138.002300

G01 Z-0.125000 F100.0(Penetrate)
G01 X248.214000 Y137.743200 Z-0.125000 F400.000000
G01 X247.166000 Y137.036600 Z-0.125000
G01 X246.459000 Y135.988700 Z-0.125000
G01 X246.200000 Y134.705400 Z-0.125000
G01 X246.459000 Y133.422200 Z-0.125000
G01 X247.166000 Y132.374200 Z-0.125000
G01 X248.214000 Y131.667600 Z-0.125000
G01 X249.497000 Y131.408500 Z-0.125000
G01 X250.780000 Y131.667600 Z-0.125000
G01 X251.828000 Y132.374200 Z-0.125000
G01 X252.534000 Y133.422200 Z-0.125000
G01 X252.794000 Y134.705400 Z-0.125000
G01 X252.534000 Y135.988700 Z-0.125000
G01 X251.828000 Y137.036600 Z-0.125000
G01 X250.780000 Y137.743200 Z-0.125000
G01 X249.497000 Y138.002300 Z-0.125000
G01 X249.497000 Y138.002300 Z-0.125000
G00 Z5.000000

(End cutting path id: path806)


(Start cutting path id: path806)
(Change tool to Default tool)

G00 Z5.000000
G00 X244.152000 Y137.342800

G01 Z-0.125000 F100.0(Penetrate)
G01 X242.775000 Y136.548000 Z-0.125000 F400.000000
G01 X240.385000 Y132.330200 Z-0.125000
G01 X244.026000 Y132.330200 Z-0.125000
G01 X243.615000 Y133.718200 Z-0.125000
G01 X243.550000 Y135.164100 Z-0.125000
G01 X243.747000 Y136.282100 Z-0.125000
G01 X244.152000 Y137.342800 Z-0.125000
G01 X244.152000 Y137.342800 Z-0.125000
G00 Z5.000000

(End cutting path id: path806)


(Start cutting path id: path806)
(Change tool to Default tool)

G00 Z5.000000
G00 X254.934000 Y134.700900

G01 Z-0.125000 F100.0(Penetrate)
G01 X254.824000 Y133.605500 Z-0.125000 F400.000000
G01 X254.507000 Y132.585100 Z-0.125000
G01 X254.006000 Y131.661800 Z-0.125000
G01 X253.342000 Y130.857400 Z-0.125000
G01 X252.537000 Y130.193600 Z-0.125000
G01 X251.614000 Y129.692400 Z-0.125000
G01 X250.594000 Y129.375700 Z-0.125000
G01 X249.498000 Y129.265300 Z-0.125000
G01 X248.402000 Y129.375700 Z-0.125000
G01 X247.382000 Y129.692400 Z-0.125000
G01 X246.459000 Y130.193600 Z-0.125000
G01 X245.654000 Y130.857400 Z-0.125000
G01 X244.990000 Y131.661800 Z-0.125000
G01 X244.489000 Y132.585100 Z-0.125000
G01 X244.172000 Y133.605500 Z-0.125000
G01 X244.062000 Y134.700900 Z-0.125000
G01 X244.172000 Y135.796600 Z-0.125000
G01 X244.489000 Y136.817100 Z-0.125000
G01 X244.990000 Y137.740500 Z-0.125000
G01 X245.654000 Y138.545000 Z-0.125000
G01 X246.459000 Y139.208800 Z-0.125000
G01 X247.382000 Y139.710000 Z-0.125000
G01 X248.402000 Y140.026700 Z-0.125000
G01 X249.498000 Y140.137200 Z-0.125000
G01 X250.594000 Y140.026700 Z-0.125000
G01 X251.614000 Y139.710000 Z-0.125000
G01 X252.537000 Y139.208800 Z-0.125000
G01 X253.342000 Y138.545000 Z-0.125000
G01 X254.006000 Y137.740500 Z-0.125000
G01 X254.507000 Y136.817100 Z-0.125000
G01 X254.824000 Y135.796600 Z-0.125000
G01 X254.934000 Y134.700900 Z-0.125000
G00 Z5.000000

(End cutting path id: path806)


(Start cutting path id: path806)
(Change tool to Default tool)

G00 Z5.000000
G00 X255.486000 Y129.379900

G01 Z-0.125000 F100.0(Penetrate)
G01 X255.486000 Y135.907300 Z-0.125000 F400.000000
G01 X255.575000 Y136.790600 Z-0.125000
G01 X255.831000 Y137.613700 Z-0.125000
G01 X256.236000 Y138.358900 Z-0.125000
G01 X256.772000 Y139.008500 Z-0.125000
G01 X257.422000 Y139.544600 Z-0.125000
G01 X258.167000 Y139.949500 Z-0.125000
G01 X258.990000 Y140.205500 Z-0.125000
G01 X259.873000 Y140.294700 Z-0.125000
G01 X261.040000 Y140.137700 Z-0.125000
G01 X262.089000 Y139.694600 Z-0.125000
G01 X262.978000 Y139.007200 Z-0.125000
G01 X263.664000 Y138.117500 Z-0.125000
G01 X263.798000 Y137.887100 Z-0.125000
G01 X261.162000 Y136.367700 Z-0.125000
G01 X263.086000 Y138.027400 Z-0.125000
G01 X262.483000 Y138.739000 Z-0.125000
G01 X261.726000 Y139.287100 Z-0.125000
G01 X260.846000 Y139.639500 Z-0.125000
G01 X259.873000 Y139.764100 Z-0.125000
G01 X259.095000 Y139.685900 Z-0.125000
G01 X258.371000 Y139.461500 Z-0.125000
G01 X257.145000 Y138.635600 Z-0.125000
G01 X256.319000 Y137.409800 Z-0.125000
G01 X256.095000 Y136.685400 Z-0.125000
G01 X256.016000 Y135.907300 Z-0.125000
G01 X256.016000 Y129.910500 Z-0.125000
G01 X258.039000 Y129.910500 Z-0.125000
G01 X258.039000 Y135.907700 Z-0.125000
G01 X258.185000 Y136.627800 Z-0.125000
G01 X258.584000 Y137.217200 Z-0.125000
G01 X259.173000 Y137.615200 Z-0.125000
G01 X259.894000 Y137.761300 Z-0.125000
G01 X260.818000 Y137.514500 Z-0.125000
G01 X261.482000 Y136.864500 Z-0.125000
G01 X261.123000 Y136.957300 Z-0.125000
G01 X261.162000 Y136.367700 Z-0.125000
G01 X261.028000 Y136.590300 Z-0.125000
G01 X260.555000 Y137.054300 Z-0.125000
G01 X259.894000 Y137.230700 Z-0.125000
G01 X259.377000 Y137.127100 Z-0.125000
G01 X258.956000 Y136.844300 Z-0.125000
G01 X258.673000 Y136.423900 Z-0.125000
G01 X258.570000 Y135.907700 Z-0.125000
G01 X258.570000 Y129.379900 Z-0.125000
G01 X255.486000 Y129.379900 Z-0.125000
G00 Z5.000000

(End cutting path id: path806)


(Start cutting path id: path806)
(Change tool to Default tool)

G00 Z5.000000
G00 X261.255000 Y136.727400

G01 Z-0.125000 F100.0(Penetrate)
G01 X260.687000 Y137.284400 Z-0.125000 F400.000000
G01 X259.894000 Y137.496000 Z-0.125000
G01 X259.275000 Y137.371200 Z-0.125000
G01 X258.770000 Y137.030700 Z-0.125000
G01 X258.429000 Y136.525800 Z-0.125000
G01 X258.304000 Y135.907600 Z-0.125000
G01 X258.304000 Y129.645200 Z-0.125000
G01 X255.751000 Y129.645200 Z-0.125000
G01 X255.751000 Y135.907300 Z-0.125000
G01 X255.835000 Y136.738000 Z-0.125000
G01 X256.075000 Y137.511800 Z-0.125000
G01 X256.455000 Y138.212000 Z-0.125000
G01 X256.959000 Y138.822000 Z-0.125000
G01 X257.569000 Y139.325400 Z-0.125000
G01 X258.269000 Y139.705500 Z-0.125000
G01 X259.042000 Y139.945700 Z-0.125000
G01 X259.873000 Y140.029400 Z-0.125000
G01 X260.970000 Y139.881900 Z-0.125000
G01 X261.956000 Y139.465500 Z-0.125000
G01 X262.790000 Y138.819700 Z-0.125000
G01 X263.434000 Y137.983800 Z-0.125000
G01 X261.255000 Y136.727400 Z-0.125000
G00 Z5.000000

(End cutting path id: path806)


(Start cutting path id: path806)
(Change tool to Default tool)

G00 Z5.000000
G00 X225.665000 Y158.724300

G01 Z-0.125000 F100.0(Penetrate)
G01 X225.590000 Y158.259800 Z-0.125000 F400.000000
G01 X225.343000 Y157.799400 Z-0.125000
G01 X224.903000 Y157.446000 Z-0.125000
G01 X224.244000 Y157.303100 Z-0.125000
G01 X222.382000 Y157.303100 Z-0.125000
G01 X222.382000 Y158.283700 Z-0.125000
G01 X224.244000 Y158.283700 Z-0.125000
G01 X224.569000 Y158.410700 Z-0.125000
G01 X224.684000 Y158.732300 Z-0.125000
G01 X224.553000 Y159.049800 Z-0.125000
G01 X224.244000 Y159.165000 Z-0.125000
G01 X222.382000 Y159.165000 Z-0.125000
G01 X222.056000 Y159.033900 Z-0.125000
G01 X221.941000 Y158.716400 Z-0.125000
G01 X221.941000 Y157.275300 Z-0.125000
G01 X222.068000 Y156.953800 Z-0.125000
G01 X222.390000 Y156.838700 Z-0.125000
G01 X224.244000 Y156.838700 Z-0.125000
G01 X224.244000 Y155.854100 Z-0.125000
G01 X222.382000 Y155.854100 Z-0.125000
G01 X221.917000 Y155.929600 Z-0.125000
G01 X221.457000 Y156.171700 Z-0.125000
G01 X221.104000 Y156.612400 Z-0.125000
G01 X220.961000 Y157.275300 Z-0.125000
G01 X220.961000 Y158.724300 Z-0.125000
G01 X221.036000 Y159.184800 Z-0.125000
G01 X221.278000 Y159.645300 Z-0.125000
G01 X221.719000 Y160.002600 Z-0.125000
G01 X222.382000 Y160.145500 Z-0.125000
G01 X224.244000 Y160.145500 Z-0.125000
G01 X224.704000 Y160.070100 Z-0.125000
G01 X225.165000 Y159.823900 Z-0.125000
G01 X225.522000 Y159.383300 Z-0.125000
G01 X225.665000 Y158.724300 Z-0.125000
G01 X225.665000 Y158.724300 Z-0.125000
G00 Z5.000000

(End cutting path id: path806)


(Start cutting path id: path806)
(Change tool to Default tool)

G00 Z5.000000
G00 X222.236000 Y159.874600

G01 Z-0.125000 F100.0(Penetrate)
G01 X221.671000 Y159.662400 Z-0.125000 F400.000000
G01 X221.342000 Y159.196100 Z-0.125000
G01 X221.208000 Y158.600600 Z-0.125000
G01 X221.225000 Y158.000800 Z-0.125000
G01 X221.302000 Y156.874500 Z-0.125000
G01 X221.578000 Y156.413800 Z-0.125000
G01 X222.090000 Y156.160500 Z-0.125000
G01 X223.980000 Y156.118800 Z-0.125000
G01 X223.916000 Y156.518200 Z-0.125000
G01 X223.538000 Y156.604600 Z-0.125000
G01 X222.580000 Y156.575800 Z-0.125000
G01 X222.171000 Y156.599400 Z-0.125000
G01 X221.855000 Y156.817500 Z-0.125000
G01 X221.675000 Y157.164600 Z-0.125000
G01 X221.678000 Y157.575000 Z-0.125000
G01 X221.671000 Y158.660200 Z-0.125000
G01 X221.815000 Y159.144300 Z-0.125000
G01 X222.258000 Y159.419500 Z-0.125000
G01 X223.453000 Y159.445300 Z-0.125000
G01 X224.625000 Y159.327700 Z-0.125000
G01 X224.922000 Y158.950700 Z-0.125000
G01 X224.898000 Y158.483300 Z-0.125000
G01 X224.617000 Y158.111000 Z-0.125000
G01 X224.144000 Y158.019100 Z-0.125000
G01 X223.165000 Y158.049900 Z-0.125000
G01 X222.757000 Y157.983000 Z-0.125000
G01 X222.646000 Y157.619100 Z-0.125000
G01 X224.562000 Y157.601200 Z-0.125000
G01 X224.925000 Y157.757000 Z-0.125000
G01 X225.184000 Y158.024300 Z-0.125000
G01 X225.389000 Y158.741200 Z-0.125000
G01 X225.172000 Y159.447700 Z-0.125000
G01 X224.904000 Y159.702000 Z-0.125000
G01 X224.528000 Y159.839600 Z-0.125000
G01 X222.236000 Y159.874600 Z-0.125000
G01 X222.236000 Y159.874600 Z-0.125000
G00 Z5.000000

(End cutting path id: path806)


(Start cutting path id: path806)
(Change tool to Default tool)

G00 Z5.000000
G00 X220.391000 Y159.113400

G01 Z-0.125000 F100.0(Penetrate)
G01 X218.069000 Y159.113400 Z-0.125000 F400.000000
G01 X217.751000 Y159.006200 Z-0.125000
G01 X217.644000 Y158.700500 Z-0.125000
G01 X217.644000 Y155.854100 Z-0.125000
G01 X216.612000 Y155.854100 Z-0.125000
G01 X216.612000 Y158.700500 Z-0.125000
G01 X216.679000 Y159.176900 Z-0.125000
G01 X216.858000 Y159.546100 Z-0.125000
G01 X217.120000 Y159.820000 Z-0.125000
G01 X217.426000 Y160.006600 Z-0.125000
G01 X217.751000 Y160.109800 Z-0.125000
G01 X218.061000 Y160.145500 Z-0.125000
G01 X220.391000 Y160.145500 Z-0.125000
G01 X220.391000 Y159.113400 Z-0.125000
G00 Z5.000000

(End cutting path id: path806)


(Start cutting path id: path806)
(Change tool to Default tool)

G00 Z5.000000
G00 X217.957000 Y159.874600

G01 Z-0.125000 F100.0(Penetrate)
G01 X217.406000 Y159.703700 Z-0.125000 F400.000000
G01 X217.041000 Y159.298600 Z-0.125000
G01 X216.864000 Y158.758600 Z-0.125000
G01 X216.875000 Y158.183200 Z-0.125000
G01 X216.875000 Y156.118800 Z-0.125000
G01 X217.300000 Y156.145000 Z-0.125000
G01 X217.406000 Y156.490400 Z-0.125000
G01 X217.381000 Y157.418800 Z-0.125000
G01 X217.360000 Y158.482300 Z-0.125000
G01 X217.442000 Y158.982500 Z-0.125000
G01 X217.797000 Y159.339500 Z-0.125000
G01 X220.127000 Y159.376600 Z-0.125000
G01 X220.101000 Y159.801800 Z-0.125000
G01 X219.755000 Y159.907800 Z-0.125000
G01 X218.827000 Y159.882400 Z-0.125000
G01 X217.957000 Y159.874600 Z-0.125000
G01 X217.957000 Y159.874600 Z-0.125000
G00 Z5.000000

(End cutting path id: path806)


(Start cutting path id: path806)
(Change tool to Default tool)

G00 Z5.000000
G00 X230.107000 Y178.023000

G01 Z-0.125000 F100.0(Penetrate)
G01 X229.955000 Y176.946600 Z-0.125000 F400.000000
G01 X229.555000 Y176.110300 Z-0.125000
G01 X228.977000 Y175.496500 Z-0.125000
G01 X228.283000 Y175.087200 Z-0.125000
G01 X227.553000 Y174.847000 Z-0.125000
G01 X226.859000 Y174.775900 Z-0.125000
G01 X222.687000 Y174.775900 Z-0.125000
G01 X221.637000 Y174.944900 Z-0.125000
G01 X220.579000 Y175.496500 Z-0.125000
G01 X219.769000 Y176.501800 Z-0.125000
G01 X219.529000 Y177.193500 Z-0.125000
G01 X219.449000 Y178.023000 Z-0.125000
G01 X219.449000 Y181.154600 Z-0.125000
G01 X219.529000 Y181.975200 Z-0.125000
G01 X219.769000 Y182.658000 Z-0.125000
G01 X220.579000 Y183.663300 Z-0.125000
G01 X221.637000 Y184.223800 Z-0.125000
G01 X222.687000 Y184.392800 Z-0.125000
G01 X226.859000 Y184.392800 Z-0.125000
G01 X227.682000 Y184.312800 Z-0.125000
G01 X228.372000 Y184.072500 Z-0.125000
G01 X229.377000 Y183.263000 Z-0.125000
G01 X229.929000 Y182.213200 Z-0.125000
G01 X230.107000 Y181.154600 Z-0.125000
G01 X230.107000 Y178.023000 Z-0.125000
G00 Z5.000000

(End cutting path id: path806)


(Start cutting path id: path806)
(Change tool to Default tool)

G00 Z5.000000
G00 X232.180000 Y179.064000

G01 Z-0.125000 F100.0(Penetrate)
G01 X232.329000 Y177.836600 Z-0.125000 F400.000000
G01 X232.858000 Y176.729900 Z-0.125000
G01 X233.704000 Y175.844600 Z-0.125000
G01 X234.805000 Y175.281800 Z-0.125000
G01 X235.987000 Y175.060100 Z-0.125000
G01 X237.192000 Y175.020100 Z-0.125000
G01 X239.611000 Y175.038700 Z-0.125000
G01 X240.866000 Y175.017700 Z-0.125000
G01 X241.483000 Y175.056000 Z-0.125000
G01 X242.045000 Y175.288700 Z-0.125000
G01 X242.289000 Y175.857300 Z-0.125000
G01 X242.332000 Y176.484900 Z-0.125000
G01 X242.311000 Y177.764400 Z-0.125000
G01 X242.311000 Y184.128500 Z-0.125000
G01 X241.355000 Y184.141100 Z-0.125000
G01 X240.525000 Y184.028500 Z-0.125000
G01 X240.525000 Y176.825800 Z-0.125000
G01 X238.088000 Y176.817200 Z-0.125000
G01 X235.656000 Y176.885800 Z-0.125000
G01 X234.878000 Y177.217300 Z-0.125000
G01 X234.313000 Y177.827200 Z-0.125000
G01 X233.998000 Y178.608400 Z-0.125000
G01 X233.967000 Y179.454300 Z-0.125000
G01 X233.967000 Y184.128500 Z-0.125000
G01 X233.011000 Y184.141000 Z-0.125000
G01 X232.180000 Y184.028500 Z-0.125000
G01 X232.180000 Y179.064100 Z-0.125000
G01 X232.180000 Y179.064000 Z-0.125000
G00 Z5.000000

(End cutting path id: path806)


(Start cutting path id: path806)
(Change tool to Default tool)

G00 Z5.000000
G00 X227.793000 Y181.136800

G01 Z-0.125000 F100.0(Penetrate)
G01 X227.733000 Y181.554900 Z-0.125000 F400.000000
G01 X227.553000 Y181.848500 Z-0.125000
G01 X226.859000 Y182.079800 Z-0.125000
G01 X222.705000 Y182.079800 Z-0.125000
G01 X222.002000 Y181.839600 Z-0.125000
G01 X221.822000 Y181.552700 Z-0.125000
G01 X221.762000 Y181.154500 Z-0.125000
G01 X221.762000 Y178.023000 Z-0.125000
G01 X222.002000 Y177.329100 Z-0.125000
G01 X222.705000 Y177.088900 Z-0.125000
G01 X226.859000 Y177.088900 Z-0.125000
G01 X227.271000 Y177.149000 Z-0.125000
G01 X227.562000 Y177.329100 Z-0.125000
G01 X227.793000 Y178.023000 Z-0.125000
G01 X227.793000 Y181.136800 Z-0.125000
G00 Z5.000000

(End cutting path id: path806)


(Start cutting path id: path806)
(Change tool to Default tool)

G00 Z5.000000
G00 X222.695000 Y182.343300

G01 Z-0.125000 F100.0(Penetrate)
G01 X225.013000 Y182.352400 Z-0.125000 F400.000000
G01 X227.322000 Y182.278900 Z-0.125000
G01 X227.853000 Y181.889100 Z-0.125000
G01 X228.048000 Y181.283600 Z-0.125000
G01 X228.057000 Y179.936300 Z-0.125000
G01 X228.077000 Y178.547300 Z-0.125000
G01 X228.042000 Y177.861200 Z-0.125000
G01 X227.814000 Y177.222900 Z-0.125000
G01 X227.259000 Y176.882900 Z-0.125000
G01 X226.606000 Y176.805900 Z-0.125000
G01 X225.259000 Y176.825800 Z-0.125000
G01 X223.715000 Y176.814700 Z-0.125000
G01 X222.184000 Y176.909800 Z-0.125000
G01 X221.674000 Y177.336200 Z-0.125000
G01 X221.499000 Y177.959600 Z-0.125000
G01 X221.498000 Y179.323000 Z-0.125000
G01 X221.477000 Y180.675100 Z-0.125000
G01 X221.517000 Y181.341600 Z-0.125000
G01 X221.755000 Y181.955900 Z-0.125000
G01 X222.178000 Y182.255500 Z-0.125000
G01 X222.695000 Y182.343300 Z-0.125000
G01 X222.695000 Y182.343300 Z-0.125000
G00 Z5.000000

(End cutting path id: path806)


(Start cutting path id: path806)
(Change tool to Default tool)

G00 Z5.000000
G00 X222.459000 Y184.118700

G01 Z-0.125000 F100.0(Penetrate)
G01 X221.348000 Y183.834600 Z-0.125000 F400.000000
G01 X220.442000 Y183.150000 Z-0.125000
G01 X219.858000 Y182.180500 Z-0.125000
G01 X219.713000 Y181.042200 Z-0.125000
G01 X219.698000 Y178.968300 Z-0.125000
G01 X219.722000 Y177.934200 Z-0.125000
G01 X219.881000 Y176.915600 Z-0.125000
G01 X220.420000 Y176.010100 Z-0.125000
G01 X221.249000 Y175.395800 Z-0.125000
G01 X222.249000 Y175.072100 Z-0.125000
G01 X223.299000 Y175.038700 Z-0.125000
G01 X225.501000 Y175.025500 Z-0.125000
G01 X227.689000 Y175.158800 Z-0.125000
G01 X228.630000 Y175.568100 Z-0.125000
G01 X229.338000 Y176.287400 Z-0.125000
G01 X229.759000 Y177.211000 Z-0.125000
G01 X229.844000 Y178.232800 Z-0.125000
G01 X229.864000 Y180.483500 Z-0.125000
G01 X229.793000 Y181.588400 Z-0.125000
G01 X229.475000 Y182.632400 Z-0.125000
G01 X228.884000 Y183.410600 Z-0.125000
G01 X228.066000 Y183.898300 Z-0.125000
G01 X227.121000 Y184.127000 Z-0.125000
G01 X226.148000 Y184.128500 Z-0.125000
G01 X222.459000 Y184.118700 Z-0.125000
G01 X222.459000 Y184.118700 Z-0.125000
G00 Z5.000000

(End cutting path id: path806)


(Start cutting path id: path806)
(Change tool to Default tool)

G00 Z5.000000
G00 X242.574000 Y175.941300

G01 Z-0.125000 F100.0(Penetrate)
G01 X242.485000 Y175.478700 Z-0.125000 F400.000000
G01 X242.236000 Y175.105000 Z-0.125000
G01 X241.872000 Y174.864800 Z-0.125000
G01 X241.427000 Y174.775900 Z-0.125000
G01 X236.196000 Y174.775900 Z-0.125000
G01 X235.279000 Y174.873700 Z-0.125000
G01 X234.327000 Y175.185100 Z-0.125000
G01 X233.411000 Y175.736700 Z-0.125000
G01 X232.646000 Y176.546300 Z-0.125000
G01 X232.112000 Y177.649400 Z-0.125000
G01 X231.917000 Y179.055000 Z-0.125000
G01 X231.917000 Y184.392800 Z-0.125000
G01 X234.230000 Y184.392800 Z-0.125000
G01 X234.230000 Y179.055000 Z-0.125000
G01 X234.381000 Y178.236600 Z-0.125000
G01 X234.808000 Y177.622700 Z-0.125000
G01 X235.431000 Y177.222400 Z-0.125000
G01 X236.213000 Y177.088900 Z-0.125000
G01 X240.261000 Y177.088900 Z-0.125000
G01 X240.261000 Y184.392800 Z-0.125000
G01 X242.574000 Y184.392800 Z-0.125000
G01 X242.574000 Y175.941300 Z-0.125000
G00 Z5.000000

(End cutting path id: path806)


(Start cutting path id: path806)
(Change tool to Default tool)

G00 Z5.000000
G00 X247.635000 Y184.110900

G01 Z-0.125000 F100.0(Penetrate)
G01 X246.564000 Y183.823900 Z-0.125000 F400.000000
G01 X245.685000 Y183.167100 Z-0.125000
G01 X245.107000 Y182.240500 Z-0.125000
G01 X244.941000 Y181.144100 Z-0.125000
G01 X244.941000 Y175.038700 Z-0.125000
G01 X245.897000 Y175.026100 Z-0.125000
G01 X246.727000 Y175.138700 Z-0.125000
G01 X246.772000 Y181.526500 Z-0.125000
G01 X247.096000 Y182.072000 Z-0.125000
G01 X247.655000 Y182.308600 Z-0.125000
G01 X248.943000 Y182.343300 Z-0.125000
G01 X252.883000 Y182.343300 Z-0.125000
G01 X252.895000 Y183.298500 Z-0.125000
G01 X252.783000 Y184.128500 Z-0.125000
G01 X247.635000 Y184.110900 Z-0.125000
G01 X247.635000 Y184.110900 Z-0.125000
G00 Z5.000000

(End cutting path id: path806)


(Start cutting path id: path806)
(Change tool to Default tool)

G00 Z5.000000
G00 X253.147000 Y182.079800

G01 Z-0.125000 F100.0(Penetrate)
G01 X247.943000 Y182.079800 Z-0.125000 F400.000000
G01 X247.529000 Y182.019700 Z-0.125000
G01 X247.231000 Y181.839600 Z-0.125000
G01 X247.051000 Y181.552700 Z-0.125000
G01 X246.991000 Y181.154500 Z-0.125000
G01 X246.991000 Y174.775900 Z-0.125000
G01 X244.678000 Y174.775900 Z-0.125000
G01 X244.678000 Y181.154600 Z-0.125000
G01 X244.829000 Y182.222100 Z-0.125000
G01 X245.230000 Y183.049500 Z-0.125000
G01 X245.817000 Y183.663300 Z-0.125000
G01 X246.502000 Y184.081400 Z-0.125000
G01 X247.231000 Y184.312700 Z-0.125000
G01 X247.925000 Y184.392800 Z-0.125000
G01 X253.147000 Y184.392800 Z-0.125000
G01 X253.147000 Y182.079800 Z-0.125000
G00 Z5.000000

(End cutting path id: path806)


(Footer)
M5
G00 X0.0000 Y0.0000
M2
(Using default footer. To add your own footer create file "footer" in the output dir.)
(end)
%