%
(Header)
(Generated by gcodetools from Inkscape.)
(Using default header. To add your own header create file "header" in the output dir.)
M3
(Header end.)
G21 (All units in mm)

(Start cutting path id: path44)
(Change tool to Default tool)

G00 Z5.000000
G00 X155.879000 Y191.628900

G01 Z-0.125000 F100.0(Penetrate)
G01 X152.647000 Y188.715900 Z-0.125000 F400.000000
G01 X149.523000 Y185.686500 Z-0.125000
G01 X143.402000 Y179.488300 Z-0.125000
G01 X138.863000 Y174.753700 Z-0.125000
G01 X134.504000 Y169.863300 Z-0.125000
G01 X134.494000 Y169.667600 Z-0.125000
G01 X134.674000 Y169.779100 Z-0.125000
G01 X135.092000 Y170.170900 Z-0.125000
G01 X141.936000 Y176.959400 Z-0.125000
G01 X148.659000 Y183.870600 Z-0.125000
G01 X155.619000 Y191.054700 Z-0.125000
G01 X165.285000 Y181.405300 Z-0.125000
G01 X175.084000 Y171.898400 Z-0.125000
G01 X176.113000 Y170.983800 Z-0.125000
G01 X177.229000 Y170.181600 Z-0.125000
G01 X175.416000 Y172.408600 Z-0.125000
G01 X173.466000 Y174.516000 Z-0.125000
G01 X169.436000 Y178.611900 Z-0.125000
G01 X162.782000 Y185.249300 Z-0.125000
G01 X155.936000 Y191.685500 Z-0.125000
G01 X155.879000 Y191.628900 Z-0.125000
G00 Z5.000000

(End cutting path id: path44)


(Start cutting path id: path44)
(Change tool to Default tool)

G00 Z5.000000
G00 X146.107000 Y163.942100

G01 Z-0.125000 F100.0(Penetrate)
G01 X141.286000 Y159.121200 Z-0.125000 F400.000000
G00 Z5.000000

(End cutting path id: path44)


(Start cutting path id: path44)
(Change tool to Default tool)

G00 Z5.000000
G00 X140.440000 Y157.639700

G01 Z-0.125000 F100.0(Penetrate)
G01 X147.343000 Y164.542300 Z-0.125000 F400.000000
G01 X148.089000 Y164.970000 Z-0.125000
G01 X148.378000 Y165.040500 Z-0.125000
G01 X148.358000 Y164.920700 Z-0.125000
G01 X140.182000 Y156.745600 Z-0.125000
G01 X139.796000 Y156.041300 Z-0.125000
G01 X139.754000 Y155.780700 Z-0.125000
G01 X139.887000 Y155.814000 Z-0.125000
G01 X149.399000 Y165.326200 Z-0.125000
G01 X150.076000 Y165.684500 Z-0.125000
G01 X150.317000 Y165.707300 Z-0.125000
G01 X150.275000 Y165.565800 Z-0.125000
G01 X139.692000 Y154.983200 Z-0.125000
G01 X139.389000 Y154.361900 Z-0.125000
G01 X139.404000 Y154.158400 Z-0.125000
G01 X139.563000 Y154.217700 Z-0.125000
G01 X151.148000 Y165.803900 Z-0.125000
G01 X151.774000 Y166.111500 Z-0.125000
G01 X151.980000 Y166.099300 Z-0.125000
G01 X151.923000 Y165.941900 Z-0.125000
G01 X139.473000 Y153.492700 Z-0.125000
G01 X139.206000 Y152.906900 Z-0.125000
G01 X139.245000 Y152.727800 Z-0.125000
G01 X139.415000 Y152.798200 Z-0.125000
G01 X152.686000 Y166.069700 Z-0.125000
G01 X153.308000 Y166.373400 Z-0.125000
G01 X153.512000 Y166.358500 Z-0.125000
G01 X153.453000 Y166.200000 Z-0.125000
G01 X149.265000 Y162.012500 Z-0.125000
G01 X149.268000 Y161.915600 Z-0.125000
G01 X149.607000 Y162.036600 Z-0.125000
G01 X150.427000 Y162.537700 Z-0.125000
G01 X154.120000 Y166.231600 Z-0.125000
G01 X154.699000 Y166.491600 Z-0.125000
G01 X154.872000 Y166.446700 Z-0.125000
G01 X154.800000 Y166.274600 Z-0.125000
G01 X151.450000 Y162.924900 Z-0.125000
G01 X151.426000 Y162.801100 Z-0.125000
G01 X151.706000 Y162.862900 Z-0.125000
G01 X152.439000 Y163.278000 Z-0.125000
G01 X155.459000 Y166.297500 Z-0.125000
G01 X156.015000 Y166.536200 Z-0.125000
G01 X156.174000 Y166.476700 Z-0.125000
G01 X156.095000 Y166.297800 Z-0.125000
G01 X153.251000 Y163.453800 Z-0.125000
G01 X153.192000 Y163.295200 Z-0.125000
G01 X153.395000 Y163.280200 Z-0.125000
G01 X154.017000 Y163.583500 Z-0.125000
G01 X156.714000 Y166.280600 Z-0.125000
G01 X157.253000 Y166.501800 Z-0.125000
G01 X157.400000 Y166.430300 Z-0.125000
G01 X157.315000 Y166.246000 Z-0.125000
G01 X154.729000 Y163.660000 Z-0.125000
G01 X154.657000 Y163.488000 Z-0.125000
G01 X154.831000 Y163.443600 Z-0.125000
G01 X155.410000 Y163.704300 Z-0.125000
G01 X157.898000 Y166.192900 Z-0.125000
G01 X158.421000 Y166.397400 Z-0.125000
G01 X158.557000 Y166.314400 Z-0.125000
G01 X158.466000 Y166.124800 Z-0.125000
G01 X156.059000 Y163.717700 Z-0.125000
G01 X155.975000 Y163.533900 Z-0.125000
G01 X156.123000 Y163.463500 Z-0.125000
G01 X156.664000 Y163.686300 Z-0.125000
G01 X159.020000 Y166.042700 Z-0.125000
G01 X159.528000 Y166.231700 Z-0.125000
G01 X159.652000 Y166.138000 Z-0.125000
G01 X159.557000 Y165.943700 Z-0.125000
G01 X157.272000 Y163.657900 Z-0.125000
G01 X157.182000 Y163.468900 Z-0.125000
G01 X157.319000 Y163.387200 Z-0.125000
G01 X157.844000 Y163.593600 Z-0.125000
G01 X160.081000 Y165.831200 Z-0.125000
G01 X160.575000 Y166.007100 Z-0.125000
G01 X160.691000 Y165.904400 Z-0.125000
G01 X160.592000 Y165.705900 Z-0.125000
G01 X158.395000 Y163.508900 Z-0.125000
G01 X158.299000 Y163.313700 Z-0.125000
G01 X158.422000 Y163.218400 Z-0.125000
G01 X158.927000 Y163.405000 Z-0.125000
G01 X161.091000 Y165.568800 Z-0.125000
G01 X161.572000 Y165.731400 Z-0.125000
G01 X161.678000 Y165.619500 Z-0.125000
G01 X161.575000 Y165.416900 Z-0.125000
G01 X159.441000 Y163.283100 Z-0.125000
G01 X159.340000 Y163.082500 Z-0.125000
G01 X159.451000 Y162.975200 Z-0.125000
G01 X159.939000 Y163.144300 Z-0.125000
G01 X162.047000 Y165.253200 Z-0.125000
G01 X162.298000 Y165.404700 Z-0.125000
G01 X162.516000 Y165.404100 Z-0.125000
G01 X162.615000 Y165.284200 Z-0.125000
G01 X162.508000 Y165.077900 Z-0.125000
G01 X160.420000 Y162.989400 Z-0.125000
G01 X160.314000 Y162.783900 Z-0.125000
G01 X160.414000 Y162.665700 Z-0.125000
G01 X160.634000 Y162.666800 Z-0.125000
G01 X160.886000 Y162.819100 Z-0.125000
G01 X162.958000 Y164.891500 Z-0.125000
G01 X163.206000 Y165.040000 Z-0.125000
G01 X163.417000 Y165.032600 Z-0.125000
G01 X163.509000 Y164.906100 Z-0.125000
G01 X163.399000 Y164.696700 Z-0.125000
G01 X161.337000 Y162.634000 Z-0.125000
G01 X161.226000 Y162.424000 Z-0.125000
G01 X161.316000 Y162.295800 Z-0.125000
G01 X161.526000 Y162.286900 Z-0.125000
G01 X161.773000 Y162.434600 Z-0.125000
G01 X163.824000 Y164.485100 Z-0.125000
G01 X164.068000 Y164.629600 Z-0.125000
G01 X164.270000 Y164.613500 Z-0.125000
G01 X164.354000 Y164.478100 Z-0.125000
G01 X164.240000 Y164.264800 Z-0.125000
G01 X162.196000 Y162.221400 Z-0.125000
G01 X162.081000 Y162.007100 Z-0.125000
G01 X162.162000 Y161.869500 Z-0.125000
G01 X162.363000 Y161.851200 Z-0.125000
G01 X162.606000 Y161.994700 Z-0.125000
G01 X164.645000 Y164.034100 Z-0.125000
G01 X164.886000 Y164.175300 Z-0.125000
G01 X165.081000 Y164.152100 Z-0.125000
G01 X165.157000 Y164.009600 Z-0.125000
G01 X165.040000 Y163.793100 Z-0.125000
G01 X163.002000 Y161.754700 Z-0.125000
G01 X162.883000 Y161.536300 Z-0.125000
G01 X162.955000 Y161.389700 Z-0.125000
G01 X163.146000 Y161.362300 Z-0.125000
G01 X163.385000 Y161.501700 Z-0.125000
G01 X165.425000 Y163.541900 Z-0.125000
G01 X165.662000 Y163.679900 Z-0.125000
G01 X165.851000 Y163.649700 Z-0.125000
G01 X165.920000 Y163.500300 Z-0.125000
G01 X165.800000 Y163.280600 Z-0.125000
G01 X163.755000 Y161.235900 Z-0.125000
G01 X163.632000 Y161.013500 Z-0.125000
G01 X163.695000 Y160.858100 Z-0.125000
G01 X163.878000 Y160.822000 Z-0.125000
G01 X164.113000 Y160.957400 Z-0.125000
G01 X166.164000 Y163.008900 Z-0.125000
G01 X166.398000 Y163.143600 Z-0.125000
G01 X166.580000 Y163.106200 Z-0.125000
G01 X166.642000 Y162.949500 Z-0.125000
G01 X166.518000 Y162.726400 Z-0.125000
G01 X164.457000 Y160.665200 Z-0.125000
G01 X164.329000 Y160.438500 Z-0.125000
G01 X164.383000 Y160.273900 Z-0.125000
G01 X164.557000 Y160.228500 Z-0.125000
G01 X164.787000 Y160.359700 Z-0.125000
G01 X166.862000 Y162.434200 Z-0.125000
G01 X167.093000 Y162.565800 Z-0.125000
G01 X167.267000 Y162.521600 Z-0.125000
G01 X167.322000 Y162.358100 Z-0.125000
G01 X167.196000 Y162.132000 Z-0.125000
G01 X165.105000 Y160.041400 Z-0.125000
G01 X164.974000 Y159.811000 Z-0.125000
G01 X165.020000 Y159.638100 Z-0.125000
G01 X165.185000 Y159.584400 Z-0.125000
G01 X165.412000 Y159.711800 Z-0.125000
G01 X167.520000 Y161.820000 Z-0.125000
G01 X167.748000 Y161.948600 Z-0.125000
G01 X167.915000 Y161.897600 Z-0.125000
G01 X167.964000 Y161.727300 Z-0.125000
G01 X167.834000 Y161.498100 Z-0.125000
G01 X165.705000 Y159.369400 Z-0.125000
G01 X165.570000 Y159.134800 Z-0.125000
G01 X165.607000 Y158.952800 Z-0.125000
G01 X165.762000 Y158.889900 Z-0.125000
G01 X165.985000 Y159.013200 Z-0.125000
G01 X168.138000 Y161.166400 Z-0.125000
G01 X168.363000 Y161.291700 Z-0.125000
G01 X168.524000 Y161.233600 Z-0.125000
G01 X168.565000 Y161.056200 Z-0.125000
G01 X168.432000 Y160.823800 Z-0.125000
G01 X166.253000 Y158.644800 Z-0.125000
G01 X166.114000 Y158.406500 Z-0.125000
G01 X166.142000 Y158.216100 Z-0.125000
G01 X166.290000 Y158.145000 Z-0.125000
G01 X166.509000 Y158.264400 Z-0.125000
G01 X168.715000 Y160.470900 Z-0.125000
G01 X168.937000 Y160.593100 Z-0.125000
G01 X169.090000 Y160.528000 Z-0.125000
G01 X169.124000 Y160.343600 Z-0.125000
G01 X168.988000 Y160.108000 Z-0.125000
G01 X166.752000 Y157.871900 Z-0.125000
G01 X166.609000 Y157.629700 Z-0.125000
G01 X166.629000 Y157.430900 Z-0.125000
G01 X166.768000 Y157.351400 Z-0.125000
G01 X166.983000 Y157.467100 Z-0.125000
G01 X169.251000 Y159.734900 Z-0.125000
G01 X169.470000 Y159.853900 Z-0.125000
G01 X169.616000 Y159.781700 Z-0.125000
G01 X169.643000 Y159.590300 Z-0.125000
G01 X169.504000 Y159.351500 Z-0.125000
G01 X167.201000 Y157.048200 Z-0.125000
G01 X167.054000 Y156.801900 Z-0.125000
G01 X167.064000 Y156.594000 Z-0.125000
G01 X167.195000 Y156.505400 Z-0.125000
G01 X167.405000 Y156.616900 Z-0.125000
G01 X169.746000 Y158.957700 Z-0.125000
G01 X169.961000 Y159.073300 Z-0.125000
G01 X170.100000 Y158.993600 Z-0.125000
G01 X170.120000 Y158.794600 Z-0.125000
G01 X169.977000 Y158.552400 Z-0.125000
G01 X167.598000 Y156.173000 Z-0.125000
G01 X167.447000 Y155.922700 Z-0.125000
G01 X167.449000 Y155.706000 Z-0.125000
G01 X167.570000 Y155.608500 Z-0.125000
G01 X167.777000 Y155.716000 Z-0.125000
G01 X170.197000 Y158.135900 Z-0.125000
G01 X170.408000 Y158.248000 Z-0.125000
G01 X170.539000 Y158.160600 Z-0.125000
G01 X170.551000 Y157.954000 Z-0.125000
G01 X170.405000 Y157.708300 Z-0.125000
G01 X167.941000 Y155.244100 Z-0.125000
G01 X167.778000 Y154.762900 Z-0.125000
G01 X167.889000 Y154.655700 Z-0.125000
G01 X168.092000 Y154.758800 Z-0.125000
G01 X170.603000 Y157.269500 Z-0.125000
G01 X170.810000 Y157.378100 Z-0.125000
G01 X170.934000 Y157.283000 Z-0.125000
G01 X170.938000 Y157.068500 Z-0.125000
G01 X170.788000 Y156.819300 Z-0.125000
G01 X168.229000 Y154.259500 Z-0.125000
G01 X168.050000 Y153.763000 Z-0.125000
G01 X168.151000 Y153.645200 Z-0.125000
G01 X168.349000 Y153.743500 Z-0.125000
G01 X170.962000 Y156.357300 Z-0.125000
G01 X171.166000 Y156.461700 Z-0.125000
G01 X171.281000 Y156.357500 Z-0.125000
G01 X171.276000 Y156.134000 Z-0.125000
G01 X171.122000 Y155.880600 Z-0.125000
G01 X168.447000 Y153.205500 Z-0.125000
G01 X168.256000 Y152.696500 Z-0.125000
G01 X168.348000 Y152.570300 Z-0.125000
G01 X168.542000 Y152.664700 Z-0.125000
G01 X171.270000 Y155.392200 Z-0.125000
G01 X171.470000 Y155.492800 Z-0.125000
G01 X171.575000 Y155.380100 Z-0.125000
G01 X171.404000 Y154.890900 Z-0.125000
G01 X168.612000 Y152.098900 Z-0.125000
G01 X168.399000 Y151.568000 Z-0.125000
G01 X168.477000 Y151.426600 Z-0.125000
G01 X168.664000 Y151.514200 Z-0.125000
G01 X171.526000 Y154.376300 Z-0.125000
G01 X171.721000 Y154.472200 Z-0.125000
G01 X171.817000 Y154.349200 Z-0.125000
G01 X171.631000 Y153.845100 Z-0.125000
G01 X168.690000 Y150.904300 Z-0.125000
G01 X168.457000 Y150.353700 Z-0.125000
G01 X168.521000 Y150.198800 Z-0.125000
G01 X168.702000 Y150.280200 Z-0.125000
G01 X171.722000 Y153.299800 Z-0.125000
G01 X171.912000 Y153.391100 Z-0.125000
G01 X171.998000 Y153.258200 Z-0.125000
G01 X171.797000 Y152.739500 Z-0.125000
G01 X168.686000 Y149.627800 Z-0.125000
G01 X168.425000 Y149.049100 Z-0.125000
G01 X168.469000 Y148.874900 Z-0.125000
G01 X168.642000 Y148.947600 Z-0.125000
G01 X171.875000 Y152.181000 Z-0.125000
G01 X172.057000 Y152.263700 Z-0.125000
G01 X172.124000 Y152.111900 Z-0.125000
G01 X171.896000 Y151.565700 Z-0.125000
G01 X168.540000 Y148.209900 Z-0.125000
G01 X168.240000 Y147.591500 Z-0.125000
G01 X168.257000 Y147.389900 Z-0.125000
G01 X168.416000 Y147.450100 Z-0.125000
G01 X171.919000 Y150.952500 Z-0.125000
G01 X172.098000 Y151.032300 Z-0.125000
G01 X172.158000 Y150.873700 Z-0.125000
G01 X171.920000 Y150.317800 Z-0.125000
G01 X168.284000 Y146.681800 Z-0.125000
G01 X167.932000 Y146.012100 Z-0.125000
G01 X167.914000 Y145.775300 Z-0.125000
G01 X168.058000 Y145.819500 Z-0.125000
G01 X171.902000 Y149.663600 Z-0.125000
G01 X172.075000 Y149.737100 Z-0.125000
G01 X172.121000 Y149.564700 Z-0.125000
G01 X171.863000 Y148.988800 Z-0.125000
G01 X167.731000 Y144.857000 Z-0.125000
G01 X167.282000 Y144.089500 Z-0.125000
G01 X167.196000 Y143.785500 Z-0.125000
G01 X167.309000 Y143.799200 Z-0.125000
G01 X171.801000 Y148.291100 Z-0.125000
G01 X171.965000 Y148.355900 Z-0.125000
G01 X171.993000 Y148.164600 Z-0.125000
G01 X171.707000 Y147.561100 Z-0.125000
G01 X166.113000 Y141.966900 Z-0.125000
G00 Z5.000000

(End cutting path id: path44)


(Start cutting path id: path44)
(Change tool to Default tool)

G00 Z5.000000
G00 X168.586000 Y139.349900

G01 Z-0.125000 F100.0(Penetrate)
G01 X165.525000 Y136.289600 Z-0.125000 F400.000000
G00 Z5.000000

(End cutting path id: path44)


(Start cutting path id: path44)
(Change tool to Default tool)

G00 Z5.000000
G00 X163.625000 Y135.025100

G01 Z-0.125000 F100.0(Penetrate)
G01 X169.580000 Y140.980800 Z-0.125000 F400.000000
G00 Z5.000000

(End cutting path id: path44)


(Start cutting path id: path44)
(Change tool to Default tool)

G00 Z5.000000
G00 X162.417000 Y138.264700

G01 Z-0.125000 F100.0(Penetrate)
G01 X163.607000 Y139.120900 Z-0.125000 F400.000000
G01 X164.669000 Y140.126800 Z-0.125000
G01 X165.601000 Y141.264100 Z-0.125000
G01 X166.399000 Y142.514300 Z-0.125000
G01 X167.063000 Y143.859000 Z-0.125000
G01 X167.590000 Y145.279700 Z-0.125000
G01 X168.225000 Y148.275600 Z-0.125000
G01 X168.288000 Y151.354200 Z-0.125000
G01 X168.099000 Y152.878500 Z-0.125000
G01 X167.760000 Y154.368300 Z-0.125000
G01 X167.270000 Y155.804900 Z-0.125000
G01 X166.626000 Y157.170100 Z-0.125000
G01 X165.826000 Y158.445300 Z-0.125000
G01 X164.868000 Y159.612200 Z-0.125000
G01 X163.386000 Y160.931500 Z-0.125000
G01 X161.698000 Y161.971000 Z-0.125000
G01 X159.847000 Y162.724400 Z-0.125000
G01 X157.874000 Y163.185100 Z-0.125000
G01 X155.821000 Y163.346900 Z-0.125000
G01 X153.729000 Y163.203100 Z-0.125000
G01 X151.640000 Y162.747500 Z-0.125000
G01 X149.596000 Y161.973600 Z-0.125000
G01 X148.346000 Y161.291000 Z-0.125000
G01 X147.215000 Y160.470000 Z-0.125000
G01 X146.206000 Y159.523700 Z-0.125000
G01 X145.320000 Y158.465500 Z-0.125000
G01 X144.562000 Y157.308600 Z-0.125000
G01 X143.934000 Y156.066200 Z-0.125000
G01 X143.078000 Y153.377900 Z-0.125000
G01 X142.774000 Y150.506400 Z-0.125000
G01 X143.044000 Y147.557700 Z-0.125000
G01 X143.401000 Y146.087400 Z-0.125000
G01 X143.911000 Y144.637600 Z-0.125000
G01 X144.575000 Y143.221400 Z-0.125000
G01 X145.396000 Y141.852000 Z-0.125000
G01 X146.992000 Y139.896600 Z-0.125000
G01 X148.847000 Y138.349000 Z-0.125000
G01 X150.909000 Y137.220600 Z-0.125000
G01 X153.122000 Y136.522800 Z-0.125000
G01 X155.434000 Y136.267000 Z-0.125000
G01 X157.789000 Y136.464400 Z-0.125000
G01 X160.135000 Y137.126500 Z-0.125000
G01 X162.417000 Y138.264700 Z-0.125000
G01 X162.417000 Y138.264700 Z-0.125000
G00 Z5.000000

(End cutting path id: path44)


(Start cutting path id: path44)
(Change tool to Default tool)

G00 Z5.000000
G00 X162.031000 Y137.884800

G01 Z-0.125000 F100.0(Penetrate)
G01 X157.527000 Y133.380600 Z-0.125000 F400.000000
G01 X157.462000 Y133.215600 Z-0.125000
G01 X157.651000 Y133.186500 Z-0.125000
G01 X158.252000 Y133.469400 Z-0.125000
G01 X171.585000 Y146.802000 Z-0.125000
G01 X171.738000 Y146.855600 Z-0.125000
G01 X171.740000 Y146.639500 Z-0.125000
G01 X171.419000 Y146.000000 Z-0.125000
G01 X159.012000 Y133.593100 Z-0.125000
G01 X158.960000 Y133.442100 Z-0.125000
G01 X159.181000 Y133.443800 Z-0.125000
G01 X159.827000 Y133.771600 Z-0.125000
G01 X171.238000 Y145.182600 Z-0.125000
G01 X171.369000 Y145.214600 Z-0.125000
G01 X171.324000 Y144.951000 Z-0.125000
G01 X170.933000 Y144.242200 Z-0.125000
G01 X160.703000 Y134.012200 Z-0.125000
G01 X160.675000 Y133.884200 Z-0.125000
G01 X160.946000 Y133.936500 Z-0.125000
G01 X161.665000 Y134.337900 Z-0.125000
G01 X170.621000 Y143.294300 Z-0.125000
G01 X170.714000 Y143.287800 Z-0.125000
G01 X170.585000 Y142.939600 Z-0.125000
G01 X170.071000 Y142.107900 Z-0.125000
G01 X162.385000 Y134.421300 Z-0.125000
G00 Z5.000000

(End cutting path id: path44)


(Start cutting path id: path44)
(Change tool to Default tool)

G00 Z5.000000
G00 X151.799000 Y133.329600

G01 Z-0.125000 F100.0(Penetrate)
G01 X149.554000 Y134.023300 Z-0.125000 F400.000000
G01 X147.222000 Y135.122900 Z-0.125000
G01 X145.075000 Y136.479200 Z-0.125000
G01 X143.386000 Y137.942900 Z-0.125000
G01 X142.047000 Y139.882000 Z-0.125000
G01 X140.574000 Y142.674500 Z-0.125000
G01 X139.797000 Y144.541900 Z-0.125000
G01 X139.313000 Y146.244200 Z-0.125000
G01 X139.062000 Y148.074900 Z-0.125000
G01 X138.982000 Y150.327200 Z-0.125000
G01 X139.129000 Y153.539600 Z-0.125000
G01 X139.684000 Y156.151000 Z-0.125000
G01 X140.758000 Y158.498700 Z-0.125000
G01 X142.462000 Y160.919600 Z-0.125000
G01 X143.539000 Y162.104600 Z-0.125000
G01 X144.773000 Y163.166900 Z-0.125000
G01 X146.150000 Y164.100500 Z-0.125000
G01 X147.657000 Y164.899500 Z-0.125000
G01 X149.282000 Y165.558000 Z-0.125000
G01 X151.012000 Y166.069800 Z-0.125000
G01 X152.835000 Y166.429200 Z-0.125000
G01 X154.736000 Y166.630200 Z-0.125000
G01 X156.622000 Y166.664100 Z-0.125000
G01 X158.434000 Y166.532500 Z-0.125000
G01 X160.165000 Y166.241400 Z-0.125000
G01 X161.809000 Y165.796700 Z-0.125000
G01 X163.359000 Y165.204700 Z-0.125000
G01 X164.808000 Y164.471300 Z-0.125000
G01 X166.149000 Y163.602600 Z-0.125000
G01 X167.377000 Y162.604700 Z-0.125000
G01 X168.484000 Y161.483600 Z-0.125000
G01 X169.464000 Y160.245400 Z-0.125000
G01 X170.309000 Y158.896100 Z-0.125000
G01 X171.014000 Y157.441700 Z-0.125000
G01 X171.572000 Y155.888400 Z-0.125000
G01 X171.975000 Y154.242200 Z-0.125000
G01 X172.218000 Y152.509100 Z-0.125000
G01 X172.293000 Y150.695300 Z-0.125000
G01 X172.174000 Y148.538300 Z-0.125000
G01 X171.848000 Y146.480400 Z-0.125000
G01 X171.326000 Y144.530900 Z-0.125000
G01 X170.620000 Y142.699100 Z-0.125000
G01 X169.740000 Y140.994600 Z-0.125000
G01 X168.699000 Y139.426700 Z-0.125000
G01 X167.506000 Y138.004800 Z-0.125000
G01 X166.173000 Y136.738300 Z-0.125000
G01 X164.711000 Y135.636600 Z-0.125000
G01 X163.131000 Y134.709100 Z-0.125000
G01 X161.445000 Y133.965300 Z-0.125000
G01 X159.662000 Y133.414500 Z-0.125000
G01 X157.796000 Y133.066100 Z-0.125000
G01 X155.856000 Y132.929600 Z-0.125000
G01 X153.853000 Y133.014200 Z-0.125000
G01 X151.799000 Y133.329600 Z-0.125000
G01 X151.799000 Y133.329600 Z-0.125000
G00 Z5.000000

(End cutting path id: path44)


(Start cutting path id: path44)
(Change tool to Default tool)

G00 Z5.000000
G00 X161.801000 Y119.177700

G01 Z-0.125000 F100.0(Penetrate)
G01 X160.724000 Y119.155000 Z-0.125000 F400.000000
G01 X160.193000 Y119.105000 Z-0.125000
G01 X159.689000 Y118.925800 Z-0.125000
G01 X159.608000 Y118.307900 Z-0.125000
G01 X159.685000 Y117.691400 Z-0.125000
G01 X159.963000 Y118.483400 Z-0.125000
G01 X160.277000 Y118.751700 Z-0.125000
G01 X160.692000 Y118.883200 Z-0.125000
G01 X161.831000 Y119.081900 Z-0.125000
G01 X162.988000 Y119.110300 Z-0.125000
G01 X165.303000 Y119.144500 Z-0.125000
G01 X165.742000 Y118.848600 Z-0.125000
G01 X165.880000 Y118.354900 Z-0.125000
G01 X165.844000 Y117.257500 Z-0.125000
G01 X165.862000 Y113.751600 Z-0.125000
G01 X165.806000 Y112.001800 Z-0.125000
G01 X165.594000 Y110.265600 Z-0.125000
G01 X165.329000 Y109.779000 Z-0.125000
G01 X164.919000 Y109.425000 Z-0.125000
G01 X163.930000 Y108.951000 Z-0.125000
G01 X163.354000 Y108.149000 Z-0.125000
G01 X163.105000 Y107.199000 Z-0.125000
G01 X163.046000 Y105.195000 Z-0.125000
G01 X163.197000 Y103.604000 Z-0.125000
G01 X163.166000 Y102.815000 Z-0.125000
G01 X162.908000 Y102.080000 Z-0.125000
G01 X162.221000 Y101.677000 Z-0.125000
G01 X161.426000 Y101.593000 Z-0.125000
G01 X160.607000 Y101.556000 Z-0.125000
G01 X159.853000 Y101.295000 Z-0.125000
G01 X161.624000 Y101.181000 Z-0.125000
G01 X163.402000 Y101.230000 Z-0.125000
G01 X163.726000 Y108.603000 Z-0.125000
G01 X167.039000 Y109.555000 Z-0.125000
G01 X168.730000 Y109.727000 Z-0.125000
G01 X169.575000 Y109.640000 Z-0.125000
G01 X170.415000 Y109.400000 Z-0.125000
G01 X173.488000 Y108.359000 Z-0.125000
G01 X173.730000 Y103.756000 Z-0.125000
G01 X173.874000 Y110.495400 Z-0.125000
G01 X173.867000 Y117.238600 Z-0.125000
G01 X174.155000 Y117.407900 Z-0.125000
G01 X174.597000 Y117.422200 Z-0.125000
G01 X175.531000 Y117.402300 Z-0.125000
G01 X181.685000 Y117.402300 Z-0.125000
G01 X181.814000 Y110.604800 Z-0.125000
G01 X181.922000 Y107.214000 Z-0.125000
G01 X182.166000 Y103.867000 Z-0.125000
G01 X182.294000 Y106.831000 Z-0.125000
G01 X182.423000 Y108.305000 Z-0.125000
G01 X182.723000 Y109.752000 Z-0.125000
G01 X183.165000 Y110.397600 Z-0.125000
G01 X183.784000 Y110.867300 Z-0.125000
G01 X185.258000 Y111.408200 Z-0.125000
G01 X184.204000 Y111.242700 Z-0.125000
G01 X183.182000 Y110.958900 Z-0.125000
G01 X182.619000 Y111.188600 Z-0.125000
G01 X182.302000 Y111.688900 Z-0.125000
G01 X182.126000 Y112.924200 Z-0.125000
G01 X182.093000 Y115.315700 Z-0.125000
G01 X182.034000 Y116.506800 Z-0.125000
G01 X181.805000 Y117.677700 Z-0.125000
G01 X175.146000 Y117.525400 Z-0.125000
G01 X174.191000 Y117.529000 Z-0.125000
G01 X173.828000 Y117.417500 Z-0.125000
G01 X173.781000 Y116.994100 Z-0.125000
G01 X173.800000 Y113.448200 Z-0.125000
G01 X173.601000 Y109.914000 Z-0.125000
G01 X173.349000 Y109.468000 Z-0.125000
G01 X172.928000 Y109.212000 Z-0.125000
G01 X172.430000 Y109.159000 Z-0.125000
G01 X171.948000 Y109.327000 Z-0.125000
G01 X169.260000 Y109.930000 Z-0.125000
G01 X166.498000 Y110.326100 Z-0.125000
G01 X166.498000 Y119.181600 Z-0.125000
G01 X161.801000 Y119.177700 Z-0.125000
G01 X161.801000 Y119.177700 Z-0.125000
G00 Z5.000000

(End cutting path id: path44)


(Start cutting path id: path44)
(Change tool to Default tool)

G00 Z5.000000
G00 X156.049000 Y112.976900

G01 Z-0.125000 F100.0(Penetrate)
G01 X158.547000 Y115.475100 Z-0.125000 F400.000000
G01 X158.792000 Y115.620000 Z-0.125000
G01 X158.995000 Y115.604900 Z-0.125000
G01 X159.079000 Y115.470500 Z-0.125000
G01 X158.966000 Y115.257600 Z-0.125000
G01 X157.293000 Y113.584400 Z-0.125000
G01 X157.215000 Y113.407000 Z-0.125000
G01 X157.377000 Y113.350700 Z-0.125000
G01 X157.938000 Y113.594100 Z-0.125000
G01 X159.337000 Y114.993000 Z-0.125000
G01 X159.568000 Y115.124400 Z-0.125000
G01 X159.742000 Y115.079600 Z-0.125000
G01 X159.797000 Y114.915500 Z-0.125000
G01 X159.670000 Y114.689100 Z-0.125000
G01 X158.360000 Y113.379900 Z-0.125000
G01 X158.222000 Y113.142000 Z-0.125000
G01 X158.251000 Y112.952600 Z-0.125000
G01 X158.400000 Y112.882400 Z-0.125000
G01 X158.619000 Y113.002300 Z-0.125000
G01 X159.964000 Y114.347500 Z-0.125000
G01 X160.184000 Y114.468400 Z-0.125000
G01 X160.335000 Y114.400600 Z-0.125000
G01 X160.367000 Y114.213500 Z-0.125000
G01 X160.229000 Y113.976600 Z-0.125000
G01 X158.664000 Y112.411800 Z-0.125000
G01 X158.329000 Y111.758100 Z-0.125000
G01 X158.322000 Y111.532300 Z-0.125000
G01 X158.470000 Y111.581500 Z-0.125000
G01 X160.459000 Y113.570700 Z-0.125000
G01 X160.668000 Y113.679400 Z-0.125000
G01 X160.791000 Y113.584500 Z-0.125000
G01 X160.796000 Y113.370300 Z-0.125000
G01 X160.646000 Y113.121200 Z-0.125000
G01 X158.089000 Y110.564200 Z-0.125000
G01 X157.580000 Y109.737000 Z-0.125000
G01 X157.454000 Y109.392000 Z-0.125000
G01 X157.548000 Y109.387000 Z-0.125000
G01 X160.779000 Y112.617900 Z-0.125000
G01 X160.967000 Y112.706700 Z-0.125000
G01 X161.047000 Y112.568200 Z-0.125000
G01 X160.838000 Y112.041400 Z-0.125000
G01 X156.270000 Y107.473000 Z-0.125000
G00 Z5.000000

(End cutting path id: path44)


(Start cutting path id: path44)
(Change tool to Default tool)

G00 Z5.000000
G00 X155.066000 Y105.633000

G01 Z-0.125000 F100.0(Penetrate)
G01 X160.828000 Y111.395000 Z-0.125000 F400.000000
G01 X160.987000 Y111.454100 Z-0.125000
G01 X161.001000 Y111.250200 Z-0.125000
G01 X160.698000 Y110.628400 Z-0.125000
G01 X152.505000 Y102.435000 Z-0.125000
G00 Z5.000000

(End cutting path id: path44)


(Start cutting path id: path44)
(Change tool to Default tool)

G00 Z5.000000
G00 X151.207000 Y101.059000

G01 Z-0.125000 F100.0(Penetrate)
G01 X152.792000 Y102.795000 Z-0.125000 F400.000000
G01 X154.268000 Y104.630000 Z-0.125000
G01 X156.698000 Y108.259000 Z-0.125000
G01 X157.554000 Y109.884000 Z-0.125000
G01 X158.106000 Y111.269200 Z-0.125000
G01 X158.304000 Y112.331100 Z-0.125000
G01 X158.100000 Y112.984700 Z-0.125000
G01 X157.610000 Y113.251600 Z-0.125000
G01 X156.965000 Y113.244500 Z-0.125000
G01 X156.180000 Y112.978700 Z-0.125000
G01 X155.268000 Y112.468900 Z-0.125000
G01 X153.119000 Y110.778000 Z-0.125000
G01 X150.631000 Y108.292000 Z-0.125000
G01 X147.912000 Y105.131000 Z-0.125000
G01 X145.076000 Y101.415000 Z-0.125000
G01 X142.231000 Y97.264000 Z-0.125000
G01 X139.489000 Y92.799000 Z-0.125000
G01 X137.860000 Y89.986000 Z-0.125000
G01 X142.662000 Y93.611000 Z-0.125000
G01 X147.153000 Y97.294000 Z-0.125000
G01 X151.207000 Y101.059000 Z-0.125000
G01 X151.207000 Y101.059000 Z-0.125000
G00 Z5.000000

(End cutting path id: path44)


(Start cutting path id: path44)
(Change tool to Default tool)

G00 Z5.000000
G00 X146.358000 Y103.286000

G01 Z-0.125000 F100.0(Penetrate)
G01 X137.717000 Y94.645000 Z-0.125000 F400.000000
G00 Z5.000000

(End cutting path id: path44)


(Start cutting path id: path44)
(Change tool to Default tool)

G00 Z5.000000
G00 X136.873000 Y93.165000

G01 Z-0.125000 F100.0(Penetrate)
G01 X144.388000 Y100.680000 Z-0.125000 F400.000000
G00 Z5.000000

(End cutting path id: path44)


(Start cutting path id: path44)
(Change tool to Default tool)

G00 Z5.000000
G00 X142.757000 Y102.229000

G01 Z-0.125000 F100.0(Penetrate)
G01 X156.128000 Y115.600300 Z-0.125000 F400.000000
G01 X156.747000 Y115.900900 Z-0.125000
G01 X156.949000 Y115.883900 Z-0.125000
G01 X156.889000 Y115.724400 Z-0.125000
G01 X141.289000 Y100.125000 Z-0.125000
G00 Z5.000000

(End cutting path id: path44)


(Start cutting path id: path44)
(Change tool to Default tool)

G00 Z5.000000
G00 X140.359000 Y98.558000

G01 Z-0.125000 F100.0(Penetrate)
G01 X157.522000 Y115.721900 Z-0.125000 F400.000000
G01 X158.034000 Y115.916100 Z-0.125000
G01 X158.163000 Y115.825900 Z-0.125000
G01 X158.069000 Y115.633100 Z-0.125000
G01 X154.300000 Y111.864100 Z-0.125000
G00 Z5.000000

(End cutting path id: path44)


(Start cutting path id: path44)
(Change tool to Default tool)

G00 Z5.000000
G00 X160.586000 Y109.881000

G01 Z-0.125000 F100.0(Penetrate)
G01 X130.608000 Y79.902000 Z-0.125000 F400.000000
G01 X130.370000 Y79.346000 Z-0.125000
G01 X130.430000 Y79.188000 Z-0.125000
G01 X130.609000 Y79.267000 Z-0.125000
G01 X134.010000 Y82.668000 Z-0.125000
G00 Z5.000000

(End cutting path id: path44)


(Start cutting path id: path44)
(Change tool to Default tool)

G00 Z5.000000
G00 X133.312000 Y81.334000

G01 Z-0.125000 F100.0(Penetrate)
G01 X130.632000 Y78.654000 Z-0.125000 F400.000000
G01 X130.436000 Y78.141000 Z-0.125000
G01 X130.526000 Y78.012000 Z-0.125000
G01 X130.718000 Y78.105000 Z-0.125000
G01 X132.766000 Y80.152000 Z-0.125000
G01 X132.932000 Y80.219000 Z-0.125000
G01 X132.965000 Y80.033000 Z-0.125000
G01 X132.686000 Y79.437000 Z-0.125000
G01 X130.864000 Y77.615000 Z-0.125000
G01 X130.716000 Y77.367000 Z-0.125000
G01 X130.723000 Y77.155000 Z-0.125000
G01 X130.850000 Y77.063000 Z-0.125000
G01 X131.059000 Y77.173000 Z-0.125000
G01 X132.699000 Y78.813000 Z-0.125000
G01 X132.892000 Y78.907000 Z-0.125000
G01 X132.982000 Y78.778000 Z-0.125000
G01 X132.789000 Y78.267000 Z-0.125000
G01 X131.298000 Y76.776000 Z-0.125000
G01 X131.162000 Y76.541000 Z-0.125000
G01 X131.197000 Y76.357000 Z-0.125000
G01 X131.351000 Y76.293000 Z-0.125000
G01 X131.573000 Y76.415000 Z-0.125000
G01 X132.995000 Y77.837000 Z-0.125000
G01 X133.221000 Y77.964000 Z-0.125000
G01 X133.385000 Y77.908000 Z-0.125000
G01 X133.428000 Y77.734000 Z-0.125000
G01 X133.297000 Y77.502000 Z-0.125000
G01 X131.883000 Y76.089000 Z-0.125000
G01 X131.756000 Y75.862000 Z-0.125000
G01 X131.811000 Y75.699000 Z-0.125000
G01 X131.986000 Y75.655000 Z-0.125000
G01 X132.217000 Y75.787000 Z-0.125000
G01 X133.684000 Y77.254000 Z-0.125000
G01 X133.936000 Y77.407000 Z-0.125000
G01 X134.157000 Y77.409000 Z-0.125000
G01 X134.259000 Y77.292000 Z-0.125000
G01 X134.153000 Y77.087000 Z-0.125000
G01 X132.579000 Y75.513000 Z-0.125000
G01 X132.461000 Y75.296000 Z-0.125000
G01 X132.536000 Y75.152000 Z-0.125000
G01 X132.730000 Y75.127000 Z-0.125000
G01 X132.970000 Y75.268000 Z-0.125000
G01 X134.700000 Y76.997000 Z-0.125000
G01 X135.245000 Y77.224000 Z-0.125000
G01 X135.396000 Y77.157000 Z-0.125000
G01 X135.313000 Y76.974000 Z-0.125000
G01 X133.399000 Y75.060000 Z-0.125000
G01 X133.293000 Y74.855000 Z-0.125000
G01 X133.394000 Y74.737000 Z-0.125000
G01 X133.614000 Y74.739000 Z-0.125000
G01 X133.866000 Y74.891000 Z-0.125000
G01 X135.990000 Y77.016000 Z-0.125000
G01 X136.598000 Y77.305000 Z-0.125000
G01 X136.792000 Y77.281000 Z-0.125000
G01 X136.729000 Y77.118000 Z-0.125000
G01 X134.371000 Y74.760000 Z-0.125000
G01 X134.280000 Y74.569000 Z-0.125000
G01 X134.412000 Y74.484000 Z-0.125000
G01 X134.931000 Y74.684000 Z-0.125000
G01 X137.557000 Y77.310000 Z-0.125000
G01 X138.210000 Y77.645000 Z-0.125000
G01 X138.435000 Y77.652000 Z-0.125000
G01 X138.386000 Y77.503000 Z-0.125000
G01 X135.541000 Y74.658000 Z-0.125000
G01 X135.466000 Y74.483000 Z-0.125000
G01 X135.635000 Y74.434000 Z-0.125000
G01 X136.206000 Y74.686000 Z-0.125000
G01 X139.295000 Y77.776000 Z-0.125000
G01 X140.015000 Y78.178000 Z-0.125000
G01 X140.286000 Y78.230000 Z-0.125000
G01 X140.257000 Y78.102000 Z-0.125000
G01 X136.928000 Y74.773000 Z-0.125000
G01 X136.871000 Y74.617000 Z-0.125000
G01 X137.081000 Y74.607000 Z-0.125000
G01 X137.710000 Y74.919000 Z-0.125000
G01 X141.277000 Y78.485000 Z-0.125000
G01 X142.049000 Y78.940000 Z-0.125000
G01 X142.356000 Y79.028000 Z-0.125000
G01 X142.344000 Y78.917000 Z-0.125000
G01 X138.554000 Y75.126000 Z-0.125000
G01 X138.499000 Y74.973000 Z-0.125000
G01 X138.713000 Y74.968000 Z-0.125000
G01 X139.350000 Y75.287000 Z-0.125000
G01 X143.467000 Y79.403000 Z-0.125000
G01 X144.290000 Y79.909000 Z-0.125000
G01 X144.633000 Y80.032000 Z-0.125000
G01 X144.637000 Y79.937000 Z-0.125000
G01 X140.330000 Y75.631000 Z-0.125000
G01 X140.315000 Y75.516000 Z-0.125000
G01 X140.616000 Y75.599000 Z-0.125000
G01 X141.379000 Y76.043000 Z-0.125000
G01 X146.098000 Y80.762000 Z-0.125000
G00 Z5.000000

(End cutting path id: path44)


(Start cutting path id: path44)
(Change tool to Default tool)

G00 Z5.000000
G00 X147.431000 Y81.460000

G01 Z-0.125000 F100.0(Penetrate)
G01 X142.521000 Y76.550000 Z-0.125000 F400.000000
G01 X142.518000 Y76.447000 Z-0.125000
G01 X142.845000 Y76.555000 Z-0.125000
G01 X143.646000 Y77.038000 Z-0.125000
G01 X148.902000 Y82.294000 Z-0.125000
G00 Z5.000000

(End cutting path id: path44)


(Start cutting path id: path44)
(Change tool to Default tool)

G00 Z5.000000
G00 X151.340000 Y84.096000

G01 Z-0.125000 F100.0(Penetrate)
G01 X144.802000 Y77.558000 Z-0.125000 F400.000000
G01 X144.806000 Y77.462000 Z-0.125000
G01 X145.147000 Y77.585000 Z-0.125000
G01 X145.969000 Y78.089000 Z-0.125000
G01 X162.319000 Y94.439000 Z-0.125000
G00 Z5.000000

(End cutting path id: path44)


(Start cutting path id: path44)
(Change tool to Default tool)

G00 Z5.000000
G00 X161.359000 Y92.843000

G01 Z-0.125000 F100.0(Penetrate)
G01 X147.137000 Y78.620000 Z-0.125000 F400.000000
G01 X147.140000 Y78.524000 Z-0.125000
G01 X147.482000 Y78.647000 Z-0.125000
G01 X148.304000 Y79.151000 Z-0.125000
G01 X160.586000 Y91.434000 Z-0.125000
G00 Z5.000000

(End cutting path id: path44)


(Start cutting path id: path44)
(Change tool to Default tool)

G00 Z5.000000
G00 X159.307000 Y89.519000

G01 Z-0.125000 F100.0(Penetrate)
G01 X149.471000 Y79.683000 Z-0.125000 F400.000000
G01 X149.467000 Y79.580000 Z-0.125000
G01 X149.794000 Y79.687000 Z-0.125000
G01 X150.593000 Y80.169000 Z-0.125000
G01 X158.211000 Y87.786000 Z-0.125000
G00 Z5.000000

(End cutting path id: path44)


(Start cutting path id: path44)
(Change tool to Default tool)

G00 Z5.000000
G00 X157.159000 Y86.099000

G01 Z-0.125000 F100.0(Penetrate)
G01 X151.007000 Y79.946000 Z-0.125000 F400.000000
G01 X150.859000 Y79.699000 Z-0.125000
G01 X150.867000 Y79.488000 Z-0.125000
G01 X150.995000 Y79.397000 Z-0.125000
G01 X151.204000 Y79.508000 Z-0.125000
G01 X156.191000 Y84.494000 Z-0.125000
G00 Z5.000000

(End cutting path id: path44)


(Start cutting path id: path44)
(Change tool to Default tool)

G00 Z5.000000
G00 X155.544000 Y83.211000

G01 Z-0.125000 F100.0(Penetrate)
G01 X151.305000 Y78.972000 Z-0.125000 F400.000000
G01 X151.096000 Y78.445000 Z-0.125000
G01 X151.176000 Y78.307000 Z-0.125000
G01 X151.364000 Y78.396000 Z-0.125000
G01 X154.479000 Y81.510000 Z-0.125000
G01 X154.580000 Y81.512000 Z-0.125000
G01 X154.469000 Y81.182000 Z-0.125000
G01 X153.982000 Y80.377000 Z-0.125000
G01 X151.478000 Y77.873000 Z-0.125000
G01 X151.326000 Y77.621000 Z-0.125000
G01 X151.325000 Y77.402000 Z-0.125000
G01 X151.443000 Y77.301000 Z-0.125000
G01 X151.648000 Y77.407000 Z-0.125000
G01 X153.750000 Y79.508000 Z-0.125000
G01 X153.926000 Y79.586000 Z-0.125000
G01 X153.981000 Y79.422000 Z-0.125000
G01 X153.736000 Y78.858000 Z-0.125000
G01 X151.868000 Y76.991000 Z-0.125000
G01 X151.731000 Y76.754000 Z-0.125000
G01 X151.763000 Y76.567000 Z-0.125000
G01 X151.914000 Y76.500000 Z-0.125000
G01 X152.134000 Y76.621000 Z-0.125000
G01 X153.905000 Y78.392000 Z-0.125000
G01 X154.134000 Y78.522000 Z-0.125000
G01 X154.305000 Y78.474000 Z-0.125000
G01 X154.356000 Y78.306000 Z-0.125000
G01 X154.228000 Y78.078000 Z-0.125000
G01 X152.446000 Y76.297000 Z-0.125000
G01 X152.322000 Y76.074000 Z-0.125000
G01 X152.384000 Y75.917000 Z-0.125000
G01 X152.566000 Y75.879000 Z-0.125000
G01 X152.800000 Y76.014000 Z-0.125000
G01 X154.672000 Y77.886000 Z-0.125000
G01 X155.179000 Y78.075000 Z-0.125000
G01 X155.303000 Y77.981000 Z-0.125000
G01 X155.208000 Y77.787000 Z-0.125000
G01 X153.199000 Y75.777000 Z-0.125000
G01 X153.088000 Y75.568000 Z-0.125000
G01 X153.180000 Y75.440000 Z-0.125000
G01 X153.390000 Y75.432000 Z-0.125000
G01 X153.638000 Y75.580000 Z-0.125000
G01 X155.813000 Y77.755000 Z-0.125000
G01 X156.377000 Y78.002000 Z-0.125000
G01 X156.542000 Y77.947000 Z-0.125000
G01 X156.465000 Y77.771000 Z-0.125000
G01 X154.129000 Y75.435000 Z-0.125000
G01 X154.034000 Y75.241000 Z-0.125000
G01 X154.159000 Y75.147000 Z-0.125000
G01 X154.667000 Y75.337000 Z-0.125000
G01 X157.158000 Y77.829000 Z-0.125000
G01 X157.768000 Y78.120000 Z-0.125000
G01 X157.963000 Y78.096000 Z-0.125000
G01 X157.900000 Y77.934000 Z-0.125000
G01 X155.255000 Y75.289000 Z-0.125000
G01 X155.178000 Y75.113000 Z-0.125000
G01 X155.343000 Y75.059000 Z-0.125000
G01 X155.909000 Y75.307000 Z-0.125000
G01 X158.751000 Y78.149000 Z-0.125000
G01 X159.414000 Y78.494000 Z-0.125000
G01 X159.646000 Y78.507000 Z-0.125000
G01 X159.600000 Y78.362000 Z-0.125000
G01 X156.580000 Y75.342000 Z-0.125000
G01 X156.529000 Y75.192000 Z-0.125000
G01 X156.751000 Y75.195000 Z-0.125000
G01 X157.398000 Y75.524000 Z-0.125000
G01 X160.842000 Y78.967000 Z-0.125000
G00 Z5.000000

(End cutting path id: path44)


(Start cutting path id: path44)
(Change tool to Default tool)

G00 Z5.000000
G00 X162.079000 Y79.569000

G01 Z-0.125000 F100.0(Penetrate)
G01 X158.223000 Y75.713000 Z-0.125000 F400.000000
G01 X158.181000 Y75.571000 Z-0.125000
G01 X158.423000 Y75.594000 Z-0.125000
G01 X159.100000 Y75.953000 Z-0.125000
G01 X163.666000 Y80.520000 Z-0.125000
G00 Z5.000000

(End cutting path id: path44)


(Start cutting path id: path44)
(Change tool to Default tool)

G00 Z5.000000
G00 X164.345000 Y78.018000

G01 Z-0.125000 F100.0(Penetrate)
G01 X182.082000 Y95.755000 Z-0.125000 F400.000000
G00 Z5.000000

(End cutting path id: path44)


(Start cutting path id: path44)
(Change tool to Default tool)

G00 Z5.000000
G00 X181.186000 Y94.223000

G01 Z-0.125000 F100.0(Penetrate)
G01 X165.874000 Y78.911000 Z-0.125000 F400.000000
G00 Z5.000000

(End cutting path id: path44)


(Start cutting path id: path44)
(Change tool to Default tool)

G00 Z5.000000
G00 X172.093000 Y81.313000

G01 Z-0.125000 F100.0(Penetrate)
G01 X168.577000 Y77.797000 Z-0.125000 F400.000000
G01 X168.357000 Y77.259000 Z-0.125000
G01 X168.429000 Y77.113000 Z-0.125000
G01 X168.614000 Y77.198000 Z-0.125000
G01 X170.840000 Y79.424000 Z-0.125000
G01 X170.947000 Y79.432000 Z-0.125000
G01 X170.849000 Y79.115000 Z-0.125000
G01 X170.382000 Y78.330000 Z-0.125000
G01 X168.713000 Y76.661000 Z-0.125000
G01 X168.559000 Y76.408000 Z-0.125000
G01 X168.555000 Y76.185000 Z-0.125000
G01 X168.670000 Y76.081000 Z-0.125000
G01 X168.874000 Y76.186000 Z-0.125000
G01 X170.378000 Y77.690000 Z-0.125000
G01 X170.591000 Y77.803000 Z-0.125000
G01 X170.724000 Y77.718000 Z-0.125000
G01 X170.738000 Y77.514000 Z-0.125000
G01 X170.593000 Y77.269000 Z-0.125000
G01 X169.102000 Y75.777000 Z-0.125000
G01 X168.968000 Y75.545000 Z-0.125000
G01 X169.008000 Y75.366000 Z-0.125000
G01 X169.168000 Y75.307000 Z-0.125000
G01 X169.392000 Y75.432000 Z-0.125000
G01 X170.908000 Y76.948000 Z-0.125000
G01 X171.154000 Y77.094000 Z-0.125000
G01 X171.362000 Y77.083000 Z-0.125000
G01 X171.450000 Y76.953000 Z-0.125000
G01 X171.338000 Y76.742000 Z-0.125000
G01 X169.749000 Y75.153000 Z-0.125000
G01 X169.637000 Y74.941000 Z-0.125000
G01 X169.723000 Y74.809000 Z-0.125000
G01 X169.929000 Y74.796000 Z-0.125000
G01 X170.174000 Y74.942000 Z-0.125000
G01 X171.868000 Y76.636000 Z-0.125000
G01 X172.437000 Y76.887000 Z-0.125000
G01 X172.605000 Y76.835000 Z-0.125000
G01 X172.529000 Y76.660000 Z-0.125000
G01 X170.669000 Y74.800000 Z-0.125000
G01 X170.579000 Y74.610000 Z-0.125000
G01 X170.713000 Y74.527000 Z-0.125000
G01 X171.235000 Y74.730000 Z-0.125000
G01 X173.401000 Y76.896000 Z-0.125000
G01 X174.099000 Y77.276000 Z-0.125000
G01 X174.356000 Y77.314000 Z-0.125000
G01 X174.320000 Y77.180000 Z-0.125000
G01 X171.855000 Y74.714000 Z-0.125000
G01 X171.789000 Y74.549000 Z-0.125000
G01 X171.980000 Y74.521000 Z-0.125000
G01 X172.582000 Y74.805000 Z-0.125000
G01 X175.607000 Y77.830000 Z-0.125000
G00 Z5.000000

(End cutting path id: path44)


(Start cutting path id: path44)
(Change tool to Default tool)

G00 Z5.000000
G00 X176.909000 Y78.496000

G01 Z-0.125000 F100.0(Penetrate)
G01 X173.307000 Y74.894000 Z-0.125000 F400.000000
G01 X173.267000 Y74.754000 Z-0.125000
G01 X173.512000 Y74.781000 Z-0.125000
G01 X174.195000 Y75.146000 Z-0.125000
G01 X178.480000 Y79.431000 Z-0.125000
G00 Z5.000000

(End cutting path id: path44)


(Start cutting path id: path44)
(Change tool to Default tool)

G00 Z5.000000
G00 X179.266000 Y77.036000

G01 Z-0.125000 F100.0(Penetrate)
G01 X212.087000 Y109.858000 Z-0.125000 F400.000000
G00 Z5.000000

(End cutting path id: path44)


(Start cutting path id: path44)
(Change tool to Default tool)

G00 Z5.000000
G00 X210.159000 Y111.110300

G01 Z-0.125000 F100.0(Penetrate)
G01 X213.407000 Y114.357900 Z-0.125000 F400.000000
G01 X213.596000 Y114.447700 Z-0.125000
G01 X213.679000 Y114.311400 Z-0.125000
G01 X213.473000 Y113.787800 Z-0.125000
G01 X208.726000 Y109.041000 Z-0.125000
G00 Z5.000000

(End cutting path id: path44)


(Start cutting path id: path44)
(Change tool to Default tool)

G00 Z5.000000
G00 X210.698000 Y107.832000

G01 Z-0.125000 F100.0(Penetrate)
G01 X180.736000 Y77.870000 Z-0.125000 F400.000000
G00 Z5.000000

(End cutting path id: path44)


(Start cutting path id: path44)
(Change tool to Default tool)

G00 Z5.000000
G00 X182.704000 Y79.202000

G01 Z-0.125000 F100.0(Penetrate)
G01 X208.926000 Y105.424000 Z-0.125000 F400.000000
G00 Z5.000000

(End cutting path id: path44)


(Start cutting path id: path44)
(Change tool to Default tool)

G00 Z5.000000
G00 X206.620000 Y106.299000

G01 Z-0.125000 F100.0(Penetrate)
G01 X213.416000 Y113.094500 Z-0.125000 F400.000000
G01 X213.554000 Y113.133800 Z-0.125000
G01 X213.526000 Y112.886200 Z-0.125000
G01 X213.158000 Y112.200900 Z-0.125000
G01 X203.337000 Y102.380000 Z-0.125000
G00 Z5.000000

(End cutting path id: path44)


(Start cutting path id: path44)
(Change tool to Default tool)

G00 Z5.000000
G00 X204.918000 Y100.780000

G01 Z-0.125000 F100.0(Penetrate)
G01 X185.143000 Y81.005000 Z-0.125000 F400.000000
G01 X184.996000 Y80.758000 Z-0.125000
G01 X185.005000 Y80.549000 Z-0.125000
G01 X185.134000 Y80.459000 Z-0.125000
G01 X185.344000 Y80.570000 Z-0.125000
G01 X201.516000 Y96.742000 Z-0.125000
G00 Z5.000000

(End cutting path id: path44)


(Start cutting path id: path44)
(Change tool to Default tool)

G00 Z5.000000
G00 X196.402000 Y94.808000

G01 Z-0.125000 F100.0(Penetrate)
G01 X212.905000 Y111.311900 Z-0.125000 F400.000000
G00 Z5.000000

(End cutting path id: path44)


(Start cutting path id: path44)
(Change tool to Default tool)

G00 Z5.000000
G00 X208.522000 Y112.016900

G01 Z-0.125000 F100.0(Penetrate)
G01 X212.316000 Y115.810900 Z-0.125000 F400.000000
G01 X212.551000 Y115.947300 Z-0.125000
G01 X212.736000 Y115.913300 Z-0.125000
G01 X212.801000 Y115.760100 Z-0.125000
G01 X212.679000 Y115.538600 Z-0.125000
G01 X211.234000 Y114.092900 Z-0.125000
G01 X211.111000 Y113.870800 Z-0.125000
G01 X211.175000 Y113.716100 Z-0.125000
G01 X211.358000 Y113.680600 Z-0.125000
G01 X211.593000 Y113.816300 Z-0.125000
G01 X212.991000 Y115.214100 Z-0.125000
G01 X213.209000 Y115.332400 Z-0.125000
G01 X213.354000 Y115.258800 Z-0.125000
G01 X213.379000 Y115.065800 Z-0.125000
G01 X213.239000 Y114.826300 Z-0.125000
G01 X211.083000 Y112.670000 Z-0.125000
G00 Z5.000000

(End cutting path id: path44)


(Start cutting path id: path44)
(Change tool to Default tool)

G00 Z5.000000
G00 X210.076000 Y119.123000

G01 Z-0.125000 F100.0(Penetrate)
G01 X210.097000 Y118.488900 Z-0.125000 F400.000000
G01 X210.118000 Y118.358900 Z-0.125000
G01 X210.148000 Y118.675800 Z-0.125000
G01 X210.244000 Y119.220400 Z-0.125000
G01 X210.540000 Y119.661900 Z-0.125000
G01 X210.984000 Y119.960500 Z-0.125000
G01 X211.527000 Y120.076200 Z-0.125000
G01 X214.518000 Y120.240900 Z-0.125000
G01 X217.519000 Y120.236300 Z-0.125000
G01 X220.285000 Y120.236300 Z-0.125000
G01 X220.298000 Y116.128200 Z-0.125000
G01 X220.249000 Y114.077800 Z-0.125000
G01 X220.002000 Y112.044900 Z-0.125000
G01 X219.750000 Y111.517100 Z-0.125000
G01 X219.358000 Y111.095700 Z-0.125000
G01 X218.451000 Y110.380100 Z-0.125000
G01 X218.147000 Y109.600000 Z-0.125000
G01 X218.051000 Y108.763000 Z-0.125000
G01 X218.021000 Y107.064000 Z-0.125000
G01 X218.013000 Y102.182000 Z-0.125000
G01 X216.004000 Y102.190000 Z-0.125000
G01 X215.008000 Y102.152000 Z-0.125000
G01 X214.054000 Y101.898000 Z-0.125000
G01 X214.220000 Y101.657000 Z-0.125000
G01 X214.521000 Y101.593000 Z-0.125000
G01 X215.198000 Y101.601000 Z-0.125000
G01 X218.410000 Y101.781000 Z-0.125000
G01 X218.651000 Y105.835000 Z-0.125000
G01 X218.831000 Y107.855000 Z-0.125000
G01 X219.193000 Y109.848000 Z-0.125000
G01 X219.753000 Y110.701100 Z-0.125000
G01 X220.522000 Y111.371500 Z-0.125000
G01 X222.328000 Y112.347100 Z-0.125000
G01 X223.351000 Y112.362100 Z-0.125000
G01 X224.309000 Y112.014400 Z-0.125000
G01 X226.129000 Y111.013400 Z-0.125000
G01 X226.946000 Y110.576700 Z-0.125000
G01 X227.652000 Y110.073800 Z-0.125000
G01 X227.652000 Y102.100000 Z-0.125000
G01 X231.734000 Y102.123000 Z-0.125000
G01 X229.734000 Y102.174000 Z-0.125000
G01 X227.732000 Y102.176000 Z-0.125000
G01 X227.732000 Y110.326100 Z-0.125000
G01 X225.310000 Y111.863000 Z-0.125000
G01 X224.032000 Y112.478800 Z-0.125000
G01 X222.634000 Y112.744100 Z-0.125000
G01 X221.473000 Y112.595600 Z-0.125000
G01 X220.941000 Y112.764800 Z-0.125000
G01 X220.597000 Y113.244100 Z-0.125000
G01 X220.390000 Y114.631400 Z-0.125000
G01 X220.351000 Y116.034600 Z-0.125000
G01 X220.361000 Y118.848400 Z-0.125000
G01 X220.361000 Y120.882700 Z-0.125000
G01 X210.076000 Y120.882700 Z-0.125000
G01 X210.076000 Y119.123000 Z-0.125000
G01 X210.076000 Y119.123000 Z-0.125000
G00 Z5.000000

(End cutting path id: path44)


(Start cutting path id: path44)
(Change tool to Default tool)

G00 Z5.000000
G00 X204.091000 Y107.586000

G01 Z-0.125000 F100.0(Penetrate)
G01 X188.864000 Y92.360000 Z-0.125000 F400.000000
G00 Z5.000000

(End cutting path id: path44)


(Start cutting path id: path44)
(Change tool to Default tool)

G00 Z5.000000
G00 X188.119000 Y90.978000

G01 Z-0.125000 F100.0(Penetrate)
G01 X198.366000 Y101.225000 Z-0.125000 F400.000000
G00 Z5.000000

(End cutting path id: path44)


(Start cutting path id: path44)
(Change tool to Default tool)

G00 Z5.000000
G00 X196.944000 Y103.620000

G01 Z-0.125000 F100.0(Penetrate)
G01 X208.895000 Y115.571000 Z-0.125000 F400.000000
G00 Z5.000000

(End cutting path id: path44)


(Start cutting path id: path44)
(Change tool to Default tool)

G00 Z5.000000
G00 X201.154000 Y108.465000

G01 Z-0.125000 F100.0(Penetrate)
G01 X206.615000 Y113.926900 Z-0.125000 F400.000000
G00 Z5.000000

(End cutting path id: path44)


(Start cutting path id: path44)
(Change tool to Default tool)

G00 Z5.000000
G00 X194.240000 Y116.056600

G01 Z-0.125000 F100.0(Penetrate)
G01 X191.138000 Y114.971900 Z-0.125000 F400.000000
G01 X189.635000 Y114.318000 Z-0.125000
G01 X188.242000 Y113.459000 Z-0.125000
G01 X187.635000 Y112.394800 Z-0.125000
G01 X187.251000 Y111.940000 Z-0.125000
G01 X186.697000 Y111.673800 Z-0.125000
G01 X185.756000 Y111.462900 Z-0.125000
G01 X186.886000 Y111.171700 Z-0.125000
G01 X187.884000 Y110.547400 Z-0.125000
G01 X188.623000 Y109.649000 Z-0.125000
G01 X188.973000 Y108.535000 Z-0.125000
G01 X189.101000 Y105.927000 Z-0.125000
G01 X189.127000 Y103.312000 Z-0.125000
G01 X189.252000 Y106.815000 Z-0.125000
G01 X189.238000 Y108.565000 Z-0.125000
G01 X189.007000 Y110.293900 Z-0.125000
G01 X188.682000 Y111.200600 Z-0.125000
G01 X188.603000 Y112.184300 Z-0.125000
G01 X188.846000 Y113.105900 Z-0.125000
G01 X189.484000 Y113.826200 Z-0.125000
G01 X190.396000 Y114.307600 Z-0.125000
G01 X191.364000 Y114.671100 Z-0.125000
G01 X193.345000 Y115.281500 Z-0.125000
G01 X194.395000 Y115.503900 Z-0.125000
G01 X195.461000 Y115.545900 Z-0.125000
G01 X196.518000 Y115.406200 Z-0.125000
G01 X197.542000 Y115.083500 Z-0.125000
G01 X199.537000 Y114.428700 Z-0.125000
G01 X200.471000 Y113.967700 Z-0.125000
G01 X201.256000 Y113.291000 Z-0.125000
G01 X201.487000 Y112.702400 Z-0.125000
G01 X201.549000 Y112.070300 Z-0.125000
G01 X201.587000 Y111.432800 Z-0.125000
G01 X201.744000 Y110.828100 Z-0.125000
G01 X202.001000 Y112.311100 Z-0.125000
G01 X201.897000 Y113.063800 Z-0.125000
G01 X201.598000 Y113.749900 Z-0.125000
G01 X200.930000 Y114.223700 Z-0.125000
G01 X200.179000 Y114.572200 Z-0.125000
G01 X198.617000 Y115.148100 Z-0.125000
G01 X195.000000 Y116.343800 Z-0.125000
G01 X194.240000 Y116.056600 Z-0.125000
G01 X194.240000 Y116.056600 Z-0.125000
G00 Z5.000000

(End cutting path id: path44)


(Start cutting path id: path44)
(Change tool to Default tool)

G00 Z5.000000
G00 X189.324000 Y102.221000

G01 Z-0.125000 F100.0(Penetrate)
G01 X189.810000 Y101.839000 Z-0.125000 F400.000000
G01 X190.419000 Y101.661000 Z-0.125000
G01 X191.711000 Y101.577000 Z-0.125000
G01 X192.378000 Y101.678000 Z-0.125000
G01 X192.939000 Y102.020000 Z-0.125000
G01 X192.044000 Y102.175000 Z-0.125000
G01 X191.120000 Y102.175000 Z-0.125000
G01 X189.324000 Y102.221000 Z-0.125000
G01 X189.324000 Y102.221000 Z-0.125000
G00 Z5.000000

(End cutting path id: path44)


(Start cutting path id: path44)
(Change tool to Default tool)

G00 Z5.000000
G00 X194.429000 Y100.469000

G01 Z-0.125000 F100.0(Penetrate)
G01 X209.899000 Y115.938500 Z-0.125000 F400.000000
G01 X210.573000 Y116.294900 Z-0.125000
G01 X210.813000 Y116.316200 Z-0.125000
G01 X210.770000 Y116.174100 Z-0.125000
G01 X192.736000 Y98.140000 Z-0.125000
G00 Z5.000000

(End cutting path id: path44)


(Start cutting path id: path44)
(Change tool to Default tool)

G00 Z5.000000
G00 X191.146000 Y95.914000

G01 Z-0.125000 F100.0(Penetrate)
G01 X211.391000 Y116.159000 Z-0.125000 F400.000000
G01 X211.888000 Y116.337300 Z-0.125000
G01 X212.005000 Y116.236200 Z-0.125000
G01 X211.907000 Y116.038500 Z-0.125000
G01 X190.089000 Y94.220000 Z-0.125000
G00 Z5.000000

(End cutting path id: path44)


(Start cutting path id: path44)
(Change tool to Default tool)

G00 Z5.000000
G00 X194.303000 Y95.890000

G01 Z-0.125000 F100.0(Penetrate)
G01 X186.992000 Y88.579000 Z-0.125000 F400.000000
G01 X186.485000 Y87.754000 Z-0.125000
G01 X186.359000 Y87.410000 Z-0.125000
G01 X186.454000 Y87.405000 Z-0.125000
G01 X192.776000 Y93.727000 Z-0.125000
G00 Z5.000000

(End cutting path id: path44)


(Start cutting path id: path44)
(Change tool to Default tool)

G00 Z5.000000
G00 X196.297000 Y94.726000

G01 Z-0.125000 F100.0(Penetrate)
G01 X201.884000 Y100.846000 Z-0.125000 F400.000000
G01 X206.663000 Y106.563000 Z-0.125000
G01 X209.997000 Y111.073000 Z-0.125000
G01 X210.923000 Y112.625100 Z-0.125000
G01 X211.250000 Y113.574700 Z-0.125000
G01 X211.095000 Y113.781500 Z-0.125000
G01 X210.649000 Y113.640200 Z-0.125000
G01 X208.989000 Y112.406500 Z-0.125000
G01 X206.486000 Y110.058900 Z-0.125000
G01 X203.356000 Y106.783000 Z-0.125000
G01 X199.425000 Y102.325000 Z-0.125000
G01 X196.018000 Y98.068000 Z-0.125000
G01 X192.943000 Y93.759000 Z-0.125000
G01 X190.010000 Y89.146000 Z-0.125000
G01 X189.773000 Y88.672000 Z-0.125000
G01 X189.843000 Y88.545000 Z-0.125000
G01 X190.876000 Y89.310000 Z-0.125000
G01 X196.297000 Y94.726000 Z-0.125000
G01 X196.297000 Y94.726000 Z-0.125000
G00 Z5.000000

(End cutting path id: path44)


(Start cutting path id: path44)
(Change tool to Default tool)

G00 Z5.000000
G00 X195.870000 Y98.093000

G01 Z-0.125000 F100.0(Penetrate)
G01 X187.382000 Y89.605000 Z-0.125000 F400.000000
G00 Z5.000000

(End cutting path id: path44)


(Start cutting path id: path44)
(Change tool to Default tool)

G00 Z5.000000
G00 X185.470000 Y85.785000

G01 Z-0.125000 F100.0(Penetrate)
G01 X191.533000 Y91.848000 Z-0.125000 F400.000000
G00 Z5.000000

(End cutting path id: path44)


(Start cutting path id: path44)
(Change tool to Default tool)

G00 Z5.000000
G00 X195.088000 Y88.405000

G01 Z-0.125000 F100.0(Penetrate)
G01 X198.871000 Y92.188000 Z-0.125000 F400.000000
G01 X199.403000 Y92.403000 Z-0.125000
G01 X199.546000 Y92.326000 Z-0.125000
G01 X199.459000 Y92.140000 Z-0.125000
G01 X196.560000 Y89.241000 Z-0.125000
G01 X196.527000 Y89.109000 Z-0.125000
G01 X196.790000 Y89.153000 Z-0.125000
G01 X197.498000 Y89.543000 Z-0.125000
G01 X200.046000 Y92.091000 Z-0.125000
G01 X200.578000 Y92.305000 Z-0.125000
G01 X200.720000 Y92.229000 Z-0.125000
G01 X200.633000 Y92.042000 Z-0.125000
G01 X198.391000 Y89.800000 Z-0.125000
G01 X198.333000 Y89.642000 Z-0.125000
G01 X198.538000 Y89.629000 Z-0.125000
G01 X199.163000 Y89.935000 Z-0.125000
G01 X201.220000 Y91.993000 Z-0.125000
G01 X201.747000 Y92.202000 Z-0.125000
G01 X201.886000 Y92.123000 Z-0.125000
G01 X201.798000 Y91.935000 Z-0.125000
G01 X199.877000 Y90.013000 Z-0.125000
G01 X199.800000 Y89.838000 Z-0.125000
G01 X199.966000 Y89.785000 Z-0.125000
G01 X200.532000 Y90.033000 Z-0.125000
G01 X202.351000 Y91.852000 Z-0.125000
G01 X202.855000 Y92.038000 Z-0.125000
G01 X202.978000 Y91.942000 Z-0.125000
G01 X202.883000 Y91.747000 Z-0.125000
G01 X201.142000 Y90.006000 Z-0.125000
G01 X201.051000 Y89.816000 Z-0.125000
G01 X201.184000 Y89.731000 Z-0.125000
G01 X201.704000 Y89.933000 Z-0.125000
G01 X203.387000 Y91.616000 Z-0.125000
G01 X203.640000 Y91.769000 Z-0.125000
G01 X203.863000 Y91.774000 Z-0.125000
G01 X203.967000 Y91.658000 Z-0.125000
G01 X203.862000 Y91.454000 Z-0.125000
G01 X202.216000 Y89.809000 Z-0.125000
G01 X202.110000 Y89.603000 Z-0.125000
G01 X202.210000 Y89.484000 Z-0.125000
G01 X202.429000 Y89.484000 Z-0.125000
G01 X202.680000 Y89.636000 Z-0.125000
G01 X204.303000 Y91.259000 Z-0.125000
G01 X204.545000 Y91.402000 Z-0.125000
G01 X204.744000 Y91.382000 Z-0.125000
G01 X204.823000 Y91.243000 Z-0.125000
G01 X204.707000 Y91.027000 Z-0.125000
G01 X203.090000 Y89.411000 Z-0.125000
G01 X202.965000 Y89.186000 Z-0.125000
G01 X203.024000 Y89.026000 Z-0.125000
G01 X203.202000 Y88.985000 Z-0.125000
G01 X203.435000 Y89.119000 Z-0.125000
G01 X205.071000 Y90.755000 Z-0.125000
G01 X205.300000 Y90.885000 Z-0.125000
G01 X205.470000 Y90.836000 Z-0.125000
G01 X205.520000 Y90.668000 Z-0.125000
G01 X205.392000 Y90.440000 Z-0.125000
G01 X203.706000 Y88.754000 Z-0.125000
G01 X203.557000 Y88.506000 Z-0.125000
G01 X203.564000 Y88.293000 Z-0.125000
G01 X203.689000 Y88.200000 Z-0.125000
G01 X203.898000 Y88.310000 Z-0.125000
G01 X205.667000 Y90.079000 Z-0.125000
G01 X205.881000 Y90.194000 Z-0.125000
G01 X206.019000 Y90.113000 Z-0.125000
G01 X206.038000 Y89.913000 Z-0.125000
G01 X205.895000 Y89.671000 Z-0.125000
G01 X204.019000 Y87.795000 Z-0.125000
G01 X203.800000 Y87.258000 Z-0.125000
G01 X203.874000 Y87.113000 Z-0.125000
G01 X204.059000 Y87.198000 Z-0.125000
G01 X206.075000 Y89.215000 Z-0.125000
G01 X206.274000 Y89.314000 Z-0.125000
G01 X206.378000 Y89.199000 Z-0.125000
G01 X206.203000 Y88.707000 Z-0.125000
G01 X204.001000 Y86.504000 Z-0.125000
G01 X203.674000 Y85.860000 Z-0.125000
G01 X203.673000 Y85.640000 Z-0.125000
G01 X203.825000 Y85.692000 Z-0.125000
G01 X206.287000 Y88.154000 Z-0.125000
G01 X206.472000 Y88.240000 Z-0.125000
G01 X206.545000 Y88.095000 Z-0.125000
G01 X206.327000 Y87.558000 Z-0.125000
G01 X203.206000 Y84.437000 Z-0.125000
G00 Z5.000000

(End cutting path id: path44)


(Start cutting path id: path44)
(Change tool to Default tool)

G00 Z5.000000
G00 X199.852000 Y76.631000

G01 Z-0.125000 F100.0(Penetrate)
G01 X204.558000 Y81.336000 Z-0.125000 F400.000000
G00 Z5.000000

(End cutting path id: path44)


(Start cutting path id: path44)
(Change tool to Default tool)

G00 Z5.000000
G00 X195.592000 Y77.316000

G01 Z-0.125000 F100.0(Penetrate)
G01 X197.353000 Y78.075000 Z-0.125000 F400.000000
G01 X199.033000 Y79.224000 Z-0.125000
G01 X200.561000 Y80.656000 Z-0.125000
G01 X201.862000 Y82.269000 Z-0.125000
G01 X202.865000 Y83.958000 Z-0.125000
G01 X203.497000 Y85.619000 Z-0.125000
G01 X203.685000 Y87.148000 Z-0.125000
G01 X203.590000 Y87.831000 Z-0.125000
G01 X203.357000 Y88.441000 Z-0.125000
G01 X202.917000 Y88.959000 Z-0.125000
G01 X202.254000 Y89.336000 Z-0.125000
G01 X201.404000 Y89.570000 Z-0.125000
G01 X200.404000 Y89.662000 Z-0.125000
G01 X198.106000 Y89.414000 Z-0.125000
G01 X195.658000 Y88.588000 Z-0.125000
G01 X192.984000 Y87.045000 Z-0.125000
G01 X190.312000 Y85.039000 Z-0.125000
G01 X188.258000 Y83.085000 Z-0.125000
G01 X187.654000 Y82.289000 Z-0.125000
G01 X187.436000 Y81.700000 Z-0.125000
G01 X187.639000 Y80.380000 Z-0.125000
G01 X188.183000 Y79.090000 Z-0.125000
G01 X188.972000 Y78.000000 Z-0.125000
G01 X189.911000 Y77.281000 Z-0.125000
G01 X191.105000 Y76.835000 Z-0.125000
G01 X192.335000 Y76.691000 Z-0.125000
G01 X193.774000 Y76.851000 Z-0.125000
G01 X195.592000 Y77.316000 Z-0.125000
G01 X195.592000 Y77.316000 Z-0.125000
G00 Z5.000000

(End cutting path id: path44)


(Start cutting path id: path44)
(Change tool to Default tool)

G00 Z5.000000
G00 X195.119000 Y74.442000

G01 Z-0.125000 F100.0(Penetrate)
G01 X206.137000 Y85.460000 Z-0.125000 F400.000000
G01 X206.284000 Y85.508000 Z-0.125000
G01 X206.274000 Y85.278000 Z-0.125000
G01 X205.933000 Y84.620000 Z-0.125000
G01 X196.217000 Y74.904000 Z-0.125000
G01 X196.205000 Y74.792000 Z-0.125000
G01 X196.512000 Y74.881000 Z-0.125000
G01 X197.284000 Y75.335000 Z-0.125000
G01 X205.578000 Y83.628000 Z-0.125000
G01 X205.678000 Y83.630000 Z-0.125000
G01 X205.566000 Y83.299000 Z-0.125000
G01 X205.078000 Y82.493000 Z-0.125000
G01 X198.383000 Y75.797000 Z-0.125000
G00 Z5.000000

(End cutting path id: path44)


(Start cutting path id: path44)
(Change tool to Default tool)

G00 Z5.000000
G00 X189.421000 Y74.548000

G01 Z-0.125000 F100.0(Penetrate)
G01 X188.013000 Y75.355000 Z-0.125000 F400.000000
G01 X186.879000 Y76.363000 Z-0.125000
G01 X186.006000 Y77.584000 Z-0.125000
G01 X185.384000 Y79.029000 Z-0.125000
G01 X184.884000 Y80.589000 Z-0.125000
G01 X182.102000 Y78.611000 Z-0.125000
G01 X179.384000 Y76.948000 Z-0.125000
G01 X176.447000 Y75.594000 Z-0.125000
G01 X173.631000 Y74.684000 Z-0.125000
G01 X171.276000 Y74.350000 Z-0.125000
G01 X170.471000 Y74.418000 Z-0.125000
G01 X169.786000 Y74.620000 Z-0.125000
G01 X169.223000 Y74.954000 Z-0.125000
G01 X168.783000 Y75.421000 Z-0.125000
G01 X168.465000 Y76.017000 Z-0.125000
G01 X168.272000 Y76.743000 Z-0.125000
G01 X168.263000 Y78.576000 Z-0.125000
G01 X168.477000 Y80.404000 Z-0.125000
G01 X165.936000 Y78.793000 Z-0.125000
G01 X163.170000 Y77.266000 Z-0.125000
G01 X160.249000 Y76.036000 Z-0.125000
G01 X157.483000 Y75.216000 Z-0.125000
G01 X155.184000 Y74.917000 Z-0.125000
G01 X153.494000 Y75.172000 Z-0.125000
G01 X152.185000 Y75.900000 Z-0.125000
G01 X151.692000 Y76.426000 Z-0.125000
G01 X151.317000 Y77.052000 Z-0.125000
G01 X151.067000 Y77.770000 Z-0.125000
G01 X150.949000 Y78.575000 Z-0.125000
G01 X150.724000 Y79.531000 Z-0.125000
G01 X150.525000 Y79.765000 Z-0.125000
G01 X150.298000 Y79.783000 Z-0.125000
G01 X144.062000 Y76.945000 Z-0.125000
G01 X139.506000 Y75.108000 Z-0.125000
G01 X137.658000 Y74.585000 Z-0.125000
G01 X136.055000 Y74.321000 Z-0.125000
G01 X134.668000 Y74.315000 Z-0.125000
G01 X133.465000 Y74.563000 Z-0.125000
G01 X132.417000 Y75.062000 Z-0.125000
G01 X131.493000 Y75.811000 Z-0.125000
G01 X130.607000 Y77.069000 Z-0.125000
G01 X130.358000 Y77.809000 Z-0.125000
G01 X130.244000 Y78.640000 Z-0.125000
G01 X130.440000 Y80.621000 Z-0.125000
G01 X131.236000 Y83.107000 Z-0.125000
G01 X132.669000 Y86.196000 Z-0.125000
G01 X134.779000 Y89.984000 Z-0.125000
G01 X137.603000 Y94.567000 Z-0.125000
G01 X141.180000 Y100.043000 Z-0.125000
G01 X146.713000 Y107.887000 Z-0.125000
G01 X148.949000 Y110.729900 Z-0.125000
G01 X150.502000 Y112.419600 Z-0.125000
G01 X152.200000 Y113.813500 Z-0.125000
G01 X153.780000 Y114.878500 Z-0.125000
G01 X155.238000 Y115.613800 Z-0.125000
G01 X156.571000 Y116.018500 Z-0.125000
G01 X157.773000 Y116.091900 Z-0.125000
G01 X158.842000 Y115.833300 Z-0.125000
G01 X159.772000 Y115.241700 Z-0.125000
G01 X160.561000 Y114.316500 Z-0.125000
G01 X160.971000 Y113.516900 Z-0.125000
G01 X161.183000 Y112.654800 Z-0.125000
G01 X161.192000 Y111.712600 Z-0.125000
G01 X160.993000 Y110.672600 Z-0.125000
G01 X159.951000 Y108.228000 Z-0.125000
G01 X158.020000 Y105.181000 Z-0.125000
G01 X156.463000 Y103.096000 Z-0.125000
G01 X154.743000 Y101.044000 Z-0.125000
G01 X150.662000 Y96.902000 Z-0.125000
G01 X145.484000 Y92.483000 Z-0.125000
G01 X138.915000 Y87.514000 Z-0.125000
G01 X136.177000 Y85.246000 Z-0.125000
G01 X135.125000 Y84.130000 Z-0.125000
G01 X134.286000 Y83.029000 Z-0.125000
G01 X133.662000 Y81.945000 Z-0.125000
G01 X133.255000 Y80.881000 Z-0.125000
G01 X133.066000 Y79.841000 Z-0.125000
G01 X133.097000 Y78.825000 Z-0.125000
G01 X133.451000 Y78.007000 Z-0.125000
G01 X134.222000 Y77.514000 Z-0.125000
G01 X135.395000 Y77.342000 Z-0.125000
G01 X136.952000 Y77.488000 Z-0.125000
G01 X138.875000 Y77.949000 Z-0.125000
G01 X141.147000 Y78.722000 Z-0.125000
G01 X143.751000 Y79.805000 Z-0.125000
G01 X146.670000 Y81.193000 Z-0.125000
G01 X149.624000 Y82.859000 Z-0.125000
G01 X151.978000 Y84.679000 Z-0.125000
G01 X154.039000 Y86.937000 Z-0.125000
G01 X156.116000 Y89.917000 Z-0.125000
G01 X158.389000 Y93.314000 Z-0.125000
G01 X160.474000 Y96.120000 Z-0.125000
G01 X162.129000 Y98.027000 Z-0.125000
G01 X162.720000 Y98.549000 Z-0.125000
G01 X163.111000 Y98.731000 Z-0.125000
G01 X163.615000 Y98.613000 Z-0.125000
G01 X163.856000 Y98.240000 Z-0.125000
G01 X163.823000 Y97.582000 Z-0.125000
G01 X163.504000 Y96.610000 Z-0.125000
G01 X161.958000 Y93.601000 Z-0.125000
G01 X159.121000 Y88.977000 Z-0.125000
G01 X155.654000 Y83.291000 Z-0.125000
G01 X154.671000 Y81.369000 Z-0.125000
G01 X154.166000 Y79.967000 Z-0.125000
G01 X154.121000 Y79.013000 Z-0.125000
G01 X154.522000 Y78.437000 Z-0.125000
G01 X155.351000 Y78.168000 Z-0.125000
G01 X156.592000 Y78.135000 Z-0.125000
G01 X158.567000 Y78.390000 Z-0.125000
G01 X160.583000 Y79.003000 Z-0.125000
G01 X162.666000 Y79.993000 Z-0.125000
G01 X164.844000 Y81.380000 Z-0.125000
G01 X167.145000 Y83.183000 Z-0.125000
G01 X169.597000 Y85.422000 Z-0.125000
G01 X172.226000 Y88.117000 Z-0.125000
G01 X175.062000 Y91.287000 Z-0.125000
G01 X178.626000 Y95.234000 Z-0.125000
G01 X181.063000 Y97.488000 Z-0.125000
G01 X181.885000 Y98.000000 Z-0.125000
G01 X182.456000 Y98.113000 Z-0.125000
G01 X182.787000 Y97.834000 Z-0.125000
G01 X182.889000 Y97.172000 Z-0.125000
G01 X182.458000 Y96.205000 Z-0.125000
G01 X181.293000 Y94.306000 Z-0.125000
G01 X177.469000 Y88.809000 Z-0.125000
G01 X173.458000 Y83.264000 Z-0.125000
G01 X171.345000 Y80.021000 Z-0.125000
G01 X170.866000 Y79.025000 Z-0.125000
G01 X170.703000 Y78.318000 Z-0.125000
G01 X170.802000 Y77.806000 Z-0.125000
G01 X171.110000 Y77.393000 Z-0.125000
G01 X171.669000 Y77.077000 Z-0.125000
G01 X172.456000 Y77.003000 Z-0.125000
G01 X173.449000 Y77.162000 Z-0.125000
G01 X174.629000 Y77.547000 Z-0.125000
G01 X177.466000 Y78.963000 Z-0.125000
G01 X180.808000 Y81.188000 Z-0.125000
G01 X182.867000 Y82.794000 Z-0.125000
G01 X184.277000 Y84.188000 Z-0.125000
G01 X185.335000 Y85.723000 Z-0.125000
G01 X186.337000 Y87.751000 Z-0.125000
G01 X187.589000 Y90.278000 Z-0.125000
G01 X189.154000 Y92.987000 Z-0.125000
G01 X191.014000 Y95.852000 Z-0.125000
G01 X193.150000 Y98.850000 Z-0.125000
G01 X198.181000 Y105.145000 Z-0.125000
G01 X204.099000 Y111.674800 Z-0.125000
G01 X206.661000 Y114.073200 Z-0.125000
G01 X208.966000 Y115.695100 Z-0.125000
G01 X209.984000 Y116.193700 Z-0.125000
G01 X210.893000 Y116.472800 Z-0.125000
G01 X211.679000 Y116.524000 Z-0.125000
G01 X212.325000 Y116.338900 Z-0.125000
G01 X213.226000 Y115.664100 Z-0.125000
G01 X213.731000 Y114.796600 Z-0.125000
G01 X213.832000 Y113.712200 Z-0.125000
G01 X213.519000 Y112.386500 Z-0.125000
G01 X212.784000 Y110.795200 Z-0.125000
G01 X211.618000 Y108.914000 Z-0.125000
G01 X210.013000 Y106.719000 Z-0.125000
G01 X207.960000 Y104.185000 Z-0.125000
G01 X200.624000 Y95.478000 Z-0.125000
G01 X198.220000 Y92.633000 Z-0.125000
G01 X201.427000 Y92.368000 Z-0.125000
G01 X203.862000 Y91.920000 Z-0.125000
G01 X204.776000 Y91.524000 Z-0.125000
G01 X205.501000 Y91.002000 Z-0.125000
G01 X206.046000 Y90.345000 Z-0.125000
G01 X206.421000 Y89.543000 Z-0.125000
G01 X206.637000 Y88.588000 Z-0.125000
G01 X206.701000 Y87.470000 Z-0.125000
G01 X206.570000 Y86.010000 Z-0.125000
G01 X206.209000 Y84.559000 Z-0.125000
G01 X205.639000 Y83.135000 Z-0.125000
G01 X204.884000 Y81.753000 Z-0.125000
G01 X203.965000 Y80.430000 Z-0.125000
G01 X202.905000 Y79.184000 Z-0.125000
G01 X200.450000 Y76.985000 Z-0.125000
G01 X197.696000 Y75.289000 Z-0.125000
G01 X196.263000 Y74.671000 Z-0.125000
G01 X194.822000 Y74.229000 Z-0.125000
G01 X193.395000 Y73.979000 Z-0.125000
G01 X192.004000 Y73.937000 Z-0.125000
G01 X190.672000 Y74.122000 Z-0.125000
G01 X189.421000 Y74.548000 Z-0.125000
G01 X189.421000 Y74.548000 Z-0.125000
G00 Z5.000000

(End cutting path id: path44)


(Start cutting path id: path44)
(Change tool to Default tool)

G00 Z5.000000
G00 X187.450000 Y82.040000

G01 Z-0.125000 F100.0(Penetrate)
G01 X185.498000 Y80.088000 Z-0.125000 F400.000000
G01 X185.337000 Y79.609000 Z-0.125000
G01 X185.450000 Y79.503000 Z-0.125000
G01 X185.653000 Y79.606000 Z-0.125000
G01 X187.098000 Y81.052000 Z-0.125000
G01 X187.289000 Y81.144000 Z-0.125000
G01 X187.376000 Y81.011000 Z-0.125000
G01 X187.176000 Y80.494000 Z-0.125000
G01 X185.810000 Y79.128000 Z-0.125000
G01 X185.659000 Y78.877000 Z-0.125000
G01 X185.659000 Y78.659000 Z-0.125000
G01 X185.779000 Y78.560000 Z-0.125000
G01 X185.985000 Y78.666000 Z-0.125000
G01 X187.310000 Y79.992000 Z-0.125000
G01 X187.515000 Y80.097000 Z-0.125000
G01 X187.633000 Y79.996000 Z-0.125000
G01 X187.631000 Y79.775000 Z-0.125000
G01 X187.478000 Y79.523000 Z-0.125000
G01 X186.181000 Y78.227000 Z-0.125000
G01 X186.037000 Y77.983000 Z-0.125000
G01 X186.054000 Y77.781000 Z-0.125000
G01 X186.190000 Y77.699000 Z-0.125000
G01 X186.404000 Y77.813000 Z-0.125000
G01 X187.673000 Y79.082000 Z-0.125000
G01 X187.887000 Y79.197000 Z-0.125000
G01 X188.024000 Y79.115000 Z-0.125000
G01 X188.042000 Y78.914000 Z-0.125000
G01 X187.898000 Y78.671000 Z-0.125000
G01 X186.649000 Y77.422000 Z-0.125000
G01 X186.511000 Y77.185000 Z-0.125000
G01 X186.543000 Y76.999000 Z-0.125000
G01 X186.695000 Y76.931000 Z-0.125000
G01 X186.915000 Y77.052000 Z-0.125000
G01 X188.146000 Y78.283000 Z-0.125000
G01 X188.367000 Y78.405000 Z-0.125000
G01 X188.521000 Y78.340000 Z-0.125000
G01 X188.555000 Y78.155000 Z-0.125000
G01 X188.418000 Y77.919000 Z-0.125000
G01 X187.204000 Y76.705000 Z-0.125000
G01 X187.073000 Y76.475000 Z-0.125000
G01 X187.121000 Y76.304000 Z-0.125000
G01 X187.288000 Y76.252000 Z-0.125000
G01 X187.516000 Y76.381000 Z-0.125000
G01 X188.722000 Y77.587000 Z-0.125000
G01 X188.953000 Y77.719000 Z-0.125000
G01 X189.128000 Y77.675000 Z-0.125000
G01 X189.183000 Y77.511000 Z-0.125000
G01 X189.056000 Y77.285000 Z-0.125000
G01 X187.849000 Y76.078000 Z-0.125000
G01 X187.726000 Y75.855000 Z-0.125000
G01 X187.788000 Y75.699000 Z-0.125000
G01 X187.969000 Y75.661000 Z-0.125000
G01 X188.203000 Y75.796000 Z-0.125000
G01 X189.432000 Y77.025000 Z-0.125000
G01 X189.678000 Y77.171000 Z-0.125000
G01 X189.883000 Y77.158000 Z-0.125000
G01 X189.969000 Y77.025000 Z-0.125000
G01 X189.856000 Y76.813000 Z-0.125000
G01 X188.577000 Y75.534000 Z-0.125000
G01 X188.460000 Y75.317000 Z-0.125000
G01 X188.535000 Y75.174000 Z-0.125000
G01 X188.730000 Y75.150000 Z-0.125000
G01 X188.970000 Y75.291000 Z-0.125000
G01 X190.310000 Y76.630000 Z-0.125000
G01 X190.790000 Y76.793000 Z-0.125000
G01 X190.896000 Y76.680000 Z-0.125000
G01 X190.793000 Y76.477000 Z-0.125000
G01 X189.383000 Y75.068000 Z-0.125000
G01 X189.272000 Y74.857000 Z-0.125000
G01 X189.361000 Y74.727000 Z-0.125000
G01 X189.569000 Y74.717000 Z-0.125000
G01 X189.815000 Y74.864000 Z-0.125000
G01 X191.326000 Y76.375000 Z-0.125000
G01 X191.858000 Y76.588000 Z-0.125000
G01 X192.000000 Y76.512000 Z-0.125000
G01 X191.913000 Y76.325000 Z-0.125000
G01 X190.272000 Y74.684000 Z-0.125000
G01 X190.169000 Y74.482000 Z-0.125000
G01 X190.277000 Y74.372000 Z-0.125000
G01 X190.760000 Y74.536000 Z-0.125000
G01 X192.568000 Y76.344000 Z-0.125000
G01 X193.171000 Y76.629000 Z-0.125000
G01 X193.362000 Y76.601000 Z-0.125000
G01 X193.297000 Y76.437000 Z-0.125000
G01 X191.279000 Y74.419000 Z-0.125000
G01 X191.187000 Y74.228000 Z-0.125000
G01 X191.320000 Y74.142000 Z-0.125000
G01 X191.837000 Y74.341000 Z-0.125000
G01 X194.097000 Y76.601000 Z-0.125000
G01 X194.765000 Y76.951000 Z-0.125000
G01 X195.002000 Y76.969000 Z-0.125000
G01 X194.957000 Y76.825000 Z-0.125000
G01 X192.435000 Y74.303000 Z-0.125000
G01 X192.357000 Y74.125000 Z-0.125000
G01 X192.518000 Y74.068000 Z-0.125000
G01 X193.078000 Y74.309000 Z-0.125000
G01 X195.887000 Y77.118000 Z-0.125000
G01 X196.720000 Y77.634000 Z-0.125000
G01 X197.070000 Y77.764000 Z-0.125000
G01 X197.076000 Y77.672000 Z-0.125000
G01 X193.723000 Y74.318000 Z-0.125000
G01 X193.670000 Y74.166000 Z-0.125000
G01 X193.887000 Y74.164000 Z-0.125000
G01 X194.528000 Y74.487000 Z-0.125000
G01 X206.263000 Y86.222000 Z-0.125000
G01 X206.531000 Y86.808000 Z-0.125000
G01 X206.492000 Y86.987000 Z-0.125000
G01 X206.322000 Y86.917000 Z-0.125000
G01 X202.560000 Y83.155000 Z-0.125000
G00 Z5.000000

(End cutting path id: path44)


(Start cutting path id: path44)
(Change tool to Default tool)

G00 Z5.000000
G00 X191.642000 Y86.231000

G01 Z-0.125000 F100.0(Penetrate)
G01 X197.824000 Y92.414000 Z-0.125000 F400.000000
G01 X198.075000 Y92.566000 Z-0.125000
G01 X198.293000 Y92.564000 Z-0.125000
G01 X198.391000 Y92.444000 Z-0.125000
G01 X198.284000 Y92.238000 Z-0.125000
G01 X193.709000 Y87.663000 Z-0.125000
G00 Z5.000000

(End cutting path id: path44)


(Start cutting path id: path44)
(Change tool to Default tool)

G00 Z5.000000
G00 X180.745000 Y81.059000

G01 Z-0.125000 F100.0(Penetrate)
G01 X175.092000 Y75.407000 Z-0.125000 F400.000000
G01 X175.058000 Y75.274000 Z-0.125000
G01 X175.318000 Y75.315000 Z-0.125000
G01 X176.021000 Y75.700000 Z-0.125000
G01 X190.365000 Y90.044000 Z-0.125000
G01 X190.574000 Y90.054000 Z-0.125000
G01 X190.700000 Y89.743000 Z-0.125000
G01 X190.706000 Y89.312000 Z-0.125000
G01 X190.558000 Y88.964000 Z-0.125000
G01 X178.212000 Y76.618000 Z-0.125000
G01 X177.420000 Y76.145000 Z-0.125000
G01 X177.100000 Y76.043000 Z-0.125000
G01 X177.106000 Y76.148000 Z-0.125000
G01 X189.742000 Y88.785000 Z-0.125000
G00 Z5.000000

(End cutting path id: path44)


(Start cutting path id: path44)
(Change tool to Default tool)

G00 Z5.000000
G00 X179.542000 Y91.943000

G01 Z-0.125000 F100.0(Penetrate)
G01 X167.852000 Y80.252000 Z-0.125000 F400.000000
G01 X167.815000 Y80.017000 Z-0.125000
G01 X168.067000 Y79.832000 Z-0.125000
G01 X168.439000 Y79.767000 Z-0.125000
G01 X168.760000 Y79.889000 Z-0.125000
G01 X176.288000 Y87.417000 Z-0.125000
G00 Z5.000000

(End cutting path id: path44)


(Start cutting path id: path44)
(Change tool to Default tool)

G00 Z5.000000
G00 X174.594000 Y85.086000

G01 Z-0.125000 F100.0(Penetrate)
G01 X168.676000 Y79.168000 Z-0.125000 F400.000000
G01 X168.401000 Y78.575000 Z-0.125000
G01 X168.435000 Y78.391000 Z-0.125000
G01 X168.603000 Y78.459000 Z-0.125000
G01 X173.338000 Y83.194000 Z-0.125000
G00 Z5.000000

(End cutting path id: path44)


(Start cutting path id: path44)
(Change tool to Default tool)

G00 Z5.000000
G00 X175.159000 Y91.377000

G01 Z-0.125000 F100.0(Penetrate)
G01 X181.205000 Y97.422000 Z-0.125000 F400.000000
G01 X181.926000 Y97.825000 Z-0.125000
G01 X182.198000 Y97.879000 Z-0.125000
G01 X182.170000 Y97.751000 Z-0.125000
G01 X161.044000 Y76.625000 Z-0.125000
G01 X161.018000 Y76.500000 Z-0.125000
G01 X161.295000 Y76.558000 Z-0.125000
G01 X162.023000 Y76.968000 Z-0.125000
G01 X182.472000 Y97.418000 Z-0.125000
G01 X182.662000 Y97.507000 Z-0.125000
G01 X182.744000 Y97.371000 Z-0.125000
G01 X182.539000 Y96.848000 Z-0.125000
G01 X163.044000 Y77.353000 Z-0.125000
G00 Z5.000000

(End cutting path id: path44)


(Start cutting path id: path44)
(Change tool to Default tool)

G00 Z5.000000
G00 X159.806000 Y76.023000

G01 Z-0.125000 F100.0(Penetrate)
G01 X165.900000 Y82.117000 Z-0.125000 F400.000000
G00 Z5.000000

(End cutting path id: path44)


(Start cutting path id: path44)
(Change tool to Default tool)

G00 Z5.000000
G00 X156.831000 Y90.859000

G01 Z-0.125000 F100.0(Penetrate)
G01 X163.484000 Y97.512000 Z-0.125000 F400.000000
G01 X163.621000 Y97.550000 Z-0.125000
G01 X163.591000 Y97.301000 Z-0.125000
G01 X163.221000 Y96.613000 Z-0.125000
G01 X155.737000 Y89.129000 Z-0.125000
G00 Z5.000000

(End cutting path id: path44)


(Start cutting path id: path44)
(Change tool to Default tool)

G00 Z5.000000
G00 X153.641000 Y86.397000

G01 Z-0.125000 F100.0(Penetrate)
G01 X162.935000 Y95.691000 Z-0.125000 F400.000000
G00 Z5.000000

(End cutting path id: path44)


(Start cutting path id: path44)
(Change tool to Default tool)

G00 Z5.000000
G00 X159.585000 Y94.885000

G01 Z-0.125000 F100.0(Penetrate)
G01 X163.064000 Y98.365000 Z-0.125000 F400.000000
G01 X163.302000 Y98.503000 Z-0.125000
G01 X163.491000 Y98.474000 Z-0.125000
G01 X163.561000 Y98.325000 Z-0.125000
G01 X163.441000 Y98.106000 Z-0.125000
G01 X157.931000 Y92.595000 Z-0.125000
G00 Z5.000000

(End cutting path id: path44)


(Start cutting path id: path44)
(Change tool to Default tool)

G00 Z5.000000
G00 X159.397000 Y100.878000

G01 Z-0.125000 F100.0(Penetrate)
G01 X159.231000 Y101.324000 Z-0.125000 F400.000000
G01 X159.555000 Y101.728000 Z-0.125000
G01 X160.266000 Y102.020000 Z-0.125000
G01 X161.261000 Y102.133000 Z-0.125000
G01 X162.111000 Y102.186000 Z-0.125000
G01 X162.546000 Y102.464000 Z-0.125000
G01 X162.670000 Y103.145000 Z-0.125000
G01 X162.585000 Y104.407000 Z-0.125000
G01 X162.519000 Y106.495000 Z-0.125000
G01 X162.765000 Y108.074000 Z-0.125000
G01 X163.321000 Y109.134000 Z-0.125000
G01 X163.714000 Y109.467000 Z-0.125000
G01 X164.183000 Y109.667000 Z-0.125000
G01 X164.790000 Y109.959000 Z-0.125000
G01 X165.135000 Y110.629500 Z-0.125000
G01 X165.288000 Y111.969900 Z-0.125000
G01 X165.324000 Y114.270300 Z-0.125000
G01 X165.324000 Y118.575800 Z-0.125000
G01 X162.772000 Y118.575800 Z-0.125000
G01 X160.788000 Y118.386800 Z-0.125000
G01 X160.354000 Y118.124000 Z-0.125000
G01 X160.221000 Y117.725300 Z-0.125000
G01 X160.054000 Y117.124700 Z-0.125000
G01 X159.654000 Y116.874900 Z-0.125000
G01 X159.434000 Y116.986700 Z-0.125000
G01 X159.253000 Y117.291200 Z-0.125000
G01 X159.087000 Y118.292300 Z-0.125000
G01 X159.165000 Y119.094700 Z-0.125000
G01 X159.326000 Y119.345900 Z-0.125000
G01 X159.625000 Y119.517400 Z-0.125000
G01 X160.809000 Y119.682000 Z-0.125000
G01 X163.056000 Y119.709800 Z-0.125000
G01 X167.025000 Y119.709800 Z-0.125000
G01 X167.025000 Y115.248600 Z-0.125000
G01 X167.025000 Y110.787300 Z-0.125000
G01 X169.151000 Y110.485000 Z-0.125000
G01 X172.269000 Y109.783000 Z-0.125000
G01 X172.801000 Y109.696000 Z-0.125000
G01 X173.100000 Y110.148400 Z-0.125000
G01 X173.232000 Y111.396000 Z-0.125000
G01 X173.261000 Y113.695800 Z-0.125000
G01 X173.261000 Y118.008800 Z-0.125000
G01 X177.230000 Y118.093800 Z-0.125000
G01 X181.908000 Y118.235600 Z-0.125000
G01 X182.229000 Y118.057000 Z-0.125000
G01 X182.449000 Y117.438200 Z-0.125000
G01 X182.617000 Y114.741200 Z-0.125000
G01 X182.777000 Y111.932000 Z-0.125000
G01 X183.037000 Y111.517000 Z-0.125000
G01 X183.467000 Y111.567600 Z-0.125000
G01 X184.484000 Y111.850400 Z-0.125000
G01 X185.735000 Y112.000200 Z-0.125000
G01 X186.360000 Y112.098800 Z-0.125000
G01 X186.864000 Y112.335600 Z-0.125000
G01 X187.235000 Y112.702000 Z-0.125000
G01 X187.460000 Y113.189400 Z-0.125000
G01 X187.814000 Y113.771600 Z-0.125000
G01 X188.571000 Y114.361700 Z-0.125000
G01 X189.753000 Y114.971900 Z-0.125000
G01 X191.379000 Y115.614800 Z-0.125000
G01 X194.991000 Y116.906200 Z-0.125000
G01 X198.535000 Y115.726700 Z-0.125000
G01 X200.706000 Y114.929500 Z-0.125000
G01 X201.913000 Y114.188400 Z-0.125000
G01 X202.238000 Y113.756500 Z-0.125000
G01 X202.422000 Y113.240100 Z-0.125000
G01 X202.500000 Y111.821700 Z-0.125000
G01 X202.248000 Y110.636000 Z-0.125000
G01 X202.014000 Y110.322800 Z-0.125000
G01 X201.750000 Y110.200200 Z-0.125000
G01 X201.489000 Y110.271400 Z-0.125000
G01 X201.263000 Y110.539600 Z-0.125000
G01 X201.044000 Y111.679100 Z-0.125000
G01 X200.961000 Y112.625300 Z-0.125000
G01 X200.578000 Y113.265200 Z-0.125000
G01 X199.697000 Y113.780600 Z-0.125000
G01 X198.119000 Y114.353100 Z-0.125000
G01 X196.430000 Y114.867000 Z-0.125000
G01 X195.180000 Y115.040200 Z-0.125000
G01 X193.911000 Y114.874000 Z-0.125000
G01 X192.166000 Y114.369700 Z-0.125000
G01 X190.639000 Y113.836300 Z-0.125000
G01 X189.715000 Y113.350200 Z-0.125000
G01 X189.259000 Y112.811600 Z-0.125000
G01 X189.137000 Y112.120900 Z-0.125000
G01 X189.248000 Y111.096000 Z-0.125000
G01 X189.515000 Y110.448900 Z-0.125000
G01 X189.743000 Y109.099000 Z-0.125000
G01 X189.760000 Y106.385000 Z-0.125000
G01 X189.626000 Y102.700000 Z-0.125000
G01 X191.697000 Y102.700000 Z-0.125000
G01 X193.201000 Y102.526000 Z-0.125000
G01 X193.510000 Y102.305000 Z-0.125000
G01 X193.532000 Y101.991000 Z-0.125000
G01 X193.099000 Y101.438000 Z-0.125000
G01 X192.299000 Y101.116000 Z-0.125000
G01 X191.219000 Y101.046000 Z-0.125000
G01 X189.943000 Y101.243000 Z-0.125000
G01 X189.185000 Y101.529000 Z-0.125000
G01 X188.774000 Y102.121000 Z-0.125000
G01 X188.604000 Y103.347000 Z-0.125000
G01 X188.570000 Y105.533000 Z-0.125000
G01 X188.529000 Y107.665000 Z-0.125000
G01 X188.348000 Y108.974000 Z-0.125000
G01 X187.941000 Y109.769000 Z-0.125000
G01 X187.222000 Y110.361000 Z-0.125000
G01 X186.489000 Y110.773100 Z-0.125000
G01 X185.852000 Y110.940600 Z-0.125000
G01 X185.197000 Y110.872200 Z-0.125000
G01 X184.410000 Y110.576700 Z-0.125000
G01 X183.602000 Y110.101000 Z-0.125000
G01 X183.141000 Y109.359000 Z-0.125000
G01 X182.908000 Y107.981000 Z-0.125000
G01 X182.781000 Y105.596000 Z-0.125000
G01 X182.461000 Y101.928000 Z-0.125000
G01 X182.245000 Y101.351000 Z-0.125000
G01 X182.014000 Y101.553000 Z-0.125000
G01 X181.586000 Y104.105000 Z-0.125000
G01 X181.325000 Y109.219000 Z-0.125000
G01 X181.167000 Y116.874800 Z-0.125000
G01 X177.781000 Y116.874800 Z-0.125000
G01 X174.395000 Y116.874800 Z-0.125000
G01 X174.395000 Y108.937000 Z-0.125000
G01 X174.244000 Y103.225000 Z-0.125000
G01 X174.073000 Y101.586000 Z-0.125000
G01 X173.856000 Y100.999000 Z-0.125000
G01 X173.633000 Y101.274000 Z-0.125000
G01 X173.425000 Y102.024000 Z-0.125000
G01 X173.147000 Y104.488000 Z-0.125000
G01 X172.978000 Y107.977000 Z-0.125000
G01 X170.771000 Y108.739000 Z-0.125000
G01 X169.597000 Y109.080000 Z-0.125000
G01 X168.572000 Y109.210000 Z-0.125000
G01 X167.554000 Y109.133000 Z-0.125000
G01 X166.400000 Y108.853000 Z-0.125000
G01 X164.238000 Y108.205000 Z-0.125000
G01 X164.072000 Y104.460000 Z-0.125000
G01 X163.906000 Y100.716000 Z-0.125000
G01 X161.791000 Y100.657000 Z-0.125000
G01 X160.216000 Y100.698000 Z-0.125000
G01 X159.397000 Y100.878000 Z-0.125000
G01 X159.397000 Y100.878000 Z-0.125000
G00 Z5.000000

(End cutting path id: path44)


(Start cutting path id: path44)
(Change tool to Default tool)

G00 Z5.000000
G00 X156.771000 Y103.521000

G01 Z-0.125000 F100.0(Penetrate)
G01 X146.982000 Y93.732000 Z-0.125000 F400.000000
G00 Z5.000000

(End cutting path id: path44)


(Start cutting path id: path44)
(Change tool to Default tool)

G00 Z5.000000
G00 X143.679000 Y94.246000

G01 Z-0.125000 F100.0(Penetrate)
G01 X130.941000 Y81.508000 Z-0.125000 F400.000000
G01 X130.625000 Y80.874000 Z-0.125000
G01 X130.631000 Y80.661000 Z-0.125000
G01 X130.786000 Y80.716000 Z-0.125000
G01 X148.239000 Y98.170000 Z-0.125000
G00 Z5.000000

(End cutting path id: path44)


(Start cutting path id: path44)
(Change tool to Default tool)

G00 Z5.000000
G00 X142.977000 Y98.633000

G01 Z-0.125000 F100.0(Penetrate)
G01 X135.845000 Y91.500000 Z-0.125000 F400.000000
G00 Z5.000000

(End cutting path id: path44)


(Start cutting path id: path44)
(Change tool to Default tool)

G00 Z5.000000
G00 X134.885000 Y89.905000

G01 Z-0.125000 F100.0(Penetrate)
G01 X141.767000 Y96.787000 Z-0.125000 F400.000000
G00 Z5.000000

(End cutting path id: path44)


(Start cutting path id: path44)
(Change tool to Default tool)

G00 Z5.000000
G00 X140.690000 Y95.073000

G01 Z-0.125000 F100.0(Penetrate)
G01 X134.017000 Y88.401000 Z-0.125000 F400.000000
G00 Z5.000000

(End cutting path id: path44)


(Start cutting path id: path44)
(Change tool to Default tool)

G00 Z5.000000
G00 X133.230000 Y86.977000

G01 Z-0.125000 F100.0(Penetrate)
G01 X139.739000 Y93.486000 Z-0.125000 F400.000000
G00 Z5.000000

(End cutting path id: path44)


(Start cutting path id: path44)
(Change tool to Default tool)

G00 Z5.000000
G00 X138.851000 Y91.962000

G01 Z-0.125000 F100.0(Penetrate)
G01 X132.582000 Y85.693000 Z-0.125000 F400.000000
G01 X132.147000 Y84.940000 Z-0.125000
G01 X132.071000 Y84.645000 Z-0.125000
G01 X132.188000 Y84.663000 Z-0.125000
G01 X137.737000 Y90.213000 Z-0.125000
G01 X137.976000 Y90.351000 Z-0.125000
G01 X138.166000 Y90.323000 Z-0.125000
G01 X138.237000 Y90.176000 Z-0.125000
G01 X138.118000 Y89.957000 Z-0.125000
G01 X131.588000 Y83.427000 Z-0.125000
G01 X131.205000 Y82.726000 Z-0.125000
G01 X131.165000 Y82.467000 Z-0.125000
G01 X131.299000 Y82.502000 Z-0.125000
G01 X140.951000 Y92.154000 Z-0.125000
G00 Z5.000000

(End cutting path id: path44)


(Start cutting path id: path44)
(Change tool to Default tool)

G00 Z5.000000
G00 X136.363000 Y105.413000

G01 Z-0.125000 F100.0(Penetrate)
G01 X137.558000 Y106.639000 Z-0.125000 F400.000000
G01 X138.379000 Y108.057000 Z-0.125000
G01 X138.553000 Y108.807000 Z-0.125000
G01 X138.520000 Y109.465000 Z-0.125000
G01 X138.293000 Y110.022000 Z-0.125000
G01 X137.885000 Y110.466600 Z-0.125000
G01 X137.310000 Y110.789200 Z-0.125000
G01 X136.579000 Y110.979500 Z-0.125000
G01 X135.707000 Y111.027200 Z-0.125000
G01 X134.706000 Y110.922300 Z-0.125000
G01 X132.033000 Y110.094300 Z-0.125000
G01 X128.644000 Y108.651000 Z-0.125000
G01 X125.735000 Y107.149000 Z-0.125000
G01 X124.834000 Y106.552000 Z-0.125000
G01 X124.501000 Y106.150000 Z-0.125000
G01 X124.598000 Y105.840000 Z-0.125000
G01 X124.874000 Y105.514000 Z-0.125000
G01 X125.875000 Y104.856000 Z-0.125000
G01 X127.323000 Y104.267000 Z-0.125000
G01 X129.036000 Y103.841000 Z-0.125000
G01 X130.986000 Y103.703000 Z-0.125000
G01 X132.949000 Y103.939000 Z-0.125000
G01 X134.787000 Y104.519000 Z-0.125000
G01 X136.363000 Y105.413000 Z-0.125000
G01 X136.363000 Y105.413000 Z-0.125000
G00 Z5.000000

(End cutting path id: path44)


(Start cutting path id: path44)
(Change tool to Default tool)

G00 Z5.000000
G00 X136.423000 Y105.437000

G01 Z-0.125000 F100.0(Penetrate)
G01 X132.358000 Y101.372000 Z-0.125000 F400.000000
G01 X132.288000 Y101.202000 Z-0.125000
G01 X132.466000 Y101.162000 Z-0.125000
G01 X133.052000 Y101.429000 Z-0.125000
G01 X140.982000 Y109.360000 Z-0.125000
G01 X141.169000 Y109.447000 Z-0.125000
G01 X141.245000 Y109.304000 Z-0.125000
G01 X141.030000 Y108.771000 Z-0.125000
G01 X133.731000 Y101.472000 Z-0.125000
G01 X133.682000 Y101.324000 Z-0.125000
G01 X133.908000 Y101.332000 Z-0.125000
G01 X134.563000 Y101.668000 Z-0.125000
G01 X140.990000 Y108.095000 Z-0.125000
G01 X141.145000 Y108.151000 Z-0.125000
G01 X141.152000 Y107.939000 Z-0.125000
G01 X140.837000 Y107.306000 Z-0.125000
G01 X135.391000 Y101.860000 Z-0.125000
G01 X135.382000 Y101.751000 Z-0.125000
G01 X135.695000 Y101.846000 Z-0.125000
G01 X136.477000 Y102.310000 Z-0.125000
G01 X140.534000 Y106.367000 Z-0.125000
G01 X140.625000 Y106.359000 Z-0.125000
G01 X140.491000 Y106.006000 Z-0.125000
G01 X139.970000 Y105.167000 Z-0.125000
G01 X137.653000 Y102.850000 Z-0.125000
G00 Z5.000000

(End cutting path id: path44)


(Start cutting path id: path44)
(Change tool to Default tool)

G00 Z5.000000
G00 X146.107000 Y106.851000

G01 Z-0.125000 F100.0(Penetrate)
G01 X154.200000 Y114.944400 Z-0.125000 F400.000000
G01 X154.975000 Y115.400800 Z-0.125000
G01 X155.283000 Y115.490900 Z-0.125000
G01 X155.272000 Y115.380100 Z-0.125000
G01 X144.171000 Y104.280000 Z-0.125000
G00 Z5.000000

(End cutting path id: path44)


(Start cutting path id: path44)
(Change tool to Default tool)

G00 Z5.000000
G00 X149.164000 Y106.728000

G01 Z-0.125000 F100.0(Penetrate)
G01 X139.135000 Y96.699000 Z-0.125000 F400.000000
G00 Z5.000000

(End cutting path id: path44)


(Start cutting path id: path44)
(Change tool to Default tool)

G00 Z5.000000
G00 X148.075000 Y109.455000

G01 Z-0.125000 F100.0(Penetrate)
G01 X152.912000 Y114.292500 Z-0.125000 F400.000000
G00 Z5.000000

(End cutting path id: path44)


(Start cutting path id: path44)
(Change tool to Default tool)

G00 Z5.000000
G00 X160.164000 Y108.823000

G01 Z-0.125000 F100.0(Penetrate)
G01 X138.981000 Y87.639000 Z-0.125000 F400.000000
G00 Z5.000000

(End cutting path id: path44)


(Start cutting path id: path44)
(Change tool to Default tool)

G00 Z5.000000
G00 X126.323000 Y83.887000

G01 Z-0.125000 F100.0(Penetrate)
G01 X128.293000 Y85.857000 Z-0.125000 F400.000000
G01 X128.835000 Y86.080000 Z-0.125000
G01 X128.983000 Y86.010000 Z-0.125000
G01 X128.899000 Y85.827000 Z-0.125000
G01 X117.219000 Y74.147000 Z-0.125000
G01 X117.183000 Y74.012000 Z-0.125000
G01 X117.439000 Y74.048000 Z-0.125000
G01 X118.136000 Y74.427000 Z-0.125000
G01 X129.202000 Y85.493000 Z-0.125000
G01 X129.382000 Y85.574000 Z-0.125000
G01 X129.444000 Y85.418000 Z-0.125000
G01 X129.210000 Y84.865000 Z-0.125000
G01 X119.151000 Y74.806000 Z-0.125000
G01 X119.125000 Y74.681000 Z-0.125000
G01 X119.401000 Y74.739000 Z-0.125000
G01 X120.128000 Y75.148000 Z-0.125000
G01 X129.184000 Y84.203000 Z-0.125000
G00 Z5.000000

(End cutting path id: path44)


(Start cutting path id: path44)
(Change tool to Default tool)

G00 Z5.000000
G00 X127.265000 Y81.012000

G01 Z-0.125000 F100.0(Penetrate)
G01 X122.840000 Y76.588000 Z-0.125000 F400.000000
G00 Z5.000000

(End cutting path id: path44)


(Start cutting path id: path44)
(Change tool to Default tool)

G00 Z5.000000
G00 X121.143000 Y75.526000

G01 Z-0.125000 F100.0(Penetrate)
G01 X128.520000 Y82.903000 Z-0.125000 F400.000000
G00 Z5.000000

(End cutting path id: path44)


(Start cutting path id: path44)
(Change tool to Default tool)

G00 Z5.000000
G00 X119.203000 Y77.403000

G01 Z-0.125000 F100.0(Penetrate)
G01 X115.559000 Y73.758000 Z-0.125000 F400.000000
G01 X115.506000 Y73.606000 Z-0.125000
G01 X115.723000 Y73.605000 Z-0.125000
G01 X116.365000 Y73.929000 Z-0.125000
G01 X122.075000 Y79.638000 Z-0.125000
G00 Z5.000000

(End cutting path id: path44)


(Start cutting path id: path44)
(Change tool to Default tool)

G00 Z5.000000
G00 X109.492000 Y74.510000

G01 Z-0.125000 F100.0(Penetrate)
G01 X107.506000 Y75.991000 Z-0.125000 F400.000000
G01 X105.894000 Y77.761000 Z-0.125000
G01 X105.193000 Y78.932000 Z-0.125000
G01 X104.819000 Y80.082000 Z-0.125000
G01 X104.707000 Y81.563000 Z-0.125000
G01 X104.792000 Y83.731000 Z-0.125000
G01 X105.032000 Y85.932000 Z-0.125000
G01 X105.492000 Y88.033000 Z-0.125000
G01 X106.199000 Y90.082000 Z-0.125000
G01 X107.178000 Y92.130000 Z-0.125000
G01 X108.457000 Y94.224000 Z-0.125000
G01 X110.063000 Y96.414000 Z-0.125000
G01 X112.021000 Y98.749000 Z-0.125000
G01 X114.359000 Y101.277000 Z-0.125000
G01 X119.810000 Y106.952000 Z-0.125000
G01 X119.024000 Y109.202000 Z-0.125000
G01 X118.653000 Y110.567400 Z-0.125000
G01 X118.557000 Y111.656600 Z-0.125000
G01 X118.692000 Y112.440600 Z-0.125000
G01 X119.015000 Y112.890300 Z-0.125000
G01 X119.483000 Y112.976300 Z-0.125000
G01 X120.053000 Y112.669600 Z-0.125000
G01 X120.682000 Y111.941000 Z-0.125000
G01 X121.326000 Y110.761300 Z-0.125000
G01 X122.293000 Y108.617000 Z-0.125000
G01 X126.799000 Y110.856400 Z-0.125000
G01 X130.578000 Y112.459200 Z-0.125000
G01 X132.303000 Y112.975000 Z-0.125000
G01 X133.915000 Y113.299500 Z-0.125000
G01 X135.408000 Y113.432300 Z-0.125000
G01 X136.780000 Y113.372700 Z-0.125000
G01 X138.025000 Y113.120200 Z-0.125000
G01 X139.141000 Y112.674200 Z-0.125000
G01 X140.401000 Y111.712300 Z-0.125000
G01 X141.146000 Y110.462700 Z-0.125000
G01 X141.401000 Y109.015000 Z-0.125000
G01 X141.191000 Y107.457000 Z-0.125000
G01 X140.540000 Y105.880000 Z-0.125000
G01 X139.472000 Y104.371000 Z-0.125000
G01 X138.013000 Y103.020000 Z-0.125000
G01 X136.186000 Y101.917000 Z-0.125000
G01 X134.678000 Y101.381000 Z-0.125000
G01 X132.959000 Y101.071000 Z-0.125000
G01 X131.114000 Y100.978000 Z-0.125000
G01 X129.227000 Y101.091000 Z-0.125000
G01 X127.384000 Y101.400000 Z-0.125000
G01 X125.671000 Y101.898000 Z-0.125000
G01 X124.172000 Y102.572000 Z-0.125000
G01 X122.972000 Y103.415000 Z-0.125000
G01 X121.727000 Y104.541000 Z-0.125000
G01 X118.525000 Y101.806000 Z-0.125000
G01 X116.666000 Y100.071000 Z-0.125000
G01 X114.864000 Y98.111000 Z-0.125000
G01 X113.159000 Y95.988000 Z-0.125000
G01 X111.594000 Y93.766000 Z-0.125000
G01 X110.210000 Y91.507000 Z-0.125000
G01 X109.048000 Y89.275000 Z-0.125000
G01 X108.150000 Y87.133000 Z-0.125000
G01 X107.559000 Y85.144000 Z-0.125000
G01 X107.357000 Y83.913000 Z-0.125000
G01 X107.313000 Y82.747000 Z-0.125000
G01 X107.418000 Y81.653000 Z-0.125000
G01 X107.662000 Y80.638000 Z-0.125000
G01 X108.038000 Y79.708000 Z-0.125000
G01 X108.535000 Y78.871000 Z-0.125000
G01 X109.861000 Y77.500000 Z-0.125000
G01 X111.568000 Y76.580000 Z-0.125000
G01 X113.585000 Y76.164000 Z-0.125000
G01 X115.840000 Y76.305000 Z-0.125000
G01 X118.264000 Y77.058000 Z-0.125000
G01 X120.346000 Y78.310000 Z-0.125000
G01 X122.774000 Y80.287000 Z-0.125000
G01 X125.149000 Y82.630000 Z-0.125000
G01 X127.073000 Y84.981000 Z-0.125000
G01 X127.945000 Y85.882000 Z-0.125000
G01 X128.785000 Y86.257000 Z-0.125000
G01 X129.178000 Y86.192000 Z-0.125000
G01 X129.442000 Y86.005000 Z-0.125000
G01 X129.607000 Y85.309000 Z-0.125000
G01 X129.335000 Y84.260000 Z-0.125000
G01 X128.678000 Y82.947000 Z-0.125000
G01 X127.689000 Y81.461000 Z-0.125000
G01 X126.421000 Y79.891000 Z-0.125000
G01 X124.927000 Y78.327000 Z-0.125000
G01 X123.260000 Y76.860000 Z-0.125000
G01 X121.057000 Y75.422000 Z-0.125000
G01 X118.502000 Y74.265000 Z-0.125000
G01 X115.882000 Y73.497000 Z-0.125000
G01 X113.483000 Y73.226000 Z-0.125000
G01 X111.593000 Y73.607000 Z-0.125000
G01 X109.492000 Y74.510000 Z-0.125000
G01 X109.492000 Y74.510000 Z-0.125000
G00 Z5.000000

(End cutting path id: path44)


(Start cutting path id: path44)
(Change tool to Default tool)

G00 Z5.000000
G00 X109.774000 Y90.873000

G01 Z-0.125000 F100.0(Penetrate)
G01 X105.476000 Y86.576000 Z-0.125000 F400.000000
G01 X105.176000 Y85.957000 Z-0.125000
G01 X105.193000 Y85.755000 Z-0.125000
G01 X105.352000 Y85.816000 Z-0.125000
G01 X108.746000 Y89.209000 Z-0.125000
G01 X108.843000 Y89.207000 Z-0.125000
G01 X108.724000 Y88.869000 Z-0.125000
G01 X108.225000 Y88.052000 Z-0.125000
G01 X105.258000 Y85.085000 Z-0.125000
G01 X104.987000 Y84.496000 Z-0.125000
G01 X105.025000 Y84.315000 Z-0.125000
G01 X105.194000 Y84.385000 Z-0.125000
G01 X107.811000 Y87.002000 Z-0.125000
G01 X107.940000 Y87.031000 Z-0.125000
G01 X107.889000 Y86.762000 Z-0.125000
G01 X107.489000 Y86.044000 Z-0.125000
G01 X105.149000 Y83.704000 Z-0.125000
G01 X104.893000 Y83.130000 Z-0.125000
G01 X104.940000 Y82.959000 Z-0.125000
G01 X105.114000 Y83.033000 Z-0.125000
G01 X107.248000 Y85.167000 Z-0.125000
G01 X107.400000 Y85.220000 Z-0.125000
G01 X107.402000 Y85.003000 Z-0.125000
G01 X107.079000 Y84.362000 Z-0.125000
G01 X105.067000 Y82.350000 Z-0.125000
G01 X104.835000 Y81.799000 Z-0.125000
G01 X104.898000 Y81.645000 Z-0.125000
G01 X105.079000 Y81.726000 Z-0.125000
G01 X106.980000 Y83.626000 Z-0.125000
G01 X107.159000 Y83.706000 Z-0.125000
G01 X107.219000 Y83.547000 Z-0.125000
G01 X106.980000 Y82.991000 Z-0.125000
G01 X105.077000 Y81.087000 Z-0.125000
G01 X104.879000 Y80.572000 Z-0.125000
G01 X104.967000 Y80.441000 Z-0.125000
G01 X105.159000 Y80.533000 Z-0.125000
G01 X106.950000 Y82.325000 Z-0.125000
G01 X107.137000 Y82.412000 Z-0.125000
G01 X107.214000 Y82.270000 Z-0.125000
G01 X107.000000 Y81.738000 Z-0.125000
G01 X105.265000 Y80.003000 Z-0.125000
G01 X105.110000 Y79.749000 Z-0.125000
G01 X105.104000 Y79.525000 Z-0.125000
G01 X105.217000 Y79.419000 Z-0.125000
G01 X105.421000 Y79.523000 Z-0.125000
G01 X107.086000 Y81.189000 Z-0.125000
G01 X107.284000 Y81.287000 Z-0.125000
G01 X107.385000 Y81.169000 Z-0.125000
G01 X107.206000 Y80.672000 Z-0.125000
G01 X105.622000 Y79.088000 Z-0.125000
G01 X105.479000 Y78.846000 Z-0.125000
G01 X105.497000 Y78.645000 Z-0.125000
G01 X105.635000 Y78.565000 Z-0.125000
G01 X105.849000 Y78.680000 Z-0.125000
G01 X107.356000 Y80.186000 Z-0.125000
G01 X107.563000 Y80.294000 Z-0.125000
G01 X107.684000 Y80.196000 Z-0.125000
G01 X107.686000 Y79.979000 Z-0.125000
G01 X107.535000 Y79.729000 Z-0.125000
G01 X106.097000 Y78.291000 Z-0.125000
G01 X105.959000 Y78.053000 Z-0.125000
G01 X105.988000 Y77.864000 Z-0.125000
G01 X106.137000 Y77.794000 Z-0.125000
G01 X106.356000 Y77.914000 Z-0.125000
G01 X107.740000 Y79.297000 Z-0.125000
G01 X107.954000 Y79.413000 Z-0.125000
G01 X108.093000 Y79.333000 Z-0.125000
G01 X108.112000 Y79.134000 Z-0.125000
G01 X107.969000 Y78.891000 Z-0.125000
G01 X106.637000 Y77.558000 Z-0.125000
G01 X106.504000 Y77.326000 Z-0.125000
G01 X106.546000 Y77.150000 Z-0.125000
G01 X106.708000 Y77.093000 Z-0.125000
G01 X106.933000 Y77.219000 Z-0.125000
G01 X108.223000 Y78.509000 Z-0.125000
G01 X108.446000 Y78.632000 Z-0.125000
G01 X108.600000 Y78.568000 Z-0.125000
G01 X108.636000 Y78.385000 Z-0.125000
G01 X108.501000 Y78.150000 Z-0.125000
G01 X107.245000 Y76.895000 Z-0.125000
G01 X107.116000 Y76.667000 Z-0.125000
G01 X107.167000 Y76.499000 Z-0.125000
G01 X107.337000 Y76.450000 Z-0.125000
G01 X107.567000 Y76.580000 Z-0.125000
G01 X108.801000 Y77.815000 Z-0.125000
G01 X109.031000 Y77.945000 Z-0.125000
G01 X109.201000 Y77.897000 Z-0.125000
G01 X109.253000 Y77.730000 Z-0.125000
G01 X109.125000 Y77.502000 Z-0.125000
G01 X107.896000 Y76.274000 Z-0.125000
G01 X107.771000 Y76.049000 Z-0.125000
G01 X107.828000 Y75.888000 Z-0.125000
G01 X108.005000 Y75.846000 Z-0.125000
G01 X108.238000 Y75.979000 Z-0.125000
G01 X109.471000 Y77.213000 Z-0.125000
G01 X109.708000 Y77.350000 Z-0.125000
G01 X109.895000 Y77.318000 Z-0.125000
G01 X109.962000 Y77.166000 Z-0.125000
G01 X109.841000 Y76.946000 Z-0.125000
G01 X108.590000 Y75.695000 Z-0.125000
G01 X108.467000 Y75.473000 Z-0.125000
G01 X108.531000 Y75.318000 Z-0.125000
G01 X108.714000 Y75.283000 Z-0.125000
G01 X108.949000 Y75.418000 Z-0.125000
G01 X110.234000 Y76.703000 Z-0.125000
G01 X110.478000 Y76.847000 Z-0.125000
G01 X110.681000 Y76.832000 Z-0.125000
G01 X110.764000 Y76.697000 Z-0.125000
G01 X110.651000 Y76.484000 Z-0.125000
G01 X109.323000 Y75.156000 Z-0.125000
G01 X109.206000 Y74.939000 Z-0.125000
G01 X109.281000 Y74.795000 Z-0.125000
G01 X109.475000 Y74.771000 Z-0.125000
G01 X109.715000 Y74.912000 Z-0.125000
G01 X111.093000 Y76.290000 Z-0.125000
G01 X111.346000 Y76.443000 Z-0.125000
G01 X111.567000 Y76.446000 Z-0.125000
G01 X111.668000 Y76.329000 Z-0.125000
G01 X111.563000 Y76.124000 Z-0.125000
G01 X110.127000 Y74.687000 Z-0.125000
G01 X110.015000 Y74.476000 Z-0.125000
G01 X110.104000 Y74.346000 Z-0.125000
G01 X110.312000 Y74.336000 Z-0.125000
G01 X110.558000 Y74.483000 Z-0.125000
G01 X112.061000 Y75.986000 Z-0.125000
G01 X112.565000 Y76.172000 Z-0.125000
G01 X112.688000 Y76.075000 Z-0.125000
G01 X112.591000 Y75.880000 Z-0.125000
G01 X111.003000 Y74.291000 Z-0.125000
G01 X110.895000 Y74.085000 Z-0.125000
G01 X110.994000 Y73.964000 Z-0.125000
G01 X111.211000 Y73.963000 Z-0.125000
G01 X111.462000 Y74.114000 Z-0.125000
G01 X113.156000 Y75.809000 Z-0.125000
G01 X113.697000 Y76.031000 Z-0.125000
G01 X113.845000 Y75.960000 Z-0.125000
G01 X113.760000 Y75.776000 Z-0.125000
G01 X111.925000 Y73.941000 Z-0.125000
G01 X111.824000 Y73.741000 Z-0.125000
G01 X111.938000 Y73.636000 Z-0.125000
G01 X112.427000 Y73.808000 Z-0.125000
G01 X114.407000 Y75.787000 Z-0.125000
G01 X114.997000 Y76.060000 Z-0.125000
G01 X115.180000 Y76.023000 Z-0.125000
G01 X115.111000 Y75.855000 Z-0.125000
G01 X112.943000 Y73.687000 Z-0.125000
G01 X112.851000 Y73.496000 Z-0.125000
G01 X112.983000 Y73.409000 Z-0.125000
G01 X113.500000 Y73.608000 Z-0.125000
G01 X115.878000 Y75.986000 Z-0.125000
G01 X116.547000 Y76.337000 Z-0.125000
G01 X116.784000 Y76.355000 Z-0.125000
G01 X116.739000 Y76.211000 Z-0.125000
G01 X114.092000 Y73.564000 Z-0.125000
G01 X114.027000 Y73.400000 Z-0.125000
G01 X114.219000 Y73.373000 Z-0.125000
G01 X114.824000 Y73.659000 Z-0.125000
G01 X117.946000 Y76.782000 Z-0.125000
G00 Z5.000000

(End cutting path id: path44)


(Start cutting path id: path44)
(Change tool to Default tool)

G00 Z5.000000
G00 X111.869000 Y94.240000

G01 Z-0.125000 F100.0(Penetrate)
G01 X105.856000 Y88.228000 Z-0.125000 F400.000000
G01 X105.480000 Y87.534000 Z-0.125000
G01 X105.445000 Y87.280000 Z-0.125000
G01 X105.580000 Y87.316000 Z-0.125000
G01 X110.451000 Y92.187000 Z-0.125000
G00 Z5.000000

(End cutting path id: path44)


(Start cutting path id: path44)
(Change tool to Default tool)

G00 Z5.000000
G00 X108.220000 Y93.772000

G01 Z-0.125000 F100.0(Penetrate)
G01 X123.534000 Y109.087000 Z-0.125000 F400.000000
G00 Z5.000000

(End cutting path id: path44)


(Start cutting path id: path44)
(Change tool to Default tool)

G00 Z5.000000
G00 X122.270000 Y108.458000

G01 Z-0.125000 F100.0(Penetrate)
G01 X109.743000 Y95.931000 Z-0.125000 F400.000000
G00 Z5.000000

(End cutting path id: path44)


(Start cutting path id: path44)
(Change tool to Default tool)

G00 Z5.000000
G00 X97.852100 Y109.221000

G01 Z-0.125000 F100.0(Penetrate)
G01 X97.852100 Y116.307900 Z-0.125000 F400.000000
G01 X95.017100 Y116.307900 Z-0.125000
G01 X93.415300 Y116.275200 Z-0.125000
G01 X92.569600 Y116.084400 Z-0.125000
G01 X92.238900 Y115.596400 Z-0.125000
G01 X92.182200 Y114.672100 Z-0.125000
G01 X92.267300 Y113.888600 Z-0.125000
G01 X92.527200 Y113.208500 Z-0.125000
G01 X92.969000 Y112.619000 Z-0.125000
G01 X93.599600 Y112.107600 Z-0.125000
G01 X94.376300 Y111.482500 Z-0.125000
G01 X94.801800 Y110.633000 Z-0.125000
G01 X94.980700 Y109.158000 Z-0.125000
G01 X95.017100 Y106.656000 Z-0.125000
G01 X95.042600 Y104.073000 Z-0.125000
G01 X95.203300 Y102.727000 Z-0.125000
G01 X95.373700 Y102.392000 Z-0.125000
G01 X95.625200 Y102.215000 Z-0.125000
G01 X96.434600 Y102.133000 Z-0.125000
G01 X97.852100 Y102.133000 Z-0.125000
G01 X97.852100 Y109.221000 Z-0.125000
G00 Z5.000000

(End cutting path id: path44)


(Start cutting path id: path44)
(Change tool to Default tool)

G00 Z5.000000
G00 X95.009800 Y116.835900

G01 Z-0.125000 F100.0(Penetrate)
G01 X98.378900 Y116.835900 Z-0.125000 F400.000000
G01 X98.378900 Y101.592000 Z-0.125000
G01 X96.672300 Y101.586000 Z-0.125000
G01 X95.834700 Y101.646000 Z-0.125000
G01 X95.070200 Y101.967000 Z-0.125000
G01 X94.647800 Y102.785000 Z-0.125000
G01 X94.518100 Y103.694000 Z-0.125000
G01 X94.483600 Y105.563000 Z-0.125000
G01 X94.492100 Y108.244000 Z-0.125000
G01 X94.415300 Y109.570000 Z-0.125000
G01 X94.154300 Y110.853500 Z-0.125000
G01 X93.571300 Y111.474600 Z-0.125000
G01 X92.886800 Y112.011000 Z-0.125000
G01 X92.269800 Y112.598000 Z-0.125000
G01 X91.889200 Y113.371300 Z-0.125000
G01 X91.630700 Y114.909000 Z-0.125000
G01 X91.740000 Y115.674600 Z-0.125000
G01 X92.082000 Y116.353500 Z-0.125000
G01 X92.746600 Y116.710100 Z-0.125000
G01 X93.486900 Y116.821000 Z-0.125000
G01 X95.009800 Y116.835900 Z-0.125000
G01 X95.009800 Y116.835900 Z-0.125000
G00 Z5.000000

(End cutting path id: path44)


(Start cutting path id: path44)
(Change tool to Default tool)

G00 Z5.000000
G00 X98.431600 Y119.943400

G01 Z-0.125000 F100.0(Penetrate)
G01 X98.312200 Y118.724500 Z-0.125000 F400.000000
G01 X98.105800 Y118.178600 Z-0.125000
G01 X97.620300 Y117.811800 Z-0.125000
G01 X96.463500 Y117.512900 Z-0.125000
G01 X95.273000 Y117.404400 Z-0.125000
G01 X92.876700 Y117.274300 Z-0.125000
G01 X91.771000 Y117.148500 Z-0.125000
G01 X91.326500 Y116.888600 Z-0.125000
G01 X91.144500 Y116.378900 Z-0.125000
G01 X90.899700 Y115.178900 Z-0.125000
G01 X90.596500 Y114.670600 Z-0.125000
G01 X90.087900 Y114.367200 Z-0.125000
G01 X89.281900 Y114.260800 Z-0.125000
G01 X88.540600 Y113.914900 Z-0.125000
G01 X87.151000 Y113.009700 Z-0.125000
G01 X84.771500 Y111.306600 Z-0.125000
G01 X84.771500 Y102.934000 Z-0.125000
G01 X84.857200 Y106.886000 Z-0.125000
G01 X84.849600 Y110.841800 Z-0.125000
G01 X89.300800 Y114.236300 Z-0.125000
G01 X91.409700 Y112.646800 Z-0.125000
G01 X92.431500 Y111.803900 Z-0.125000
G01 X93.291000 Y110.802700 Z-0.125000
G01 X93.717800 Y109.520000 Z-0.125000
G01 X93.874000 Y108.178000 Z-0.125000
G01 X93.969500 Y105.460000 Z-0.125000
G01 X94.111300 Y101.211000 Z-0.125000
G01 X98.459000 Y100.932000 Z-0.125000
G01 X98.459000 Y120.009800 Z-0.125000
G01 X98.431600 Y119.943400 Z-0.125000
G00 Z5.000000

(End cutting path id: path44)


(Start cutting path id: path44)
(Change tool to Default tool)

G00 Z5.000000
G00 X101.672000 Y120.312500

G01 Z-0.125000 F100.0(Penetrate)
G01 X99.275400 Y120.236300 Z-0.125000 F400.000000
G01 X108.586000 Y120.236300 Z-0.125000
G01 X108.586000 Y100.969000 Z-0.125000
G01 X109.523000 Y100.954000 Z-0.125000
G01 X110.455000 Y101.021000 Z-0.125000
G01 X109.447000 Y101.225000 Z-0.125000
G01 X109.070000 Y101.546000 Z-0.125000
G01 X108.895000 Y102.041000 Z-0.125000
G01 X108.728000 Y103.430000 Z-0.125000
G01 X108.720000 Y104.830000 Z-0.125000
G01 X108.805000 Y107.634000 Z-0.125000
G01 X108.955000 Y112.841800 Z-0.125000
G01 X116.287000 Y116.861300 Z-0.125000
G01 X114.417000 Y116.124800 Z-0.125000
G01 X112.625000 Y115.213400 Z-0.125000
G01 X109.076000 Y113.330000 Z-0.125000
G01 X108.718000 Y113.491300 Z-0.125000
G01 X108.630000 Y113.853600 Z-0.125000
G01 X108.664000 Y114.685900 Z-0.125000
G01 X108.664000 Y120.316400 Z-0.125000
G01 X101.672000 Y120.312500 Z-0.125000
G01 X101.672000 Y120.312500 Z-0.125000
G00 Z5.000000

(End cutting path id: path44)


(Start cutting path id: path44)
(Change tool to Default tool)

G00 Z5.000000
G00 X98.287800 Y128.792700

G01 Z-0.125000 F100.0(Penetrate)
G01 X103.222000 Y130.244800 Z-0.125000 F400.000000
G01 X104.929000 Y130.928900 Z-0.125000
G01 X106.203000 Y131.634300 Z-0.125000
G01 X107.097000 Y132.397800 Z-0.125000
G01 X107.667000 Y133.256400 Z-0.125000
G01 X107.967000 Y134.247000 Z-0.125000
G01 X108.050000 Y135.406500 Z-0.125000
G01 X107.956000 Y136.778400 Z-0.125000
G01 X107.687000 Y137.966900 Z-0.125000
G01 X107.243000 Y138.972300 Z-0.125000
G01 X106.624000 Y139.794500 Z-0.125000
G01 X105.830000 Y140.433800 Z-0.125000
G01 X104.860000 Y140.890300 Z-0.125000
G01 X103.716000 Y141.164100 Z-0.125000
G01 X102.396000 Y141.255400 Z-0.125000
G01 X99.931600 Y140.921500 Z-0.125000
G01 X96.226500 Y140.134800 Z-0.125000
G01 X92.656300 Y139.217600 Z-0.125000
G01 X90.597100 Y138.492000 Z-0.125000
G01 X90.370200 Y138.023500 Z-0.125000
G01 X90.426400 Y136.998400 Z-0.125000
G01 X91.450900 Y132.865300 Z-0.125000
G01 X92.659000 Y129.180300 Z-0.125000
G01 X93.133600 Y128.059400 Z-0.125000
G01 X93.435200 Y127.647600 Z-0.125000
G01 X98.287800 Y128.792700 Z-0.125000
G01 X98.287800 Y128.792700 Z-0.125000
G00 Z5.000000

(End cutting path id: path44)


(Start cutting path id: path44)
(Change tool to Default tool)

G00 Z5.000000
G00 X105.857000 Y131.325700

G01 Z-0.125000 F100.0(Penetrate)
G01 X100.873000 Y126.341600 Z-0.125000 F400.000000
G01 X100.830000 Y126.198700 Z-0.125000
G01 X101.068000 Y126.218300 Z-0.125000
G01 X101.740000 Y126.572200 Z-0.125000
G01 X111.599000 Y136.431400 Z-0.125000
G01 X111.785000 Y136.517600 Z-0.125000
G01 X111.859000 Y136.373500 Z-0.125000
G01 X111.642000 Y135.838600 Z-0.125000
G01 X102.742000 Y126.938200 Z-0.125000
G01 X102.712000 Y126.809300 Z-0.125000
G01 X102.981000 Y126.859800 Z-0.125000
G01 X103.698000 Y127.258400 Z-0.125000
G01 X111.638000 Y135.198400 Z-0.125000
G01 X111.808000 Y135.269400 Z-0.125000
G01 X111.849000 Y135.091500 Z-0.125000
G01 X111.583000 Y134.507500 Z-0.125000
G01 X104.670000 Y127.594000 Z-0.125000
G01 X104.628000 Y127.452500 Z-0.125000
G01 X104.869000 Y127.475300 Z-0.125000
G01 X105.546000 Y127.833600 Z-0.125000
G01 X111.450000 Y133.738000 Z-0.125000
G01 X111.593000 Y133.781800 Z-0.125000
G01 X111.574000 Y133.544200 Z-0.125000
G01 X111.221000 Y132.873300 Z-0.125000
G01 X106.586000 Y128.237600 Z-0.125000
G01 X106.596000 Y128.148500 Z-0.125000
G01 X106.953000 Y128.286500 Z-0.125000
G01 X107.797000 Y128.812400 Z-0.125000
G01 X111.057000 Y132.073000 Z-0.125000
G00 Z5.000000

(End cutting path id: path44)


(Start cutting path id: path44)
(Change tool to Default tool)

G00 Z5.000000
G00 X109.134000 Y129.513700

G01 Z-0.125000 F100.0(Penetrate)
G01 X110.000000 Y130.379800 Z-0.125000 F400.000000
G00 Z5.000000

(End cutting path id: path44)


(Start cutting path id: path44)
(Change tool to Default tool)

G00 Z5.000000
G00 X119.095000 Y131.080000

G01 Z-0.125000 F100.0(Penetrate)
G01 X118.066000 Y135.795000 Z-0.125000 F400.000000
G01 X116.242000 Y145.587800 Z-0.125000
G01 X114.503000 Y155.577100 Z-0.125000
G01 X113.728000 Y160.881600 Z-0.125000
G01 X113.813000 Y161.404200 Z-0.125000
G01 X114.046000 Y161.855800 Z-0.125000
G01 X114.832000 Y162.489000 Z-0.125000
G01 X115.833000 Y162.666500 Z-0.125000
G01 X116.336000 Y162.548700 Z-0.125000
G01 X116.798000 Y162.274000 Z-0.125000
G01 X117.258000 Y161.051400 Z-0.125000
G01 X117.929000 Y158.119200 Z-0.125000
G01 X119.685000 Y148.194200 Z-0.125000
G01 X121.297000 Y138.584300 Z-0.125000
G01 X122.170000 Y134.379800 Z-0.125000
G01 X123.830000 Y134.340800 Z-0.125000
G01 X127.336000 Y134.746000 Z-0.125000
G01 X135.273000 Y135.668200 Z-0.125000
G01 X137.045000 Y135.752000 Z-0.125000
G01 X137.996000 Y135.631800 Z-0.125000
G01 X138.409000 Y135.190200 Z-0.125000
G01 X138.571000 Y134.309800 Z-0.125000
G01 X138.571000 Y132.719400 Z-0.125000
G01 X129.186000 Y131.473700 Z-0.125000
G01 X120.707000 Y130.494500 Z-0.125000
G01 X119.721000 Y130.661400 Z-0.125000
G01 X119.095000 Y131.080000 Z-0.125000
G01 X119.095000 Y131.080000 Z-0.125000
G00 Z5.000000

(End cutting path id: path44)


(Start cutting path id: path44)
(Change tool to Default tool)

G00 Z5.000000
G00 X117.512000 Y116.453100

G01 Z-0.125000 F100.0(Penetrate)
G01 X120.626000 Y114.687200 Z-0.125000 F400.000000
G01 X122.213000 Y113.877900 Z-0.125000
G01 X123.865000 Y113.212900 Z-0.125000
G01 X122.496000 Y114.122200 Z-0.125000
G01 X121.045000 Y114.896800 Z-0.125000
G01 X118.062000 Y116.296000 Z-0.125000
G01 X117.341000 Y116.590800 Z-0.125000
G01 X117.186000 Y116.631200 Z-0.125000
G01 X117.512000 Y116.453100 Z-0.125000
G01 X117.512000 Y116.453100 Z-0.125000
G00 Z5.000000

(End cutting path id: path44)


(Start cutting path id: path44)
(Change tool to Default tool)

G00 Z5.000000
G00 X118.855000 Y112.676400

G01 Z-0.125000 F100.0(Penetrate)
G01 X118.942000 Y112.763400 Z-0.125000 F400.000000
G01 X119.320000 Y112.823200 Z-0.125000
G01 X119.523000 Y112.709100 Z-0.125000
G01 X118.942000 Y112.127700 Z-0.125000
G01 X118.695000 Y111.562400 Z-0.125000
G01 X118.748000 Y111.397400 Z-0.125000
G01 X118.925000 Y111.474200 Z-0.125000
G01 X119.756000 Y112.305400 Z-0.125000
G01 X119.984000 Y112.433700 Z-0.125000
G01 X120.150000 Y112.381900 Z-0.125000
G01 X120.198000 Y112.210800 Z-0.125000
G01 X120.068000 Y111.981200 Z-0.125000
G01 X118.986000 Y110.899600 Z-0.125000
G01 X118.813000 Y110.408400 Z-0.125000
G01 X118.918000 Y110.294400 Z-0.125000
G01 X119.117000 Y110.394300 Z-0.125000
G01 X120.341000 Y111.618300 Z-0.125000
G01 X120.558000 Y111.735700 Z-0.125000
G01 X120.701000 Y111.659800 Z-0.125000
G01 X120.724000 Y111.464600 Z-0.125000
G01 X120.583000 Y111.224100 Z-0.125000
G01 X119.252000 Y109.893000 Z-0.125000
G01 X119.098000 Y109.640000 Z-0.125000
G01 X119.093000 Y109.416000 Z-0.125000
G01 X119.207000 Y109.312000 Z-0.125000
G01 X119.411000 Y109.416000 Z-0.125000
G01 X120.805000 Y110.810300 Z-0.125000
G01 X121.016000 Y110.921600 Z-0.125000
G01 X121.145000 Y110.832400 Z-0.125000
G01 X121.156000 Y110.623900 Z-0.125000
G01 X121.008000 Y110.377400 Z-0.125000
G01 X119.576000 Y108.945000 Z-0.125000
G01 X119.423000 Y108.692000 Z-0.125000
G01 X119.420000 Y108.471000 Z-0.125000
G01 X119.536000 Y108.368000 Z-0.125000
G01 X119.740000 Y108.473000 Z-0.125000
G01 X121.206000 Y109.939000 Z-0.125000
G01 X121.416000 Y110.049400 Z-0.125000
G01 X121.543000 Y109.958000 Z-0.125000
G01 X121.552000 Y109.748000 Z-0.125000
G01 X121.404000 Y109.501000 Z-0.125000
G01 X119.905000 Y108.002000 Z-0.125000
G01 X119.752000 Y107.749000 Z-0.125000
G01 X119.749000 Y107.528000 Z-0.125000
G01 X119.865000 Y107.425000 Z-0.125000
G01 X120.070000 Y107.531000 Z-0.125000
G01 X121.601000 Y109.062000 Z-0.125000
G01 X121.811000 Y109.173000 Z-0.125000
G01 X121.939000 Y109.081000 Z-0.125000
G01 X121.947000 Y108.871000 Z-0.125000
G01 X121.799000 Y108.624000 Z-0.125000
G01 X113.245000 Y100.070000 Z-0.125000
G00 Z5.000000

(End cutting path id: path44)


(Start cutting path id: path44)
(Change tool to Default tool)

G00 Z5.000000
G00 X124.493000 Y106.229000

G01 Z-0.125000 F100.0(Penetrate)
G01 X122.626000 Y104.361000 Z-0.125000 F400.000000
G01 X122.499000 Y104.135000 Z-0.125000
G01 X122.554000 Y103.972000 Z-0.125000
G01 X122.729000 Y103.928000 Z-0.125000
G01 X122.960000 Y104.059000 Z-0.125000
G01 X124.322000 Y105.422000 Z-0.125000
G01 X124.551000 Y105.551000 Z-0.125000
G01 X124.719000 Y105.500000 Z-0.125000
G01 X124.767000 Y105.330000 Z-0.125000
G01 X124.638000 Y105.101000 Z-0.125000
G01 X123.294000 Y103.757000 Z-0.125000
G01 X123.169000 Y103.534000 Z-0.125000
G01 X123.230000 Y103.375000 Z-0.125000
G01 X123.409000 Y103.336000 Z-0.125000
G01 X123.643000 Y103.470000 Z-0.125000
G01 X125.002000 Y104.830000 Z-0.125000
G01 X125.243000 Y104.972000 Z-0.125000
G01 X125.441000 Y104.950000 Z-0.125000
G01 X125.519000 Y104.809000 Z-0.125000
G01 X125.402000 Y104.594000 Z-0.125000
G01 X124.016000 Y103.207000 Z-0.125000
G01 X123.898000 Y102.990000 Z-0.125000
G01 X123.974000 Y102.848000 Z-0.125000
G01 X124.169000 Y102.824000 Z-0.125000
G01 X124.410000 Y102.965000 Z-0.125000
G01 X125.825000 Y104.380000 Z-0.125000
G01 X126.073000 Y104.529000 Z-0.125000
G01 X126.284000 Y104.522000 Z-0.125000
G01 X126.377000 Y104.395000 Z-0.125000
G01 X126.267000 Y104.186000 Z-0.125000
G01 X124.824000 Y102.743000 Z-0.125000
G01 X124.713000 Y102.532000 Z-0.125000
G01 X124.802000 Y102.403000 Z-0.125000
G01 X125.011000 Y102.394000 Z-0.125000
G01 X125.258000 Y102.541000 Z-0.125000
G01 X126.729000 Y104.012000 Z-0.125000
G01 X126.982000 Y104.166000 Z-0.125000
G01 X127.206000 Y104.171000 Z-0.125000
G01 X127.311000 Y104.057000 Z-0.125000
G01 X127.207000 Y103.854000 Z-0.125000
G01 X125.708000 Y102.355000 Z-0.125000
G01 X125.602000 Y102.150000 Z-0.125000
G01 X125.703000 Y102.032000 Z-0.125000
G01 X125.923000 Y102.033000 Z-0.125000
G01 X126.175000 Y102.185000 Z-0.125000
G01 X127.701000 Y103.712000 Z-0.125000
G01 X128.195000 Y103.888000 Z-0.125000
G01 X128.311000 Y103.785000 Z-0.125000
G01 X128.212000 Y103.586000 Z-0.125000
G01 X126.656000 Y102.031000 Z-0.125000
G01 X126.555000 Y101.830000 Z-0.125000
G01 X126.666000 Y101.722000 Z-0.125000
G01 X127.152000 Y101.891000 Z-0.125000
G01 X128.739000 Y103.478000 Z-0.125000
G01 X129.255000 Y103.676000 Z-0.125000
G01 X129.387000 Y103.589000 Z-0.125000
G01 X129.294000 Y103.397000 Z-0.125000
G01 X127.663000 Y101.766000 Z-0.125000
G01 X127.567000 Y101.570000 Z-0.125000
G01 X127.689000 Y101.473000 Z-0.125000
G01 X128.191000 Y101.657000 Z-0.125000
G01 X129.881000 Y103.348000 Z-0.125000
G01 X130.430000 Y103.578000 Z-0.125000
G01 X130.583000 Y103.513000 Z-0.125000
G01 X130.501000 Y103.332000 Z-0.125000
G01 X128.733000 Y101.564000 Z-0.125000
G01 X128.641000 Y101.372000 Z-0.125000
G01 X128.773000 Y101.286000 Z-0.125000
G01 X129.291000 Y101.485000 Z-0.125000
G01 X131.166000 Y103.360000 Z-0.125000
G01 X131.754000 Y103.630000 Z-0.125000
G01 X131.934000 Y103.592000 Z-0.125000
G01 X131.865000 Y103.423000 Z-0.125000
G01 X129.864000 Y101.423000 Z-0.125000
G01 X129.778000 Y101.237000 Z-0.125000
G01 X129.921000 Y101.161000 Z-0.125000
G01 X130.455000 Y101.377000 Z-0.125000
G01 X132.641000 Y103.563000 Z-0.125000
G01 X133.341000 Y103.945000 Z-0.125000
G01 X133.598000 Y103.984000 Z-0.125000
G01 X133.564000 Y103.850000 Z-0.125000
G01 X131.069000 Y101.354000 Z-0.125000
G01 X130.989000 Y101.175000 Z-0.125000
G01 X131.147000 Y101.114000 Z-0.125000
G01 X131.702000 Y101.351000 Z-0.125000
G01 X134.727000 Y104.377000 Z-0.125000
G00 Z5.000000

(End cutting path id: path44)


(Start cutting path id: path44)
(Change tool to Default tool)

G00 Z5.000000
G00 X129.243000 Y109.070000

G01 Z-0.125000 F100.0(Penetrate)
G01 X132.979000 Y112.805900 Z-0.125000 F400.000000
G01 X133.601000 Y113.110000 Z-0.125000
G01 X133.805000 Y113.095400 Z-0.125000
G01 X133.746000 Y112.937000 Z-0.125000
G01 X130.618000 Y109.809000 Z-0.125000
G01 X130.607000 Y109.699000 Z-0.125000
G01 X130.917000 Y109.790000 Z-0.125000
G01 X131.693000 Y110.247900 Z-0.125000
G01 X134.466000 Y113.021000 Z-0.125000
G01 X135.043000 Y113.279800 Z-0.125000
G01 X135.216000 Y113.234000 Z-0.125000
G01 X135.143000 Y113.061400 Z-0.125000
G01 X132.719000 Y110.638200 Z-0.125000
G01 X132.692000 Y110.511200 Z-0.125000
G01 X132.965000 Y110.565700 Z-0.125000
G01 X133.687000 Y110.970300 Z-0.125000
G01 X135.787000 Y113.069700 Z-0.125000
G01 X136.318000 Y113.282600 Z-0.125000
G01 X136.459000 Y113.205300 Z-0.125000
G01 X136.372000 Y113.018300 Z-0.125000
G01 X134.498000 Y111.144200 Z-0.125000
G01 X134.443000 Y110.990500 Z-0.125000
G01 X134.658000 Y110.986400 Z-0.125000
G01 X135.295000 Y111.305600 Z-0.125000
G01 X136.932000 Y112.942700 Z-0.125000
G01 X137.434000 Y113.126700 Z-0.125000
G01 X137.556000 Y113.029600 Z-0.125000
G01 X137.459000 Y112.833700 Z-0.125000
G01 X136.023000 Y111.397100 Z-0.125000
G01 X135.940000 Y111.214700 Z-0.125000
G01 X136.091000 Y111.147400 Z-0.125000
G01 X136.636000 Y111.374800 Z-0.125000
G01 X137.952000 Y112.690100 Z-0.125000
G01 X138.203000 Y112.841900 Z-0.125000
G01 X138.422000 Y112.841900 Z-0.125000
G01 X138.521000 Y112.722600 Z-0.125000
G01 X138.414000 Y112.516600 Z-0.125000
G01 X137.179000 Y111.281300 Z-0.125000
G01 X137.075000 Y111.077900 Z-0.125000
G01 X137.180000 Y110.964400 Z-0.125000
G01 X137.405000 Y110.970100 Z-0.125000
G01 X137.658000 Y111.124500 Z-0.125000
G01 X138.849000 Y112.314800 Z-0.125000
G01 X139.090000 Y112.457000 Z-0.125000
G01 X139.288000 Y112.435900 Z-0.125000
G01 X139.366000 Y112.295600 Z-0.125000
G01 X139.250000 Y112.080000 Z-0.125000
G01 X138.074000 Y110.904500 Z-0.125000
G01 X137.950000 Y110.680200 Z-0.125000
G01 X138.009000 Y110.520800 Z-0.125000
G01 X138.187000 Y110.480600 Z-0.125000
G01 X138.420000 Y110.614200 Z-0.125000
G01 X139.617000 Y111.811300 Z-0.125000
G01 X139.848000 Y111.942800 Z-0.125000
G01 X140.022000 Y111.898000 Z-0.125000
G01 X140.077000 Y111.733900 Z-0.125000
G01 X139.950000 Y111.507500 Z-0.125000
G01 X138.691000 Y110.248900 Z-0.125000
G01 X138.540000 Y109.999000 Z-0.125000
G01 X138.542000 Y109.782000 Z-0.125000
G01 X138.663000 Y109.685000 Z-0.125000
G01 X138.870000 Y109.792000 Z-0.125000
G01 X140.244000 Y111.165500 Z-0.125000
G01 X140.463000 Y111.285200 Z-0.125000
G01 X140.611000 Y111.214500 Z-0.125000
G01 X140.639000 Y111.024500 Z-0.125000
G01 X140.501000 Y110.786400 Z-0.125000
G01 X138.935000 Y109.220000 Z-0.125000
G01 X138.593000 Y108.561000 Z-0.125000
G01 X138.582000 Y108.331000 Z-0.125000
G01 X138.729000 Y108.378000 Z-0.125000
G01 X140.711000 Y110.360600 Z-0.125000
G01 X140.916000 Y110.465800 Z-0.125000
G01 X141.032000 Y110.363100 Z-0.125000
G01 X141.028000 Y110.141200 Z-0.125000
G01 X140.875000 Y109.888000 Z-0.125000
G01 X137.687000 Y106.701000 Z-0.125000
G00 Z5.000000

(End cutting path id: path44)


(Start cutting path id: path44)
(Change tool to Default tool)

G00 Z5.000000
G00 X128.650000 Y111.657500

G01 Z-0.125000 F100.0(Penetrate)
G01 X121.830000 Y104.838000 Z-0.125000 F400.000000
G01 X121.723000 Y104.632000 Z-0.125000
G01 X121.822000 Y104.512000 Z-0.125000
G01 X122.040000 Y104.512000 Z-0.125000
G01 X122.291000 Y104.663000 Z-0.125000
G01 X129.374000 Y111.746400 Z-0.125000
G01 X130.100000 Y112.154300 Z-0.125000
G01 X130.376000 Y112.211100 Z-0.125000
G01 X130.349000 Y112.085100 Z-0.125000
G01 X124.919000 Y106.655000 Z-0.125000
G00 Z5.000000

(End cutting path id: path44)


(Start cutting path id: path44)
(Change tool to Default tool)

G00 Z5.000000
G00 X126.773000 Y107.873000

G01 Z-0.125000 F100.0(Penetrate)
G01 X131.286000 Y112.385000 Z-0.125000 F400.000000
G01 X131.961000 Y112.742700 Z-0.125000
G01 X132.202000 Y112.765100 Z-0.125000
G01 X132.160000 Y112.623400 Z-0.125000
G01 X127.907000 Y108.370000 Z-0.125000
G00 Z5.000000

(End cutting path id: path44)


(Start cutting path id: path44)
(Change tool to Default tool)

G00 Z5.000000
G00 X127.312000 Y110.956100

G01 Z-0.125000 F100.0(Penetrate)
G01 X106.516000 Y90.160000 Z-0.125000 F400.000000
G01 X106.090000 Y89.416000 Z-0.125000
G01 X106.021000 Y89.129000 Z-0.125000
G01 X106.142000 Y89.150000 Z-0.125000
G01 X113.453000 Y96.461000 Z-0.125000
G00 Z5.000000

(End cutting path id: path44)


(Start cutting path id: path44)
(Change tool to Default tool)

G00 Z5.000000
G00 X124.799000 Y109.715000

G01 Z-0.125000 F100.0(Penetrate)
G01 X107.531000 Y92.447000 Z-0.125000 F400.000000
G01 X107.034000 Y91.633000 Z-0.125000
G01 X106.917000 Y91.296000 Z-0.125000
G01 X107.015000 Y91.295000 Z-0.125000
G01 X126.063000 Y110.343500 Z-0.125000
G00 Z5.000000

(End cutting path id: path44)


(Start cutting path id: path44)
(Change tool to Default tool)

G00 Z5.000000
G00 X158.000000 Y105.386000

G01 Z-0.125000 F100.0(Penetrate)
G01 X144.046000 Y91.432000 Z-0.125000 F400.000000
G00 Z5.000000

(End cutting path id: path44)


(Start cutting path id: path44)
(Change tool to Default tool)

G00 Z5.000000
G00 X159.433000 Y107.456000

G01 Z-0.125000 F100.0(Penetrate)
G01 X141.740000 Y89.762000 Z-0.125000 F400.000000
G00 Z5.000000

(End cutting path id: path44)


(Start cutting path id: path44)
(Change tool to Default tool)

G00 Z5.000000
G00 X142.325000 Y57.911000

G01 Z-0.125000 F100.0(Penetrate)
G01 X142.523000 Y58.109000 Z-0.125000 F400.000000
G01 X142.689000 Y58.176000 Z-0.125000
G01 X142.778000 Y58.046000 Z-0.125000
G01 X142.638000 Y57.588000 Z-0.125000
G01 X142.534000 Y57.484000 Z-0.125000
G01 X142.261000 Y56.893000 Z-0.125000
G01 X142.296000 Y56.710000 Z-0.125000
G01 X142.464000 Y56.778000 Z-0.125000
G01 X142.678000 Y56.992000 Z-0.125000
G01 X142.866000 Y57.080000 Z-0.125000
G01 X142.946000 Y56.942000 Z-0.125000
G01 X142.737000 Y56.414000 Z-0.125000
G01 X142.468000 Y56.146000 Z-0.125000
G01 X142.222000 Y55.582000 Z-0.125000
G01 X142.277000 Y55.418000 Z-0.125000
G01 X142.454000 Y55.496000 Z-0.125000
G01 X142.780000 Y55.822000 Z-0.125000
G01 X142.964000 Y55.906000 Z-0.125000
G01 X143.034000 Y55.758000 Z-0.125000
G01 X142.811000 Y55.217000 Z-0.125000
G01 X142.446000 Y54.852000 Z-0.125000
G01 X142.211000 Y54.299000 Z-0.125000
G01 X142.274000 Y54.142000 Z-0.125000
G01 X142.453000 Y54.223000 Z-0.125000
G01 X142.831000 Y54.600000 Z-0.125000
G01 X143.011000 Y54.681000 Z-0.125000
G01 X143.073000 Y54.525000 Z-0.125000
G01 X142.839000 Y53.973000 Z-0.125000
G01 X142.465000 Y53.599000 Z-0.125000
G01 X142.237000 Y53.053000 Z-0.125000
G01 X142.304000 Y52.901000 Z-0.125000
G01 X142.486000 Y52.984000 Z-0.125000
G01 X142.831000 Y53.329000 Z-0.125000
G01 X143.007000 Y53.406000 Z-0.125000
G01 X143.060000 Y53.240000 Z-0.125000
G01 X142.813000 Y52.674000 Z-0.125000
G01 X142.525000 Y52.386000 Z-0.125000
G01 X142.312000 Y51.855000 Z-0.125000
G01 X142.389000 Y51.714000 Z-0.125000
G01 X142.576000 Y51.801000 Z-0.125000
G01 X142.778000 Y52.003000 Z-0.125000
G01 X142.948000 Y52.074000 Z-0.125000
G01 X142.987000 Y51.895000 Z-0.125000
G01 X142.719000 Y51.309000 Z-0.125000
G01 X142.586000 Y51.176000 Z-0.125000
G01 X142.457000 Y50.728000 Z-0.125000
G01 X142.539000 Y50.592000 Z-0.125000
G01 X142.692000 Y50.645000 Z-0.125000
G01 X142.874000 Y50.827000 Z-0.125000
G00 Z5.000000

(End cutting path id: path44)


(Start cutting path id: path44)
(Change tool to Default tool)

G00 Z5.000000
G00 X142.076000 Y54.539000

G01 Z-0.125000 F100.0(Penetrate)
G01 X142.225000 Y57.820000 Z-0.125000 F400.000000
G01 X142.403000 Y58.601000 Z-0.125000
G01 X142.643000 Y58.758000 Z-0.125000
G01 X142.863000 Y58.289000 Z-0.125000
G01 X143.044000 Y57.271000 Z-0.125000
G01 X143.210000 Y54.189000 Z-0.125000
G01 X143.049000 Y51.166000 Z-0.125000
G01 X142.870000 Y50.287000 Z-0.125000
G01 X142.643000 Y49.970000 Z-0.125000
G01 X142.415000 Y50.309000 Z-0.125000
G01 X142.236000 Y51.254000 Z-0.125000
G01 X142.076000 Y54.539000 Z-0.125000
G01 X142.076000 Y54.539000 Z-0.125000
G00 Z5.000000

(End cutting path id: path44)


(Start cutting path id: path44)
(Change tool to Default tool)

G00 Z5.000000
G00 X134.534000 Y56.481000

G01 Z-0.125000 F100.0(Penetrate)
G01 X132.354000 Y54.301000 Z-0.125000 F400.000000
G01 X132.264000 Y54.112000 Z-0.125000
G01 X132.401000 Y54.029000 Z-0.125000
G01 X132.924000 Y54.235000 Z-0.125000
G01 X134.316000 Y55.627000 Z-0.125000
G01 X134.497000 Y55.708000 Z-0.125000
G01 X134.561000 Y55.553000 Z-0.125000
G01 X134.328000 Y55.003000 Z-0.125000
G01 X133.441000 Y54.115000 Z-0.125000
G01 X133.312000 Y53.887000 Z-0.125000
G01 X133.362000 Y53.719000 Z-0.125000
G01 X133.532000 Y53.670000 Z-0.125000
G01 X133.761000 Y53.800000 Z-0.125000
G01 X134.334000 Y54.373000 Z-0.125000
G01 X134.512000 Y54.452000 Z-0.125000
G01 X134.570000 Y54.291000 Z-0.125000
G01 X134.328000 Y53.731000 Z-0.125000
G01 X133.902000 Y53.304000 Z-0.125000
G01 X133.681000 Y52.766000 Z-0.125000
G01 X133.753000 Y52.619000 Z-0.125000
G01 X133.937000 Y52.704000 Z-0.125000
G01 X134.315000 Y53.081000 Z-0.125000
G01 X134.490000 Y53.157000 Z-0.125000
G01 X134.542000 Y52.990000 Z-0.125000
G01 X134.291000 Y52.422000 Z-0.125000
G01 X133.946000 Y52.076000 Z-0.125000
G01 X133.725000 Y51.537000 Z-0.125000
G01 X133.796000 Y51.390000 Z-0.125000
G01 X133.981000 Y51.475000 Z-0.125000
G01 X134.246000 Y51.741000 Z-0.125000
G01 X134.414000 Y51.809000 Z-0.125000
G01 X134.450000 Y51.626000 Z-0.125000
G01 X134.177000 Y51.035000 Z-0.125000
G01 X133.977000 Y50.836000 Z-0.125000
G01 X133.925000 Y50.465000 Z-0.125000
G01 X134.018000 Y50.339000 Z-0.125000
G01 X134.147000 Y50.369000 Z-0.125000
G01 X134.285000 Y50.507000 Z-0.125000
G00 Z5.000000

(End cutting path id: path44)


(Start cutting path id: path44)
(Change tool to Default tool)

G00 Z5.000000
G00 X130.193000 Y54.048000

G01 Z-0.125000 F100.0(Penetrate)
G01 X130.850000 Y54.705000 Z-0.125000 F400.000000
G01 X131.407000 Y54.944000 Z-0.125000
G01 X131.566000 Y54.885000 Z-0.125000
G01 X131.487000 Y54.706000 Z-0.125000
G01 X131.087000 Y54.306000 Z-0.125000
G01 X131.008000 Y54.128000 Z-0.125000
G01 X131.167000 Y54.069000 Z-0.125000
G01 X131.725000 Y54.308000 Z-0.125000
G01 X132.382000 Y54.965000 Z-0.125000
G00 Z5.000000

(End cutting path id: path44)


(Start cutting path id: path44)
(Change tool to Default tool)

G00 Z5.000000
G00 X134.060000 Y58.552000

G01 Z-0.125000 F100.0(Penetrate)
G01 X134.117000 Y58.609000 Z-0.125000 F400.000000
G01 X134.266000 Y58.440000 Z-0.125000
G01 X134.302000 Y58.157000 Z-0.125000
G01 X134.027000 Y57.883000 Z-0.125000
G01 X133.750000 Y57.287000 Z-0.125000
G01 X133.783000 Y57.101000 Z-0.125000
G01 X133.949000 Y57.169000 Z-0.125000
G01 X134.204000 Y57.424000 Z-0.125000
G01 X134.392000 Y57.512000 Z-0.125000
G01 X134.470000 Y57.371000 Z-0.125000
G01 X134.258000 Y56.842000 Z-0.125000
G01 X133.699000 Y56.283000 Z-0.125000
G00 Z5.000000

(End cutting path id: path44)


(Start cutting path id: path44)
(Change tool to Default tool)

G00 Z5.000000
G00 X128.052000 Y58.268000

G01 Z-0.125000 F100.0(Penetrate)
G01 X128.216000 Y58.432000 Z-0.125000 F400.000000
G01 X128.372000 Y58.489000 Z-0.125000
G01 X128.485000 Y58.384000 Z-0.125000
G01 X128.427000 Y58.007000 Z-0.125000
G01 X128.078000 Y57.658000 Z-0.125000
G01 X127.777000 Y57.039000 Z-0.125000
G01 X127.794000 Y56.838000 Z-0.125000
G01 X127.954000 Y56.898000 Z-0.125000
G01 X128.460000 Y57.405000 Z-0.125000
G01 X128.652000 Y57.496000 Z-0.125000
G01 X128.738000 Y57.364000 Z-0.125000
G01 X128.539000 Y56.847000 Z-0.125000
G01 X127.831000 Y56.139000 Z-0.125000
G01 X127.572000 Y55.562000 Z-0.125000
G01 X127.617000 Y55.388000 Z-0.125000
G01 X127.789000 Y55.461000 Z-0.125000
G01 X128.604000 Y56.276000 Z-0.125000
G01 X128.797000 Y56.369000 Z-0.125000
G01 X128.886000 Y56.240000 Z-0.125000
G01 X128.691000 Y55.727000 Z-0.125000
G01 X127.798000 Y54.834000 Z-0.125000
G01 X127.551000 Y54.269000 Z-0.125000
G01 X127.605000 Y54.104000 Z-0.125000
G01 X127.781000 Y54.181000 Z-0.125000
G01 X128.861000 Y55.260000 Z-0.125000
G01 X129.089000 Y55.390000 Z-0.125000
G01 X129.259000 Y55.340000 Z-0.125000
G01 X129.309000 Y55.172000 Z-0.125000
G01 X129.180000 Y54.943000 Z-0.125000
G01 X127.775000 Y53.538000 Z-0.125000
G01 X127.538000 Y52.984000 Z-0.125000
G01 X127.599000 Y52.827000 Z-0.125000
G01 X127.779000 Y52.907000 Z-0.125000
G01 X129.649000 Y54.777000 Z-0.125000
G01 X130.176000 Y54.986000 Z-0.125000
G01 X130.315000 Y54.906000 Z-0.125000
G01 X130.226000 Y54.718000 Z-0.125000
G01 X127.796000 Y52.288000 Z-0.125000
G01 X127.576000 Y51.750000 Z-0.125000
G01 X127.648000 Y51.603000 Z-0.125000
G01 X127.832000 Y51.688000 Z-0.125000
G01 X128.687000 Y52.543000 Z-0.125000
G01 X128.863000 Y52.619000 Z-0.125000
G01 X128.915000 Y52.453000 Z-0.125000
G01 X128.667000 Y51.886000 Z-0.125000
G01 X127.904000 Y51.124000 Z-0.125000
G01 X127.756000 Y50.876000 Z-0.125000
G01 X127.762000 Y50.664000 Z-0.125000
G01 X127.889000 Y50.572000 Z-0.125000
G01 X128.098000 Y50.681000 Z-0.125000
G01 X128.688000 Y51.272000 Z-0.125000
G01 X128.838000 Y51.322000 Z-0.125000
G01 X128.834000 Y51.100000 Z-0.125000
G01 X128.504000 Y50.451000 Z-0.125000
G01 X128.161000 Y50.109000 Z-0.125000
G00 Z5.000000

(End cutting path id: path44)


(Start cutting path id: path44)
(Change tool to Default tool)

G00 Z5.000000
G00 X127.571000 Y50.738000

G01 Z-0.125000 F100.0(Penetrate)
G01 X127.413000 Y52.346000 Z-0.125000 F400.000000
G01 X127.447000 Y55.132000 Z-0.125000
G01 X127.711000 Y57.455000 Z-0.125000
G01 X128.140000 Y58.640000 Z-0.125000
G01 X128.372000 Y58.753000 Z-0.125000
G01 X128.593000 Y58.517000 Z-0.125000
G01 X128.930000 Y56.915000 Z-0.125000
G01 X129.081000 Y55.895000 Z-0.125000
G01 X129.409000 Y55.343000 Z-0.125000
G01 X130.099000 Y55.116000 Z-0.125000
G01 X131.339000 Y55.073000 Z-0.125000
G01 X132.571000 Y55.113000 Z-0.125000
G01 X133.240000 Y55.320000 Z-0.125000
G01 X133.517000 Y55.820000 Z-0.125000
G01 X133.571000 Y56.740000 Z-0.125000
G01 X133.738000 Y58.021000 Z-0.125000
G01 X134.138000 Y58.758000 Z-0.125000
G01 X134.379000 Y58.601000 Z-0.125000
G01 X134.557000 Y57.820000 Z-0.125000
G01 X134.705000 Y54.539000 Z-0.125000
G01 X134.546000 Y51.254000 Z-0.125000
G01 X134.367000 Y50.309000 Z-0.125000
G01 X134.138000 Y49.970000 Z-0.125000
G01 X133.918000 Y50.126000 Z-0.125000
G01 X133.738000 Y50.553000 Z-0.125000
G01 X133.571000 Y51.954000 Z-0.125000
G01 X133.528000 Y53.082000 Z-0.125000
G01 X133.268000 Y53.673000 Z-0.125000
G01 X132.592000 Y53.901000 Z-0.125000
G01 X131.304000 Y53.939000 Z-0.125000
G01 X130.015000 Y53.901000 Z-0.125000
G01 X129.339000 Y53.673000 Z-0.125000
G01 X129.079000 Y53.082000 Z-0.125000
G01 X129.036000 Y51.954000 Z-0.125000
G01 X128.887000 Y50.727000 Z-0.125000
G01 X128.517000 Y50.053000 Z-0.125000
G01 X128.285000 Y49.952000 Z-0.125000
G01 X128.041000 Y50.025000 Z-0.125000
G01 X127.571000 Y50.738000 Z-0.125000
G01 X127.571000 Y50.738000 Z-0.125000
G00 Z5.000000

(End cutting path id: path44)


(Start cutting path id: path44)
(Change tool to Default tool)

G00 Z5.000000
G00 X132.537000 Y43.596000

G01 Z-0.125000 F100.0(Penetrate)
G01 X134.896000 Y40.832000 Z-0.125000 F400.000000
G01 X137.386000 Y38.184000 Z-0.125000
G01 X142.500000 Y33.014000 Z-0.125000
G01 X149.615000 Y25.911000 Z-0.125000
G01 X156.814000 Y18.898000 Z-0.125000
G01 X165.795000 Y27.866000 Z-0.125000
G01 X174.607000 Y37.000000 Z-0.125000
G01 X179.184000 Y41.996000 Z-0.125000
G01 X174.693000 Y37.807000 Z-0.125000
G01 X170.307000 Y33.510000 Z-0.125000
G01 X161.619000 Y24.827000 Z-0.125000
G01 X156.445000 Y19.660000 Z-0.125000
G01 X145.964000 Y30.505000 Z-0.125000
G01 X135.366000 Y41.230000 Z-0.125000
G01 X133.966000 Y42.562000 Z-0.125000
G01 X132.441000 Y43.742000 Z-0.125000
G01 X132.496000 Y43.658000 Z-0.125000
G01 X132.537000 Y43.596000 Z-0.125000
G00 Z5.000000

(End cutting path id: path44)


(Start cutting path id: path44)
(Change tool to Default tool)

G00 Z5.000000
G00 X143.790000 Y30.964000

G01 Z-0.125000 F100.0(Penetrate)
G01 X137.470000 Y37.350000 Z-0.125000 F400.000000
G01 X133.688000 Y41.357000 Z-0.125000
G01 X131.955000 Y43.534000 Z-0.125000
G01 X131.704000 Y44.108000 Z-0.125000
G01 X131.782000 Y44.430000 Z-0.125000
G01 X132.099000 Y44.509000 Z-0.125000
G01 X132.650000 Y44.268000 Z-0.125000
G01 X134.711000 Y42.588000 Z-0.125000
G01 X138.483000 Y38.918000 Z-0.125000
G01 X144.482000 Y32.782000 Z-0.125000
G01 X156.454000 Y20.414000 Z-0.125000
G01 X168.815000 Y32.766000 Z-0.125000
G01 X178.106000 Y41.766000 Z-0.125000
G01 X180.668000 Y43.985000 Z-0.125000
G01 X181.388000 Y44.486000 Z-0.125000
G01 X181.717000 Y44.567000 Z-0.125000
G01 X181.629000 Y44.226000 Z-0.125000
G01 X181.114000 Y43.476000 Z-0.125000
G01 X178.847000 Y40.800000 Z-0.125000
G01 X169.680000 Y31.093000 Z-0.125000
G01 X160.712000 Y21.973000 Z-0.125000
G01 X156.814000 Y18.194000 Z-0.125000
G01 X152.869000 Y21.955000 Z-0.125000
G01 X143.790000 Y30.964000 Z-0.125000
G01 X143.790000 Y30.964000 Z-0.125000
G00 Z5.000000

(End cutting path id: path44)


(Start cutting path id: path44)
(Change tool to Default tool)

G00 Z5.000000
G00 X151.170000 Y51.211000

G01 Z-0.125000 F100.0(Penetrate)
G01 X150.699000 Y51.845000 Z-0.125000 F400.000000
G01 X150.354000 Y52.577000 Z-0.125000
G01 X150.050000 Y54.212000 Z-0.125000
G01 X150.265000 Y55.862000 Z-0.125000
G01 X150.570000 Y56.614000 Z-0.125000
G01 X151.006000 Y57.276000 Z-0.125000
G01 X151.561000 Y57.818000 Z-0.125000
G01 X152.219000 Y58.251000 Z-0.125000
G01 X153.715000 Y58.773000 Z-0.125000
G01 X155.239000 Y58.796000 Z-0.125000
G01 X155.931000 Y58.605000 Z-0.125000
G01 X156.534000 Y58.273000 Z-0.125000
G01 X157.221000 Y57.547000 Z-0.125000
G01 X157.298000 Y57.256000 Z-0.125000
G01 X157.214000 Y57.034000 Z-0.125000
G01 X156.620000 Y56.859000 Z-0.125000
G01 X155.545000 Y57.141000 Z-0.125000
G01 X154.316000 Y57.500000 Z-0.125000
G01 X153.282000 Y57.418000 Z-0.125000
G01 X152.420000 Y56.888000 Z-0.125000
G01 X151.704000 Y55.902000 Z-0.125000
G01 X151.372000 Y54.856000 Z-0.125000
G01 X151.430000 Y53.818000 Z-0.125000
G01 X151.807000 Y52.859000 Z-0.125000
G01 X152.431000 Y52.049000 Z-0.125000
G01 X153.232000 Y51.457000 Z-0.125000
G01 X154.139000 Y51.153000 Z-0.125000
G01 X155.082000 Y51.207000 Z-0.125000
G01 X155.989000 Y51.688000 Z-0.125000
G01 X156.722000 Y52.103000 Z-0.125000
G01 X157.176000 Y52.028000 Z-0.125000
G01 X157.247000 Y51.570000 Z-0.125000
G01 X156.829000 Y50.834000 Z-0.125000
G01 X156.332000 Y50.416000 Z-0.125000
G01 X155.681000 Y50.137000 Z-0.125000
G01 X154.106000 Y49.984000 Z-0.125000
G01 X152.478000 Y50.350000 Z-0.125000
G01 X151.761000 Y50.720000 Z-0.125000
G01 X151.170000 Y51.211000 Z-0.125000
G01 X151.170000 Y51.211000 Z-0.125000
G00 Z5.000000

(End cutting path id: path44)


(Start cutting path id: path44)
(Change tool to Default tool)

G00 Z5.000000
G00 X154.893000 Y50.125000

G01 Z-0.125000 F100.0(Penetrate)
G01 X156.541000 Y51.773000 Z-0.125000 F400.000000
G01 X156.779000 Y51.911000 Z-0.125000
G01 X156.968000 Y51.881000 Z-0.125000
G01 X157.037000 Y51.732000 Z-0.125000
G01 X156.917000 Y51.512000 Z-0.125000
G01 X155.591000 Y50.186000 Z-0.125000
G00 Z5.000000

(End cutting path id: path44)


(Start cutting path id: path44)
(Change tool to Default tool)

G00 Z5.000000
G00 X151.444000 Y55.580000

G01 Z-0.125000 F100.0(Penetrate)
G01 X150.400000 Y54.537000 Z-0.125000 F400.000000
G01 X150.191000 Y54.009000 Z-0.125000
G01 X150.270000 Y53.870000 Z-0.125000
G01 X150.458000 Y53.959000 Z-0.125000
G01 X151.029000 Y54.529000 Z-0.125000
G01 X151.204000 Y54.605000 Z-0.125000
G01 X151.257000 Y54.439000 Z-0.125000
G01 X151.007000 Y53.872000 Z-0.125000
G01 X150.553000 Y53.417000 Z-0.125000
G01 X150.385000 Y52.932000 Z-0.125000
G01 X150.494000 Y52.822000 Z-0.125000
G01 X150.695000 Y52.924000 Z-0.125000
G01 X151.117000 Y53.345000 Z-0.125000
G01 X151.323000 Y53.452000 Z-0.125000
G01 X151.442000 Y53.352000 Z-0.125000
G01 X151.441000 Y53.133000 Z-0.125000
G01 X151.289000 Y52.882000 Z-0.125000
G01 X150.880000 Y52.472000 Z-0.125000
G01 X150.736000 Y52.229000 Z-0.125000
G01 X150.754000 Y52.029000 Z-0.125000
G01 X150.892000 Y51.947000 Z-0.125000
G01 X151.106000 Y52.062000 Z-0.125000
G01 X151.509000 Y52.465000 Z-0.125000
G01 X151.728000 Y52.585000 Z-0.125000
G01 X151.877000 Y52.515000 Z-0.125000
G01 X151.907000 Y52.326000 Z-0.125000
G01 X151.768000 Y52.088000 Z-0.125000
G01 X151.372000 Y51.692000 Z-0.125000
G01 X151.242000 Y51.462000 Z-0.125000
G01 X151.289000 Y51.291000 Z-0.125000
G01 X151.456000 Y51.239000 Z-0.125000
G01 X151.683000 Y51.367000 Z-0.125000
G01 X152.067000 Y51.751000 Z-0.125000
G01 X152.298000 Y51.883000 Z-0.125000
G01 X152.473000 Y51.839000 Z-0.125000
G01 X152.529000 Y51.677000 Z-0.125000
G01 X152.403000 Y51.451000 Z-0.125000
G01 X152.042000 Y51.090000 Z-0.125000
G01 X151.926000 Y50.875000 Z-0.125000
G01 X152.005000 Y50.735000 Z-0.125000
G01 X152.203000 Y50.715000 Z-0.125000
G01 X152.445000 Y50.857000 Z-0.125000
G01 X152.779000 Y51.191000 Z-0.125000
G01 X153.024000 Y51.336000 Z-0.125000
G01 X153.228000 Y51.322000 Z-0.125000
G01 X153.313000 Y51.189000 Z-0.125000
G01 X153.200000 Y50.976000 Z-0.125000
G01 X152.889000 Y50.665000 Z-0.125000
G01 X152.786000 Y50.462000 Z-0.125000
G01 X152.892000 Y50.350000 Z-0.125000
G01 X153.372000 Y50.512000 Z-0.125000
G01 X153.683000 Y50.822000 Z-0.125000
G01 X154.222000 Y51.043000 Z-0.125000
G01 X154.369000 Y50.972000 Z-0.125000
G01 X154.284000 Y50.787000 Z-0.125000
G01 X153.902000 Y50.405000 Z-0.125000
G01 X153.813000 Y50.217000 Z-0.125000
G01 X153.953000 Y50.138000 Z-0.125000
G01 X154.481000 Y50.349000 Z-0.125000
G01 X155.263000 Y51.131000 Z-0.125000
G00 Z5.000000

(End cutting path id: path44)


(Start cutting path id: path44)
(Change tool to Default tool)

G00 Z5.000000
G00 X150.804000 Y56.849000

G01 Z-0.125000 F100.0(Penetrate)
G01 X151.741000 Y57.786000 Z-0.125000 F400.000000
G01 X152.519000 Y58.246000 Z-0.125000
G01 X152.830000 Y58.339000 Z-0.125000
G01 X152.820000 Y58.229000 Z-0.125000
G01 X150.571000 Y55.979000 Z-0.125000
G01 X150.247000 Y55.338000 Z-0.125000
G01 X150.249000 Y55.121000 Z-0.125000
G01 X150.401000 Y55.174000 Z-0.125000
G01 X153.653000 Y58.426000 Z-0.125000
G01 X154.244000 Y58.698000 Z-0.125000
G01 X154.426000 Y58.662000 Z-0.125000
G01 X154.357000 Y58.494000 Z-0.125000
G01 X153.614000 Y57.751000 Z-0.125000
G01 X153.552000 Y57.590000 Z-0.125000
G01 X153.751000 Y57.570000 Z-0.125000
G01 X154.366000 Y57.867000 Z-0.125000
G01 X154.935000 Y58.435000 Z-0.125000
G01 X155.431000 Y58.613000 Z-0.125000
G01 X155.548000 Y58.512000 Z-0.125000
G01 X155.450000 Y58.314000 Z-0.125000
G01 X154.931000 Y57.796000 Z-0.125000
G01 X154.830000 Y57.595000 Z-0.125000
G01 X154.942000 Y57.488000 Z-0.125000
G01 X155.430000 Y57.658000 Z-0.125000
G01 X155.897000 Y58.126000 Z-0.125000
G01 X156.136000 Y58.265000 Z-0.125000
G01 X156.328000 Y58.239000 Z-0.125000
G01 X156.401000 Y58.093000 Z-0.125000
G01 X156.282000 Y57.875000 Z-0.125000
G01 X155.888000 Y57.480000 Z-0.125000
G01 X155.783000 Y57.276000 Z-0.125000
G01 X155.885000 Y57.160000 Z-0.125000
G01 X156.107000 Y57.163000 Z-0.125000
G01 X156.360000 Y57.316000 Z-0.125000
G01 X156.631000 Y57.587000 Z-0.125000
G01 X156.843000 Y57.700000 Z-0.125000
G01 X156.990000 Y57.628000 Z-0.125000
G01 X157.024000 Y57.444000 Z-0.125000
G01 X156.894000 Y57.215000 Z-0.125000
G01 X156.667000 Y56.987000 Z-0.125000
G00 Z5.000000

(End cutting path id: path44)


(Start cutting path id: path44)
(Change tool to Default tool)

G00 Z5.000000
G00 X163.622000 Y50.620000

G01 Z-0.125000 F100.0(Penetrate)
G01 X164.009000 Y52.271000 Z-0.125000 F400.000000
G01 X164.913000 Y54.776000 Z-0.125000
G01 X165.951000 Y57.166000 Z-0.125000
G01 X166.738000 Y58.472000 Z-0.125000
G01 X167.402000 Y58.746000 Z-0.125000
G01 X167.983000 Y58.340000 Z-0.125000
G01 X168.778000 Y56.856000 Z-0.125000
G01 X169.777000 Y54.510000 Z-0.125000
G01 X170.631000 Y52.180000 Z-0.125000
G01 X170.993000 Y50.745000 Z-0.125000
G01 X170.841000 Y50.168000 Z-0.125000
G01 X170.476000 Y49.994000 Z-0.125000
G01 X170.035000 Y50.214000 Z-0.125000
G01 X169.654000 Y50.820000 Z-0.125000
G01 X169.379000 Y51.179000 Z-0.125000
G01 X168.881000 Y51.446000 Z-0.125000
G01 X167.307000 Y51.671000 Z-0.125000
G01 X165.734000 Y51.446000 Z-0.125000
G01 X165.235000 Y51.179000 Z-0.125000
G01 X164.961000 Y50.820000 Z-0.125000
G01 X164.590000 Y50.235000 Z-0.125000
G01 X164.148000 Y49.992000 Z-0.125000
G01 X163.777000 Y50.114000 Z-0.125000
G01 X163.622000 Y50.620000 Z-0.125000
G01 X163.622000 Y50.620000 Z-0.125000
G00 Z5.000000

(End cutting path id: path44)


(Start cutting path id: path44)
(Change tool to Default tool)

G00 Z5.000000
G00 X168.725000 Y53.629000

G01 Z-0.125000 F100.0(Penetrate)
G01 X168.053000 Y55.361000 Z-0.125000 F400.000000
G01 X167.380000 Y56.836000 Z-0.125000
G01 X166.655000 Y55.529000 Z-0.125000
G01 X166.097000 Y54.406000 Z-0.125000
G01 X165.995000 Y53.752000 Z-0.125000
G01 X166.387000 Y53.447000 Z-0.125000
G01 X167.307000 Y53.372000 Z-0.125000
G01 X168.308000 Y53.447000 Z-0.125000
G01 X168.725000 Y53.629000 Z-0.125000
G01 X168.725000 Y53.629000 Z-0.125000
G00 Z5.000000

(End cutting path id: path44)


(Start cutting path id: path44)
(Change tool to Default tool)

G00 Z5.000000
G00 X167.663000 Y56.534000

G01 Z-0.125000 F100.0(Penetrate)
G01 X168.184000 Y57.055000 Z-0.125000 F400.000000
G01 X168.395000 Y57.166000 Z-0.125000
G01 X168.526000 Y57.078000 Z-0.125000
G01 X168.537000 Y56.870000 Z-0.125000
G01 X168.390000 Y56.624000 Z-0.125000
G01 X168.101000 Y56.335000 Z-0.125000
G01 X167.953000 Y56.088000 Z-0.125000
G01 X167.962000 Y55.878000 Z-0.125000
G01 X168.090000 Y55.788000 Z-0.125000
G01 X168.300000 Y55.898000 Z-0.125000
G01 X168.589000 Y56.187000 Z-0.125000
G01 X168.798000 Y56.297000 Z-0.125000
G01 X168.925000 Y56.205000 Z-0.125000
G01 X168.932000 Y55.993000 Z-0.125000
G01 X168.783000 Y55.745000 Z-0.125000
G01 X168.497000 Y55.459000 Z-0.125000
G01 X168.348000 Y55.211000 Z-0.125000
G01 X168.355000 Y54.999000 Z-0.125000
G01 X168.481000 Y54.907000 Z-0.125000
G01 X168.690000 Y55.016000 Z-0.125000
G01 X168.974000 Y55.300000 Z-0.125000
G01 X169.182000 Y55.409000 Z-0.125000
G01 X169.306000 Y55.314000 Z-0.125000
G01 X169.311000 Y55.100000 Z-0.125000
G01 X169.161000 Y54.851000 Z-0.125000
G01 X168.876000 Y54.566000 Z-0.125000
G01 X168.723000 Y54.314000 Z-0.125000
G01 X168.721000 Y54.093000 Z-0.125000
G01 X168.839000 Y53.992000 Z-0.125000
G01 X169.044000 Y54.097000 Z-0.125000
G01 X169.344000 Y54.398000 Z-0.125000
G01 X169.551000 Y54.506000 Z-0.125000
G01 X169.673000 Y54.408000 Z-0.125000
G01 X169.675000 Y54.192000 Z-0.125000
G01 X169.524000 Y53.942000 Z-0.125000
G01 X167.623000 Y52.040000 Z-0.125000
G01 X167.538000 Y51.857000 Z-0.125000
G01 X167.686000 Y51.786000 Z-0.125000
G01 X168.227000 Y52.009000 Z-0.125000
G01 X169.701000 Y53.483000 Z-0.125000
G01 X169.907000 Y53.589000 Z-0.125000
G01 X170.026000 Y53.490000 Z-0.125000
G01 X170.026000 Y53.271000 Z-0.125000
G01 X169.874000 Y53.020000 Z-0.125000
G01 X168.775000 Y51.921000 Z-0.125000
G01 X168.672000 Y51.718000 Z-0.125000
G01 X168.780000 Y51.607000 Z-0.125000
G01 X169.261000 Y51.771000 Z-0.125000
G01 X170.043000 Y52.552000 Z-0.125000
G01 X170.247000 Y52.657000 Z-0.125000
G01 X170.363000 Y52.554000 Z-0.125000
G01 X170.359000 Y52.332000 Z-0.125000
G01 X170.206000 Y52.079000 Z-0.125000
G01 X169.670000 Y51.543000 Z-0.125000
G01 X169.538000 Y51.312000 Z-0.125000
G01 X169.581000 Y51.136000 Z-0.125000
G01 X169.743000 Y51.080000 Z-0.125000
G01 X169.969000 Y51.206000 Z-0.125000
G01 X170.361000 Y51.598000 Z-0.125000
G01 X170.563000 Y51.700000 Z-0.125000
G01 X170.672000 Y51.591000 Z-0.125000
G01 X170.505000 Y51.106000 Z-0.125000
G01 X170.178000 Y50.779000 Z-0.125000
G01 X170.048000 Y50.549000 Z-0.125000
G01 X170.094000 Y50.377000 Z-0.125000
G01 X170.260000 Y50.324000 Z-0.125000
G01 X170.487000 Y50.452000 Z-0.125000
G01 X170.856000 Y50.821000 Z-0.125000
G00 Z5.000000

(End cutting path id: path44)


(Start cutting path id: path44)
(Change tool to Default tool)

G00 Z5.000000
G00 X178.054000 Y51.361000

G01 Z-0.125000 F100.0(Penetrate)
G01 X177.489000 Y52.032000 Z-0.125000 F400.000000
G01 X177.086000 Y52.736000 Z-0.125000
G01 X176.725000 Y54.192000 Z-0.125000
G01 X176.893000 Y55.619000 Z-0.125000
G01 X177.514000 Y56.905000 Z-0.125000
G01 X178.511000 Y57.941000 Z-0.125000
G01 X179.807000 Y58.615000 Z-0.125000
G01 X181.325000 Y58.818000 Z-0.125000
G01 X182.142000 Y58.708000 Z-0.125000
G01 X182.987000 Y58.438000 Z-0.125000
G01 X184.246000 Y57.763000 Z-0.125000
G01 X184.506000 Y57.484000 Z-0.125000
G01 X184.527000 Y57.258000 Z-0.125000
G01 X184.315000 Y57.098000 Z-0.125000
G01 X183.875000 Y57.014000 Z-0.125000
G01 X182.336000 Y57.122000 Z-0.125000
G01 X180.564000 Y57.210000 Z-0.125000
G01 X179.880000 Y57.071000 Z-0.125000
G01 X179.326000 Y56.808000 Z-0.125000
G01 X178.901000 Y56.419000 Z-0.125000
G01 X178.601000 Y55.902000 Z-0.125000
G01 X178.364000 Y54.477000 Z-0.125000
G01 X178.449000 Y53.576000 Z-0.125000
G01 X178.695000 Y52.799000 Z-0.125000
G01 X179.083000 Y52.160000 Z-0.125000
G01 X179.597000 Y51.669000 Z-0.125000
G01 X180.220000 Y51.341000 Z-0.125000
G01 X180.935000 Y51.186000 Z-0.125000
G01 X181.723000 Y51.218000 Z-0.125000
G01 X182.570000 Y51.448000 Z-0.125000
G01 X183.316000 Y51.981000 Z-0.125000
G01 X183.441000 Y52.616000 Z-0.125000
G01 X183.000000 Y53.148000 Z-0.125000
G01 X182.049000 Y53.372000 Z-0.125000
G01 X181.048000 Y53.538000 Z-0.125000
G01 X180.743000 Y53.719000 Z-0.125000
G01 X180.632000 Y53.939000 Z-0.125000
G01 X180.788000 Y54.159000 Z-0.125000
G01 X181.214000 Y54.339000 Z-0.125000
G01 X182.616000 Y54.506000 Z-0.125000
G01 X183.684000 Y54.460000 Z-0.125000
G01 X184.281000 Y54.251000 Z-0.125000
G01 X184.543000 Y53.772000 Z-0.125000
G01 X184.600000 Y52.918000 Z-0.125000
G01 X184.417000 Y51.574000 Z-0.125000
G01 X183.839000 Y50.659000 Z-0.125000
G01 X182.828000 Y50.136000 Z-0.125000
G01 X181.343000 Y49.970000 Z-0.125000
G01 X180.428000 Y50.057000 Z-0.125000
G01 X179.573000 Y50.320000 Z-0.125000
G01 X178.781000 Y50.755000 Z-0.125000
G01 X178.054000 Y51.361000 Z-0.125000
G01 X178.054000 Y51.361000 Z-0.125000
G00 Z5.000000

(End cutting path id: path44)


(Start cutting path id: path44)
(Change tool to Default tool)

G00 Z5.000000
G00 X181.242000 Y54.210000

G01 Z-0.125000 F100.0(Penetrate)
G01 X181.042000 Y54.010000 Z-0.125000 F400.000000
G01 X180.959000 Y53.827000 Z-0.125000
G01 X181.057000 Y53.706000 Z-0.125000
G01 X181.472000 Y53.804000 Z-0.125000
G01 X181.773000 Y54.105000 Z-0.125000
G01 X182.344000 Y54.358000 Z-0.125000
G01 X182.513000 Y54.308000 Z-0.125000
G01 X182.438000 Y54.134000 Z-0.125000
G01 X182.053000 Y53.749000 Z-0.125000
G01 X181.968000 Y53.565000 Z-0.125000
G01 X182.115000 Y53.493000 Z-0.125000
G01 X182.654000 Y53.714000 Z-0.125000
G01 X183.061000 Y54.121000 Z-0.125000
G01 X183.583000 Y54.325000 Z-0.125000
G01 X183.719000 Y54.242000 Z-0.125000
G01 X183.629000 Y54.052000 Z-0.125000
G01 X183.154000 Y53.577000 Z-0.125000
G01 X183.035000 Y53.359000 Z-0.125000
G01 X183.108000 Y53.213000 Z-0.125000
G01 X183.299000 Y53.186000 Z-0.125000
G01 X183.538000 Y53.326000 Z-0.125000
G01 X184.039000 Y53.827000 Z-0.125000
G01 X184.243000 Y53.931000 Z-0.125000
G01 X184.358000 Y53.827000 Z-0.125000
G01 X184.353000 Y53.604000 Z-0.125000
G01 X184.200000 Y53.351000 Z-0.125000
G01 X183.553000 Y52.704000 Z-0.125000
G00 Z5.000000

(End cutting path id: path44)


(Start cutting path id: path44)
(Change tool to Default tool)

G00 Z5.000000
G00 X184.466000 Y52.982000

G01 Z-0.125000 F100.0(Penetrate)
G01 X181.832000 Y50.347000 Z-0.125000 F400.000000
G01 X181.753000 Y50.169000 Z-0.125000
G01 X181.914000 Y50.112000 Z-0.125000
G01 X182.474000 Y50.353000 Z-0.125000
G01 X184.195000 Y52.074000 Z-0.125000
G01 X184.349000 Y52.128000 Z-0.125000
G01 X184.352000 Y51.912000 Z-0.125000
G01 X184.031000 Y51.273000 Z-0.125000
G01 X183.130000 Y50.373000 Z-0.125000
G00 Z5.000000

(End cutting path id: path44)


(Start cutting path id: path44)
(Change tool to Default tool)

G00 Z5.000000
G00 X178.547000 Y55.967000

G01 Z-0.125000 F100.0(Penetrate)
G01 X177.089000 Y54.510000 Z-0.125000 F400.000000
G01 X176.884000 Y53.986000 Z-0.125000
G01 X176.966000 Y53.850000 Z-0.125000
G01 X177.155000 Y53.939000 Z-0.125000
G01 X178.020000 Y54.804000 Z-0.125000
G01 X178.197000 Y54.882000 Z-0.125000
G01 X178.252000 Y54.718000 Z-0.125000
G01 X178.007000 Y54.155000 Z-0.125000
G01 X177.280000 Y53.428000 Z-0.125000
G01 X177.130000 Y53.179000 Z-0.125000
G01 X177.135000 Y52.966000 Z-0.125000
G01 X177.260000 Y52.872000 Z-0.125000
G01 X177.468000 Y52.981000 Z-0.125000
G01 X178.040000 Y53.552000 Z-0.125000
G01 X178.238000 Y53.651000 Z-0.125000
G01 X178.339000 Y53.534000 Z-0.125000
G01 X178.162000 Y53.038000 Z-0.125000
G01 X177.692000 Y52.568000 Z-0.125000
G01 X177.553000 Y52.330000 Z-0.125000
G01 X177.582000 Y52.141000 Z-0.125000
G01 X177.731000 Y52.070000 Z-0.125000
G01 X177.950000 Y52.190000 Z-0.125000
G01 X178.315000 Y52.555000 Z-0.125000
G01 X178.528000 Y52.668000 Z-0.125000
G01 X178.662000 Y52.584000 Z-0.125000
G01 X178.676000 Y52.380000 Z-0.125000
G01 X178.531000 Y52.135000 Z-0.125000
G01 X178.241000 Y51.845000 Z-0.125000
G01 X178.112000 Y51.617000 Z-0.125000
G01 X178.162000 Y51.448000 Z-0.125000
G01 X178.331000 Y51.398000 Z-0.125000
G01 X178.560000 Y51.528000 Z-0.125000
G01 X178.801000 Y51.769000 Z-0.125000
G01 X179.030000 Y51.898000 Z-0.125000
G01 X179.199000 Y51.848000 Z-0.125000
G01 X179.248000 Y51.680000 Z-0.125000
G01 X179.119000 Y51.451000 Z-0.125000
G01 X178.906000 Y51.238000 Z-0.125000
G01 X178.786000 Y51.019000 Z-0.125000
G01 X178.856000 Y50.870000 Z-0.125000
G01 X179.046000 Y50.841000 Z-0.125000
G01 X179.283000 Y50.979000 Z-0.125000
G01 X179.492000 Y51.188000 Z-0.125000
G01 X179.738000 Y51.335000 Z-0.125000
G01 X179.946000 Y51.324000 Z-0.125000
G01 X180.034000 Y51.193000 Z-0.125000
G01 X179.923000 Y50.982000 Z-0.125000
G01 X179.695000 Y50.754000 Z-0.125000
G01 X179.587000 Y50.547000 Z-0.125000
G01 X179.683000 Y50.425000 Z-0.125000
G01 X179.899000 Y50.422000 Z-0.125000
G01 X180.149000 Y50.572000 Z-0.125000
G01 X180.425000 Y50.849000 Z-0.125000
G01 X180.959000 Y51.064000 Z-0.125000
G01 X181.102000 Y50.989000 Z-0.125000
G01 X181.015000 Y50.802000 Z-0.125000
G01 X180.648000 Y50.436000 Z-0.125000
G01 X180.556000 Y50.244000 Z-0.125000
G01 X180.686000 Y50.155000 Z-0.125000
G01 X181.200000 Y50.352000 Z-0.125000
G01 X182.053000 Y51.204000 Z-0.125000
G00 Z5.000000

(End cutting path id: path44)


(Start cutting path id: path44)
(Change tool to Default tool)

G00 Z5.000000
G00 X177.642000 Y56.971000

G01 Z-0.125000 F100.0(Penetrate)
G01 X178.482000 Y57.811000 Z-0.125000 F400.000000
G01 X179.248000 Y58.259000 Z-0.125000
G01 X179.551000 Y58.343000 Z-0.125000
G01 X179.537000 Y58.230000 Z-0.125000
G01 X177.246000 Y55.939000 Z-0.125000
G01 X176.945000 Y55.319000 Z-0.125000
G01 X176.961000 Y55.117000 Z-0.125000
G01 X177.120000 Y55.177000 Z-0.125000
G01 X180.406000 Y58.463000 Z-0.125000
G01 X180.957000 Y58.695000 Z-0.125000
G01 X181.112000 Y58.632000 Z-0.125000
G01 X181.030000 Y58.451000 Z-0.125000
G01 X179.897000 Y57.317000 Z-0.125000
G01 X179.859000 Y57.180000 Z-0.125000
G01 X180.108000 Y57.211000 Z-0.125000
G01 X180.797000 Y57.581000 Z-0.125000
G01 X181.610000 Y58.394000 Z-0.125000
G01 X182.107000 Y58.573000 Z-0.125000
G01 X182.225000 Y58.473000 Z-0.125000
G01 X182.127000 Y58.275000 Z-0.125000
G01 X181.452000 Y57.600000 Z-0.125000
G01 X181.366000 Y57.415000 Z-0.125000
G01 X181.513000 Y57.343000 Z-0.125000
G01 X182.051000 Y57.563000 Z-0.125000
G01 X182.602000 Y58.115000 Z-0.125000
G01 X182.851000 Y58.264000 Z-0.125000
G01 X183.064000 Y58.258000 Z-0.125000
G01 X183.157000 Y58.132000 Z-0.125000
G01 X183.048000 Y57.924000 Z-0.125000
G01 X182.613000 Y57.489000 Z-0.125000
G01 X182.522000 Y57.299000 Z-0.125000
G01 X182.656000 Y57.214000 Z-0.125000
G01 X183.176000 Y57.416000 Z-0.125000
G01 X183.472000 Y57.712000 Z-0.125000
G01 X183.711000 Y57.852000 Z-0.125000
G01 X183.905000 Y57.827000 Z-0.125000
G01 X183.979000 Y57.683000 Z-0.125000
G01 X183.861000 Y57.465000 Z-0.125000
G01 X183.638000 Y57.242000 Z-0.125000
G01 X183.868000 Y57.154000 Z-0.125000
G01 X184.305000 Y57.273000 Z-0.125000
G01 X184.408000 Y57.376000 Z-0.125000
G00 Z5.000000

(End cutting path id: path44)


(Start cutting path id: path44)
(Change tool to Default tool)

G00 Z5.000000
G00 X193.407000 Y58.105000

G01 Z-0.125000 F100.0(Penetrate)
G01 X192.160000 Y56.858000 Z-0.125000 F400.000000
G01 X191.712000 Y56.093000 Z-0.125000
G01 X191.628000 Y55.790000 Z-0.125000
G01 X191.742000 Y55.804000 Z-0.125000
G01 X194.319000 Y58.381000 Z-0.125000
G01 X194.933000 Y58.678000 Z-0.125000
G01 X195.132000 Y58.658000 Z-0.125000
G01 X195.071000 Y58.497000 Z-0.125000
G01 X191.567000 Y54.994000 Z-0.125000
G01 X191.334000 Y54.442000 Z-0.125000
G01 X191.397000 Y54.286000 Z-0.125000
G01 X191.577000 Y54.367000 Z-0.125000
G01 X192.302000 Y55.092000 Z-0.125000
G01 X192.461000 Y55.151000 Z-0.125000
G01 X192.475000 Y54.947000 Z-0.125000
G01 X192.171000 Y54.325000 Z-0.125000
G01 X191.627000 Y53.781000 Z-0.125000
G01 X191.445000 Y53.281000 Z-0.125000
G01 X191.544000 Y53.161000 Z-0.125000
G01 X191.740000 Y53.258000 Z-0.125000
G01 X192.201000 Y53.719000 Z-0.125000
G01 X192.396000 Y53.814000 Z-0.125000
G01 X192.491000 Y53.691000 Z-0.125000
G01 X192.304000 Y53.185000 Z-0.125000
G01 X191.903000 Y52.785000 Z-0.125000
G01 X191.757000 Y52.539000 Z-0.125000
G01 X191.769000 Y52.332000 Z-0.125000
G01 X191.900000 Y52.245000 Z-0.125000
G01 X192.112000 Y52.357000 Z-0.125000
G01 X192.471000 Y52.716000 Z-0.125000
G01 X192.682000 Y52.829000 Z-0.125000
G01 X192.814000 Y52.742000 Z-0.125000
G01 X192.827000 Y52.535000 Z-0.125000
G01 X192.680000 Y52.290000 Z-0.125000
G01 X192.358000 Y51.967000 Z-0.125000
G01 X192.223000 Y51.733000 Z-0.125000
G01 X192.259000 Y51.551000 Z-0.125000
G01 X192.415000 Y51.488000 Z-0.125000
G01 X192.638000 Y51.611000 Z-0.125000
G01 X192.938000 Y51.912000 Z-0.125000
G01 X193.163000 Y52.037000 Z-0.125000
G01 X193.325000 Y51.980000 Z-0.125000
G01 X193.367000 Y51.804000 Z-0.125000
G01 X193.234000 Y51.571000 Z-0.125000
G01 X192.955000 Y51.292000 Z-0.125000
G01 X192.830000 Y51.068000 Z-0.125000
G01 X192.890000 Y50.909000 Z-0.125000
G01 X193.069000 Y50.869000 Z-0.125000
G01 X193.302000 Y51.003000 Z-0.125000
G01 X193.577000 Y51.278000 Z-0.125000
G01 X193.816000 Y51.418000 Z-0.125000
G01 X194.008000 Y51.391000 Z-0.125000
G01 X194.081000 Y51.246000 Z-0.125000
G01 X193.963000 Y51.028000 Z-0.125000
G01 X193.689000 Y50.754000 Z-0.125000
G01 X193.578000 Y50.544000 Z-0.125000
G01 X193.669000 Y50.416000 Z-0.125000
G01 X193.879000 Y50.407000 Z-0.125000
G01 X194.126000 Y50.555000 Z-0.125000
G01 X194.414000 Y50.843000 Z-0.125000
G01 X194.919000 Y51.030000 Z-0.125000
G01 X195.042000 Y50.934000 Z-0.125000
G01 X194.946000 Y50.739000 Z-0.125000
G01 X194.618000 Y50.411000 Z-0.125000
G01 X194.523000 Y50.216000 Z-0.125000
G01 X194.648000 Y50.123000 Z-0.125000
G01 X195.156000 Y50.312000 Z-0.125000
G01 X195.891000 Y51.048000 Z-0.125000
G00 Z5.000000

(End cutting path id: path44)


(Start cutting path id: path44)
(Change tool to Default tool)

G00 Z5.000000
G00 X197.317000 Y51.995000

G01 Z-0.125000 F100.0(Penetrate)
G01 X197.930000 Y53.033000 Z-0.125000 F400.000000
G01 X198.179000 Y54.362000 Z-0.125000
G01 X198.050000 Y55.673000 Z-0.125000
G01 X197.839000 Y56.226000 Z-0.125000
G01 X197.528000 Y56.660000 Z-0.125000
G01 X196.614000 Y57.141000 Z-0.125000
G01 X195.373000 Y57.341000 Z-0.125000
G01 X194.131000 Y57.160000 Z-0.125000
G01 X193.245000 Y56.615000 Z-0.125000
G01 X192.715000 Y55.707000 Z-0.125000
G01 X192.538000 Y54.433000 Z-0.125000
G01 X192.767000 Y53.159000 Z-0.125000
G01 X193.385000 Y52.098000 Z-0.125000
G01 X194.288000 Y51.373000 Z-0.125000
G01 X195.373000 Y51.104000 Z-0.125000
G01 X196.379000 Y51.365000 Z-0.125000
G01 X197.317000 Y51.995000 Z-0.125000
G01 X197.317000 Y51.995000 Z-0.125000
G00 Z5.000000

(End cutting path id: path44)


(Start cutting path id: path44)
(Change tool to Default tool)

G00 Z5.000000
G00 X192.956000 Y50.679000

G01 Z-0.125000 F100.0(Penetrate)
G01 X192.109000 Y51.516000 Z-0.125000 F400.000000
G01 X191.543000 Y52.494000 Z-0.125000
G01 X191.252000 Y53.561000 Z-0.125000
G01 X191.230000 Y54.664000 Z-0.125000
G01 X191.473000 Y55.753000 Z-0.125000
G01 X191.975000 Y56.775000 Z-0.125000
G01 X192.731000 Y57.679000 Z-0.125000
G01 X193.736000 Y58.413000 Z-0.125000
G01 X194.902000 Y58.828000 Z-0.125000
G01 X196.067000 Y58.825000 Z-0.125000
G01 X197.171000 Y58.461000 Z-0.125000
G01 X198.151000 Y57.791000 Z-0.125000
G01 X198.945000 Y56.870000 Z-0.125000
G01 X199.492000 Y55.755000 Z-0.125000
G01 X199.729000 Y54.500000 Z-0.125000
G01 X199.594000 Y53.162000 Z-0.125000
G01 X199.200000 Y52.194000 Z-0.125000
G01 X198.574000 Y51.373000 Z-0.125000
G01 X197.771000 Y50.721000 Z-0.125000
G01 X196.843000 Y50.256000 Z-0.125000
G01 X195.843000 Y49.999000 Z-0.125000
G01 X194.827000 Y49.971000 Z-0.125000
G01 X193.846000 Y50.191000 Z-0.125000
G01 X192.956000 Y50.679000 Z-0.125000
G01 X192.956000 Y50.679000 Z-0.125000
G00 Z5.000000

(End cutting path id: path44)


(Start cutting path id: path44)
(Change tool to Default tool)

G00 Z5.000000
G00 X194.624000 Y57.414000

G01 Z-0.125000 F100.0(Penetrate)
G01 X195.682000 Y58.472000 Z-0.125000 F400.000000
G01 X196.184000 Y58.655000 Z-0.125000
G01 X196.305000 Y58.558000 Z-0.125000
G01 X196.208000 Y58.362000 Z-0.125000
G01 X195.556000 Y57.710000 Z-0.125000
G01 X195.470000 Y57.525000 Z-0.125000
G01 X195.615000 Y57.451000 Z-0.125000
G01 X196.152000 Y57.670000 Z-0.125000
G01 X196.676000 Y58.194000 Z-0.125000
G01 X196.921000 Y58.340000 Z-0.125000
G01 X197.127000 Y58.327000 Z-0.125000
G01 X197.213000 Y58.194000 Z-0.125000
G01 X197.101000 Y57.982000 Z-0.125000
G01 X196.682000 Y57.564000 Z-0.125000
G01 X196.578000 Y57.361000 Z-0.125000
G01 X196.684000 Y57.248000 Z-0.125000
G01 X196.909000 Y57.254000 Z-0.125000
G01 X197.163000 Y57.409000 Z-0.125000
G01 X197.483000 Y57.728000 Z-0.125000
G01 X197.716000 Y57.863000 Z-0.125000
G01 X197.897000 Y57.824000 Z-0.125000
G01 X197.958000 Y57.667000 Z-0.125000
G01 X197.834000 Y57.444000 Z-0.125000
G01 X197.587000 Y57.197000 Z-0.125000
G01 X197.463000 Y56.973000 Z-0.125000
G01 X197.523000 Y56.814000 Z-0.125000
G01 X197.703000 Y56.775000 Z-0.125000
G01 X197.936000 Y56.909000 Z-0.125000
G01 X198.152000 Y57.125000 Z-0.125000
G01 X198.376000 Y57.250000 Z-0.125000
G01 X198.535000 Y57.190000 Z-0.125000
G01 X198.575000 Y57.011000 Z-0.125000
G01 X198.441000 Y56.778000 Z-0.125000
G01 X198.193000 Y56.530000 Z-0.125000
G01 X198.042000 Y56.280000 Z-0.125000
G01 X198.045000 Y56.064000 Z-0.125000
G01 X198.167000 Y55.967000 Z-0.125000
G01 X198.374000 Y56.075000 Z-0.125000
G01 X198.696000 Y56.397000 Z-0.125000
G01 X198.910000 Y56.512000 Z-0.125000
G01 X199.046000 Y56.429000 Z-0.125000
G01 X199.064000 Y56.228000 Z-0.125000
G01 X198.920000 Y55.985000 Z-0.125000
G01 X198.496000 Y55.561000 Z-0.125000
G01 X198.286000 Y55.033000 Z-0.125000
G01 X198.366000 Y54.894000 Z-0.125000
G01 X198.554000 Y54.983000 Z-0.125000
G01 X199.105000 Y55.534000 Z-0.125000
G01 X199.307000 Y55.636000 Z-0.125000
G01 X199.415000 Y55.526000 Z-0.125000
G01 X199.248000 Y55.040000 Z-0.125000
G01 X198.533000 Y54.326000 Z-0.125000
G01 X198.224000 Y53.699000 Z-0.125000
G01 X198.235000 Y53.491000 Z-0.125000
G01 X198.392000 Y53.549000 Z-0.125000
G01 X199.344000 Y54.500000 Z-0.125000
G01 X199.525000 Y54.583000 Z-0.125000
G01 X199.591000 Y54.430000 Z-0.125000
G01 X199.362000 Y53.882000 Z-0.125000
G01 X195.820000 Y50.341000 Z-0.125000
G01 X195.762000 Y50.183000 Z-0.125000
G01 X195.967000 Y50.170000 Z-0.125000
G01 X196.591000 Y50.476000 Z-0.125000
G01 X199.301000 Y53.185000 Z-0.125000
G01 X199.446000 Y53.232000 Z-0.125000
G01 X199.432000 Y52.999000 Z-0.125000
G01 X199.087000 Y52.335000 Z-0.125000
G01 X197.370000 Y50.618000 Z-0.125000
G00 Z5.000000

(End cutting path id: path44)


(Start cutting path id: path44)
(Change tool to Default tool)

G00 Z5.000000
G00 X201.387000 Y64.048000

G01 Z-0.125000 F100.0(Penetrate)
G01 X202.861000 Y65.814000 Z-0.125000 F400.000000
G01 X207.087000 Y70.276000 Z-0.125000
G01 X221.199000 Y84.591000 Z-0.125000
G01 X241.302000 Y104.665000 Z-0.125000
G01 X235.030000 Y110.954800 Z-0.125000
G01 X231.951000 Y114.103100 Z-0.125000
G01 X230.152000 Y116.127500 Z-0.125000
G01 X229.417000 Y117.298700 Z-0.125000
G01 X229.381000 Y117.649200 Z-0.125000
G01 X229.532000 Y117.887900 Z-0.125000
G01 X229.812000 Y117.991800 Z-0.125000
G01 X230.213000 Y117.902100 Z-0.125000
G01 X231.516000 Y117.030800 Z-0.125000
G01 X233.712000 Y115.052600 Z-0.125000
G01 X237.073000 Y111.746200 Z-0.125000
G01 X243.840000 Y104.962000 Z-0.125000
G01 X223.153000 Y84.270000 Z-0.125000
G01 X208.428000 Y69.656000 Z-0.125000
G01 X202.073000 Y63.578000 Z-0.125000
G01 X201.708000 Y63.716000 Z-0.125000
G01 X201.387000 Y64.048000 Z-0.125000
G01 X201.387000 Y64.048000 Z-0.125000
G00 Z5.000000

(End cutting path id: path44)


(Start cutting path id: path44)
(Change tool to Default tool)

G00 Z5.000000
G00 X178.456000 Y90.221000

G01 Z-0.125000 F100.0(Penetrate)
G01 X168.606000 Y80.370000 Z-0.125000 F400.000000
G00 Z5.000000

(End cutting path id: path44)


(Start cutting path id: path44)
(Change tool to Default tool)

G00 Z5.000000
G00 X166.298000 Y57.712000

G01 Z-0.125000 F100.0(Penetrate)
G01 X166.996000 Y58.410000 Z-0.125000 F400.000000
G01 X167.246000 Y58.561000 Z-0.125000
G01 X167.461000 Y58.558000 Z-0.125000
G01 X167.558000 Y58.436000 Z-0.125000
G01 X167.450000 Y58.229000 Z-0.125000
G01 X166.076000 Y56.855000 Z-0.125000
G01 X165.585000 Y56.045000 Z-0.125000
G01 X165.470000 Y55.712000 Z-0.125000
G01 X165.570000 Y55.712000 Z-0.125000
G01 X167.735000 Y57.877000 Z-0.125000
G01 X167.950000 Y57.993000 Z-0.125000
G01 X168.090000 Y57.915000 Z-0.125000
G01 X168.111000 Y57.717000 Z-0.125000
G01 X167.969000 Y57.476000 Z-0.125000
G01 X165.158000 Y54.664000 Z-0.125000
G01 X164.727000 Y53.916000 Z-0.125000
G01 X164.655000 Y53.625000 Z-0.125000
G01 X164.774000 Y53.644000 Z-0.125000
G01 X166.091000 Y54.962000 Z-0.125000
G01 X166.203000 Y54.974000 Z-0.125000
G01 X166.114000 Y54.666000 Z-0.125000
G01 X165.659000 Y53.893000 Z-0.125000
G01 X164.358000 Y52.592000 Z-0.125000
G01 X164.024000 Y51.940000 Z-0.125000
G01 X164.018000 Y51.716000 Z-0.125000
G01 X164.167000 Y51.765000 Z-0.125000
G01 X165.714000 Y53.313000 Z-0.125000
G01 X165.956000 Y53.455000 Z-0.125000
G01 X166.155000 Y53.435000 Z-0.125000
G01 X166.233000 Y53.295000 Z-0.125000
G01 X166.117000 Y53.080000 Z-0.125000
G01 X163.980000 Y50.942000 Z-0.125000
G01 X163.809000 Y50.453000 Z-0.125000
G01 X163.915000 Y50.341000 Z-0.125000
G01 X164.115000 Y50.441000 Z-0.125000
G01 X166.700000 Y53.026000 Z-0.125000
G01 X167.246000 Y53.253000 Z-0.125000
G01 X167.397000 Y53.186000 Z-0.125000
G01 X167.314000 Y53.004000 Z-0.125000
G01 X166.191000 Y51.881000 Z-0.125000
G01 X166.131000 Y51.721000 Z-0.125000
G01 X166.333000 Y51.704000 Z-0.125000
G01 X166.951000 Y52.005000 Z-0.125000
G01 X168.245000 Y53.298000 Z-0.125000
G00 Z5.000000

(End cutting path id: path44)


(Start cutting path id: path44)
(Change tool to Default tool)

G00 Z5.000000
G00 X114.893000 Y55.286000

G01 Z-0.125000 F100.0(Penetrate)
G01 X114.107000 Y54.501000 Z-0.125000 F400.000000
G01 X113.882000 Y53.958000 Z-0.125000
G01 X113.951000 Y53.808000 Z-0.125000
G01 X114.134000 Y53.891000 Z-0.125000
G01 X114.535000 Y54.293000 Z-0.125000
G01 X114.718000 Y54.376000 Z-0.125000
G01 X114.787000 Y54.226000 Z-0.125000
G01 X114.561000 Y53.682000 Z-0.125000
G01 X114.214000 Y53.336000 Z-0.125000
G01 X114.041000 Y52.845000 Z-0.125000
G01 X114.146000 Y52.731000 Z-0.125000
G01 X114.346000 Y52.831000 Z-0.125000
G01 X114.684000 Y53.170000 Z-0.125000
G01 X114.890000 Y53.276000 Z-0.125000
G01 X115.009000 Y53.176000 Z-0.125000
G01 X115.008000 Y52.957000 Z-0.125000
G01 X114.856000 Y52.705000 Z-0.125000
G01 X114.528000 Y52.378000 Z-0.125000
G01 X114.385000 Y52.135000 Z-0.125000
G01 X114.404000 Y51.936000 Z-0.125000
G01 X114.542000 Y51.855000 Z-0.125000
G01 X114.757000 Y51.970000 Z-0.125000
G01 X115.087000 Y52.300000 Z-0.125000
G01 X115.309000 Y52.423000 Z-0.125000
G01 X115.463000 Y52.358000 Z-0.125000
G01 X115.498000 Y52.175000 Z-0.125000
G01 X115.362000 Y51.939000 Z-0.125000
G01 X115.031000 Y51.609000 Z-0.125000
G01 X114.903000 Y51.381000 Z-0.125000
G01 X114.953000 Y51.213000 Z-0.125000
G01 X115.124000 Y51.164000 Z-0.125000
G01 X115.353000 Y51.294000 Z-0.125000
G01 X115.674000 Y51.615000 Z-0.125000
G01 X115.906000 Y51.748000 Z-0.125000
G01 X116.083000 Y51.706000 Z-0.125000
G01 X116.140000 Y51.545000 Z-0.125000
G01 X116.015000 Y51.320000 Z-0.125000
G01 X115.717000 Y51.021000 Z-0.125000
G01 X115.602000 Y50.807000 Z-0.125000
G01 X115.682000 Y50.669000 Z-0.125000
G01 X115.883000 Y50.651000 Z-0.125000
G01 X116.125000 Y50.794000 Z-0.125000
G01 X116.385000 Y51.054000 Z-0.125000
G01 X116.632000 Y51.202000 Z-0.125000
G01 X116.842000 Y51.193000 Z-0.125000
G01 X116.932000 Y51.064000 Z-0.125000
G01 X116.822000 Y50.854000 Z-0.125000
G01 X116.579000 Y50.612000 Z-0.125000
G01 X116.476000 Y50.409000 Z-0.125000
G01 X116.582000 Y50.297000 Z-0.125000
G01 X117.062000 Y50.459000 Z-0.125000
G01 X117.411000 Y50.808000 Z-0.125000
G01 X118.061000 Y51.139000 Z-0.125000
G01 X118.284000 Y51.144000 Z-0.125000
G01 X118.234000 Y50.994000 Z-0.125000
G01 X117.633000 Y50.394000 Z-0.125000
G01 X117.552000 Y50.214000 Z-0.125000
G01 X117.708000 Y50.151000 Z-0.125000
G01 X118.260000 Y50.385000 Z-0.125000
G01 X119.216000 Y51.340000 Z-0.125000
G01 X119.879000 Y51.686000 Z-0.125000
G01 X120.112000 Y51.699000 Z-0.125000
G01 X120.065000 Y51.554000 Z-0.125000
G01 X118.919000 Y50.407000 Z-0.125000
G01 X118.879000 Y50.268000 Z-0.125000
G01 X119.126000 Y50.296000 Z-0.125000
G01 X119.810000 Y50.662000 Z-0.125000
G01 X120.922000 Y51.774000 Z-0.125000
G00 Z5.000000

(End cutting path id: path44)


(Start cutting path id: path44)
(Change tool to Default tool)

G00 Z5.000000
G00 X114.830000 Y51.135000

G01 Z-0.125000 F100.0(Penetrate)
G01 X114.282000 Y51.865000 Z-0.125000 F400.000000
G01 X113.927000 Y52.732000 Z-0.125000
G01 X113.758000 Y53.687000 Z-0.125000
G01 X113.771000 Y54.681000 Z-0.125000
G01 X113.961000 Y55.667000 Z-0.125000
G01 X114.322000 Y56.595000 Z-0.125000
G01 X114.851000 Y57.416000 Z-0.125000
G01 X115.542000 Y58.083000 Z-0.125000
G01 X116.383000 Y58.629000 Z-0.125000
G01 X117.131000 Y58.897000 Z-0.125000
G01 X117.924000 Y58.911000 Z-0.125000
G01 X118.899000 Y58.698000 Z-0.125000
G01 X120.516000 Y58.036000 Z-0.125000
G01 X120.910000 Y57.713000 Z-0.125000
G01 X121.029000 Y57.426000 Z-0.125000
G01 X120.876000 Y57.201000 Z-0.125000
G01 X120.452000 Y57.060000 Z-0.125000
G01 X118.796000 Y57.128000 Z-0.125000
G01 X117.558000 Y57.278000 Z-0.125000
G01 X116.707000 Y57.237000 Z-0.125000
G01 X116.107000 Y56.976000 Z-0.125000
G01 X115.625000 Y56.468000 Z-0.125000
G01 X115.035000 Y55.294000 Z-0.125000
G01 X114.909000 Y54.088000 Z-0.125000
G01 X115.241000 Y52.937000 Z-0.125000
G01 X116.023000 Y51.929000 Z-0.125000
G01 X116.689000 Y51.406000 Z-0.125000
G01 X117.295000 Y51.183000 Z-0.125000
G01 X117.999000 Y51.237000 Z-0.125000
G01 X118.963000 Y51.547000 Z-0.125000
G01 X120.278000 Y51.922000 Z-0.125000
G01 X120.994000 Y51.884000 Z-0.125000
G01 X121.100000 Y51.726000 Z-0.125000
G01 X121.024000 Y51.484000 Z-0.125000
G01 X120.280000 Y50.774000 Z-0.125000
G01 X118.951000 Y50.152000 Z-0.125000
G01 X117.468000 Y50.014000 Z-0.125000
G01 X116.029000 Y50.346000 Z-0.125000
G01 X114.830000 Y51.135000 Z-0.125000
G01 X114.830000 Y51.135000 Z-0.125000
G00 Z5.000000

(End cutting path id: path44)


(Start cutting path id: path44)
(Change tool to Default tool)

G00 Z5.000000
G00 X114.574000 Y56.876000

G01 Z-0.125000 F100.0(Penetrate)
G01 X115.868000 Y58.170000 Z-0.125000 F400.000000
G01 X116.599000 Y58.584000 Z-0.125000
G01 X116.878000 Y58.644000 Z-0.125000
G01 X116.853000 Y58.519000 Z-0.125000
G01 X114.319000 Y55.985000 Z-0.125000
G01 X114.011000 Y55.359000 Z-0.125000
G01 X114.022000 Y55.152000 Z-0.125000
G01 X114.180000 Y55.209000 Z-0.125000
G01 X117.525000 Y58.555000 Z-0.125000
G01 X118.040000 Y58.752000 Z-0.125000
G01 X118.171000 Y58.664000 Z-0.125000
G01 X118.079000 Y58.473000 Z-0.125000
G01 X117.217000 Y57.611000 Z-0.125000
G01 X117.142000 Y57.436000 Z-0.125000
G01 X117.310000 Y57.386000 Z-0.125000
G01 X117.880000 Y57.638000 Z-0.125000
G01 X118.587000 Y58.345000 Z-0.125000
G01 X119.071000 Y58.511000 Z-0.125000
G01 X119.180000 Y58.401000 Z-0.125000
G01 X119.078000 Y58.200000 Z-0.125000
G01 X118.449000 Y57.570000 Z-0.125000
G01 X118.359000 Y57.381000 Z-0.125000
G01 X118.495000 Y57.298000 Z-0.125000
G01 X119.018000 Y57.503000 Z-0.125000
G01 X119.537000 Y58.022000 Z-0.125000
G01 X119.783000 Y58.170000 Z-0.125000
G01 X119.992000 Y58.160000 Z-0.125000
G01 X120.082000 Y58.031000 Z-0.125000
G01 X119.971000 Y57.820000 Z-0.125000
G01 X119.579000 Y57.428000 Z-0.125000
G01 X119.494000 Y57.244000 Z-0.125000
G01 X119.642000 Y57.173000 Z-0.125000
G01 X120.182000 Y57.396000 Z-0.125000
G01 X120.479000 Y57.692000 Z-0.125000
G01 X120.752000 Y57.647000 Z-0.125000
G01 X120.776000 Y57.353000 Z-0.125000
G01 X120.651000 Y57.229000 Z-0.125000
G00 Z5.000000

(End cutting path id: path44)


(Start cutting path id: path44)
(Change tool to Default tool)

G00 Z5.000000
G00 X89.770900 Y84.778000

G01 Z-0.125000 F100.0(Penetrate)
G01 X68.932400 Y105.797000 Z-0.125000 F400.000000
G01 X75.281300 Y112.164100 Z-0.125000
G01 X78.399300 Y115.226600 Z-0.125000
G01 X80.470700 Y117.081500 Z-0.125000
G01 X81.723500 Y117.912800 Z-0.125000
G01 X82.113900 Y118.002100 Z-0.125000
G01 X82.385100 Y117.904500 Z-0.125000
G01 X82.525600 Y117.675400 Z-0.125000
G01 X82.484200 Y117.341400 Z-0.125000
G01 X81.763900 Y116.248100 Z-0.125000
G01 X80.041000 Y114.404600 Z-0.125000
G01 X77.132300 Y111.590500 Z-0.125000
G01 X71.124600 Y105.903000 Z-0.125000
G01 X91.649400 Y85.372000 Z-0.125000
G01 X102.553000 Y74.362000 Z-0.125000
G01 X108.939000 Y67.606000 Z-0.125000
G01 X110.660000 Y65.575000 Z-0.125000
G01 X111.518000 Y64.308000 Z-0.125000
G01 X111.651000 Y63.930000 Z-0.125000
G01 X111.602000 Y63.706000 Z-0.125000
G01 X111.001000 Y63.668000 Z-0.125000
G01 X104.603000 Y69.907000 Z-0.125000
G01 X89.770900 Y84.778000 Z-0.125000
G01 X89.770900 Y84.778000 Z-0.125000
G00 Z5.000000

(End cutting path id: path44)


(Start cutting path id: path44)
(Change tool to Default tool)

G00 Z5.000000
G00 X81.160200 Y101.592000

G01 Z-0.125000 F100.0(Penetrate)
G01 X80.332900 Y101.497000 Z-0.125000 F400.000000
G01 X79.625000 Y101.303000 Z-0.125000
G01 X82.005900 Y101.064000 Z-0.125000
G01 X83.204700 Y101.124000 Z-0.125000
G01 X84.373000 Y101.365000 Z-0.125000
G01 X84.474900 Y101.584000 Z-0.125000
G01 X84.195800 Y101.617000 Z-0.125000
G01 X83.434000 Y101.594000 Z-0.125000
G01 X81.160200 Y101.591000 Z-0.125000
G01 X81.160200 Y101.592000 Z-0.125000
G00 Z5.000000

(End cutting path id: path44)


(Start cutting path id: path44)
(Change tool to Default tool)

G00 Z5.000000
G00 X79.279700 Y100.852000

G01 Z-0.125000 F100.0(Penetrate)
G01 X78.863900 Y101.051000 Z-0.125000 F400.000000
G01 X78.701500 Y101.264000 Z-0.125000
G01 X78.768900 Y101.478000 Z-0.125000
G01 X79.042400 Y101.681000 Z-0.125000
G01 X80.113700 Y102.004000 Z-0.125000
G01 X81.726400 Y102.133000 Z-0.125000
G01 X84.244300 Y102.133000 Z-0.125000
G01 X84.244300 Y106.856000 Z-0.125000
G01 X84.244300 Y111.579700 Z-0.125000
G01 X86.794500 Y113.411100 Z-0.125000
G01 X88.751100 Y114.608300 Z-0.125000
G01 X89.467400 Y114.897700 Z-0.125000
G01 X89.874300 Y114.915100 Z-0.125000
G01 X90.094200 Y114.911700 Z-0.125000
G01 X90.301400 Y115.144700 Z-0.125000
G01 X90.584400 Y116.156500 Z-0.125000
G01 X90.760900 Y117.040600 Z-0.125000
G01 X91.235600 Y117.529300 Z-0.125000
G01 X92.315700 Y117.766100 Z-0.125000
G01 X94.308400 Y117.894200 Z-0.125000
G01 X96.270200 Y118.020700 Z-0.125000
G01 X97.331800 Y118.242300 Z-0.125000
G01 X97.767700 Y118.679600 Z-0.125000
G01 X97.852100 Y119.453400 Z-0.125000
G01 X97.944800 Y120.254200 Z-0.125000
G01 X98.158800 Y120.501200 Z-0.125000
G01 X98.571800 Y120.667300 Z-0.125000
G01 X100.256000 Y120.821000 Z-0.125000
G01 X103.522000 Y120.843800 Z-0.125000
G01 X109.192000 Y120.843800 Z-0.125000
G01 X109.192000 Y117.399300 Z-0.125000
G01 X109.192000 Y113.954800 Z-0.125000
G01 X112.411000 Y115.698300 Z-0.125000
G01 X114.909000 Y116.929700 Z-0.125000
G01 X116.394000 Y117.441900 Z-0.125000
G01 X118.116000 Y116.846400 Z-0.125000
G01 X121.183000 Y115.414700 Z-0.125000
G01 X124.110000 Y113.727700 Z-0.125000
G01 X124.649000 Y113.177700 Z-0.125000
G01 X124.613000 Y112.791300 Z-0.125000
G01 X124.127000 Y112.643500 Z-0.125000
G01 X123.267000 Y112.835100 Z-0.125000
G01 X120.269000 Y114.290900 Z-0.125000
G01 X116.521000 Y116.386800 Z-0.125000
G01 X112.998000 Y114.455200 Z-0.125000
G01 X109.475000 Y112.523600 Z-0.125000
G01 X109.313000 Y107.045000 Z-0.125000
G01 X109.250000 Y104.001000 Z-0.125000
G01 X109.342000 Y102.361000 Z-0.125000
G01 X109.668000 Y101.693000 Z-0.125000
G01 X110.305000 Y101.566000 Z-0.125000
G01 X111.121000 Y101.400000 Z-0.125000
G01 X111.369000 Y101.219000 Z-0.125000
G01 X111.460000 Y100.999000 Z-0.125000
G01 X111.326000 Y100.779000 Z-0.125000
G01 X110.960000 Y100.599000 Z-0.125000
G01 X109.759000 Y100.432000 Z-0.125000
G01 X108.058000 Y100.432000 Z-0.125000
G01 X108.058000 Y110.071000 Z-0.125000
G01 X108.058000 Y119.709800 Z-0.125000
G01 X103.522000 Y119.709800 Z-0.125000
G01 X98.986000 Y119.709800 Z-0.125000
G01 X98.986000 Y110.039900 Z-0.125000
G01 X98.986000 Y100.370000 Z-0.125000
G01 X96.292800 Y100.543000 Z-0.125000
G01 X93.599600 Y100.716000 Z-0.125000
G01 X93.436600 Y105.626000 Z-0.125000
G01 X93.309700 Y108.474000 Z-0.125000
G01 X93.040300 Y110.102300 Z-0.125000
G01 X92.431200 Y111.098600 Z-0.125000
G01 X91.285200 Y112.052500 Z-0.125000
G01 X89.296800 Y113.569100 Z-0.125000
G01 X87.337600 Y112.074700 Z-0.125000
G01 X85.378300 Y110.580300 Z-0.125000
G01 X85.378300 Y105.828000 Z-0.125000
G01 X85.341700 Y103.373000 Z-0.125000
G01 X85.198000 Y101.885000 Z-0.125000
G01 X84.896400 Y101.105000 Z-0.125000
G01 X84.386100 Y100.775000 Z-0.125000
G01 X83.270400 Y100.592000 Z-0.125000
G01 X81.821400 Y100.548000 Z-0.125000
G01 X80.378000 Y100.636000 Z-0.125000
G01 X79.279700 Y100.852000 Z-0.125000
G01 X79.279700 Y100.852000 Z-0.125000
G00 Z5.000000

(End cutting path id: path44)


(Start cutting path id: path44)
(Change tool to Default tool)

G00 Z5.000000
G00 X81.847700 Y117.361300

G01 Z-0.125000 F100.0(Penetrate)
G01 X80.593700 Y116.498200 Z-0.125000 F400.000000
G01 X79.447600 Y115.493900 Z-0.125000
G01 X77.256200 Y113.367100 Z-0.125000
G01 X69.677700 Y105.793000 Z-0.125000
G01 X90.118800 Y85.177000 Z-0.125000
G01 X110.668000 Y64.672000 Z-0.125000
G01 X108.292000 Y67.525000 Z-0.125000
G01 X105.778000 Y70.258000 Z-0.125000
G01 X100.602000 Y75.585000 Z-0.125000
G01 X70.367200 Y105.914000 Z-0.125000
G01 X76.008700 Y111.239800 Z-0.125000
G01 X78.797200 Y113.934700 Z-0.125000
G01 X81.475500 Y116.740000 Z-0.125000
G01 X81.758800 Y117.090500 Z-0.125000
G01 X81.847700 Y117.361300 Z-0.125000
G01 X81.847700 Y117.361300 Z-0.125000
G00 Z5.000000

(End cutting path id: path44)


(Start cutting path id: path44)
(Change tool to Default tool)

G00 Z5.000000
G00 X89.906000 Y125.118000

G01 Z-0.125000 F100.0(Penetrate)
G01 X88.017700 Y130.864700 Z-0.125000 F400.000000
G01 X85.290900 Y139.836000 Z-0.125000
G01 X82.831000 Y148.313400 Z-0.125000
G01 X81.743400 Y152.578200 Z-0.125000
G01 X81.788000 Y153.187300 Z-0.125000
G01 X82.007800 Y153.718000 Z-0.125000
G01 X82.460900 Y154.200000 Z-0.125000
G01 X83.205300 Y154.662800 Z-0.125000
G01 X85.800400 Y155.649100 Z-0.125000
G01 X90.257500 Y156.913300 Z-0.125000
G01 X93.491400 Y157.700600 Z-0.125000
G01 X96.279000 Y158.201800 Z-0.125000
G01 X98.667000 Y158.410700 Z-0.125000
G01 X100.702000 Y158.321500 Z-0.125000
G01 X102.430000 Y157.928100 Z-0.125000
G01 X103.899000 Y157.224600 Z-0.125000
G01 X105.155000 Y156.204900 Z-0.125000
G01 X106.245000 Y154.863100 Z-0.125000
G01 X106.805000 Y153.836100 Z-0.125000
G01 X107.185000 Y152.704400 Z-0.125000
G01 X107.385000 Y151.509800 Z-0.125000
G01 X107.408000 Y150.294100 Z-0.125000
G01 X107.256000 Y149.099300 Z-0.125000
G01 X106.932000 Y147.967200 Z-0.125000
G01 X106.437000 Y146.939600 Z-0.125000
G01 X105.775000 Y146.058500 Z-0.125000
G01 X104.958000 Y145.146200 Z-0.125000
G01 X104.783000 Y144.840800 Z-0.125000
G01 X104.780000 Y144.594500 Z-0.125000
G01 X105.334000 Y144.155100 Z-0.125000
G01 X106.716000 Y143.580000 Z-0.125000
G01 X107.829000 Y143.045000 Z-0.125000
G01 X108.816000 Y142.386100 Z-0.125000
G01 X109.673000 Y141.618800 Z-0.125000
G01 X110.400000 Y140.758600 Z-0.125000
G01 X111.455000 Y138.821600 Z-0.125000
G01 X111.967000 Y136.698900 Z-0.125000
G01 X111.922000 Y134.514800 Z-0.125000
G01 X111.308000 Y132.393300 Z-0.125000
G01 X110.782000 Y131.394700 Z-0.125000
G01 X110.110000 Y130.458400 Z-0.125000
G01 X109.288000 Y129.599700 Z-0.125000
G01 X108.315000 Y128.834200 Z-0.125000
G01 X107.150000 Y128.248900 Z-0.125000
G01 X105.218000 Y127.494100 Z-0.125000
G01 X100.047000 Y125.781300 Z-0.125000
G01 X94.797000 Y124.306100 Z-0.125000
G01 X92.766300 Y123.848300 Z-0.125000
G01 X91.463900 Y123.678700 Z-0.125000
G01 X91.026700 Y123.791400 Z-0.125000
G01 X90.588600 Y124.099100 Z-0.125000
G01 X89.906000 Y125.118000 Z-0.125000
G01 X89.906000 Y125.118000 Z-0.125000
G00 Z5.000000

(End cutting path id: path44)


(Start cutting path id: path44)
(Change tool to Default tool)

G00 Z5.000000
G00 X96.317700 Y140.233300

G01 Z-0.125000 F100.0(Penetrate)
G01 X107.037000 Y150.953000 Z-0.125000 F400.000000
G01 X107.218000 Y151.034200 Z-0.125000
G01 X107.281000 Y150.878900 Z-0.125000
G01 X107.048000 Y150.327700 Z-0.125000
G01 X97.456500 Y140.736000 Z-0.125000
G01 X97.404600 Y140.584700 Z-0.125000
G01 X97.624500 Y140.585900 Z-0.125000
G01 X98.269500 Y140.912900 Z-0.125000
G01 X107.028000 Y149.671700 Z-0.125000
G01 X107.186000 Y149.729700 Z-0.125000
G01 X107.198000 Y149.523200 Z-0.125000
G01 X106.890000 Y148.897600 Z-0.125000
G01 X99.072600 Y141.079900 Z-0.125000
G01 X99.017400 Y140.925300 Z-0.125000
G01 X99.230000 Y140.919200 Z-0.125000
G01 X99.864500 Y141.235700 Z-0.125000
G01 X106.661000 Y148.032600 Z-0.125000
G01 X106.795000 Y148.066900 Z-0.125000
G01 X106.755000 Y147.808400 Z-0.125000
G01 X106.372000 Y147.107100 Z-0.125000
G01 X100.642000 Y141.377500 Z-0.125000
G01 X100.582000 Y141.217800 Z-0.125000
G01 X100.783000 Y141.200400 Z-0.125000
G01 X101.401000 Y141.500500 Z-0.125000
G01 X104.427000 Y144.526100 Z-0.125000
G01 X104.633000 Y144.633000 Z-0.125000
G01 X104.753000 Y144.534300 Z-0.125000
G01 X104.754000 Y144.316400 Z-0.125000
G01 X104.603000 Y144.065500 Z-0.125000
G01 X102.132000 Y141.594400 Z-0.125000
G01 X102.057000 Y141.420100 Z-0.125000
G01 X102.226000 Y141.370400 Z-0.125000
G01 X102.797000 Y141.623500 Z-0.125000
G01 X104.994000 Y143.821100 Z-0.125000
G01 X105.241000 Y143.968900 Z-0.125000
G01 X105.451000 Y143.960000 Z-0.125000
G01 X105.542000 Y143.831900 Z-0.125000
G01 X105.431000 Y143.621900 Z-0.125000
G01 X103.400000 Y141.590900 Z-0.125000
G01 X103.312000 Y141.402900 Z-0.125000
G01 X103.451000 Y141.323400 Z-0.125000
G01 X103.978000 Y141.533000 Z-0.125000
G01 X105.883000 Y143.437100 Z-0.125000
G01 X106.132000 Y143.587600 Z-0.125000
G01 X106.348000 Y143.584700 Z-0.125000
G01 X106.445000 Y143.462600 Z-0.125000
G01 X106.337000 Y143.255300 Z-0.125000
G01 X104.513000 Y141.431600 Z-0.125000
G01 X104.412000 Y141.231400 Z-0.125000
G01 X104.524000 Y141.124800 Z-0.125000
G01 X105.013000 Y141.295100 Z-0.125000
G01 X106.785000 Y143.066900 Z-0.125000
G01 X107.031000 Y143.213500 Z-0.125000
G01 X107.238000 Y143.202000 Z-0.125000
G01 X107.326000 Y143.071300 Z-0.125000
G01 X107.214000 Y142.860100 Z-0.125000
G01 X105.478000 Y141.124000 Z-0.125000
G01 X105.366000 Y140.913000 Z-0.125000
G01 X105.455000 Y140.782800 Z-0.125000
G01 X105.662000 Y140.771800 Z-0.125000
G01 X105.908000 Y140.918700 Z-0.125000
G01 X107.623000 Y142.633500 Z-0.125000
G01 X107.864000 Y142.774300 Z-0.125000
G01 X108.058000 Y142.750100 Z-0.125000
G01 X108.133000 Y142.606600 Z-0.125000
G01 X108.016000 Y142.389600 Z-0.125000
G01 X106.302000 Y140.676200 Z-0.125000
G01 X106.179000 Y140.454200 Z-0.125000
G01 X106.244000 Y140.299600 Z-0.125000
G01 X106.427000 Y140.264400 Z-0.125000
G01 X106.662000 Y140.400100 Z-0.125000
G01 X108.387000 Y142.125000 Z-0.125000
G01 X108.621000 Y142.260000 Z-0.125000
G01 X108.803000 Y142.223100 Z-0.125000
G01 X108.866000 Y142.066900 Z-0.125000
G01 X108.742000 Y141.844100 Z-0.125000
G01 X106.989000 Y140.090800 Z-0.125000
G01 X106.856000 Y139.858300 Z-0.125000
G01 X106.897000 Y139.680500 Z-0.125000
G01 X107.057000 Y139.622100 Z-0.125000
G01 X107.282000 Y139.747300 Z-0.125000
G01 X109.079000 Y141.544300 Z-0.125000
G01 X109.307000 Y141.673600 Z-0.125000
G01 X109.477000 Y141.624300 Z-0.125000
G01 X109.527000 Y141.455600 Z-0.125000
G01 X109.397000 Y141.227100 Z-0.125000
G01 X107.539000 Y139.368900 Z-0.125000
G01 X107.396000 Y139.125800 Z-0.125000
G01 X107.413000 Y138.924900 Z-0.125000
G01 X107.550000 Y138.843200 Z-0.125000
G01 X107.764000 Y138.957900 Z-0.125000
G01 X109.699000 Y140.892600 Z-0.125000
G01 X109.922000 Y141.016200 Z-0.125000
G01 X110.079000 Y140.954300 Z-0.125000
G01 X110.116000 Y140.773100 Z-0.125000
G01 X109.982000 Y140.539000 Z-0.125000
G01 X107.957000 Y138.514500 Z-0.125000
G01 X107.803000 Y138.260800 Z-0.125000
G01 X107.797000 Y138.036600 Z-0.125000
G01 X107.911000 Y137.931700 Z-0.125000
G01 X108.114000 Y138.035800 Z-0.125000
G01 X110.247000 Y140.167900 Z-0.125000
G01 X110.464000 Y140.285900 Z-0.125000
G01 X110.608000 Y140.211500 Z-0.125000
G01 X110.633000 Y140.017900 Z-0.125000
G01 X110.493000 Y139.778100 Z-0.125000
G01 X108.239000 Y137.524700 Z-0.125000
G01 X108.047000 Y137.014600 Z-0.125000
G01 X108.139000 Y136.887600 Z-0.125000
G01 X108.332000 Y136.981600 Z-0.125000
G01 X110.719000 Y139.368200 Z-0.125000
G01 X110.930000 Y139.479900 Z-0.125000
G01 X111.061000 Y139.391800 Z-0.125000
G01 X111.072000 Y139.184500 Z-0.125000
G01 X110.925000 Y138.938400 Z-0.125000
G01 X108.394000 Y136.406600 Z-0.125000
G01 X108.168000 Y135.862500 Z-0.125000
G01 X108.236000 Y135.712100 Z-0.125000
G01 X108.419000 Y135.795500 Z-0.125000
G01 X111.114000 Y138.491300 Z-0.125000
G01 X111.318000 Y138.595600 Z-0.125000
G01 X111.432000 Y138.491300 Z-0.125000
G01 X111.428000 Y138.267700 Z-0.125000
G01 X111.274000 Y138.014300 Z-0.125000
G01 X108.385000 Y135.125800 Z-0.125000
G01 X108.119000 Y134.541900 Z-0.125000
G01 X108.160000 Y134.364200 Z-0.125000
G01 X108.331000 Y134.435200 Z-0.125000
G01 X111.410000 Y137.515100 Z-0.125000
G01 X111.606000 Y137.611800 Z-0.125000
G01 X111.704000 Y137.490400 Z-0.125000
G01 X111.520000 Y136.988600 Z-0.125000
G01 X107.652000 Y133.120200 Z-0.125000
G00 Z5.000000

(End cutting path id: path44)


(Start cutting path id: path44)
(Change tool to Default tool)

G00 Z5.000000
G00 X95.528700 Y143.260900

G01 Z-0.125000 F100.0(Penetrate)
G01 X91.377800 Y139.110000 Z-0.125000 F400.000000
G01 X91.337500 Y138.970300 Z-0.125000
G01 X91.582700 Y138.996800 Z-0.125000
G01 X92.264600 Y139.360700 Z-0.125000
G01 X96.184100 Y143.280200 Z-0.125000
G01 X96.879700 Y143.657800 Z-0.125000
G01 X97.134400 Y143.693700 Z-0.125000
G01 X97.098300 Y143.558300 Z-0.125000
G01 X93.225200 Y139.685200 Z-0.125000
G01 X93.182600 Y139.543200 Z-0.125000
G01 X93.422800 Y139.564800 Z-0.125000
G01 X94.097500 Y139.921400 Z-0.125000
G01 X98.037800 Y143.861700 Z-0.125000
G01 X98.764400 Y144.270300 Z-0.125000
G01 X99.040300 Y144.327500 Z-0.125000
G01 X99.014000 Y144.201700 Z-0.125000
G01 X94.953800 Y140.141600 Z-0.125000
G01 X94.906700 Y139.995100 Z-0.125000
G01 X95.137200 Y140.007000 Z-0.125000
G01 X95.797800 Y140.349500 Z-0.125000
G01 X100.445000 Y144.996800 Z-0.125000
G00 Z5.000000

(End cutting path id: path44)


(Start cutting path id: path44)
(Change tool to Default tool)

G00 Z5.000000
G00 X94.032200 Y142.994400

G01 Z-0.125000 F100.0(Penetrate)
G01 X97.733800 Y144.059800 Z-0.125000 F400.000000
G01 X100.187000 Y144.975600 Z-0.125000
G01 X101.334000 Y145.720400 Z-0.125000
G01 X102.250000 Y146.627500 Z-0.125000
G01 X102.925000 Y147.659100 Z-0.125000
G01 X103.349000 Y148.777700 Z-0.125000
G01 X103.513000 Y149.945700 Z-0.125000
G01 X103.407000 Y151.125300 Z-0.125000
G01 X103.022000 Y152.279000 Z-0.125000
G01 X102.347000 Y153.369100 Z-0.125000
G01 X101.622000 Y154.154900 Z-0.125000
G01 X100.823000 Y154.601100 Z-0.125000
G01 X99.687200 Y154.794400 Z-0.125000
G01 X97.952700 Y154.821100 Z-0.125000
G01 X94.430100 Y154.419100 Z-0.125000
G01 X90.481300 Y153.511600 Z-0.125000
G01 X88.212400 Y152.794200 Z-0.125000
G01 X86.949200 Y152.235700 Z-0.125000
G01 X86.426100 Y151.668800 Z-0.125000
G01 X86.377400 Y150.925900 Z-0.125000
G01 X86.849400 Y148.751900 Z-0.125000
G01 X87.717800 Y145.706000 Z-0.125000
G01 X88.613200 Y142.994200 Z-0.125000
G01 X89.166300 Y141.822300 Z-0.125000
G01 X94.032200 Y142.994400 Z-0.125000
G01 X94.032200 Y142.994400 Z-0.125000
G00 Z5.000000

(End cutting path id: path44)


(Start cutting path id: path44)
(Change tool to Default tool)

G00 Z5.000000
G00 X86.227400 Y151.134900

G01 Z-0.125000 F100.0(Penetrate)
G01 X83.303600 Y148.211100 Z-0.125000 F400.000000
G01 X83.135200 Y147.724700 Z-0.125000
G01 X83.243100 Y147.613900 Z-0.125000
G01 X83.444000 Y147.715400 Z-0.125000
G01 X86.059600 Y150.331000 Z-0.125000
G01 X86.254900 Y150.426900 Z-0.125000
G01 X86.350500 Y150.303800 Z-0.125000
G01 X86.164200 Y149.799500 Z-0.125000
G01 X83.584300 Y147.219600 Z-0.125000
G01 X83.416000 Y146.733200 Z-0.125000
G01 X83.523900 Y146.622500 Z-0.125000
G01 X83.724700 Y146.723900 Z-0.125000
G01 X86.283000 Y149.282200 Z-0.125000
G01 X86.481600 Y149.381400 Z-0.125000
G01 X86.584600 Y149.265800 Z-0.125000
G01 X86.409100 Y148.772200 Z-0.125000
G01 X83.867000 Y146.230100 Z-0.125000
G01 X83.699600 Y145.744700 Z-0.125000
G01 X83.808200 Y145.634600 Z-0.125000
G01 X84.009300 Y145.736300 Z-0.125000
G01 X86.539800 Y148.266800 Z-0.125000
G01 X86.739700 Y148.367300 Z-0.125000
G01 X86.845500 Y148.254400 Z-0.125000
G01 X86.674000 Y147.764900 Z-0.125000
G01 X84.151700 Y145.242600 Z-0.125000
G01 X83.984300 Y144.757100 Z-0.125000
G01 X84.092800 Y144.647000 Z-0.125000
G01 X84.294000 Y144.748800 Z-0.125000
G01 X86.813000 Y147.267800 Z-0.125000
G01 X87.014000 Y147.369400 Z-0.125000
G01 X87.122400 Y147.259200 Z-0.125000
G01 X86.954800 Y146.773500 Z-0.125000
G01 X84.438000 Y144.256700 Z-0.125000
G01 X84.271700 Y143.772400 Z-0.125000
G01 X84.381000 Y143.663000 Z-0.125000
G01 X84.582500 Y143.765100 Z-0.125000
G01 X87.100000 Y146.282600 Z-0.125000
G01 X87.301600 Y146.384800 Z-0.125000
G01 X87.411200 Y146.275700 Z-0.125000
G01 X87.245300 Y145.791800 Z-0.125000
G01 X84.727000 Y143.273500 Z-0.125000
G01 X84.560700 Y142.789200 Z-0.125000
G01 X84.670000 Y142.679800 Z-0.125000
G01 X84.871500 Y142.781900 Z-0.125000
G01 X87.392100 Y145.302500 Z-0.125000
G01 X87.594600 Y145.405600 Z-0.125000
G01 X87.706200 Y145.298600 Z-0.125000
G01 X87.543300 Y144.817500 Z-0.125000
G01 X85.016000 Y142.290300 Z-0.125000
G01 X84.849700 Y141.806000 Z-0.125000
G01 X84.959000 Y141.696600 Z-0.125000
G01 X85.160500 Y141.798700 Z-0.125000
G01 X87.697400 Y144.335600 Z-0.125000
G01 X87.900700 Y144.439500 Z-0.125000
G01 X88.014100 Y144.334300 Z-0.125000
G01 X88.008300 Y144.109700 Z-0.125000
G01 X87.853800 Y143.855900 Z-0.125000
G01 X85.305000 Y141.307100 Z-0.125000
G01 X85.138700 Y140.822800 Z-0.125000
G01 X85.248000 Y140.713400 Z-0.125000
G01 X85.449500 Y140.815500 Z-0.125000
G01 X88.014100 Y143.380100 Z-0.125000
G01 X88.218900 Y143.485500 Z-0.125000
G01 X88.335400 Y143.383400 Z-0.125000
G01 X88.332700 Y143.162000 Z-0.125000
G01 X88.179700 Y142.909600 Z-0.125000
G01 X85.594000 Y140.323900 Z-0.125000
G01 X85.428400 Y139.840300 Z-0.125000
G01 X85.538200 Y139.731400 Z-0.125000
G01 X85.739900 Y139.833700 Z-0.125000
G01 X88.351500 Y142.445300 Z-0.125000
G01 X88.559000 Y142.553400 Z-0.125000
G01 X88.681600 Y142.457400 Z-0.125000
G01 X88.685000 Y142.242000 Z-0.125000
G01 X88.534700 Y141.992400 Z-0.125000
G01 X85.886900 Y139.344600 Z-0.125000
G01 X85.721900 Y138.861500 Z-0.125000
G01 X85.832000 Y138.753000 Z-0.125000
G01 X86.033900 Y138.855500 Z-0.125000
G01 X88.748900 Y141.570500 Z-0.125000
G01 X89.284000 Y141.787600 Z-0.125000
G01 X89.428300 Y141.713200 Z-0.125000
G01 X89.342100 Y141.527500 Z-0.125000
G01 X86.180900 Y138.366300 Z-0.125000
G01 X86.015800 Y137.883200 Z-0.125000
G01 X86.126000 Y137.774700 Z-0.125000
G01 X86.327800 Y137.877200 Z-0.125000
G01 X90.173000 Y141.722400 Z-0.125000
G01 X90.830700 Y142.062000 Z-0.125000
G01 X91.059200 Y142.071800 Z-0.125000
G01 X91.011200 Y141.924500 Z-0.125000
G01 X86.474800 Y137.388100 Z-0.125000
G01 X86.309700 Y136.905000 Z-0.125000
G01 X86.419900 Y136.796500 Z-0.125000
G01 X86.621800 Y136.898900 Z-0.125000
G01 X91.908300 Y142.185500 Z-0.125000
G01 X92.544400 Y142.503500 Z-0.125000
G01 X92.758000 Y142.498400 Z-0.125000
G01 X92.703300 Y142.344400 Z-0.125000
G01 X86.768700 Y136.409800 Z-0.125000
G01 X86.603700 Y135.926700 Z-0.125000
G01 X86.713800 Y135.818200 Z-0.125000
G01 X86.915700 Y135.920700 Z-0.125000
G01 X93.554000 Y142.558900 Z-0.125000
G01 X94.222500 Y142.909400 Z-0.125000
G01 X94.458500 Y142.926700 Z-0.125000
G01 X94.414000 Y142.782800 Z-0.125000
G01 X87.062800 Y135.431600 Z-0.125000
G01 X86.898700 Y134.949500 Z-0.125000
G01 X87.009500 Y134.841700 Z-0.125000
G01 X87.211700 Y134.944500 Z-0.125000
G01 X89.986100 Y137.718800 Z-0.125000
G01 X90.168800 Y137.802200 Z-0.125000
G01 X90.237000 Y137.651700 Z-0.125000
G01 X90.010800 Y137.107500 Z-0.125000
G01 X87.360600 Y134.457300 Z-0.125000
G01 X87.196500 Y133.975100 Z-0.125000
G01 X87.307400 Y133.867300 Z-0.125000
G01 X87.509500 Y133.970100 Z-0.125000
G01 X90.089200 Y136.549800 Z-0.125000
G01 X90.283900 Y136.645100 Z-0.125000
G01 X90.378400 Y136.520900 Z-0.125000
G01 X90.190400 Y136.014900 Z-0.125000
G01 X87.658500 Y133.482900 Z-0.125000
G01 X87.494700 Y133.001100 Z-0.125000
G01 X87.605800 Y132.893600 Z-0.125000
G01 X87.808100 Y132.996500 Z-0.125000
G01 X90.305200 Y135.493600 Z-0.125000
G01 X90.504200 Y135.593200 Z-0.125000
G01 X90.607900 Y135.478200 Z-0.125000
G01 X90.433500 Y134.985800 Z-0.125000
G01 X87.958600 Y132.510800 Z-0.125000
G01 X87.795300 Y132.029500 Z-0.125000
G01 X87.906600 Y131.922200 Z-0.125000
G01 X88.109100 Y132.025200 Z-0.125000
G01 X90.562500 Y134.478700 Z-0.125000
G01 X90.762100 Y134.578800 Z-0.125000
G01 X90.867200 Y134.465200 Z-0.125000
G01 X90.694700 Y133.974800 Z-0.125000
G01 X88.259500 Y131.539600 Z-0.125000
G01 X88.096400 Y131.058400 Z-0.125000
G01 X88.207900 Y130.951200 Z-0.125000
G01 X88.410400 Y131.054300 Z-0.125000
G01 X90.834100 Y133.478000 Z-0.125000
G01 X91.034900 Y133.579400 Z-0.125000
G01 X91.142700 Y133.468600 Z-0.125000
G01 X90.974300 Y132.982200 Z-0.125000
G01 X88.562800 Y130.570600 Z-0.125000
G01 X88.400500 Y130.090300 Z-0.125000
G01 X88.512500 Y129.983600 Z-0.125000
G01 X88.715200 Y130.087000 Z-0.125000
G01 X91.115900 Y132.487600 Z-0.125000
G01 X91.317700 Y132.590100 Z-0.125000
G01 X91.427800 Y132.481400 Z-0.125000
G01 X91.262500 Y131.998200 Z-0.125000
G01 X88.867700 Y129.603300 Z-0.125000
G01 X88.705700 Y129.123300 Z-0.125000
G01 X88.818100 Y129.017000 Z-0.125000
G01 X89.020900 Y129.120400 Z-0.125000
G01 X91.409200 Y131.508700 Z-0.125000
G01 X91.612200 Y131.612300 Z-0.125000
G01 X91.724800 Y131.506300 Z-0.125000
G01 X91.563300 Y131.026700 Z-0.125000
G01 X89.176000 Y128.639500 Z-0.125000
G01 X89.021400 Y128.385500 Z-0.125000
G01 X89.015100 Y128.160500 Z-0.125000
G01 X89.128000 Y128.054800 Z-0.125000
G01 X89.331200 Y128.158600 Z-0.125000
G01 X91.716900 Y130.544300 Z-0.125000
G01 X91.921000 Y130.649000 Z-0.125000
G01 X92.036100 Y130.545500 Z-0.125000
G01 X92.032000 Y130.322700 Z-0.125000
G01 X91.878300 Y130.069600 Z-0.125000
G01 X89.486000 Y127.677300 Z-0.125000
G01 X89.332000 Y127.423900 Z-0.125000
G01 X89.327200 Y127.200400 Z-0.125000
G01 X89.441600 Y127.096200 Z-0.125000
G01 X89.645500 Y127.200600 Z-0.125000
G01 X92.040900 Y129.596100 Z-0.125000
G01 X92.246400 Y129.702200 Z-0.125000
G01 X92.364400 Y129.601600 Z-0.125000
G01 X92.363200 Y129.381700 Z-0.125000
G01 X92.210900 Y129.130000 Z-0.125000
G01 X89.804900 Y126.724000 Z-0.125000
G01 X89.651200 Y126.470900 Z-0.125000
G01 X89.646800 Y126.247900 Z-0.125000
G01 X89.761800 Y126.144100 Z-0.125000
G01 X89.965800 Y126.248800 Z-0.125000
G01 X92.386600 Y128.669600 Z-0.125000
G01 X92.593800 Y128.777400 Z-0.125000
G01 X92.715900 Y128.680800 Z-0.125000
G01 X92.718600 Y128.464900 Z-0.125000
G01 X92.568100 Y128.215000 Z-0.125000
G01 X90.133400 Y125.780300 Z-0.125000
G01 X89.981300 Y125.528800 Z-0.125000
G01 X89.980500 Y125.309400 Z-0.125000
G01 X90.099100 Y125.209200 Z-0.125000
G01 X90.304800 Y125.315500 Z-0.125000
G01 X92.768300 Y127.779100 Z-0.125000
G01 X92.985000 Y127.896400 Z-0.125000
G01 X93.127800 Y127.820500 Z-0.125000
G01 X93.151300 Y127.625300 Z-0.125000
G01 X93.010200 Y127.384800 Z-0.125000
G01 X90.526400 Y124.901100 Z-0.125000
G01 X90.391200 Y124.666500 Z-0.125000
G01 X90.427800 Y124.484400 Z-0.125000
G01 X90.583700 Y124.421600 Z-0.125000
G01 X90.806300 Y124.544900 Z-0.125000
G01 X93.643900 Y127.382500 Z-0.125000
G01 X94.269300 Y127.689900 Z-0.125000
G01 X94.475700 Y127.677500 Z-0.125000
G01 X94.417700 Y127.520200 Z-0.125000
G01 X91.148800 Y124.251300 Z-0.125000
G01 X91.037200 Y124.040300 Z-0.125000
G01 X91.125500 Y123.909900 Z-0.125000
G01 X91.333000 Y123.898800 Z-0.125000
G01 X91.579200 Y124.045500 Z-0.125000
G01 X95.248400 Y127.714800 Z-0.125000
G01 X95.907400 Y128.055800 Z-0.125000
G01 X96.136900 Y128.066500 Z-0.125000
G01 X96.089400 Y127.919700 Z-0.125000
G01 X92.266100 Y124.096400 Z-0.125000
G01 X92.206900 Y123.937800 Z-0.125000
G01 X92.410500 Y123.922700 Z-0.125000
G01 X93.031900 Y124.226100 Z-0.125000
G01 X96.939900 Y128.134000 Z-0.125000
G01 X97.605700 Y128.481800 Z-0.125000
G01 X97.839800 Y128.497300 Z-0.125000
G01 X97.794500 Y128.352500 Z-0.125000
G01 X93.838600 Y124.396700 Z-0.125000
G01 X93.789900 Y124.248600 Z-0.125000
G01 X94.016800 Y124.256800 Z-0.125000
G01 X94.672000 Y124.593900 Z-0.125000
G01 X98.658100 Y128.580000 Z-0.125000
G01 X99.330700 Y128.934600 Z-0.125000
G01 X99.569500 Y128.954800 Z-0.125000
G01 X99.526300 Y128.812100 Z-0.125000
G01 X95.521000 Y124.806800 Z-0.125000
G01 X95.467800 Y124.654300 Z-0.125000
G01 X95.684900 Y124.652700 Z-0.125000
G01 X96.325800 Y124.975600 Z-0.125000
G01 X100.413000 Y129.063200 Z-0.125000
G01 X101.103000 Y129.434700 Z-0.125000
G01 X101.353000 Y129.466400 Z-0.125000
G01 X101.315000 Y129.329100 Z-0.125000
G01 X97.259400 Y125.273100 Z-0.125000
G01 X97.219400 Y125.133600 Z-0.125000
G01 X97.465200 Y125.160800 Z-0.125000
G01 X98.148000 Y125.525500 Z-0.125000
G01 X102.238000 Y129.615500 Z-0.125000
G01 X102.960000 Y130.019300 Z-0.125000
G01 X103.232000 Y130.073300 Z-0.125000
G01 X103.205000 Y129.946000 Z-0.125000
G01 X98.981300 Y125.722700 Z-0.125000
G01 X98.954200 Y125.596300 Z-0.125000
G01 X99.228600 Y125.652000 Z-0.125000
G01 X99.953000 Y126.058400 Z-0.125000
G01 X104.495000 Y130.600400 Z-0.125000
G00 Z5.000000

(End cutting path id: path44)


(Start cutting path id: path44)
(Change tool to Default tool)

G00 Z5.000000
G00 X83.377400 Y154.645900

G01 Z-0.125000 F100.0(Penetrate)
G01 X82.103100 Y153.371600 Z-0.125000 F400.000000
G01 X81.863700 Y152.814200 Z-0.125000
G01 X81.922700 Y152.654600 Z-0.125000
G01 X82.101400 Y152.733800 Z-0.125000
G01 X84.160200 Y154.792600 Z-0.125000
G01 X84.886400 Y155.200800 Z-0.125000
G01 X85.162100 Y155.257800 Z-0.125000
G01 X85.135500 Y155.131900 Z-0.125000
G01 X82.230500 Y152.226800 Z-0.125000
G01 X82.054200 Y151.732500 Z-0.125000
G01 X82.156600 Y151.616300 Z-0.125000
G01 X82.355000 Y151.715300 Z-0.125000
G01 X86.065400 Y155.425700 Z-0.125000
G01 X86.756200 Y155.798400 Z-0.125000
G01 X87.007500 Y155.831100 Z-0.125000
G01 X86.969900 Y155.694100 Z-0.125000
G01 X82.484200 Y151.208400 Z-0.125000
G01 X82.312300 Y150.718400 Z-0.125000
G01 X82.417800 Y150.605200 Z-0.125000
G01 X82.617500 Y150.705600 Z-0.125000
G01 X87.859700 Y155.947800 Z-0.125000
G01 X88.538600 Y156.308600 Z-0.125000
G01 X88.781700 Y156.333000 Z-0.125000
G01 X88.740300 Y156.192300 Z-0.125000
G01 X82.750700 Y150.202700 Z-0.125000
G01 X82.581000 Y149.714900 Z-0.125000
G01 X82.688000 Y149.603200 Z-0.125000
G01 X82.888400 Y149.704300 Z-0.125000
G01 X89.611900 Y156.427800 Z-0.125000
G01 X90.283800 Y156.781600 Z-0.125000
G01 X90.522100 Y156.801200 Z-0.125000
G01 X90.478600 Y156.658400 Z-0.125000
G01 X83.026100 Y149.205800 Z-0.125000
G01 X82.856400 Y148.718100 Z-0.125000
G01 X82.963400 Y148.606400 Z-0.125000
G01 X83.163800 Y148.707400 Z-0.125000
G01 X91.333500 Y156.877200 Z-0.125000
G01 X91.992300 Y157.217900 Z-0.125000
G01 X92.221500 Y157.228500 Z-0.125000
G01 X92.173900 Y157.081500 Z-0.125000
G01 X88.115100 Y153.022600 Z-0.125000
G01 X88.094300 Y152.902400 Z-0.125000
G01 X88.382400 Y152.971900 Z-0.125000
G01 X89.126900 Y153.398300 Z-0.125000
G01 X92.998500 Y157.270000 Z-0.125000
G01 X93.640800 Y157.594200 Z-0.125000
G01 X93.858800 Y157.593500 Z-0.125000
G01 X93.806100 Y157.441400 Z-0.125000
G01 X90.048500 Y153.683900 Z-0.125000
G01 X90.011500 Y153.547500 Z-0.125000
G01 X90.264000 Y153.581300 Z-0.125000
G01 X90.956600 Y153.955800 Z-0.125000
G01 X94.623000 Y157.622300 Z-0.125000
G01 X95.232900 Y157.914100 Z-0.125000
G01 X95.428500 Y157.891100 Z-0.125000
G01 X95.365700 Y157.728800 Z-0.125000
G01 X91.823400 Y154.186500 Z-0.125000
G01 X91.775800 Y154.039600 Z-0.125000
G01 X92.005300 Y154.050400 Z-0.125000
G01 X92.664300 Y154.391300 Z-0.125000
G01 X96.111900 Y157.838900 Z-0.125000
G01 X96.712300 Y158.121300 Z-0.125000
G01 X96.901500 Y158.091800 Z-0.125000
G01 X96.835700 Y157.926600 Z-0.125000
G01 X93.472000 Y154.562900 Z-0.125000
G01 X93.416300 Y154.407800 Z-0.125000
G01 X93.627700 Y154.400600 Z-0.125000
G01 X94.260600 Y154.715400 Z-0.125000
G01 X97.535900 Y157.990700 Z-0.125000
G01 X98.112300 Y158.249100 Z-0.125000
G01 X98.284900 Y158.203000 Z-0.125000
G01 X98.211600 Y158.030300 Z-0.125000
G01 X95.031700 Y154.850400 Z-0.125000
G01 X94.964900 Y154.684200 Z-0.125000
G01 X95.152000 Y154.652700 Z-0.125000
G01 X95.749400 Y154.932000 Z-0.125000
G01 X98.882600 Y158.065200 Z-0.125000
G01 X99.422900 Y158.287500 Z-0.125000
G01 X99.570800 Y158.216700 Z-0.125000
G01 X99.486200 Y158.032700 Z-0.125000
G01 X96.518700 Y155.065300 Z-0.125000
G01 X96.450700 Y154.897800 Z-0.125000
G01 X96.634800 Y154.863300 Z-0.125000
G01 X97.228000 Y155.138400 Z-0.125000
G01 X100.080000 Y157.990500 Z-0.125000
G01 X100.602000 Y158.194400 Z-0.125000
G01 X100.737000 Y158.111000 Z-0.125000
G01 X100.647000 Y157.921300 Z-0.125000
G01 X97.911300 Y155.185600 Z-0.125000
G01 X97.832900 Y155.007800 Z-0.125000
G01 X97.994400 Y154.950600 Z-0.125000
G01 X98.554500 Y155.192700 Z-0.125000
G01 X101.187000 Y157.825200 Z-0.125000
G01 X101.683000 Y158.003300 Z-0.125000
G01 X101.801000 Y157.902100 Z-0.125000
G01 X101.702000 Y157.704400 Z-0.125000
G01 X99.191900 Y155.194100 Z-0.125000
G01 X99.108900 Y155.011600 Z-0.125000
G01 X99.260200 Y154.944300 Z-0.125000
G01 X99.805500 Y155.171600 Z-0.125000
G01 X102.185000 Y157.550900 Z-0.125000
G01 X102.435000 Y157.701800 Z-0.125000
G01 X102.652000 Y157.699800 Z-0.125000
G01 X102.749000 Y157.578500 Z-0.125000
G01 X102.642000 Y157.371600 Z-0.125000
G01 X100.389000 Y155.118700 Z-0.125000
G01 X100.292000 Y154.922100 Z-0.125000
G01 X100.412000 Y154.823600 Z-0.125000
G01 X100.912000 Y155.005600 Z-0.125000
G01 X103.073000 Y157.167300 Z-0.125000
G01 X103.316000 Y157.310500 Z-0.125000
G01 X103.516000 Y157.291600 Z-0.125000
G01 X103.596000 Y157.153500 Z-0.125000
G01 X103.481000 Y156.938900 Z-0.125000
G01 X101.391000 Y154.849000 Z-0.125000
G01 X101.275000 Y154.633200 Z-0.125000
G01 X101.353000 Y154.492600 Z-0.125000
G01 X101.550000 Y154.471200 Z-0.125000
G01 X101.792000 Y154.613300 Z-0.125000
G01 X103.866000 Y156.687300 Z-0.125000
G01 X104.101000 Y156.823500 Z-0.125000
G01 X104.286000 Y156.789100 Z-0.125000
G01 X104.351000 Y156.635500 Z-0.125000
G01 X104.228000 Y156.413900 Z-0.125000
G01 X102.136000 Y154.321800 Z-0.125000
G01 X102.005000 Y154.091200 Z-0.125000
G01 X102.050000 Y153.917800 Z-0.125000
G01 X102.215000 Y153.863700 Z-0.125000
G01 X102.442000 Y153.991000 Z-0.125000
G01 X104.568000 Y156.117600 Z-0.125000
G01 X104.797000 Y156.247200 Z-0.125000
G01 X104.967000 Y156.198500 Z-0.125000
G01 X105.018000 Y156.030500 Z-0.125000
G01 X104.889000 Y155.802300 Z-0.125000
G01 X102.726000 Y153.639700 Z-0.125000
G01 X102.589000 Y153.402600 Z-0.125000
G01 X102.620000 Y153.214900 Z-0.125000
G01 X102.770000 Y153.146500 Z-0.125000
G01 X102.990000 Y153.267200 Z-0.125000
G01 X105.192000 Y155.469400 Z-0.125000
G01 X105.416000 Y155.593700 Z-0.125000
G01 X105.574000 Y155.533300 Z-0.125000
G01 X105.613000 Y155.353600 Z-0.125000
G01 X105.479000 Y155.120100 Z-0.125000
G01 X103.230000 Y152.871100 Z-0.125000
G01 X103.083000 Y152.625200 Z-0.125000
G01 X103.095000 Y152.418000 Z-0.125000
G01 X103.226000 Y152.330200 Z-0.125000
G01 X103.437000 Y152.442100 Z-0.125000
G01 X105.751000 Y154.755800 Z-0.125000
G01 X105.970000 Y154.875500 Z-0.125000
G01 X106.118000 Y154.804900 Z-0.125000
G01 X106.147000 Y154.615000 Z-0.125000
G01 X106.008000 Y154.376900 Z-0.125000
G01 X103.615000 Y151.984100 Z-0.125000
G01 X103.445000 Y151.496200 Z-0.125000
G01 X103.552000 Y151.384500 Z-0.125000
G01 X103.753000 Y151.485400 Z-0.125000
G01 X106.240000 Y153.972600 Z-0.125000
G01 X106.451000 Y154.084400 Z-0.125000
G01 X106.582000 Y153.996300 Z-0.125000
G01 X106.593000 Y153.789000 Z-0.125000
G01 X106.446000 Y153.543000 Z-0.125000
G01 X103.846000 Y150.942900 Z-0.125000
G01 X103.626000 Y150.404900 Z-0.125000
G01 X103.699000 Y150.258700 Z-0.125000
G01 X103.883000 Y150.344000 Z-0.125000
G01 X106.623000 Y153.084000 Z-0.125000
G01 X106.826000 Y153.187000 Z-0.125000
G01 X106.937000 Y153.079600 Z-0.125000
G01 X106.774000 Y152.598100 Z-0.125000
G01 X103.842000 Y149.666400 Z-0.125000
G01 X103.493000 Y148.999600 Z-0.125000
G01 X103.477000 Y148.764900 Z-0.125000
G01 X103.622000 Y148.809900 Z-0.125000
G01 X106.897000 Y152.085100 Z-0.125000
G01 X107.089000 Y152.178300 Z-0.125000
G01 X107.179000 Y152.049500 Z-0.125000
G01 X106.984000 Y151.536800 Z-0.125000
G01 X102.906000 Y147.458600 Z-0.125000
G00 Z5.000000

(End cutting path id: path44)


(Start cutting path id: path44)
(Change tool to Default tool)

G00 Z5.000000
G00 X114.525000 Y162.257500

G01 Z-0.125000 F100.0(Penetrate)
G01 X114.309000 Y162.041600 Z-0.125000 F400.000000
G01 X113.974000 Y161.389200 Z-0.125000
G01 X113.947000 Y161.143100 Z-0.125000
G01 X114.072000 Y161.168700 Z-0.125000
G01 X115.191000 Y162.287800 Z-0.125000
G01 X115.735000 Y162.514000 Z-0.125000
G01 X115.886000 Y162.446000 Z-0.125000
G01 X115.803000 Y162.263300 Z-0.125000
G01 X114.129000 Y160.589200 Z-0.125000
G01 X113.935000 Y160.077300 Z-0.125000
G01 X114.025000 Y159.949000 Z-0.125000
G01 X114.218000 Y160.042500 Z-0.125000
G01 X116.260000 Y162.084500 Z-0.125000
G01 X116.488000 Y162.212900 Z-0.125000
G01 X116.655000 Y162.161400 Z-0.125000
G01 X116.703000 Y161.990700 Z-0.125000
G01 X116.573000 Y161.761200 Z-0.125000
G01 X114.295000 Y159.483200 Z-0.125000
G01 X114.098000 Y158.968300 Z-0.125000
G01 X114.186000 Y158.837900 Z-0.125000
G01 X114.378000 Y158.930500 Z-0.125000
G01 X116.741000 Y161.293500 Z-0.125000
G01 X116.943000 Y161.395500 Z-0.125000
G01 X117.052000 Y161.285800 Z-0.125000
G01 X116.885000 Y160.801100 Z-0.125000
G01 X114.463000 Y158.379300 Z-0.125000
G01 X114.267000 Y157.865000 Z-0.125000
G01 X114.356000 Y157.735100 Z-0.125000
G01 X114.548000 Y157.827800 Z-0.125000
G01 X117.016000 Y160.295700 Z-0.125000
G01 X117.214000 Y160.394500 Z-0.125000
G01 X117.316000 Y160.277900 Z-0.125000
G01 X117.139000 Y159.783000 Z-0.125000
G01 X114.637000 Y157.280800 Z-0.125000
G01 X114.443000 Y156.768700 Z-0.125000
G01 X114.533000 Y156.640300 Z-0.125000
G01 X114.726000 Y156.733800 Z-0.125000
G01 X117.258000 Y159.265700 Z-0.125000
G01 X117.455000 Y159.363300 Z-0.125000
G01 X117.554000 Y159.243900 Z-0.125000
G01 X117.373000 Y158.745000 Z-0.125000
G01 X114.815000 Y156.186700 Z-0.125000
G01 X114.621000 Y155.675100 Z-0.125000
G01 X114.712000 Y155.547100 Z-0.125000
G01 X114.905000 Y155.640600 Z-0.125000
G01 X117.484000 Y158.219500 Z-0.125000
G01 X117.680000 Y158.315900 Z-0.125000
G01 X117.777000 Y158.194200 Z-0.125000
G01 X117.592000 Y157.691900 Z-0.125000
G01 X114.997000 Y155.096200 Z-0.125000
G01 X114.804000 Y154.585500 Z-0.125000
G01 X114.895000 Y154.458000 Z-0.125000
G01 X115.088000 Y154.551800 Z-0.125000
G01 X117.697000 Y157.160300 Z-0.125000
G01 X117.892000 Y157.256100 Z-0.125000
G01 X117.988000 Y157.133000 Z-0.125000
G01 X117.801000 Y156.628600 Z-0.125000
G01 X115.180000 Y154.007400 Z-0.125000
G01 X114.988000 Y153.496900 Z-0.125000
G01 X115.079000 Y153.369500 Z-0.125000
G01 X115.272000 Y153.463400 Z-0.125000
G01 X117.906000 Y156.096900 Z-0.125000
G01 X118.100000 Y156.192300 Z-0.125000
G01 X118.195000 Y156.068100 Z-0.125000
G01 X118.007000 Y155.562200 Z-0.125000
G01 X115.366000 Y152.920900 Z-0.125000
G01 X115.174000 Y152.411100 Z-0.125000
G01 X115.266000 Y152.284300 Z-0.125000
G01 X115.459000 Y152.378400 Z-0.125000
G01 X118.105000 Y155.024400 Z-0.125000
G01 X118.300000 Y155.119300 Z-0.125000
G01 X118.393000 Y154.994100 Z-0.125000
G01 X118.204000 Y154.486600 Z-0.125000
G01 X115.553000 Y151.835900 Z-0.125000
G01 X115.361000 Y151.326100 Z-0.125000
G01 X115.453000 Y151.199200 Z-0.125000
G01 X115.646000 Y151.293300 Z-0.125000
G01 X118.302000 Y153.948800 Z-0.125000
G01 X118.497000 Y154.044700 Z-0.125000
G01 X118.593000 Y153.921800 Z-0.125000
G01 X118.407000 Y153.417700 Z-0.125000
G01 X115.742000 Y150.752300 Z-0.125000
G01 X115.551000 Y150.243600 Z-0.125000
G01 X115.643000 Y150.117500 Z-0.125000
G01 X115.837000 Y150.212000 Z-0.125000
G01 X118.493000 Y152.867700 Z-0.125000
G01 X118.687000 Y152.961800 Z-0.125000
G01 X118.778000 Y152.834900 Z-0.125000
G01 X118.586000 Y152.325000 Z-0.125000
G01 X115.933000 Y149.671700 Z-0.125000
G01 X115.742000 Y149.163000 Z-0.125000
G01 X115.835000 Y149.036900 Z-0.125000
G01 X116.029000 Y149.131400 Z-0.125000
G01 X118.680000 Y151.782300 Z-0.125000
G01 X118.873000 Y151.876400 Z-0.125000
G01 X118.965000 Y151.749500 Z-0.125000
G01 X118.773000 Y151.239600 Z-0.125000
G01 X116.125000 Y148.591000 Z-0.125000
G01 X115.934000 Y148.082300 Z-0.125000
G01 X116.027000 Y147.956200 Z-0.125000
G01 X116.221000 Y148.050700 Z-0.125000
G01 X118.866000 Y150.695800 Z-0.125000
G01 X119.058000 Y150.789200 Z-0.125000
G01 X119.149000 Y150.660800 Z-0.125000
G01 X118.955000 Y150.148800 Z-0.125000
G01 X116.316000 Y147.510400 Z-0.125000
G01 X116.126000 Y147.001700 Z-0.125000
G01 X116.218000 Y146.875600 Z-0.125000
G01 X116.412000 Y146.970100 Z-0.125000
G01 X119.044000 Y149.601900 Z-0.125000
G01 X119.237000 Y149.695400 Z-0.125000
G01 X119.327000 Y149.567000 Z-0.125000
G01 X119.133000 Y149.055000 Z-0.125000
G01 X116.508000 Y146.429800 Z-0.125000
G01 X116.317000 Y145.921000 Z-0.125000
G01 X116.410000 Y145.794800 Z-0.125000
G01 X116.604000 Y145.889200 Z-0.125000
G01 X119.222000 Y148.508100 Z-0.125000
G01 X119.415000 Y148.601500 Z-0.125000
G01 X119.505000 Y148.473100 Z-0.125000
G01 X119.312000 Y147.961100 Z-0.125000
G01 X116.702000 Y145.351500 Z-0.125000
G01 X116.513000 Y144.844100 Z-0.125000
G01 X116.606000 Y144.718900 Z-0.125000
G01 X116.800000 Y144.813800 Z-0.125000
G01 X119.400000 Y147.413400 Z-0.125000
G01 X119.593000 Y147.506700 Z-0.125000
G01 X119.683000 Y147.378000 Z-0.125000
G01 X119.488000 Y146.865500 Z-0.125000
G01 X116.899000 Y144.276100 Z-0.125000
G01 X116.709000 Y143.768700 Z-0.125000
G01 X116.803000 Y143.643500 Z-0.125000
G01 X116.997000 Y143.738400 Z-0.125000
G01 X119.576000 Y146.317700 Z-0.125000
G01 X119.769000 Y146.411000 Z-0.125000
G01 X119.859000 Y146.282300 Z-0.125000
G01 X119.665000 Y145.769900 Z-0.125000
G01 X117.096000 Y143.200700 Z-0.125000
G01 X116.906000 Y142.693300 Z-0.125000
G01 X117.000000 Y142.568100 Z-0.125000
G01 X117.194000 Y142.663000 Z-0.125000
G01 X119.753000 Y145.222000 Z-0.125000
G01 X119.946000 Y145.315700 Z-0.125000
G01 X120.037000 Y145.187700 Z-0.125000
G01 X119.843000 Y144.676300 Z-0.125000
G01 X117.292000 Y142.125300 Z-0.125000
G01 X117.103000 Y141.617900 Z-0.125000
G01 X117.197000 Y141.492700 Z-0.125000
G01 X117.391000 Y141.587600 Z-0.125000
G01 X119.934000 Y144.130600 Z-0.125000
G01 X120.127000 Y144.224200 Z-0.125000
G01 X120.218000 Y144.096200 Z-0.125000
G01 X120.024000 Y143.584800 Z-0.125000
G01 X117.489000 Y141.049900 Z-0.125000
G01 X117.300000 Y140.542700 Z-0.125000
G01 X117.394000 Y140.417700 Z-0.125000
G01 X117.588000 Y140.512600 Z-0.125000
G01 X120.115000 Y143.039100 Z-0.125000
G01 X120.308000 Y143.132900 Z-0.125000
G01 X120.399000 Y143.005200 Z-0.125000
G01 X120.206000 Y142.494200 Z-0.125000
G01 X117.689000 Y139.977200 Z-0.125000
G01 X117.501000 Y139.470900 Z-0.125000
G01 X117.595000 Y139.346400 Z-0.125000
G01 X117.789000 Y139.441700 Z-0.125000
G01 X120.298000 Y141.950700 Z-0.125000
G01 X120.492000 Y142.044700 Z-0.125000
G01 X120.583000 Y141.917500 Z-0.125000
G01 X120.391000 Y141.407300 Z-0.125000
G01 X117.890000 Y138.906200 Z-0.125000
G01 X117.702000 Y138.399900 Z-0.125000
G01 X117.796000 Y138.275500 Z-0.125000
G01 X117.991000 Y138.370700 Z-0.125000
G01 X120.484000 Y140.863800 Z-0.125000
G01 X120.677000 Y140.957800 Z-0.125000
G01 X120.769000 Y140.830600 Z-0.125000
G01 X120.577000 Y140.320400 Z-0.125000
G01 X118.093000 Y137.836700 Z-0.125000
G01 X117.906000 Y137.331400 Z-0.125000
G01 X118.000000 Y137.207600 Z-0.125000
G01 X118.195000 Y137.303100 Z-0.125000
G01 X120.672000 Y139.779800 Z-0.125000
G01 X120.866000 Y139.874200 Z-0.125000
G01 X120.958000 Y139.748000 Z-0.125000
G01 X120.767000 Y139.239100 Z-0.125000
G01 X118.298000 Y136.769600 Z-0.125000
G01 X118.111000 Y136.264300 Z-0.125000
G01 X118.206000 Y136.140600 Z-0.125000
G01 X118.401000 Y136.236100 Z-0.125000
G01 X120.863000 Y138.698300 Z-0.125000
G01 X121.057000 Y138.792900 Z-0.125000
G01 X121.150000 Y138.667000 Z-0.125000
G01 X120.959000 Y138.158700 Z-0.125000
G01 X118.505000 Y135.704400 Z-0.125000
G01 X118.319000 Y135.200500 Z-0.125000
G01 X118.415000 Y135.077700 Z-0.125000
G01 X118.610000 Y135.173600 Z-0.125000
G01 X121.058000 Y137.621500 Z-0.125000
G01 X121.253000 Y137.716500 Z-0.125000
G01 X121.346000 Y137.591500 Z-0.125000
G01 X121.157000 Y137.084300 Z-0.125000
G01 X118.716000 Y134.642900 Z-0.125000
G01 X118.530000 Y134.139400 Z-0.125000
G01 X118.626000 Y134.016800 Z-0.125000
G01 X118.822000 Y134.112900 Z-0.125000
G01 X121.266000 Y136.556800 Z-0.125000
G01 X121.460000 Y136.651200 Z-0.125000
G01 X121.552000 Y136.525100 Z-0.125000
G01 X121.361000 Y136.016400 Z-0.125000
G01 X118.932000 Y133.586600 Z-0.125000
G01 X118.748000 Y133.084900 Z-0.125000
G01 X118.845000 Y132.963600 Z-0.125000
G01 X119.041000 Y133.060300 Z-0.125000
G01 X121.466000 Y135.484800 Z-0.125000
G01 X121.662000 Y135.581400 Z-0.125000
G01 X121.759000 Y135.460000 Z-0.125000
G01 X121.575000 Y134.958200 Z-0.125000
G01 X119.154000 Y132.536600 Z-0.125000
G01 X118.974000 Y132.039200 Z-0.125000
G01 X119.075000 Y131.920900 Z-0.125000
G01 X119.272000 Y132.018900 Z-0.125000
G01 X121.694000 Y134.440700 Z-0.125000
G01 X121.905000 Y134.552400 Z-0.125000
G01 X122.036000 Y134.464200 Z-0.125000
G01 X122.047000 Y134.256800 Z-0.125000
G01 X121.900000 Y134.010700 Z-0.125000
G01 X119.402000 Y131.512600 Z-0.125000
G01 X119.269000 Y131.280300 Z-0.125000
G01 X119.311000 Y131.103300 Z-0.125000
G01 X119.472000 Y131.045500 Z-0.125000
G01 X119.697000 Y131.171100 Z-0.125000
G01 X122.454000 Y133.928100 Z-0.125000
G01 X123.017000 Y134.173900 Z-0.125000
G01 X123.182000 Y134.119300 Z-0.125000
G01 X123.104000 Y133.942700 Z-0.125000
G01 X120.143000 Y130.981500 Z-0.125000
G01 X120.047000 Y130.786400 Z-0.125000
G01 X120.171000 Y130.691100 Z-0.125000
G01 X120.675000 Y130.877800 Z-0.125000
G01 X123.783000 Y133.985600 Z-0.125000
G01 X124.370000 Y134.254600 Z-0.125000
G01 X124.550000 Y134.216000 Z-0.125000
G01 X124.480000 Y134.046600 Z-0.125000
G01 X121.326000 Y130.891800 Z-0.125000
G01 X121.258000 Y130.724600 Z-0.125000
G01 X121.442000 Y130.690600 Z-0.125000
G01 X122.036000 Y130.966400 Z-0.125000
G01 X125.191000 Y134.121100 Z-0.125000
G01 X125.793000 Y134.404600 Z-0.125000
G01 X125.983000 Y134.375900 Z-0.125000
G01 X125.917000 Y134.211100 Z-0.125000
G01 X122.753000 Y131.046800 Z-0.125000
G01 X122.686000 Y130.880400 Z-0.125000
G01 X122.872000 Y130.848400 Z-0.125000
G01 X123.469000 Y131.127100 Z-0.125000
G01 X126.653000 Y134.311200 Z-0.125000
G01 X127.263000 Y134.602500 Z-0.125000
G01 X127.458000 Y134.579200 Z-0.125000
G01 X127.395000 Y134.416800 Z-0.125000
G01 X124.189000 Y131.210500 Z-0.125000
G01 X124.123000 Y131.045000 Z-0.125000
G01 X124.311000 Y131.014900 Z-0.125000
G01 X124.911000 Y131.296400 Z-0.125000
G01 X128.139000 Y134.524300 Z-0.125000
G01 X128.745000 Y134.812600 Z-0.125000
G01 X128.938000 Y134.787200 Z-0.125000
G01 X128.874000 Y134.623900 Z-0.125000
G01 X125.633000 Y131.382400 Z-0.125000
G01 X125.567000 Y131.216900 Z-0.125000
G01 X125.755000 Y131.186800 Z-0.125000
G01 X126.355000 Y131.468300 Z-0.125000
G01 X129.607000 Y134.720000 Z-0.125000
G01 X130.210000 Y135.005000 Z-0.125000
G01 X130.401000 Y134.977300 Z-0.125000
G01 X130.336000 Y134.813000 Z-0.125000
G01 X127.080000 Y131.557200 Z-0.125000
G01 X127.014000 Y131.392200 Z-0.125000
G01 X127.204000 Y131.363300 Z-0.125000
G01 X127.805000 Y131.646400 Z-0.125000
G01 X131.058000 Y134.899700 Z-0.125000
G01 X131.657000 Y135.180000 Z-0.125000
G01 X131.845000 Y135.149200 Z-0.125000
G01 X131.778000 Y134.983300 Z-0.125000
G01 X128.530000 Y131.735500 Z-0.125000
G01 X128.465000 Y131.570600 Z-0.125000
G01 X128.654000 Y131.541600 Z-0.125000
G01 X129.256000 Y131.824700 Z-0.125000
G01 X132.495000 Y135.063600 Z-0.125000
G01 X133.088000 Y135.338800 Z-0.125000
G01 X133.272000 Y135.304400 Z-0.125000
G01 X133.204000 Y135.137000 Z-0.125000
G01 X129.983000 Y131.915900 Z-0.125000
G01 X129.918000 Y131.751400 Z-0.125000
G01 X130.108000 Y131.723300 Z-0.125000
G01 X130.711000 Y132.007700 Z-0.125000
G01 X133.908000 Y135.204600 Z-0.125000
G01 X134.494000 Y135.473000 Z-0.125000
G01 X134.674000 Y135.433800 Z-0.125000
G01 X134.603000 Y135.264200 Z-0.125000
G01 X131.439000 Y132.099600 Z-0.125000
G01 X131.374000 Y131.935000 Z-0.125000
G01 X131.564000 Y131.906900 Z-0.125000
G01 X132.167000 Y132.191400 Z-0.125000
G01 X135.288000 Y135.312200 Z-0.125000
G01 X135.866000 Y135.572100 Z-0.125000
G01 X136.039000 Y135.527200 Z-0.125000
G01 X135.966000 Y135.355000 Z-0.125000
G01 X132.896000 Y132.285000 Z-0.125000
G01 X132.832000 Y132.120900 Z-0.125000
G01 X133.023000 Y132.093900 Z-0.125000
G01 X133.627000 Y132.379800 Z-0.125000
G01 X136.625000 Y135.377900 Z-0.125000
G01 X137.188000 Y135.622900 Z-0.125000
G01 X137.352000 Y135.567700 Z-0.125000
G01 X137.275000 Y135.390800 Z-0.125000
G01 X134.358000 Y132.474600 Z-0.125000
G01 X134.294000 Y132.310500 Z-0.125000
G01 X134.485000 Y132.283500 Z-0.125000
G01 X135.089000 Y132.569400 Z-0.125000
G01 X137.765000 Y135.244800 Z-0.125000
G01 X137.988000 Y135.369100 Z-0.125000
G01 X138.147000 Y135.308700 Z-0.125000
G01 X138.186000 Y135.129100 Z-0.125000
G01 X138.051000 Y134.895600 Z-0.125000
G01 X135.824000 Y132.668000 Z-0.125000
G01 X135.760000 Y132.504700 Z-0.125000
G01 X135.953000 Y132.479300 Z-0.125000
G01 X136.560000 Y132.767600 Z-0.125000
G01 X138.162000 Y134.370300 Z-0.125000
G01 X138.351000 Y134.459700 Z-0.125000
G01 X138.432000 Y134.322300 Z-0.125000
G01 X138.225000 Y133.797200 Z-0.125000
G01 X137.295000 Y132.867200 Z-0.125000
G01 X137.232000 Y132.704800 Z-0.125000
G01 X137.428000 Y132.681400 Z-0.125000
G01 X138.037000 Y132.972700 Z-0.125000
G01 X138.508000 Y133.443900 Z-0.125000
G00 Z5.000000

(End cutting path id: path44)


(Start cutting path id: path44)
(Change tool to Default tool)

G00 Z5.000000
G00 X144.468000 Y157.215400

G01 Z-0.125000 F100.0(Penetrate)
G01 X139.378000 Y152.125600 Z-0.125000 F400.000000
G01 X139.129000 Y151.558800 Z-0.125000
G01 X139.182000 Y151.392700 Z-0.125000
G01 X139.358000 Y151.469000 Z-0.125000
G01 X143.430000 Y155.541900 Z-0.125000
G01 X143.553000 Y155.565200 Z-0.125000
G01 X143.489000 Y155.282600 Z-0.125000
G01 X143.071000 Y154.546300 Z-0.125000
G01 X139.354000 Y150.829600 Z-0.125000
G01 X139.117000 Y150.274500 Z-0.125000
G01 X139.178000 Y150.116500 Z-0.125000
G01 X139.357000 Y150.196400 Z-0.125000
G01 X142.903000 Y153.742300 Z-0.125000
G01 X143.042000 Y153.781900 Z-0.125000
G01 X143.014000 Y153.535000 Z-0.125000
G01 X142.648000 Y152.850700 Z-0.125000
G01 X139.370000 Y149.573000 Z-0.125000
G01 X139.143000 Y149.028100 Z-0.125000
G01 X139.211000 Y148.877000 Z-0.125000
G01 X139.393000 Y148.960200 Z-0.125000
G01 X142.528000 Y152.094600 Z-0.125000
G01 X142.695000 Y152.162300 Z-0.125000
G01 X142.728000 Y151.977300 Z-0.125000
G01 X142.452000 Y151.382900 Z-0.125000
G01 X139.429000 Y148.359800 Z-0.125000
G01 X139.218000 Y147.830700 Z-0.125000
G01 X139.296000 Y147.690500 Z-0.125000
G01 X139.484000 Y147.778600 Z-0.125000
G01 X142.413000 Y150.707400 Z-0.125000
G01 X142.590000 Y150.785500 Z-0.125000
G01 X142.647000 Y150.623400 Z-0.125000
G01 X142.404000 Y150.062200 Z-0.125000
G01 X139.557000 Y147.215900 Z-0.125000
G01 X139.365000 Y146.705800 Z-0.125000
G01 X139.457000 Y146.578700 Z-0.125000
G01 X139.650000 Y146.672800 Z-0.125000
G01 X142.428000 Y149.450600 Z-0.125000
G01 X142.612000 Y149.535100 Z-0.125000
G01 X142.683000 Y149.387100 Z-0.125000
G01 X142.460000 Y148.846600 Z-0.125000
G01 X139.759000 Y146.145500 Z-0.125000
G01 X139.589000 Y145.657000 Z-0.125000
G01 X139.695000 Y145.544800 Z-0.125000
G01 X139.895000 Y145.645600 Z-0.125000
G01 X142.522000 Y148.271900 Z-0.125000
G01 X142.713000 Y148.363900 Z-0.125000
G01 X142.800000 Y148.232200 Z-0.125000
G01 X142.601000 Y147.715400 Z-0.125000
G01 X140.046000 Y145.160200 Z-0.125000
G01 X139.893000 Y144.907600 Z-0.125000
G01 X139.890000 Y144.686000 Z-0.125000
G01 X140.006000 Y144.583600 Z-0.125000
G01 X140.211000 Y144.688900 Z-0.125000
G01 X142.699000 Y147.177200 Z-0.125000
G01 X142.896000 Y147.274500 Z-0.125000
G01 X142.994000 Y147.154500 Z-0.125000
G01 X142.813000 Y146.654700 Z-0.125000
G01 X140.387000 Y144.229400 Z-0.125000
G01 X140.238000 Y143.980100 Z-0.125000
G01 X140.242000 Y143.765800 Z-0.125000
G01 X140.365000 Y143.670700 Z-0.125000
G01 X140.573000 Y143.779200 Z-0.125000
G01 X142.940000 Y146.146100 Z-0.125000
G01 X143.142000 Y146.248100 Z-0.125000
G01 X143.251000 Y146.138700 Z-0.125000
G01 X143.084000 Y145.654200 Z-0.125000
G01 X140.767000 Y143.336400 Z-0.125000
G01 X140.619000 Y143.089200 Z-0.125000
G01 X140.628000 Y142.879400 Z-0.125000
G01 X140.756000 Y142.788900 Z-0.125000
G01 X140.966000 Y142.899600 Z-0.125000
G01 X143.240000 Y145.174100 Z-0.125000
G01 X143.446000 Y145.279900 Z-0.125000
G01 X143.563000 Y145.178700 Z-0.125000
G01 X143.561000 Y144.958200 Z-0.125000
G01 X143.409000 Y144.706200 Z-0.125000
G01 X141.172000 Y142.469600 Z-0.125000
G01 X141.026000 Y142.224200 Z-0.125000
G01 X141.039000 Y142.018500 Z-0.125000
G01 X141.171000 Y141.932000 Z-0.125000
G01 X141.383000 Y142.044400 Z-0.125000
G01 X143.591000 Y144.252000 Z-0.125000
G01 X143.800000 Y144.361600 Z-0.125000
G01 X143.926000 Y144.268900 Z-0.125000
G01 X143.932000 Y144.057000 Z-0.125000
G01 X143.783000 Y143.808800 Z-0.125000
G01 X141.599000 Y141.623900 Z-0.125000
G01 X141.454000 Y141.380400 Z-0.125000
G01 X141.471000 Y141.178700 Z-0.125000
G01 X141.608000 Y141.096200 Z-0.125000
G01 X141.821000 Y141.210500 Z-0.125000
G01 X143.987000 Y143.376500 Z-0.125000
G01 X144.200000 Y143.489500 Z-0.125000
G01 X144.333000 Y143.404100 Z-0.125000
G01 X144.347000 Y143.199500 Z-0.125000
G01 X144.202000 Y142.954700 Z-0.125000
G01 X142.047000 Y140.799700 Z-0.125000
G01 X141.904000 Y140.557700 Z-0.125000
G01 X141.924000 Y140.359400 Z-0.125000
G01 X142.064000 Y140.280400 Z-0.125000
G01 X142.279000 Y140.396200 Z-0.125000
G01 X144.426000 Y142.543200 Z-0.125000
G01 X144.642000 Y142.659600 Z-0.125000
G01 X144.783000 Y142.581900 Z-0.125000
G01 X144.805000 Y142.384900 Z-0.125000
G01 X144.663000 Y142.143500 Z-0.125000
G01 X142.516000 Y139.997200 Z-0.125000
G01 X142.375000 Y139.756300 Z-0.125000
G01 X142.397000 Y139.560400 Z-0.125000
G01 X142.539000 Y139.483700 Z-0.125000
G01 X142.756000 Y139.600700 Z-0.125000
G01 X144.908000 Y141.753000 Z-0.125000
G01 X145.127000 Y141.872600 Z-0.125000
G01 X145.275000 Y141.801700 Z-0.125000
G01 X145.304000 Y141.611700 Z-0.125000
G01 X145.165000 Y141.373500 Z-0.125000
G01 X143.010000 Y139.218700 Z-0.125000
G01 X142.872000 Y138.981100 Z-0.125000
G01 X142.902000 Y138.792400 Z-0.125000
G01 X143.051000 Y138.722900 Z-0.125000
G01 X143.270000 Y138.843100 Z-0.125000
G01 X145.428000 Y141.000600 Z-0.125000
G01 X145.650000 Y141.123600 Z-0.125000
G01 X145.806000 Y141.060400 Z-0.125000
G01 X145.842000 Y140.877900 Z-0.125000
G01 X145.707000 Y140.643200 Z-0.125000
G01 X143.543000 Y138.479400 Z-0.125000
G01 X143.411000 Y138.248400 Z-0.125000
G01 X143.456000 Y138.074100 Z-0.125000
G01 X143.619000 Y138.019100 Z-0.125000
G01 X143.845000 Y138.145900 Z-0.125000
G01 X145.994000 Y140.294700 Z-0.125000
G01 X146.219000 Y140.420500 Z-0.125000
G01 X146.381000 Y140.363400 Z-0.125000
G01 X146.423000 Y140.187100 Z-0.125000
G01 X146.291000 Y139.955200 Z-0.125000
G01 X144.167000 Y137.830900 Z-0.125000
G01 X144.040000 Y137.604800 Z-0.125000
G01 X144.095000 Y137.441500 Z-0.125000
G01 X144.270000 Y137.397400 Z-0.125000
G01 X144.501000 Y137.529200 Z-0.125000
G01 X146.600000 Y139.627800 Z-0.125000
G01 X146.829000 Y139.757500 Z-0.125000
G01 X146.999000 Y139.708800 Z-0.125000
G01 X147.049000 Y139.540900 Z-0.125000
G01 X146.921000 Y139.312700 Z-0.125000
G01 X144.849000 Y137.241400 Z-0.125000
G01 X144.726000 Y137.019200 Z-0.125000
G01 X144.790000 Y136.864200 Z-0.125000
G01 X144.973000 Y136.828500 Z-0.125000
G01 X145.208000 Y136.964100 Z-0.125000
G01 X147.251000 Y139.007100 Z-0.125000
G01 X147.483000 Y139.139800 Z-0.125000
G01 X147.660000 Y139.097800 Z-0.125000
G01 X147.717000 Y138.936500 Z-0.125000
G01 X147.591000 Y138.711400 Z-0.125000
G01 X145.575000 Y136.695300 Z-0.125000
G01 X145.455000 Y136.475600 Z-0.125000
G01 X145.524000 Y136.326200 Z-0.125000
G01 X145.713000 Y136.296100 Z-0.125000
G01 X145.950000 Y136.434200 Z-0.125000
G01 X147.946000 Y138.430000 Z-0.125000
G01 X148.182000 Y138.566700 Z-0.125000
G01 X148.368000 Y138.533600 Z-0.125000
G01 X148.434000 Y138.381100 Z-0.125000
G01 X148.312000 Y138.160000 Z-0.125000
G01 X146.335000 Y136.182700 Z-0.125000
G01 X146.218000 Y135.965800 Z-0.125000
G01 X146.293000 Y135.822600 Z-0.125000
G01 X146.488000 Y135.798600 Z-0.125000
G01 X146.728000 Y135.939500 Z-0.125000
G01 X148.689000 Y137.900800 Z-0.125000
G01 X148.929000 Y138.040900 Z-0.125000
G01 X149.122000 Y138.015300 Z-0.125000
G01 X149.196000 Y137.870400 Z-0.125000
G01 X149.077000 Y137.652800 Z-0.125000
G01 X147.127000 Y135.702900 Z-0.125000
G01 X147.012000 Y135.487900 Z-0.125000
G01 X147.092000 Y135.349100 Z-0.125000
G01 X147.291000 Y135.329500 Z-0.125000
G01 X147.533000 Y135.472400 Z-0.125000
G01 X149.480000 Y137.419500 Z-0.125000
G01 X149.724000 Y137.564100 Z-0.125000
G01 X149.927000 Y137.548300 Z-0.125000
G01 X150.011000 Y137.413200 Z-0.125000
G01 X149.897000 Y137.200000 Z-0.125000
G01 X147.949000 Y135.252600 Z-0.125000
G01 X147.837000 Y135.040400 Z-0.125000
G01 X147.922000 Y134.907400 Z-0.125000
G01 X148.127000 Y134.893800 Z-0.125000
G01 X148.372000 Y135.039400 Z-0.125000
G01 X150.326000 Y136.993300 Z-0.125000
G01 X150.574000 Y137.142000 Z-0.125000
G01 X150.786000 Y137.135300 Z-0.125000
G01 X150.879000 Y137.009300 Z-0.125000
G01 X150.769000 Y136.800300 Z-0.125000
G01 X148.802000 Y134.833200 Z-0.125000
G01 X148.692000 Y134.623300 Z-0.125000
G01 X148.783000 Y134.495500 Z-0.125000
G01 X148.993000 Y134.486900 Z-0.125000
G01 X149.240000 Y134.634900 Z-0.125000
G01 X151.227000 Y136.621700 Z-0.125000
G01 X151.480000 Y136.775100 Z-0.125000
G01 X151.702000 Y136.778700 Z-0.125000
G01 X151.805000 Y136.663000 Z-0.125000
G01 X151.700000 Y136.458600 Z-0.125000
G01 X149.689000 Y134.447900 Z-0.125000
G01 X149.582000 Y134.241300 Z-0.125000
G01 X149.680000 Y134.120500 Z-0.125000
G01 X149.897000 Y134.119000 Z-0.125000
G01 X150.148000 Y134.270200 Z-0.125000
G01 X152.194000 Y136.316200 Z-0.125000
G01 X152.687000 Y136.492000 Z-0.125000
G01 X152.803000 Y136.389200 Z-0.125000
G01 X152.704000 Y136.190700 Z-0.125000
G01 X150.616000 Y134.102900 Z-0.125000
G01 X150.513000 Y133.899800 Z-0.125000
G01 X150.619000 Y133.787000 Z-0.125000
G01 X150.844000 Y133.793500 Z-0.125000
G01 X151.098000 Y133.948200 Z-0.125000
G01 X153.234000 Y136.084700 Z-0.125000
G01 X153.749000 Y136.280900 Z-0.125000
G01 X153.878000 Y136.192200 Z-0.125000
G01 X153.786000 Y136.000000 Z-0.125000
G01 X151.589000 Y133.803500 Z-0.125000
G01 X151.491000 Y133.606500 Z-0.125000
G01 X151.611000 Y133.506800 Z-0.125000
G01 X152.109000 Y133.687200 Z-0.125000
G01 X154.361000 Y135.939100 Z-0.125000
G01 X154.900000 Y136.160500 Z-0.125000
G01 X155.047000 Y136.089000 Z-0.125000
G01 X154.963000 Y135.904700 Z-0.125000
G01 X152.642000 Y133.583900 Z-0.125000
G01 X152.549000 Y133.391600 Z-0.125000
G01 X152.678000 Y133.302300 Z-0.125000
G01 X153.192000 Y133.497700 Z-0.125000
G01 X155.594000 Y135.900500 Z-0.125000
G01 X156.179000 Y136.167100 Z-0.125000
G01 X156.357000 Y136.126800 Z-0.125000
G01 X156.287000 Y135.956600 Z-0.125000
G01 X153.754000 Y133.423600 Z-0.125000
G01 X153.665000 Y133.235600 Z-0.125000
G01 X153.804000 Y133.156000 Z-0.125000
G01 X154.332000 Y133.365400 Z-0.125000
G01 X156.967000 Y136.000400 Z-0.125000
G01 X157.587000 Y136.302600 Z-0.125000
G01 X157.790000 Y136.286700 Z-0.125000
G01 X157.730000 Y136.127700 Z-0.125000
G01 X154.927000 Y133.324400 Z-0.125000
G01 X154.844000 Y133.142000 Z-0.125000
G01 X154.995000 Y133.074700 Z-0.125000
G01 X155.540000 Y133.302100 Z-0.125000
G01 X158.638000 Y136.399500 Z-0.125000
G01 X159.291000 Y136.734700 Z-0.125000
G01 X159.517000 Y136.741500 Z-0.125000
G01 X159.467000 Y136.592800 Z-0.125000
G01 X156.173000 Y133.298100 Z-0.125000
G01 X156.098000 Y133.123900 Z-0.125000
G01 X156.267000 Y133.074800 Z-0.125000
G01 X156.839000 Y133.328600 Z-0.125000
G01 X160.745000 Y137.234600 Z-0.125000
G00 Z5.000000

(End cutting path id: path44)


(Start cutting path id: path44)
(Change tool to Default tool)

G00 Z5.000000
G00 X182.618000 Y154.655200

G01 Z-0.125000 F100.0(Penetrate)
G01 X177.742000 Y149.779200 Z-0.125000 F400.000000
G01 X177.487000 Y149.205500 Z-0.125000
G01 X177.535000 Y149.034700 Z-0.125000
G01 X177.708000 Y149.108900 Z-0.125000
G01 X181.829000 Y153.230000 Z-0.125000
G01 X181.965000 Y153.266100 Z-0.125000
G01 X181.929000 Y153.011700 Z-0.125000
G01 X181.552000 Y152.316400 Z-0.125000
G01 X177.695000 Y148.459900 Z-0.125000
G01 X177.460000 Y147.906100 Z-0.125000
G01 X177.521000 Y147.749100 Z-0.125000
G01 X177.701000 Y147.829500 Z-0.125000
G01 X181.273000 Y151.400700 Z-0.125000
G01 X181.426000 Y151.454300 Z-0.125000
G01 X181.428000 Y151.238400 Z-0.125000
G01 X181.107000 Y150.599100 Z-0.125000
G01 X177.700000 Y147.191700 Z-0.125000
G01 X177.495000 Y146.668800 Z-0.125000
G01 X177.578000 Y146.533000 Z-0.125000
G01 X177.767000 Y146.623000 Z-0.125000
G01 X180.991000 Y149.847100 Z-0.125000
G01 X181.158000 Y149.914700 Z-0.125000
G01 X181.191000 Y149.729300 Z-0.125000
G01 X180.915000 Y149.134400 Z-0.125000
G01 X177.822000 Y146.041500 Z-0.125000
G01 X177.617000 Y145.519000 Z-0.125000
G01 X177.700000 Y145.383400 Z-0.125000
G01 X177.890000 Y145.473600 Z-0.125000
G01 X180.870000 Y148.453600 Z-0.125000
G01 X181.046000 Y148.530300 Z-0.125000
G01 X181.099000 Y148.364900 Z-0.125000
G01 X180.851000 Y147.799100 Z-0.125000
G01 X177.969000 Y144.916600 Z-0.125000
G01 X177.782000 Y144.411700 Z-0.125000
G01 X177.877000 Y144.288200 Z-0.125000
G01 X178.072000 Y144.383900 Z-0.125000
G01 X180.855000 Y147.166500 Z-0.125000
G01 X181.037000 Y147.249700 Z-0.125000
G01 X181.105000 Y147.098700 Z-0.125000
G01 X180.878000 Y146.553800 Z-0.125000
G01 X178.183000 Y143.858400 Z-0.125000
G01 X178.005000 Y143.362600 Z-0.125000
G01 X178.106000 Y143.245300 Z-0.125000
G01 X178.304000 Y143.343800 Z-0.125000
G01 X180.939000 Y145.978000 Z-0.125000
G01 X181.124000 Y146.064100 Z-0.125000
G01 X181.198000 Y145.919700 Z-0.125000
G01 X180.981000 Y145.384300 Z-0.125000
G01 X178.440000 Y142.843700 Z-0.125000
G01 X178.276000 Y142.361200 Z-0.125000
G01 X178.387000 Y142.253200 Z-0.125000
G01 X178.589000 Y142.355900 Z-0.125000
G01 X181.062000 Y144.829300 Z-0.125000
G01 X181.256000 Y144.923900 Z-0.125000
G01 X181.349000 Y144.798000 Z-0.125000
G01 X181.159000 Y144.289700 Z-0.125000
G01 X178.746000 Y141.877500 Z-0.125000
G01 X178.594000 Y141.625300 Z-0.125000
G01 X178.591000 Y141.404400 Z-0.125000
G01 X178.708000 Y141.302800 Z-0.125000
G01 X178.913000 Y141.408400 Z-0.125000
G01 X181.270000 Y143.764800 Z-0.125000
G01 X181.468000 Y143.863600 Z-0.125000
G01 X181.570000 Y143.747200 Z-0.125000
G01 X181.394000 Y143.252500 Z-0.125000
G01 X179.097000 Y140.955900 Z-0.125000
G01 X178.948000 Y140.707400 Z-0.125000
G01 X178.954000 Y140.494700 Z-0.125000
G01 X179.079000 Y140.401300 Z-0.125000
G01 X179.288000 Y140.510700 Z-0.125000
G01 X181.538000 Y142.761100 Z-0.125000
G01 X181.742000 Y142.865200 Z-0.125000
G01 X181.855000 Y142.760300 Z-0.125000
G01 X181.850000 Y142.536100 Z-0.125000
G01 X181.696000 Y142.282400 Z-0.125000
G01 X179.487000 Y140.073800 Z-0.125000
G01 X179.341000 Y139.828800 Z-0.125000
G01 X179.355000 Y139.623900 Z-0.125000
G01 X179.488000 Y139.538200 Z-0.125000
G01 X179.700000 Y139.651100 Z-0.125000
G01 X181.866000 Y141.816200 Z-0.125000
G01 X182.073000 Y141.923900 Z-0.125000
G01 X182.194000 Y141.826900 Z-0.125000
G01 X182.197000 Y141.610600 Z-0.125000
G01 X182.046000 Y141.360500 Z-0.125000
G01 X179.922000 Y139.236800 Z-0.125000
G01 X179.779000 Y138.994300 Z-0.125000
G01 X179.798000 Y138.794900 Z-0.125000
G01 X179.937000 Y138.714800 Z-0.125000
G01 X180.152000 Y138.830200 Z-0.125000
G01 X182.246000 Y140.924200 Z-0.125000
G01 X182.458000 Y141.036700 Z-0.125000
G01 X182.590000 Y140.950200 Z-0.125000
G01 X182.603000 Y140.744500 Z-0.125000
G01 X182.457000 Y140.499100 Z-0.125000
G01 X180.394000 Y138.436200 Z-0.125000
G01 X180.254000 Y138.197200 Z-0.125000
G01 X180.281000 Y138.005200 Z-0.125000
G01 X180.427000 Y137.932500 Z-0.125000
G01 X180.645000 Y138.051300 Z-0.125000
G01 X182.679000 Y140.085200 Z-0.125000
G01 X182.894000 Y140.201100 Z-0.125000
G01 X183.034000 Y140.122200 Z-0.125000
G01 X183.054000 Y139.924000 Z-0.125000
G01 X182.912000 Y139.682100 Z-0.125000
G01 X180.904000 Y137.673700 Z-0.125000
G01 X180.767000 Y137.437700 Z-0.125000
G01 X180.800000 Y137.252200 Z-0.125000
G01 X180.953000 Y137.186100 Z-0.125000
G01 X181.174000 Y137.307800 Z-0.125000
G01 X183.162000 Y139.296000 Z-0.125000
G01 X183.381000 Y139.415800 Z-0.125000
G01 X183.529000 Y139.345500 Z-0.125000
G01 X183.559000 Y139.155900 Z-0.125000
G01 X183.420000 Y138.917900 Z-0.125000
G01 X181.454000 Y136.951400 Z-0.125000
G01 X181.319000 Y136.718000 Z-0.125000
G01 X181.358000 Y136.538300 Z-0.125000
G01 X181.517000 Y136.477900 Z-0.125000
G01 X181.740000 Y136.602200 Z-0.125000
G01 X183.693000 Y138.554400 Z-0.125000
G01 X183.916000 Y138.678300 Z-0.125000
G01 X184.073000 Y138.616900 Z-0.125000
G01 X184.111000 Y138.436300 Z-0.125000
G01 X183.977000 Y138.202300 Z-0.125000
G01 X182.038000 Y136.264100 Z-0.125000
G01 X181.908000 Y136.033900 Z-0.125000
G01 X181.954000 Y135.861400 Z-0.125000
G01 X182.119000 Y135.808200 Z-0.125000
G01 X182.346000 Y135.935900 Z-0.125000
G01 X184.273000 Y137.862800 Z-0.125000
G01 X184.500000 Y137.990500 Z-0.125000
G01 X184.666000 Y137.937500 Z-0.125000
G01 X184.712000 Y137.765300 Z-0.125000
G01 X184.582000 Y137.535200 Z-0.125000
G01 X182.661000 Y135.614900 Z-0.125000
G01 X182.533000 Y135.387500 Z-0.125000
G01 X182.586000 Y135.221100 Z-0.125000
G01 X182.757000 Y135.174100 Z-0.125000
G01 X182.987000 Y135.304500 Z-0.125000
G01 X184.902000 Y137.219600 Z-0.125000
G01 X185.133000 Y137.351200 Z-0.125000
G01 X185.307000 Y137.306600 Z-0.125000
G01 X185.362000 Y137.142800 Z-0.125000
G01 X185.235000 Y136.916600 Z-0.125000
G01 X183.323000 Y135.004700 Z-0.125000
G01 X183.198000 Y134.780100 Z-0.125000
G01 X183.257000 Y134.619900 Z-0.125000
G01 X183.434000 Y134.579000 Z-0.125000
G01 X183.667000 Y134.712200 Z-0.125000
G01 X185.580000 Y136.625200 Z-0.125000
G01 X185.815000 Y136.760700 Z-0.125000
G01 X185.998000 Y136.724700 Z-0.125000
G01 X186.061000 Y136.569500 Z-0.125000
G01 X185.938000 Y136.347100 Z-0.125000
G01 X184.021000 Y134.430000 Z-0.125000
G01 X183.899000 Y134.208800 Z-0.125000
G01 X183.965000 Y134.056100 Z-0.125000
G01 X184.150000 Y134.022700 Z-0.125000
G01 X184.386000 Y134.159300 Z-0.125000
G01 X186.308000 Y136.080600 Z-0.125000
G01 X186.546000 Y136.220100 Z-0.125000
G01 X186.738000 Y136.192900 Z-0.125000
G01 X186.810000 Y136.046400 Z-0.125000
G01 X186.691000 Y135.828000 Z-0.125000
G01 X184.759000 Y133.896400 Z-0.125000
G01 X184.640000 Y133.677900 Z-0.125000
G01 X184.712000 Y133.531200 Z-0.125000
G01 X184.903000 Y133.503700 Z-0.125000
G01 X185.142000 Y133.643000 Z-0.125000
G01 X187.086000 Y135.587300 Z-0.125000
G01 X187.329000 Y135.730900 Z-0.125000
G01 X187.530000 Y135.712800 Z-0.125000
G01 X187.611000 Y135.575400 Z-0.125000
G01 X187.496000 Y135.361200 Z-0.125000
G01 X185.538000 Y133.402800 Z-0.125000
G01 X185.422000 Y133.187700 Z-0.125000
G01 X185.502000 Y133.048400 Z-0.125000
G01 X185.700000 Y133.028300 Z-0.125000
G01 X185.942000 Y133.171000 Z-0.125000
G01 X187.919000 Y135.147400 Z-0.125000
G01 X188.166000 Y135.295300 Z-0.125000
G01 X188.376000 Y135.286800 Z-0.125000
G01 X188.467000 Y135.158900 Z-0.125000
G01 X188.357000 Y134.949000 Z-0.125000
G01 X186.355000 Y132.947600 Z-0.125000
G01 X186.243000 Y132.736200 Z-0.125000
G01 X186.331000 Y132.605200 Z-0.125000
G01 X186.538000 Y132.593400 Z-0.125000
G01 X186.783000 Y132.739800 Z-0.125000
G01 X188.808000 Y134.763900 Z-0.125000
G01 X189.059000 Y134.916400 Z-0.125000
G01 X189.280000 Y134.917900 Z-0.125000
G01 X189.380000 Y134.800200 Z-0.125000
G01 X189.275000 Y134.594900 Z-0.125000
G01 X187.221000 Y132.541400 Z-0.125000
G01 X187.112000 Y132.333000 Z-0.125000
G01 X187.206000 Y132.208400 Z-0.125000
G01 X187.420000 Y132.203100 Z-0.125000
G01 X187.668000 Y132.352500 Z-0.125000
G01 X189.756000 Y134.440600 Z-0.125000
G01 X190.250000 Y134.616400 Z-0.125000
G01 X190.366000 Y134.513700 Z-0.125000
G01 X190.267000 Y134.315200 Z-0.125000
G01 X188.129000 Y132.177100 Z-0.125000
G01 X188.024000 Y131.972900 Z-0.125000
G01 X188.128000 Y131.857600 Z-0.125000
G01 X188.350000 Y131.861600 Z-0.125000
G01 X188.603000 Y132.015200 Z-0.125000
G01 X190.770000 Y134.182300 Z-0.125000
G01 X191.275000 Y134.368900 Z-0.125000
G01 X191.398000 Y134.273600 Z-0.125000
G01 X191.303000 Y134.078500 Z-0.125000
G01 X189.088000 Y131.864300 Z-0.125000
G01 X188.987000 Y131.663500 Z-0.125000
G01 X189.098000 Y131.555500 Z-0.125000
G01 X189.584000 Y131.723800 Z-0.125000
G01 X191.855000 Y133.995200 Z-0.125000
G01 X192.380000 Y134.201700 Z-0.125000
G01 X192.517000 Y134.120000 Z-0.125000
G01 X192.427000 Y133.931000 Z-0.125000
G01 X190.099000 Y131.602900 Z-0.125000
G01 X190.003000 Y131.407100 Z-0.125000
G01 X190.125000 Y131.310400 Z-0.125000
G01 X190.627000 Y131.494900 Z-0.125000
G01 X193.020000 Y133.887500 Z-0.125000
G01 X193.568000 Y134.117600 Z-0.125000
G01 X193.721000 Y134.052200 Z-0.125000
G01 X193.639000 Y133.870600 Z-0.125000
G01 X191.167000 Y131.399000 Z-0.125000
G01 X191.076000 Y131.207600 Z-0.125000
G01 X191.207000 Y131.120600 Z-0.125000
G01 X191.724000 Y131.319400 Z-0.125000
G01 X194.303000 Y133.898400 Z-0.125000
G01 X194.865000 Y134.142800 Z-0.125000
G01 X195.028000 Y134.087200 Z-0.125000
G01 X194.951000 Y133.910100 Z-0.125000
G01 X192.295000 Y131.254600 Z-0.125000
G01 X192.208000 Y131.068100 Z-0.125000
G01 X192.350000 Y130.991600 Z-0.125000
G01 X192.882000 Y131.205600 Z-0.125000
G01 X195.623000 Y133.945700 Z-0.125000
G01 X196.229000 Y134.233800 Z-0.125000
G01 X196.422000 Y134.208300 Z-0.125000
G01 X196.358000 Y134.044900 Z-0.125000
G01 X193.490000 Y131.177000 Z-0.125000
G01 X193.409000 Y130.996400 Z-0.125000
G01 X193.564000 Y130.933000 Z-0.125000
G01 X194.115000 Y131.166100 Z-0.125000
G01 X197.228000 Y134.278900 Z-0.125000
G01 X197.877000 Y134.609800 Z-0.125000
G01 X198.099000 Y134.613800 Z-0.125000
G01 X198.049000 Y134.463700 Z-0.125000
G01 X194.760000 Y131.175100 Z-0.125000
G01 X194.686000 Y131.001800 Z-0.125000
G01 X194.858000 Y130.954600 Z-0.125000
G01 X195.432000 Y131.211200 Z-0.125000
G01 X199.476000 Y135.254300 Z-0.125000
G00 Z5.000000

(End cutting path id: path44)


(Start cutting path id: path44)
(Change tool to Default tool)

G00 Z5.000000
G00 X202.535000 Y133.225000

G01 Z-0.125000 F100.0(Penetrate)
G01 X205.188000 Y135.878600 Z-0.125000 F400.000000
G00 Z5.000000

(End cutting path id: path44)


(Start cutting path id: path44)
(Change tool to Default tool)

G00 Z5.000000
G00 X203.188000 Y138.330700

G01 Z-0.125000 F100.0(Penetrate)
G01 X196.129000 Y131.271600 Z-0.125000 F400.000000
G01 X196.064000 Y131.107600 Z-0.125000
G01 X196.256000 Y131.080800 Z-0.125000
G01 X196.860000 Y131.367100 Z-0.125000
G01 X203.749000 Y138.255400 Z-0.125000
G01 X203.986000 Y138.392800 Z-0.125000
G01 X204.172000 Y138.361100 Z-0.125000
G01 X204.240000 Y138.210200 Z-0.125000
G01 X204.119000 Y137.989800 Z-0.125000
G01 X197.595000 Y131.465900 Z-0.125000
G01 X197.549000 Y131.320000 Z-0.125000
G01 X197.780000 Y131.332900 Z-0.125000
G01 X198.442000 Y131.677000 Z-0.125000
G01 X204.441000 Y137.675100 Z-0.125000
G01 X204.666000 Y137.801100 Z-0.125000
G01 X204.828000 Y137.744400 Z-0.125000
G01 X204.871000 Y137.568400 Z-0.125000
G01 X204.738000 Y137.336600 Z-0.125000
G01 X199.318000 Y131.916800 Z-0.125000
G01 X199.274000 Y131.772800 Z-0.125000
G01 X199.510000 Y131.790100 Z-0.125000
G01 X200.178000 Y132.140400 Z-0.125000
G01 X204.988000 Y136.950200 Z-0.125000
G01 X205.192000 Y137.054500 Z-0.125000
G01 X205.306000 Y136.950100 Z-0.125000
G01 X205.301000 Y136.726400 Z-0.125000
G01 X205.147000 Y136.472900 Z-0.125000
G01 X201.099000 Y132.425400 Z-0.125000
G00 Z5.000000

(End cutting path id: path44)


(Start cutting path id: path44)
(Change tool to Default tool)

G00 Z5.000000
G00 X190.681000 Y131.065500

G01 Z-0.125000 F100.0(Penetrate)
G01 X187.943000 Y131.777100 Z-0.125000 F400.000000
G01 X185.454000 Y132.917100 Z-0.125000
G01 X183.244000 Y134.451700 Z-0.125000
G01 X181.340000 Y136.347100 Z-0.125000
G01 X179.771000 Y138.569700 Z-0.125000
G01 X178.566000 Y141.085500 Z-0.125000
G01 X177.753000 Y143.861000 Z-0.125000
G01 X177.360000 Y146.862300 Z-0.125000
G01 X177.370000 Y149.500200 Z-0.125000
G01 X177.696000 Y151.982500 Z-0.125000
G01 X178.334000 Y154.298000 Z-0.125000
G01 X179.277000 Y156.435700 Z-0.125000
G01 X180.520000 Y158.384200 Z-0.125000
G01 X182.055000 Y160.132500 Z-0.125000
G01 X183.878000 Y161.669300 Z-0.125000
G01 X185.983000 Y162.983600 Z-0.125000
G01 X187.363000 Y163.605300 Z-0.125000
G01 X188.880000 Y163.981200 Z-0.125000
G01 X190.880000 Y164.166600 Z-0.125000
G01 X193.709000 Y164.216800 Z-0.125000
G01 X196.741000 Y164.169200 Z-0.125000
G01 X198.808000 Y163.942700 Z-0.125000
G01 X200.522000 Y163.414900 Z-0.125000
G01 X202.497000 Y162.463400 Z-0.125000
G01 X204.948000 Y160.902700 Z-0.125000
G01 X206.840000 Y159.136400 Z-0.125000
G01 X207.526000 Y158.235100 Z-0.125000
G01 X208.011000 Y157.353200 Z-0.125000
G01 X208.275000 Y156.514300 Z-0.125000
G01 X208.297000 Y155.741900 Z-0.125000
G01 X208.119000 Y155.092700 Z-0.125000
G01 X207.814000 Y154.659800 Z-0.125000
G01 X207.395000 Y154.440700 Z-0.125000
G01 X206.878000 Y154.432800 Z-0.125000
G01 X206.277000 Y154.633800 Z-0.125000
G01 X205.607000 Y155.041000 Z-0.125000
G01 X204.116000 Y156.464100 Z-0.125000
G01 X203.093000 Y157.547300 Z-0.125000
G01 X202.001000 Y158.487400 Z-0.125000
G01 X200.840000 Y159.284000 Z-0.125000
G01 X199.612000 Y159.936600 Z-0.125000
G01 X198.317000 Y160.445000 Z-0.125000
G01 X196.957000 Y160.808600 Z-0.125000
G01 X195.532000 Y161.027000 Z-0.125000
G01 X194.043000 Y161.099900 Z-0.125000
G01 X191.264000 Y160.857200 Z-0.125000
G01 X188.765000 Y160.148700 Z-0.125000
G01 X186.572000 Y159.004000 Z-0.125000
G01 X184.716000 Y157.452900 Z-0.125000
G01 X183.223000 Y155.524900 Z-0.125000
G01 X182.124000 Y153.249600 Z-0.125000
G01 X181.446000 Y150.656700 Z-0.125000
G01 X181.217000 Y147.775700 Z-0.125000
G01 X181.459000 Y144.900400 Z-0.125000
G01 X182.151000 Y142.294800 Z-0.125000
G01 X183.261000 Y139.993100 Z-0.125000
G01 X184.757000 Y138.029300 Z-0.125000
G01 X186.607000 Y136.437800 Z-0.125000
G01 X188.778000 Y135.252500 Z-0.125000
G01 X191.239000 Y134.507600 Z-0.125000
G01 X193.957000 Y134.237400 Z-0.125000
G01 X196.462000 Y134.394100 Z-0.125000
G01 X198.570000 Y134.951000 Z-0.125000
G01 X200.450000 Y135.975800 Z-0.125000
G01 X202.273000 Y137.535700 Z-0.125000
G01 X203.106000 Y138.319800 Z-0.125000
G01 X203.671000 Y138.650500 Z-0.125000
G01 X204.136000 Y138.568500 Z-0.125000
G01 X204.670000 Y138.114800 Z-0.125000
G01 X205.360000 Y137.220800 Z-0.125000
G01 X205.497000 Y136.372600 Z-0.125000
G01 X205.057000 Y135.442900 Z-0.125000
G01 X204.021000 Y134.304200 Z-0.125000
G01 X202.807000 Y133.314500 Z-0.125000
G01 X201.408000 Y132.478300 Z-0.125000
G01 X199.850000 Y131.802200 Z-0.125000
G01 X198.162000 Y131.293200 Z-0.125000
G01 X196.374000 Y130.958200 Z-0.125000
G01 X194.512000 Y130.804000 Z-0.125000
G01 X192.605000 Y130.837500 Z-0.125000
G01 X190.681000 Y131.065500 Z-0.125000
G01 X190.681000 Y131.065500 Z-0.125000
G00 Z5.000000

(End cutting path id: path44)


(Start cutting path id: path44)
(Change tool to Default tool)

G00 Z5.000000
G00 X215.694000 Y141.931800

G01 Z-0.125000 F100.0(Penetrate)
G01 X211.264000 Y137.501000 Z-0.125000 F400.000000
G01 X210.947000 Y136.866800 Z-0.125000
G01 X210.954000 Y136.654400 Z-0.125000
G01 X211.108000 Y136.709700 Z-0.125000
G01 X215.251000 Y140.852800 Z-0.125000
G01 X215.399000 Y140.901300 Z-0.125000
G01 X215.391000 Y140.674100 Z-0.125000
G01 X215.053000 Y140.018400 Z-0.125000
G01 X210.953000 Y135.918400 Z-0.125000
G01 X210.637000 Y135.284600 Z-0.125000
G01 X210.644000 Y135.072500 Z-0.125000
G01 X210.799000 Y135.127900 Z-0.125000
G01 X214.861000 Y139.189900 Z-0.125000
G01 X215.010000 Y139.239400 Z-0.125000
G01 X215.003000 Y139.014200 Z-0.125000
G01 X214.668000 Y138.361500 Z-0.125000
G01 X210.651000 Y134.343800 Z-0.125000
G01 X210.338000 Y133.713200 Z-0.125000
G01 X210.347000 Y133.503300 Z-0.125000
G01 X210.503000 Y133.559700 Z-0.125000
G01 X214.481000 Y137.538200 Z-0.125000
G01 X214.631000 Y137.588800 Z-0.125000
G01 X214.627000 Y137.366100 Z-0.125000
G01 X214.296000 Y136.716800 Z-0.125000
G01 X210.361000 Y132.781900 Z-0.125000
G01 X210.054000 Y132.156800 Z-0.125000
G01 X210.067000 Y131.950600 Z-0.125000
G01 X210.224000 Y132.008700 Z-0.125000
G01 X214.111000 Y135.895500 Z-0.125000
G01 X214.261000 Y135.945800 Z-0.125000
G01 X214.256000 Y135.722600 Z-0.125000
G01 X213.924000 Y135.072600 Z-0.125000
G01 X210.093000 Y131.241900 Z-0.125000
G01 X209.796000 Y130.627000 Z-0.125000
G01 X209.816000 Y130.427900 Z-0.125000
G01 X209.977000 Y130.489200 Z-0.125000
G01 X213.735000 Y134.247300 Z-0.125000
G01 X213.883000 Y134.295700 Z-0.125000
G01 X213.874000 Y134.068400 Z-0.125000
G01 X213.536000 Y133.412500 Z-0.125000
G01 X209.893000 Y129.769100 Z-0.125000
G01 X209.723000 Y129.281400 Z-0.125000
G01 X209.830000 Y129.169700 Z-0.125000
G01 X210.031000 Y129.270800 Z-0.125000
G01 X213.332000 Y132.572300 Z-0.125000
G01 X213.476000 Y132.617200 Z-0.125000
G01 X213.460000 Y132.382200 Z-0.125000
G01 X213.111000 Y131.715000 Z-0.125000
G01 X210.286000 Y128.890200 Z-0.125000
G01 X210.160000 Y128.665200 Z-0.125000
G01 X210.218000 Y128.504300 Z-0.125000
G01 X210.395000 Y128.462700 Z-0.125000
G01 X210.627000 Y128.595500 Z-0.125000
G01 X212.878000 Y130.846100 Z-0.125000
G01 X213.018000 Y130.886400 Z-0.125000
G01 X212.991000 Y130.641000 Z-0.125000
G01 X212.627000 Y129.958900 Z-0.125000
G01 X211.044000 Y128.375700 Z-0.125000
G01 X210.949000 Y128.181900 Z-0.125000
G01 X211.075000 Y128.089300 Z-0.125000
G01 X211.584000 Y128.280000 Z-0.125000
G01 X212.518000 Y129.214000 Z-0.125000
G01 X212.411000 Y128.789000 Z-0.125000
G01 X212.171000 Y128.231100 Z-0.125000
G01 X212.105000 Y128.164600 Z-0.125000
G00 Z5.000000

(End cutting path id: path44)


(Start cutting path id: path44)
(Change tool to Default tool)

G00 Z5.000000
G00 X227.904000 Y123.545700

G01 Z-0.125000 F100.0(Penetrate)
G01 X226.489000 Y125.588700 Z-0.125000 F400.000000
G01 X223.984000 Y129.915600 Z-0.125000
G01 X218.787000 Y138.892000 Z-0.125000
G01 X216.910000 Y141.840700 Z-0.125000
G01 X216.078000 Y142.841300 Z-0.125000
G01 X214.361000 Y135.585500 Z-0.125000
G01 X213.086000 Y130.475500 Z-0.125000
G01 X212.574000 Y128.839700 Z-0.125000
G01 X212.237000 Y128.142400 Z-0.125000
G01 X211.379000 Y127.906000 Z-0.125000
G01 X210.503000 Y128.136700 Z-0.125000
G01 X209.818000 Y128.723700 Z-0.125000
G01 X209.538000 Y129.556500 Z-0.125000
G01 X210.447000 Y135.004800 Z-0.125000
G01 X212.511000 Y145.135800 Z-0.125000
G01 X214.689000 Y155.044200 Z-0.125000
G01 X215.945000 Y159.824200 Z-0.125000
G01 X216.529000 Y160.324800 Z-0.125000
G01 X217.164000 Y160.533000 Z-0.125000
G01 X217.918000 Y160.324800 Z-0.125000
G01 X218.787000 Y159.824200 Z-0.125000
G01 X219.266000 Y159.256800 Z-0.125000
G01 X219.350000 Y158.166400 Z-0.125000
G01 X218.989000 Y155.991200 Z-0.125000
G01 X218.138000 Y152.169900 Z-0.125000
G01 X217.067000 Y147.264500 Z-0.125000
G01 X216.738000 Y145.224300 Z-0.125000
G01 X224.158000 Y149.117900 Z-0.125000
G01 X230.467000 Y152.459300 Z-0.125000
G01 X234.453000 Y154.382400 Z-0.125000
G01 X236.721000 Y155.146500 Z-0.125000
G01 X237.398000 Y155.174800 Z-0.125000
G01 X237.871000 Y155.010500 Z-0.125000
G01 X238.542000 Y154.505400 Z-0.125000
G01 X238.860000 Y154.003000 Z-0.125000
G01 X238.773000 Y153.457000 Z-0.125000
G01 X238.228000 Y152.820800 Z-0.125000
G01 X237.172000 Y152.048100 Z-0.125000
G01 X235.553000 Y151.092200 Z-0.125000
G01 X230.413000 Y148.445500 Z-0.125000
G01 X220.979000 Y143.627200 Z-0.125000
G01 X220.751000 Y143.143500 Z-0.125000
G01 X221.011000 Y142.178800 Z-0.125000
G01 X221.837000 Y140.549500 Z-0.125000
G01 X223.306000 Y138.071800 Z-0.125000
G01 X226.622000 Y132.504100 Z-0.125000
G01 X228.900000 Y128.320300 Z-0.125000
G01 X230.144000 Y125.509600 Z-0.125000
G01 X230.380000 Y124.615800 Z-0.125000
G01 X230.360000 Y124.061300 Z-0.125000
G01 X229.965000 Y123.460400 Z-0.125000
G01 X229.389000 Y123.166900 Z-0.125000
G01 X228.684000 Y123.191700 Z-0.125000
G01 X227.904000 Y123.545700 Z-0.125000
G01 X227.904000 Y123.545700 Z-0.125000
G00 Z5.000000

(End cutting path id: path44)


(Start cutting path id: path44)
(Change tool to Default tool)

G00 Z5.000000
G00 X229.977000 Y117.302700

G01 Z-0.125000 F100.0(Penetrate)
G01 X232.178000 Y114.638400 Z-0.125000 F400.000000
G01 X234.585000 Y112.145800 Z-0.125000
G01 X242.053000 Y104.664000 Z-0.125000
G01 X223.247000 Y85.898000 Z-0.125000
G01 X213.889000 Y76.473000 Z-0.125000
G01 X204.637000 Y66.943000 Z-0.125000
G01 X202.775000 Y64.922000 Z-0.125000
G01 X219.845000 Y81.713000 Z-0.125000
G01 X236.778000 Y98.648000 Z-0.125000
G01 X243.090000 Y104.963000 Z-0.125000
G01 X237.137000 Y110.947800 Z-0.125000
G01 X234.126000 Y113.903900 Z-0.125000
G01 X231.014000 Y116.753500 Z-0.125000
G01 X230.453000 Y117.182100 Z-0.125000
G01 X230.161000 Y117.330900 Z-0.125000
G01 X229.975000 Y117.308700 Z-0.125000
G01 X229.977000 Y117.302700 Z-0.125000
G00 Z5.000000

(End cutting path id: path44)


(Start cutting path id: path44)
(Change tool to Default tool)

G00 Z5.000000
G00 X213.518000 Y101.819000

G01 Z-0.125000 F100.0(Penetrate)
G01 X213.628000 Y102.222000 Z-0.125000 F400.000000
G01 X213.978000 Y102.495000 Z-0.125000
G01 X215.502000 Y102.700000 Z-0.125000
G01 X217.487000 Y102.700000 Z-0.125000
G01 X217.487000 Y106.649000 Z-0.125000
G01 X217.528000 Y108.709000 Z-0.125000
G01 X217.691000 Y109.996000 Z-0.125000
G01 X218.035000 Y110.748400 Z-0.125000
G01 X218.621000 Y111.205000 Z-0.125000
G01 X219.206000 Y111.661500 Z-0.125000
G01 X219.550000 Y112.413800 Z-0.125000
G01 X219.713000 Y113.700600 Z-0.125000
G01 X219.755000 Y115.760800 Z-0.125000
G01 X219.755000 Y119.709800 Z-0.125000
G01 X215.219000 Y119.709800 Z-0.125000
G01 X212.775000 Y119.678100 Z-0.125000
G01 X211.409000 Y119.533700 Z-0.125000
G01 X210.813000 Y119.202100 Z-0.125000
G01 X210.683000 Y118.609300 Z-0.125000
G01 X210.516000 Y117.729100 Z-0.125000
G01 X210.116000 Y117.158400 Z-0.125000
G01 X209.883000 Y117.178500 Z-0.125000
G01 X209.704000 Y117.533300 Z-0.125000
G01 X209.549000 Y119.109400 Z-0.125000
G01 X209.549000 Y121.410800 Z-0.125000
G01 X215.219000 Y121.410800 Z-0.125000
G01 X220.888000 Y121.410800 Z-0.125000
G01 X220.888000 Y117.147600 Z-0.125000
G01 X220.912000 Y114.710100 Z-0.125000
G01 X221.064000 Y113.480300 Z-0.125000
G01 X221.227000 Y113.207300 Z-0.125000
G01 X221.467000 Y113.103300 Z-0.125000
G01 X222.244000 Y113.224600 Z-0.125000
G01 X222.986000 Y113.286300 Z-0.125000
G01 X223.839000 Y113.121300 Z-0.125000
G01 X224.815000 Y112.725500 Z-0.125000
G01 X225.930000 Y112.094400 Z-0.125000
G01 X228.259000 Y110.623800 Z-0.125000
G01 X228.259000 Y106.662000 Z-0.125000
G01 X228.259000 Y102.700000 Z-0.125000
G01 X230.777000 Y102.700000 Z-0.125000
G01 X232.659000 Y102.534000 Z-0.125000
G01 X233.311000 Y102.353000 Z-0.125000
G01 X233.646000 Y102.133000 Z-0.125000
G01 X233.558000 Y101.895000 Z-0.125000
G01 X232.990000 Y101.717000 Z-0.125000
G01 X230.561000 Y101.566000 Z-0.125000
G01 X227.125000 Y101.566000 Z-0.125000
G01 X227.125000 Y105.714000 Z-0.125000
G01 X227.125000 Y109.862000 Z-0.125000
G01 X224.999000 Y111.030400 Z-0.125000
G01 X223.756000 Y111.677000 Z-0.125000
G01 X222.929000 Y111.904900 Z-0.125000
G01 X222.181000 Y111.724200 Z-0.125000
G01 X221.172000 Y111.145000 Z-0.125000
G01 X220.223000 Y110.457100 Z-0.125000
G01 X219.679000 Y109.600000 Z-0.125000
G01 X219.385000 Y108.151000 Z-0.125000
G01 X219.188000 Y105.687000 Z-0.125000
G01 X218.904000 Y101.283000 Z-0.125000
G01 X216.211000 Y101.110000 Z-0.125000
G01 X214.065000 Y101.151000 Z-0.125000
G01 X213.639000 Y101.394000 Z-0.125000
G01 X213.518000 Y101.819000 Z-0.125000
G01 X213.518000 Y101.819000 Z-0.125000
G00 Z5.000000

(End cutting path id: path44)


(Start cutting path id: path44)
(Change tool to Default tool)

G00 Z5.000000
G00 X220.638000 Y143.058500

G01 Z-0.125000 F100.0(Penetrate)
G01 X218.234000 Y140.654500 Z-0.125000 F400.000000
G01 X218.093000 Y140.414600 Z-0.125000
G01 X218.118000 Y140.220700 Z-0.125000
G01 X218.262000 Y140.146100 Z-0.125000
G01 X218.479000 Y140.264000 Z-0.125000
G01 X220.503000 Y142.287600 Z-0.125000
G01 X220.709000 Y142.394500 Z-0.125000
G01 X220.829000 Y142.295800 Z-0.125000
G01 X220.830000 Y142.077800 Z-0.125000
G01 X220.678000 Y141.827000 Z-0.125000
G01 X218.723000 Y139.872000 Z-0.125000
G01 X218.582000 Y139.631600 Z-0.125000
G01 X218.606000 Y139.436700 Z-0.125000
G01 X218.749000 Y139.361100 Z-0.125000
G01 X218.966000 Y139.478500 Z-0.125000
G01 X220.879000 Y141.391600 Z-0.125000
G01 X221.091000 Y141.504400 Z-0.125000
G01 X221.224000 Y141.418700 Z-0.125000
G01 X221.238000 Y141.213800 Z-0.125000
G01 X221.092000 Y140.968800 Z-0.125000
G01 X219.208000 Y139.084100 Z-0.125000
G01 X219.066000 Y138.843200 Z-0.125000
G01 X219.089000 Y138.647100 Z-0.125000
G01 X219.231000 Y138.570300 Z-0.125000
G01 X219.447000 Y138.687100 Z-0.125000
G01 X221.314000 Y140.554300 Z-0.125000
G01 X221.528000 Y140.669400 Z-0.125000
G01 X221.666000 Y140.588500 Z-0.125000
G01 X221.685000 Y140.388500 Z-0.125000
G01 X221.542000 Y140.145700 Z-0.125000
G01 X219.686000 Y138.290200 Z-0.125000
G01 X219.544000 Y138.049300 Z-0.125000
G01 X219.567000 Y137.853200 Z-0.125000
G01 X219.709000 Y137.776400 Z-0.125000
G01 X219.925000 Y137.893200 Z-0.125000
G01 X221.775000 Y139.742900 Z-0.125000
G01 X221.990000 Y139.858800 Z-0.125000
G01 X222.130000 Y139.780000 Z-0.125000
G01 X222.151000 Y139.581800 Z-0.125000
G01 X222.008000 Y139.340000 Z-0.125000
G01 X220.164000 Y137.496300 Z-0.125000
G01 X220.023000 Y137.255200 Z-0.125000
G01 X220.045000 Y137.058700 Z-0.125000
G01 X220.186000 Y136.981500 Z-0.125000
G01 X220.402000 Y137.098200 Z-0.125000
G01 X222.244000 Y138.940000 Z-0.125000
G01 X222.461000 Y139.057000 Z-0.125000
G01 X222.603000 Y138.980300 Z-0.125000
G01 X222.625000 Y138.784400 Z-0.125000
G01 X222.484000 Y138.543500 Z-0.125000
G01 X220.638000 Y136.697400 Z-0.125000
G01 X220.496000 Y136.455900 Z-0.125000
G01 X220.517000 Y136.258400 Z-0.125000
G01 X220.657000 Y136.180300 Z-0.125000
G01 X220.873000 Y136.296600 Z-0.125000
G01 X222.723000 Y138.147000 Z-0.125000
G01 X222.940000 Y138.263900 Z-0.125000
G01 X223.082000 Y138.187200 Z-0.125000
G01 X223.104000 Y137.991300 Z-0.125000
G01 X222.963000 Y137.750400 Z-0.125000
G01 X221.108000 Y135.895700 Z-0.125000
G01 X220.966000 Y135.654200 Z-0.125000
G01 X220.987000 Y135.456700 Z-0.125000
G01 X221.128000 Y135.378600 Z-0.125000
G01 X221.343000 Y135.494900 Z-0.125000
G01 X223.204000 Y137.355100 Z-0.125000
G01 X223.420000 Y137.472200 Z-0.125000
G01 X223.563000 Y137.395900 Z-0.125000
G01 X223.586000 Y137.200400 Z-0.125000
G01 X223.444000 Y136.959700 Z-0.125000
G01 X221.579000 Y135.094000 Z-0.125000
G01 X221.436000 Y134.852100 Z-0.125000
G01 X221.456000 Y134.653700 Z-0.125000
G01 X221.596000 Y134.574600 Z-0.125000
G01 X221.811000 Y134.690500 Z-0.125000
G01 X223.685000 Y136.564300 Z-0.125000
G01 X223.902000 Y136.681400 Z-0.125000
G01 X224.044000 Y136.604900 Z-0.125000
G01 X224.067000 Y136.409300 Z-0.125000
G01 X223.925000 Y136.168500 Z-0.125000
G01 X222.043000 Y134.286100 Z-0.125000
G01 X221.900000 Y134.044000 Z-0.125000
G01 X221.920000 Y133.845300 Z-0.125000
G01 X222.060000 Y133.765900 Z-0.125000
G01 X222.275000 Y133.881600 Z-0.125000
G01 X224.164000 Y135.771000 Z-0.125000
G01 X224.380000 Y135.887800 Z-0.125000
G01 X224.522000 Y135.810800 Z-0.125000
G01 X224.544000 Y135.614500 Z-0.125000
G01 X224.403000 Y135.373500 Z-0.125000
G01 X222.506000 Y133.477200 Z-0.125000
G01 X222.364000 Y133.235100 Z-0.125000
G01 X222.384000 Y133.036500 Z-0.125000
G01 X222.523000 Y132.957100 Z-0.125000
G01 X222.738000 Y133.072800 Z-0.125000
G01 X224.641000 Y134.976000 Z-0.125000
G01 X224.857000 Y135.092600 Z-0.125000
G01 X224.998000 Y135.015100 Z-0.125000
G01 X225.020000 Y134.818400 Z-0.125000
G01 X224.878000 Y134.577200 Z-0.125000
G01 X222.970000 Y132.668400 Z-0.125000
G01 X222.827000 Y132.425900 Z-0.125000
G01 X222.846000 Y132.226400 Z-0.125000
G01 X222.984000 Y132.146100 Z-0.125000
G01 X223.199000 Y132.261500 Z-0.125000
G01 X225.115000 Y134.177300 Z-0.125000
G01 X225.330000 Y134.293700 Z-0.125000
G01 X225.471000 Y134.215900 Z-0.125000
G01 X225.493000 Y134.018800 Z-0.125000
G01 X225.351000 Y133.777400 Z-0.125000
G01 X223.428000 Y131.854300 Z-0.125000
G01 X223.285000 Y131.611800 Z-0.125000
G01 X223.304000 Y131.412200 Z-0.125000
G01 X223.442000 Y131.331900 Z-0.125000
G01 X223.657000 Y131.447200 Z-0.125000
G01 X225.586000 Y133.376900 Z-0.125000
G01 X225.802000 Y133.492900 Z-0.125000
G01 X225.942000 Y133.414100 Z-0.125000
G01 X225.962000 Y133.216100 Z-0.125000
G01 X225.820000 Y132.974200 Z-0.125000
G01 X223.884000 Y131.038100 Z-0.125000
G01 X223.740000 Y130.795300 Z-0.125000
G01 X223.759000 Y130.595000 Z-0.125000
G01 X223.896000 Y130.514000 Z-0.125000
G01 X224.111000 Y130.629000 Z-0.125000
G01 X226.053000 Y132.571600 Z-0.125000
G01 X226.269000 Y132.688000 Z-0.125000
G01 X226.410000 Y132.610300 Z-0.125000
G01 X226.432000 Y132.413300 Z-0.125000
G01 X226.290000 Y132.172000 Z-0.125000
G01 X224.338000 Y130.219900 Z-0.125000
G01 X224.194000 Y129.977200 Z-0.125000
G01 X224.213000 Y129.777200 Z-0.125000
G01 X224.351000 Y129.696500 Z-0.125000
G01 X224.566000 Y129.811600 Z-0.125000
G01 X226.517000 Y131.762800 Z-0.125000
G01 X226.732000 Y131.878300 Z-0.125000
G01 X226.870000 Y131.798400 Z-0.125000
G01 X226.890000 Y131.599200 Z-0.125000
G01 X226.747000 Y131.356900 Z-0.125000
G01 X224.793000 Y129.403300 Z-0.125000
G01 X224.650000 Y129.160600 Z-0.125000
G01 X224.669000 Y128.960700 Z-0.125000
G01 X224.807000 Y128.880000 Z-0.125000
G01 X225.021000 Y128.995200 Z-0.125000
G01 X226.976000 Y130.950300 Z-0.125000
G01 X227.191000 Y131.065200 Z-0.125000
G01 X227.328000 Y130.984000 Z-0.125000
G01 X227.346000 Y130.783500 Z-0.125000
G01 X227.203000 Y130.540600 Z-0.125000
G01 X225.253000 Y128.590500 Z-0.125000
G01 X225.110000 Y128.348400 Z-0.125000
G01 X225.130000 Y128.149600 Z-0.125000
G01 X225.269000 Y128.070200 Z-0.125000
G01 X225.484000 Y128.185900 Z-0.125000
G01 X227.429000 Y130.130900 Z-0.125000
G01 X227.643000 Y130.245400 Z-0.125000
G01 X227.780000 Y130.163300 Z-0.125000
G01 X227.797000 Y129.962000 Z-0.125000
G01 X227.653000 Y129.718700 Z-0.125000
G01 X225.717000 Y127.782100 Z-0.125000
G01 X225.574000 Y127.540600 Z-0.125000
G01 X225.596000 Y127.343200 Z-0.125000
G01 X225.736000 Y127.265000 Z-0.125000
G01 X225.952000 Y127.381300 Z-0.125000
G01 X227.875000 Y129.304500 Z-0.125000
G01 X228.089000 Y129.418500 Z-0.125000
G01 X228.224000 Y129.335600 Z-0.125000
G01 X228.241000 Y129.133300 Z-0.125000
G01 X228.096000 Y128.889600 Z-0.125000
G01 X226.187000 Y126.980500 Z-0.125000
G01 X226.045000 Y126.739400 Z-0.125000
G01 X226.068000 Y126.542900 Z-0.125000
G01 X226.209000 Y126.465700 Z-0.125000
G01 X226.425000 Y126.582400 Z-0.125000
G01 X228.313000 Y128.469700 Z-0.125000
G01 X228.525000 Y128.583100 Z-0.125000
G01 X228.659000 Y128.498400 Z-0.125000
G01 X228.674000 Y128.294400 Z-0.125000
G01 X228.529000 Y128.049900 Z-0.125000
G01 X226.665000 Y126.186000 Z-0.125000
G01 X226.524000 Y125.945400 Z-0.125000
G01 X226.547000 Y125.750000 Z-0.125000
G01 X226.690000 Y125.673900 Z-0.125000
G01 X226.906000 Y125.791100 Z-0.125000
G01 X228.739000 Y127.623700 Z-0.125000
G01 X228.950000 Y127.735900 Z-0.125000
G01 X229.082000 Y127.648800 Z-0.125000
G01 X229.094000 Y127.442500 Z-0.125000
G01 X228.948000 Y127.196900 Z-0.125000
G01 X227.151000 Y125.400300 Z-0.125000
G01 X227.011000 Y125.160700 Z-0.125000
G01 X227.037000 Y124.967400 Z-0.125000
G01 X227.181000 Y124.893500 Z-0.125000
G01 X227.399000 Y125.011600 Z-0.125000
G01 X229.149000 Y126.761400 Z-0.125000
G01 X229.358000 Y126.871800 Z-0.125000
G01 X229.486000 Y126.780500 Z-0.125000
G01 X229.494000 Y126.570000 Z-0.125000
G01 X229.346000 Y126.322500 Z-0.125000
G01 X227.652000 Y124.629100 Z-0.125000
G01 X227.514000 Y124.391500 Z-0.125000
G01 X227.544000 Y124.202600 Z-0.125000
G01 X227.693000 Y124.133000 Z-0.125000
G01 X227.913000 Y124.253100 Z-0.125000
G01 X229.535000 Y125.875400 Z-0.125000
G01 X229.741000 Y125.982400 Z-0.125000
G01 X229.861000 Y125.883700 Z-0.125000
G01 X229.862000 Y125.665800 Z-0.125000
G01 X229.711000 Y125.415000 Z-0.125000
G01 X228.203000 Y123.907400 Z-0.125000
G01 X228.088000 Y123.692600 Z-0.125000
G01 X228.168000 Y123.554100 Z-0.125000
G01 X228.367000 Y123.534900 Z-0.125000
G01 X228.610000 Y123.677900 Z-0.125000
G01 X229.874000 Y124.941900 Z-0.125000
G01 X230.072000 Y125.040800 Z-0.125000
G01 X230.174000 Y124.924500 Z-0.125000
G01 X229.998000 Y124.429900 Z-0.125000
G01 X229.098000 Y123.530400 Z-0.125000
G01 X229.016000 Y123.348500 Z-0.125000
G01 X229.168000 Y123.282100 Z-0.125000
G01 X229.715000 Y123.510900 Z-0.125000
G01 X230.284000 Y124.080200 Z-0.125000
G00 Z5.000000

(End cutting path id: path44)


(Start cutting path id: path44)
(Change tool to Default tool)

G00 Z5.000000
G00 X223.146000 Y144.930300

G01 Z-0.125000 F100.0(Penetrate)
G01 X230.587000 Y152.372100 Z-0.125000 F400.000000
G00 Z5.000000

(End cutting path id: path44)


(Start cutting path id: path44)
(Change tool to Default tool)

G00 Z5.000000
G00 X231.873000 Y153.021300

G01 Z-0.125000 F100.0(Penetrate)
G01 X224.453000 Y145.601300 Z-0.125000 F400.000000
G00 Z5.000000

(End cutting path id: path44)


(Start cutting path id: path44)
(Change tool to Default tool)

G00 Z5.000000
G00 X225.741000 Y146.253300

G01 Z-0.125000 F100.0(Penetrate)
G01 X233.111000 Y153.623900 Z-0.125000 F400.000000
G00 Z5.000000

(End cutting path id: path44)


(Start cutting path id: path44)
(Change tool to Default tool)

G00 Z5.000000
G00 X234.590000 Y150.650100

G01 Z-0.125000 F100.0(Penetrate)
G01 X238.159000 Y154.218900 Z-0.125000 F400.000000
G01 X238.382000 Y154.342600 Z-0.125000
G01 X238.539000 Y154.280700 Z-0.125000
G01 X238.577000 Y154.099600 Z-0.125000
G01 X238.442000 Y153.865500 Z-0.125000
G01 X236.176000 Y151.600100 Z-0.125000
G00 Z5.000000

(End cutting path id: path44)


(Start cutting path id: path44)
(Change tool to Default tool)

G00 Z5.000000
G00 X237.572000 Y152.359900

G01 Z-0.125000 F100.0(Penetrate)
G01 X238.727000 Y153.514900 Z-0.125000 F400.000000
G00 Z5.000000

(End cutting path id: path44)


(Start cutting path id: path44)
(Change tool to Default tool)

G00 Z5.000000
G00 X229.269000 Y151.689400

G01 Z-0.125000 F100.0(Penetrate)
G01 X221.825000 Y144.246200 Z-0.125000 F400.000000
G00 Z5.000000

(End cutting path id: path44)


(Start cutting path id: path44)
(Change tool to Default tool)

G00 Z5.000000
G00 X221.258000 Y147.495200

G01 Z-0.125000 F100.0(Penetrate)
G01 X216.693000 Y142.930400 Z-0.125000 F400.000000
G01 X216.557000 Y142.695000 Z-0.125000
G01 X216.592000 Y142.510900 Z-0.125000
G01 X216.745000 Y142.446000 Z-0.125000
G01 X216.967000 Y142.568400 Z-0.125000
G01 X222.452000 Y148.052900 Z-0.125000
G00 Z5.000000

(End cutting path id: path44)


(Start cutting path id: path44)
(Change tool to Default tool)

G00 Z5.000000
G00 X223.823000 Y148.788400

G01 Z-0.125000 F100.0(Penetrate)
G01 X217.229000 Y142.194400 Z-0.125000 F400.000000
G01 X217.090000 Y141.956000 Z-0.125000
G01 X217.118000 Y141.765500 Z-0.125000
G01 X217.266000 Y141.694200 Z-0.125000
G01 X217.485000 Y141.813600 Z-0.125000
G01 X225.193000 Y149.522000 Z-0.125000
G00 Z5.000000

(End cutting path id: path44)


(Start cutting path id: path44)
(Change tool to Default tool)

G00 Z5.000000
G00 X226.562000 Y150.254700

G01 Z-0.125000 F100.0(Penetrate)
G01 X217.737000 Y141.430100 Z-0.125000 F400.000000
G01 X217.597000 Y141.190800 Z-0.125000
G01 X217.623000 Y140.998200 Z-0.125000
G01 X217.769000 Y140.924900 Z-0.125000
G01 X217.987000 Y141.043400 Z-0.125000
G01 X227.926000 Y150.983200 Z-0.125000
G00 Z5.000000

(End cutting path id: path44)


(Start cutting path id: path44)
(Change tool to Default tool)

G00 Z5.000000
G00 X229.567000 Y148.171400

G01 Z-0.125000 F100.0(Penetrate)
G01 X236.080000 Y154.684200 Z-0.125000 F400.000000
G01 X236.702000 Y154.988600 Z-0.125000
G01 X236.907000 Y154.974200 Z-0.125000
G01 X236.848000 Y154.815900 Z-0.125000
G01 X231.076000 Y149.043700 Z-0.125000
G01 X231.081000 Y148.949600 Z-0.125000
G01 X231.427000 Y149.076500 Z-0.125000
G01 X232.255000 Y149.586500 Z-0.125000
G01 X237.406000 Y154.737500 Z-0.125000
G01 X237.647000 Y154.879200 Z-0.125000
G01 X237.843000 Y154.857100 Z-0.125000
G01 X237.920000 Y154.715600 Z-0.125000
G01 X237.804000 Y154.499600 Z-0.125000
G01 X233.366000 Y150.062000 Z-0.125000
G00 Z5.000000

(End cutting path id: path44)


(Start cutting path id: path44)
(Change tool to Default tool)

G00 Z5.000000
G00 X227.025000 Y146.901600

G01 Z-0.125000 F100.0(Penetrate)
G01 X234.142000 Y154.018700 Z-0.125000 F400.000000
G01 X234.874000 Y154.432400 Z-0.125000
G01 X235.154000 Y154.493200 Z-0.125000
G01 X235.129000 Y154.369000 Z-0.125000
G01 X228.297000 Y147.537700 Z-0.125000
G00 Z5.000000

(End cutting path id: path44)


(Start cutting path id: path44)
(Change tool to Default tool)

G00 Z5.000000
G00 X215.890000 Y159.302200

G01 Z-0.125000 F100.0(Penetrate)
G01 X216.730000 Y160.142100 Z-0.125000 F400.000000
G01 X217.258000 Y160.351800 Z-0.125000
G01 X217.397000 Y160.272300 Z-0.125000
G01 X217.308000 Y160.084300 Z-0.125000
G01 X215.882000 Y158.657700 Z-0.125000
G01 X215.537000 Y157.995300 Z-0.125000
G01 X215.524000 Y157.763500 Z-0.125000
G01 X215.670000 Y157.810000 Z-0.125000
G01 X217.762000 Y159.901500 Z-0.125000
G01 X218.005000 Y160.045400 Z-0.125000
G01 X218.206000 Y160.027900 Z-0.125000
G01 X218.288000 Y159.891200 Z-0.125000
G01 X218.173000 Y159.677200 Z-0.125000
G01 X215.461000 Y156.965000 Z-0.125000
G01 X215.124000 Y156.310100 Z-0.125000
G01 X215.116000 Y156.083400 Z-0.125000
G01 X215.264000 Y156.132200 Z-0.125000
G01 X218.549000 Y159.416300 Z-0.125000
G01 X218.775000 Y159.543000 Z-0.125000
G01 X218.938000 Y159.487700 Z-0.125000
G01 X218.982000 Y159.313200 Z-0.125000
G01 X218.850000 Y159.082100 Z-0.125000
G01 X215.067000 Y155.299000 Z-0.125000
G01 X214.735000 Y154.648500 Z-0.125000
G01 X214.730000 Y154.424900 Z-0.125000
G01 X214.880000 Y154.475100 Z-0.125000
G01 X219.012000 Y158.607900 Z-0.125000
G01 X219.186000 Y158.682200 Z-0.125000
G01 X219.234000 Y158.511700 Z-0.125000
G01 X218.979000 Y157.938500 Z-0.125000
G01 X214.692000 Y153.651200 Z-0.125000
G01 X214.360000 Y153.001600 Z-0.125000
G01 X214.356000 Y152.778700 Z-0.125000
G01 X214.506000 Y152.829100 Z-0.125000
G01 X218.885000 Y157.208700 Z-0.125000
G01 X219.043000 Y157.267400 Z-0.125000
G01 X219.057000 Y157.062700 Z-0.125000
G01 X218.753000 Y156.439700 Z-0.125000
G01 X214.324000 Y152.011400 Z-0.125000
G01 X213.995000 Y151.364000 Z-0.125000
G01 X213.992000 Y151.142500 Z-0.125000
G01 X214.143000 Y151.193600 Z-0.125000
G01 X218.625000 Y155.676300 Z-0.125000
G01 X218.771000 Y155.723100 Z-0.125000
G01 X218.759000 Y155.492200 Z-0.125000
G01 X218.416000 Y154.831000 Z-0.125000
G01 X213.962000 Y150.377400 Z-0.125000
G01 X213.635000 Y149.732400 Z-0.125000
G01 X213.634000 Y149.512600 Z-0.125000
G01 X213.786000 Y149.564500 Z-0.125000
G01 X218.241000 Y154.019500 Z-0.125000
G01 X218.390000 Y154.069500 Z-0.125000
G01 X218.385000 Y153.845400 Z-0.125000
G01 X218.051000 Y153.194200 Z-0.125000
G01 X213.609000 Y148.751500 Z-0.125000
G01 X213.282000 Y148.106700 Z-0.125000
G01 X213.281000 Y147.887100 Z-0.125000
G01 X213.432000 Y147.939000 Z-0.125000
G01 X217.864000 Y152.370500 Z-0.125000
G01 X218.013000 Y152.420700 Z-0.125000
G01 X218.009000 Y152.197300 Z-0.125000
G01 X217.676000 Y151.547000 Z-0.125000
G01 X213.260000 Y147.130200 Z-0.125000
G01 X212.935000 Y146.487200 Z-0.125000
G01 X212.935000 Y146.268800 Z-0.125000
G01 X213.087000 Y146.321300 Z-0.125000
G01 X217.489000 Y150.723700 Z-0.125000
G01 X217.640000 Y150.774800 Z-0.125000
G01 X217.637000 Y150.553200 Z-0.125000
G01 X217.307000 Y149.905600 Z-0.125000
G01 X212.860000 Y145.458600 Z-0.125000
G01 X212.564000 Y144.844100 Z-0.125000
G01 X212.584000 Y144.645300 Z-0.125000
G01 X212.744000 Y144.706700 Z-0.125000
G01 X217.186000 Y149.148700 Z-0.125000
G01 X217.329000 Y149.191900 Z-0.125000
G01 X217.309000 Y148.953000 Z-0.125000
G01 X216.954000 Y148.280200 Z-0.125000
G01 X212.576000 Y143.901700 Z-0.125000
G01 X212.253000 Y143.260700 Z-0.125000
G01 X212.254000 Y143.043600 Z-0.125000
G01 X212.407000 Y143.096700 Z-0.125000
G01 X216.786000 Y147.476500 Z-0.125000
G01 X216.940000 Y147.530900 Z-0.125000
G01 X216.945000 Y147.316700 Z-0.125000
G01 X216.626000 Y146.679900 Z-0.125000
G01 X212.239000 Y142.293500 Z-0.125000
G01 X211.918000 Y141.654400 Z-0.125000
G01 X211.921000 Y141.438700 Z-0.125000
G01 X212.075000 Y141.492400 Z-0.125000
G01 X216.478000 Y145.896000 Z-0.125000
G01 X216.639000 Y145.957200 Z-0.125000
G01 X216.658000 Y145.757700 Z-0.125000
G01 X216.360000 Y145.142300 Z-0.125000
G01 X211.910000 Y140.691400 Z-0.125000
G01 X211.589000 Y140.052600 Z-0.125000
G01 X211.592000 Y139.837100 Z-0.125000
G01 X211.745000 Y139.890900 Z-0.125000
G01 X217.053000 Y145.199000 Z-0.125000
G01 X217.845000 Y145.672200 Z-0.125000
G01 X218.165000 Y145.773900 Z-0.125000
G01 X218.159000 Y145.668300 Z-0.125000
G01 X211.585000 Y139.094300 Z-0.125000
G01 X211.266000 Y138.457400 Z-0.125000
G01 X211.270000 Y138.243200 Z-0.125000
G01 X211.424000 Y138.297600 Z-0.125000
G01 X219.733000 Y146.606500 Z-0.125000
G00 Z5.000000

(End cutting path id: path44)


(Start cutting path id: path44)
(Change tool to Default tool)

G00 Z5.000000
G00 X185.910000 Y158.582700

G01 Z-0.125000 F100.0(Penetrate)
G01 X191.170000 Y163.842800 Z-0.125000 F400.000000
G01 X191.721000 Y164.075500 Z-0.125000
G01 X191.876000 Y164.011900 Z-0.125000
G01 X191.794000 Y163.831200 Z-0.125000
G01 X187.945000 Y159.981700 Z-0.125000
G01 X187.945000 Y159.882300 Z-0.125000
G01 X188.279000 Y159.997700 Z-0.125000
G01 X189.090000 Y160.490700 Z-0.125000
G01 X192.438000 Y163.838200 Z-0.125000
G01 X192.997000 Y164.079100 Z-0.125000
G01 X193.157000 Y164.021100 Z-0.125000
G01 X193.078000 Y163.843000 Z-0.125000
G01 X190.152000 Y160.916700 Z-0.125000
G01 X190.096000 Y160.761200 Z-0.125000
G01 X190.306000 Y160.752900 Z-0.125000
G01 X190.938000 Y161.066100 Z-0.125000
G01 X193.716000 Y163.844600 Z-0.125000
G01 X194.271000 Y164.081400 Z-0.125000
G01 X194.429000 Y164.020600 Z-0.125000
G01 X194.349000 Y163.841200 Z-0.125000
G01 X191.781000 Y161.273500 Z-0.125000
G01 X191.717000 Y161.110000 Z-0.125000
G01 X191.910000 Y161.084400 Z-0.125000
G01 X192.516000 Y161.372300 Z-0.125000
G01 X194.982000 Y163.837800 Z-0.125000
G01 X195.533000 Y164.071100 Z-0.125000
G01 X195.688000 Y164.007900 Z-0.125000
G01 X195.607000 Y163.827400 Z-0.125000
G01 X193.213000 Y161.432800 Z-0.125000
G01 X193.138000 Y161.258500 Z-0.125000
G01 X193.307000 Y161.208900 Z-0.125000
G01 X193.878000 Y161.462100 Z-0.125000
G01 X196.225000 Y163.808600 Z-0.125000
G01 X196.766000 Y164.032000 Z-0.125000
G01 X196.915000 Y163.962000 Z-0.125000
G01 X196.830000 Y163.778400 Z-0.125000
G01 X194.520000 Y161.467900 Z-0.125000
G01 X194.435000 Y161.283400 Z-0.125000
G01 X194.582000 Y161.211400 Z-0.125000
G01 X195.120000 Y161.432000 Z-0.125000
G01 X197.421000 Y163.732400 Z-0.125000
G01 X197.944000 Y163.937800 Z-0.125000
G01 X198.080000 Y163.855400 Z-0.125000
G01 X197.990000 Y163.666200 Z-0.125000
G01 X195.726000 Y161.402200 Z-0.125000
G01 X195.636000 Y161.212800 Z-0.125000
G01 X195.773000 Y161.130200 Z-0.125000
G01 X196.296000 Y161.335400 Z-0.125000
G01 X198.536000 Y163.575900 Z-0.125000
G01 X199.033000 Y163.754100 Z-0.125000
G01 X199.150000 Y163.652900 Z-0.125000
G01 X199.052000 Y163.455200 Z-0.125000
G01 X196.846000 Y161.249400 Z-0.125000
G01 X196.750000 Y161.053800 Z-0.125000
G01 X196.872000 Y160.957400 Z-0.125000
G01 X197.375000 Y161.142500 Z-0.125000
G01 X199.542000 Y163.309000 Z-0.125000
G01 X199.794000 Y163.461700 Z-0.125000
G01 X200.014000 Y163.463500 Z-0.125000
G01 X200.115000 Y163.346100 Z-0.125000
G01 X200.010000 Y163.140900 Z-0.125000
G01 X197.888000 Y161.018900 Z-0.125000
G01 X197.786000 Y160.817800 Z-0.125000
G01 X197.896000 Y160.709200 Z-0.125000
G01 X198.381000 Y160.876700 Z-0.125000
G01 X200.460000 Y162.955400 Z-0.125000
G01 X200.707000 Y163.103300 Z-0.125000
G01 X200.918000 Y163.094800 Z-0.125000
G01 X201.009000 Y162.967000 Z-0.125000
G01 X200.898000 Y162.757100 Z-0.125000
G01 X198.860000 Y160.718800 Z-0.125000
G01 X198.753000 Y160.512700 Z-0.125000
G01 X198.852000 Y160.393400 Z-0.125000
G01 X199.071000 Y160.393300 Z-0.125000
G01 X199.322000 Y160.545000 Z-0.125000
G01 X201.327000 Y162.550200 Z-0.125000
G01 X201.572000 Y162.695900 Z-0.125000
G01 X201.777000 Y162.682400 Z-0.125000
G01 X201.863000 Y162.549700 Z-0.125000
G01 X201.751000 Y162.337600 Z-0.125000
G01 X199.769000 Y160.355900 Z-0.125000
G01 X199.658000 Y160.145400 Z-0.125000
G01 X199.747000 Y160.016200 Z-0.125000
G01 X199.956000 Y160.006200 Z-0.125000
G01 X200.203000 Y160.153500 Z-0.125000
G01 X202.171000 Y162.121700 Z-0.125000
G01 X202.414000 Y162.265700 Z-0.125000
G01 X202.616000 Y162.248800 Z-0.125000
G01 X202.698000 Y162.112500 Z-0.125000
G01 X202.584000 Y161.898800 Z-0.125000
G01 X200.621000 Y159.936100 Z-0.125000
G01 X200.506000 Y159.721300 Z-0.125000
G01 X200.586000 Y159.582500 Z-0.125000
G01 X200.785000 Y159.563100 Z-0.125000
G01 X201.027000 Y159.706000 Z-0.125000
G01 X202.988000 Y161.666800 Z-0.125000
G01 X203.229000 Y161.808100 Z-0.125000
G01 X203.424000 Y161.784900 Z-0.125000
G01 X203.501000 Y161.642400 Z-0.125000
G01 X203.383000 Y161.425900 Z-0.125000
G01 X201.421000 Y159.463900 Z-0.125000
G01 X201.302000 Y159.245100 Z-0.125000
G01 X201.373000 Y159.097800 Z-0.125000
G01 X201.564000 Y159.069700 Z-0.125000
G01 X201.802000 Y159.208800 Z-0.125000
G01 X203.770000 Y161.176200 Z-0.125000
G01 X204.007000 Y161.314300 Z-0.125000
G01 X204.196000 Y161.284200 Z-0.125000
G01 X204.265000 Y161.134800 Z-0.125000
G01 X204.145000 Y160.915100 Z-0.125000
G01 X202.172000 Y158.941900 Z-0.125000
G01 X202.049000 Y158.719600 Z-0.125000
G01 X202.112000 Y158.564500 Z-0.125000
G01 X202.295000 Y158.528700 Z-0.125000
G01 X202.530000 Y158.664200 Z-0.125000
G01 X204.511000 Y160.645500 Z-0.125000
G01 X204.746000 Y160.780800 Z-0.125000
G01 X204.928000 Y160.744300 Z-0.125000
G01 X204.991000 Y160.588600 Z-0.125000
G01 X204.868000 Y160.366000 Z-0.125000
G01 X202.878000 Y158.376100 Z-0.125000
G01 X202.752000 Y158.150300 Z-0.125000
G01 X202.808000 Y157.987600 Z-0.125000
G01 X202.983000 Y157.944100 Z-0.125000
G01 X203.214000 Y158.076100 Z-0.125000
G01 X205.218000 Y160.079700 Z-0.125000
G01 X205.449000 Y160.211800 Z-0.125000
G01 X205.625000 Y160.168700 Z-0.125000
G01 X205.681000 Y160.006300 Z-0.125000
G01 X205.555000 Y159.780600 Z-0.125000
G01 X203.540000 Y157.766300 Z-0.125000
G01 X203.411000 Y157.537500 Z-0.125000
G01 X203.460000 Y157.368100 Z-0.125000
G01 X203.629000 Y157.317900 Z-0.125000
G01 X203.857000 Y157.446900 Z-0.125000
G01 X205.882000 Y159.471400 Z-0.125000
G01 X206.110000 Y159.599900 Z-0.125000
G01 X206.277000 Y159.548800 Z-0.125000
G01 X206.325000 Y159.378400 Z-0.125000
G01 X206.195000 Y159.149200 Z-0.125000
G01 X204.164000 Y157.118200 Z-0.125000
G01 X204.032000 Y156.886500 Z-0.125000
G01 X204.075000 Y156.710700 Z-0.125000
G01 X204.237000 Y156.654300 Z-0.125000
G01 X204.463000 Y156.780400 Z-0.125000
G01 X206.498000 Y158.815400 Z-0.125000
G01 X206.722000 Y158.939700 Z-0.125000
G01 X206.880000 Y158.879200 Z-0.125000
G01 X206.919000 Y158.699500 Z-0.125000
G01 X206.784000 Y158.465900 Z-0.125000
G01 X204.764000 Y156.445100 Z-0.125000
G01 X204.634000 Y156.215700 Z-0.125000
G01 X204.682000 Y156.045000 Z-0.125000
G01 X204.849000 Y155.993600 Z-0.125000
G01 X205.077000 Y156.122000 Z-0.125000
G01 X207.056000 Y158.101000 Z-0.125000
G01 X207.274000 Y158.219900 Z-0.125000
G01 X207.420000 Y158.147400 Z-0.125000
G01 X207.447000 Y157.955700 Z-0.125000
G01 X207.307000 Y157.716700 Z-0.125000
G01 X205.404000 Y155.813400 Z-0.125000
G01 X205.279000 Y155.588700 Z-0.125000
G01 X205.337000 Y155.428200 Z-0.125000
G01 X205.514000 Y155.387000 Z-0.125000
G01 X205.747000 Y155.520100 Z-0.125000
G01 X207.534000 Y157.307600 Z-0.125000
G01 X207.744000 Y157.417700 Z-0.125000
G01 X207.871000 Y157.325900 Z-0.125000
G01 X207.878000 Y157.114900 Z-0.125000
G01 X207.730000 Y156.867200 Z-0.125000
G01 X206.116000 Y155.253200 Z-0.125000
G01 X206.000000 Y155.037800 Z-0.125000
G01 X206.079000 Y154.897800 Z-0.125000
G01 X206.277000 Y154.877100 Z-0.125000
G01 X206.518000 Y155.019400 Z-0.125000
G01 X207.888000 Y156.389200 Z-0.125000
G01 X208.077000 Y156.478500 Z-0.125000
G01 X208.158000 Y156.340800 Z-0.125000
G01 X207.950000 Y155.815300 Z-0.125000
G01 X206.975000 Y154.839700 Z-0.125000
G01 X206.888000 Y154.653600 Z-0.125000
G01 X207.031000 Y154.578100 Z-0.125000
G01 X207.565000 Y154.793600 Z-0.125000
G01 X208.091000 Y155.319300 Z-0.125000
G00 Z5.000000

(End cutting path id: path44)


(Start cutting path id: path44)
(Change tool to Default tool)

G00 Z5.000000
G00 X185.389000 Y162.514500

G01 Z-0.125000 F100.0(Penetrate)
G01 X179.628000 Y156.753800 Z-0.125000 F400.000000
G01 X179.154000 Y155.961800 Z-0.125000
G01 X179.052000 Y155.640900 Z-0.125000
G01 X179.157000 Y155.646800 Z-0.125000
G01 X186.470000 Y162.959400 Z-0.125000
G01 X187.222000 Y163.393000 Z-0.125000
G01 X187.515000 Y163.467500 Z-0.125000
G01 X187.496000 Y163.349600 Z-0.125000
G01 X178.726000 Y154.579700 Z-0.125000
G01 X178.337000 Y153.871900 Z-0.125000
G01 X178.292000 Y153.608900 Z-0.125000
G01 X178.424000 Y153.641100 Z-0.125000
G01 X188.336000 Y163.553300 Z-0.125000
G01 X188.952000 Y163.851500 Z-0.125000
G01 X189.152000 Y163.832900 Z-0.125000
G01 X189.091000 Y163.672600 Z-0.125000
G01 X178.191000 Y152.772000 Z-0.125000
G01 X177.868000 Y152.131300 Z-0.125000
G01 X177.870000 Y151.914400 Z-0.125000
G01 X178.023000 Y151.967600 Z-0.125000
G01 X189.797000 Y163.741700 Z-0.125000
G01 X190.376000 Y164.002600 Z-0.125000
G01 X190.550000 Y163.958400 Z-0.125000
G01 X190.477000 Y163.786400 Z-0.125000
G01 X177.896000 Y151.205200 Z-0.125000
G01 X177.601000 Y150.591400 Z-0.125000
G01 X177.621000 Y150.393100 Z-0.125000
G01 X177.782000 Y150.454800 Z-0.125000
G01 X184.012000 Y156.684700 Z-0.125000
G00 Z5.000000

(End cutting path id: path44)


(Start cutting path id: path44)
(Change tool to Default tool)

G00 Z5.000000
G00 X180.669000 Y158.430300

G01 Z-0.125000 F100.0(Penetrate)
G01 X183.798000 Y161.559800 Z-0.125000 F400.000000
G00 Z5.000000

(End cutting path id: path44)


(Start cutting path id: path44)
(Change tool to Default tool)

G00 Z5.000000
G00 X144.064000 Y162.535900

G01 Z-0.125000 F100.0(Penetrate)
G01 X142.830000 Y161.301900 Z-0.125000 F400.000000
G00 Z5.000000

(End cutting path id: path44)


(Start cutting path id: path44)
(Change tool to Default tool)

G00 Z5.000000
G00 X133.817000 Y169.668400

G01 Z-0.125000 F100.0(Penetrate)
G01 X134.609000 Y170.828600 Z-0.125000 F400.000000
G01 X136.959000 Y173.479000 Z-0.125000
G01 X144.347000 Y181.222500 Z-0.125000
G01 X152.008000 Y188.842900 Z-0.125000
G01 X154.699000 Y191.339400 Z-0.125000
G01 X155.968000 Y192.284300 Z-0.125000
G01 X157.063000 Y191.412800 Z-0.125000
G01 X159.618000 Y189.039900 Z-0.125000
G01 X167.580000 Y181.239500 Z-0.125000
G01 X172.978000 Y175.774400 Z-0.125000
G01 X176.248000 Y172.279200 Z-0.125000
G01 X177.768000 Y170.327100 Z-0.125000
G01 X177.988000 Y169.796400 Z-0.125000
G01 X177.911000 Y169.491400 Z-0.125000
G01 X177.609000 Y169.411600 Z-0.125000
G01 X177.086000 Y169.622400 Z-0.125000
G01 X175.174000 Y171.098000 Z-0.125000
G01 X171.757000 Y174.283500 Z-0.125000
G01 X166.417000 Y179.544000 Z-0.125000
G01 X155.626000 Y190.299800 Z-0.125000
G01 X145.308000 Y179.655300 Z-0.125000
G01 X137.906000 Y172.141600 Z-0.125000
G01 X134.598000 Y169.024300 Z-0.125000
G01 X134.207000 Y169.219100 Z-0.125000
G01 X133.817000 Y169.668400 Z-0.125000
G01 X133.817000 Y169.668400 Z-0.125000
G00 Z5.000000

(End cutting path id: path44)


(Footer)
M5
G00 X0.0000 Y0.0000
M2
(Using default footer. To add your own footer create file "footer" in the output dir.)
(end)
%