%
(Header)
(Generated by gcodetools from Inkscape.)
(Using default header. To add your own header create file "header" in the output dir.)
M3
(Header end.)
G21 (All units in mm)

(Start cutting path id: path2)
(Change tool to Default tool)

G00 Z5.000000
G00 X15.893800 Y118.965400

G01 Z-0.125000 F100.0(Penetrate)
G01 X17.475500 Y120.547100 Z-0.125000 F400.000000
G01 X18.120700 Y120.874300 Z-0.125000
G01 X18.340700 Y120.875600 Z-0.125000
G01 X18.288900 Y120.724400 Z-0.125000
G01 X18.166200 Y120.601800 Z-0.125000
G01 X18.191200 Y120.527400 Z-0.125000
G01 X18.444000 Y120.561500 Z-0.125000
G01 X19.004200 Y120.803700 Z-0.125000
G01 X19.025800 Y120.825200 Z-0.125000
G01 X19.411400 Y120.892800 Z-0.125000
G01 X19.564300 Y120.827100 Z-0.125000
G01 X19.557700 Y120.721000 Z-0.125000
G01 X19.542700 Y120.706000 Z-0.125000
G01 X19.689200 Y120.534500 Z-0.125000
G01 X20.045100 Y120.572300 Z-0.125000
G01 X20.046400 Y120.573600 Z-0.125000
G01 X20.367600 Y120.576700 Z-0.125000
G01 X20.482000 Y120.373200 Z-0.125000
G01 X20.482000 Y120.373200 Z-0.125000
G01 X20.576800 Y120.149900 Z-0.125000
G01 X20.878300 Y120.133300 Z-0.125000
G01 X20.880500 Y120.135500 Z-0.125000
G01 X21.174800 Y120.111700 Z-0.125000
G01 X21.258000 Y119.876900 Z-0.125000
G01 X21.252100 Y119.871000 Z-0.125000
G01 X21.313200 Y119.614100 Z-0.125000
G01 X21.597200 Y119.580000 Z-0.125000
G01 X21.603300 Y119.586100 Z-0.125000
G01 X21.890400 Y119.555100 Z-0.125000
G01 X21.942400 Y119.289100 Z-0.125000
G01 X21.936200 Y119.282900 Z-0.125000
G01 X21.966900 Y118.995600 Z-0.125000
G01 X22.245000 Y118.955700 Z-0.125000
G01 X22.250800 Y118.961500 Z-0.125000
G01 X22.532100 Y118.924700 Z-0.125000
G01 X22.554400 Y118.628900 Z-0.125000
G01 X22.549500 Y118.624000 Z-0.125000
G01 X22.554400 Y118.310900 Z-0.125000
G01 X22.683800 Y118.221600 Z-0.125000
G01 X22.828100 Y118.266500 Z-0.125000
G01 X22.832300 Y118.270700 Z-0.125000
G01 X22.978400 Y118.317400 Z-0.125000
G01 X23.105800 Y118.226100 Z-0.125000
G01 X23.102100 Y117.904400 Z-0.125000
G01 X23.097400 Y117.899700 Z-0.125000
G01 X23.075100 Y117.559400 Z-0.125000
G01 X23.194100 Y117.459700 Z-0.125000
G01 X23.339400 Y117.505600 Z-0.125000
G01 X23.344100 Y117.510300 Z-0.125000
G01 X23.491100 Y117.558000 Z-0.125000
G01 X23.607500 Y117.455700 Z-0.125000
G01 X23.575000 Y117.105200 Z-0.125000
G01 X23.564000 Y117.094100 Z-0.125000
G01 X23.525200 Y116.737300 Z-0.125000
G01 X23.635300 Y116.628800 Z-0.125000
G01 X23.778200 Y116.672200 Z-0.125000
G01 X23.793400 Y116.687400 Z-0.125000
G01 X23.921100 Y116.715700 Z-0.125000
G01 X24.019100 Y116.595000 Z-0.125000
G01 X23.983500 Y116.241400 Z-0.125000
G01 X23.973900 Y116.231800 Z-0.125000
G01 X23.965400 Y115.905300 Z-0.125000
G01 X24.073000 Y115.794200 Z-0.125000
G01 X24.199000 Y115.820800 Z-0.125000
G01 X24.204100 Y115.825900 Z-0.125000
G01 X24.324700 Y115.847100 Z-0.125000
G01 X24.427600 Y115.731300 Z-0.125000
G01 X24.419100 Y115.404800 Z-0.125000
G01 X24.415600 Y115.401300 Z-0.125000
G01 X24.416900 Y115.084600 Z-0.125000
G01 X24.643200 Y114.992800 Z-0.125000
G01 X24.645700 Y114.995300 Z-0.125000
G01 X24.868000 Y114.899600 Z-0.125000
G01 X24.870400 Y114.584000 Z-0.125000
G01 X24.869500 Y114.583000 Z-0.125000
G01 X24.875400 Y114.270800 Z-0.125000
G01 X25.099200 Y114.176600 Z-0.125000
G01 X25.101100 Y114.178500 Z-0.125000
G01 X25.322000 Y114.081400 Z-0.125000
G01 X25.328900 Y113.770200 Z-0.125000
G01 X25.328900 Y113.770200 Z-0.125000
G01 X25.338800 Y113.462000 Z-0.125000
G01 X25.562700 Y113.367900 Z-0.125000
G01 X26.514600 Y114.319800 Z-0.125000
G01 X26.641700 Y114.347500 Z-0.125000
G01 X26.587500 Y114.074600 Z-0.125000
G01 X26.183200 Y113.352300 Z-0.125000
G01 X25.871500 Y113.040600 Z-0.125000
G01 X25.806500 Y112.657600 Z-0.125000
G01 X25.932600 Y112.564900 Z-0.125000
G01 X26.105700 Y112.638700 Z-0.125000
G01 X26.157700 Y112.690700 Z-0.125000
G01 X26.275700 Y112.709300 Z-0.125000
G01 X26.353200 Y112.568200 Z-0.125000
G01 X26.288800 Y112.185700 Z-0.125000
G01 X26.274100 Y112.171000 Z-0.125000
G01 X26.276300 Y111.855100 Z-0.125000
G01 X26.509200 Y111.770100 Z-0.125000
G01 X26.509800 Y111.770600 Z-0.125000
G01 X26.739700 Y111.682400 Z-0.125000
G01 X26.739800 Y111.364500 Z-0.125000
G01 X26.739800 Y111.364500 Z-0.125000
G01 X26.739900 Y111.046500 Z-0.125000
G01 X26.969600 Y110.958200 Z-0.125000
G01 X26.969900 Y110.958500 Z-0.125000
G01 X27.198500 Y110.869000 Z-0.125000
G01 X27.196800 Y110.549300 Z-0.125000
G01 X27.194700 Y110.547200 Z-0.125000
G01 X27.182900 Y110.217400 Z-0.125000
G01 X27.284800 Y110.100600 Z-0.125000
G01 X27.405700 Y110.122100 Z-0.125000
G01 X27.408900 Y110.125300 Z-0.125000
G01 X27.530100 Y110.147100 Z-0.125000
G01 X27.628300 Y110.026700 Z-0.125000
G01 X27.606800 Y109.687100 Z-0.125000
G01 X27.604400 Y109.684700 Z-0.125000
G01 X27.557600 Y109.319900 Z-0.125000
G01 X27.640600 Y109.184200 Z-0.125000
G01 X27.756500 Y109.200700 Z-0.125000
G01 X27.765800 Y109.210000 Z-0.125000
G01 X27.885800 Y109.230600 Z-0.125000
G01 X27.964700 Y109.090800 Z-0.125000
G01 X27.899400 Y108.707500 Z-0.125000
G01 X27.876200 Y108.684300 Z-0.125000
G01 X27.746300 Y108.236300 Z-0.125000
G01 X27.802600 Y108.074000 Z-0.125000
G01 X27.927000 Y108.099000 Z-0.125000
G01 X27.940500 Y108.112500 Z-0.125000
G01 X28.069100 Y108.141700 Z-0.125000
G01 X28.115900 Y107.969800 Z-0.125000
G01 X27.953800 Y107.489600 Z-0.125000
G01 X27.949300 Y107.485100 Z-0.125000
G01 X27.653900 Y106.871700 Z-0.125000
G01 X27.613200 Y106.612400 Z-0.125000
G01 X27.705000 Y106.604800 Z-0.125000
G01 X27.811100 Y106.710900 Z-0.125000
G01 X27.967100 Y106.767500 Z-0.125000
G01 X27.976400 Y106.558200 Z-0.125000
G01 X27.664700 Y105.928300 Z-0.125000
G01 X26.251300 Y104.515000 Z-0.125000
G01 X25.594600 Y104.176400 Z-0.125000
G01 X25.348100 Y104.148500 Z-0.125000
G01 X25.375100 Y104.274900 Z-0.125000
G01 X25.452200 Y104.351900 Z-0.125000
G01 X25.436400 Y104.435600 Z-0.125000
G01 X25.203600 Y104.421400 Z-0.125000
G01 X24.672000 Y104.207900 Z-0.125000
G01 X24.672000 Y104.207900 Z-0.125000
G01 X23.862500 Y104.034500 Z-0.125000
G01 X23.438600 Y104.047900 Z-0.125000
G01 X23.336000 Y104.144000 Z-0.125000
G01 X23.543900 Y104.352000 Z-0.125000
G01 X23.557600 Y104.465100 Z-0.125000
G01 X23.422600 Y104.548700 Z-0.125000
G01 X23.065200 Y104.509400 Z-0.125000
G01 X23.065200 Y104.509400 Z-0.125000
G01 X22.730500 Y104.492800 Z-0.125000
G01 X22.611000 Y104.591900 Z-0.125000
G01 X22.631700 Y104.712000 Z-0.125000
G01 X22.631700 Y104.712000 Z-0.125000
G01 X22.553000 Y104.951300 Z-0.125000
G01 X22.238500 Y104.954900 Z-0.125000
G01 X22.233000 Y104.949400 Z-0.125000
G01 X21.932500 Y104.967000 Z-0.125000
G01 X21.878900 Y105.231400 Z-0.125000
G01 X21.888600 Y105.241100 Z-0.125000
G01 X21.869000 Y105.539500 Z-0.125000
G01 X21.583400 Y105.572000 Z-0.125000
G01 X21.576100 Y105.564700 Z-0.125000
G01 X21.426100 Y105.514100 Z-0.125000
G01 X21.290500 Y105.597100 Z-0.125000
G01 X21.282300 Y105.907000 Z-0.125000
G01 X21.283700 Y105.908400 Z-0.125000
G01 X21.279500 Y106.222200 Z-0.125000
G01 X21.147800 Y106.309200 Z-0.125000
G01 X21.000500 Y106.261300 Z-0.125000
G01 X20.996700 Y106.257500 Z-0.125000
G01 X20.854300 Y106.214400 Z-0.125000
G01 X20.727700 Y106.306600 Z-0.125000
G01 X20.725800 Y106.622700 Z-0.125000
G01 X20.731700 Y106.628600 Z-0.125000
G01 X20.722300 Y106.937300 Z-0.125000
G01 X20.596200 Y107.029800 Z-0.125000
G01 X20.457600 Y106.990700 Z-0.125000
G01 X20.453900 Y106.987000 Z-0.125000
G01 X20.320200 Y106.952600 Z-0.125000
G01 X20.199500 Y107.050600 Z-0.125000
G01 X20.192900 Y107.362100 Z-0.125000
G01 X20.198000 Y107.367200 Z-0.125000
G01 X20.183500 Y107.670700 Z-0.125000
G01 X19.931200 Y107.736400 Z-0.125000
G01 X19.927600 Y107.732800 Z-0.125000
G01 X19.685400 Y107.808700 Z-0.125000
G01 X19.673800 Y108.115100 Z-0.125000
G01 X19.677200 Y108.118500 Z-0.125000
G01 X19.658600 Y108.418000 Z-0.125000
G01 X19.416500 Y108.493900 Z-0.125000
G01 X19.414100 Y108.491500 Z-0.125000
G01 X19.179400 Y108.574900 Z-0.125000
G01 X19.163600 Y108.877100 Z-0.125000
G01 X19.166300 Y108.879800 Z-0.125000
G01 X19.145500 Y109.177100 Z-0.125000
G01 X18.911200 Y109.260900 Z-0.125000
G01 X18.911100 Y109.260800 Z-0.125000
G01 X18.679600 Y109.347300 Z-0.125000
G01 X18.661400 Y109.647100 Z-0.125000
G01 X18.662100 Y109.647800 Z-0.125000
G01 X18.643200 Y109.946900 Z-0.125000
G01 X18.412400 Y110.034200 Z-0.125000
G01 X18.412400 Y110.034200 Z-0.125000
G01 X18.183200 Y110.123100 Z-0.125000
G01 X18.165900 Y110.423800 Z-0.125000
G01 X18.166900 Y110.424800 Z-0.125000
G01 X18.151800 Y110.727800 Z-0.125000
G01 X17.923000 Y110.817000 Z-0.125000
G01 X17.921700 Y110.815700 Z-0.125000
G01 X17.690500 Y110.902500 Z-0.125000
G01 X17.675600 Y111.205800 Z-0.125000
G01 X17.679300 Y111.209500 Z-0.125000
G01 X17.672800 Y111.521000 Z-0.125000
G01 X17.442400 Y111.608700 Z-0.125000
G01 X17.440100 Y111.606400 Z-0.125000
G01 X17.207000 Y111.691200 Z-0.125000
G01 X17.202200 Y112.004500 Z-0.125000
G01 X17.205300 Y112.007600 Z-0.125000
G01 X17.209000 Y112.329400 Z-0.125000
G01 X17.101500 Y112.440600 Z-0.125000
G01 X16.978000 Y112.416400 Z-0.125000
G01 X16.975000 Y112.413400 Z-0.125000
G01 X16.849400 Y112.387200 Z-0.125000
G01 X16.741500 Y112.498000 Z-0.125000
G01 X16.748700 Y112.823200 Z-0.125000
G01 X16.752200 Y112.826700 Z-0.125000
G01 X16.768300 Y113.160800 Z-0.125000
G01 X16.663200 Y113.274400 Z-0.125000
G01 X16.536600 Y113.247200 Z-0.125000
G01 X16.534300 Y113.244900 Z-0.125000
G01 X16.411400 Y113.221400 Z-0.125000
G01 X16.311800 Y113.340400 Z-0.125000
G01 X16.333300 Y113.680000 Z-0.125000
G01 X16.334300 Y113.681000 Z-0.125000
G01 X16.364200 Y114.028900 Z-0.125000
G01 X16.271300 Y114.154700 Z-0.125000
G01 X16.152000 Y114.134900 Z-0.125000
G01 X16.152000 Y114.134900 Z-0.125000
G01 X16.037400 Y114.119600 Z-0.125000
G01 X15.954600 Y114.255500 Z-0.125000
G01 X15.999100 Y114.618100 Z-0.125000
G01 X16.007800 Y114.626800 Z-0.125000
G01 X16.084100 Y115.021100 Z-0.125000
G01 X16.014900 Y115.170600 Z-0.125000
G01 X15.901000 Y115.156000 Z-0.125000
G01 X15.897200 Y115.152200 Z-0.125000
G01 X15.789100 Y115.143500 Z-0.125000
G01 X15.731300 Y115.304400 Z-0.125000
G01 X15.822600 Y115.713800 Z-0.125000
G01 X15.822600 Y115.713800 Z-0.125000
G01 X15.945900 Y116.155100 Z-0.125000
G01 X15.910200 Y116.338000 Z-0.125000
G01 X15.812100 Y116.339300 Z-0.125000
G01 X15.804000 Y116.331200 Z-0.125000
G01 X15.696600 Y116.323300 Z-0.125000
G01 X15.651700 Y116.497000 Z-0.125000
G01 X15.772800 Y116.936100 Z-0.125000
G01 X15.783600 Y116.946900 Z-0.125000
G01 X15.972900 Y117.454300 Z-0.125000
G01 X15.964900 Y117.664900 Z-0.125000
G01 X15.867300 Y117.666800 Z-0.125000
G01 X15.842600 Y117.642100 Z-0.125000
G01 X15.717400 Y117.616300 Z-0.125000
G01 X15.683200 Y117.800700 Z-0.125000
G01 X15.868100 Y118.303700 Z-0.125000
G01 X16.275700 Y118.711300 Z-0.125000
G00 Z5.000000

(End cutting path id: path2)


(Start cutting path id: path2)
(Change tool to Default tool)

G00 Z5.000000
G00 X27.445200 Y115.886500

G01 Z-0.125000 F100.0(Penetrate)
G01 X26.655100 Y115.096400 Z-0.125000 F400.000000
G00 Z5.000000

(End cutting path id: path2)


(Start cutting path id: path2)
(Change tool to Default tool)

G00 Z5.000000
G00 X28.188400 Y117.265800

G01 Z-0.125000 F100.0(Penetrate)
G01 X27.315700 Y116.393100 Z-0.125000 F400.000000
G00 Z5.000000

(End cutting path id: path2)


(Start cutting path id: path2)
(Change tool to Default tool)

G00 Z5.000000
G00 X29.788000 Y120.137600

G01 Z-0.125000 F100.0(Penetrate)
G01 X30.448400 Y120.798000 Z-0.125000 F400.000000
G00 Z5.000000

(End cutting path id: path2)


(Start cutting path id: path2)
(Change tool to Default tool)

G00 Z5.000000
G00 X32.828400 Y122.541900

G01 Z-0.125000 F100.0(Penetrate)
G01 X28.012400 Y117.725900 Z-0.125000 F400.000000
G00 Z5.000000

(End cutting path id: path2)


(Start cutting path id: path2)
(Change tool to Default tool)

G00 Z5.000000
G00 X34.194700 Y115.638900

G01 Z-0.125000 F100.0(Penetrate)
G01 X33.555600 Y114.999800 Z-0.125000 F400.000000
G01 X33.054200 Y114.180300 Z-0.125000
G01 X32.933100 Y113.840600 Z-0.125000
G01 X33.029800 Y113.837900 Z-0.125000
G01 X33.329000 Y114.137100 Z-0.125000
G01 X33.420700 Y114.129400 Z-0.125000
G01 X33.288400 Y113.778500 Z-0.125000
G01 X32.770800 Y112.942800 Z-0.125000
G01 X32.555600 Y112.727600 Z-0.125000
G01 X32.094400 Y111.948300 Z-0.125000
G01 X32.001000 Y111.636200 Z-0.125000
G01 X32.110300 Y111.646200 Z-0.125000
G01 X32.266000 Y111.801900 Z-0.125000
G01 X32.376300 Y111.812800 Z-0.125000
G01 X32.285100 Y111.502900 Z-0.125000
G01 X31.827100 Y110.726900 Z-0.125000
G01 X31.766700 Y110.666500 Z-0.125000
G01 X31.359000 Y109.940700 Z-0.125000
G01 X31.302300 Y109.665400 Z-0.125000
G01 X31.428400 Y109.692100 Z-0.125000
G01 X31.464100 Y109.727800 Z-0.125000
G01 X31.589300 Y109.753600 Z-0.125000
G01 X31.532100 Y109.477800 Z-0.125000
G01 X31.125100 Y108.752700 Z-0.125000
G01 X31.122400 Y108.750000 Z-0.125000
G01 X30.744500 Y108.054000 Z-0.125000
G01 X30.704900 Y107.795700 Z-0.125000
G01 X30.836300 Y107.827800 Z-0.125000
G01 X30.845300 Y107.836800 Z-0.125000
G01 X30.972300 Y107.864400 Z-0.125000
G01 X30.935400 Y107.608800 Z-0.125000
G01 X30.573700 Y106.929100 Z-0.125000
G01 X30.567100 Y106.922500 Z-0.125000
G01 X30.227700 Y106.265000 Z-0.125000
G01 X30.199900 Y106.018600 Z-0.125000
G01 X30.326800 Y106.046100 Z-0.125000
G01 X30.330300 Y106.049600 Z-0.125000
G01 X30.455200 Y106.075100 Z-0.125000
G01 X30.427700 Y105.829000 Z-0.125000
G01 X30.093500 Y105.176700 Z-0.125000
G01 X30.082900 Y105.166100 Z-0.125000
G01 X29.777600 Y104.542700 Z-0.125000
G01 X29.760000 Y104.306500 Z-0.125000
G01 X29.882600 Y104.329700 Z-0.125000
G01 X29.887500 Y104.334600 Z-0.125000
G01 X30.005400 Y104.353100 Z-0.125000
G01 X29.984300 Y104.113300 Z-0.125000
G01 X29.680300 Y103.491300 Z-0.125000
G01 X29.673200 Y103.484200 Z-0.125000
G01 X29.390000 Y102.882900 Z-0.125000
G01 X29.376500 Y102.650800 Z-0.125000
G01 X29.493300 Y102.668200 Z-0.125000
G01 X29.498000 Y102.672900 Z-0.125000
G01 X29.610900 Y102.686400 Z-0.125000
G01 X29.595500 Y102.452300 Z-0.125000
G01 X29.315900 Y101.854700 Z-0.125000
G01 X29.310800 Y101.849600 Z-0.125000
G01 X29.047100 Y101.267800 Z-0.125000
G01 X29.037700 Y101.039700 Z-0.125000
G01 X29.150100 Y101.052800 Z-0.125000
G01 X29.153900 Y101.056600 Z-0.125000
G01 X29.263600 Y101.066900 Z-0.125000
G01 X29.253300 Y100.837900 Z-0.125000
G01 X28.993500 Y100.260100 Z-0.125000
G01 X28.989900 Y100.256500 Z-0.125000
G01 X28.742100 Y99.690600 Z-0.125000
G01 X28.736800 Y99.466600 Z-0.125000
G01 X28.846300 Y99.476800 Z-0.125000
G01 X28.848800 Y99.479300 Z-0.125000
G01 X28.956900 Y99.487900 Z-0.125000
G01 X28.951500 Y99.264000 Z-0.125000
G01 X28.707100 Y98.701500 Z-0.125000
G01 X28.704200 Y98.698600 Z-0.125000
G01 X28.469400 Y98.145800 Z-0.125000
G01 X28.468000 Y97.925700 Z-0.125000
G01 X28.576000 Y97.934200 Z-0.125000
G01 X28.576000 Y97.934200 Z-0.125000
G01 X28.684700 Y97.943600 Z-0.125000
G01 X28.684900 Y97.725200 Z-0.125000
G01 X28.452600 Y97.174800 Z-0.125000
G01 X28.451600 Y97.173800 Z-0.125000
G01 X28.224100 Y96.628200 Z-0.125000
G01 X28.227300 Y96.412800 Z-0.125000
G01 X28.337100 Y96.423200 Z-0.125000
G01 X28.337100 Y96.423200 Z-0.125000
G01 X28.447800 Y96.434500 Z-0.125000
G01 X28.452900 Y96.220900 Z-0.125000
G01 X28.228100 Y95.678000 Z-0.125000
G01 X28.225500 Y95.675400 Z-0.125000
G01 X28.002100 Y95.134000 Z-0.125000
G01 X28.010100 Y94.923300 Z-0.125000
G01 X28.123400 Y94.937200 Z-0.125000
G01 X28.123400 Y94.937200 Z-0.125000
G01 X28.237500 Y94.952000 Z-0.125000
G01 X28.247400 Y94.743200 Z-0.125000
G01 X28.026700 Y94.204500 Z-0.125000
G01 X28.023900 Y94.201700 Z-0.125000
G01 X27.801800 Y93.661500 Z-0.125000
G01 X27.813200 Y93.454200 Z-0.125000
G01 X27.929800 Y93.471400 Z-0.125000
G01 X27.932800 Y93.474400 Z-0.125000
G01 X28.053300 Y93.495600 Z-0.125000
G01 X28.069400 Y93.293000 Z-0.125000
G01 X27.849800 Y92.755400 Z-0.125000
G01 X27.845800 Y92.751400 Z-0.125000
G01 X27.620300 Y92.207800 Z-0.125000
G01 X27.635900 Y92.004700 Z-0.125000
G01 X27.758800 Y92.028300 Z-0.125000
G01 X27.763300 Y92.032800 Z-0.125000
G01 X27.891900 Y92.062000 Z-0.125000
G01 X27.913600 Y91.865000 Z-0.125000
G01 X27.690800 Y91.324100 Z-0.125000
G01 X27.685400 Y91.318700 Z-0.125000
G01 X27.471900 Y90.787200 Z-0.125000
G01 X27.497900 Y90.594600 Z-0.125000
G01 X27.627100 Y90.624300 Z-0.125000
G01 X27.631200 Y90.628400 Z-0.125000
G01 X27.756600 Y90.654500 Z-0.125000
G01 X27.780400 Y90.459600 Z-0.125000
G01 X27.569300 Y89.930400 Z-0.125000
G01 X27.563600 Y89.924700 Z-0.125000
G01 X27.365700 Y89.408800 Z-0.125000
G01 X27.393300 Y89.217700 Z-0.125000
G01 X27.516800 Y89.241900 Z-0.125000
G01 X27.522000 Y89.247100 Z-0.125000
G01 X27.641000 Y89.266600 Z-0.125000
G01 X27.665700 Y89.072700 Z-0.125000
G01 X27.470700 Y88.559700 Z-0.125000
G01 X27.465700 Y88.554700 Z-0.125000
G01 X27.282500 Y88.053400 Z-0.125000
G01 X27.310600 Y87.862800 Z-0.125000
G01 X27.427800 Y87.880700 Z-0.125000
G01 X27.434000 Y87.886900 Z-0.125000
G01 X27.545600 Y87.899000 Z-0.125000
G01 X27.569700 Y87.704500 Z-0.125000
G01 X27.389100 Y87.205900 Z-0.125000
G01 X27.385200 Y87.202000 Z-0.125000
G01 X27.215600 Y86.714300 Z-0.125000
G01 X27.243600 Y86.523600 Z-0.125000
G01 X27.354400 Y86.535100 Z-0.125000
G01 X27.359000 Y86.539700 Z-0.125000
G01 X27.465600 Y86.546900 Z-0.125000
G01 X27.490700 Y86.353300 Z-0.125000
G01 X27.323200 Y85.867700 Z-0.125000
G01 X27.319300 Y85.863800 Z-0.125000
G01 X27.161200 Y85.387700 Z-0.125000
G01 X27.189100 Y85.196900 Z-0.125000
G01 X27.294500 Y85.202900 Z-0.125000
G01 X27.297300 Y85.205700 Z-0.125000
G01 X27.400100 Y85.209200 Z-0.125000
G01 X27.426400 Y85.016800 Z-0.125000
G01 X27.269700 Y84.542100 Z-0.125000
G01 X27.266800 Y84.539200 Z-0.125000
G01 X27.117100 Y84.071400 Z-0.125000
G01 X27.145400 Y83.881000 Z-0.125000
G01 X27.247300 Y83.883600 Z-0.125000
G01 X27.248900 Y83.885200 Z-0.125000
G01 X27.349400 Y83.886300 Z-0.125000
G01 X27.376700 Y83.694900 Z-0.125000
G01 X27.227600 Y83.227700 Z-0.125000
G01 X27.226000 Y83.226100 Z-0.125000
G01 X27.081900 Y82.764000 Z-0.125000
G01 X27.111100 Y82.574500 Z-0.125000
G01 X27.211400 Y82.575400 Z-0.125000
G01 X27.212000 Y82.576000 Z-0.125000
G01 X27.311600 Y82.576200 Z-0.125000
G01 X27.340100 Y82.386100 Z-0.125000
G01 X27.195900 Y81.923900 Z-0.125000
G01 X27.195400 Y81.923300 Z-0.125000
G01 X27.054800 Y81.464700 Z-0.125000
G01 X27.085200 Y81.276500 Z-0.125000
G01 X27.185400 Y81.277300 Z-0.125000
G01 X27.185400 Y81.277300 Z-0.125000
G01 X27.285700 Y81.278200 Z-0.125000
G01 X27.316300 Y81.090100 Z-0.125000
G01 X27.175900 Y80.631700 Z-0.125000
G01 X27.175700 Y80.631500 Z-0.125000
G01 X27.036200 Y80.173900 Z-0.125000
G01 X27.067700 Y79.986700 Z-0.125000
G01 X27.168500 Y79.988100 Z-0.125000
G01 X27.169100 Y79.988800 Z-0.125000
G01 X27.271000 Y79.991300 Z-0.125000
G01 X27.304000 Y79.805600 Z-0.125000
G01 X27.165800 Y79.349300 Z-0.125000
G01 X27.164800 Y79.348300 Z-0.125000
G01 X27.025200 Y78.890600 Z-0.125000
G01 X27.058100 Y78.704900 Z-0.125000
G01 X27.160500 Y78.708000 Z-0.125000
G01 X27.162000 Y78.709500 Z-0.125000
G01 X27.266800 Y78.714900 Z-0.125000
G01 X27.302700 Y78.532100 Z-0.125000
G01 X27.165100 Y78.076500 Z-0.125000
G01 X27.163200 Y78.074600 Z-0.125000
G01 X27.021700 Y77.615000 Z-0.125000
G01 X27.056600 Y77.431200 Z-0.125000
G01 X27.162100 Y77.437300 Z-0.125000
G01 X27.164800 Y77.440000 Z-0.125000
G01 X27.273800 Y77.449600 Z-0.125000
G01 X27.312300 Y77.269500 Z-0.125000
G01 X27.172500 Y76.811700 Z-0.125000
G01 X27.170900 Y76.810100 Z-0.125000
G01 X27.027900 Y76.349000 Z-0.125000
G01 X27.065700 Y76.168100 Z-0.125000
G01 X27.175300 Y76.178400 Z-0.125000
G01 X27.178300 Y76.181400 Z-0.125000
G01 X27.291500 Y76.195200 Z-0.125000
G01 X27.332800 Y76.017800 Z-0.125000
G01 X27.190800 Y75.557700 Z-0.125000
G01 X27.188500 Y75.555400 Z-0.125000
G01 X27.042900 Y75.091800 Z-0.125000
G01 X27.083900 Y74.914200 Z-0.125000
G01 X27.198500 Y74.929300 Z-0.125000
G01 X27.201800 Y74.932600 Z-0.125000
G01 X27.319800 Y74.951200 Z-0.125000
G01 X27.364000 Y74.776700 Z-0.125000
G01 X27.218400 Y74.313100 Z-0.125000
G01 X27.216400 Y74.311100 Z-0.125000
G01 X27.068600 Y73.845300 Z-0.125000
G01 X27.113200 Y73.671200 Z-0.125000
G01 X27.232700 Y73.691300 Z-0.125000
G01 X27.236100 Y73.694700 Z-0.125000
G01 X27.359100 Y73.718400 Z-0.125000
G01 X27.406800 Y73.547400 Z-0.125000
G01 X27.258800 Y73.081300 Z-0.125000
G01 X27.256800 Y73.079300 Z-0.125000
G01 X27.107300 Y72.611800 Z-0.125000
G01 X27.155800 Y72.441600 Z-0.125000
G01 X27.280600 Y72.467000 Z-0.125000
G01 X27.282600 Y72.468900 Z-0.125000
G01 X27.409600 Y72.496500 Z-0.125000
G01 X27.460300 Y72.328600 Z-0.125000
G01 X27.311300 Y71.861600 Z-0.125000
G01 X27.310000 Y71.860300 Z-0.125000
G01 X27.162900 Y71.395100 Z-0.125000
G01 X27.215300 Y71.228800 Z-0.125000
G01 X27.343200 Y71.257300 Z-0.125000
G01 X27.344800 Y71.258900 Z-0.125000
G01 X27.471800 Y71.286600 Z-0.125000
G01 X27.524300 Y71.120400 Z-0.125000
G01 X27.379600 Y70.657600 Z-0.125000
G01 X27.377100 Y70.655100 Z-0.125000
G01 X27.238300 Y70.198200 Z-0.125000
G01 X27.292500 Y70.033800 Z-0.125000
G01 X27.418800 Y70.060700 Z-0.125000
G01 X27.420400 Y70.062300 Z-0.125000
G01 X27.545200 Y70.087700 Z-0.125000
G01 X27.598700 Y69.922600 Z-0.125000
G01 X27.461100 Y69.466900 Z-0.125000
G01 X27.457800 Y69.463600 Z-0.125000
G01 X27.326800 Y69.014600 Z-0.125000
G01 X27.381800 Y68.850900 Z-0.125000
G01 X27.505200 Y68.874900 Z-0.125000
G01 X27.506000 Y68.875700 Z-0.125000
G01 X27.628800 Y68.899100 Z-0.125000
G01 X27.683400 Y68.735100 Z-0.125000
G01 X27.553100 Y68.286700 Z-0.125000
G01 X27.549900 Y68.283500 Z-0.125000
G01 X27.425800 Y67.841300 Z-0.125000
G01 X27.481700 Y67.678600 Z-0.125000
G01 X27.603000 Y67.700500 Z-0.125000
G01 X27.603900 Y67.701400 Z-0.125000
G01 X27.724200 Y67.722400 Z-0.125000
G01 X27.779400 Y67.558800 Z-0.125000
G01 X27.655400 Y67.116800 Z-0.125000
G01 X27.652400 Y67.113800 Z-0.125000
G01 X27.535000 Y66.678400 Z-0.125000
G01 X27.591800 Y66.516500 Z-0.125000
G01 X27.711000 Y66.536300 Z-0.125000
G01 X27.712100 Y66.537400 Z-0.125000
G01 X27.830100 Y66.556000 Z-0.125000
G01 X27.885700 Y66.392900 Z-0.125000
G01 X27.768000 Y65.957200 Z-0.125000
G01 X27.765200 Y65.954400 Z-0.125000
G01 X27.654400 Y65.525500 Z-0.125000
G01 X27.712100 Y65.364600 Z-0.125000
G01 X27.829200 Y65.382300 Z-0.125000
G01 X27.831100 Y65.384200 Z-0.125000
G01 X27.946300 Y65.400000 Z-0.125000
G01 X28.002300 Y65.237300 Z-0.125000
G01 X27.891400 Y64.808400 Z-0.125000
G01 X27.889600 Y64.806600 Z-0.125000
G01 X27.784400 Y64.383400 Z-0.125000
G01 X27.842600 Y64.222900 Z-0.125000
G01 X27.957600 Y64.238500 Z-0.125000
G01 X27.960100 Y64.241000 Z-0.125000
G01 X28.072700 Y64.254200 Z-0.125000
G01 X28.129000 Y64.091800 Z-0.125000
G01 X28.024500 Y63.669300 Z-0.125000
G01 X28.023600 Y63.668400 Z-0.125000
G01 X27.924100 Y63.250800 Z-0.125000
G01 X27.982900 Y63.091000 Z-0.125000
G01 X28.096000 Y63.104700 Z-0.125000
G01 X28.098300 Y63.107000 Z-0.125000
G01 X28.209400 Y63.118700 Z-0.125000
G01 X28.267000 Y62.957600 Z-0.125000
G01 X28.168600 Y62.541200 Z-0.125000
G01 X28.167700 Y62.540200 Z-0.125000
G01 X28.073600 Y62.128100 Z-0.125000
G01 X28.133100 Y61.969000 Z-0.125000
G01 X28.244500 Y61.981000 Z-0.125000
G01 X28.246500 Y61.983000 Z-0.125000
G01 X28.356300 Y61.993400 Z-0.125000
G01 X28.415200 Y61.833600 Z-0.125000
G01 X28.322700 Y61.423100 Z-0.125000
G01 X28.321700 Y61.422100 Z-0.125000
G01 X28.232700 Y61.015100 Z-0.125000
G01 X28.293100 Y60.856700 Z-0.125000
G01 X28.403000 Y60.867200 Z-0.125000
G01 X28.404700 Y60.868900 Z-0.125000
G01 X28.513400 Y60.878300 Z-0.125000
G01 X28.573600 Y60.719900 Z-0.125000
G01 X28.486700 Y60.314900 Z-0.125000
G01 X28.485800 Y60.314000 Z-0.125000
G01 X28.401600 Y59.911700 Z-0.125000
G01 X28.462800 Y59.754200 Z-0.125000
G01 X28.571400 Y59.763500 Z-0.125000
G01 X28.572800 Y59.764900 Z-0.125000
G01 X28.680800 Y59.773500 Z-0.125000
G01 X28.742400 Y59.616500 Z-0.125000
G01 X28.660800 Y59.216800 Z-0.125000
G01 X28.660800 Y59.216800 Z-0.125000
G01 X28.574200 Y58.812100 Z-0.125000
G01 X28.632400 Y58.651600 Z-0.125000
G01 X28.738800 Y58.658700 Z-0.125000
G01 X28.750700 Y58.670600 Z-0.125000
G01 X28.858200 Y58.678700 Z-0.125000
G01 X28.921500 Y58.523300 Z-0.125000
G01 X28.844800 Y58.128600 Z-0.125000
G01 X28.843800 Y58.127600 Z-0.125000
G01 X28.769200 Y57.734900 Z-0.125000
G01 X28.832900 Y57.579900 Z-0.125000
G01 X28.939900 Y57.587500 Z-0.125000
G01 X28.940400 Y57.588100 Z-0.125000
G01 X29.047400 Y57.595600 Z-0.125000
G01 X29.111800 Y57.441400 Z-0.125000
G01 X29.039000 Y57.050500 Z-0.125000
G01 X29.038200 Y57.049800 Z-0.125000
G01 X28.967500 Y56.661000 Z-0.125000
G01 X29.032700 Y56.507500 Z-0.125000
G01 X29.139600 Y56.515000 Z-0.125000
G01 X29.140000 Y56.515500 Z-0.125000
G01 X29.246800 Y56.522900 Z-0.125000
G01 X29.312500 Y56.369900 Z-0.125000
G01 X29.243100 Y55.982500 Z-0.125000
G01 X29.242800 Y55.982100 Z-0.125000
G01 X29.175600 Y55.596900 Z-0.125000
G01 X29.242300 Y55.445000 Z-0.125000
G01 X29.349400 Y55.452600 Z-0.125000
G01 X29.349800 Y55.453100 Z-0.125000
G01 X29.456700 Y55.460600 Z-0.125000
G01 X29.523700 Y55.308900 Z-0.125000
G01 X29.457500 Y54.924700 Z-0.125000
G01 X29.457500 Y54.924600 Z-0.125000
G01 X29.393400 Y54.542500 Z-0.125000
G01 X29.461900 Y54.392400 Z-0.125000
G01 X29.569400 Y54.400500 Z-0.125000
G01 X29.570100 Y54.401100 Z-0.125000
G01 X29.677100 Y54.408700 Z-0.125000
G01 X29.745300 Y54.258400 Z-0.125000
G01 X29.681900 Y53.876900 Z-0.125000
G01 X29.681900 Y53.876900 Z-0.125000
G01 X29.621200 Y53.498100 Z-0.125000
G01 X29.691400 Y53.349700 Z-0.125000
G01 X29.799300 Y53.358100 Z-0.125000
G01 X29.799800 Y53.358600 Z-0.125000
G01 X29.908100 Y53.367600 Z-0.125000
G01 X29.978600 Y53.219400 Z-0.125000
G01 X29.917700 Y52.840400 Z-0.125000
G01 X29.917600 Y52.840400 Z-0.125000
G01 X29.859100 Y52.463800 Z-0.125000
G01 X29.931300 Y52.317000 Z-0.125000
G01 X30.040400 Y52.327000 Z-0.125000
G01 X30.040600 Y52.327000 Z-0.125000
G01 X30.150000 Y52.337000 Z-0.125000
G01 X30.222600 Y52.191000 Z-0.125000
G01 X30.164500 Y51.815000 Z-0.125000
G01 X30.163700 Y51.814000 Z-0.125000
G01 X30.107100 Y51.440000 Z-0.125000
G01 X30.181400 Y51.295000 Z-0.125000
G01 X30.291900 Y51.306000 Z-0.125000
G01 X30.291900 Y51.306000 Z-0.125000
G01 X30.402700 Y51.318000 Z-0.125000
G01 X30.477600 Y51.174000 Z-0.125000
G01 X30.422000 Y50.800000 Z-0.125000
G01 X30.421000 Y50.799000 Z-0.125000
G01 X30.366100 Y50.426000 Z-0.125000
G01 X30.442100 Y50.284000 Z-0.125000
G01 X30.554000 Y50.296000 Z-0.125000
G01 X30.554000 Y50.296000 Z-0.125000
G01 X30.666500 Y50.309000 Z-0.125000
G01 X30.743700 Y50.168000 Z-0.125000
G01 X30.690400 Y49.797000 Z-0.125000
G01 X30.689000 Y49.796000 Z-0.125000
G01 X30.635400 Y49.424000 Z-0.125000
G01 X30.713500 Y49.283000 Z-0.125000
G01 X30.827100 Y49.297000 Z-0.125000
G01 X30.827100 Y49.297000 Z-0.125000
G01 X30.941300 Y49.312000 Z-0.125000
G01 X31.021000 Y49.173000 Z-0.125000
G01 X30.969700 Y48.804000 Z-0.125000
G01 X30.967800 Y48.802000 Z-0.125000
G01 X30.915600 Y48.432000 Z-0.125000
G01 X30.995900 Y48.293000 Z-0.125000
G01 X31.111100 Y48.309000 Z-0.125000
G01 X31.111100 Y48.309000 Z-0.125000
G01 X31.227300 Y48.326000 Z-0.125000
G01 X31.309500 Y48.190000 Z-0.125000
G01 X31.260300 Y47.822000 Z-0.125000
G01 X31.258300 Y47.820000 Z-0.125000
G01 X31.206900 Y47.451000 Z-0.125000
G01 X31.289500 Y47.315000 Z-0.125000
G01 X31.407200 Y47.333000 Z-0.125000
G01 X31.407200 Y47.333000 Z-0.125000
G01 X31.525800 Y47.352000 Z-0.125000
G01 X31.610400 Y47.218000 Z-0.125000
G01 X31.561700 Y46.852000 Z-0.125000
G01 X31.560000 Y46.850000 Z-0.125000
G01 X31.509700 Y46.481000 Z-0.125000
G01 X31.594700 Y46.348000 Z-0.125000
G01 X31.714500 Y46.368000 Z-0.125000
G01 X31.715000 Y46.368000 Z-0.125000
G01 X31.836000 Y46.390000 Z-0.125000
G01 X31.922900 Y46.258000 Z-0.125000
G01 X31.874900 Y45.892000 Z-0.125000
G01 X31.873500 Y45.891000 Z-0.125000
G01 X31.824200 Y45.524000 Z-0.125000
G01 X31.911800 Y45.393000 Z-0.125000
G01 X32.033900 Y45.416000 Z-0.125000
G01 X32.034600 Y45.416000 Z-0.125000
G01 X32.158100 Y45.440000 Z-0.125000
G01 X32.247500 Y45.311000 Z-0.125000
G01 X32.200100 Y44.946000 Z-0.125000
G01 X32.199000 Y44.945000 Z-0.125000
G01 X32.151100 Y44.579000 Z-0.125000
G01 X32.241200 Y44.450000 Z-0.125000
G01 X32.365600 Y44.475000 Z-0.125000
G01 X32.366500 Y44.476000 Z-0.125000
G01 X32.492400 Y44.503000 Z-0.125000
G01 X32.584300 Y44.376000 Z-0.125000
G01 X32.537700 Y44.011000 Z-0.125000
G01 X32.536900 Y44.010000 Z-0.125000
G01 X32.490600 Y43.646000 Z-0.125000
G01 X32.583400 Y43.520000 Z-0.125000
G01 X32.710100 Y43.547000 Z-0.125000
G01 X32.711100 Y43.548000 Z-0.125000
G01 X32.839200 Y43.577000 Z-0.125000
G01 X32.933500 Y43.453000 Z-0.125000
G01 X32.888100 Y43.089000 Z-0.125000
G01 X32.887600 Y43.089000 Z-0.125000
G01 X32.843300 Y42.726000 Z-0.125000
G01 X32.938900 Y42.603000 Z-0.125000
G01 X33.067800 Y42.633000 Z-0.125000
G01 X33.068700 Y42.634000 Z-0.125000
G01 X33.198800 Y42.665000 Z-0.125000
G01 X33.295500 Y42.543000 Z-0.125000
G01 X33.251700 Y42.181000 Z-0.125000
G01 X33.251600 Y42.181000 Z-0.125000
G01 X33.210000 Y41.821000 Z-0.125000
G01 X33.308300 Y41.701000 Z-0.125000
G01 X33.439200 Y41.732000 Z-0.125000
G01 X33.440300 Y41.733000 Z-0.125000
G01 X33.571600 Y41.765000 Z-0.125000
G01 X33.670500 Y41.645000 Z-0.125000
G01 X33.629200 Y41.286000 Z-0.125000
G01 X33.629200 Y41.286000 Z-0.125000
G01 X33.591200 Y40.930000 Z-0.125000
G01 X33.692300 Y40.812000 Z-0.125000
G01 X33.824600 Y40.845000 Z-0.125000
G01 X33.825200 Y40.846000 Z-0.125000
G01 X33.957900 Y40.879000 Z-0.125000
G01 X34.059300 Y40.762000 Z-0.125000
G01 X34.021200 Y40.406000 Z-0.125000
G01 X34.019900 Y40.405000 Z-0.125000
G01 X33.987300 Y40.054000 Z-0.125000
G01 X34.091300 Y39.939000 Z-0.125000
G01 X34.224300 Y39.973000 Z-0.125000
G01 X34.224300 Y39.973000 Z-0.125000
G01 X34.357500 Y40.007000 Z-0.125000
G01 X34.461700 Y39.892000 Z-0.125000
G01 X34.429600 Y39.542000 Z-0.125000
G01 X34.427800 Y39.540000 Z-0.125000
G01 X34.400700 Y39.195000 Z-0.125000
G01 X34.506900 Y39.083000 Z-0.125000
G01 X34.640000 Y39.116000 Z-0.125000
G01 X34.640700 Y39.117000 Z-0.125000
G01 X34.773300 Y39.150000 Z-0.125000
G01 X34.879600 Y39.038000 Z-0.125000
G01 X34.853700 Y38.694000 Z-0.125000
G01 X34.852800 Y38.693000 Z-0.125000
G01 X34.831400 Y38.354000 Z-0.125000
G01 X34.940000 Y38.244000 Z-0.125000
G01 X35.073100 Y38.277000 Z-0.125000
G01 X35.074000 Y38.278000 Z-0.125000
G01 X35.206800 Y38.312000 Z-0.125000
G01 X35.316100 Y38.202000 Z-0.125000
G01 X35.296900 Y37.865000 Z-0.125000
G01 X35.296200 Y37.864000 Z-0.125000
G01 X35.280700 Y37.531000 Z-0.125000
G01 X35.391900 Y37.423000 Z-0.125000
G01 X35.525100 Y37.457000 Z-0.125000
G01 X35.526900 Y37.459000 Z-0.125000
G01 X35.659400 Y37.492000 Z-0.125000
G01 X35.771400 Y37.385000 Z-0.125000
G01 X35.759400 Y37.055000 Z-0.125000
G01 X35.754500 Y37.050000 Z-0.125000
G01 X35.755300 Y36.733000 Z-0.125000
G01 X35.871400 Y36.631000 Z-0.125000
G01 X36.002600 Y36.662000 Z-0.125000
G01 X36.008400 Y36.668000 Z-0.125000
G01 X36.248200 Y36.590000 Z-0.125000
G01 X36.253200 Y36.277000 Z-0.125000
G01 X36.249000 Y36.273000 Z-0.125000
G01 X36.265400 Y35.971000 Z-0.125000
G01 X36.508200 Y35.896000 Z-0.125000
G01 X36.513000 Y35.901000 Z-0.125000
G01 X36.749900 Y35.820000 Z-0.125000
G01 X36.770000 Y35.522000 Z-0.125000
G01 X36.767300 Y35.519000 Z-0.125000
G01 X36.796200 Y35.230000 Z-0.125000
G01 X37.036400 Y35.152000 Z-0.125000
G01 X37.038800 Y35.154000 Z-0.125000
G01 X37.277400 Y35.075000 Z-0.125000
G01 X37.309400 Y34.789000 Z-0.125000
G01 X37.309400 Y34.789000 Z-0.125000
G01 X37.344800 Y34.506000 Z-0.125000
G01 X37.586800 Y34.430000 Z-0.125000
G01 X37.587100 Y34.430000 Z-0.125000
G01 X37.833500 Y34.359000 Z-0.125000
G01 X37.872800 Y34.080000 Z-0.125000
G01 X37.871900 Y34.079000 Z-0.125000
G01 X37.910700 Y33.800000 Z-0.125000
G01 X38.158300 Y33.729000 Z-0.125000
G01 X38.162000 Y33.733000 Z-0.125000
G01 X38.421100 Y33.674000 Z-0.125000
G01 X38.464200 Y33.399000 Z-0.125000
G01 X38.460000 Y33.395000 Z-0.125000
G01 X38.496300 Y33.114000 Z-0.125000
G01 X38.757300 Y33.056000 Z-0.125000
G01 X38.764100 Y33.063000 Z-0.125000
G01 X39.042300 Y33.024000 Z-0.125000
G01 X39.082400 Y32.746000 Z-0.125000
G01 X39.076800 Y32.740000 Z-0.125000
G01 X39.112000 Y32.457000 Z-0.125000
G01 X39.396600 Y32.423000 Z-0.125000
G01 X39.402500 Y32.429000 Z-0.125000
G01 X39.690600 Y32.399000 Z-0.125000
G01 X39.733100 Y32.124000 Z-0.125000
G01 X39.731500 Y32.122000 Z-0.125000
G01 X39.781800 Y31.854000 Z-0.125000
G01 X40.074300 Y31.829000 Z-0.125000
G01 X40.074300 Y31.829000 Z-0.125000
G01 X40.370900 Y31.807000 Z-0.125000
G01 X40.425200 Y31.543000 Z-0.125000
G01 X39.998400 Y31.117000 Z-0.125000
G01 X39.913800 Y30.933000 Z-0.125000
G01 X40.061800 Y30.862000 Z-0.125000
G01 X40.602200 Y31.084000 Z-0.125000
G01 X40.731300 Y31.213000 Z-0.125000
G01 X40.926600 Y31.309000 Z-0.125000
G01 X41.103600 Y31.268000 Z-0.125000
G01 X41.190300 Y31.136000 Z-0.125000
G01 X41.114800 Y30.961000 Z-0.125000
G01 X41.060200 Y30.906000 Z-0.125000
G01 X41.046200 Y30.793000 Z-0.125000
G01 X41.191800 Y30.720000 Z-0.125000
G01 X41.575200 Y30.785000 Z-0.125000
G01 X41.596600 Y30.807000 Z-0.125000
G01 X41.916700 Y30.809000 Z-0.125000
G01 X42.027800 Y30.602000 Z-0.125000
G01 X42.027800 Y30.602000 Z-0.125000
G01 X42.154300 Y30.410000 Z-0.125000
G01 X42.489700 Y30.427000 Z-0.125000
G01 X42.492900 Y30.430000 Z-0.125000
G01 X42.852100 Y30.472000 Z-0.125000
G01 X42.998100 Y30.399000 Z-0.125000
G01 X42.995900 Y30.297000 Z-0.125000
G01 X42.980900 Y30.282000 Z-0.125000
G01 X42.967100 Y30.169000 Z-0.125000
G01 X43.108700 Y30.092000 Z-0.125000
G01 X43.482000 Y30.147000 Z-0.125000
G01 X43.501800 Y30.167000 Z-0.125000
G01 X43.935400 Y30.283000 Z-0.125000
G01 X44.099900 Y30.229000 Z-0.125000
G01 X44.084000 Y30.113000 Z-0.125000
G01 X44.062500 Y30.092000 Z-0.125000
G01 X44.029900 Y29.960000 Z-0.125000
G01 X44.187900 Y29.899000 Z-0.125000
G01 X44.641400 Y30.034000 Z-0.125000
G01 X44.658900 Y30.052000 Z-0.125000
G01 X45.162300 Y30.237000 Z-0.125000
G01 X45.338600 Y30.195000 Z-0.125000
G01 X45.303400 Y30.060000 Z-0.125000
G01 X45.303400 Y30.060000 Z-0.125000
G01 X45.278400 Y29.936000 Z-0.125000
G01 X45.477100 Y29.915000 Z-0.125000
G01 X46.013000 Y30.133000 Z-0.125000
G01 X46.042100 Y30.162000 Z-0.125000
G01 X46.743500 Y30.546000 Z-0.125000
G01 X47.028800 Y30.612000 Z-0.125000
G01 X47.024700 Y30.509000 Z-0.125000
G01 X46.891500 Y30.376000 Z-0.125000
G01 X46.852500 Y30.237000 Z-0.125000
G01 X47.100700 Y30.267000 Z-0.125000
G01 X47.786900 Y30.635000 Z-0.125000
G01 X48.801800 Y31.650000 Z-0.125000
G00 Z5.000000

(End cutting path id: path2)


(Start cutting path id: path2)
(Change tool to Default tool)

G00 Z5.000000
G00 X47.724600 Y31.039000

G01 Z-0.125000 F100.0(Penetrate)
G01 X48.890500 Y31.748000 Z-0.125000 F400.000000
G01 X50.020000 Y32.682000 Z-0.125000
G01 X51.110100 Y33.832000 Z-0.125000
G01 X52.157800 Y35.191000 Z-0.125000
G01 X54.113700 Y38.501000 Z-0.125000
G01 X55.863600 Y42.547000 Z-0.125000
G01 X57.383400 Y47.265000 Z-0.125000
G01 X58.648900 Y52.589200 Z-0.125000
G01 X59.635900 Y58.455800 Z-0.125000
G01 X60.320400 Y64.799700 Z-0.125000
G01 X60.638200 Y70.482800 Z-0.125000
G01 X60.632400 Y72.241700 Z-0.125000
G01 X60.507900 Y72.892400 Z-0.125000
G01 X58.713200 Y72.623400 Z-0.125000
G01 X57.091900 Y72.354300 Z-0.125000
G01 X57.091000 Y68.337900 Z-0.125000
G01 X56.953300 Y63.582900 Z-0.125000
G01 X56.525700 Y59.327300 Z-0.125000
G01 X55.781800 Y55.388200 Z-0.125000
G01 X54.695400 Y51.582000 Z-0.125000
G01 X53.749100 Y49.015000 Z-0.125000
G01 X52.768100 Y46.959000 Z-0.125000
G01 X51.666700 Y45.259000 Z-0.125000
G01 X50.358900 Y43.759000 Z-0.125000
G01 X48.935000 Y42.476000 Z-0.125000
G01 X47.694200 Y41.815000 Z-0.125000
G01 X46.500100 Y41.495000 Z-0.125000
G01 X45.324400 Y41.437000 Z-0.125000
G01 X44.172400 Y41.633000 Z-0.125000
G01 X43.049400 Y42.074000 Z-0.125000
G01 X41.960500 Y42.753000 Z-0.125000
G01 X40.911300 Y43.660000 Z-0.125000
G01 X39.906800 Y44.788000 Z-0.125000
G01 X38.952500 Y46.129000 Z-0.125000
G01 X37.215500 Y49.415000 Z-0.125000
G01 X35.742400 Y53.452500 Z-0.125000
G01 X34.575800 Y58.175000 Z-0.125000
G01 X33.757800 Y63.516700 Z-0.125000
G01 X33.596200 Y66.409100 Z-0.125000
G01 X33.547600 Y70.574500 Z-0.125000
G01 X33.783100 Y79.099400 Z-0.125000
G01 X34.439600 Y86.692500 Z-0.125000
G01 X35.346000 Y93.279300 Z-0.125000
G01 X36.533400 Y99.042500 Z-0.125000
G01 X38.032800 Y104.164900 Z-0.125000
G01 X39.332200 Y107.459200 Z-0.125000
G01 X40.734900 Y110.054200 Z-0.125000
G01 X42.243600 Y111.954200 Z-0.125000
G01 X43.038500 Y112.644800 Z-0.125000
G01 X43.861000 Y113.163200 Z-0.125000
G01 X44.766100 Y113.427300 Z-0.125000
G01 X45.837300 Y113.434900 Z-0.125000
G01 X46.915900 Y113.202800 Z-0.125000
G01 X47.843300 Y112.747400 Z-0.125000
G01 X49.439000 Y111.229300 Z-0.125000
G01 X50.928300 Y109.012700 Z-0.125000
G01 X52.299600 Y106.135300 Z-0.125000
G01 X53.541200 Y102.634700 Z-0.125000
G01 X54.641400 Y98.548800 Z-0.125000
G01 X55.588600 Y93.915300 Z-0.125000
G01 X56.371200 Y88.771900 Z-0.125000
G01 X56.977400 Y83.156400 Z-0.125000
G01 X57.273900 Y78.073800 Z-0.125000
G01 X57.290500 Y76.946100 Z-0.125000
G01 X57.495400 Y76.429800 Z-0.125000
G01 X58.123800 Y76.359500 Z-0.125000
G01 X59.410800 Y76.569600 Z-0.125000
G01 X60.690800 Y76.792500 Z-0.125000
G01 X60.565900 Y80.270500 Z-0.125000
G01 X60.177400 Y86.417100 Z-0.125000
G01 X59.461500 Y92.434300 Z-0.125000
G01 X58.425600 Y98.272400 Z-0.125000
G01 X57.077000 Y103.881800 Z-0.125000
G01 X55.326600 Y109.391600 Z-0.125000
G01 X53.334900 Y114.069200 Z-0.125000
G01 X52.258200 Y116.076500 Z-0.125000
G01 X51.132800 Y117.852500 Z-0.125000
G01 X49.962400 Y119.389500 Z-0.125000
G01 X48.750900 Y120.679600 Z-0.125000
G01 X47.398500 Y121.833400 Z-0.125000
G01 X46.138000 Y122.625100 Z-0.125000
G01 X44.885400 Y123.096800 Z-0.125000
G01 X43.556700 Y123.290700 Z-0.125000
G01 X41.757000 Y123.123300 Z-0.125000
G01 X40.018300 Y122.426500 Z-0.125000
G01 X38.308900 Y121.182500 Z-0.125000
G01 X36.596700 Y119.373300 Z-0.125000
G01 X35.398800 Y117.568300 Z-0.125000
G01 X34.001400 Y114.961700 Z-0.125000
G01 X32.661700 Y112.069700 Z-0.125000
G01 X31.636600 Y109.408600 Z-0.125000
G01 X30.636100 Y106.097300 Z-0.125000
G01 X29.773400 Y102.650700 Z-0.125000
G01 X29.047400 Y99.061400 Z-0.125000
G01 X28.457100 Y95.322100 Z-0.125000
G01 X27.679700 Y87.363400 Z-0.125000
G01 X27.433000 Y78.715300 Z-0.125000
G01 X27.553900 Y73.144300 Z-0.125000
G01 X27.893800 Y67.754500 Z-0.125000
G01 X28.448200 Y62.570000 Z-0.125000
G01 X29.212900 Y57.615000 Z-0.125000
G01 X30.183400 Y52.913800 Z-0.125000
G01 X31.355500 Y48.490000 Z-0.125000
G01 X32.724700 Y44.369000 Z-0.125000
G01 X34.286800 Y40.574000 Z-0.125000
G01 X35.397100 Y38.325000 Z-0.125000
G01 X36.536200 Y36.377000 Z-0.125000
G01 X37.720800 Y34.705000 Z-0.125000
G01 X38.967600 Y33.283000 Z-0.125000
G01 X40.495500 Y31.869000 Z-0.125000
G01 X41.857300 Y30.976000 Z-0.125000
G01 X43.248000 Y30.507000 Z-0.125000
G01 X44.862500 Y30.365000 Z-0.125000
G01 X46.341400 Y30.472000 Z-0.125000
G01 X47.724600 Y31.039000 Z-0.125000
G01 X47.724600 Y31.039000 Z-0.125000
G00 Z5.000000

(End cutting path id: path2)


(Start cutting path id: path2)
(Change tool to Default tool)

G00 Z5.000000
G00 X52.231200 Y34.444000

G01 Z-0.125000 F100.0(Penetrate)
G01 X48.905100 Y31.117000 Z-0.125000 F400.000000
G00 Z5.000000

(End cutting path id: path2)


(Start cutting path id: path2)
(Change tool to Default tool)

G00 Z5.000000
G00 X53.479100 Y36.328000

G01 Z-0.125000 F100.0(Penetrate)
G01 X52.038300 Y34.887000 Z-0.125000 F400.000000
G00 Z5.000000

(End cutting path id: path2)


(Start cutting path id: path2)
(Change tool to Default tool)

G00 Z5.000000
G00 X53.998100 Y38.120000

G01 Z-0.125000 F100.0(Penetrate)
G01 X54.592900 Y38.715000 Z-0.125000 F400.000000
G01 X54.698400 Y38.721000 Z-0.125000
G01 X54.596600 Y38.401000 Z-0.125000
G01 X54.123200 Y37.609000 Z-0.125000
G01 X53.311400 Y36.797000 Z-0.125000
G00 Z5.000000

(End cutting path id: path2)


(Start cutting path id: path2)
(Change tool to Default tool)

G00 Z5.000000
G00 X48.666500 Y42.965000

G01 Z-0.125000 F100.0(Penetrate)
G01 X47.874500 Y42.173000 Z-0.125000 F400.000000
G01 X47.864700 Y42.064000 Z-0.125000
G01 X48.177000 Y42.158000 Z-0.125000
G01 X48.956500 Y42.619000 Z-0.125000
G01 X51.535200 Y45.198000 Z-0.125000
G00 Z5.000000

(End cutting path id: path2)


(Start cutting path id: path2)
(Change tool to Default tool)

G00 Z5.000000
G00 X51.102500 Y45.401000

G01 Z-0.125000 F100.0(Penetrate)
G01 X52.612900 Y46.912000 Z-0.125000 F400.000000
G00 Z5.000000

(End cutting path id: path2)


(Start cutting path id: path2)
(Change tool to Default tool)

G00 Z5.000000
G00 X52.572900 Y47.508000

G01 Z-0.125000 F100.0(Penetrate)
G01 X53.228200 Y48.163000 Z-0.125000 F400.000000
G00 Z5.000000

(End cutting path id: path2)


(Start cutting path id: path2)
(Change tool to Default tool)

G00 Z5.000000
G00 X58.683400 Y50.437000

G01 Z-0.125000 F100.0(Penetrate)
G01 X58.413300 Y50.167000 Z-0.125000 F400.000000
G01 X58.090300 Y49.526000 Z-0.125000
G01 X58.090600 Y49.308000 Z-0.125000
G01 X58.241600 Y49.359000 Z-0.125000
G01 X58.243100 Y49.361000 Z-0.125000
G01 X58.385700 Y49.405000 Z-0.125000
G01 X58.369600 Y49.170000 Z-0.125000
G01 X58.024800 Y48.507000 Z-0.125000
G01 X58.024800 Y48.507000 Z-0.125000
G01 X57.644300 Y47.808000 Z-0.125000
G01 X57.603600 Y47.549000 Z-0.125000
G01 X57.735100 Y47.581000 Z-0.125000
G01 X57.781400 Y47.627000 Z-0.125000
G01 X57.922400 Y47.669000 Z-0.125000
G01 X57.899700 Y47.428000 Z-0.125000
G01 X57.542500 Y46.752000 Z-0.125000
G01 X57.542500 Y46.752000 Z-0.125000
G01 X57.170100 Y46.062000 Z-0.125000
G01 X57.136900 Y45.810000 Z-0.125000
G01 X57.273100 Y45.847000 Z-0.125000
G01 X57.287200 Y45.861000 Z-0.125000
G01 X57.423000 Y45.897000 Z-0.125000
G01 X57.387700 Y45.643000 Z-0.125000
G01 X57.011200 Y44.949000 Z-0.125000
G01 X56.983900 Y44.922000 Z-0.125000
G01 X56.582700 Y44.202000 Z-0.125000
G01 X56.530500 Y43.932000 Z-0.125000
G01 X56.658600 Y43.960000 Z-0.125000
G01 X56.947500 Y44.249000 Z-0.125000
G00 Z5.000000

(End cutting path id: path2)


(Start cutting path id: path2)
(Change tool to Default tool)

G00 Z5.000000
G00 X63.001600 Y39.932000

G01 Z-0.125000 F100.0(Penetrate)
G01 X63.314700 Y40.411000 Z-0.125000 F400.000000
G01 X63.505700 Y41.035000 Z-0.125000
G01 X63.530500 Y42.642000 Z-0.125000
G01 X63.094600 Y44.590000 Z-0.125000
G01 X62.216600 Y46.721000 Z-0.125000
G01 X60.380900 Y49.682000 Z-0.125000
G01 X59.513500 Y50.801000 Z-0.125000
G01 X59.060600 Y51.146000 Z-0.125000
G01 X58.396500 Y48.812000 Z-0.125000
G01 X57.269600 Y44.806000 Z-0.125000
G01 X56.667700 Y42.972000 Z-0.125000
G01 X57.079700 Y42.393000 Z-0.125000
G01 X58.321200 Y41.135000 Z-0.125000
G01 X59.822000 Y40.077000 Z-0.125000
G01 X61.119300 Y39.519000 Z-0.125000
G01 X62.187700 Y39.469000 Z-0.125000
G01 X63.001600 Y39.932000 Z-0.125000
G01 X63.001600 Y39.932000 Z-0.125000
G00 Z5.000000

(End cutting path id: path2)


(Start cutting path id: path2)
(Change tool to Default tool)

G00 Z5.000000
G00 X65.719300 Y30.757000

G01 Z-0.125000 F100.0(Penetrate)
G01 X67.869300 Y32.907000 Z-0.125000 F400.000000
G01 X68.500900 Y33.221000 Z-0.125000
G01 X68.716000 Y33.217000 Z-0.125000
G01 X68.665000 Y33.067000 Z-0.125000
G01 X68.570600 Y32.973000 Z-0.125000
G01 X68.598700 Y32.901000 Z-0.125000
G01 X68.855600 Y32.940000 Z-0.125000
G01 X69.419300 Y33.185000 Z-0.125000
G01 X69.423300 Y33.189000 Z-0.125000
G01 X69.851300 Y33.299000 Z-0.125000
G01 X70.018700 Y33.248000 Z-0.125000
G01 X70.008800 Y33.139000 Z-0.125000
G01 X70.008800 Y33.139000 Z-0.125000
G01 X69.992500 Y33.023000 Z-0.125000
G01 X70.146300 Y32.958000 Z-0.125000
G01 X70.554300 Y33.048000 Z-0.125000
G01 X70.556600 Y33.050000 Z-0.125000
G01 X70.960900 Y33.136000 Z-0.125000
G01 X71.109800 Y33.067000 Z-0.125000
G01 X71.089900 Y32.947000 Z-0.125000
G01 X71.084400 Y32.942000 Z-0.125000
G01 X71.057700 Y32.816000 Z-0.125000
G01 X71.199400 Y32.739000 Z-0.125000
G01 X71.600500 Y32.822000 Z-0.125000
G01 X71.603600 Y32.825000 Z-0.125000
G01 X72.006700 Y32.910000 Z-0.125000
G01 X72.146700 Y32.832000 Z-0.125000
G01 X72.117300 Y32.703000 Z-0.125000
G01 X72.115200 Y32.701000 Z-0.125000
G01 X72.086000 Y32.572000 Z-0.125000
G01 X72.225600 Y32.493000 Z-0.125000
G01 X72.627300 Y32.577000 Z-0.125000
G01 X72.627300 Y32.577000 Z-0.125000
G01 X73.027800 Y32.659000 Z-0.125000
G01 X73.166600 Y32.579000 Z-0.125000
G01 X73.137000 Y32.450000 Z-0.125000
G01 X73.134500 Y32.448000 Z-0.125000
G01 X73.104400 Y32.319000 Z-0.125000
G01 X73.241700 Y32.238000 Z-0.125000
G01 X73.639600 Y32.317000 Z-0.125000
G01 X73.641100 Y32.318000 Z-0.125000
G01 X74.036000 Y32.395000 Z-0.125000
G01 X74.172700 Y32.313000 Z-0.125000
G01 X74.143300 Y32.185000 Z-0.125000
G01 X74.142200 Y32.184000 Z-0.125000
G01 X74.114000 Y32.056000 Z-0.125000
G01 X74.251700 Y31.975000 Z-0.125000
G01 X74.646600 Y32.052000 Z-0.125000
G01 X74.648100 Y32.054000 Z-0.125000
G01 X75.039500 Y32.127000 Z-0.125000
G01 X75.176300 Y32.045000 Z-0.125000
G01 X75.148600 Y31.918000 Z-0.125000
G01 X75.146800 Y31.916000 Z-0.125000
G01 X75.120900 Y31.791000 Z-0.125000
G01 X75.259100 Y31.711000 Z-0.125000
G01 X75.650300 Y31.784000 Z-0.125000
G01 X75.652500 Y31.786000 Z-0.125000
G01 X76.039700 Y31.855000 Z-0.125000
G01 X76.177200 Y31.774000 Z-0.125000
G01 X76.152500 Y31.650000 Z-0.125000
G01 X76.148900 Y31.646000 Z-0.125000
G01 X76.127900 Y31.525000 Z-0.125000
G01 X76.268900 Y31.447000 Z-0.125000
G01 X76.656100 Y31.517000 Z-0.125000
G01 X76.659700 Y31.521000 Z-0.125000
G01 X77.039700 Y31.583000 Z-0.125000
G01 X77.179000 Y31.503000 Z-0.125000
G01 X77.159700 Y31.385000 Z-0.125000
G01 X77.154400 Y31.380000 Z-0.125000
G01 X77.140600 Y31.266000 Z-0.125000
G01 X77.285000 Y31.192000 Z-0.125000
G01 X77.665000 Y31.254000 Z-0.125000
G01 X77.671500 Y31.260000 Z-0.125000
G01 X78.039700 Y31.310000 Z-0.125000
G01 X78.182000 Y31.234000 Z-0.125000
G01 X78.171500 Y31.124000 Z-0.125000
G01 X78.171500 Y31.124000 Z-0.125000
G01 X78.162400 Y31.015000 Z-0.125000
G01 X78.307800 Y30.942000 Z-0.125000
G01 X78.680600 Y30.997000 Z-0.125000
G01 X81.158000 Y33.474000 Z-0.125000
G01 X81.782600 Y33.781000 Z-0.125000
G01 X81.988300 Y33.768000 Z-0.125000
G01 X81.930100 Y33.610000 Z-0.125000
G01 X81.808600 Y33.489000 Z-0.125000
G01 X81.816600 Y33.397000 Z-0.125000
G01 X82.072900 Y33.435000 Z-0.125000
G01 X82.678400 Y33.723000 Z-0.125000
G01 X82.689200 Y33.733000 Z-0.125000
G01 X83.174200 Y33.900000 Z-0.125000
G01 X83.357700 Y33.865000 Z-0.125000
G01 X83.339500 Y33.748000 Z-0.125000
G01 X83.314900 Y33.723000 Z-0.125000
G01 X83.322200 Y33.631000 Z-0.125000
G01 X83.527700 Y33.618000 Z-0.125000
G01 X84.011000 Y33.783000 Z-0.125000
G01 X84.011000 Y33.783000 Z-0.125000
G01 X84.469700 Y33.924000 Z-0.125000
G01 X84.658300 Y33.894000 Z-0.125000
G01 X84.658000 Y33.794000 Z-0.125000
G01 X84.595800 Y33.732000 Z-0.125000
G01 X84.248000 Y33.066000 Z-0.125000
G01 X84.194000 Y32.793000 Z-0.125000
G01 X84.295000 Y32.795000 Z-0.125000
G01 X99.020600 Y47.520000 Z-0.125000
G01 X99.123000 Y47.722000 Z-0.125000
G01 X99.014400 Y47.832000 Z-0.125000
G01 X98.531200 Y47.667000 Z-0.125000
G01 X85.475300 Y34.610000 Z-0.125000
G00 Z5.000000

(End cutting path id: path2)


(Start cutting path id: path2)
(Change tool to Default tool)

G00 Z5.000000
G00 X89.168200 Y32.581000

G01 Z-0.125000 F100.0(Penetrate)
G01 X89.380600 Y32.794000 Z-0.125000 F400.000000
G01 X89.723000 Y32.818000 Z-0.125000
G01 X89.846900 Y32.723000 Z-0.125000
G01 X89.827600 Y32.604000 Z-0.125000
G01 X89.827600 Y32.604000 Z-0.125000
G01 X89.808300 Y32.486000 Z-0.125000
G01 X89.932100 Y32.391000 Z-0.125000
G01 X90.274400 Y32.415000 Z-0.125000
G01 X90.290900 Y32.432000 Z-0.125000
G01 X90.577500 Y32.400000 Z-0.125000
G01 X90.657200 Y32.162000 Z-0.125000
G01 X90.644800 Y32.149000 Z-0.125000
G01 X90.723200 Y31.910000 Z-0.125000
G01 X90.983600 Y31.852000 Z-0.125000
G01 X90.983600 Y31.852000 Z-0.125000
G01 X91.205600 Y31.756000 Z-0.125000
G01 X91.245400 Y31.478000 Z-0.125000
G01 X91.143000 Y31.375000 Z-0.125000
G00 Z5.000000

(End cutting path id: path2)


(Start cutting path id: path2)
(Change tool to Default tool)

G00 Z5.000000
G00 X90.090200 Y29.051000

G01 Z-0.125000 F100.0(Penetrate)
G01 X89.977100 Y28.937000 Z-0.125000 F400.000000
G01 X90.031300 Y28.674000 Z-0.125000
G01 X90.311600 Y28.636000 Z-0.125000
G01 X90.334400 Y28.659000 Z-0.125000
G01 X90.612100 Y28.618000 Z-0.125000
G01 X90.634700 Y28.323000 Z-0.125000
G01 X90.629500 Y28.318000 Z-0.125000
G01 X90.646800 Y28.017000 Z-0.125000
G01 X90.908700 Y27.961000 Z-0.125000
G01 X90.911200 Y27.964000 Z-0.125000
G01 X91.039000 Y27.992000 Z-0.125000
G01 X91.152800 Y27.888000 Z-0.125000
G01 X91.155000 Y27.572000 Z-0.125000
G01 X91.155000 Y27.572000 Z-0.125000
G01 X91.142600 Y27.241000 Z-0.125000
G01 X91.246300 Y27.126000 Z-0.125000
G01 X91.369500 Y27.150000 Z-0.125000
G01 X91.371800 Y27.152000 Z-0.125000
G01 X91.491900 Y27.173000 Z-0.125000
G01 X91.585300 Y27.048000 Z-0.125000
G01 X91.554700 Y26.699000 Z-0.125000
G01 X91.546400 Y26.691000 Z-0.125000
G01 X91.422100 Y26.249000 Z-0.125000
G01 X91.458900 Y26.067000 Z-0.125000
G01 X91.558500 Y26.067000 Z-0.125000
G01 X91.590200 Y26.099000 Z-0.125000
G01 X91.696400 Y26.105000 Z-0.125000
G01 X91.703500 Y25.894000 Z-0.125000
G01 X91.492800 Y25.365000 Z-0.125000
G01 X89.943900 Y23.816000 Z-0.125000
G01 X89.926000 Y23.699000 Z-0.125000
G01 X90.135800 Y23.690000 Z-0.125000
G01 X90.683700 Y23.920000 Z-0.125000
G01 X90.746200 Y23.982000 Z-0.125000
G01 X90.861100 Y23.998000 Z-0.125000
G01 X90.952000 Y23.870000 Z-0.125000
G01 X90.926800 Y23.527000 Z-0.125000
G01 X90.926800 Y23.527000 Z-0.125000
G01 X90.864800 Y23.147000 Z-0.125000
G01 X90.930400 Y22.994000 Z-0.125000
G01 X91.033800 Y22.998000 Z-0.125000
G01 X91.073300 Y23.037000 Z-0.125000
G01 X91.194800 Y23.059000 Z-0.125000
G01 X91.245000 Y22.891000 Z-0.125000
G01 X91.106500 Y22.434000 Z-0.125000
G01 X89.854200 Y21.182000 Z-0.125000
G00 Z5.000000

(End cutting path id: path2)


(Start cutting path id: path2)
(Change tool to Default tool)

G00 Z5.000000
G00 X88.638900 Y21.207000

G01 Z-0.125000 F100.0(Penetrate)
G01 X89.429200 Y21.521000 Z-0.125000 F400.000000
G01 X90.133100 Y21.964000 Z-0.125000
G01 X90.637100 Y22.450000 Z-0.125000
G01 X90.827300 Y22.890000 Z-0.125000
G01 X90.642000 Y23.440000 Z-0.125000
G01 X90.308800 Y23.617000 Z-0.125000
G01 X89.411300 Y23.380000 Z-0.125000
G01 X87.847700 Y23.069000 Z-0.125000
G01 X85.550300 Y22.811000 Z-0.125000
G01 X83.116300 Y22.559000 Z-0.125000
G01 X82.791700 Y22.398000 Z-0.125000
G01 X82.737600 Y22.136000 Z-0.125000
G01 X82.886800 Y21.741000 Z-0.125000
G01 X83.315000 Y21.389000 Z-0.125000
G01 X84.889600 Y20.882000 Z-0.125000
G01 X86.618900 Y20.824000 Z-0.125000
G01 X88.638900 Y21.207000 Z-0.125000
G01 X88.638900 Y21.207000 Z-0.125000
G00 Z5.000000

(End cutting path id: path2)


(Start cutting path id: path2)
(Change tool to Default tool)

G00 Z5.000000
G00 X84.908800 Y23.240000

G01 Z-0.125000 F100.0(Penetrate)
G01 X87.541800 Y23.464000 Z-0.125000 F400.000000
G01 X89.066800 Y23.825000 Z-0.125000
G01 X89.901700 Y24.219000 Z-0.125000
G01 X90.575000 Y24.704000 Z-0.125000
G01 X91.058900 Y25.253000 Z-0.125000
G01 X91.325400 Y25.843000 Z-0.125000
G01 X91.315500 Y26.404000 Z-0.125000
G01 X91.078000 Y27.082000 Z-0.125000
G01 X90.653900 Y27.791000 Z-0.125000
G01 X90.083900 Y28.444000 Z-0.125000
G01 X89.420200 Y28.898000 Z-0.125000
G01 X88.294900 Y28.752000 Z-0.125000
G01 X86.943200 Y28.651000 Z-0.125000
G01 X86.909800 Y28.810000 Z-0.125000
G01 X87.099300 Y28.974000 Z-0.125000
G01 X88.044800 Y29.255000 Z-0.125000
G01 X89.720300 Y29.871000 Z-0.125000
G01 X90.404200 Y30.325000 Z-0.125000
G01 X90.821800 Y30.787000 Z-0.125000
G01 X91.008700 Y31.295000 Z-0.125000
G01 X90.750600 Y31.717000 Z-0.125000
G01 X89.684600 Y32.350000 Z-0.125000
G01 X89.017600 Y32.465000 Z-0.125000
G01 X88.526800 Y32.012000 Z-0.125000
G01 X88.093000 Y31.244000 Z-0.125000
G01 X87.973300 Y30.670000 Z-0.125000
G01 X87.239100 Y30.346000 Z-0.125000
G01 X86.415900 Y30.231000 Z-0.125000
G01 X85.435000 Y30.254000 Z-0.125000
G01 X83.576500 Y30.661000 Z-0.125000
G01 X83.171600 Y30.907000 Z-0.125000
G01 X82.962700 Y31.193000 Z-0.125000
G01 X82.970100 Y31.463000 Z-0.125000
G01 X83.214600 Y31.660000 Z-0.125000
G01 X83.986500 Y32.519000 Z-0.125000
G01 X84.307800 Y33.075000 Z-0.125000
G01 X84.371100 Y33.394000 Z-0.125000
G01 X83.907900 Y33.514000 Z-0.125000
G01 X83.086800 Y33.493000 Z-0.125000
G01 X81.406500 Y33.125000 Z-0.125000
G01 X80.630100 Y32.697000 Z-0.125000
G01 X80.068100 Y32.227000 Z-0.125000
G01 X79.721500 Y31.737000 Z-0.125000
G01 X79.591300 Y31.249000 Z-0.125000
G01 X79.678400 Y30.785000 Z-0.125000
G01 X79.983800 Y30.364000 Z-0.125000
G01 X80.508500 Y30.011000 Z-0.125000
G01 X81.253400 Y29.744000 Z-0.125000
G01 X82.097100 Y29.387000 Z-0.125000
G01 X82.149000 Y29.234000 Z-0.125000
G01 X81.898700 Y29.150000 Z-0.125000
G01 X81.107100 Y29.178000 Z-0.125000
G01 X80.365900 Y29.389000 Z-0.125000
G01 X79.732100 Y29.758000 Z-0.125000
G01 X79.262500 Y30.261000 Z-0.125000
G01 X78.941300 Y30.608000 Z-0.125000
G01 X78.619200 Y30.754000 Z-0.125000
G01 X74.250100 Y31.839000 Z-0.125000
G01 X69.575000 Y32.922000 Z-0.125000
G01 X68.861600 Y32.849000 Z-0.125000
G01 X68.206100 Y32.634000 Z-0.125000
G01 X67.086000 Y31.793000 Z-0.125000
G01 X66.248000 Y30.437000 Z-0.125000
G01 X65.725700 Y28.603000 Z-0.125000
G01 X65.608600 Y27.605000 Z-0.125000
G01 X65.668400 Y26.880000 Z-0.125000
G01 X65.925200 Y26.349000 Z-0.125000
G01 X66.399000 Y25.932000 Z-0.125000
G01 X68.169000 Y25.261000 Z-0.125000
G01 X71.260100 Y24.484000 Z-0.125000
G01 X74.919600 Y23.767000 Z-0.125000
G01 X78.395100 Y23.277000 Z-0.125000
G01 X81.173400 Y23.096000 Z-0.125000
G01 X84.908800 Y23.240000 Z-0.125000
G01 X84.908800 Y23.240000 Z-0.125000
G00 Z5.000000

(End cutting path id: path2)


(Start cutting path id: path2)
(Change tool to Default tool)

G00 Z5.000000
G00 X82.994900 Y22.591000

G01 Z-0.125000 F100.0(Penetrate)
G01 X83.304000 Y22.900000 Z-0.125000 F400.000000
G01 X83.772600 Y23.051000 Z-0.125000
G01 X83.969600 Y23.029000 Z-0.125000
G01 X83.974200 Y22.935000 Z-0.125000
G01 X83.974200 Y22.935000 Z-0.125000
G01 X83.983600 Y22.845000 Z-0.125000
G01 X84.191300 Y22.834000 Z-0.125000
G01 X84.675400 Y23.000000 Z-0.125000
G01 X84.708300 Y23.033000 Z-0.125000
G01 X85.138200 Y23.144000 Z-0.125000
G01 X85.329400 Y23.117000 Z-0.125000
G01 X85.345500 Y23.034000 Z-0.125000
G01 X85.340200 Y23.029000 Z-0.125000
G01 X85.581500 Y22.952000 Z-0.125000
G01 X86.034700 Y23.087000 Z-0.125000
G01 X86.039600 Y23.092000 Z-0.125000
G01 X86.489100 Y23.224000 Z-0.125000
G01 X86.736500 Y23.153000 Z-0.125000
G01 X86.734900 Y23.151000 Z-0.125000
G01 X86.996500 Y23.094000 Z-0.125000
G01 X87.457100 Y23.237000 Z-0.125000
G01 X87.457100 Y23.237000 Z-0.125000
G01 X87.944300 Y23.406000 Z-0.125000
G01 X88.232500 Y23.376000 Z-0.125000
G01 X88.217600 Y23.361000 Z-0.125000
G01 X88.249400 Y23.294000 Z-0.125000
G01 X88.479800 Y23.305000 Z-0.125000
G01 X88.970800 Y23.478000 Z-0.125000
G01 X89.411300 Y23.919000 Z-0.125000
G00 Z5.000000

(End cutting path id: path2)


(Start cutting path id: path2)
(Change tool to Default tool)

G00 Z5.000000
G00 X87.489900 Y28.995000

G01 Z-0.125000 F100.0(Penetrate)
G01 X87.366200 Y28.871000 Z-0.125000 F400.000000
G01 X87.377100 Y28.782000 Z-0.125000
G01 X87.574200 Y28.761000 Z-0.125000
G01 X88.029600 Y28.898000 Z-0.125000
G01 X88.142900 Y29.011000 Z-0.125000
G01 X88.908100 Y29.459000 Z-0.125000
G01 X89.212100 Y29.544000 Z-0.125000
G01 X89.199400 Y29.432000 Z-0.125000
G01 X88.988900 Y29.221000 Z-0.125000
G01 X88.914900 Y29.048000 Z-0.125000
G01 X89.086100 Y29.000000 Z-0.125000
G01 X89.660300 Y29.257000 Z-0.125000
G01 X91.490100 Y31.086000 Z-0.125000
G00 Z5.000000

(End cutting path id: path2)


(Start cutting path id: path2)
(Change tool to Default tool)

G00 Z5.000000
G00 X89.645000 Y33.694000

G01 Z-0.125000 F100.0(Penetrate)
G01 X86.512900 Y30.562000 Z-0.125000 F400.000000
G01 X86.451000 Y30.401000 Z-0.125000
G01 X86.648800 Y30.380000 Z-0.125000
G01 X87.261700 Y30.675000 Z-0.125000
G01 X88.080400 Y31.493000 Z-0.125000
G00 Z5.000000

(End cutting path id: path2)


(Start cutting path id: path2)
(Change tool to Default tool)

G00 Z5.000000
G00 X92.003800 Y37.325000

G01 Z-0.125000 F100.0(Penetrate)
G01 X85.346800 Y30.668000 Z-0.125000 F400.000000
G01 X85.259000 Y30.481000 Z-0.125000
G01 X85.399700 Y30.403000 Z-0.125000
G01 X85.929800 Y30.615000 Z-0.125000
G01 X90.600100 Y35.285000 Z-0.125000
G00 Z5.000000

(End cutting path id: path2)


(Start cutting path id: path2)
(Change tool to Default tool)

G00 Z5.000000
G00 X89.202600 Y40.249000

G01 Z-0.125000 F100.0(Penetrate)
G01 X97.165200 Y48.212000 Z-0.125000 F400.000000
G01 X97.413000 Y48.360000 Z-0.125000
G01 X97.624000 Y48.352000 Z-0.125000
G01 X97.715800 Y48.225000 Z-0.125000
G01 X97.605700 Y48.016000 Z-0.125000
G01 X87.961800 Y38.372000 Z-0.125000
G00 Z5.000000

(End cutting path id: path2)


(Start cutting path id: path2)
(Change tool to Default tool)

G00 Z5.000000
G00 X91.602200 Y43.920000

G01 Z-0.125000 F100.0(Penetrate)
G01 X96.334200 Y48.652000 Z-0.125000 F400.000000
G01 X96.577000 Y48.796000 Z-0.125000
G01 X96.777100 Y48.777000 Z-0.125000
G01 X96.858000 Y48.639000 Z-0.125000
G01 X96.743000 Y48.425000 Z-0.125000
G01 X90.443500 Y42.125000 Z-0.125000
G00 Z5.000000

(End cutting path id: path2)


(Start cutting path id: path2)
(Change tool to Default tool)

G00 Z5.000000
G00 X94.811800 Y41.405000

G01 Z-0.125000 F100.0(Penetrate)
G01 X84.286000 Y30.879000 Z-0.125000 F400.000000
G01 X84.187100 Y30.681000 Z-0.125000
G01 X84.303600 Y30.579000 Z-0.125000
G01 X84.798200 Y30.756000 Z-0.125000
G01 X93.423400 Y39.381000 Z-0.125000
G00 Z5.000000

(End cutting path id: path2)


(Start cutting path id: path2)
(Change tool to Default tool)

G00 Z5.000000
G00 X98.015700 Y45.881000

G01 Z-0.125000 F100.0(Penetrate)
G01 X83.440600 Y31.306000 Z-0.125000 F400.000000
G01 X83.320900 Y31.087000 Z-0.125000
G01 X83.391300 Y30.939000 Z-0.125000
G01 X83.581000 Y30.910000 Z-0.125000
G01 X83.819000 Y31.049000 Z-0.125000
G01 X96.200800 Y43.430000 Z-0.125000
G00 Z5.000000

(End cutting path id: path2)


(Start cutting path id: path2)
(Change tool to Default tool)

G00 Z5.000000
G00 X94.162500 Y47.753000

G01 Z-0.125000 F100.0(Penetrate)
G01 X95.560500 Y49.151000 Z-0.125000 F400.000000
G01 X95.798600 Y49.289000 Z-0.125000
G01 X95.988600 Y49.261000 Z-0.125000
G01 X96.059200 Y49.113000 Z-0.125000
G01 X95.939500 Y48.894000 Z-0.125000
G01 X92.923300 Y45.877000 Z-0.125000
G00 Z5.000000

(End cutting path id: path2)


(Start cutting path id: path2)
(Change tool to Default tool)

G00 Z5.000000
G00 X98.299900 Y48.074000

G01 Z-0.125000 F100.0(Penetrate)
G01 X86.586200 Y36.360000 Z-0.125000 F400.000000
G00 Z5.000000

(End cutting path id: path2)


(Start cutting path id: path2)
(Change tool to Default tool)

G00 Z5.000000
G00 X79.484300 Y31.166000

G01 Z-0.125000 F100.0(Penetrate)
G01 X79.161100 Y30.843000 Z-0.125000 F400.000000
G01 X79.184800 Y30.549000 Z-0.125000
G01 X79.471000 Y30.517000 Z-0.125000
G01 X79.475700 Y30.522000 Z-0.125000
G01 X79.740200 Y30.468000 Z-0.125000
G01 X79.751700 Y30.162000 Z-0.125000
G01 X79.751700 Y30.162000 Z-0.125000
G01 X79.801000 Y29.893000 Z-0.125000
G01 X80.103200 Y29.877000 Z-0.125000
G01 X80.108100 Y29.882000 Z-0.125000
G01 X80.451500 Y29.907000 Z-0.125000
G01 X80.564400 Y29.802000 Z-0.125000
G01 X80.532100 Y29.670000 Z-0.125000
G01 X80.526800 Y29.665000 Z-0.125000
G01 X80.498700 Y29.537000 Z-0.125000
G01 X80.628100 Y29.448000 Z-0.125000
G01 X81.002800 Y29.505000 Z-0.125000
G01 X81.024500 Y29.526000 Z-0.125000
G01 X81.383600 Y29.568000 Z-0.125000
G01 X81.521500 Y29.487000 Z-0.125000
G01 X81.510300 Y29.376000 Z-0.125000
G01 X81.394100 Y29.260000 Z-0.125000
G00 Z5.000000

(End cutting path id: path2)


(Start cutting path id: path2)
(Change tool to Default tool)

G00 Z5.000000
G00 X82.770600 Y23.003000

G01 Z-0.125000 F100.0(Penetrate)
G01 X82.257800 Y22.490000 Z-0.125000 F400.000000
G01 X82.202300 Y22.117000 Z-0.125000
G01 X82.325600 Y22.021000 Z-0.125000
G01 X82.491200 Y22.088000 Z-0.125000
G01 X82.550200 Y22.147000 Z-0.125000
G01 X82.648900 Y22.146000 Z-0.125000
G01 X82.707400 Y21.986000 Z-0.125000
G01 X82.638200 Y21.598000 Z-0.125000
G01 X82.638200 Y21.598000 Z-0.125000
G01 X82.673600 Y21.316000 Z-0.125000
G01 X82.935400 Y21.260000 Z-0.125000
G01 X82.947000 Y21.271000 Z-0.125000
G01 X83.273500 Y21.279000 Z-0.125000
G01 X83.380900 Y21.168000 Z-0.125000
G01 X83.350300 Y21.038000 Z-0.125000
G01 X83.338200 Y21.026000 Z-0.125000
G01 X83.316100 Y20.905000 Z-0.125000
G01 X83.444600 Y20.815000 Z-0.125000
G01 X83.804000 Y20.856000 Z-0.125000
G01 X83.813600 Y20.866000 Z-0.125000
G01 X84.179800 Y20.914000 Z-0.125000
G01 X84.322000 Y20.838000 Z-0.125000
G01 X84.312200 Y20.728000 Z-0.125000
G01 X84.300700 Y20.717000 Z-0.125000
G01 X84.473900 Y20.572000 Z-0.125000
G01 X84.857900 Y20.638000 Z-0.125000
G01 X84.862300 Y20.642000 Z-0.125000
G01 X85.250900 Y20.713000 Z-0.125000
G01 X85.437700 Y20.581000 Z-0.125000
G01 X85.437700 Y20.581000 Z-0.125000
G01 X85.641900 Y20.468000 Z-0.125000
G01 X86.048100 Y20.556000 Z-0.125000
G01 X86.054200 Y20.562000 Z-0.125000
G01 X86.505400 Y20.695000 Z-0.125000
G01 X86.715300 Y20.686000 Z-0.125000
G01 X86.742600 Y20.614000 Z-0.125000
G01 X86.719100 Y20.591000 Z-0.125000
G01 X86.728000 Y20.500000 Z-0.125000
G01 X86.930200 Y20.484000 Z-0.125000
G01 X87.402100 Y20.637000 Z-0.125000
G01 X87.433200 Y20.669000 Z-0.125000
G01 X88.006700 Y20.924000 Z-0.125000
G01 X88.249600 Y20.948000 Z-0.125000
G01 X88.257200 Y20.856000 Z-0.125000
G01 X88.214200 Y20.814000 Z-0.125000
G01 X88.190900 Y20.691000 Z-0.125000
G01 X88.426000 Y20.707000 Z-0.125000
G01 X89.046700 Y21.010000 Z-0.125000
G01 X89.545300 Y21.509000 Z-0.125000
G00 Z5.000000

(End cutting path id: path2)


(Start cutting path id: path2)
(Change tool to Default tool)

G00 Z5.000000
G00 X100.141000 Y20.656000

G01 Z-0.125000 F100.0(Penetrate)
G01 X98.607500 Y19.122000 Z-0.125000 F400.000000
G01 X98.594200 Y18.791000 Z-0.125000
G01 X98.786300 Y18.665000 Z-0.125000
G01 X98.799000 Y18.677000 Z-0.125000
G01 X99.022600 Y18.583000 Z-0.125000
G01 X99.066400 Y18.309000 Z-0.125000
G01 X99.066400 Y18.309000 Z-0.125000
G01 X99.151200 Y18.075000 Z-0.125000
G01 X99.415900 Y18.022000 Z-0.125000
G01 X99.418700 Y18.025000 Z-0.125000
G01 X99.712000 Y18.000000 Z-0.125000
G01 X99.819800 Y17.790000 Z-0.125000
G01 X99.812800 Y17.783000 Z-0.125000
G01 X99.919500 Y17.572000 Z-0.125000
G01 X100.226000 Y17.560000 Z-0.125000
G01 X100.236000 Y17.570000 Z-0.125000
G01 X100.571000 Y17.587000 Z-0.125000
G01 X100.687000 Y17.385000 Z-0.125000
G01 X100.678000 Y17.376000 Z-0.125000
G01 X100.660000 Y17.259000 Z-0.125000
G01 X100.787000 Y17.166000 Z-0.125000
G01 X101.132000 Y17.193000 Z-0.125000
G01 X101.138000 Y17.199000 Z-0.125000
G01 X101.501000 Y17.245000 Z-0.125000
G01 X101.635000 Y17.160000 Z-0.125000
G01 X101.616000 Y17.042000 Z-0.125000
G01 X101.612000 Y17.038000 Z-0.125000
G01 X101.591000 Y16.918000 Z-0.125000
G01 X101.726000 Y16.834000 Z-0.125000
G01 X102.098000 Y16.887000 Z-0.125000
G01 X102.101000 Y16.890000 Z-0.125000
G01 X102.486000 Y16.958000 Z-0.125000
G01 X102.628000 Y16.881000 Z-0.125000
G01 X102.608000 Y16.761000 Z-0.125000
G01 X102.469000 Y16.623000 Z-0.125000
G00 Z5.000000

(End cutting path id: path2)


(Start cutting path id: path2)
(Change tool to Default tool)

G00 Z5.000000
G00 X103.463000 Y17.014000

G01 Z-0.125000 F100.0(Penetrate)
G01 X102.624000 Y17.590000 Z-0.125000 F400.000000
G01 X100.905000 Y18.991000 Z-0.125000
G01 X99.884300 Y19.837000 Z-0.125000
G01 X99.561500 Y19.803000 Z-0.125000
G01 X99.225900 Y19.507000 Z-0.125000
G01 X99.010300 Y19.168000 Z-0.125000
G01 X99.004100 Y18.845000 Z-0.125000
G01 X99.639800 Y18.182000 Z-0.125000
G01 X100.629000 Y17.697000 Z-0.125000
G01 X101.900000 Y17.248000 Z-0.125000
G01 X102.996000 Y16.974000 Z-0.125000
G01 X103.463000 Y17.014000 Z-0.125000
G01 X103.463000 Y17.014000 Z-0.125000
G00 Z5.000000

(End cutting path id: path2)


(Start cutting path id: path2)
(Change tool to Default tool)

G00 Z5.000000
G00 X105.704000 Y17.608000

G01 Z-0.125000 F100.0(Penetrate)
G01 X105.709000 Y18.205000 Z-0.125000 F400.000000
G01 X105.992000 Y19.078000 Z-0.125000
G01 X108.108000 Y23.377000 Z-0.125000
G01 X110.785000 Y28.252000 Z-0.125000
G01 X111.601000 Y29.273000 Z-0.125000
G01 X112.322000 Y29.729000 Z-0.125000
G01 X115.503000 Y30.145000 Z-0.125000
G01 X119.343000 Y30.553000 Z-0.125000
G01 X119.793000 Y30.799000 Z-0.125000
G01 X119.845000 Y31.217000 Z-0.125000
G01 X119.580000 Y32.277000 Z-0.125000
G01 X118.830000 Y33.134000 Z-0.125000
G01 X117.658000 Y33.738000 Z-0.125000
G01 X116.127000 Y34.042000 Z-0.125000
G01 X114.775000 Y34.020000 Z-0.125000
G01 X113.229000 Y33.769000 Z-0.125000
G01 X111.589000 Y33.311000 Z-0.125000
G01 X109.954000 Y32.667000 Z-0.125000
G01 X108.515000 Y31.863000 Z-0.125000
G01 X108.035000 Y31.425000 Z-0.125000
G01 X107.696000 Y30.924000 Z-0.125000
G01 X107.378000 Y29.612000 Z-0.125000
G01 X107.440000 Y27.688000 Z-0.125000
G01 X107.465000 Y25.597000 Z-0.125000
G01 X107.001000 Y25.588000 Z-0.125000
G01 X106.187000 Y25.836000 Z-0.125000
G01 X105.345000 Y26.219000 Z-0.125000
G01 X104.799000 Y26.613000 Z-0.125000
G01 X104.489000 Y27.287000 Z-0.125000
G01 X104.620000 Y27.911000 Z-0.125000
G01 X105.147000 Y28.407000 Z-0.125000
G01 X106.026000 Y28.701000 Z-0.125000
G01 X106.751000 Y28.908000 Z-0.125000
G01 X106.777000 Y29.082000 Z-0.125000
G01 X106.630000 Y29.362000 Z-0.125000
G01 X106.258000 Y29.554000 Z-0.125000
G01 X105.202000 Y29.398000 Z-0.125000
G01 X103.522000 Y28.940000 Z-0.125000
G01 X102.276000 Y28.358000 Z-0.125000
G01 X101.468000 Y27.688000 Z-0.125000
G01 X101.106000 Y26.964000 Z-0.125000
G01 X101.196000 Y26.220000 Z-0.125000
G01 X101.745000 Y25.493000 Z-0.125000
G01 X102.759000 Y24.817000 Z-0.125000
G01 X104.244000 Y24.227000 Z-0.125000
G01 X105.339000 Y23.711000 Z-0.125000
G01 X105.411000 Y23.522000 Z-0.125000
G01 X105.089000 Y23.448000 Z-0.125000
G01 X103.502000 Y23.870000 Z-0.125000
G01 X101.876000 Y24.637000 Z-0.125000
G01 X101.292000 Y25.053000 Z-0.125000
G01 X101.074000 Y24.497000 Z-0.125000
G01 X100.066000 Y21.746000 Z-0.125000
G01 X100.043000 Y21.222000 Z-0.125000
G01 X100.227000 Y20.766000 Z-0.125000
G01 X100.753000 Y20.015000 Z-0.125000
G01 X101.563000 Y19.167000 Z-0.125000
G01 X103.894000 Y17.528000 Z-0.125000
G01 X105.060000 Y16.877000 Z-0.125000
G01 X105.672000 Y16.674000 Z-0.125000
G01 X105.704000 Y17.608000 Z-0.125000
G01 X105.704000 Y17.608000 Z-0.125000
G00 Z5.000000

(End cutting path id: path2)


(Start cutting path id: path2)
(Change tool to Default tool)

G00 Z5.000000
G00 X105.851000 Y17.460000

G01 Z-0.125000 F100.0(Penetrate)
G01 X107.745000 Y19.354000 Z-0.125000 F400.000000
G00 Z5.000000

(End cutting path id: path2)


(Start cutting path id: path2)
(Change tool to Default tool)

G00 Z5.000000
G00 X107.551000 Y20.037000

G01 Z-0.125000 F100.0(Penetrate)
G01 X110.726000 Y25.915000 Z-0.125000 F400.000000
G01 X111.466000 Y27.000000 Z-0.125000
G01 X112.640000 Y27.963000 Z-0.125000
G01 X114.153000 Y28.741000 Z-0.125000
G01 X115.911000 Y29.273000 Z-0.125000
G01 X117.387000 Y29.474000 Z-0.125000
G01 X119.142000 Y29.556000 Z-0.125000
G01 X120.858000 Y29.516000 Z-0.125000
G01 X122.218000 Y29.350000 Z-0.125000
G01 X123.273000 Y29.244000 Z-0.125000
G01 X123.363000 Y29.391000 Z-0.125000
G01 X123.188000 Y29.681000 Z-0.125000
G01 X122.796000 Y30.019000 Z-0.125000
G01 X122.271000 Y30.204000 Z-0.125000
G01 X120.582000 Y30.158000 Z-0.125000
G01 X113.388000 Y29.369000 Z-0.125000
G01 X112.423000 Y29.184000 Z-0.125000
G01 X111.519000 Y28.362000 Z-0.125000
G01 X110.372000 Y26.506000 Z-0.125000
G01 X108.677000 Y23.216000 Z-0.125000
G01 X106.226000 Y18.207000 Z-0.125000
G01 X106.310000 Y18.135000 Z-0.125000
G01 X106.559000 Y18.418000 Z-0.125000
G01 X107.551000 Y20.037000 Z-0.125000
G01 X107.551000 Y20.037000 Z-0.125000
G00 Z5.000000

(End cutting path id: path2)


(Start cutting path id: path2)
(Change tool to Default tool)

G00 Z5.000000
G00 X106.796000 Y19.677000

G01 Z-0.125000 F100.0(Penetrate)
G01 X106.248000 Y19.129000 Z-0.125000 F400.000000
G01 X105.916000 Y18.479000 Z-0.125000
G01 X105.911000 Y18.256000 Z-0.125000
G01 X106.061000 Y18.306000 Z-0.125000
G01 X106.313000 Y18.558000 Z-0.125000
G00 Z5.000000

(End cutting path id: path2)


(Start cutting path id: path2)
(Change tool to Default tool)

G00 Z5.000000
G00 X106.456000 Y16.793000

G01 Z-0.125000 F100.0(Penetrate)
G01 X105.647000 Y15.984000 Z-0.125000 F400.000000
G00 Z5.000000

(End cutting path id: path2)


(Start cutting path id: path2)
(Change tool to Default tool)

G00 Z5.000000
G00 X107.370000 Y20.888000

G01 Z-0.125000 F100.0(Penetrate)
G01 X106.868000 Y20.385000 Z-0.125000 F400.000000
G01 X106.801000 Y20.120000 Z-0.125000
G01 X106.988000 Y19.869000 Z-0.125000
G01 X107.294000 Y19.738000 Z-0.125000
G01 X107.585000 Y19.830000 Z-0.125000
G01 X108.407000 Y20.653000 Z-0.125000
G00 Z5.000000

(End cutting path id: path2)


(Start cutting path id: path2)
(Change tool to Default tool)

G00 Z5.000000
G00 X107.996000 Y22.150000

G01 Z-0.125000 F100.0(Penetrate)
G01 X107.492000 Y21.646000 Z-0.125000 F400.000000
G01 X107.492000 Y21.447000 Z-0.125000
G01 X107.827000 Y21.344000 Z-0.125000
G01 X108.280000 Y21.361000 Z-0.125000
G01 X108.638000 Y21.520000 Z-0.125000
G01 X109.184000 Y22.066000 Z-0.125000
G00 Z5.000000

(End cutting path id: path2)


(Start cutting path id: path2)
(Change tool to Default tool)

G00 Z5.000000
G00 X108.629000 Y23.419000

G01 Z-0.125000 F100.0(Penetrate)
G01 X108.148000 Y22.937000 Z-0.125000 F400.000000
G01 X108.169000 Y22.759000 Z-0.125000
G01 X108.549000 Y22.702000 Z-0.125000
G01 X109.048000 Y22.764000 Z-0.125000
G01 X109.427000 Y22.944000 Z-0.125000
G01 X110.176000 Y23.694000 Z-0.125000
G00 Z5.000000

(End cutting path id: path2)


(Start cutting path id: path2)
(Change tool to Default tool)

G00 Z5.000000
G00 X110.885000 Y25.039000

G01 Z-0.125000 F100.0(Penetrate)
G01 X109.940000 Y24.093000 Z-0.125000 F400.000000
G00 Z5.000000

(End cutting path id: path2)


(Start cutting path id: path2)
(Change tool to Default tool)

G00 Z5.000000
G00 X109.961000 Y26.023000

G01 Z-0.125000 F100.0(Penetrate)
G01 X109.308000 Y25.370000 Z-0.125000 F400.000000
G01 X108.825000 Y24.569000 Z-0.125000
G01 X108.716000 Y24.241000 Z-0.125000
G01 X108.819000 Y24.245000 Z-0.125000
G01 X109.280000 Y24.706000 Z-0.125000
G00 Z5.000000

(End cutting path id: path2)


(Start cutting path id: path2)
(Change tool to Default tool)

G00 Z5.000000
G00 X109.780000 Y26.478000

G01 Z-0.125000 F100.0(Penetrate)
G01 X110.847000 Y27.544000 Z-0.125000 F400.000000
G00 Z5.000000

(End cutting path id: path2)


(Start cutting path id: path2)
(Change tool to Default tool)

G00 Z5.000000
G00 X110.639000 Y27.973000

G01 Z-0.125000 F100.0(Penetrate)
G01 X112.096000 Y29.430000 Z-0.125000 F400.000000
G01 X112.648000 Y29.664000 Z-0.125000
G01 X112.877000 Y29.674000 Z-0.125000
G01 X112.877000 Y29.575000 Z-0.125000
G01 X112.877000 Y29.575000 Z-0.125000
G01 X112.870000 Y29.469000 Z-0.125000
G01 X113.081000 Y29.461000 Z-0.125000
G01 X113.608000 Y29.670000 Z-0.125000
G01 X113.611000 Y29.673000 Z-0.125000
G01 X114.135000 Y29.879000 Z-0.125000
G01 X114.342000 Y29.867000 Z-0.125000
G01 X114.331000 Y29.756000 Z-0.125000
G01 X114.308000 Y29.734000 Z-0.125000
G01 X114.277000 Y29.604000 Z-0.125000
G01 X114.470000 Y29.578000 Z-0.125000
G01 X115.006000 Y29.795000 Z-0.125000
G01 X115.013000 Y29.802000 Z-0.125000
G01 X115.548000 Y30.020000 Z-0.125000
G01 X115.742000 Y29.995000 Z-0.125000
G01 X115.712000 Y29.866000 Z-0.125000
G01 X115.702000 Y29.856000 Z-0.125000
G01 X115.682000 Y29.736000 Z-0.125000
G01 X115.883000 Y29.719000 Z-0.125000
G01 X116.417000 Y29.934000 Z-0.125000
G01 X116.428000 Y29.946000 Z-0.125000
G01 X116.942000 Y30.141000 Z-0.125000
G01 X117.141000 Y30.121000 Z-0.125000
G01 X117.126000 Y30.007000 Z-0.125000
G01 X117.115000 Y29.996000 Z-0.125000
G01 X117.112000 Y29.894000 Z-0.125000
G01 X117.322000 Y29.885000 Z-0.125000
G01 X117.836000 Y30.081000 Z-0.125000
G01 X117.836000 Y30.081000 Z-0.125000
G01 X118.368000 Y30.296000 Z-0.125000
G01 X118.591000 Y30.299000 Z-0.125000
G01 X118.594000 Y30.203000 Z-0.125000
G01 X118.521000 Y30.130000 Z-0.125000
G01 X118.307000 Y29.598000 Z-0.125000
G01 X118.267000 Y29.340000 Z-0.125000
G01 X118.321000 Y29.294000 Z-0.125000
G01 X118.325000 Y29.298000 Z-0.125000
G01 X118.764000 Y29.419000 Z-0.125000
G01 X118.962000 Y29.398000 Z-0.125000
G01 X118.982000 Y29.319000 Z-0.125000
G01 X118.982000 Y29.319000 Z-0.125000
G01 X118.999000 Y29.236000 Z-0.125000
G01 X119.188000 Y29.207000 Z-0.125000
G01 X119.615000 Y29.315000 Z-0.125000
G01 X119.615000 Y29.316000 Z-0.125000
G01 X120.045000 Y29.428000 Z-0.125000
G01 X120.238000 Y29.402000 Z-0.125000
G01 X120.255000 Y29.320000 Z-0.125000
G01 X120.239000 Y29.303000 Z-0.125000
G01 X120.236000 Y29.202000 Z-0.125000
G01 X120.407000 Y29.154000 Z-0.125000
G01 X120.827000 Y29.256000 Z-0.125000
G01 X120.827000 Y29.256000 Z-0.125000
G01 X121.245000 Y29.356000 Z-0.125000
G01 X121.414000 Y29.306000 Z-0.125000
G01 X121.412000 Y29.204000 Z-0.125000
G01 X121.403000 Y29.195000 Z-0.125000
G01 X121.391000 Y29.084000 Z-0.125000
G01 X121.549000 Y29.024000 Z-0.125000
G01 X121.957000 Y29.114000 Z-0.125000
G01 X121.960000 Y29.117000 Z-0.125000
G01 X122.355000 Y29.194000 Z-0.125000
G01 X122.507000 Y29.127000 Z-0.125000
G01 X122.495000 Y29.016000 Z-0.125000
G01 X122.368000 Y28.888000 Z-0.125000
G00 Z5.000000

(End cutting path id: path2)


(Start cutting path id: path2)
(Change tool to Default tool)

G00 Z5.000000
G00 X122.357000 Y25.061000

G01 Z-0.125000 F100.0(Penetrate)
G01 X123.222000 Y25.926000 Z-0.125000 F400.000000
G00 Z5.000000

(End cutting path id: path2)


(Start cutting path id: path2)
(Change tool to Default tool)

G00 Z5.000000
G00 X122.448000 Y24.515000

G01 Z-0.125000 F100.0(Penetrate)
G01 X120.954000 Y23.021000 Z-0.125000 F400.000000
G00 Z5.000000

(End cutting path id: path2)


(Start cutting path id: path2)
(Change tool to Default tool)

G00 Z5.000000
G00 X112.220000 Y27.646000

G01 Z-0.125000 F100.0(Penetrate)
G01 X111.375000 Y26.801000 Z-0.125000 F400.000000
G01 X110.887000 Y25.995000 Z-0.125000
G01 X110.775000 Y25.664000 Z-0.125000
G01 X110.876000 Y25.666000 Z-0.125000
G01 X113.430000 Y28.220000 Z-0.125000
G01 X114.149000 Y28.621000 Z-0.125000
G01 X114.420000 Y28.673000 Z-0.125000
G01 X114.391000 Y28.545000 Z-0.125000
G01 X114.303000 Y28.456000 Z-0.125000
G01 X114.292000 Y28.347000 Z-0.125000
G01 X114.584000 Y28.419000 Z-0.125000
G01 X115.313000 Y28.830000 Z-0.125000
G01 X115.350000 Y28.868000 Z-0.125000
G01 X115.938000 Y29.138000 Z-0.125000
G01 X116.167000 Y29.148000 Z-0.125000
G01 X116.152000 Y29.034000 Z-0.125000
G01 X116.118000 Y28.999000 Z-0.125000
G01 X116.128000 Y28.910000 Z-0.125000
G01 X116.365000 Y28.928000 Z-0.125000
G01 X116.918000 Y29.163000 Z-0.125000
G01 X116.943000 Y29.188000 Z-0.125000
G01 X117.418000 Y29.345000 Z-0.125000
G01 X117.626000 Y29.334000 Z-0.125000
G01 X117.639000 Y29.248000 Z-0.125000
G01 X117.512000 Y29.121000 Z-0.125000
G00 Z5.000000

(End cutting path id: path2)


(Start cutting path id: path2)
(Change tool to Default tool)

G00 Z5.000000
G00 X115.946000 Y39.641000

G01 Z-0.125000 F100.0(Penetrate)
G01 X107.051000 Y30.746000 Z-0.125000 F400.000000
G00 Z5.000000

(End cutting path id: path2)


(Start cutting path id: path2)
(Change tool to Default tool)

G00 Z5.000000
G00 X105.288000 Y28.347000

G01 Z-0.125000 F100.0(Penetrate)
G01 X104.871000 Y27.930000 Z-0.125000 F400.000000
G01 X104.654000 Y27.395000 Z-0.125000
G01 X104.729000 Y27.251000 Z-0.125000
G01 X104.915000 Y27.337000 Z-0.125000
G01 X105.983000 Y28.405000 Z-0.125000
G01 X106.323000 Y28.547000 Z-0.125000
G01 X106.739000 Y28.525000 Z-0.125000
G01 X107.035000 Y28.384000 Z-0.125000
G01 X107.018000 Y28.168000 Z-0.125000
G01 X105.509000 Y26.660000 Z-0.125000
G01 X105.274000 Y26.524000 Z-0.125000
G01 X105.090000 Y26.559000 Z-0.125000
G01 X105.025000 Y26.713000 Z-0.125000
G01 X105.148000 Y26.935000 Z-0.125000
G01 X106.996000 Y28.783000 Z-0.125000
G01 X107.185000 Y28.773000 Z-0.125000
G01 X107.267000 Y28.417000 Z-0.125000
G01 X107.230000 Y27.943000 Z-0.125000
G01 X107.061000 Y27.575000 Z-0.125000
G01 X105.925000 Y26.439000 Z-0.125000
G01 X105.815000 Y26.230000 Z-0.125000
G01 X105.908000 Y26.105000 Z-0.125000
G01 X106.121000 Y26.098000 Z-0.125000
G01 X106.369000 Y26.247000 Z-0.125000
G01 X107.106000 Y26.984000 Z-0.125000
G01 X107.290000 Y27.069000 Z-0.125000
G01 X107.361000 Y26.921000 Z-0.125000
G01 X107.139000 Y26.382000 Z-0.125000
G01 X106.746000 Y25.989000 Z-0.125000
G01 X106.712000 Y25.855000 Z-0.125000
G01 X106.845000 Y25.769000 Z-0.125000
G01 X107.241000 Y25.847000 Z-0.125000
G01 X107.389000 Y25.996000 Z-0.125000
G00 Z5.000000

(End cutting path id: path2)


(Start cutting path id: path2)
(Change tool to Default tool)

G00 Z5.000000
G00 X101.760000 Y28.636000

G01 Z-0.125000 F100.0(Penetrate)
G01 X101.064000 Y27.939000 Z-0.125000 F400.000000
G01 X100.732000 Y27.289000 Z-0.125000
G01 X100.727000 Y27.066000 Z-0.125000
G01 X100.877000 Y27.116000 Z-0.125000
G01 X102.728000 Y28.967000 Z-0.125000
G01 X103.444000 Y29.365000 Z-0.125000
G01 X103.717000 Y29.419000 Z-0.125000
G01 X103.693000 Y29.296000 Z-0.125000
G01 X103.678000 Y29.281000 Z-0.125000
G01 X103.657000 Y29.160000 Z-0.125000
G01 X103.916000 Y29.201000 Z-0.125000
G01 X104.591000 Y29.558000 Z-0.125000
G01 X104.632000 Y29.599000 Z-0.125000
G01 X105.188000 Y29.837000 Z-0.125000
G01 X105.403000 Y29.833000 Z-0.125000
G01 X105.387000 Y29.718000 Z-0.125000
G01 X105.387000 Y29.718000 Z-0.125000
G01 X105.368000 Y29.599000 Z-0.125000
G01 X105.575000 Y29.588000 Z-0.125000
G01 X106.119000 Y29.813000 Z-0.125000
G01 X106.256000 Y29.951000 Z-0.125000
G01 X106.533000 Y30.029000 Z-0.125000
G01 X106.857000 Y29.915000 Z-0.125000
G01 X107.078000 Y29.700000 Z-0.125000
G01 X107.049000 Y29.471000 Z-0.125000
G01 X107.049000 Y29.471000 Z-0.125000
G01 X106.852000 Y29.374000 Z-0.125000
G01 X106.705000 Y29.445000 Z-0.125000
G01 X106.659000 Y29.618000 Z-0.125000
G01 X106.769000 Y29.827000 Z-0.125000
G01 X107.377000 Y30.435000 Z-0.125000
G00 Z5.000000

(End cutting path id: path2)


(Start cutting path id: path2)
(Change tool to Default tool)

G00 Z5.000000
G00 X100.966000 Y26.569000

G01 Z-0.125000 F100.0(Penetrate)
G01 X100.825000 Y26.428000 Z-0.125000 F400.000000
G01 X100.768000 Y26.053000 Z-0.125000
G01 X100.857000 Y25.924000 Z-0.125000
G01 X100.984000 Y25.952000 Z-0.125000
G01 X100.984000 Y25.952000 Z-0.125000
G01 X101.126000 Y25.994000 Z-0.125000
G01 X101.247000 Y25.896000 Z-0.125000
G01 X101.236000 Y25.567000 Z-0.125000
G01 X100.876000 Y25.207000 Z-0.125000
G01 X100.888000 Y25.119000 Z-0.125000
G01 X101.090000 Y25.103000 Z-0.125000
G01 X101.558000 Y25.253000 Z-0.125000
G01 X101.565000 Y25.260000 Z-0.125000
G01 X101.863000 Y25.240000 Z-0.125000
G01 X101.922000 Y24.981000 Z-0.125000
G01 X101.922000 Y24.981000 Z-0.125000
G01 X101.994000 Y24.735000 Z-0.125000
G01 X102.306000 Y24.728000 Z-0.125000
G01 X102.310000 Y24.732000 Z-0.125000
G01 X102.639000 Y24.744000 Z-0.125000
G01 X102.753000 Y24.639000 Z-0.125000
G01 X102.727000 Y24.514000 Z-0.125000
G01 X102.726000 Y24.513000 Z-0.125000
G01 X102.705000 Y24.393000 Z-0.125000
G01 X102.827000 Y24.296000 Z-0.125000
G01 X103.168000 Y24.318000 Z-0.125000
G01 X103.168000 Y24.318000 Z-0.125000
G01 X103.516000 Y24.349000 Z-0.125000
G01 X103.644000 Y24.258000 Z-0.125000
G01 X103.625000 Y24.140000 Z-0.125000
G01 X103.625000 Y24.139000 Z-0.125000
G01 X103.608000 Y24.023000 Z-0.125000
G01 X103.739000 Y23.935000 Z-0.125000
G01 X104.095000 Y23.973000 Z-0.125000
G01 X104.109000 Y23.988000 Z-0.125000
G01 X104.456000 Y24.016000 Z-0.125000
G01 X104.588000 Y23.929000 Z-0.125000
G01 X104.575000 Y23.817000 Z-0.125000
G01 X104.526000 Y23.768000 Z-0.125000
G01 X104.724000 Y23.648000 Z-0.125000
G01 X105.051000 Y23.657000 Z-0.125000
G01 X105.115000 Y23.721000 Z-0.125000
G00 Z5.000000

(End cutting path id: path2)


(Start cutting path id: path2)
(Change tool to Default tool)

G00 Z5.000000
G00 X101.016000 Y24.710000

G01 Z-0.125000 F100.0(Penetrate)
G01 X100.678000 Y24.373000 Z-0.125000 F400.000000
G01 X100.237000 Y23.614000 Z-0.125000
G01 X100.158000 Y23.316000 Z-0.125000
G01 X100.273000 Y23.332000 Z-0.125000
G01 X100.367000 Y23.426000 Z-0.125000
G01 X100.488000 Y23.448000 Z-0.125000
G01 X100.421000 Y23.162000 Z-0.125000
G01 X99.998700 Y22.421000 Z-0.125000
G01 X99.880100 Y22.303000 Z-0.125000
G01 X99.638000 Y21.743000 Z-0.125000
G01 X99.635400 Y21.521000 Z-0.125000
G01 X99.745300 Y21.532000 Z-0.125000
G01 X99.792500 Y21.579000 Z-0.125000
G01 X99.892200 Y21.579000 Z-0.125000
G01 X99.932800 Y21.401000 Z-0.125000
G01 X99.818100 Y20.969000 Z-0.125000
G01 X99.818100 Y20.969000 Z-0.125000
G01 X99.867400 Y20.382000 Z-0.125000
G01 X100.021000 Y20.098000 Z-0.125000
G01 X100.172000 Y20.050000 Z-0.125000
G01 X100.264000 Y20.142000 Z-0.125000
G01 X100.533000 Y20.093000 Z-0.125000
G01 X100.544000 Y19.786000 Z-0.125000
G01 X100.529000 Y19.772000 Z-0.125000
G01 X100.579000 Y19.503000 Z-0.125000
G01 X100.858000 Y19.464000 Z-0.125000
G01 X100.860000 Y19.466000 Z-0.125000
G01 X101.129000 Y19.417000 Z-0.125000
G01 X101.173000 Y19.143000 Z-0.125000
G01 X101.173000 Y19.143000 Z-0.125000
G01 X101.224000 Y18.876000 Z-0.125000
G01 X101.499000 Y18.833000 Z-0.125000
G01 X101.503000 Y18.837000 Z-0.125000
G01 X101.796000 Y18.812000 Z-0.125000
G01 X101.856000 Y18.554000 Z-0.125000
G01 X101.850000 Y18.548000 Z-0.125000
G01 X101.904000 Y18.284000 Z-0.125000
G01 X102.200000 Y18.262000 Z-0.125000
G01 X102.208000 Y18.270000 Z-0.125000
G01 X102.526000 Y18.270000 Z-0.125000
G01 X102.623000 Y18.148000 Z-0.125000
G01 X102.584000 Y18.010000 Z-0.125000
G01 X102.575000 Y18.001000 Z-0.125000
G01 X102.538000 Y17.865000 Z-0.125000
G01 X102.640000 Y17.747000 Z-0.125000
G01 X102.964000 Y17.753000 Z-0.125000
G01 X102.964000 Y17.754000 Z-0.125000
G01 X103.288000 Y17.760000 Z-0.125000
G01 X103.390000 Y17.642000 Z-0.125000
G01 X103.353000 Y17.506000 Z-0.125000
G01 X103.353000 Y17.506000 Z-0.125000
G01 X103.104000 Y16.939000 Z-0.125000
G01 X103.054000 Y16.671000 Z-0.125000
G01 X103.114000 Y16.632000 Z-0.125000
G01 X103.636000 Y17.154000 Z-0.125000
G01 X103.878000 Y17.296000 Z-0.125000
G01 X104.076000 Y17.275000 Z-0.125000
G01 X104.154000 Y17.135000 Z-0.125000
G01 X104.038000 Y16.919000 Z-0.125000
G01 X103.752000 Y16.633000 Z-0.125000
G01 X103.658000 Y16.440000 Z-0.125000
G01 X103.785000 Y16.348000 Z-0.125000
G01 X104.295000 Y16.541000 Z-0.125000
G01 X104.445000 Y16.690000 Z-0.125000
G01 X104.690000 Y16.836000 Z-0.125000
G01 X104.895000 Y16.822000 Z-0.125000
G01 X104.981000 Y16.689000 Z-0.125000
G01 X104.868000 Y16.477000 Z-0.125000
G01 X104.845000 Y16.454000 Z-0.125000
G01 X104.748000 Y16.258000 Z-0.125000
G01 X104.869000 Y16.160000 Z-0.125000
G01 X105.369000 Y16.342000 Z-0.125000
G01 X106.489000 Y17.462000 Z-0.125000
G01 X106.749000 Y17.524000 Z-0.125000
G01 X106.987000 Y17.324000 Z-0.125000
G01 X107.106000 Y17.005000 Z-0.125000
G01 X107.008000 Y16.709000 Z-0.125000
G01 X106.295000 Y15.996000 Z-0.125000
G01 X106.162000 Y15.764000 Z-0.125000
G01 X106.204000 Y15.586000 Z-0.125000
G01 X106.364000 Y15.528000 Z-0.125000
G01 X106.589000 Y15.653000 Z-0.125000
G01 X107.799000 Y16.864000 Z-0.125000
G01 X108.437000 Y17.183000 Z-0.125000
G01 X108.651000 Y17.179000 Z-0.125000
G01 X108.597000 Y17.026000 Z-0.125000
G01 X106.925000 Y15.354000 Z-0.125000
G01 X106.807000 Y15.136000 Z-0.125000
G01 X106.879000 Y14.990000 Z-0.125000
G01 X107.071000 Y14.963000 Z-0.125000
G01 X107.310000 Y15.102000 Z-0.125000
G01 X109.395000 Y17.187000 Z-0.125000
G01 X110.032000 Y17.507000 Z-0.125000
G01 X110.247000 Y17.503000 Z-0.125000
G01 X110.193000 Y17.349000 Z-0.125000
G01 X107.725000 Y14.881000 Z-0.125000
G01 X107.614000 Y14.671000 Z-0.125000
G01 X107.704000 Y14.542000 Z-0.125000
G01 X107.913000 Y14.533000 Z-0.125000
G01 X108.160000 Y14.681000 Z-0.125000
G01 X110.992000 Y17.512000 Z-0.125000
G01 X111.639000 Y17.842000 Z-0.125000
G01 X111.861000 Y17.844000 Z-0.125000
G01 X111.810000 Y17.694000 Z-0.125000
G01 X108.616000 Y14.500000 Z-0.125000
G01 X108.510000 Y14.295000 Z-0.125000
G01 X108.612000 Y14.178000 Z-0.125000
G01 X108.834000 Y14.181000 Z-0.125000
G01 X109.086000 Y14.334000 Z-0.125000
G01 X112.612000 Y17.860000 Z-0.125000
G01 X113.265000 Y18.195000 Z-0.125000
G01 X113.491000 Y18.202000 Z-0.125000
G01 X113.441000 Y18.053000 Z-0.125000
G01 X109.570000 Y14.182000 Z-0.125000
G01 X109.468000 Y13.981000 Z-0.125000
G01 X109.579000 Y13.873000 Z-0.125000
G01 X110.066000 Y14.042000 Z-0.125000
G01 X114.294000 Y18.270000 Z-0.125000
G01 X115.017000 Y18.675000 Z-0.125000
G01 X115.290000 Y18.729000 Z-0.125000
G01 X115.263000 Y18.602000 Z-0.125000
G01 X110.574000 Y13.914000 Z-0.125000
G01 X110.477000 Y13.717000 Z-0.125000
G01 X110.596000 Y13.618000 Z-0.125000
G01 X111.095000 Y13.798000 Z-0.125000
G01 X116.241000 Y18.945000 Z-0.125000
G01 X117.042000 Y19.427000 Z-0.125000
G01 X117.369000 Y19.535000 Z-0.125000
G01 X117.365000 Y19.433000 Z-0.125000
G01 X111.627000 Y13.695000 Z-0.125000
G01 X111.534000 Y13.502000 Z-0.125000
G01 X111.661000 Y13.411000 Z-0.125000
G01 X112.172000 Y13.604000 Z-0.125000
G01 X121.698000 Y23.130000 Z-0.125000
G00 Z5.000000

(End cutting path id: path2)


(Start cutting path id: path2)
(Change tool to Default tool)

G00 Z5.000000
G00 X111.003000 Y17.833000

G01 Z-0.125000 F100.0(Penetrate)
G01 X114.846000 Y18.724000 Z-0.125000 F400.000000
G01 X117.397000 Y19.677000 Z-0.125000
G01 X118.362000 Y20.268000 Z-0.125000
G01 X119.213000 Y20.982000 Z-0.125000
G01 X120.854000 Y22.927000 Z-0.125000
G01 X122.566000 Y25.639000 Z-0.125000
G01 X123.086000 Y26.799000 Z-0.125000
G01 X123.339000 Y27.748000 Z-0.125000
G01 X123.446000 Y28.542000 Z-0.125000
G01 X122.386000 Y28.745000 Z-0.125000
G01 X120.349000 Y29.025000 Z-0.125000
G01 X118.424000 Y29.057000 Z-0.125000
G01 X116.586000 Y28.841000 Z-0.125000
G01 X114.813000 Y28.375000 Z-0.125000
G01 X113.356000 Y27.767000 Z-0.125000
G01 X112.227000 Y26.825000 Z-0.125000
G01 X111.027000 Y25.088000 Z-0.125000
G01 X109.353000 Y22.096000 Z-0.125000
G01 X107.474000 Y18.732000 Z-0.125000
G01 X106.581000 Y17.362000 Z-0.125000
G01 X106.427000 Y17.122000 Z-0.125000
G01 X106.513000 Y16.934000 Z-0.125000
G01 X111.003000 Y17.833000 Z-0.125000
G01 X111.003000 Y17.833000 Z-0.125000
G00 Z5.000000

(End cutting path id: path2)


(Start cutting path id: path2)
(Change tool to Default tool)

G00 Z5.000000
G00 X112.066000 Y13.205000

G01 Z-0.125000 F100.0(Penetrate)
G01 X110.029000 Y13.607000 Z-0.125000 F400.000000
G01 X108.260000 Y14.157000 Z-0.125000
G01 X106.912000 Y14.796000 Z-0.125000
G01 X106.137000 Y15.466000 Z-0.125000
G01 X105.583000 Y15.860000 Z-0.125000
G01 X104.215000 Y16.137000 Z-0.125000
G01 X102.041000 Y16.593000 Z-0.125000
G01 X100.253000 Y17.242000 Z-0.125000
G01 X98.993100 Y18.018000 Z-0.125000
G01 X98.604400 Y18.434000 Z-0.125000
G01 X98.400200 Y18.856000 Z-0.125000
G01 X98.424700 Y19.394000 Z-0.125000
G01 X98.964900 Y19.982000 Z-0.125000
G01 X99.499300 Y20.558000 Z-0.125000
G01 X99.491600 Y21.041000 Z-0.125000
G01 X99.438300 Y21.450000 Z-0.125000
G01 X99.557500 Y22.082000 Z-0.125000
G01 X100.461000 Y24.548000 Z-0.125000
G01 X100.716000 Y25.366000 Z-0.125000
G01 X100.686000 Y25.831000 Z-0.125000
G01 X100.505000 Y26.846000 Z-0.125000
G01 X100.590000 Y27.372000 Z-0.125000
G01 X100.842000 Y27.871000 Z-0.125000
G01 X101.819000 Y28.765000 Z-0.125000
G01 X103.375000 Y29.490000 Z-0.125000
G01 X105.448000 Y30.004000 Z-0.125000
G01 X106.630000 Y30.294000 Z-0.125000
G01 X106.866000 Y30.505000 Z-0.125000
G01 X107.017000 Y30.839000 Z-0.125000
G01 X107.976000 Y32.231000 Z-0.125000
G01 X108.567000 Y32.992000 Z-0.125000
G01 X108.936000 Y33.712000 Z-0.125000
G01 X113.227000 Y46.364000 Z-0.125000
G01 X113.229000 Y46.531000 Z-0.125000
G01 X113.018000 Y46.643000 Z-0.125000
G01 X111.615000 Y46.793000 Z-0.125000
G01 X109.590000 Y47.083000 Z-0.125000
G01 X108.888000 Y47.332000 Z-0.125000
G01 X108.387000 Y47.653000 Z-0.125000
G01 X108.083000 Y48.051000 Z-0.125000
G01 X107.973000 Y48.529000 Z-0.125000
G01 X108.053000 Y49.091000 Z-0.125000
G01 X108.319000 Y49.739000 Z-0.125000
G01 X108.635000 Y50.350000 Z-0.125000
G01 X107.875000 Y50.224000 Z-0.125000
G01 X106.696000 Y50.097000 Z-0.125000
G01 X106.336000 Y49.939000 Z-0.125000
G01 X106.153000 Y49.320000 Z-0.125000
G01 X105.908000 Y48.602000 Z-0.125000
G01 X105.439000 Y47.975000 Z-0.125000
G01 X104.779000 Y47.475000 Z-0.125000
G01 X103.965000 Y47.136000 Z-0.125000
G01 X101.754000 Y46.984000 Z-0.125000
G01 X99.416600 Y47.219000 Z-0.125000
G01 X99.102200 Y47.108000 Z-0.125000
G01 X98.547300 Y46.504000 Z-0.125000
G01 X96.061000 Y42.991000 Z-0.125000
G01 X91.275500 Y36.036000 Z-0.125000
G01 X89.449700 Y33.184000 Z-0.125000
G01 X89.621300 Y32.983000 Z-0.125000
G01 X90.035500 Y32.824000 Z-0.125000
G01 X90.571100 Y32.575000 Z-0.125000
G01 X91.083800 Y32.129000 Z-0.125000
G01 X91.468400 Y31.599000 Z-0.125000
G01 X91.619900 Y31.100000 Z-0.125000
G01 X91.381300 Y30.590000 Z-0.125000
G01 X90.802400 Y29.935000 Z-0.125000
G01 X90.218600 Y29.313000 Z-0.125000
G01 X90.181400 Y29.155000 Z-0.125000
G01 X90.292300 Y29.063000 Z-0.125000
G01 X91.121100 Y28.181000 Z-0.125000
G01 X91.807000 Y26.839000 Z-0.125000
G01 X91.883700 Y26.227000 Z-0.125000
G01 X91.801200 Y25.586000 Z-0.125000
G01 X91.580300 Y24.998000 Z-0.125000
G01 X91.241600 Y24.548000 Z-0.125000
G01 X90.969400 Y24.178000 Z-0.125000
G01 X91.175000 Y23.669000 Z-0.125000
G01 X91.393600 Y22.993000 Z-0.125000
G01 X91.284800 Y22.351000 Z-0.125000
G01 X90.882200 Y21.762000 Z-0.125000
G01 X90.219400 Y21.247000 Z-0.125000
G01 X89.329800 Y20.825000 Z-0.125000
G01 X88.247200 Y20.518000 Z-0.125000
G01 X87.004900 Y20.346000 Z-0.125000
G01 X85.636600 Y20.328000 Z-0.125000
G01 X84.301600 Y20.453000 Z-0.125000
G01 X83.333600 Y20.699000 Z-0.125000
G01 X82.681400 Y21.085000 Z-0.125000
G01 X82.294300 Y21.631000 Z-0.125000
G01 X81.975200 Y22.231000 Z-0.125000
G01 X81.603800 Y22.017000 Z-0.125000
G01 X80.072900 Y21.348000 Z-0.125000
G01 X78.372200 Y21.077000 Z-0.125000
G01 X75.985600 Y20.988000 Z-0.125000
G01 X73.401800 Y21.081000 Z-0.125000
G01 X71.109400 Y21.354000 Z-0.125000
G01 X68.748800 Y21.912000 Z-0.125000
G01 X66.715200 Y22.625000 Z-0.125000
G01 X65.227200 Y23.401000 Z-0.125000
G01 X64.503200 Y24.148000 Z-0.125000
G01 X64.398300 Y25.022000 Z-0.125000
G01 X64.708700 Y25.721000 Z-0.125000
G01 X64.972300 Y26.318000 Z-0.125000
G01 X65.080500 Y27.561000 Z-0.125000
G01 X65.367700 Y30.009000 Z-0.125000
G01 X65.741700 Y30.893000 Z-0.125000
G01 X66.363400 Y31.784000 Z-0.125000
G01 X67.140800 Y32.571000 Z-0.125000
G01 X67.981900 Y33.144000 Z-0.125000
G01 X68.875800 Y33.431000 Z-0.125000
G01 X70.109100 Y33.412000 Z-0.125000
G01 X72.016000 Y33.047000 Z-0.125000
G01 X74.930800 Y32.293000 Z-0.125000
G01 X78.868400 Y31.222000 Z-0.125000
G01 X79.273200 Y32.020000 Z-0.125000
G01 X79.822700 Y32.767000 Z-0.125000
G01 X80.649300 Y33.413000 Z-0.125000
G01 X81.736700 Y33.913000 Z-0.125000
G01 X83.287700 Y34.036000 Z-0.125000
G01 X84.954800 Y34.064000 Z-0.125000
G01 X86.438700 Y36.306000 Z-0.125000
G01 X91.443200 Y43.876000 Z-0.125000
G01 X94.963800 Y49.203000 Z-0.125000
G01 X94.210700 Y49.995000 Z-0.125000
G01 X93.013800 Y51.434000 Z-0.125000
G01 X92.739900 Y51.868000 Z-0.125000
G01 X92.745400 Y52.238000 Z-0.125000
G01 X94.034500 Y53.811700 Z-0.125000
G01 X94.975400 Y54.997400 Z-0.125000
G01 X94.076200 Y56.215100 Z-0.125000
G01 X93.285500 Y57.338400 Z-0.125000
G01 X92.506200 Y58.730900 Z-0.125000
G01 X91.849400 Y60.172800 Z-0.125000
G01 X91.426700 Y61.444400 Z-0.125000
G01 X91.266200 Y63.046500 Z-0.125000
G01 X91.249200 Y65.786900 Z-0.125000
G01 X91.309800 Y69.142400 Z-0.125000
G01 X90.699500 Y70.326700 Z-0.125000
G01 X89.420500 Y73.548900 Z-0.125000
G01 X88.956800 Y75.226200 Z-0.125000
G01 X88.717300 Y76.608900 Z-0.125000
G01 X88.554500 Y77.733900 Z-0.125000
G01 X88.415400 Y77.865400 Z-0.125000
G01 X88.185100 Y77.830500 Z-0.125000
G01 X74.546100 Y75.388000 Z-0.125000
G01 X61.321300 Y73.071400 Z-0.125000
G01 X61.186700 Y69.527900 Z-0.125000
G01 X60.724000 Y62.415500 Z-0.125000
G01 X59.714900 Y55.200000 Z-0.125000
G01 X59.202900 Y52.114000 Z-0.125000
G01 X60.268300 Y50.822000 Z-0.125000
G01 X62.153900 Y48.089000 Z-0.125000
G01 X63.480000 Y45.258000 Z-0.125000
G01 X63.897500 Y43.904000 Z-0.125000
G01 X64.132400 Y42.643000 Z-0.125000
G01 X64.170500 Y41.514000 Z-0.125000
G01 X63.997400 Y40.556000 Z-0.125000
G01 X63.638400 Y39.901000 Z-0.125000
G01 X63.069900 Y39.285000 Z-0.125000
G01 X62.427700 Y38.826000 Z-0.125000
G01 X61.847300 Y38.646000 Z-0.125000
G01 X61.002000 Y38.851000 Z-0.125000
G01 X59.878000 Y39.389000 Z-0.125000
G01 X58.677800 Y40.147000 Z-0.125000
G01 X57.603800 Y41.014000 Z-0.125000
G01 X56.368200 Y42.170000 Z-0.125000
G01 X55.415200 Y39.916000 Z-0.125000
G01 X54.463200 Y37.936000 Z-0.125000
G01 X53.292900 Y35.903000 Z-0.125000
G01 X52.066200 Y34.077000 Z-0.125000
G01 X50.944800 Y32.719000 Z-0.125000
G01 X49.906300 Y31.765000 Z-0.125000
G01 X48.836800 Y30.992000 Z-0.125000
G01 X47.743700 Y30.401000 Z-0.125000
G01 X46.634000 Y29.995000 Z-0.125000
G01 X45.515100 Y29.777000 Z-0.125000
G01 X44.394100 Y29.747000 Z-0.125000
G01 X43.278300 Y29.908000 Z-0.125000
G01 X42.175000 Y30.261000 Z-0.125000
G01 X40.870500 Y30.654000 Z-0.125000
G01 X39.191800 Y30.750000 Z-0.125000
G01 X36.342500 Y30.950000 Z-0.125000
G01 X35.490800 Y31.054000 Z-0.125000
G01 X35.146200 Y30.914000 Z-0.125000
G01 X34.767700 Y28.987000 Z-0.125000
G01 X34.358500 Y26.719000 Z-0.125000
G01 X33.798900 Y24.951000 Z-0.125000
G01 X33.031800 Y23.548000 Z-0.125000
G01 X32.000600 Y22.373000 Z-0.125000
G01 X30.734600 Y21.469000 Z-0.125000
G01 X29.487000 Y21.115000 Z-0.125000
G01 X28.308300 Y21.313000 Z-0.125000
G01 X27.249400 Y22.067000 Z-0.125000
G01 X26.341900 Y23.411000 Z-0.125000
G01 X25.937300 Y25.113000 Z-0.125000
G01 X26.021500 Y27.348000 Z-0.125000
G01 X26.580000 Y30.293000 Z-0.125000
G01 X27.529600 Y34.021000 Z-0.125000
G01 X27.789900 Y34.825000 Z-0.125000
G01 X26.667200 Y36.045000 Z-0.125000
G01 X25.470700 Y37.632000 Z-0.125000
G01 X24.353700 Y39.687000 Z-0.125000
G01 X23.327800 Y42.168000 Z-0.125000
G01 X22.404400 Y45.036000 Z-0.125000
G01 X21.595000 Y48.250000 Z-0.125000
G01 X20.911200 Y51.771000 Z-0.125000
G01 X20.364400 Y55.556200 Z-0.125000
G01 X19.966100 Y59.567000 Z-0.125000
G01 X19.672700 Y62.497600 Z-0.125000
G01 X17.663700 Y61.631800 Z-0.125000
G01 X15.817200 Y60.848700 Z-0.125000
G01 X14.339300 Y60.680600 Z-0.125000
G01 X13.336400 Y60.737400 Z-0.125000
G01 X12.520700 Y60.959900 Z-0.125000
G01 X11.792000 Y61.390700 Z-0.125000
G01 X11.050100 Y62.072100 Z-0.125000
G01 X10.594800 Y62.671600 Z-0.125000
G01 X10.282800 Y63.352600 Z-0.125000
G01 X10.085400 Y64.893900 Z-0.125000
G01 X10.451000 Y66.566400 Z-0.125000
G01 X11.373000 Y68.240600 Z-0.125000
G01 X12.366200 Y69.335000 Z-0.125000
G01 X13.796900 Y70.345600 Z-0.125000
G01 X15.979900 Y71.457100 Z-0.125000
G01 X19.229600 Y72.854500 Z-0.125000
G01 X19.773000 Y73.078400 Z-0.125000
G01 X19.647300 Y76.933200 Z-0.125000
G01 X19.616200 Y80.647000 Z-0.125000
G01 X19.742300 Y84.566200 Z-0.125000
G01 X20.391200 Y92.380100 Z-0.125000
G01 X20.876400 Y95.954200 Z-0.125000
G01 X21.443700 Y99.092700 Z-0.125000
G01 X22.074500 Y101.635500 Z-0.125000
G01 X22.749900 Y103.422300 Z-0.125000
G01 X23.126200 Y104.159900 Z-0.125000
G01 X22.421100 Y104.494600 Z-0.125000
G01 X21.728400 Y104.952500 Z-0.125000
G01 X20.935300 Y105.813700 Z-0.125000
G01 X18.306200 Y109.680800 Z-0.125000
G01 X16.827800 Y112.070400 Z-0.125000
G01 X15.988900 Y113.743100 Z-0.125000
G01 X15.614000 Y115.142300 Z-0.125000
G01 X15.528000 Y116.711800 Z-0.125000
G01 X15.619500 Y118.354600 Z-0.125000
G01 X16.089800 Y119.444000 Z-0.125000
G01 X16.845000 Y120.376900 Z-0.125000
G01 X17.775100 Y120.933100 Z-0.125000
G01 X18.847300 Y121.100800 Z-0.125000
G01 X20.028800 Y120.868000 Z-0.125000
G01 X21.267300 Y120.216200 Z-0.125000
G01 X22.441600 Y119.219200 Z-0.125000
G01 X23.434400 Y117.997400 Z-0.125000
G01 X24.128400 Y116.670800 Z-0.125000
G01 X25.047300 Y114.845300 Z-0.125000
G01 X25.758200 Y113.571000 Z-0.125000
G01 X26.708700 Y115.505600 Z-0.125000
G01 X28.544200 Y118.680300 Z-0.125000
G01 X30.089000 Y120.496900 Z-0.125000
G01 X31.903300 Y122.047800 Z-0.125000
G01 X33.869300 Y123.247200 Z-0.125000
G01 X35.869000 Y124.009500 Z-0.125000
G01 X38.301300 Y124.298900 Z-0.125000
G01 X39.544400 Y124.264700 Z-0.125000
G01 X40.537900 Y124.105800 Z-0.125000
G01 X43.103900 Y123.840500 Z-0.125000
G01 X45.361500 Y123.632500 Z-0.125000
G01 X45.595400 Y123.581800 Z-0.125000
G01 X45.740900 Y123.673400 Z-0.125000
G01 X45.926500 Y124.540300 Z-0.125000
G01 X46.216200 Y126.070800 Z-0.125000
G01 X46.655700 Y127.560600 Z-0.125000
G01 X47.890700 Y130.257900 Z-0.125000
G01 X48.639300 Y131.385700 Z-0.125000
G01 X49.444000 Y132.312900 Z-0.125000
G01 X50.281300 Y132.999500 Z-0.125000
G01 X51.128000 Y133.405800 Z-0.125000
G01 X51.958000 Y133.527600 Z-0.125000
G01 X52.877000 Y133.069200 Z-0.125000
G01 X53.531600 Y132.558500 Z-0.125000
G01 X54.090600 Y131.895000 Z-0.125000
G01 X54.554000 Y131.078700 Z-0.125000
G01 X54.921800 Y130.109600 Z-0.125000
G01 X55.370600 Y127.713200 Z-0.125000
G01 X55.437000 Y124.705900 Z-0.125000
G01 X55.271400 Y122.553100 Z-0.125000
G01 X54.940400 Y120.560500 Z-0.125000
G01 X54.439000 Y118.706000 Z-0.125000
G01 X53.762500 Y116.966900 Z-0.125000
G01 X53.164200 Y115.647400 Z-0.125000
G01 X53.832900 Y114.388100 Z-0.125000
G01 X55.264100 Y111.236200 Z-0.125000
G01 X56.665100 Y107.309200 Z-0.125000
G01 X57.937500 Y102.913400 Z-0.125000
G01 X58.982700 Y98.355100 Z-0.125000
G01 X59.757900 Y94.554700 Z-0.125000
G01 X60.062100 Y94.629300 Z-0.125000
G01 X60.733800 Y95.211900 Z-0.125000
G01 X61.589800 Y95.935500 Z-0.125000
G01 X62.536900 Y96.502500 Z-0.125000
G01 X63.554900 Y96.918700 Z-0.125000
G01 X64.623500 Y97.190300 Z-0.125000
G01 X66.831900 Y97.322700 Z-0.125000
G01 X69.000800 Y96.946900 Z-0.125000
G01 X70.968800 Y96.110400 Z-0.125000
G01 X72.574400 Y94.860400 Z-0.125000
G01 X73.190900 Y94.095100 Z-0.125000
G01 X73.656200 Y93.244200 Z-0.125000
G01 X73.950100 Y92.313600 Z-0.125000
G01 X74.052600 Y91.309200 Z-0.125000
G01 X74.052600 Y90.163600 Z-0.125000
G01 X74.713700 Y90.163600 Z-0.125000
G01 X76.868700 Y90.037300 Z-0.125000
G01 X78.362700 Y89.911000 Z-0.125000
G01 X76.798500 Y91.502800 Z-0.125000
G01 X75.492000 Y92.972400 Z-0.125000
G01 X74.641400 Y94.296100 Z-0.125000
G01 X74.189500 Y95.588600 Z-0.125000
G01 X74.079300 Y96.964600 Z-0.125000
G01 X74.118400 Y98.337600 Z-0.125000
G01 X73.049200 Y99.202300 Z-0.125000
G01 X71.153100 Y100.867100 Z-0.125000
G01 X69.905400 Y102.286200 Z-0.125000
G01 X69.265700 Y103.516200 Z-0.125000
G01 X69.193700 Y104.613500 Z-0.125000
G01 X69.429700 Y105.389100 Z-0.125000
G01 X69.807700 Y106.031100 Z-0.125000
G01 X70.308900 Y106.531700 Z-0.125000
G01 X70.914300 Y106.882900 Z-0.125000
G01 X71.605000 Y107.076700 Z-0.125000
G01 X72.362200 Y107.105100 Z-0.125000
G01 X73.166900 Y106.960300 Z-0.125000
G01 X74.000200 Y106.634300 Z-0.125000
G01 X74.739800 Y106.166500 Z-0.125000
G01 X75.388100 Y105.490100 Z-0.125000
G01 X76.828800 Y102.969400 Z-0.125000
G01 X77.468100 Y101.662200 Z-0.125000
G01 X78.694000 Y101.760600 Z-0.125000
G01 X79.872700 Y101.754800 Z-0.125000
G01 X80.946800 Y101.518000 Z-0.125000
G01 X82.018100 Y101.246400 Z-0.125000
G01 X83.675400 Y103.442800 Z-0.125000
G01 X85.762300 Y105.638000 Z-0.125000
G01 X88.020400 Y107.585600 Z-0.125000
G01 X90.191400 Y109.039100 Z-0.125000
G01 X91.564900 Y109.798300 Z-0.125000
G01 X90.569700 Y110.923700 Z-0.125000
G01 X89.591100 Y112.104000 Z-0.125000
G01 X88.846600 Y113.307900 Z-0.125000
G01 X88.369800 Y114.470700 Z-0.125000
G01 X88.194000 Y115.527600 Z-0.125000
G01 X88.392300 Y116.804200 Z-0.125000
G01 X88.660800 Y117.279800 Z-0.125000
G01 X89.046300 Y117.649900 Z-0.125000
G01 X90.180000 Y118.081700 Z-0.125000
G01 X91.817300 Y118.116800 Z-0.125000
G01 X93.297700 Y117.993800 Z-0.125000
G01 X93.760600 Y118.866400 Z-0.125000
G01 X94.847900 Y120.352700 Z-0.125000
G01 X96.386800 Y121.680000 Z-0.125000
G01 X98.229600 Y122.743900 Z-0.125000
G01 X100.228000 Y123.439900 Z-0.125000
G01 X102.184000 Y123.673400 Z-0.125000
G01 X104.129000 Y123.495000 Z-0.125000
G01 X105.911000 Y122.935000 Z-0.125000
G01 X107.378000 Y122.023500 Z-0.125000
G01 X108.370000 Y121.383600 Z-0.125000
G01 X110.676000 Y123.685100 Z-0.125000
G01 X112.813000 Y125.921100 Z-0.125000
G01 X112.469000 Y126.448500 Z-0.125000
G01 X111.521000 Y128.310300 Z-0.125000
G01 X111.104000 Y130.178500 Z-0.125000
G01 X111.217000 Y132.048500 Z-0.125000
G01 X111.860000 Y133.916000 Z-0.125000
G01 X112.550000 Y134.994800 Z-0.125000
G01 X113.473000 Y135.925500 Z-0.125000
G01 X114.593000 Y136.694100 Z-0.125000
G01 X115.871000 Y137.286500 Z-0.125000
G01 X117.269000 Y137.688600 Z-0.125000
G01 X118.750000 Y137.886300 Z-0.125000
G01 X120.275000 Y137.865500 Z-0.125000
G01 X121.807000 Y137.612200 Z-0.125000
G01 X123.838000 Y136.903600 Z-0.125000
G01 X125.583000 Y135.858900 Z-0.125000
G01 X127.005000 Y134.505900 Z-0.125000
G01 X128.069000 Y132.872100 Z-0.125000
G01 X128.715000 Y131.224000 Z-0.125000
G01 X128.937000 Y128.693200 Z-0.125000
G01 X129.121000 Y126.501100 Z-0.125000
G01 X129.450000 Y124.978000 Z-0.125000
G01 X129.988000 Y123.931400 Z-0.125000
G01 X130.801000 Y123.168400 Z-0.125000
G01 X131.566000 Y122.536000 Z-0.125000
G01 X132.090000 Y121.889400 Z-0.125000
G01 X132.368000 Y121.235800 Z-0.125000
G01 X132.397000 Y120.581900 Z-0.125000
G01 X132.185000 Y119.859800 Z-0.125000
G01 X131.682000 Y119.290200 Z-0.125000
G01 X130.707000 Y118.736400 Z-0.125000
G01 X129.082000 Y118.061600 Z-0.125000
G01 X128.275000 Y117.622700 Z-0.125000
G01 X127.819000 Y116.960400 Z-0.125000
G01 X126.997000 Y115.861100 Z-0.125000
G01 X125.754000 Y115.056700 Z-0.125000
G01 X124.267000 Y114.628400 Z-0.125000
G01 X122.717000 Y114.657100 Z-0.125000
G01 X121.838000 Y114.821400 Z-0.125000
G01 X120.677000 Y113.595400 Z-0.125000
G01 X117.605000 Y110.261500 Z-0.125000
G01 X115.694000 Y108.153700 Z-0.125000
G01 X116.832000 Y108.722600 Z-0.125000
G01 X118.088000 Y109.250000 Z-0.125000
G01 X119.439000 Y109.615400 Z-0.125000
G01 X120.933000 Y109.828600 Z-0.125000
G01 X122.617000 Y109.899200 Z-0.125000
G01 X124.280000 Y109.836600 Z-0.125000
G01 X125.714000 Y109.620200 Z-0.125000
G01 X127.077000 Y109.214300 Z-0.125000
G01 X128.531000 Y108.583300 Z-0.125000
G01 X129.966000 Y107.715600 Z-0.125000
G01 X131.290000 Y106.590500 Z-0.125000
G01 X132.423000 Y105.287600 Z-0.125000
G01 X133.284000 Y103.886500 Z-0.125000
G01 X133.861000 Y102.407400 Z-0.125000
G01 X133.959000 Y100.429200 Z-0.125000
G01 X133.864000 Y98.468700 Z-0.125000
G01 X133.326000 Y97.069000 Z-0.125000
G01 X132.613000 Y95.899900 Z-0.125000
G01 X131.678000 Y94.789000 Z-0.125000
G01 X130.587000 Y93.803300 Z-0.125000
G01 X129.404000 Y93.009800 Z-0.125000
G01 X127.277000 Y92.123300 Z-0.125000
G01 X124.876000 Y91.636400 Z-0.125000
G01 X122.374000 Y91.568900 Z-0.125000
G01 X119.943000 Y91.940300 Z-0.125000
G01 X118.315000 Y92.251400 Z-0.125000
G01 X117.393000 Y90.112000 Z-0.125000
G01 X116.175000 Y87.509300 Z-0.125000
G01 X114.725000 Y85.065800 Z-0.125000
G01 X113.116000 Y82.891000 Z-0.125000
G01 X111.421000 Y81.094200 Z-0.125000
G01 X110.528000 Y80.188400 Z-0.125000
G01 X110.396000 Y79.814400 Z-0.125000
G01 X114.023000 Y78.895200 Z-0.125000
G01 X116.744000 Y78.140100 Z-0.125000
G01 X118.739000 Y77.335000 Z-0.125000
G01 X120.357000 Y76.302500 Z-0.125000
G01 X121.945000 Y74.865200 Z-0.125000
G01 X123.354000 Y73.283500 Z-0.125000
G01 X124.256000 Y71.785700 Z-0.125000
G01 X125.228000 Y69.119000 Z-0.125000
G01 X125.478000 Y67.816900 Z-0.125000
G01 X125.558000 Y66.576100 Z-0.125000
G01 X125.539000 Y65.709300 Z-0.125000
G01 X125.350000 Y64.488700 Z-0.125000
G01 X123.634000 Y56.706900 Z-0.125000
G01 X121.907000 Y48.858000 Z-0.125000
G01 X121.725000 Y48.284000 Z-0.125000
G01 X121.475000 Y47.947000 Z-0.125000
G01 X121.220000 Y47.407000 Z-0.125000
G01 X121.079000 Y45.927000 Z-0.125000
G01 X121.080000 Y44.329000 Z-0.125000
G01 X121.292000 Y42.877000 Z-0.125000
G01 X121.760000 Y41.386000 Z-0.125000
G01 X122.525000 Y39.670000 Z-0.125000
G01 X123.240000 Y38.413000 Z-0.125000
G01 X124.095000 Y37.254000 Z-0.125000
G01 X125.080000 Y36.201000 Z-0.125000
G01 X126.184000 Y35.263000 Z-0.125000
G01 X127.396000 Y34.448000 Z-0.125000
G01 X128.707000 Y33.763000 Z-0.125000
G01 X130.104000 Y33.217000 Z-0.125000
G01 X131.577000 Y32.819000 Z-0.125000
G01 X133.439000 Y32.259000 Z-0.125000
G01 X135.260000 Y31.410000 Z-0.125000
G01 X136.986000 Y30.319000 Z-0.125000
G01 X138.565000 Y29.035000 Z-0.125000
G01 X139.945000 Y27.605000 Z-0.125000
G01 X141.074000 Y26.078000 Z-0.125000
G01 X141.899000 Y24.501000 Z-0.125000
G01 X142.368000 Y22.923000 Z-0.125000
G01 X142.439000 Y21.259000 Z-0.125000
G01 X142.075000 Y19.698000 Z-0.125000
G01 X141.307000 Y18.269000 Z-0.125000
G01 X140.166000 Y16.998000 Z-0.125000
G01 X138.683000 Y15.914000 Z-0.125000
G01 X136.890000 Y15.045000 Z-0.125000
G01 X134.816000 Y14.418000 Z-0.125000
G01 X132.493000 Y14.061000 Z-0.125000
G01 X130.752000 Y14.030000 Z-0.125000
G01 X130.434000 Y14.173000 Z-0.125000
G01 X130.420000 Y14.433000 Z-0.125000
G01 X130.876000 Y14.675000 Z-0.125000
G01 X132.045000 Y14.847000 Z-0.125000
G01 X134.400000 Y15.198000 Z-0.125000
G01 X136.469000 Y15.799000 Z-0.125000
G01 X138.229000 Y16.642000 Z-0.125000
G01 X139.660000 Y17.719000 Z-0.125000
G01 X140.579000 Y18.732000 Z-0.125000
G01 X141.175000 Y19.757000 Z-0.125000
G01 X141.480000 Y20.872000 Z-0.125000
G01 X141.527000 Y22.156000 Z-0.125000
G01 X141.310000 Y23.577000 Z-0.125000
G01 X140.790000 Y24.932000 Z-0.125000
G01 X139.940000 Y26.275000 Z-0.125000
G01 X138.733000 Y27.659000 Z-0.125000
G01 X136.900000 Y29.295000 Z-0.125000
G01 X134.934000 Y30.619000 Z-0.125000
G01 X132.884000 Y31.601000 Z-0.125000
G01 X130.801000 Y32.213000 Z-0.125000
G01 X129.342000 Y32.598000 Z-0.125000
G01 X127.949000 Y33.154000 Z-0.125000
G01 X126.633000 Y33.871000 Z-0.125000
G01 X125.405000 Y34.739000 Z-0.125000
G01 X124.278000 Y35.750000 Z-0.125000
G01 X123.262000 Y36.895000 Z-0.125000
G01 X122.368000 Y38.165000 Z-0.125000
G01 X121.608000 Y39.550000 Z-0.125000
G01 X120.927000 Y41.118000 Z-0.125000
G01 X120.499000 Y42.513000 Z-0.125000
G01 X120.276000 Y43.943000 Z-0.125000
G01 X120.212000 Y45.616000 Z-0.125000
G01 X120.211000 Y47.751000 Z-0.125000
G01 X119.585000 Y47.617000 Z-0.125000
G01 X118.904000 Y47.435000 Z-0.125000
G01 X114.478000 Y34.944000 Z-0.125000
G01 X114.776000 Y34.735000 Z-0.125000
G01 X115.904000 Y34.619000 Z-0.125000
G01 X117.808000 Y34.302000 Z-0.125000
G01 X119.233000 Y33.596000 Z-0.125000
G01 X119.750000 Y33.110000 Z-0.125000
G01 X120.128000 Y32.542000 Z-0.125000
G01 X120.360000 Y31.898000 Z-0.125000
G01 X120.438000 Y31.181000 Z-0.125000
G01 X120.455000 Y30.855000 Z-0.125000
G01 X120.565000 Y30.697000 Z-0.125000
G01 X121.423000 Y30.706000 Z-0.125000
G01 X122.672000 Y30.657000 Z-0.125000
G01 X123.489000 Y30.207000 Z-0.125000
G01 X123.902000 Y29.327000 Z-0.125000
G01 X123.938000 Y27.986000 Z-0.125000
G01 X123.659000 Y26.701000 Z-0.125000
G01 X122.931000 Y25.121000 Z-0.125000
G01 X121.579000 Y22.823000 Z-0.125000
G01 X119.597000 Y20.594000 Z-0.125000
G01 X117.649000 Y18.791000 Z-0.125000
G01 X116.945000 Y18.190000 Z-0.125000
G01 X118.662000 Y17.810000 Z-0.125000
G01 X120.724000 Y17.302000 Z-0.125000
G01 X122.277000 Y16.671000 Z-0.125000
G01 X123.256000 Y15.952000 Z-0.125000
G01 X123.510000 Y15.569000 Z-0.125000
G01 X123.596000 Y15.178000 Z-0.125000
G01 X123.386000 Y14.532000 Z-0.125000
G01 X122.750000 Y13.990000 Z-0.125000
G01 X121.676000 Y13.545000 Z-0.125000
G01 X120.155000 Y13.193000 Z-0.125000
G01 X116.230000 Y13.016000 Z-0.125000
G01 X112.066000 Y13.205000 Z-0.125000
G01 X112.066000 Y13.205000 Z-0.125000
G00 Z5.000000

(End cutting path id: path2)


(Start cutting path id: path2)
(Change tool to Default tool)

G00 Z5.000000
G00 X112.495000 Y13.291000

G01 Z-0.125000 F100.0(Penetrate)
G01 X116.953000 Y17.749000 Z-0.125000 F400.000000
G01 X117.452000 Y17.929000 Z-0.125000
G01 X117.571000 Y17.830000 Z-0.125000
G01 X117.473000 Y17.633000 Z-0.125000
G01 X113.324000 Y13.483000 Z-0.125000
G01 X113.239000 Y13.299000 Z-0.125000
G01 X113.386000 Y13.228000 Z-0.125000
G01 X113.926000 Y13.449000 Z-0.125000
G01 X118.002000 Y17.525000 Z-0.125000
G01 X118.506000 Y17.711000 Z-0.125000
G01 X118.628000 Y17.615000 Z-0.125000
G01 X118.533000 Y17.420000 Z-0.125000
G01 X114.540000 Y13.427000 Z-0.125000
G01 X114.457000 Y13.245000 Z-0.125000
G01 X114.610000 Y13.179000 Z-0.125000
G01 X115.157000 Y13.408000 Z-0.125000
G01 X119.059000 Y17.310000 Z-0.125000
G01 X119.554000 Y17.488000 Z-0.125000
G01 X119.672000 Y17.386000 Z-0.125000
G01 X119.573000 Y17.188000 Z-0.125000
G01 X115.784000 Y13.399000 Z-0.125000
G01 X115.703000 Y13.219000 Z-0.125000
G01 X115.860000 Y13.157000 Z-0.125000
G01 X116.413000 Y13.392000 Z-0.125000
G01 X120.074000 Y17.053000 Z-0.125000
G01 X120.556000 Y17.217000 Z-0.125000
G01 X120.664000 Y17.106000 Z-0.125000
G01 X120.561000 Y16.904000 Z-0.125000
G01 X117.053000 Y13.396000 Z-0.125000
G01 X116.975000 Y13.218000 Z-0.125000
G01 X117.136000 Y13.160000 Z-0.125000
G01 X117.695000 Y13.401000 Z-0.125000
G01 X121.032000 Y16.738000 Z-0.125000
G01 X121.281000 Y16.888000 Z-0.125000
G01 X121.497000 Y16.885000 Z-0.125000
G01 X121.593000 Y16.762000 Z-0.125000
G01 X121.485000 Y16.555000 Z-0.125000
G01 X118.350000 Y13.421000 Z-0.125000
G01 X118.275000 Y13.246000 Z-0.125000
G01 X118.442000 Y13.194000 Z-0.125000
G01 X119.011000 Y13.445000 Z-0.125000
G01 X121.916000 Y16.350000 Z-0.125000
G01 X122.158000 Y16.493000 Z-0.125000
G01 X122.357000 Y16.473000 Z-0.125000
G01 X122.436000 Y16.333000 Z-0.125000
G01 X122.320000 Y16.118000 Z-0.125000
G01 X119.689000 Y13.487000 Z-0.125000
G01 X119.623000 Y13.322000 Z-0.125000
G01 X119.811000 Y13.291000 Z-0.125000
G01 X120.410000 Y13.572000 Z-0.125000
G01 X122.687000 Y15.849000 Z-0.125000
G01 X122.916000 Y15.978000 Z-0.125000
G01 X123.083000 Y15.927000 Z-0.125000
G01 X123.132000 Y15.757000 Z-0.125000
G01 X123.002000 Y15.528000 Z-0.125000
G01 X121.210000 Y13.736000 Z-0.125000
G01 X121.155000 Y13.582000 Z-0.125000
G01 X121.368000 Y13.576000 Z-0.125000
G01 X122.003000 Y13.893000 Z-0.125000
G01 X123.211000 Y15.100000 Z-0.125000
G01 X123.375000 Y15.166000 Z-0.125000
G01 X123.404000 Y14.976000 Z-0.125000
G01 X123.120000 Y14.374000 Z-0.125000
G01 X122.840000 Y14.094000 Z-0.125000
G00 Z5.000000

(End cutting path id: path2)


(Start cutting path id: path2)
(Change tool to Default tool)

G00 Z5.000000
G00 X131.010000 Y14.631000

G01 Z-0.125000 F100.0(Penetrate)
G01 X130.804000 Y14.425000 Z-0.125000 F400.000000
G01 X130.733000 Y14.254000 Z-0.125000
G01 X130.864000 Y14.166000 Z-0.125000
G01 X131.335000 Y14.319000 Z-0.125000
G01 X131.460000 Y14.445000 Z-0.125000
G01 X132.053000 Y14.719000 Z-0.125000
G01 X132.237000 Y14.685000 Z-0.125000
G01 X132.169000 Y14.517000 Z-0.125000
G01 X132.040000 Y14.388000 Z-0.125000
G01 X131.968000 Y14.216000 Z-0.125000
G01 X132.143000 Y14.174000 Z-0.125000
G01 X132.724000 Y14.436000 Z-0.125000
G01 X132.935000 Y14.647000 Z-0.125000
G01 X133.532000 Y14.926000 Z-0.125000
G01 X133.719000 Y14.894000 Z-0.125000
G01 X133.652000 Y14.728000 Z-0.125000
G01 X133.414000 Y14.490000 Z-0.125000
G01 X133.356000 Y14.333000 Z-0.125000
G01 X133.562000 Y14.320000 Z-0.125000
G01 X134.187000 Y14.627000 Z-0.125000
G01 X134.457000 Y14.897000 Z-0.125000
G01 X135.126000 Y15.248000 Z-0.125000
G01 X135.362000 Y15.265000 Z-0.125000
G01 X135.318000 Y15.122000 Z-0.125000
G01 X134.976000 Y14.780000 Z-0.125000
G01 X134.930000 Y14.635000 Z-0.125000
G01 X135.164000 Y14.650000 Z-0.125000
G01 X135.829000 Y14.996000 Z-0.125000
G01 X136.510000 Y15.678000 Z-0.125000
G00 Z5.000000

(End cutting path id: path2)


(Start cutting path id: path2)
(Change tool to Default tool)

G00 Z5.000000
G00 X141.630000 Y18.889000

G01 Z-0.125000 F100.0(Penetrate)
G01 X138.767000 Y16.027000 Z-0.125000 F400.000000
G00 Z5.000000

(End cutting path id: path2)


(Start cutting path id: path2)
(Change tool to Default tool)

G00 Z5.000000
G00 X121.098000 Y47.337000

G01 Z-0.125000 F100.0(Penetrate)
G01 X120.585000 Y46.824000 Z-0.125000 F400.000000
G01 X120.346000 Y46.267000 Z-0.125000
G01 X120.406000 Y46.109000 Z-0.125000
G01 X120.585000 Y46.188000 Z-0.125000
G01 X120.753000 Y46.356000 Z-0.125000
G01 X120.925000 Y46.428000 Z-0.125000
G01 X120.969000 Y46.254000 Z-0.125000
G01 X120.709000 Y45.675000 Z-0.125000
G01 X120.588000 Y45.555000 Z-0.125000
G01 X120.357000 Y45.006000 Z-0.125000
G01 X120.422000 Y44.852000 Z-0.125000
G01 X120.603000 Y44.934000 Z-0.125000
G01 X120.689000 Y45.020000 Z-0.125000
G01 X120.870000 Y45.101000 Z-0.125000
G01 X120.933000 Y44.946000 Z-0.125000
G01 X120.700000 Y44.394000 Z-0.125000
G01 X120.639000 Y44.334000 Z-0.125000
G01 X120.430000 Y43.806000 Z-0.125000
G01 X120.510000 Y43.668000 Z-0.125000
G01 X120.698000 Y43.756000 Z-0.125000
G01 X120.736000 Y43.795000 Z-0.125000
G01 X120.927000 Y43.886000 Z-0.125000
G01 X121.011000 Y43.752000 Z-0.125000
G01 X120.809000 Y43.231000 Z-0.125000
G01 X120.771000 Y43.194000 Z-0.125000
G01 X120.595000 Y42.699000 Z-0.125000
G01 X120.697000 Y42.582000 Z-0.125000
G01 X120.895000 Y42.681000 Z-0.125000
G01 X120.910000 Y42.697000 Z-0.125000
G01 X121.110000 Y42.797000 Z-0.125000
G01 X121.215000 Y42.683000 Z-0.125000
G01 X121.042000 Y42.193000 Z-0.125000
G01 X121.030000 Y42.180000 Z-0.125000
G01 X120.876000 Y41.926000 Z-0.125000
G01 X120.870000 Y41.702000 Z-0.125000
G01 X120.983000 Y41.596000 Z-0.125000
G01 X121.186000 Y41.700000 Z-0.125000
G01 X121.190000 Y41.704000 Z-0.125000
G01 X121.393000 Y41.808000 Z-0.125000
G01 X121.509000 Y41.705000 Z-0.125000
G01 X121.507000 Y41.485000 Z-0.125000
G01 X121.356000 Y41.234000 Z-0.125000
G01 X121.353000 Y41.231000 Z-0.125000
G01 X121.207000 Y40.986000 Z-0.125000
G01 X121.213000 Y40.773000 Z-0.125000
G01 X121.335000 Y40.676000 Z-0.125000
G01 X121.539000 Y40.780000 Z-0.125000
G01 X121.541000 Y40.782000 Z-0.125000
G01 X121.744000 Y40.886000 Z-0.125000
G01 X121.867000 Y40.791000 Z-0.125000
G01 X121.875000 Y40.580000 Z-0.125000
G01 X121.731000 Y40.337000 Z-0.125000
G01 X121.730000 Y40.336000 Z-0.125000
G01 X121.589000 Y40.096000 Z-0.125000
G01 X121.601000 Y39.889000 Z-0.125000
G01 X121.728000 Y39.797000 Z-0.125000
G01 X121.932000 Y39.902000 Z-0.125000
G01 X121.934000 Y39.904000 Z-0.125000
G01 X122.138000 Y40.008000 Z-0.125000
G01 X122.265000 Y39.917000 Z-0.125000
G01 X122.279000 Y39.712000 Z-0.125000
G01 X122.140000 Y39.474000 Z-0.125000
G01 X122.135000 Y39.469000 Z-0.125000
G01 X122.003000 Y39.237000 Z-0.125000
G01 X122.023000 Y39.039000 Z-0.125000
G01 X122.155000 Y38.952000 Z-0.125000
G01 X122.358000 Y39.055000 Z-0.125000
G01 X122.361000 Y39.058000 Z-0.125000
G01 X122.562000 Y39.160000 Z-0.125000
G01 X122.696000 Y39.075000 Z-0.125000
G01 X122.719000 Y38.880000 Z-0.125000
G01 X122.589000 Y38.650000 Z-0.125000
G01 X122.587000 Y38.648000 Z-0.125000
G01 X122.461000 Y38.423000 Z-0.125000
G01 X122.491000 Y38.234000 Z-0.125000
G01 X122.629000 Y38.154000 Z-0.125000
G01 X122.831000 Y38.257000 Z-0.125000
G01 X122.832000 Y38.258000 Z-0.125000
G01 X123.035000 Y38.361000 Z-0.125000
G01 X123.176000 Y38.283000 Z-0.125000
G01 X123.208000 Y38.097000 Z-0.125000
G01 X123.085000 Y37.874000 Z-0.125000
G01 X123.084000 Y37.873000 Z-0.125000
G01 X122.963000 Y37.653000 Z-0.125000
G01 X123.001000 Y37.472000 Z-0.125000
G01 X123.146000 Y37.399000 Z-0.125000
G01 X123.350000 Y37.503000 Z-0.125000
G01 X123.350000 Y37.503000 Z-0.125000
G01 X123.556000 Y37.610000 Z-0.125000
G01 X123.705000 Y37.540000 Z-0.125000
G01 X123.747000 Y37.363000 Z-0.125000
G01 X123.628000 Y37.145000 Z-0.125000
G01 X123.628000 Y37.145000 Z-0.125000
G01 X123.511000 Y36.928000 Z-0.125000
G01 X123.556000 Y36.755000 Z-0.125000
G01 X123.709000 Y36.689000 Z-0.125000
G01 X123.916000 Y36.797000 Z-0.125000
G01 X123.916000 Y36.797000 Z-0.125000
G01 X124.126000 Y36.907000 Z-0.125000
G01 X124.283000 Y36.846000 Z-0.125000
G01 X124.332000 Y36.676000 Z-0.125000
G01 X124.216000 Y36.461000 Z-0.125000
G01 X124.216000 Y36.460000 Z-0.125000
G01 X124.101000 Y36.247000 Z-0.125000
G01 X124.153000 Y36.080000 Z-0.125000
G01 X124.314000 Y36.022000 Z-0.125000
G01 X124.525000 Y36.134000 Z-0.125000
G01 X124.526000 Y36.135000 Z-0.125000
G01 X124.740000 Y36.249000 Z-0.125000
G01 X124.905000 Y36.196000 Z-0.125000
G01 X124.962000 Y36.034000 Z-0.125000
G01 X124.849000 Y35.822000 Z-0.125000
G01 X124.847000 Y35.820000 Z-0.125000
G01 X124.734000 Y35.607000 Z-0.125000
G01 X124.793000 Y35.448000 Z-0.125000
G01 X124.962000 Y35.398000 Z-0.125000
G01 X125.179000 Y35.515000 Z-0.125000
G01 X125.180000 Y35.516000 Z-0.125000
G01 X125.399000 Y35.636000 Z-0.125000
G01 X125.573000 Y35.591000 Z-0.125000
G01 X125.636000 Y35.436000 Z-0.125000
G01 X125.525000 Y35.225000 Z-0.125000
G01 X125.524000 Y35.224000 Z-0.125000
G01 X125.412000 Y35.013000 Z-0.125000
G01 X125.478000 Y34.860000 Z-0.125000
G01 X125.655000 Y34.819000 Z-0.125000
G01 X125.877000 Y34.941000 Z-0.125000
G01 X125.878000 Y34.942000 Z-0.125000
G01 X126.103000 Y35.068000 Z-0.125000
G01 X126.285000 Y35.032000 Z-0.125000
G01 X126.356000 Y34.884000 Z-0.125000
G01 X126.246000 Y34.674000 Z-0.125000
G01 X126.244000 Y34.672000 Z-0.125000
G01 X126.134000 Y34.463000 Z-0.125000
G01 X126.207000 Y34.317000 Z-0.125000
G01 X126.392000 Y34.284000 Z-0.125000
G01 X126.620000 Y34.412000 Z-0.125000
G01 X126.622000 Y34.414000 Z-0.125000
G01 X126.853000 Y34.546000 Z-0.125000
G01 X127.044000 Y34.518000 Z-0.125000
G01 X127.121000 Y34.377000 Z-0.125000
G01 X127.012000 Y34.168000 Z-0.125000
G01 X127.011000 Y34.167000 Z-0.125000
G01 X126.903000 Y33.960000 Z-0.125000
G01 X126.984000 Y33.822000 Z-0.125000
G01 X127.179000 Y33.798000 Z-0.125000
G01 X127.412000 Y33.932000 Z-0.125000
G01 X127.412000 Y33.932000 Z-0.125000
G01 X127.648000 Y34.068000 Z-0.125000
G01 X127.848000 Y34.049000 Z-0.125000
G01 X127.933000 Y33.916000 Z-0.125000
G01 X127.827000 Y33.711000 Z-0.125000
G01 X127.826000 Y33.710000 Z-0.125000
G01 X127.721000 Y33.506000 Z-0.125000
G01 X127.810000 Y33.376000 Z-0.125000
G01 X128.014000 Y33.361000 Z-0.125000
G01 X128.252000 Y33.499000 Z-0.125000
G01 X128.254000 Y33.501000 Z-0.125000
G01 X128.493000 Y33.641000 Z-0.125000
G01 X128.700000 Y33.630000 Z-0.125000
G01 X128.794000 Y33.505000 Z-0.125000
G01 X128.692000 Y33.304000 Z-0.125000
G01 X128.690000 Y33.302000 Z-0.125000
G01 X128.592000 Y33.104000 Z-0.125000
G01 X128.692000 Y32.985000 Z-0.125000
G01 X128.904000 Y32.979000 Z-0.125000
G01 X129.145000 Y33.120000 Z-0.125000
G01 X129.147000 Y33.122000 Z-0.125000
G01 X129.603000 Y33.261000 Z-0.125000
G01 X129.707000 Y33.146000 Z-0.125000
G01 X129.612000 Y32.952000 Z-0.125000
G01 X129.608000 Y32.948000 Z-0.125000
G01 X129.520000 Y32.760000 Z-0.125000
G01 X129.633000 Y32.654000 Z-0.125000
G01 X130.096000 Y32.799000 Z-0.125000
G01 X130.102000 Y32.805000 Z-0.125000
G01 X130.562000 Y32.947000 Z-0.125000
G01 X130.678000 Y32.844000 Z-0.125000
G01 X130.594000 Y32.662000 Z-0.125000
G01 X130.593000 Y32.661000 Z-0.125000
G01 X130.514000 Y32.482000 Z-0.125000
G01 X130.637000 Y32.386000 Z-0.125000
G01 X131.106000 Y32.537000 Z-0.125000
G01 X131.108000 Y32.539000 Z-0.125000
G01 X131.576000 Y32.689000 Z-0.125000
G01 X131.701000 Y32.595000 Z-0.125000
G01 X131.624000 Y32.419000 Z-0.125000
G01 X131.623000 Y32.418000 Z-0.125000
G01 X131.545000 Y32.241000 Z-0.125000
G01 X131.667000 Y32.144000 Z-0.125000
G01 X132.128000 Y32.287000 Z-0.125000
G01 X132.128000 Y32.287000 Z-0.125000
G01 X132.580000 Y32.421000 Z-0.125000
G01 X132.695000 Y32.317000 Z-0.125000
G01 X132.614000 Y32.137000 Z-0.125000
G01 X132.612000 Y32.135000 Z-0.125000
G01 X132.527000 Y31.950000 Z-0.125000
G01 X132.635000 Y31.839000 Z-0.125000
G01 X133.079000 Y31.965000 Z-0.125000
G01 X133.080000 Y31.966000 Z-0.125000
G01 X133.520000 Y32.088000 Z-0.125000
G01 X133.623000 Y31.973000 Z-0.125000
G01 X133.535000 Y31.786000 Z-0.125000
G01 X133.534000 Y31.785000 Z-0.125000
G01 X133.443000 Y31.595000 Z-0.125000
G01 X133.542000 Y31.474000 Z-0.125000
G01 X133.747000 Y31.461000 Z-0.125000
G01 X133.976000 Y31.590000 Z-0.125000
G01 X133.976000 Y31.591000 Z-0.125000
G01 X134.204000 Y31.719000 Z-0.125000
G01 X134.406000 Y31.702000 Z-0.125000
G01 X134.500000 Y31.578000 Z-0.125000
G01 X134.407000 Y31.385000 Z-0.125000
G01 X134.407000 Y31.385000 Z-0.125000
G01 X134.311000 Y31.190000 Z-0.125000
G01 X134.402000 Y31.062000 Z-0.125000
G01 X134.600000 Y31.041000 Z-0.125000
G01 X134.826000 Y31.168000 Z-0.125000
G01 X134.827000 Y31.169000 Z-0.125000
G01 X135.051000 Y31.294000 Z-0.125000
G01 X135.246000 Y31.270000 Z-0.125000
G01 X135.333000 Y31.138000 Z-0.125000
G01 X135.236000 Y30.942000 Z-0.125000
G01 X135.236000 Y30.942000 Z-0.125000
G01 X135.138000 Y30.745000 Z-0.125000
G01 X135.221000 Y30.609000 Z-0.125000
G01 X135.411000 Y30.580000 Z-0.125000
G01 X135.634000 Y30.704000 Z-0.125000
G01 X135.635000 Y30.705000 Z-0.125000
G01 X135.857000 Y30.828000 Z-0.125000
G01 X136.045000 Y30.797000 Z-0.125000
G01 X136.125000 Y30.659000 Z-0.125000
G01 X136.025000 Y30.459000 Z-0.125000
G01 X136.024000 Y30.458000 Z-0.125000
G01 X135.921000 Y30.256000 Z-0.125000
G01 X135.998000 Y30.114000 Z-0.125000
G01 X136.183000 Y30.080000 Z-0.125000
G01 X136.404000 Y30.202000 Z-0.125000
G01 X136.405000 Y30.203000 Z-0.125000
G01 X136.625000 Y30.324000 Z-0.125000
G01 X136.808000 Y30.287000 Z-0.125000
G01 X136.882000 Y30.143000 Z-0.125000
G01 X136.777000 Y29.939000 Z-0.125000
G01 X136.777000 Y29.939000 Z-0.125000
G01 X136.672000 Y29.734000 Z-0.125000
G01 X136.743000 Y29.586000 Z-0.125000
G01 X136.922000 Y29.547000 Z-0.125000
G01 X137.141000 Y29.666000 Z-0.125000
G01 X137.141000 Y29.667000 Z-0.125000
G01 X137.359000 Y29.786000 Z-0.125000
G01 X137.536000 Y29.743000 Z-0.125000
G01 X137.604000 Y29.593000 Z-0.125000
G01 X137.497000 Y29.386000 Z-0.125000
G01 X137.496000 Y29.385000 Z-0.125000
G01 X137.387000 Y29.177000 Z-0.125000
G01 X137.452000 Y29.023000 Z-0.125000
G01 X137.626000 Y28.978000 Z-0.125000
G01 X137.843000 Y29.096000 Z-0.125000
G01 X137.844000 Y29.097000 Z-0.125000
G01 X138.058000 Y29.212000 Z-0.125000
G01 X138.229000 Y29.164000 Z-0.125000
G01 X138.291000 Y29.007000 Z-0.125000
G01 X138.181000 Y28.799000 Z-0.125000
G01 X138.181000 Y28.798000 Z-0.125000
G01 X138.071000 Y28.589000 Z-0.125000
G01 X138.131000 Y28.430000 Z-0.125000
G01 X138.298000 Y28.379000 Z-0.125000
G01 X138.511000 Y28.493000 Z-0.125000
G01 X138.512000 Y28.494000 Z-0.125000
G01 X138.723000 Y28.605000 Z-0.125000
G01 X138.887000 Y28.550000 Z-0.125000
G01 X138.944000 Y28.388000 Z-0.125000
G01 X138.833000 Y28.178000 Z-0.125000
G01 X138.831000 Y28.176000 Z-0.125000
G01 X138.722000 Y27.968000 Z-0.125000
G01 X138.778000 Y27.805000 Z-0.125000
G01 X138.940000 Y27.748000 Z-0.125000
G01 X139.148000 Y27.857000 Z-0.125000
G01 X139.151000 Y27.860000 Z-0.125000
G01 X139.355000 Y27.965000 Z-0.125000
G01 X139.511000 Y27.902000 Z-0.125000
G01 X139.563000 Y27.736000 Z-0.125000
G01 X139.454000 Y27.527000 Z-0.125000
G01 X139.451000 Y27.524000 Z-0.125000
G01 X139.343000 Y27.317000 Z-0.125000
G01 X139.395000 Y27.150000 Z-0.125000
G01 X139.549000 Y27.085000 Z-0.125000
G01 X139.750000 Y27.187000 Z-0.125000
G01 X139.753000 Y27.190000 Z-0.125000
G01 X139.950000 Y27.287000 Z-0.125000
G01 X140.098000 Y27.217000 Z-0.125000
G01 X140.145000 Y27.045000 Z-0.125000
G01 X140.037000 Y26.838000 Z-0.125000
G01 X140.035000 Y26.836000 Z-0.125000
G01 X139.927000 Y26.629000 Z-0.125000
G01 X139.972000 Y26.455000 Z-0.125000
G01 X140.118000 Y26.382000 Z-0.125000
G01 X140.312000 Y26.476000 Z-0.125000
G01 X140.313000 Y26.477000 Z-0.125000
G01 X140.504000 Y26.569000 Z-0.125000
G01 X140.644000 Y26.490000 Z-0.125000
G01 X140.684000 Y26.312000 Z-0.125000
G01 X140.574000 Y26.103000 Z-0.125000
G01 X140.574000 Y26.103000 Z-0.125000
G01 X140.463000 Y25.892000 Z-0.125000
G01 X140.498000 Y25.708000 Z-0.125000
G01 X140.633000 Y25.625000 Z-0.125000
G01 X140.822000 Y25.715000 Z-0.125000
G01 X140.823000 Y25.715000 Z-0.125000
G01 X141.011000 Y25.804000 Z-0.125000
G01 X141.142000 Y25.717000 Z-0.125000
G01 X141.173000 Y25.529000 Z-0.125000
G01 X141.059000 Y25.315000 Z-0.125000
G01 X141.056000 Y25.312000 Z-0.125000
G01 X140.936000 Y25.093000 Z-0.125000
G01 X140.957000 Y24.896000 Z-0.125000
G01 X141.081000 Y24.801000 Z-0.125000
G01 X141.267000 Y24.887000 Z-0.125000
G01 X141.272000 Y24.892000 Z-0.125000
G01 X141.461000 Y24.982000 Z-0.125000
G01 X141.584000 Y24.886000 Z-0.125000
G01 X141.602000 Y24.685000 Z-0.125000
G01 X141.477000 Y24.461000 Z-0.125000
G01 X141.466000 Y24.450000 Z-0.125000
G01 X141.324000 Y23.990000 Z-0.125000
G01 X141.433000 Y23.880000 Z-0.125000
G01 X141.622000 Y23.970000 Z-0.125000
G01 X141.637000 Y23.985000 Z-0.125000
G01 X141.838000 Y24.087000 Z-0.125000
G01 X141.953000 Y23.983000 Z-0.125000
G01 X141.951000 Y23.762000 Z-0.125000
G01 X141.800000 Y23.512000 Z-0.125000
G01 X141.767000 Y23.479000 Z-0.125000
G01 X141.572000 Y22.966000 Z-0.125000
G01 X141.661000 Y22.836000 Z-0.125000
G01 X141.854000 Y22.930000 Z-0.125000
G01 X141.934000 Y23.010000 Z-0.125000
G01 X142.128000 Y23.105000 Z-0.125000
G01 X142.221000 Y22.979000 Z-0.125000
G01 X142.030000 Y22.470000 Z-0.125000
G01 X141.903000 Y22.342000 Z-0.125000
G01 X141.666000 Y21.787000 Z-0.125000
G01 X141.726000 Y21.629000 Z-0.125000
G01 X141.906000 Y21.710000 Z-0.125000
G01 X142.088000 Y21.892000 Z-0.125000
G01 X142.266000 Y21.971000 Z-0.125000
G01 X142.324000 Y21.810000 Z-0.125000
G01 X142.084000 Y21.252000 Z-0.125000
G01 X141.835000 Y21.003000 Z-0.125000
G01 X141.450000 Y20.299000 Z-0.125000
G01 X141.408000 Y20.039000 Z-0.125000
G01 X141.541000 Y20.073000 Z-0.125000
G01 X142.020000 Y20.551000 Z-0.125000
G01 X142.174000 Y20.606000 Z-0.125000
G01 X142.180000 Y20.394000 Z-0.125000
G01 X141.863000 Y19.759000 Z-0.125000
G01 X137.694000 Y15.589000 Z-0.125000
G01 X136.962000 Y15.176000 Z-0.125000
G01 X136.683000 Y15.116000 Z-0.125000
G01 X136.708000 Y15.240000 Z-0.125000
G01 X137.755000 Y16.287000 Z-0.125000
G00 Z5.000000

(End cutting path id: path2)


(Start cutting path id: path2)
(Change tool to Default tool)

G00 Z5.000000
G00 X118.427000 Y46.575000

G01 Z-0.125000 F100.0(Penetrate)
G01 X111.087000 Y39.235000 Z-0.125000 F400.000000
G01 X110.686000 Y38.516000 Z-0.125000
G01 X110.634000 Y38.245000 Z-0.125000
G01 X110.763000 Y38.274000 Z-0.125000
G01 X117.819000 Y45.330000 Z-0.125000
G01 X117.942000 Y45.353000 Z-0.125000
G01 X117.878000 Y45.071000 Z-0.125000
G01 X117.461000 Y44.336000 Z-0.125000
G01 X110.438000 Y37.313000 Z-0.125000
G01 X110.001000 Y36.558000 Z-0.125000
G01 X109.924000 Y36.263000 Z-0.125000
G01 X110.041000 Y36.280000 Z-0.125000
G01 X117.103000 Y43.342000 Z-0.125000
G01 X117.227000 Y43.367000 Z-0.125000
G01 X117.166000 Y43.087000 Z-0.125000
G01 X116.752000 Y42.355000 Z-0.125000
G01 X109.795000 Y35.398000 Z-0.125000
G01 X109.398000 Y34.683000 Z-0.125000
G01 X109.349000 Y34.415000 Z-0.125000
G01 X109.478000 Y34.445000 Z-0.125000
G01 X116.400000 Y41.367000 Z-0.125000
G01 X116.525000 Y41.393000 Z-0.125000
G01 X116.465000 Y41.114000 Z-0.125000
G01 X116.053000 Y40.384000 Z-0.125000
G01 X108.781000 Y33.112000 Z-0.125000
G01 X108.763000 Y32.895000 Z-0.125000
G01 X109.058000 Y32.753000 Z-0.125000
G01 X109.472000 Y32.730000 Z-0.125000
G01 X109.813000 Y32.871000 Z-0.125000
G01 X115.364000 Y38.422000 Z-0.125000
G01 X115.489000 Y38.448000 Z-0.125000
G01 X115.432000 Y38.172000 Z-0.125000
G01 X115.023000 Y37.445000 Z-0.125000
G01 X110.954000 Y33.376000 Z-0.125000
G01 X110.922000 Y33.245000 Z-0.125000
G01 X111.188000 Y33.292000 Z-0.125000
G01 X111.899000 Y33.685000 Z-0.125000
G01 X114.688000 Y36.474000 Z-0.125000
G01 X114.815000 Y36.502000 Z-0.125000
G01 X114.761000 Y36.229000 Z-0.125000
G01 X114.357000 Y35.507000 Z-0.125000
G01 X112.845000 Y33.995000 Z-0.125000
G01 X112.796000 Y33.847000 Z-0.125000
G01 X113.023000 Y33.855000 Z-0.125000
G01 X113.677000 Y34.191000 Z-0.125000
G01 X114.119000 Y34.634000 Z-0.125000
G01 X114.357000 Y34.772000 Z-0.125000
G01 X114.547000 Y34.743000 Z-0.125000
G01 X114.617000 Y34.594000 Z-0.125000
G01 X114.497000 Y34.375000 Z-0.125000
G01 X114.393000 Y34.271000 Z-0.125000
G01 X114.368000 Y34.147000 Z-0.125000
G01 X114.569000 Y34.129000 Z-0.125000
G01 X115.110000 Y34.352000 Z-0.125000
G01 X115.134000 Y34.376000 Z-0.125000
G01 X115.590000 Y34.514000 Z-0.125000
G01 X115.755000 Y34.460000 Z-0.125000
G01 X115.728000 Y34.334000 Z-0.125000
G01 X115.704000 Y34.309000 Z-0.125000
G01 X115.703000 Y34.209000 Z-0.125000
G01 X115.888000 Y34.176000 Z-0.125000
G01 X116.340000 Y34.310000 Z-0.125000
G01 X116.343000 Y34.313000 Z-0.125000
G01 X116.749000 Y34.401000 Z-0.125000
G01 X116.907000 Y34.340000 Z-0.125000
G01 X116.895000 Y34.229000 Z-0.125000
G01 X116.891000 Y34.225000 Z-0.125000
G01 X116.879000 Y34.113000 Z-0.125000
G01 X117.028000 Y34.043000 Z-0.125000
G01 X117.417000 Y34.115000 Z-0.125000
G01 X117.418000 Y34.115000 Z-0.125000
G01 X117.787000 Y34.167000 Z-0.125000
G01 X117.923000 Y34.084000 Z-0.125000
G01 X117.904000 Y33.965000 Z-0.125000
G01 X117.903000 Y33.965000 Z-0.125000
G01 X117.879000 Y33.841000 Z-0.125000
G01 X118.002000 Y33.746000 Z-0.125000
G01 X118.353000 Y33.778000 Z-0.125000
G01 X118.355000 Y33.780000 Z-0.125000
G01 X118.684000 Y33.791000 Z-0.125000
G01 X118.794000 Y33.683000 Z-0.125000
G01 X118.765000 Y33.554000 Z-0.125000
G01 X118.765000 Y33.554000 Z-0.125000
G01 X118.825000 Y33.296000 Z-0.125000
G01 X119.133000 Y33.286000 Z-0.125000
G01 X119.134000 Y33.287000 Z-0.125000
G01 X119.422000 Y33.257000 Z-0.125000
G01 X119.460000 Y32.977000 Z-0.125000
G01 X119.460000 Y32.977000 Z-0.125000
G01 X119.474000 Y32.673000 Z-0.125000
G01 X119.737000 Y32.618000 Z-0.125000
G01 X119.737000 Y32.618000 Z-0.125000
G01 X119.866000 Y32.648000 Z-0.125000
G01 X119.974000 Y32.536000 Z-0.125000
G01 X119.959000 Y32.204000 Z-0.125000
G01 X119.954000 Y32.199000 Z-0.125000
G01 X119.890000 Y31.817000 Z-0.125000
G01 X119.968000 Y31.676000 Z-0.125000
G01 X120.087000 Y31.695000 Z-0.125000
G01 X120.097000 Y31.706000 Z-0.125000
G01 X120.215000 Y31.724000 Z-0.125000
G01 X120.277000 Y31.567000 Z-0.125000
G01 X120.174000 Y31.146000 Z-0.125000
G01 X119.376000 Y30.349000 Z-0.125000
G01 X119.311000 Y30.185000 Z-0.125000
G01 X119.503000 Y30.157000 Z-0.125000
G01 X120.106000 Y30.443000 Z-0.125000
G01 X120.260000 Y30.597000 Z-0.125000
G01 X120.604000 Y30.623000 Z-0.125000
G01 X120.731000 Y30.531000 Z-0.125000
G01 X120.715000 Y30.415000 Z-0.125000
G01 X120.707000 Y30.407000 Z-0.125000
G01 X120.736000 Y30.337000 Z-0.125000
G01 X120.951000 Y30.334000 Z-0.125000
G01 X121.412000 Y30.477000 Z-0.125000
G01 X121.412000 Y30.477000 Z-0.125000
G01 X121.845000 Y30.591000 Z-0.125000
G01 X122.040000 Y30.568000 Z-0.125000
G01 X122.060000 Y30.489000 Z-0.125000
G01 X122.060000 Y30.488000 Z-0.125000
G01 X122.065000 Y30.393000 Z-0.125000
G01 X122.227000 Y30.337000 Z-0.125000
G01 X122.611000 Y30.403000 Z-0.125000
G01 X122.613000 Y30.405000 Z-0.125000
G01 X122.943000 Y30.417000 Z-0.125000
G01 X123.052000 Y30.208000 Z-0.125000
G01 X123.044000 Y30.200000 Z-0.125000
G01 X123.105000 Y29.943000 Z-0.125000
G01 X123.380000 Y29.900000 Z-0.125000
G01 X123.380000 Y29.900000 Z-0.125000
G01 X123.594000 Y29.796000 Z-0.125000
G01 X123.594000 Y29.477000 Z-0.125000
G01 X123.091000 Y28.974000 Z-0.125000
G01 X123.033000 Y28.818000 Z-0.125000
G01 X123.170000 Y28.736000 Z-0.125000
G01 X123.624000 Y28.872000 Z-0.125000
G01 X123.658000 Y28.906000 Z-0.125000
G01 X123.777000 Y28.925000 Z-0.125000
G01 X123.823000 Y28.752000 Z-0.125000
G01 X123.680000 Y28.292000 Z-0.125000
G01 X123.680000 Y28.292000 Z-0.125000
G01 X123.461000 Y27.755000 Z-0.125000
G01 X123.455000 Y27.530000 Z-0.125000
G01 X123.550000 Y27.525000 Z-0.125000
G01 X123.588000 Y27.563000 Z-0.125000
G01 X123.707000 Y27.584000 Z-0.125000
G01 X123.703000 Y27.360000 Z-0.125000
G01 X123.435000 Y26.775000 Z-0.125000
G01 X122.981000 Y26.321000 Z-0.125000
G00 Z5.000000

(End cutting path id: path2)


(Start cutting path id: path2)
(Change tool to Default tool)

G00 Z5.000000
G00 X118.076000 Y47.926000

G01 Z-0.125000 F100.0(Penetrate)
G01 X120.697000 Y48.539000 Z-0.125000 F400.000000
G01 X121.257000 Y48.858000 Z-0.125000
G01 X121.425000 Y49.227000 Z-0.125000
G01 X123.201000 Y57.518100 Z-0.125000
G01 X124.479000 Y63.558800 Z-0.125000
G01 X124.978000 Y66.571600 Z-0.125000
G01 X124.910000 Y67.751600 Z-0.125000
G01 X124.694000 Y68.905500 Z-0.125000
G01 X123.748000 Y71.412100 Z-0.125000
G01 X122.805000 Y73.052400 Z-0.125000
G01 X121.446000 Y74.583800 Z-0.125000
G01 X120.035000 Y75.866200 Z-0.125000
G01 X118.801000 Y76.645300 Z-0.125000
G01 X117.505000 Y77.031000 Z-0.125000
G01 X115.909000 Y77.133100 Z-0.125000
G01 X113.223000 Y76.895700 Z-0.125000
G01 X110.203000 Y76.233000 Z-0.125000
G01 X106.988000 Y75.207200 Z-0.125000
G01 X103.718000 Y73.880400 Z-0.125000
G01 X100.530000 Y72.314900 Z-0.125000
G01 X97.564400 Y70.572800 Z-0.125000
G01 X94.959300 Y68.716300 Z-0.125000
G01 X92.853500 Y66.807600 Z-0.125000
G01 X91.817300 Y65.711500 Z-0.125000
G01 X91.817300 Y63.959100 Z-0.125000
G01 X91.905700 Y62.397500 Z-0.125000
G01 X92.132400 Y61.134500 Z-0.125000
G01 X92.623100 Y59.781400 Z-0.125000
G01 X93.282600 Y58.466500 Z-0.125000
G01 X94.096900 Y57.205500 Z-0.125000
G01 X95.052000 Y56.014200 Z-0.125000
G01 X96.134100 Y54.908200 Z-0.125000
G01 X97.329300 Y53.903200 Z-0.125000
G01 X98.623600 Y53.014900 Z-0.125000
G01 X100.003000 Y52.259000 Z-0.125000
G01 X102.256000 Y51.364000 Z-0.125000
G01 X104.498000 Y50.841000 Z-0.125000
G01 X106.638000 Y50.702000 Z-0.125000
G01 X108.580000 Y50.963000 Z-0.125000
G01 X109.965000 Y51.121000 Z-0.125000
G01 X110.069000 Y50.927000 Z-0.125000
G01 X109.743000 Y50.564000 Z-0.125000
G01 X108.897000 Y49.564000 Z-0.125000
G01 X108.678000 Y49.035000 Z-0.125000
G01 X108.632000 Y48.553000 Z-0.125000
G01 X108.869000 Y48.056000 Z-0.125000
G01 X109.681000 Y47.671000 Z-0.125000
G01 X111.051000 Y47.431000 Z-0.125000
G01 X113.065000 Y47.399000 Z-0.125000
G01 X115.486000 Y47.566000 Z-0.125000
G01 X118.076000 Y47.926000 Z-0.125000
G01 X118.076000 Y47.926000 Z-0.125000
G00 Z5.000000

(End cutting path id: path2)


(Start cutting path id: path2)
(Change tool to Default tool)

G00 Z5.000000
G00 X105.522000 Y48.935000

G01 Z-0.125000 F100.0(Penetrate)
G01 X105.815000 Y49.228000 Z-0.125000 F400.000000
G01 X105.950000 Y49.263000 Z-0.125000
G01 X105.912000 Y49.007000 Z-0.125000
G01 X105.531000 Y48.308000 Z-0.125000
G01 X104.841000 Y47.618000 Z-0.125000
G00 Z5.000000

(End cutting path id: path2)


(Start cutting path id: path2)
(Change tool to Default tool)

G00 Z5.000000
G00 X104.256000 Y47.849000

G01 Z-0.125000 F100.0(Penetrate)
G01 X104.813000 Y48.165000 Z-0.125000 F400.000000
G01 X105.249000 Y48.600000 Z-0.125000
G01 X105.533000 Y49.113000 Z-0.125000
G01 X105.634000 Y49.664000 Z-0.125000
G01 X105.572000 Y49.870000 Z-0.125000
G01 X105.331000 Y50.029000 Z-0.125000
G01 X103.990000 Y50.346000 Z-0.125000
G01 X102.031000 Y50.829000 Z-0.125000
G01 X100.150000 Y51.548000 Z-0.125000
G01 X98.335000 Y52.507400 Z-0.125000
G01 X96.578100 Y53.710700 Z-0.125000
G01 X95.516100 Y54.524700 Z-0.125000
G01 X94.456200 Y53.386000 Z-0.125000
G01 X93.396300 Y52.042000 Z-0.125000
G01 X94.586400 Y50.597000 Z-0.125000
G01 X95.628700 Y49.673000 Z-0.125000
G01 X96.837500 Y48.886000 Z-0.125000
G01 X98.177700 Y48.256000 Z-0.125000
G01 X99.614000 Y47.803000 Z-0.125000
G01 X100.820000 Y47.607000 Z-0.125000
G01 X102.126000 Y47.551000 Z-0.125000
G01 X103.336000 Y47.632000 Z-0.125000
G01 X104.256000 Y47.849000 Z-0.125000
G01 X104.256000 Y47.849000 Z-0.125000
G00 Z5.000000

(End cutting path id: path2)


(Start cutting path id: path2)
(Change tool to Default tool)

G00 Z5.000000
G00 X99.771000 Y47.637000

G01 Z-0.125000 F100.0(Penetrate)
G01 X99.627100 Y47.493000 Z-0.125000 F400.000000
G01 X99.602300 Y47.369000 Z-0.125000
G01 X99.749100 Y47.297000 Z-0.125000
G01 X100.159000 Y47.389000 Z-0.125000
G01 X100.166000 Y47.396000 Z-0.125000
G01 X100.596000 Y47.508000 Z-0.125000
G01 X100.755000 Y47.448000 Z-0.125000
G01 X100.735000 Y47.328000 Z-0.125000
G01 X100.735000 Y47.328000 Z-0.125000
G01 X100.716000 Y47.210000 Z-0.125000
G01 X100.879000 Y47.154000 Z-0.125000
G01 X101.314000 Y47.272000 Z-0.125000
G01 X101.325000 Y47.282000 Z-0.125000
G01 X101.788000 Y47.428000 Z-0.125000
G01 X101.965000 Y47.386000 Z-0.125000
G01 X101.950000 Y47.271000 Z-0.125000
G01 X101.950000 Y47.271000 Z-0.125000
G01 X101.936000 Y47.158000 Z-0.125000
G01 X102.117000 Y47.120000 Z-0.125000
G01 X102.587000 Y47.272000 Z-0.125000
G01 X102.598000 Y47.283000 Z-0.125000
G01 X103.140000 Y47.507000 Z-0.125000
G01 X103.359000 Y47.508000 Z-0.125000
G01 X103.355000 Y47.404000 Z-0.125000
G01 X103.309000 Y47.358000 Z-0.125000
G01 X103.265000 Y47.215000 Z-0.125000
G01 X103.463000 Y47.194000 Z-0.125000
G01 X104.036000 Y47.449000 Z-0.125000
G01 X104.470000 Y47.883000 Z-0.125000
G00 Z5.000000

(End cutting path id: path2)


(Start cutting path id: path2)
(Change tool to Default tool)

G00 Z5.000000
G00 X96.158500 Y54.201500

G01 Z-0.125000 F100.0(Penetrate)
G01 X96.300800 Y54.343700 Z-0.125000 F400.000000
G01 X96.600000 Y54.324900 Z-0.125000
G01 X96.645500 Y54.052300 Z-0.125000
G01 X96.640900 Y54.047700 Z-0.125000
G01 X96.700000 Y53.788800 Z-0.125000
G01 X97.003600 Y53.774300 Z-0.125000
G01 X97.006400 Y53.777100 Z-0.125000
G01 X97.307100 Y53.759800 Z-0.125000
G01 X97.368800 Y53.503500 Z-0.125000
G01 X97.366800 Y53.501500 Z-0.125000
G01 X97.437100 Y53.253700 Z-0.125000
G01 X97.742200 Y53.240800 Z-0.125000
G01 X97.743300 Y53.241900 Z-0.125000
G01 X98.050200 Y53.230700 Z-0.125000
G01 X98.124400 Y52.986800 Z-0.125000
G01 X98.124200 Y52.986700 Z-0.125000
G01 X98.203700 Y52.748000 Z-0.125000
G01 X98.515600 Y52.742000 Z-0.125000
G01 X98.515700 Y52.742000 Z-0.125000
G01 X98.832300 Y52.740600 Z-0.125000
G01 X98.916500 Y52.506700 Z-0.125000
G01 X98.916500 Y52.506700 Z-0.125000
G01 X98.893400 Y52.384000 Z-0.125000
G01 X99.005200 Y52.277000 Z-0.125000
G01 X99.326300 Y52.280000 Z-0.125000
G01 X99.326800 Y52.281000 Z-0.125000
G01 X99.654100 Y52.290000 Z-0.125000
G01 X99.769700 Y52.187000 Z-0.125000
G01 X99.748000 Y52.066000 Z-0.125000
G01 X99.747000 Y52.065000 Z-0.125000
G01 X99.725700 Y51.944000 Z-0.125000
G01 X99.843800 Y51.844000 Z-0.125000
G01 X100.176000 Y51.858000 Z-0.125000
G01 X100.178000 Y51.860000 Z-0.125000
G01 X100.519000 Y51.883000 Z-0.125000
G01 X100.641000 Y51.786000 Z-0.125000
G01 X100.620000 Y51.666000 Z-0.125000
G01 X100.619000 Y51.665000 Z-0.125000
G01 X100.599000 Y51.545000 Z-0.125000
G01 X100.723000 Y51.451000 Z-0.125000
G01 X101.069000 Y51.479000 Z-0.125000
G01 X101.070000 Y51.480000 Z-0.125000
G01 X101.424000 Y51.516000 Z-0.125000
G01 X101.552000 Y51.425000 Z-0.125000
G01 X101.533000 Y51.307000 Z-0.125000
G01 X101.532000 Y51.306000 Z-0.125000
G01 X101.514000 Y51.188000 Z-0.125000
G01 X101.646000 Y51.102000 Z-0.125000
G01 X102.006000 Y51.143000 Z-0.125000
G01 X102.008000 Y51.145000 Z-0.125000
G01 X102.377000 Y51.196000 Z-0.125000
G01 X102.514000 Y51.114000 Z-0.125000
G01 X102.497000 Y50.998000 Z-0.125000
G01 X102.495000 Y50.996000 Z-0.125000
G01 X102.478000 Y50.880000 Z-0.125000
G01 X102.618000 Y50.801000 Z-0.125000
G01 X102.993000 Y50.859000 Z-0.125000
G01 X102.995000 Y50.861000 Z-0.125000
G01 X103.381000 Y50.929000 Z-0.125000
G01 X103.527000 Y50.856000 Z-0.125000
G01 X103.512000 Y50.741000 Z-0.125000
G01 X103.510000 Y50.739000 Z-0.125000
G01 X103.495000 Y50.625000 Z-0.125000
G01 X103.644000 Y50.555000 Z-0.125000
G01 X104.037000 Y50.630000 Z-0.125000
G01 X104.040000 Y50.633000 Z-0.125000
G01 X104.448000 Y50.724000 Z-0.125000
G01 X104.605000 Y50.661000 Z-0.125000
G01 X104.591000 Y50.548000 Z-0.125000
G01 X104.582000 Y50.539000 Z-0.125000
G01 X104.557000 Y50.415000 Z-0.125000
G01 X104.701000 Y50.340000 Z-0.125000
G01 X105.104000 Y50.425000 Z-0.125000
G01 X105.130000 Y50.450000 Z-0.125000
G01 X105.596000 Y50.599000 Z-0.125000
G01 X105.760000 Y50.544000 Z-0.125000
G01 X105.728000 Y50.413000 Z-0.125000
G01 X105.669000 Y50.354000 Z-0.125000
G01 X105.548000 Y50.134000 Z-0.125000
G01 X105.600000 Y49.967000 Z-0.125000
G01 X105.765000 Y49.913000 Z-0.125000
G01 X105.984000 Y50.033000 Z-0.125000
G01 X106.348000 Y50.397000 Z-0.125000
G01 X106.871000 Y50.602000 Z-0.125000
G01 X107.041000 Y50.553000 Z-0.125000
G01 X106.989000 Y50.403000 Z-0.125000
G01 X106.980000 Y50.394000 Z-0.125000
G01 X106.952000 Y50.266000 Z-0.125000
G01 X107.161000 Y50.256000 Z-0.125000
G01 X107.727000 Y50.504000 Z-0.125000
G01 X107.727000 Y50.504000 Z-0.125000
G01 X108.322000 Y50.781000 Z-0.125000
G01 X108.549000 Y50.789000 Z-0.125000
G01 X108.530000 Y50.670000 Z-0.125000
G01 X108.506000 Y50.647000 Z-0.125000
G01 X108.411000 Y50.452000 Z-0.125000
G01 X108.503000 Y50.326000 Z-0.125000
G01 X108.704000 Y50.308000 Z-0.125000
G01 X108.933000 Y50.438000 Z-0.125000
G01 X109.299000 Y50.803000 Z-0.125000
G01 X109.545000 Y50.951000 Z-0.125000
G01 X109.754000 Y50.941000 Z-0.125000
G01 X109.844000 Y50.812000 Z-0.125000
G01 X109.733000 Y50.602000 Z-0.125000
G01 X108.334000 Y49.202000 Z-0.125000
G01 X108.136000 Y48.687000 Z-0.125000
G01 X108.172000 Y48.504000 Z-0.125000
G01 X108.306000 Y48.538000 Z-0.125000
G01 X108.354000 Y48.587000 Z-0.125000
G01 X108.472000 Y48.605000 Z-0.125000
G01 X108.541000 Y48.455000 Z-0.125000
G01 X108.458000 Y48.054000 Z-0.125000
G01 X108.450000 Y48.046000 Z-0.125000
G01 X108.490000 Y47.768000 Z-0.125000
G01 X108.784000 Y47.744000 Z-0.125000
G01 X108.784000 Y47.744000 Z-0.125000
G01 X109.124000 Y47.766000 Z-0.125000
G01 X109.239000 Y47.663000 Z-0.125000
G01 X109.211000 Y47.535000 Z-0.125000
G01 X109.206000 Y47.530000 Z-0.125000
G01 X109.182000 Y47.406000 Z-0.125000
G01 X109.312000 Y47.318000 Z-0.125000
G01 X109.680000 Y47.368000 Z-0.125000
G01 X109.680000 Y47.368000 Z-0.125000
G01 X110.073000 Y47.443000 Z-0.125000
G01 X110.220000 Y47.371000 Z-0.125000
G01 X110.204000 Y47.256000 Z-0.125000
G01 X110.199000 Y47.251000 Z-0.125000
G01 X110.180000 Y47.132000 Z-0.125000
G01 X110.327000 Y47.061000 Z-0.125000
G01 X110.727000 Y47.143000 Z-0.125000
G01 X110.746000 Y47.162000 Z-0.125000
G01 X111.199000 Y47.296000 Z-0.125000
G01 X111.364000 Y47.243000 Z-0.125000
G01 X111.341000 Y47.121000 Z-0.125000
G01 X111.340000 Y47.120000 Z-0.125000
G01 X111.316000 Y46.996000 Z-0.125000
G01 X111.480000 Y46.941000 Z-0.125000
G01 X111.930000 Y47.074000 Z-0.125000
G01 X111.946000 Y47.089000 Z-0.125000
G01 X112.437000 Y47.262000 Z-0.125000
G01 X112.614000 Y47.221000 Z-0.125000
G01 X112.585000 Y47.092000 Z-0.125000
G01 X112.561000 Y47.068000 Z-0.125000
G01 X112.502000 Y46.910000 Z-0.125000
G01 X112.647000 Y46.836000 Z-0.125000
G01 X113.125000 Y46.996000 Z-0.125000
G01 X113.174000 Y47.045000 Z-0.125000
G01 X113.749000 Y47.302000 Z-0.125000
G01 X113.920000 Y47.254000 Z-0.125000
G01 X113.846000 Y47.081000 Z-0.125000
G01 X113.591000 Y46.826000 Z-0.125000
G01 X113.251000 Y46.168000 Z-0.125000
G01 X113.240000 Y45.938000 Z-0.125000
G01 X113.387000 Y45.986000 Z-0.125000
G01 X114.542000 Y47.141000 Z-0.125000
G01 X115.126000 Y47.407000 Z-0.125000
G01 X115.304000 Y47.366000 Z-0.125000
G01 X115.233000 Y47.196000 Z-0.125000
G01 X113.054000 Y45.017000 Z-0.125000
G01 X112.650000 Y44.295000 Z-0.125000
G01 X112.596000 Y44.022000 Z-0.125000
G01 X112.724000 Y44.050000 Z-0.125000
G01 X115.951000 Y47.278000 Z-0.125000
G01 X116.557000 Y47.565000 Z-0.125000
G01 X116.749000 Y47.539000 Z-0.125000
G01 X116.685000 Y47.375000 Z-0.125000
G01 X112.395000 Y43.086000 Z-0.125000
G01 X111.993000 Y42.365000 Z-0.125000
G01 X111.940000 Y42.094000 Z-0.125000
G01 X112.067000 Y42.122000 Z-0.125000
G01 X117.436000 Y47.490000 Z-0.125000
G01 X118.059000 Y47.796000 Z-0.125000
G01 X118.264000 Y47.782000 Z-0.125000
G01 X118.206000 Y47.624000 Z-0.125000
G01 X111.739000 Y41.157000 Z-0.125000
G01 X111.337000 Y40.437000 Z-0.125000
G01 X111.284000 Y40.165000 Z-0.125000
G01 X111.412000 Y40.194000 Z-0.125000
G01 X118.995000 Y47.777000 Z-0.125000
G01 X119.693000 Y48.157000 Z-0.125000
G01 X119.949000 Y48.195000 Z-0.125000
G01 X119.914000 Y48.060000 Z-0.125000
G01 X119.617000 Y47.764000 Z-0.125000
G00 Z5.000000

(End cutting path id: path2)


(Start cutting path id: path2)
(Change tool to Default tool)

G00 Z5.000000
G00 X108.851000 Y64.770300

G01 Z-0.125000 F100.0(Penetrate)
G01 X110.108000 Y65.741200 Z-0.125000 F400.000000
G01 X110.672000 Y66.631200 Z-0.125000
G01 X110.889000 Y67.561000 Z-0.125000
G01 X110.794000 Y68.476900 Z-0.125000
G01 X110.421000 Y69.325400 Z-0.125000
G01 X109.802000 Y70.052800 Z-0.125000
G01 X108.972000 Y70.605500 Z-0.125000
G01 X107.965000 Y70.929800 Z-0.125000
G01 X106.814000 Y70.972300 Z-0.125000
G01 X105.949000 Y70.769000 Z-0.125000
G01 X105.162000 Y70.349000 Z-0.125000
G01 X104.494000 Y69.740600 Z-0.125000
G01 X103.985000 Y68.971600 Z-0.125000
G01 X103.715000 Y67.827700 Z-0.125000
G01 X103.947000 Y66.661800 Z-0.125000
G01 X104.621000 Y65.615400 Z-0.125000
G01 X105.681000 Y64.829800 Z-0.125000
G01 X106.389000 Y64.605900 Z-0.125000
G01 X107.241000 Y64.519700 Z-0.125000
G01 X108.105000 Y64.573700 Z-0.125000
G01 X108.851000 Y64.770200 Z-0.125000
G01 X108.851000 Y64.770300 Z-0.125000
G00 Z5.000000

(End cutting path id: path2)


(Start cutting path id: path2)
(Change tool to Default tool)

G00 Z5.000000
G00 X105.534000 Y64.279600

G01 Z-0.125000 F100.0(Penetrate)
G01 X104.388000 Y65.055500 Z-0.125000 F400.000000
G01 X103.580000 Y66.123900 Z-0.125000
G01 X103.178000 Y67.357200 Z-0.125000
G01 X103.248000 Y68.627800 Z-0.125000
G01 X103.538000 Y69.454100 Z-0.125000
G01 X103.947000 Y70.108800 Z-0.125000
G01 X104.514000 Y70.640700 Z-0.125000
G01 X105.280000 Y71.099000 Z-0.125000
G01 X106.543000 Y71.523600 Z-0.125000
G01 X107.817000 Y71.573600 Z-0.125000
G01 X109.025000 Y71.257100 Z-0.125000
G01 X110.091000 Y70.582400 Z-0.125000
G01 X110.694000 Y69.961100 Z-0.125000
G01 X111.106000 Y69.308700 Z-0.125000
G01 X111.344000 Y68.586600 Z-0.125000
G01 X111.429000 Y67.756600 Z-0.125000
G01 X111.298000 Y66.751800 Z-0.125000
G01 X110.906000 Y65.857600 Z-0.125000
G01 X110.295000 Y65.100100 Z-0.125000
G01 X109.512000 Y64.505500 Z-0.125000
G01 X108.600000 Y64.099900 Z-0.125000
G01 X107.603000 Y63.909600 Z-0.125000
G01 X106.566000 Y63.960800 Z-0.125000
G01 X105.534000 Y64.279600 Z-0.125000
G01 X105.534000 Y64.279600 Z-0.125000
G00 Z5.000000

(End cutting path id: path2)


(Start cutting path id: path2)
(Change tool to Default tool)

G00 Z5.000000
G00 X105.796000 Y70.833900

G01 Z-0.125000 F100.0(Penetrate)
G01 X106.084000 Y71.121300 Z-0.125000 F400.000000
G01 X106.695000 Y71.414200 Z-0.125000
G01 X106.916000 Y71.416500 Z-0.125000
G01 X106.881000 Y71.282500 Z-0.125000
G01 X106.833000 Y71.234300 Z-0.125000
G01 X106.817000 Y71.119400 Z-0.125000
G01 X107.013000 Y71.096300 Z-0.125000
G01 X107.521000 Y71.286500 Z-0.125000
G01 X107.535000 Y71.300000 Z-0.125000
G01 X107.962000 Y71.409600 Z-0.125000
G01 X108.115000 Y71.343800 Z-0.125000
G01 X108.089000 Y71.218100 Z-0.125000
G01 X108.079000 Y71.207900 Z-0.125000
G01 X108.054000 Y71.083900 Z-0.125000
G01 X108.196000 Y71.007500 Z-0.125000
G01 X108.595000 Y71.087700 Z-0.125000
G01 X108.604000 Y71.097000 Z-0.125000
G01 X108.957000 Y71.132400 Z-0.125000
G01 X109.077000 Y71.033900 Z-0.125000
G01 X109.048000 Y70.905700 Z-0.125000
G01 X109.040000 Y70.897600 Z-0.125000
G01 X109.014000 Y70.771400 Z-0.125000
G01 X109.127000 Y70.665900 Z-0.125000
G01 X109.459000 Y70.680000 Z-0.125000
G01 X109.466000 Y70.687000 Z-0.125000
G01 X109.764000 Y70.666600 Z-0.125000
G01 X109.829000 Y70.414500 Z-0.125000
G01 X109.826000 Y70.411900 Z-0.125000
G01 X109.882000 Y70.148900 Z-0.125000
G01 X110.163000 Y70.112700 Z-0.125000
G01 X110.163000 Y70.112700 Z-0.125000
G01 X110.428000 Y70.059000 Z-0.125000
G01 X110.465000 Y69.778700 Z-0.125000
G01 X110.462000 Y69.775900 Z-0.125000
G01 X110.474000 Y69.468900 Z-0.125000
G01 X110.717000 Y69.394300 Z-0.125000
G01 X110.721000 Y69.398200 Z-0.125000
G01 X110.844000 Y69.422200 Z-0.125000
G01 X110.948000 Y69.306700 Z-0.125000
G01 X110.934000 Y68.975100 Z-0.125000
G01 X110.931000 Y68.972000 Z-0.125000
G01 X110.874000 Y68.597100 Z-0.125000
G01 X110.951000 Y68.454800 Z-0.125000
G01 X111.064000 Y68.468500 Z-0.125000
G01 X111.075000 Y68.479700 Z-0.125000
G01 X111.184000 Y68.489000 Z-0.125000
G01 X111.243000 Y68.329600 Z-0.125000
G01 X111.154000 Y67.922800 Z-0.125000
G01 X111.154000 Y67.922800 Z-0.125000
G01 X110.991000 Y67.442200 Z-0.125000
G01 X111.000000 Y67.232100 Z-0.125000
G01 X111.086000 Y67.218400 Z-0.125000
G01 X111.123000 Y67.255700 Z-0.125000
G01 X111.230000 Y67.263200 Z-0.125000
G01 X111.233000 Y67.047600 Z-0.125000
G01 X111.011000 Y66.508000 Z-0.125000
G01 X109.058000 Y64.554800 Z-0.125000
G01 X109.066000 Y64.463300 Z-0.125000
G01 X109.417000 Y64.595900 Z-0.125000
G01 X110.253000 Y65.114000 Z-0.125000
G01 X110.518000 Y65.378300 Z-0.125000
G00 Z5.000000

(End cutting path id: path2)


(Start cutting path id: path2)
(Change tool to Default tool)

G00 Z5.000000
G00 X105.280000 Y70.954300

G01 Z-0.125000 F100.0(Penetrate)
G01 X103.720000 Y69.393900 Z-0.125000 F400.000000
G01 X103.402000 Y68.757700 Z-0.125000
G01 X103.407000 Y68.543900 Z-0.125000
G01 X103.561000 Y68.598600 Z-0.125000
G01 X103.687000 Y68.725300 Z-0.125000
G01 X103.782000 Y68.720900 Z-0.125000
G01 X103.747000 Y68.466400 Z-0.125000
G01 X103.456000 Y67.857800 Z-0.125000
G01 X103.413000 Y67.815100 Z-0.125000
G01 X103.317000 Y67.400700 Z-0.125000
G01 X103.375000 Y67.239700 Z-0.125000
G01 X103.485000 Y67.250600 Z-0.125000
G01 X103.503000 Y67.268400 Z-0.125000
G01 X103.606000 Y67.272600 Z-0.125000
G01 X103.674000 Y67.121600 Z-0.125000
G01 X103.616000 Y66.746000 Z-0.125000
G01 X103.613000 Y66.742600 Z-0.125000
G01 X103.599000 Y66.410500 Z-0.125000
G01 X103.694000 Y66.286100 Z-0.125000
G01 X103.807000 Y66.300200 Z-0.125000
G01 X103.813000 Y66.305700 Z-0.125000
G01 X104.034000 Y66.208300 Z-0.125000
G01 X104.044000 Y65.900000 Z-0.125000
G01 X104.043000 Y65.899600 Z-0.125000
G01 X104.076000 Y65.614500 Z-0.125000
G01 X104.319000 Y65.539500 Z-0.125000
G01 X104.320000 Y65.540000 Z-0.125000
G01 X104.580000 Y65.482200 Z-0.125000
G01 X104.631000 Y65.215400 Z-0.125000
G01 X104.631000 Y65.215400 Z-0.125000
G01 X104.701000 Y64.967500 Z-0.125000
G01 X104.980000 Y64.928400 Z-0.125000
G01 X104.981000 Y64.929800 Z-0.125000
G01 X105.283000 Y64.913400 Z-0.125000
G01 X105.373000 Y64.685300 Z-0.125000
G01 X105.369000 Y64.681100 Z-0.125000
G01 X105.472000 Y64.465900 Z-0.125000
G01 X105.795000 Y64.470800 Z-0.125000
G01 X105.802000 Y64.478200 Z-0.125000
G01 X106.172000 Y64.530800 Z-0.125000
G01 X106.317000 Y64.456900 Z-0.125000
G01 X106.308000 Y64.348500 Z-0.125000
G01 X106.283000 Y64.323300 Z-0.125000
G01 X106.257000 Y64.197800 Z-0.125000
G01 X106.399000 Y64.121400 Z-0.125000
G01 X106.800000 Y64.204900 Z-0.125000
G01 X106.825000 Y64.229700 Z-0.125000
G01 X107.308000 Y64.394600 Z-0.125000
G01 X107.483000 Y64.350800 Z-0.125000
G01 X107.456000 Y64.224300 Z-0.125000
G01 X107.444000 Y64.212300 Z-0.125000
G01 X107.414000 Y64.082900 Z-0.125000
G01 X107.599000 Y64.049500 Z-0.125000
G01 X108.114000 Y64.245700 Z-0.125000
G01 X108.416000 Y64.547700 Z-0.125000
G00 Z5.000000

(End cutting path id: path2)


(Start cutting path id: path2)
(Change tool to Default tool)

G00 Z5.000000
G00 X102.880000 Y73.642400

G01 Z-0.125000 F100.0(Penetrate)
G01 X109.291000 Y80.054000 Z-0.125000 F400.000000
G01 X109.585000 Y80.148400 Z-0.125000
G01 X109.896000 Y80.022200 Z-0.125000
G01 X110.088000 Y79.776700 Z-0.125000
G01 X110.023000 Y79.513300 Z-0.125000
G01 X105.383000 Y74.873200 Z-0.125000
G01 X105.369000 Y74.760100 Z-0.125000
G01 X105.673000 Y74.845200 Z-0.125000
G01 X106.440000 Y75.294400 Z-0.125000
G01 X110.493000 Y79.347200 Z-0.125000
G01 X110.985000 Y79.520800 Z-0.125000
G01 X111.099000 Y79.416600 Z-0.125000
G01 X110.999000 Y79.217400 Z-0.125000
G01 X107.445000 Y75.662800 Z-0.125000
G01 X107.417000 Y75.535800 Z-0.125000
G01 X107.690000 Y75.590400 Z-0.125000
G01 X108.413000 Y75.995100 Z-0.125000
G01 X111.507000 Y79.088700 Z-0.125000
G01 X112.000000 Y79.263700 Z-0.125000
G01 X112.115000 Y79.160400 Z-0.125000
G01 X112.016000 Y78.961700 Z-0.125000
G01 X109.345000 Y76.291100 Z-0.125000
G01 X109.307000 Y76.153100 Z-0.125000
G01 X109.555000 Y76.183300 Z-0.125000
G01 X110.243000 Y76.552600 Z-0.125000
G01 X112.525000 Y78.834600 Z-0.125000
G01 X113.018000 Y79.009700 Z-0.125000
G01 X113.133000 Y78.906300 Z-0.125000
G01 X113.034000 Y78.707600 Z-0.125000
G01 X111.107000 Y76.781100 Z-0.125000
G01 X111.059000 Y76.632900 Z-0.125000
G01 X111.285000 Y76.640900 Z-0.125000
G01 X111.940000 Y76.977700 Z-0.125000
G01 X113.543000 Y78.580600 Z-0.125000
G01 X114.036000 Y78.755200 Z-0.125000
G01 X114.151000 Y78.651700 Z-0.125000
G01 X114.051000 Y78.452800 Z-0.125000
G01 X112.741000 Y77.143000 Z-0.125000
G01 X112.683000 Y76.985100 Z-0.125000
G01 X112.888000 Y76.971700 Z-0.125000
G01 X113.512000 Y77.277500 Z-0.125000
G01 X114.559000 Y78.324100 Z-0.125000
G01 X115.048000 Y78.495600 Z-0.125000
G01 X115.161000 Y78.389900 Z-0.125000
G01 X115.061000 Y78.190000 Z-0.125000
G01 X114.242000 Y77.371300 Z-0.125000
G01 X114.171000 Y77.201400 Z-0.125000
G01 X114.350000 Y77.161600 Z-0.125000
G01 X114.936000 Y77.429100 Z-0.125000
G01 X115.558000 Y78.050700 Z-0.125000
G01 X116.042000 Y78.216700 Z-0.125000
G01 X116.151000 Y78.107100 Z-0.125000
G01 X116.048000 Y77.905500 Z-0.125000
G01 X115.603000 Y77.460200 Z-0.125000
G01 X115.530000 Y77.287900 Z-0.125000
G01 X115.704000 Y77.242800 Z-0.125000
G01 X116.281000 Y77.502400 Z-0.125000
G01 X116.532000 Y77.752800 Z-0.125000
G01 X116.785000 Y77.906400 Z-0.125000
G01 X117.007000 Y77.910300 Z-0.125000
G01 X117.111000 Y77.794900 Z-0.125000
G01 X117.006000 Y77.590700 Z-0.125000
G01 X116.898000 Y77.482900 Z-0.125000
G01 X116.810000 Y77.296000 Z-0.125000
G01 X116.948000 Y77.214800 Z-0.125000
G01 X117.469000 Y77.418000 Z-0.125000
G01 X117.527000 Y77.476000 Z-0.125000
G01 X117.929000 Y77.559500 Z-0.125000
G01 X118.038000 Y77.450300 Z-0.125000
G01 X117.975000 Y77.287600 Z-0.125000
G01 X117.939000 Y77.252000 Z-0.125000
G01 X117.911000 Y77.124800 Z-0.125000
G01 X118.049000 Y77.043900 Z-0.125000
G01 X118.443000 Y77.120000 Z-0.125000
G01 X118.466000 Y77.142800 Z-0.125000
G01 X118.794000 Y77.152500 Z-0.125000
G01 X118.907000 Y77.047300 Z-0.125000
G01 X118.883000 Y76.923600 Z-0.125000
G01 X118.869000 Y76.909600 Z-0.125000
G01 X118.978000 Y76.700400 Z-0.125000
G01 X119.297000 Y76.701800 Z-0.125000
G01 X119.302000 Y76.706500 Z-0.125000
G01 X119.595000 Y76.681000 Z-0.125000
G01 X119.686000 Y76.454400 Z-0.125000
G01 X119.684000 Y76.452600 Z-0.125000
G01 X119.772000 Y76.222000 Z-0.125000
G01 X120.057000 Y76.188900 Z-0.125000
G01 X120.057000 Y76.188900 Z-0.125000
G01 X120.333000 Y76.147200 Z-0.125000
G01 X120.412000 Y75.908000 Z-0.125000
G01 X120.412000 Y75.907900 Z-0.125000
G01 X120.484000 Y75.662000 Z-0.125000
G01 X120.754000 Y75.613700 Z-0.125000
G01 X120.755000 Y75.614600 Z-0.125000
G01 X121.022000 Y75.563300 Z-0.125000
G01 X121.089000 Y75.312700 Z-0.125000
G01 X121.088000 Y75.311700 Z-0.125000
G01 X121.150000 Y75.055500 Z-0.125000
G01 X121.413000 Y75.000700 Z-0.125000
G01 X121.414000 Y75.001500 Z-0.125000
G01 X121.676000 Y74.945200 Z-0.125000
G01 X121.734000 Y74.686000 Z-0.125000
G01 X121.733000 Y74.685000 Z-0.125000
G01 X121.790000 Y74.423300 Z-0.125000
G01 X122.049000 Y74.364200 Z-0.125000
G01 X122.049000 Y74.364200 Z-0.125000
G01 X122.304000 Y74.301800 Z-0.125000
G01 X122.357000 Y74.036700 Z-0.125000
G01 X122.356000 Y74.035400 Z-0.125000
G01 X122.401000 Y73.762500 Z-0.125000
G01 X122.652000 Y73.694800 Z-0.125000
G01 X122.655000 Y73.697500 Z-0.125000
G01 X122.905000 Y73.629600 Z-0.125000
G01 X122.945000 Y73.351300 Z-0.125000
G01 X122.941000 Y73.346900 Z-0.125000
G01 X122.963000 Y73.051000 Z-0.125000
G01 X123.204000 Y72.974500 Z-0.125000
G01 X123.210000 Y72.980600 Z-0.125000
G01 X123.455000 Y72.907600 Z-0.125000
G01 X123.469000 Y72.603200 Z-0.125000
G01 X123.462000 Y72.596400 Z-0.125000
G01 X123.453000 Y72.269700 Z-0.125000
G01 X123.562000 Y72.160000 Z-0.125000
G01 X123.690000 Y72.188200 Z-0.125000
G01 X123.696000 Y72.194300 Z-0.125000
G01 X123.827000 Y72.226100 Z-0.125000
G01 X123.936000 Y72.115800 Z-0.125000
G01 X123.918000 Y71.780000 Z-0.125000
G01 X123.914000 Y71.776300 Z-0.125000
G01 X123.883000 Y71.427700 Z-0.125000
G01 X123.986000 Y71.312200 Z-0.125000
G01 X124.117000 Y71.343900 Z-0.125000
G01 X124.120000 Y71.347400 Z-0.125000
G01 X124.250000 Y71.377800 Z-0.125000
G01 X124.350000 Y71.259200 Z-0.125000
G01 X124.315000 Y70.906200 Z-0.125000
G01 X124.313000 Y70.904500 Z-0.125000
G01 X124.274000 Y70.547500 Z-0.125000
G01 X124.370000 Y70.424700 Z-0.125000
G01 X124.497000 Y70.452000 Z-0.125000
G01 X124.500000 Y70.455400 Z-0.125000
G01 X124.622000 Y70.477900 Z-0.125000
G01 X124.712000 Y70.349000 Z-0.125000
G01 X124.669000 Y69.987900 Z-0.125000
G01 X124.668000 Y69.986600 Z-0.125000
G01 X124.619000 Y69.620500 Z-0.125000
G01 X124.705000 Y69.486800 Z-0.125000
G01 X124.823000 Y69.506300 Z-0.125000
G01 X124.823000 Y69.506300 Z-0.125000
G01 X124.939000 Y69.523000 Z-0.125000
G01 X125.018000 Y69.383200 Z-0.125000
G01 X124.961000 Y69.008100 Z-0.125000
G01 X124.961000 Y69.008000 Z-0.125000
G01 X124.892000 Y68.621100 Z-0.125000
G01 X124.963000 Y68.473400 Z-0.125000
G01 X125.076000 Y68.486500 Z-0.125000
G01 X125.078000 Y68.488700 Z-0.125000
G01 X125.190000 Y68.501100 Z-0.125000
G01 X125.256000 Y68.348900 Z-0.125000
G01 X125.178000 Y67.952500 Z-0.125000
G01 X125.171000 Y67.945900 Z-0.125000
G01 X125.063000 Y67.520100 Z-0.125000
G01 X125.115000 Y67.353900 Z-0.125000
G01 X125.225000 Y67.364300 Z-0.125000
G01 X125.234000 Y67.373200 Z-0.125000
G01 X125.349000 Y67.388100 Z-0.125000
G01 X125.399000 Y67.219500 Z-0.125000
G01 X125.275000 Y66.778200 Z-0.125000
G01 X125.265000 Y66.768500 Z-0.125000
G01 X125.072000 Y66.257100 Z-0.125000
G01 X125.083000 Y66.049400 Z-0.125000
G01 X125.186000 Y66.052800 Z-0.125000
G01 X125.228000 Y66.095100 Z-0.125000
G01 X125.372000 Y66.139400 Z-0.125000
G01 X125.413000 Y65.962500 Z-0.125000
G01 X125.207000 Y65.438100 Z-0.125000
G01 X125.145000 Y65.376400 Z-0.125000
G01 X124.836000 Y64.749100 Z-0.125000
G01 X124.847000 Y64.541500 Z-0.125000
G01 X125.004000 Y64.598900 Z-0.125000
G01 X125.046000 Y64.640700 Z-0.125000
G01 X125.201000 Y64.696500 Z-0.125000
G01 X125.208000 Y64.485100 Z-0.125000
G01 X124.894000 Y63.852400 Z-0.125000
G01 X124.854000 Y63.813100 Z-0.125000
G01 X124.536000 Y63.176700 Z-0.125000
G01 X124.541000 Y62.962700 Z-0.125000
G01 X124.695000 Y63.017300 Z-0.125000
G01 X124.770000 Y63.092900 Z-0.125000
G01 X124.914000 Y63.137600 Z-0.125000
G01 X124.897000 Y62.902100 Z-0.125000
G01 X124.548000 Y62.234100 Z-0.125000
G01 X124.533000 Y62.219100 Z-0.125000
G01 X124.210000 Y61.578900 Z-0.125000
G01 X124.213000 Y61.362500 Z-0.125000
G01 X124.365000 Y61.415900 Z-0.125000
G01 X124.373000 Y61.423800 Z-0.125000
G01 X124.520000 Y61.470600 Z-0.125000
G01 X124.515000 Y61.247100 Z-0.125000
G01 X124.190000 Y60.604000 Z-0.125000
G01 X124.185000 Y60.598900 Z-0.125000
G01 X123.870000 Y59.966000 Z-0.125000
G01 X123.867000 Y59.744700 Z-0.125000
G01 X124.011000 Y59.789300 Z-0.125000
G01 X124.015000 Y59.792800 Z-0.125000
G01 X124.155000 Y59.833200 Z-0.125000
G01 X124.148000 Y59.607600 Z-0.125000
G01 X123.832000 Y58.973100 Z-0.125000
G01 X123.830000 Y58.970900 Z-0.125000
G01 X123.518000 Y58.340700 Z-0.125000
G01 X123.512000 Y58.116100 Z-0.125000
G01 X123.650000 Y58.155500 Z-0.125000
G01 X123.652000 Y58.157500 Z-0.125000
G01 X123.789000 Y58.194800 Z-0.125000
G01 X123.781000 Y57.968100 Z-0.125000
G01 X123.469000 Y57.337700 Z-0.125000
G01 X123.467000 Y57.336000 Z-0.125000
G01 X123.158000 Y56.709100 Z-0.125000
G01 X123.151000 Y56.483200 Z-0.125000
G01 X123.286000 Y56.519700 Z-0.125000
G01 X123.287000 Y56.520600 Z-0.125000
G01 X123.422000 Y56.556200 Z-0.125000
G01 X123.414000 Y56.329400 Z-0.125000
G01 X123.105000 Y55.702400 Z-0.125000
G01 X123.104000 Y55.701500 Z-0.125000
G01 X122.797000 Y55.076400 Z-0.125000
G01 X122.790000 Y54.850000 Z-0.125000
G01 X122.924000 Y54.885100 Z-0.125000
G01 X122.926000 Y54.887300 Z-0.125000
G01 X123.059000 Y54.920500 Z-0.125000
G01 X123.050000 Y54.692900 Z-0.125000
G01 X122.744000 Y54.069100 Z-0.125000
G01 X122.741000 Y54.066100 Z-0.125000
G01 X122.441000 Y53.448200 Z-0.125000
G01 X122.434000 Y53.222000 Z-0.125000
G01 X122.565000 Y53.253900 Z-0.125000
G01 X122.568000 Y53.256900 Z-0.125000
G01 X122.696000 Y53.285600 Z-0.125000
G01 X122.686000 Y53.056500 Z-0.125000
G01 X122.386000 Y52.438700 Z-0.125000
G01 X122.382000 Y52.434300 Z-0.125000
G01 X122.091000 Y51.825000 Z-0.125000
G01 X122.082000 Y51.598000 Z-0.125000
G01 X122.208000 Y51.625000 Z-0.125000
G01 X122.213000 Y51.630000 Z-0.125000
G01 X122.335000 Y51.652000 Z-0.125000
G01 X122.323000 Y51.422000 Z-0.125000
G01 X122.034000 Y50.814000 Z-0.125000
G01 X122.029000 Y50.809000 Z-0.125000
G01 X121.751000 Y50.213000 Z-0.125000
G01 X121.742000 Y49.985000 Z-0.125000
G01 X121.862000 Y50.006000 Z-0.125000
G01 X121.862000 Y50.006000 Z-0.125000
G01 X121.980000 Y50.025000 Z-0.125000
G01 X121.969000 Y49.795000 Z-0.125000
G01 X121.688000 Y49.196000 Z-0.125000
G01 X120.566000 Y48.074000 Z-0.125000
G01 X120.335000 Y47.526000 Z-0.125000
G01 X120.401000 Y47.372000 Z-0.125000
G01 X120.582000 Y47.454000 Z-0.125000
G01 X121.754000 Y48.626000 Z-0.125000
G00 Z5.000000

(End cutting path id: path2)


(Start cutting path id: path2)
(Change tool to Default tool)

G00 Z5.000000
G00 X98.370100 Y59.103500

G01 Z-0.125000 F100.0(Penetrate)
G01 X98.990100 Y59.548700 Z-0.125000 F400.000000
G01 X99.506400 Y60.179900 Z-0.125000
G01 X99.877800 Y60.933000 Z-0.125000
G01 X100.063000 Y61.743600 Z-0.125000
G01 X100.038000 Y62.675400 Z-0.125000
G01 X99.461000 Y63.413100 Z-0.125000
G01 X98.739900 Y63.976600 Z-0.125000
G01 X97.936400 Y64.108800 Z-0.125000
G01 X96.679300 Y63.886500 Z-0.125000
G01 X95.659900 Y63.264100 Z-0.125000
G01 X94.951100 Y62.307900 Z-0.125000
G01 X94.625700 Y61.084500 Z-0.125000
G01 X94.641500 Y60.156500 Z-0.125000
G01 X94.968400 Y59.522000 Z-0.125000
G01 X95.617000 Y58.985200 Z-0.125000
G01 X96.448700 Y58.730500 Z-0.125000
G01 X97.390600 Y58.767000 Z-0.125000
G01 X98.370100 Y59.103500 Z-0.125000
G01 X98.370100 Y59.103500 Z-0.125000
G00 Z5.000000

(End cutting path id: path2)


(Start cutting path id: path2)
(Change tool to Default tool)

G00 Z5.000000
G00 X96.258400 Y58.189700

G01 Z-0.125000 F100.0(Penetrate)
G01 X95.294300 Y58.544400 Z-0.125000 F400.000000
G01 X94.582300 Y59.130800 Z-0.125000
G01 X94.141100 Y59.926500 Z-0.125000
G01 X93.989200 Y60.909200 Z-0.125000
G01 X94.080900 Y61.707300 Z-0.125000
G01 X94.342400 Y62.450300 Z-0.125000
G01 X94.751600 Y63.118600 Z-0.125000
G01 X95.286100 Y63.692600 Z-0.125000
G01 X95.923700 Y64.152600 Z-0.125000
G01 X96.642100 Y64.479000 Z-0.125000
G01 X97.419000 Y64.652100 Z-0.125000
G01 X98.232300 Y64.652200 Z-0.125000
G01 X98.964200 Y64.482900 Z-0.125000
G01 X99.579200 Y64.166600 Z-0.125000
G01 X100.067000 Y63.724300 Z-0.125000
G01 X100.419000 Y63.177100 Z-0.125000
G01 X100.623000 Y62.546300 Z-0.125000
G01 X100.670000 Y61.852800 Z-0.125000
G01 X100.551000 Y61.117800 Z-0.125000
G01 X100.255000 Y60.362400 Z-0.125000
G01 X99.504800 Y59.325000 Z-0.125000
G01 X98.514400 Y58.576800 Z-0.125000
G01 X97.395200 Y58.178200 Z-0.125000
G01 X96.258400 Y58.189700 Z-0.125000
G01 X96.258400 Y58.189700 Z-0.125000
G00 Z5.000000

(End cutting path id: path2)


(Start cutting path id: path2)
(Change tool to Default tool)

G00 Z5.000000
G00 X95.157700 Y62.740100

G01 Z-0.125000 F100.0(Penetrate)
G01 X94.415200 Y61.997700 Z-0.125000 F400.000000
G01 X94.164700 Y61.429100 Z-0.125000
G01 X94.191200 Y61.236900 Z-0.125000
G01 X94.338100 Y61.284500 Z-0.125000
G01 X94.388600 Y61.334900 Z-0.125000
G01 X94.497700 Y61.344700 Z-0.125000
G01 X94.511600 Y61.139900 Z-0.125000
G01 X94.311500 Y60.621800 Z-0.125000
G01 X94.264800 Y60.575100 Z-0.125000
G01 X94.212200 Y60.204400 Z-0.125000
G01 X94.283700 Y60.057200 Z-0.125000
G01 X94.389300 Y60.063500 Z-0.125000
G01 X94.403800 Y60.077900 Z-0.125000
G01 X94.590500 Y59.946600 Z-0.125000
G01 X94.576400 Y59.614500 Z-0.125000
G01 X94.575800 Y59.613900 Z-0.125000
G01 X94.611100 Y59.331100 Z-0.125000
G01 X94.846000 Y59.248000 Z-0.125000
G01 X94.846100 Y59.248100 Z-0.125000
G01 X95.112300 Y59.196200 Z-0.125000
G01 X95.179100 Y58.944900 Z-0.125000
G01 X95.179100 Y58.944900 Z-0.125000
G01 X95.276000 Y58.723800 Z-0.125000
G01 X95.572200 Y58.702000 Z-0.125000
G01 X95.576400 Y58.706200 Z-0.125000
G01 X95.916300 Y58.728000 Z-0.125000
G01 X96.048500 Y58.542200 Z-0.125000
G01 X96.038300 Y58.532000 Z-0.125000
G01 X96.033100 Y58.427400 Z-0.125000
G01 X96.181100 Y58.356700 Z-0.125000
G01 X96.551900 Y58.409400 Z-0.125000
G01 X96.580200 Y58.437700 Z-0.125000
G01 X97.069300 Y58.608800 Z-0.125000
G01 X97.272100 Y58.592900 Z-0.125000
G01 X97.273700 Y58.495200 Z-0.125000
G01 X97.232600 Y58.454100 Z-0.125000
G01 X97.207100 Y58.329200 Z-0.125000
G01 X97.407600 Y58.311000 Z-0.125000
G01 X97.949300 Y58.534700 Z-0.125000
G01 X98.369300 Y58.954700 Z-0.125000
G01 X99.200700 Y59.468000 Z-0.125000
G01 X99.548600 Y59.597300 Z-0.125000
G01 X99.555000 Y59.504300 Z-0.125000
G01 X99.332500 Y59.281800 Z-0.125000
G01 X99.217200 Y59.265900 Z-0.125000
G01 X99.297400 Y59.564700 Z-0.125000
G01 X99.739400 Y60.324800 Z-0.125000
G01 X100.241000 Y60.826300 Z-0.125000
G01 X100.498000 Y61.401300 Z-0.125000
G01 X100.482000 Y61.604300 Z-0.125000
G01 X100.345000 Y61.566200 Z-0.125000
G01 X100.286000 Y61.507400 Z-0.125000
G01 X100.190000 Y61.510400 Z-0.125000
G01 X100.182000 Y61.721600 Z-0.125000
G01 X100.370000 Y62.228000 Z-0.125000
G01 X100.411000 Y62.268200 Z-0.125000
G01 X100.455000 Y62.630600 Z-0.125000
G01 X100.288000 Y62.781100 Z-0.125000
G01 X100.288000 Y62.781100 Z-0.125000
G01 X100.066000 Y62.877700 Z-0.125000
G01 X100.057000 Y63.186300 Z-0.125000
G01 X100.071000 Y63.200700 Z-0.125000
G01 X100.057000 Y63.504500 Z-0.125000
G01 X99.801900 Y63.567700 Z-0.125000
G01 X99.780300 Y63.546100 Z-0.125000
G01 X99.485600 Y63.569400 Z-0.125000
G01 X99.457900 Y63.859800 Z-0.125000
G01 X99.474200 Y63.876100 Z-0.125000
G01 X99.396100 Y64.116000 Z-0.125000
G01 X99.083600 Y64.121600 Z-0.125000
G01 X99.080900 Y64.118900 Z-0.125000
G01 X98.740200 Y64.096200 Z-0.125000
G01 X98.613300 Y64.188000 Z-0.125000
G01 X98.628500 Y64.302600 Z-0.125000
G01 X98.628500 Y64.302600 Z-0.125000
G01 X98.631400 Y64.404800 Z-0.125000
G01 X98.477400 Y64.469500 Z-0.125000
G01 X98.097200 Y64.407400 Z-0.125000
G01 X98.071500 Y64.381700 Z-0.125000
G01 X97.580400 Y64.208700 Z-0.125000
G01 X97.374300 Y64.221200 Z-0.125000
G01 X97.369900 Y64.316200 Z-0.125000
G01 X97.590000 Y64.536300 Z-0.125000
G00 Z5.000000

(End cutting path id: path2)


(Start cutting path id: path2)
(Change tool to Default tool)

G00 Z5.000000
G00 X94.650000 Y62.868500

G01 Z-0.125000 F100.0(Penetrate)
G01 X95.596200 Y63.814700 Z-0.125000 F400.000000
G01 X96.324600 Y64.225200 Z-0.125000
G01 X96.601800 Y64.283700 Z-0.125000
G01 X96.576000 Y64.158500 Z-0.125000
G01 X95.973900 Y63.556300 Z-0.125000
G00 Z5.000000

(End cutting path id: path2)


(Start cutting path id: path2)
(Change tool to Default tool)

G00 Z5.000000
G00 X91.699000 Y65.642000

G01 Z-0.125000 F100.0(Penetrate)
G01 X91.532300 Y65.475400 Z-0.125000 F400.000000
G01 X91.373600 Y64.998600 Z-0.125000
G01 X91.411400 Y64.817700 Z-0.125000
G01 X91.528200 Y64.835200 Z-0.125000
G01 X91.529800 Y64.836800 Z-0.125000
G01 X91.646200 Y64.853800 Z-0.125000
G01 X91.684900 Y64.673900 Z-0.125000
G01 X91.529800 Y64.200700 Z-0.125000
G01 X91.525500 Y64.196400 Z-0.125000
G01 X91.380900 Y63.733700 Z-0.125000
G01 X91.422800 Y63.557000 Z-0.125000
G01 X91.537800 Y63.572600 Z-0.125000
G01 X91.538600 Y63.573400 Z-0.125000
G01 X91.654600 Y63.590000 Z-0.125000
G01 X91.699700 Y63.416500 Z-0.125000
G01 X91.561000 Y62.959700 Z-0.125000
G01 X91.561000 Y62.959700 Z-0.125000
G01 X91.431300 Y62.512000 Z-0.125000
G01 X91.482700 Y62.344700 Z-0.125000
G01 X91.601500 Y62.364100 Z-0.125000
G01 X91.607700 Y62.370300 Z-0.125000
G01 X91.732900 Y62.396100 Z-0.125000
G01 X91.794400 Y62.239000 Z-0.125000
G01 X91.675500 Y61.802000 Z-0.125000
G01 X91.661800 Y61.788300 Z-0.125000
G01 X91.585400 Y61.393800 Z-0.125000
G01 X91.663300 Y61.253100 Z-0.125000
G01 X91.787300 Y61.277700 Z-0.125000
G01 X91.798800 Y61.289200 Z-0.125000
G01 X91.915700 Y61.306700 Z-0.125000
G01 X91.994100 Y61.166500 Z-0.125000
G01 X91.934200 Y60.788500 Z-0.125000
G01 X91.926300 Y60.780600 Z-0.125000
G01 X91.894100 Y60.430300 Z-0.125000
G01 X91.984200 Y60.301700 Z-0.125000
G01 X92.101300 Y60.319500 Z-0.125000
G01 X92.107400 Y60.325600 Z-0.125000
G01 X92.220200 Y60.339000 Z-0.125000
G01 X92.309300 Y60.209500 Z-0.125000
G01 X92.284100 Y59.866200 Z-0.125000
G01 X92.280300 Y59.862400 Z-0.125000
G01 X92.269800 Y59.533800 Z-0.125000
G01 X92.479000 Y59.425000 Z-0.125000
G01 X92.480700 Y59.426700 Z-0.125000
G01 X92.690900 Y59.318900 Z-0.125000
G01 X92.684900 Y58.994800 Z-0.125000
G01 X92.684900 Y58.994800 Z-0.125000
G01 X92.682900 Y58.674800 Z-0.125000
G01 X92.897200 Y58.571000 Z-0.125000
G01 X92.899800 Y58.573600 Z-0.125000
G01 X93.125400 Y58.481200 Z-0.125000
G01 X93.129700 Y58.167300 Z-0.125000
G01 X93.128700 Y58.166400 Z-0.125000
G01 X93.133800 Y57.853500 Z-0.125000
G01 X93.362200 Y57.763800 Z-0.125000
G01 X93.365800 Y57.767400 Z-0.125000
G01 X93.606600 Y57.690200 Z-0.125000
G01 X93.617000 Y57.382400 Z-0.125000
G01 X93.612800 Y57.378200 Z-0.125000
G01 X93.620000 Y57.067500 Z-0.125000
G01 X93.866100 Y56.995500 Z-0.125000
G01 X93.870000 Y56.999400 Z-0.125000
G01 X94.129500 Y56.940900 Z-0.125000
G01 X94.142400 Y56.635700 Z-0.125000
G01 X94.139400 Y56.632700 Z-0.125000
G01 X94.155000 Y56.330300 Z-0.125000
G01 X94.421800 Y56.279000 Z-0.125000
G01 X94.421800 Y56.279000 Z-0.125000
G01 X94.692700 Y56.231800 Z-0.125000
G01 X94.712600 Y55.933700 Z-0.125000
G01 X94.708700 Y55.929800 Z-0.125000
G01 X94.716200 Y55.619200 Z-0.125000
G01 X94.842800 Y55.527100 Z-0.125000
G01 X94.982700 Y55.567700 Z-0.125000
G01 X94.995600 Y55.580600 Z-0.125000
G01 X95.150600 Y55.636200 Z-0.125000
G01 X95.292300 Y55.559300 Z-0.125000
G01 X95.304300 Y55.253200 Z-0.125000
G01 X95.148000 Y55.096900 Z-0.125000
G01 X95.162600 Y54.912700 Z-0.125000
G01 X95.399900 Y54.712700 Z-0.125000
G01 X95.710500 Y54.586000 Z-0.125000
G01 X95.945000 Y54.621700 Z-0.125000
G01 X95.945000 Y54.621700 Z-0.125000
G01 X96.003800 Y54.779900 Z-0.125000
G01 X95.928000 Y54.922700 Z-0.125000
G01 X95.778800 Y54.992200 Z-0.125000
G01 X95.617700 Y54.930500 Z-0.125000
G01 X92.957300 Y52.270000 Z-0.125000
G01 X92.911300 Y51.906000 Z-0.125000
G01 X93.010400 Y51.786000 Z-0.125000
G01 X93.144200 Y51.821000 Z-0.125000
G01 X93.148900 Y51.826000 Z-0.125000
G01 X93.289900 Y51.868000 Z-0.125000
G01 X93.411500 Y51.770000 Z-0.125000
G01 X93.404400 Y51.445000 Z-0.125000
G01 X93.404400 Y51.445000 Z-0.125000
G01 X93.409500 Y51.132000 Z-0.125000
G01 X93.539300 Y51.043000 Z-0.125000
G01 X93.684100 Y51.089000 Z-0.125000
G01 X93.689400 Y51.094000 Z-0.125000
G01 X93.841100 Y51.146000 Z-0.125000
G01 X93.978800 Y51.065000 Z-0.125000
G01 X93.988000 Y50.756000 Z-0.125000
G01 X93.983700 Y50.752000 Z-0.125000
G01 X93.988600 Y50.439000 Z-0.125000
G01 X94.127400 Y50.359000 Z-0.125000
G01 X94.282400 Y50.415000 Z-0.125000
G01 X94.286200 Y50.419000 Z-0.125000
G01 X94.446800 Y50.480000 Z-0.125000
G01 X94.592700 Y50.407000 Z-0.125000
G01 X94.664400 Y50.260000 Z-0.125000
G01 X94.602700 Y50.099000 Z-0.125000
G01 X94.597800 Y50.094000 Z-0.125000
G01 X94.531400 Y49.929000 Z-0.125000
G01 X94.599700 Y49.778000 Z-0.125000
G01 X94.744700 Y49.705000 Z-0.125000
G01 X94.908000 Y49.768000 Z-0.125000
G01 X94.920000 Y49.780000 Z-0.125000
G01 X95.098300 Y49.859000 Z-0.125000
G01 X95.259600 Y49.802000 Z-0.125000
G01 X95.338400 Y49.662000 Z-0.125000
G01 X95.269100 Y49.493000 Z-0.125000
G01 X95.066000 Y49.290000 Z-0.125000
G00 Z5.000000

(End cutting path id: path2)


(Start cutting path id: path2)
(Change tool to Default tool)

G00 Z5.000000
G00 X96.938400 Y70.245300

G01 Z-0.125000 F100.0(Penetrate)
G01 X107.591000 Y80.897900 Z-0.125000 F400.000000
G01 X107.793000 Y81.000300 Z-0.125000
G01 X107.903000 Y80.891600 Z-0.125000
G01 X107.737000 Y80.408300 Z-0.125000
G01 X98.847000 Y71.517900 Z-0.125000
G00 Z5.000000

(End cutting path id: path2)


(Start cutting path id: path2)
(Change tool to Default tool)

G00 Z5.000000
G00 X100.310000 Y72.345100

G01 Z-0.125000 F100.0(Penetrate)
G01 X108.026000 Y80.060700 Z-0.125000 F400.000000
G01 X108.273000 Y80.208000 Z-0.125000
G01 X108.481000 Y80.198100 Z-0.125000
G01 X108.571000 Y80.068900 Z-0.125000
G01 X108.460000 Y79.858400 Z-0.125000
G01 X101.639000 Y73.037600 Z-0.125000
G00 Z5.000000

(End cutting path id: path2)


(Start cutting path id: path2)
(Change tool to Default tool)

G00 Z5.000000
G00 X101.933000 Y84.781600

G01 Z-0.125000 F100.0(Penetrate)
G01 X90.084900 Y72.933400 Z-0.125000 F400.000000
G01 X89.932700 Y72.681700 Z-0.125000
G01 X89.931600 Y72.462100 Z-0.125000
G01 X90.049900 Y72.361700 Z-0.125000
G01 X90.255500 Y72.467800 Z-0.125000
G01 X100.538000 Y82.750100 Z-0.125000
G01 X100.774000 Y82.887000 Z-0.125000
G01 X100.960000 Y82.854200 Z-0.125000
G01 X101.027000 Y82.702200 Z-0.125000
G01 X100.905000 Y82.481300 Z-0.125000
G01 X90.433700 Y72.010000 Z-0.125000
G01 X90.283900 Y71.760800 Z-0.125000
G01 X90.288400 Y71.546600 Z-0.125000
G01 X90.412200 Y71.451800 Z-0.125000
G01 X90.620200 Y71.560400 Z-0.125000
G01 X101.698000 Y82.637800 Z-0.125000
G01 X102.381000 Y83.003400 Z-0.125000
G01 X102.628000 Y83.031100 Z-0.125000
G01 X102.588000 Y82.891900 Z-0.125000
G01 X90.816200 Y71.120300 Z-0.125000
G01 X90.669700 Y70.874300 Z-0.125000
G01 X90.681200 Y70.667200 Z-0.125000
G01 X90.812000 Y70.579400 Z-0.125000
G01 X91.023300 Y70.691300 Z-0.125000
G01 X103.296000 Y82.964400 Z-0.125000
G01 X103.871000 Y83.220800 Z-0.125000
G01 X104.042000 Y83.173500 Z-0.125000
G01 X103.968000 Y83.000100 Z-0.125000
G01 X91.238700 Y70.270600 Z-0.125000
G01 X91.093600 Y70.026100 Z-0.125000
G01 X91.108400 Y69.822200 Z-0.125000
G01 X91.242400 Y69.737500 Z-0.125000
G01 X91.455100 Y69.850800 Z-0.125000
G01 X104.568000 Y82.963800 Z-0.125000
G01 X105.080000 Y83.158000 Z-0.125000
G01 X105.209000 Y83.067900 Z-0.125000
G01 X105.115000 Y82.875100 Z-0.125000
G01 X91.681800 Y69.441400 Z-0.125000
G01 X91.437400 Y68.879000 Z-0.125000
G01 X91.493000 Y68.716000 Z-0.125000
G01 X91.670100 Y68.793600 Z-0.125000
G01 X105.615000 Y82.738700 Z-0.125000
G01 X105.865000 Y82.888800 Z-0.125000
G01 X106.080000 Y82.885000 Z-0.125000
G01 X106.175000 Y82.762000 Z-0.125000
G01 X106.067000 Y82.554300 Z-0.125000
G01 X91.658400 Y68.145800 Z-0.125000
G01 X91.414000 Y67.583400 Z-0.125000
G01 X91.469600 Y67.420400 Z-0.125000
G01 X91.646700 Y67.498000 Z-0.125000
G01 X106.477000 Y82.328800 Z-0.125000
G01 X106.713000 Y82.465000 Z-0.125000
G01 X106.897000 Y82.430700 Z-0.125000
G01 X106.962000 Y82.277100 Z-0.125000
G01 X106.840000 Y82.055500 Z-0.125000
G01 X91.635000 Y66.850200 Z-0.125000
G01 X91.390600 Y66.287800 Z-0.125000
G01 X91.446200 Y66.124800 Z-0.125000
G01 X91.623300 Y66.202400 Z-0.125000
G01 X107.154000 Y81.733600 Z-0.125000
G01 X107.373000 Y81.853100 Z-0.125000
G01 X107.521000 Y81.782300 Z-0.125000
G01 X107.550000 Y81.592100 Z-0.125000
G01 X107.411000 Y81.353900 Z-0.125000
G01 X93.922100 Y67.865100 Z-0.125000
G00 Z5.000000

(End cutting path id: path2)


(Start cutting path id: path2)
(Change tool to Default tool)

G00 Z5.000000
G00 X93.288700 Y81.874500

G01 Z-0.125000 F100.0(Penetrate)
G01 X97.244000 Y82.351100 Z-0.125000 F400.000000
G01 X99.191100 Y82.674400 Z-0.125000
G01 X100.017000 Y83.076800 Z-0.125000
G01 X100.609000 Y83.790300 Z-0.125000
G01 X101.277000 Y84.722400 Z-0.125000
G01 X101.342000 Y84.977400 Z-0.125000
G01 X101.263000 Y85.164700 Z-0.125000
G01 X100.787000 Y85.553900 Z-0.125000
G01 X100.118000 Y85.839100 Z-0.125000
G01 X98.368600 Y86.094200 Z-0.125000
G01 X96.351700 Y85.922600 Z-0.125000
G01 X94.402900 Y85.316900 Z-0.125000
G01 X92.461700 Y84.115900 Z-0.125000
G01 X91.484500 Y83.522100 Z-0.125000
G01 X91.694300 Y84.317400 Z-0.125000
G01 X92.139000 Y85.883400 Z-0.125000
G01 X92.260200 Y86.767600 Z-0.125000
G01 X90.331800 Y86.912200 Z-0.125000
G01 X88.619800 Y86.974300 Z-0.125000
G01 X88.291600 Y86.854400 Z-0.125000
G01 X88.057700 Y86.598400 Z-0.125000
G01 X87.481100 Y85.321900 Z-0.125000
G01 X87.277400 Y83.602300 Z-0.125000
G01 X87.426100 Y81.806400 Z-0.125000
G01 X87.629500 Y81.405700 Z-0.125000
G01 X87.934600 Y81.281300 Z-0.125000
G01 X93.288700 Y81.874500 Z-0.125000
G01 X93.288700 Y81.874500 Z-0.125000
G00 Z5.000000

(End cutting path id: path2)


(Start cutting path id: path2)
(Change tool to Default tool)

G00 Z5.000000
G00 X94.226900 Y85.344700

G01 Z-0.125000 F100.0(Penetrate)
G01 X96.349900 Y87.467700 Z-0.125000 F400.000000
G01 X97.111200 Y87.910900 Z-0.125000
G01 X97.410900 Y87.992000 Z-0.125000
G01 X97.395300 Y87.877000 Z-0.125000
G01 X95.562800 Y86.044500 Z-0.125000
G01 X95.516600 Y85.898900 Z-0.125000
G01 X95.748900 Y85.912600 Z-0.125000
G01 X96.412200 Y86.257800 Z-0.125000
G01 X98.394600 Y88.240200 Z-0.125000
G01 X99.235300 Y88.762800 Z-0.125000
G01 X99.589700 Y88.898600 Z-0.125000
G01 X99.599000 Y88.808400 Z-0.125000
G01 X97.172300 Y86.381800 Z-0.125000
G01 X97.103300 Y86.213400 Z-0.125000
G01 X97.285300 Y86.176700 Z-0.125000
G01 X97.875300 Y86.448700 Z-0.125000
G01 X101.351000 Y89.923900 Z-0.125000
G00 Z5.000000

(End cutting path id: path2)


(Start cutting path id: path2)
(Change tool to Default tool)

G00 Z5.000000
G00 X102.640000 Y90.578300

G01 Z-0.125000 F100.0(Penetrate)
G01 X98.526200 Y86.464800 Z-0.125000 F400.000000
G01 X98.442600 Y86.281800 Z-0.125000
G01 X98.592600 Y86.213100 Z-0.125000
G01 X99.136100 Y86.438500 Z-0.125000
G01 X104.890000 Y92.192900 Z-0.125000
G01 X105.093000 Y92.296100 Z-0.125000
G01 X105.205000 Y92.189400 Z-0.125000
G01 X105.043000 Y91.708900 Z-0.125000
G01 X99.697000 Y86.363400 Z-0.125000
G01 X99.600400 Y86.167400 Z-0.125000
G01 X99.721900 Y86.070200 Z-0.125000
G01 X100.224000 Y86.254100 Z-0.125000
G01 X104.852000 Y90.882300 Z-0.125000
G01 X104.986000 Y90.917000 Z-0.125000
G01 X104.947000 Y90.659300 Z-0.125000
G01 X104.565000 Y89.959200 Z-0.125000
G01 X100.700000 Y86.094600 Z-0.125000
G01 X100.588000 Y85.882900 Z-0.125000
G01 X100.675000 Y85.751000 Z-0.125000
G01 X100.881000 Y85.738400 Z-0.125000
G01 X101.126000 Y85.884500 Z-0.125000
G01 X104.145000 Y88.903300 Z-0.125000
G01 X104.238000 Y88.897000 Z-0.125000
G01 X104.109000 Y88.549200 Z-0.125000
G01 X103.596000 Y87.718000 Z-0.125000
G01 X101.488000 Y85.610400 Z-0.125000
G01 X101.341000 Y85.363500 Z-0.125000
G01 X101.350000 Y85.154300 Z-0.125000
G01 X101.479000 Y85.064300 Z-0.125000
G01 X101.689000 Y85.175200 Z-0.125000
G01 X103.035000 Y86.520600 Z-0.125000
G00 Z5.000000

(End cutting path id: path2)


(Start cutting path id: path2)
(Change tool to Default tool)

G00 Z5.000000
G00 X103.266000 Y93.770700

G01 Z-0.125000 F100.0(Penetrate)
G01 X103.492000 Y94.228400 Z-0.125000 F400.000000
G01 X104.079000 Y94.756900 Z-0.125000
G01 X104.882000 Y95.251700 Z-0.125000
G01 X105.761000 Y95.608300 Z-0.125000
G01 X107.182000 Y95.799300 Z-0.125000
G01 X108.653000 Y95.624500 Z-0.125000
G01 X109.995000 Y95.126800 Z-0.125000
G01 X111.026000 Y94.349600 Z-0.125000
G01 X111.259000 Y93.980000 Z-0.125000
G01 X111.158000 Y93.824800 Z-0.125000
G01 X110.806000 Y93.898500 Z-0.125000
G01 X110.283000 Y94.215700 Z-0.125000
G01 X108.763000 Y94.976000 Z-0.125000
G01 X107.133000 Y95.286900 Z-0.125000
G01 X105.827000 Y95.022400 Z-0.125000
G01 X104.600000 Y94.432600 Z-0.125000
G01 X103.710000 Y93.792500 Z-0.125000
G01 X103.342000 Y93.578300 Z-0.125000
G01 X103.266000 Y93.770700 Z-0.125000
G01 X103.266000 Y93.770700 Z-0.125000
G00 Z5.000000

(End cutting path id: path2)


(Start cutting path id: path2)
(Change tool to Default tool)

G00 Z5.000000
G00 X103.376000 Y93.857600

G01 Z-0.125000 F100.0(Penetrate)
G01 X104.400000 Y94.881200 Z-0.125000 F400.000000
G00 Z5.000000

(End cutting path id: path2)


(Start cutting path id: path2)
(Change tool to Default tool)

G00 Z5.000000
G00 X104.687000 Y94.533000

G01 Z-0.125000 F100.0(Penetrate)
G01 X105.429000 Y95.275000 Z-0.125000 F400.000000
G01 X106.036000 Y95.564000 Z-0.125000
G01 X106.230000 Y95.539100 Z-0.125000
G01 X106.167000 Y95.376000 Z-0.125000
G01 X106.054000 Y95.263400 Z-0.125000
G01 X106.092000 Y95.201800 Z-0.125000
G01 X106.369000 Y95.260600 Z-0.125000
G01 X106.962000 Y95.535400 Z-0.125000
G01 X106.982000 Y95.555400 Z-0.125000
G01 X107.403000 Y95.658000 Z-0.125000
G01 X107.580000 Y95.617100 Z-0.125000
G01 X107.586000 Y95.522800 Z-0.125000
G01 X107.586000 Y95.522800 Z-0.125000
G01 X107.582000 Y95.420100 Z-0.125000
G01 X107.741000 Y95.360600 Z-0.125000
G01 X108.135000 Y95.436000 Z-0.125000
G01 X108.142000 Y95.443400 Z-0.125000
G01 X108.527000 Y95.510600 Z-0.125000
G01 X108.673000 Y95.438400 Z-0.125000
G01 X108.660000 Y95.325300 Z-0.125000
G01 X108.654000 Y95.319700 Z-0.125000
G01 X108.629000 Y95.195900 Z-0.125000
G01 X108.760000 Y95.108200 Z-0.125000
G01 X109.131000 Y95.160500 Z-0.125000
G01 X109.138000 Y95.167300 Z-0.125000
G01 X109.496000 Y95.207800 Z-0.125000
G01 X109.616000 Y95.109000 Z-0.125000
G01 X109.585000 Y94.978200 Z-0.125000
G01 X109.579000 Y94.972300 Z-0.125000
G01 X109.549000 Y94.842800 Z-0.125000
G01 X109.663000 Y94.738800 Z-0.125000
G01 X110.006000 Y94.763600 Z-0.125000
G01 X110.011000 Y94.769100 Z-0.125000
G01 X110.325000 Y94.764500 Z-0.125000
G01 X110.424000 Y94.645400 Z-0.125000
G01 X110.391000 Y94.512600 Z-0.125000
G01 X110.371000 Y94.492600 Z-0.125000
G01 X110.455000 Y94.259100 Z-0.125000
G01 X110.747000 Y94.232900 Z-0.125000
G01 X110.851000 Y94.336500 Z-0.125000
G00 Z5.000000

(End cutting path id: path2)


(Start cutting path id: path2)
(Change tool to Default tool)

G00 Z5.000000
G00 X104.711000 Y99.010000

G01 Z-0.125000 F100.0(Penetrate)
G01 X111.078000 Y105.377100 Z-0.125000 F400.000000
G01 X111.302000 Y105.501200 Z-0.125000
G01 X111.460000 Y105.440200 Z-0.125000
G01 X111.498000 Y105.260000 Z-0.125000
G01 X111.364000 Y105.026300 Z-0.125000
G01 X102.482000 Y96.144200 Z-0.125000
G00 Z5.000000

(End cutting path id: path2)


(Start cutting path id: path2)
(Change tool to Default tool)

G00 Z5.000000
G00 X100.392000 Y95.327300

G01 Z-0.125000 F100.0(Penetrate)
G01 X100.084000 Y95.018800 Z-0.125000 F400.000000
G01 X100.059000 Y94.894400 Z-0.125000
G01 X100.338000 Y94.954700 Z-0.125000
G01 X101.069000 Y95.367600 Z-0.125000
G01 X102.000000 Y96.298400 Z-0.125000
G00 Z5.000000

(End cutting path id: path2)


(Start cutting path id: path2)
(Change tool to Default tool)

G00 Z5.000000
G00 X91.899200 Y100.827400

G01 Z-0.125000 F100.0(Penetrate)
G01 X87.763000 Y96.691200 Z-0.125000 F400.000000
G01 X87.657100 Y96.485900 Z-0.125000
G01 X87.758100 Y96.368200 Z-0.125000
G01 X87.978300 Y96.369800 Z-0.125000
G01 X88.230200 Y96.522300 Z-0.125000
G01 X91.576900 Y99.869000 Z-0.125000
G00 Z5.000000

(End cutting path id: path2)


(Start cutting path id: path2)
(Change tool to Default tool)

G00 Z5.000000
G00 X88.778400 Y96.434400

G01 Z-0.125000 F100.0(Penetrate)
G01 X90.754400 Y98.410400 Z-0.125000 F400.000000
G00 Z5.000000

(End cutting path id: path2)


(Start cutting path id: path2)
(Change tool to Default tool)

G00 Z5.000000
G00 X87.380500 Y96.405000

G01 Z-0.125000 F100.0(Penetrate)
G01 X87.130100 Y97.016800 Z-0.125000 F400.000000
G01 X87.120900 Y97.982900 Z-0.125000
G01 X87.336000 Y99.130100 Z-0.125000
G01 X87.758500 Y100.284600 Z-0.125000
G01 X88.398500 Y101.419100 Z-0.125000
G01 X89.180300 Y102.482500 Z-0.125000
G01 X89.994400 Y103.342900 Z-0.125000
G01 X90.731400 Y103.868500 Z-0.125000
G01 X91.414900 Y104.108100 Z-0.125000
G01 X91.950200 Y103.877600 Z-0.125000
G01 X92.362600 Y103.424000 Z-0.125000
G01 X92.373100 Y102.428100 Z-0.125000
G01 X92.146500 Y101.199000 Z-0.125000
G01 X91.681300 Y99.955100 Z-0.125000
G01 X91.040100 Y98.771900 Z-0.125000
G01 X90.285300 Y97.724800 Z-0.125000
G01 X89.479500 Y96.889200 Z-0.125000
G01 X88.685100 Y96.340500 Z-0.125000
G01 X87.964600 Y96.153900 Z-0.125000
G01 X87.380500 Y96.405000 Z-0.125000
G01 X87.380500 Y96.405000 Z-0.125000
G00 Z5.000000

(End cutting path id: path2)


(Start cutting path id: path2)
(Change tool to Default tool)

G00 Z5.000000
G00 X84.624100 Y99.277900

G01 Z-0.125000 F100.0(Penetrate)
G01 X84.305300 Y98.959100 Z-0.125000 F400.000000
G01 X84.328900 Y98.664700 Z-0.125000
G01 X84.625400 Y98.643100 Z-0.125000
G01 X84.642400 Y98.660100 Z-0.125000
G01 X84.904500 Y98.604200 Z-0.125000
G01 X84.927900 Y98.309500 Z-0.125000
G01 X84.918100 Y98.299700 Z-0.125000
G01 X84.968300 Y98.031900 Z-0.125000
G01 X85.237700 Y97.983200 Z-0.125000
G01 X85.250100 Y97.995600 Z-0.125000
G01 X85.497700 Y97.925100 Z-0.125000
G01 X85.550900 Y97.660300 Z-0.125000
G01 X85.533900 Y97.643300 Z-0.125000
G01 X85.617800 Y97.409200 Z-0.125000
G01 X85.861900 Y97.335300 Z-0.125000
G01 X85.895200 Y97.368500 Z-0.125000
G01 X86.168800 Y97.006000 Z-0.125000
G01 X86.168800 Y97.006000 Z-0.125000
G01 X87.343000 Y96.908000 Z-0.125000
G01 X91.935900 Y101.500900 Z-0.125000
G01 X92.207800 Y102.090900 Z-0.125000
G01 X92.171100 Y102.272800 Z-0.125000
G01 X92.002600 Y102.203800 Z-0.125000
G01 X87.468500 Y97.669600 Z-0.125000
G01 X87.289800 Y97.590300 Z-0.125000
G01 X87.230700 Y97.749800 Z-0.125000
G01 X87.470000 Y98.307100 Z-0.125000
G01 X92.029300 Y102.866500 Z-0.125000
G01 X92.184100 Y103.120600 Z-0.125000
G01 X92.190500 Y103.345700 Z-0.125000
G01 X92.077700 Y103.451600 Z-0.125000
G01 X91.874600 Y103.347900 Z-0.125000
G01 X87.644600 Y99.117900 Z-0.125000
G01 X87.506700 Y99.079300 Z-0.125000
G01 X87.537300 Y99.328600 Z-0.125000
G01 X87.907000 Y100.016400 Z-0.125000
G01 X91.504200 Y103.613500 Z-0.125000
G01 X91.600300 Y103.809000 Z-0.125000
G01 X91.477700 Y103.905200 Z-0.125000
G01 X90.974200 Y103.719700 Z-0.125000
G01 X88.177800 Y100.923200 Z-0.125000
G00 Z5.000000

(End cutting path id: path2)


(Start cutting path id: path2)
(Change tool to Default tool)

G00 Z5.000000
G00 X86.196100 Y104.665700

G01 Z-0.125000 F100.0(Penetrate)
G01 X82.276900 Y100.746500 Z-0.125000 F400.000000
G01 X82.159000 Y100.529100 Z-0.125000
G01 X82.233500 Y100.384900 Z-0.125000
G01 X82.427200 Y100.360000 Z-0.125000
G01 X82.667000 Y100.500500 Z-0.125000
G01 X86.082800 Y103.916300 Z-0.125000
G01 X86.258900 Y103.992900 Z-0.125000
G01 X86.312300 Y103.827600 Z-0.125000
G01 X86.064600 Y103.261900 Z-0.125000
G01 X83.039000 Y100.236300 Z-0.125000
G01 X82.916000 Y100.014000 Z-0.125000
G01 X82.979400 Y99.858700 Z-0.125000
G01 X83.162000 Y99.822700 Z-0.125000
G01 X83.396900 Y99.958100 Z-0.125000
G01 X85.924900 Y102.486100 Z-0.125000
G01 X86.078100 Y102.539900 Z-0.125000
G01 X86.081100 Y102.324300 Z-0.125000
G01 X85.760300 Y101.685400 Z-0.125000
G01 X83.743100 Y99.668300 Z-0.125000
G01 X83.616800 Y99.442600 Z-0.125000
G01 X83.672800 Y99.279900 Z-0.125000
G01 X83.848100 Y99.236600 Z-0.125000
G01 X84.079600 Y99.368700 Z-0.125000
G01 X85.528800 Y100.817800 Z-0.125000
G00 Z5.000000

(End cutting path id: path2)


(Start cutting path id: path2)
(Change tool to Default tool)

G00 Z5.000000
G00 X83.781700 Y103.523500

G01 Z-0.125000 F100.0(Penetrate)
G01 X86.806400 Y106.548200 Z-0.125000 F400.000000
G00 Z5.000000

(End cutting path id: path2)


(Start cutting path id: path2)
(Change tool to Default tool)

G00 Z5.000000
G00 X90.697300 Y109.166800

G01 Z-0.125000 F100.0(Penetrate)
G01 X89.558100 Y108.027600 Z-0.125000 F400.000000
G00 Z5.000000

(End cutting path id: path2)


(Start cutting path id: path2)
(Change tool to Default tool)

G00 Z5.000000
G00 X94.308700 Y108.962200

G01 Z-0.125000 F100.0(Penetrate)
G01 X94.808700 Y109.462200 Z-0.125000 F400.000000
G01 X95.494600 Y109.830100 Z-0.125000
G01 X95.742500 Y109.859300 Z-0.125000
G01 X95.703400 Y109.720900 Z-0.125000
G01 X95.574800 Y109.592200 Z-0.125000
G01 X95.575900 Y109.493900 Z-0.125000
G01 X95.888500 Y109.587800 Z-0.125000
G01 X96.645400 Y110.026700 Z-0.125000
G01 X96.664000 Y110.045400 Z-0.125000
G01 X97.291300 Y110.354600 Z-0.125000
G01 X97.532200 Y110.376800 Z-0.125000
G01 X97.512500 Y110.257800 Z-0.125000
G01 X97.509000 Y110.254300 Z-0.125000
G01 X97.485200 Y110.131000 Z-0.125000
G01 X97.712100 Y110.139300 Z-0.125000
G01 X98.314300 Y110.423400 Z-0.125000
G01 X98.314300 Y110.423400 Z-0.125000
G01 X98.885400 Y110.676500 Z-0.125000
G01 X99.091000 Y110.663400 Z-0.125000
G01 X99.057500 Y110.530500 Z-0.125000
G01 X99.056900 Y110.530000 Z-0.125000
G01 X99.015500 Y110.389200 Z-0.125000
G01 X99.204400 Y110.359400 Z-0.125000
G01 X99.752000 Y110.588900 Z-0.125000
G01 X99.752000 Y110.588900 Z-0.125000
G01 X100.401000 Y110.920100 Z-0.125000
G01 X100.660000 Y110.960300 Z-0.125000
G01 X100.650000 Y110.851200 Z-0.125000
G01 X100.436000 Y110.636600 Z-0.125000
G01 X100.350000 Y110.451100 Z-0.125000
G01 X100.494000 Y110.376900 Z-0.125000
G01 X101.030000 Y110.594300 Z-0.125000
G01 X101.057000 Y110.621900 Z-0.125000
G01 X101.587000 Y110.833700 Z-0.125000
G01 X101.728000 Y110.755800 Z-0.125000
G01 X101.640000 Y110.568500 Z-0.125000
G01 X101.614000 Y110.542600 Z-0.125000
G01 X101.532000 Y110.361400 Z-0.125000
G01 X101.666000 Y110.276200 Z-0.125000
G01 X102.165000 Y110.457600 Z-0.125000
G01 X102.182000 Y110.474300 Z-0.125000
G01 X102.633000 Y110.607800 Z-0.125000
G01 X102.749000 Y110.505300 Z-0.125000
G01 X102.670000 Y110.326800 Z-0.125000
G01 X102.659000 Y110.315200 Z-0.125000
G01 X102.589000 Y110.146200 Z-0.125000
G01 X102.710000 Y110.048200 Z-0.125000
G01 X103.152000 Y110.172400 Z-0.125000
G01 X103.153000 Y110.173200 Z-0.125000
G01 X103.580000 Y110.281900 Z-0.125000
G01 X103.690000 Y110.173800 Z-0.125000
G01 X103.616000 Y110.000700 Z-0.125000
G01 X103.616000 Y110.000700 Z-0.125000
G01 X103.539000 Y109.823400 Z-0.125000
G01 X103.640000 Y109.706200 Z-0.125000
G01 X104.053000 Y109.801600 Z-0.125000
G01 X104.063000 Y109.811400 Z-0.125000
G01 X104.491000 Y109.921200 Z-0.125000
G01 X104.594000 Y109.804800 Z-0.125000
G01 X104.510000 Y109.621600 Z-0.125000
G01 X104.490000 Y109.602000 Z-0.125000
G01 X104.381000 Y109.393600 Z-0.125000
G01 X104.455000 Y109.249100 Z-0.125000
G01 X104.642000 Y109.216700 Z-0.125000
G01 X104.869000 Y109.344700 Z-0.125000
G01 X104.919000 Y109.395000 Z-0.125000
G01 X105.166000 Y109.542300 Z-0.125000
G01 X105.375000 Y109.532400 Z-0.125000
G01 X105.464000 Y109.403100 Z-0.125000
G01 X105.353000 Y109.192600 Z-0.125000
G01 X105.234000 Y109.074000 Z-0.125000
G01 X105.106000 Y108.846200 Z-0.125000
G01 X105.157000 Y108.679000 Z-0.125000
G01 X105.328000 Y108.631100 Z-0.125000
G01 X105.558000 Y108.761100 Z-0.125000
G01 X105.784000 Y108.987300 Z-0.125000
G01 X106.028000 Y109.132600 Z-0.125000
G01 X106.233000 Y109.118400 Z-0.125000
G01 X106.318000 Y108.984900 Z-0.125000
G01 X106.205000 Y108.772400 Z-0.125000
G01 X105.853000 Y108.420400 Z-0.125000
G01 X105.716000 Y108.183800 Z-0.125000
G01 X105.748000 Y107.997300 Z-0.125000
G01 X105.899000 Y107.930100 Z-0.125000
G01 X106.120000 Y108.051400 Z-0.125000
G01 X106.618000 Y108.549800 Z-0.125000
G01 X106.861000 Y108.692900 Z-0.125000
G01 X107.060000 Y108.673800 Z-0.125000
G01 X107.141000 Y108.535300 Z-0.125000
G01 X107.025000 Y108.320600 Z-0.125000
G01 X106.359000 Y107.653900 Z-0.125000
G01 X106.213000 Y107.408600 Z-0.125000
G01 X106.226000 Y107.202900 Z-0.125000
G01 X106.358000 Y107.116600 Z-0.125000
G01 X106.570000 Y107.229100 Z-0.125000
G01 X107.426000 Y108.085400 Z-0.125000
G01 X107.667000 Y108.226700 Z-0.125000
G01 X107.862000 Y108.203600 Z-0.125000
G01 X107.939000 Y108.061200 Z-0.125000
G01 X107.822000 Y107.844600 Z-0.125000
G01 X106.750000 Y106.772900 Z-0.125000
G01 X106.583000 Y106.288000 Z-0.125000
G01 X106.692000 Y106.178200 Z-0.125000
G01 X106.893000 Y106.280100 Z-0.125000
G01 X108.211000 Y107.598000 Z-0.125000
G01 X108.450000 Y107.737600 Z-0.125000
G01 X108.642000 Y107.710600 Z-0.125000
G01 X108.714000 Y107.564300 Z-0.125000
G01 X108.595000 Y107.346000 Z-0.125000
G01 X106.968000 Y105.719100 Z-0.125000
G01 X106.733000 Y105.165700 Z-0.125000
G01 X106.795000 Y105.008900 Z-0.125000
G01 X106.974000 Y105.089400 Z-0.125000
G01 X108.974000 Y107.088700 Z-0.125000
G01 X109.211000 Y107.226500 Z-0.125000
G01 X109.399000 Y107.195600 Z-0.125000
G01 X109.467000 Y107.045600 Z-0.125000
G01 X109.346000 Y106.825500 Z-0.125000
G01 X106.951000 Y104.429900 Z-0.125000
G01 X106.688000 Y103.849200 Z-0.125000
G01 X106.731000 Y103.673600 Z-0.125000
G01 X106.903000 Y103.745600 Z-0.125000
G01 X109.713000 Y106.556100 Z-0.125000
G01 X109.948000 Y106.691700 Z-0.125000
G01 X110.131000 Y106.656200 Z-0.125000
G01 X110.195000 Y106.501400 Z-0.125000
G01 X110.072000 Y106.279300 Z-0.125000
G01 X106.803000 Y103.009400 Z-0.125000
G01 X106.440000 Y102.329100 Z-0.125000
G01 X106.415000 Y102.085000 Z-0.125000
G01 X106.555000 Y102.125900 Z-0.125000
G01 X110.423000 Y105.993600 Z-0.125000
G01 X110.654000 Y106.125900 Z-0.125000
G01 X110.830000 Y106.082800 Z-0.125000
G01 X110.886000 Y105.920500 Z-0.125000
G01 X110.760000 Y105.694900 Z-0.125000
G01 X105.767000 Y100.701400 Z-0.125000
G00 Z5.000000

(End cutting path id: path2)


(Start cutting path id: path2)
(Change tool to Default tool)

G00 Z5.000000
G00 X111.946000 Y104.972200

G01 Z-0.125000 F100.0(Penetrate)
G01 X103.994000 Y97.019700 Z-0.125000 F400.000000
G01 X103.978000 Y96.904900 Z-0.125000
G01 X104.278000 Y96.986200 Z-0.125000
G01 X105.040000 Y97.429900 Z-0.125000
G01 X115.391000 Y107.781100 Z-0.125000
G01 X116.221000 Y108.292900 Z-0.125000
G01 X116.568000 Y108.421200 Z-0.125000
G01 X116.574000 Y108.327800 Z-0.125000
G01 X105.957000 Y97.711000 Z-0.125000
G01 X105.908000 Y97.562500 Z-0.125000
G01 X106.134000 Y97.569700 Z-0.125000
G01 X106.788000 Y97.905600 Z-0.125000
G01 X117.773000 Y108.890600 Z-0.125000
G01 X118.437000 Y109.237000 Z-0.125000
G01 X118.670000 Y109.251600 Z-0.125000
G01 X118.625000 Y109.106400 Z-0.125000
G01 X107.570000 Y98.051500 Z-0.125000
G01 X107.505000 Y97.887200 Z-0.125000
G01 X107.696000 Y97.859600 Z-0.125000
G01 X108.299000 Y98.144700 Z-0.125000
G01 X119.479000 Y109.324100 Z-0.125000
G01 X120.089000 Y109.616800 Z-0.125000
G01 X120.285000 Y109.594400 Z-0.125000
G01 X120.223000 Y109.432400 Z-0.125000
G01 X108.984000 Y98.193700 Z-0.125000
G01 X108.905000 Y98.015000 Z-0.125000
G01 X109.065000 Y97.956000 Z-0.125000
G01 X109.622000 Y98.195300 Z-0.125000
G01 X120.900000 Y109.473100 Z-0.125000
G01 X121.476000 Y109.731200 Z-0.125000
G01 X121.648000 Y109.685100 Z-0.125000
G01 X121.575000 Y109.512300 Z-0.125000
G01 X110.231000 Y98.167900 Z-0.125000
G01 X110.142000 Y97.979600 Z-0.125000
G01 X110.280000 Y97.899200 Z-0.125000
G01 X110.806000 Y98.107600 Z-0.125000
G01 X122.225000 Y109.526700 Z-0.125000
G01 X122.781000 Y109.764000 Z-0.125000
G01 X122.939000 Y109.703500 Z-0.125000
G01 X122.859000 Y109.524300 Z-0.125000
G01 X111.342000 Y98.007000 Z-0.125000
G01 X111.241000 Y97.807000 Z-0.125000
G01 X111.354000 Y97.700900 Z-0.125000
G01 X111.843000 Y97.871900 Z-0.125000
G01 X123.474000 Y109.503000 Z-0.125000
G01 X124.010000 Y109.721200 Z-0.125000
G01 X124.155000 Y109.647600 Z-0.125000
G01 X124.069000 Y109.462300 Z-0.125000
G01 X112.322000 Y97.715300 Z-0.125000
G01 X112.214000 Y97.507800 Z-0.125000
G01 X112.310000 Y97.385300 Z-0.125000
G01 X112.526000 Y97.382000 Z-0.125000
G01 X112.776000 Y97.532300 Z-0.125000
G01 X124.640000 Y109.396300 Z-0.125000
G01 X125.151000 Y109.589600 Z-0.125000
G01 X125.279000 Y109.498900 Z-0.125000
G01 X125.185000 Y109.305800 Z-0.125000
G01 X113.206000 Y97.326200 Z-0.125000
G01 X113.090000 Y97.111500 Z-0.125000
G01 X113.170000 Y96.973100 Z-0.125000
G01 X113.370000 Y96.954000 Z-0.125000
G01 X113.613000 Y97.097100 Z-0.125000
G01 X125.705000 Y109.190000 Z-0.125000
G01 X126.193000 Y109.359100 Z-0.125000
G01 X126.304000 Y109.251700 Z-0.125000
G01 X126.203000 Y109.051000 Z-0.125000
G01 X113.994000 Y96.842200 Z-0.125000
G01 X113.870000 Y96.619500 Z-0.125000
G01 X113.933000 Y96.463700 Z-0.125000
G01 X114.115000 Y96.427100 Z-0.125000
G01 X114.350000 Y96.562300 Z-0.125000
G01 X126.679000 Y108.891800 Z-0.125000
G01 X126.930000 Y109.043300 Z-0.125000
G01 X127.148000 Y109.042800 Z-0.125000
G01 X127.247000 Y108.923000 Z-0.125000
G01 X127.140000 Y108.716800 Z-0.125000
G01 X114.683000 Y96.258900 Z-0.125000
G01 X114.552000 Y96.028600 Z-0.125000
G01 X114.598000 Y95.855900 Z-0.125000
G01 X114.763000 Y95.802500 Z-0.125000
G01 X114.990000 Y95.930000 Z-0.125000
G01 X127.586000 Y108.526700 Z-0.125000
G01 X127.834000 Y108.674300 Z-0.125000
G01 X128.043000 Y108.665100 Z-0.125000
G01 X128.133000 Y108.536700 Z-0.125000
G01 X128.022000 Y108.326500 Z-0.125000
G01 X115.271000 Y95.574700 Z-0.125000
G01 X115.132000 Y95.336500 Z-0.125000
G01 X115.161000 Y95.146500 Z-0.125000
G01 X115.308000 Y95.075800 Z-0.125000
G01 X115.527000 Y95.195400 Z-0.125000
G01 X128.448000 Y108.115600 Z-0.125000
G01 X128.690000 Y108.259000 Z-0.125000
G01 X128.891000 Y108.240700 Z-0.125000
G01 X128.972000 Y108.103000 Z-0.125000
G01 X128.857000 Y107.888600 Z-0.125000
G01 X115.759000 Y94.790500 Z-0.125000
G01 X115.611000 Y94.543800 Z-0.125000
G01 X115.621000 Y94.334800 Z-0.125000
G01 X115.750000 Y94.245200 Z-0.125000
G01 X115.960000 Y94.356200 Z-0.125000
G01 X129.249000 Y107.644900 Z-0.125000
G01 X129.487000 Y107.783400 Z-0.125000
G01 X129.676000 Y107.754000 Z-0.125000
G01 X129.746000 Y107.605400 Z-0.125000
G01 X129.626000 Y107.386000 Z-0.125000
G01 X116.123000 Y93.882600 Z-0.125000
G01 X115.944000 Y93.385400 Z-0.125000
G01 X116.044000 Y93.267300 Z-0.125000
G01 X116.242000 Y93.365300 Z-0.125000
G01 X129.990000 Y107.113200 Z-0.125000
G01 X130.223000 Y107.247300 Z-0.125000
G01 X130.403000 Y107.208300 Z-0.125000
G01 X130.463000 Y107.050100 Z-0.125000
G01 X130.339000 Y106.826400 Z-0.125000
G01 X116.326000 Y92.813200 Z-0.125000
G01 X116.096000 Y92.265500 Z-0.125000
G01 X116.162000 Y92.112600 Z-0.125000
G01 X116.344000 Y92.194900 Z-0.125000
G01 X130.676000 Y106.527000 Z-0.125000
G01 X130.905000 Y106.657200 Z-0.125000
G01 X131.076000 Y106.609700 Z-0.125000
G01 X131.128000 Y106.442900 Z-0.125000
G01 X131.000000 Y106.215200 Z-0.125000
G01 X116.388000 Y91.602900 Z-0.125000
G01 X116.139000 Y91.035900 Z-0.125000
G01 X116.191000 Y90.869700 Z-0.125000
G01 X116.367000 Y90.945900 Z-0.125000
G01 X131.312000 Y105.891000 Z-0.125000
G01 X131.538000 Y106.017300 Z-0.125000
G01 X131.700000 Y105.961100 Z-0.125000
G01 X131.743000 Y105.785700 Z-0.125000
G01 X131.611000 Y105.554200 Z-0.125000
G01 X116.297000 Y90.239800 Z-0.125000
G01 X115.997000 Y89.622300 Z-0.125000
G01 X116.015000 Y89.421300 Z-0.125000
G01 X116.175000 Y89.481800 Z-0.125000
G01 X117.330000 Y90.637100 Z-0.125000
G01 X117.437000 Y90.644800 Z-0.125000
G01 X117.339000 Y90.327900 Z-0.125000
G01 X116.871000 Y89.541600 Z-0.125000
G01 X115.915000 Y88.585700 Z-0.125000
G01 X115.531000 Y87.883500 Z-0.125000
G01 X115.490000 Y87.624300 Z-0.125000
G01 X115.624000 Y87.658300 Z-0.125000
G01 X116.692000 Y88.726400 Z-0.125000
G00 Z5.000000

(End cutting path id: path2)


(Start cutting path id: path2)
(Change tool to Default tool)

G00 Z5.000000
G00 X116.044000 Y87.442900

G01 Z-0.125000 F100.0(Penetrate)
G01 X114.676000 Y86.075100 Z-0.125000 F400.000000
G00 Z5.000000

(End cutting path id: path2)


(Start cutting path id: path2)
(Change tool to Default tool)

G00 Z5.000000
G00 X115.040000 Y85.802500

G01 Z-0.125000 F100.0(Penetrate)
G01 X113.421000 Y84.183400 Z-0.125000 F400.000000
G00 Z5.000000

(End cutting path id: path2)


(Start cutting path id: path2)
(Change tool to Default tool)

G00 Z5.000000
G00 X113.775000 Y83.902000

G01 Z-0.125000 F100.0(Penetrate)
G01 X104.039000 Y74.165500 Z-0.125000 F400.000000
G00 Z5.000000

(End cutting path id: path2)


(Start cutting path id: path2)
(Change tool to Default tool)

G00 Z5.000000
G00 X110.446000 Y81.080000

G01 Z-0.125000 F100.0(Penetrate)
G01 X112.141000 Y82.758100 Z-0.125000 F400.000000
G01 X113.621000 Y84.605100 Z-0.125000
G01 X114.791000 Y86.487100 Z-0.125000
G01 X115.556000 Y88.270200 Z-0.125000
G01 X115.905000 Y89.839900 Z-0.125000
G01 X116.018000 Y91.467600 Z-0.125000
G01 X115.897000 Y92.981500 Z-0.125000
G01 X115.541000 Y94.210000 Z-0.125000
G01 X114.836000 Y95.380700 Z-0.125000
G01 X113.897000 Y96.332000 Z-0.125000
G01 X112.723000 Y97.064900 Z-0.125000
G01 X111.312000 Y97.580300 Z-0.125000
G01 X110.204000 Y97.780700 Z-0.125000
G01 X108.992000 Y97.829200 Z-0.125000
G01 X106.375000 Y97.497100 Z-0.125000
G01 X103.696000 Y96.637100 Z-0.125000
G01 X101.190000 Y95.302200 Z-0.125000
G01 X99.963400 Y94.565300 Z-0.125000
G01 X99.760500 Y94.570000 Z-0.125000
G01 X99.712700 Y94.781600 Z-0.125000
G01 X100.431000 Y95.487200 Z-0.125000
G01 X102.445000 Y96.697700 Z-0.125000
G01 X103.283000 Y97.335800 Z-0.125000
G01 X104.166000 Y98.327200 Z-0.125000
G01 X105.027000 Y99.584500 Z-0.125000
G01 X105.798000 Y101.019800 Z-0.125000
G01 X106.380000 Y102.538800 Z-0.125000
G01 X106.580000 Y104.188200 Z-0.125000
G01 X106.570000 Y105.755500 Z-0.125000
G01 X106.225000 Y106.900600 Z-0.125000
G01 X105.378000 Y108.266100 Z-0.125000
G01 X104.166000 Y109.284700 Z-0.125000
G01 X102.604000 Y109.948600 Z-0.125000
G01 X100.702000 Y110.250200 Z-0.125000
G01 X99.072500 Y110.220800 Z-0.125000
G01 X97.414900 Y109.945200 Z-0.125000
G01 X95.713200 Y109.419500 Z-0.125000
G01 X93.950800 Y108.639700 Z-0.125000
G01 X92.251500 Y107.918200 Z-0.125000
G01 X92.119500 Y108.031800 Z-0.125000
G01 X92.444500 Y108.459000 Z-0.125000
G01 X92.703600 Y108.850300 Z-0.125000
G01 X92.675100 Y109.128300 Z-0.125000
G01 X92.383500 Y109.261600 Z-0.125000
G01 X91.853100 Y109.219100 Z-0.125000
G01 X90.896400 Y108.781900 Z-0.125000
G01 X89.484500 Y107.911500 Z-0.125000
G01 X86.928400 Y105.953600 Z-0.125000
G01 X86.284200 Y105.199500 Z-0.125000
G01 X86.318400 Y104.718000 Z-0.125000
G01 X86.459300 Y103.752500 Z-0.125000
G01 X86.209700 Y102.388500 Z-0.125000
G01 X85.646400 Y100.895900 Z-0.125000
G01 X84.846200 Y99.545100 Z-0.125000
G01 X84.711700 Y99.304800 Z-0.125000
G01 X84.746600 Y99.053800 Z-0.125000
G01 X85.521100 Y98.098100 Z-0.125000
G01 X86.407100 Y96.999400 Z-0.125000
G01 X86.470500 Y96.753700 Z-0.125000
G01 X86.298900 Y96.677300 Z-0.125000
G01 X84.466100 Y98.343400 Z-0.125000
G01 X83.035500 Y99.650800 Z-0.125000
G01 X81.713500 Y100.543200 Z-0.125000
G01 X80.438000 Y101.054000 Z-0.125000
G01 X79.147000 Y101.217000 Z-0.125000
G01 X77.914600 Y101.040700 Z-0.125000
G01 X78.121500 Y100.108300 Z-0.125000
G01 X78.386100 Y99.219500 Z-0.125000
G01 X78.472100 Y98.339200 Z-0.125000
G01 X78.380200 Y97.605200 Z-0.125000
G01 X78.110700 Y97.155200 Z-0.125000
G01 X77.655300 Y96.937400 Z-0.125000
G01 X77.116400 Y96.898200 Z-0.125000
G01 X75.724300 Y97.361400 Z-0.125000
G01 X74.666300 Y97.751400 Z-0.125000
G01 X74.583900 Y96.709800 Z-0.125000
G01 X74.709100 Y95.788500 Z-0.125000
G01 X75.047800 Y94.829000 Z-0.125000
G01 X75.585000 Y93.849300 Z-0.125000
G01 X76.305600 Y92.867600 Z-0.125000
G01 X78.237500 Y90.970600 Z-0.125000
G01 X80.723600 Y89.283000 Z-0.125000
G01 X82.380900 Y88.433900 Z-0.125000
G01 X83.953600 Y87.929700 Z-0.125000
G01 X85.993800 Y87.650800 Z-0.125000
G01 X89.053900 Y87.477400 Z-0.125000
G01 X93.813200 Y87.365100 Z-0.125000
G01 X95.093000 Y87.472300 Z-0.125000
G01 X96.208700 Y87.706600 Z-0.125000
G01 X98.302600 Y88.475200 Z-0.125000
G01 X100.815000 Y89.695100 Z-0.125000
G01 X103.109000 Y91.028200 Z-0.125000
G01 X104.547000 Y92.136000 Z-0.125000
G01 X104.957000 Y92.492100 Z-0.125000
G01 X105.242000 Y92.535300 Z-0.125000
G01 X105.381000 Y92.275200 Z-0.125000
G01 X105.358000 Y91.721500 Z-0.125000
G01 X104.883000 Y90.019100 Z-0.125000
G01 X103.996000 Y88.002400 Z-0.125000
G01 X102.794000 Y85.864400 Z-0.125000
G01 X101.375000 Y83.798000 Z-0.125000
G01 X100.941000 Y83.164900 Z-0.125000
G01 X100.953000 Y82.879700 Z-0.125000
G01 X101.503000 Y82.897800 Z-0.125000
G01 X102.685000 Y83.174800 Z-0.125000
G01 X104.507000 Y83.360200 Z-0.125000
G01 X106.127000 Y83.015900 Z-0.125000
G01 X106.801000 Y82.669500 Z-0.125000
G01 X107.351000 Y82.219900 Z-0.125000
G01 X107.753000 Y81.676800 Z-0.125000
G01 X107.983000 Y81.050000 Z-0.125000
G01 X108.328000 Y80.415800 Z-0.125000
G01 X109.206000 Y80.116700 Z-0.125000
G01 X110.446000 Y81.080000 Z-0.125000
G01 X110.446000 Y81.080000 Z-0.125000
G00 Z5.000000

(End cutting path id: path2)


(Start cutting path id: path2)
(Change tool to Default tool)

G00 Z5.000000
G00 X118.989000 Y92.295900

G01 Z-0.125000 F100.0(Penetrate)
G01 X131.897000 Y105.204300 Z-0.125000 F400.000000
G01 X132.119000 Y105.326400 Z-0.125000
G01 X132.272000 Y105.261000 Z-0.125000
G01 X132.306000 Y105.076400 Z-0.125000
G01 X132.170000 Y104.840600 Z-0.125000
G01 X119.749000 Y92.419800 Z-0.125000
G01 X119.650000 Y92.221500 Z-0.125000
G01 X119.766000 Y92.119300 Z-0.125000
G01 X120.261000 Y92.295900 Z-0.125000
G01 X132.427000 Y104.462200 Z-0.125000
G01 X132.644000 Y104.579400 Z-0.125000
G01 X132.787000 Y104.503400 Z-0.125000
G01 X132.810000 Y104.308100 Z-0.125000
G01 X132.669000 Y104.067600 Z-0.125000
G01 X120.779000 Y92.178100 Z-0.125000
G01 X120.685000 Y91.984100 Z-0.125000
G01 X120.811000 Y91.891300 Z-0.125000
G01 X121.319000 Y92.081700 Z-0.125000
G01 X132.892000 Y103.654900 Z-0.125000
G01 X133.104000 Y103.766900 Z-0.125000
G01 X133.235000 Y103.679500 Z-0.125000
G01 X133.247000 Y103.472800 Z-0.125000
G01 X133.101000 Y103.227100 Z-0.125000
G01 X121.880000 Y92.006000 Z-0.125000
G01 X121.792000 Y91.818800 Z-0.125000
G01 X121.932000 Y91.740700 Z-0.125000
G01 X122.462000 Y91.952500 Z-0.125000
G01 X133.297000 Y102.787000 Z-0.125000
G01 X133.500000 Y102.891300 Z-0.125000
G01 X133.614000 Y102.786800 Z-0.125000
G01 X133.609000 Y102.563000 Z-0.125000
G01 X133.455000 Y102.309500 Z-0.125000
G01 X123.068000 Y91.922700 Z-0.125000
G01 X122.988000 Y91.743200 Z-0.125000
G01 X123.146000 Y91.682200 Z-0.125000
G01 X123.701000 Y91.918900 Z-0.125000
G01 X133.547000 Y101.765000 Z-0.125000
G01 X133.731000 Y101.849300 Z-0.125000
G01 X133.801000 Y101.700900 Z-0.125000
G01 X133.578000 Y101.159700 Z-0.125000
G01 X124.362000 Y91.944100 Z-0.125000
G01 X124.292000 Y91.774300 Z-0.125000
G01 X124.471000 Y91.734800 Z-0.125000
G01 X125.057000 Y92.002500 Z-0.125000
G01 X133.587000 Y100.532500 Z-0.125000
G01 X133.766000 Y100.612000 Z-0.125000
G01 X133.825000 Y100.453000 Z-0.125000
G01 X133.587000 Y99.896500 Z-0.125000
G01 X125.790000 Y92.099500 Z-0.125000
G01 X125.735000 Y91.945400 Z-0.125000
G01 X125.949000 Y91.940400 Z-0.125000
G01 X126.585000 Y92.258400 Z-0.125000
G01 X133.578000 Y99.251800 Z-0.125000
G01 X133.751000 Y99.325800 Z-0.125000
G01 X133.799000 Y99.154600 Z-0.125000
G01 X133.543000 Y98.580400 Z-0.125000
G01 X127.441000 Y92.478300 Z-0.125000
G01 X127.414000 Y92.352500 Z-0.125000
G01 X127.690000 Y92.409600 Z-0.125000
G01 X128.417000 Y92.818100 Z-0.125000
G01 X133.427000 Y97.828600 Z-0.125000
G01 X133.536000 Y97.838400 Z-0.125000
G01 X133.443000 Y97.526000 Z-0.125000
G01 X132.981000 Y96.746200 Z-0.125000
G01 X129.233000 Y92.998300 Z-0.125000
G00 Z5.000000

(End cutting path id: path2)


(Start cutting path id: path2)
(Change tool to Default tool)

G00 Z5.000000
G00 X131.241000 Y94.372700

G01 Z-0.125000 F100.0(Penetrate)
G01 X131.835000 Y94.966700 Z-0.125000 F400.000000
G00 Z5.000000

(End cutting path id: path2)


(Start cutting path id: path2)
(Change tool to Default tool)

G00 Z5.000000
G00 X126.154000 Y115.364900

G01 Z-0.125000 F100.0(Penetrate)
G01 X127.684000 Y116.895200 Z-0.125000 F400.000000
G00 Z5.000000

(End cutting path id: path2)


(Start cutting path id: path2)
(Change tool to Default tool)

G00 Z5.000000
G00 X122.451000 Y114.841300

G01 Z-0.125000 F100.0(Penetrate)
G01 X130.455000 Y122.845300 Z-0.125000 F400.000000
G01 X130.691000 Y122.981400 Z-0.125000
G01 X130.875000 Y122.947000 Z-0.125000
G01 X130.940000 Y122.793400 Z-0.125000
G01 X130.818000 Y122.571800 Z-0.125000
G01 X123.231000 Y114.984600 Z-0.125000
G01 X123.143000 Y114.797300 Z-0.125000
G01 X123.284000 Y114.719400 Z-0.125000
G01 X123.814000 Y114.931300 Z-0.125000
G01 X131.158000 Y122.275900 Z-0.125000
G01 X131.385000 Y122.403800 Z-0.125000
G01 X131.552000 Y122.351300 Z-0.125000
G01 X131.598000 Y122.179500 Z-0.125000
G01 X131.468000 Y121.949600 Z-0.125000
G01 X124.520000 Y115.001300 Z-0.125000
G01 X124.468000 Y114.849800 Z-0.125000
G01 X124.687000 Y114.850400 Z-0.125000
G01 X125.331000 Y115.176600 Z-0.125000
G01 X131.738000 Y121.583200 Z-0.125000
G01 X131.949000 Y121.695100 Z-0.125000
G01 X132.080000 Y121.607200 Z-0.125000
G01 X132.091000 Y121.400100 Z-0.125000
G01 X131.945000 Y121.154100 Z-0.125000
G01 X129.127000 Y118.336400 Z-0.125000
G01 X129.121000 Y118.231000 Z-0.125000
G01 X129.442000 Y118.333000 Z-0.125000
G01 X130.233000 Y118.806700 Z-0.125000
G01 X132.047000 Y120.620700 Z-0.125000
G01 X132.210000 Y120.684300 Z-0.125000
G01 X132.235000 Y120.490300 Z-0.125000
G01 X131.946000 Y119.882800 Z-0.125000
G01 X131.073000 Y119.010100 Z-0.125000
G00 Z5.000000

(End cutting path id: path2)


(Start cutting path id: path2)
(Change tool to Default tool)

G00 Z5.000000
G00 X119.387000 Y113.048900

G01 Z-0.125000 F100.0(Penetrate)
G01 X129.784000 Y123.445700 Z-0.125000 F400.000000
G01 X130.012000 Y123.574900 Z-0.125000
G01 X130.181000 Y123.525100 Z-0.125000
G01 X130.231000 Y123.356100 Z-0.125000
G01 X130.101000 Y123.127400 Z-0.125000
G01 X113.476000 Y106.502000 Z-0.125000
G00 Z5.000000

(End cutting path id: path2)


(Start cutting path id: path2)
(Change tool to Default tool)

G00 Z5.000000
G00 X113.341000 Y106.447800

G01 Z-0.125000 F100.0(Penetrate)
G01 X116.201000 Y109.606000 Z-0.125000 F400.000000
G01 X124.558000 Y118.826700 Z-0.125000
G01 X125.742000 Y120.345900 Z-0.125000
G01 X125.963000 Y121.012200 Z-0.125000
G01 X125.799000 Y121.902600 Z-0.125000
G01 X125.341000 Y122.917400 Z-0.125000
G01 X124.637000 Y124.005300 Z-0.125000
G01 X123.732000 Y125.115400 Z-0.125000
G01 X121.501000 Y127.197900 Z-0.125000
G01 X120.266000 Y128.068100 Z-0.125000
G01 X119.014000 Y128.756300 Z-0.125000
G01 X117.907000 Y129.196400 Z-0.125000
G01 X117.468000 Y129.231400 Z-0.125000
G01 X117.032000 Y129.109700 Z-0.125000
G01 X115.953000 Y128.295500 Z-0.125000
G01 X114.237000 Y126.553400 Z-0.125000
G01 X111.598000 Y123.718400 Z-0.125000
G01 X112.190000 Y123.313800 Z-0.125000
G01 X114.080000 Y122.502100 Z-0.125000
G01 X115.321000 Y121.952300 Z-0.125000
G01 X115.029000 Y121.404600 Z-0.125000
G01 X113.615000 Y119.449000 Z-0.125000
G01 X111.679000 Y117.608600 Z-0.125000
G01 X109.637000 Y116.220500 Z-0.125000
G01 X108.706000 Y115.801400 Z-0.125000
G01 X107.904000 Y115.622000 Z-0.125000
G01 X106.941000 Y115.621000 Z-0.125000
G01 X106.236000 Y115.785200 Z-0.125000
G01 X105.703000 Y116.151900 Z-0.125000
G01 X105.255000 Y116.758200 Z-0.125000
G01 X105.055000 Y116.986700 Z-0.125000
G01 X104.871000 Y116.836400 Z-0.125000
G01 X103.338000 Y115.156100 Z-0.125000
G01 X100.811000 Y112.430300 Z-0.125000
G01 X100.613000 Y111.948200 Z-0.125000
G01 X100.746000 Y111.519500 Z-0.125000
G01 X100.984000 Y111.094800 Z-0.125000
G01 X101.218000 Y110.970100 Z-0.125000
G01 X101.854000 Y110.947600 Z-0.125000
G01 X102.959000 Y110.645700 Z-0.125000
G01 X105.956000 Y109.407100 Z-0.125000
G01 X107.688000 Y108.464500 Z-0.125000
G01 X109.376000 Y107.375200 Z-0.125000
G01 X110.772000 Y106.312500 Z-0.125000
G01 X111.627000 Y105.449500 Z-0.125000
G01 X111.930000 Y105.133300 Z-0.125000
G01 X112.143000 Y105.098200 Z-0.125000
G01 X113.341000 Y106.447800 Z-0.125000
G01 X113.341000 Y106.447800 Z-0.125000
G00 Z5.000000

(End cutting path id: path2)


(Start cutting path id: path2)
(Change tool to Default tool)

G00 Z5.000000
G00 X109.873000 Y117.063500

G01 Z-0.125000 F100.0(Penetrate)
G01 X111.048000 Y117.887400 Z-0.125000 F400.000000
G01 X112.314000 Y118.982500 Z-0.125000
G01 X113.432000 Y120.125400 Z-0.125000
G01 X114.164000 Y121.092400 Z-0.125000
G01 X114.503000 Y121.684800 Z-0.125000
G01 X112.817000 Y122.417200 Z-0.125000
G01 X110.989000 Y123.088900 Z-0.125000
G01 X108.249000 Y120.338300 Z-0.125000
G01 X106.007000 Y117.910200 Z-0.125000
G01 X105.790000 Y117.431700 Z-0.125000
G01 X105.882000 Y117.034400 Z-0.125000
G01 X106.401000 Y116.344300 Z-0.125000
G01 X107.249000 Y116.119200 Z-0.125000
G01 X108.412000 Y116.359000 Z-0.125000
G01 X109.873000 Y117.063500 Z-0.125000
G01 X109.873000 Y117.063500 Z-0.125000
G00 Z5.000000

(End cutting path id: path2)


(Start cutting path id: path2)
(Change tool to Default tool)

G00 Z5.000000
G00 X105.691000 Y117.164300

G01 Z-0.125000 F100.0(Penetrate)
G01 X105.495000 Y116.968400 Z-0.125000 F400.000000
G01 X105.489000 Y116.644500 Z-0.125000
G01 X105.610000 Y116.546800 Z-0.125000
G01 X105.750000 Y116.587200 Z-0.125000
G01 X105.765000 Y116.602300 Z-0.125000
G01 X106.023000 Y116.542100 Z-0.125000
G01 X106.044000 Y116.245700 Z-0.125000
G01 X106.039000 Y116.240400 Z-0.125000
G01 X106.125000 Y116.008400 Z-0.125000
G01 X106.437000 Y116.001900 Z-0.125000
G01 X106.437000 Y116.001900 Z-0.125000
G01 X106.809000 Y116.055400 Z-0.125000
G01 X106.958000 Y115.986400 Z-0.125000
G01 X106.954000 Y115.883200 Z-0.125000
G01 X106.949000 Y115.877700 Z-0.125000
G01 X106.956000 Y115.785100 Z-0.125000
G01 X107.137000 Y115.746900 Z-0.125000
G01 X107.560000 Y115.852500 Z-0.125000
G01 X107.591000 Y115.882700 Z-0.125000
G01 X108.215000 Y116.189300 Z-0.125000
G01 X108.506000 Y116.260900 Z-0.125000
G01 X108.543000 Y116.199000 Z-0.125000
G01 X108.361000 Y116.017000 Z-0.125000
G01 X108.319000 Y115.875400 Z-0.125000
G01 X108.560000 Y115.897900 Z-0.125000
G01 X109.236000 Y116.255900 Z-0.125000
G01 X110.082000 Y117.101600 Z-0.125000
G00 Z5.000000

(End cutting path id: path2)


(Start cutting path id: path2)
(Change tool to Default tool)

G00 Z5.000000
G00 X111.078000 Y123.187200

G01 Z-0.125000 F100.0(Penetrate)
G01 X111.355000 Y123.463900 Z-0.125000 F400.000000
G01 X111.669000 Y123.460400 Z-0.125000
G01 X111.760000 Y123.332800 Z-0.125000
G01 X111.717000 Y123.189900 Z-0.125000
G01 X111.707000 Y123.180100 Z-0.125000
G01 X111.686000 Y123.059800 Z-0.125000
G01 X111.813000 Y122.968300 Z-0.125000
G01 X112.167000 Y123.003900 Z-0.125000
G01 X112.169000 Y123.005800 Z-0.125000
G01 X112.514000 Y123.033300 Z-0.125000
G01 X112.638000 Y122.938100 Z-0.125000
G01 X112.616000 Y122.817300 Z-0.125000
G01 X112.615000 Y122.816400 Z-0.125000
G01 X112.595000 Y122.696300 Z-0.125000
G01 X112.718000 Y122.601200 Z-0.125000
G01 X113.063000 Y122.627500 Z-0.125000
G01 X113.063000 Y122.627800 Z-0.125000
G01 X113.405000 Y122.651700 Z-0.125000
G01 X113.527000 Y122.555200 Z-0.125000
G01 X113.506000 Y122.434700 Z-0.125000
G01 X113.506000 Y122.434300 Z-0.125000
G01 X113.485000 Y122.314100 Z-0.125000
G01 X113.607000 Y122.217900 Z-0.125000
G01 X113.949000 Y122.241700 Z-0.125000
G01 X113.950000 Y122.243000 Z-0.125000
G01 X114.289000 Y122.264200 Z-0.125000
G01 X114.411000 Y122.167300 Z-0.125000
G01 X114.391000 Y122.047700 Z-0.125000
G01 X114.391000 Y122.047700 Z-0.125000
G01 X114.458000 Y121.796300 Z-0.125000
G01 X114.762000 Y121.782600 Z-0.125000
G01 X114.797000 Y121.817500 Z-0.125000
G01 X114.909000 Y121.830200 Z-0.125000
G01 X114.940000 Y121.642800 Z-0.125000
G01 X114.776000 Y121.160700 Z-0.125000
G01 X110.222000 Y116.606900 Z-0.125000
G00 Z5.000000

(End cutting path id: path2)


(Start cutting path id: path2)
(Change tool to Default tool)

G00 Z5.000000
G00 X100.499000 Y111.971300

G01 Z-0.125000 F100.0(Penetrate)
G01 X100.301000 Y111.773600 Z-0.125000 F400.000000
G01 X100.300000 Y111.455000 Z-0.125000
G01 X100.517000 Y111.353700 Z-0.125000
G01 X100.626000 Y111.462400 Z-0.125000
G00 Z5.000000

(End cutting path id: path2)


(Start cutting path id: path2)
(Change tool to Default tool)

G00 Z5.000000
G00 X95.136100 Y109.801400

G01 Z-0.125000 F100.0(Penetrate)
G01 X97.519100 Y110.552800 Z-0.125000 F400.000000
G01 X99.663300 Y110.885600 Z-0.125000
G01 X100.116000 Y110.950600 Z-0.125000
G01 X100.305000 Y111.102300 Z-0.125000
G01 X99.592400 Y112.388800 Z-0.125000
G01 X98.822100 Y113.382900 Z-0.125000
G01 X97.877000 Y114.334800 Z-0.125000
G01 X95.644200 Y116.000400 Z-0.125000
G01 X93.257600 Y117.163100 Z-0.125000
G01 X92.120200 Y117.486200 Z-0.125000
G01 X91.080800 Y117.600100 Z-0.125000
G01 X90.261400 Y117.521100 Z-0.125000
G01 X89.630500 Y117.277300 Z-0.125000
G01 X89.171800 Y116.858900 Z-0.125000
G01 X88.868800 Y116.255700 Z-0.125000
G01 X88.753700 Y115.190200 Z-0.125000
G01 X89.090600 Y114.014600 Z-0.125000
G01 X89.892500 Y112.700400 Z-0.125000
G01 X91.172500 Y111.218800 Z-0.125000
G01 X92.646800 Y109.980100 Z-0.125000
G01 X93.036800 Y109.686200 Z-0.125000
G01 X93.199000 Y109.380500 Z-0.125000
G01 X93.248600 Y109.187900 Z-0.125000
G01 X93.492800 Y109.173100 Z-0.125000
G01 X95.136100 Y109.801400 Z-0.125000
G01 X95.136100 Y109.801400 Z-0.125000
G00 Z5.000000

(End cutting path id: path2)


(Start cutting path id: path2)
(Change tool to Default tool)

G00 Z5.000000
G00 X90.289300 Y117.664800

G01 Z-0.125000 F100.0(Penetrate)
G01 X90.459300 Y117.834900 Z-0.125000 F400.000000
G01 X90.950800 Y118.008400 Z-0.125000
G01 X91.135000 Y117.973900 Z-0.125000
G01 X91.114400 Y117.853800 Z-0.125000
G01 X91.088700 Y117.828100 Z-0.125000
G01 X91.086300 Y117.726400 Z-0.125000
G01 X91.274800 Y117.696200 Z-0.125000
G01 X91.737500 Y117.840900 Z-0.125000
G01 X91.737500 Y117.840900 Z-0.125000
G01 X92.169500 Y117.954800 Z-0.125000
G01 X92.336800 Y117.903400 Z-0.125000
G01 X92.324800 Y117.792100 Z-0.125000
G01 X92.305700 Y117.772900 Z-0.125000
G01 X92.267500 Y117.635400 Z-0.125000
G01 X92.404100 Y117.553300 Z-0.125000
G01 X92.817300 Y117.648500 Z-0.125000
G01 X93.050400 Y117.881600 Z-0.125000
G00 Z5.000000

(End cutting path id: path2)


(Start cutting path id: path2)
(Change tool to Default tool)

G00 Z5.000000
G00 X89.868500 Y117.880200

G01 Z-0.125000 F100.0(Penetrate)
G01 X88.580500 Y116.592300 Z-0.125000 F400.000000
G01 X88.369000 Y116.062700 Z-0.125000
G01 X88.385500 Y115.860600 Z-0.125000
G01 X88.503000 Y115.878600 Z-0.125000
G01 X88.537300 Y115.912900 Z-0.125000
G01 X88.635100 Y115.911300 Z-0.125000
G01 X88.656400 Y115.714000 Z-0.125000
G01 X88.498700 Y115.238200 Z-0.125000
G01 X88.465100 Y115.204700 Z-0.125000
G01 X88.418800 Y114.840300 Z-0.125000
G01 X88.582200 Y114.685700 Z-0.125000
G01 X88.589500 Y114.693000 Z-0.125000
G01 X88.759100 Y114.544500 Z-0.125000
G01 X88.733500 Y114.200800 Z-0.125000
G01 X88.733500 Y114.200800 Z-0.125000
G01 X88.729800 Y113.879100 Z-0.125000
G01 X88.921400 Y113.752600 Z-0.125000
G01 X88.923200 Y113.754400 Z-0.125000
G01 X89.133400 Y113.646500 Z-0.125000
G01 X89.144600 Y113.339700 Z-0.125000
G01 X89.140900 Y113.336000 Z-0.125000
G01 X89.153500 Y113.030600 Z-0.125000
G01 X89.372500 Y112.931500 Z-0.125000
G01 X89.378600 Y112.937600 Z-0.125000
G01 X89.618800 Y112.859800 Z-0.125000
G01 X89.640400 Y112.563300 Z-0.125000
G01 X89.633800 Y112.556700 Z-0.125000
G01 X89.650100 Y112.254900 Z-0.125000
G01 X89.898100 Y112.184900 Z-0.125000
G01 X89.904100 Y112.190900 Z-0.125000
G01 X90.170000 Y112.138700 Z-0.125000
G01 X90.192100 Y111.842900 Z-0.125000
G01 X90.186800 Y111.837600 Z-0.125000
G01 X90.204600 Y111.537200 Z-0.125000
G01 X90.476800 Y111.491400 Z-0.125000
G01 X90.480700 Y111.495300 Z-0.125000
G01 X90.764700 Y111.461300 Z-0.125000
G01 X90.786500 Y111.165000 Z-0.125000
G01 X90.784600 Y111.163100 Z-0.125000
G01 X90.805000 Y110.865400 Z-0.125000
G01 X91.091400 Y110.833800 Z-0.125000
G01 X91.095400 Y110.837800 Z-0.125000
G01 X91.395100 Y110.819400 Z-0.125000
G01 X91.420500 Y110.526900 Z-0.125000
G01 X91.409900 Y110.516200 Z-0.125000
G01 X91.410600 Y110.198900 Z-0.125000
G01 X91.549700 Y110.119300 Z-0.125000
G01 X91.706900 Y110.177100 Z-0.125000
G01 X91.727000 Y110.197200 Z-0.125000
G01 X91.908300 Y110.279100 Z-0.125000
G01 X92.072400 Y110.224500 Z-0.125000
G01 X92.152500 Y110.086000 Z-0.125000
G01 X92.082100 Y109.916200 Z-0.125000
G01 X91.465600 Y109.299700 Z-0.125000
G01 X91.453900 Y109.188700 Z-0.125000
G01 X91.728700 Y109.244800 Z-0.125000
G01 X92.421100 Y109.619100 Z-0.125000
G01 X92.502100 Y109.700100 Z-0.125000
G01 X92.809000 Y109.689000 Z-0.125000
G01 X92.894800 Y109.556100 Z-0.125000
G01 X92.848800 Y109.410700 Z-0.125000
G01 X92.848800 Y109.410700 Z-0.125000
G01 X92.827400 Y108.753300 Z-0.125000
G01 X92.938000 Y108.426500 Z-0.125000
G01 X93.073300 Y108.363000 Z-0.125000
G01 X93.743400 Y109.033100 Z-0.125000
G01 X93.793900 Y109.183000 Z-0.125000
G01 X93.571100 Y109.178900 Z-0.125000
G01 X92.921700 Y108.847500 Z-0.125000
G01 X92.266600 Y108.192300 Z-0.125000
G00 Z5.000000

(End cutting path id: path2)


(Start cutting path id: path2)
(Change tool to Default tool)

G00 Z5.000000
G00 X94.960700 Y120.428000

G01 Z-0.125000 F100.0(Penetrate)
G01 X95.479100 Y120.946300 Z-0.125000 F400.000000
G00 Z5.000000

(End cutting path id: path2)


(Start cutting path id: path2)
(Change tool to Default tool)

G00 Z5.000000
G00 X97.257300 Y122.088500

G01 Z-0.125000 F100.0(Penetrate)
G01 X93.769300 Y118.600400 Z-0.125000 F400.000000
G00 Z5.000000

(End cutting path id: path2)


(Start cutting path id: path2)
(Change tool to Default tool)

G00 Z5.000000
G00 X98.642900 Y122.838000

G01 Z-0.125000 F100.0(Penetrate)
G01 X93.384200 Y117.579300 Z-0.125000 F400.000000
G01 X93.278200 Y117.373900 Z-0.125000
G01 X93.379100 Y117.256100 Z-0.125000
G01 X93.599100 Y117.257500 Z-0.125000
G01 X93.851000 Y117.409900 Z-0.125000
G01 X99.399200 Y122.958100 Z-0.125000
G01 X100.030000 Y123.270500 Z-0.125000
G01 X100.239000 Y123.261600 Z-0.125000
G01 X100.183000 Y123.105800 Z-0.125000
G01 X94.298800 Y117.221600 Z-0.125000
G01 X94.187900 Y117.011300 Z-0.125000
G01 X94.277800 Y116.882600 Z-0.125000
G01 X94.487000 Y116.873100 Z-0.125000
G01 X94.733900 Y117.020600 Z-0.125000
G01 X100.951000 Y123.237800 Z-0.125000
G01 X101.534000 Y123.502900 Z-0.125000
G01 X101.711000 Y123.461500 Z-0.125000
G01 X101.640000 Y123.290900 Z-0.125000
G01 X95.155000 Y116.805600 Z-0.125000
G01 X95.040100 Y116.591400 Z-0.125000
G01 X95.121500 Y116.454100 Z-0.125000
G01 X95.322200 Y116.436100 Z-0.125000
G01 X95.565200 Y116.579700 Z-0.125000
G01 X102.283000 Y123.297600 Z-0.125000
G01 X102.824000 Y123.520700 Z-0.125000
G01 X102.973000 Y123.450400 Z-0.125000
G01 X102.888000 Y123.266700 Z-0.125000
G01 X95.965300 Y116.343700 Z-0.125000
G01 X95.846800 Y116.125800 Z-0.125000
G01 X95.920000 Y115.980400 Z-0.125000
G01 X96.112500 Y115.954200 Z-0.125000
G01 X96.351800 Y116.094100 Z-0.125000
G01 X103.454000 Y123.196700 Z-0.125000
G01 X103.962000 Y123.385800 Z-0.125000
G01 X104.087000 Y123.292200 Z-0.125000
G01 X103.992000 Y123.097900 Z-0.125000
G01 X96.733000 Y115.839300 Z-0.125000
G01 X96.612000 Y115.618800 Z-0.125000
G01 X96.679600 Y115.467800 Z-0.125000
G01 X96.866500 Y115.436000 Z-0.125000
G01 X97.103300 Y115.573400 Z-0.125000
G01 X104.502000 Y122.972300 Z-0.125000
G01 X104.983000 Y123.135400 Z-0.125000
G01 X105.090000 Y123.023900 Z-0.125000
G01 X104.987000 Y122.821400 Z-0.125000
G01 X97.463100 Y115.297100 Z-0.125000
G01 X97.338900 Y115.073500 Z-0.125000
G01 X97.399600 Y114.915600 Z-0.125000
G01 X97.579600 Y114.877000 Z-0.125000
G01 X97.813300 Y115.011200 Z-0.125000
G01 X105.448000 Y122.646000 Z-0.125000
G01 X105.695000 Y122.793600 Z-0.125000
G01 X105.905000 Y122.784500 Z-0.125000
G01 X105.995000 Y122.656200 Z-0.125000
G01 X105.884000 Y122.446000 Z-0.125000
G01 X98.154000 Y114.715900 Z-0.125000
G01 X98.026700 Y114.489200 Z-0.125000
G01 X98.080600 Y114.324400 Z-0.125000
G01 X98.253700 Y114.278900 Z-0.125000
G01 X98.484200 Y114.410000 Z-0.125000
G01 X106.296000 Y122.221400 Z-0.125000
G01 X106.535000 Y122.361200 Z-0.125000
G01 X106.727000 Y122.334900 Z-0.125000
G01 X106.800000 Y122.189300 Z-0.125000
G01 X106.682000 Y121.971300 Z-0.125000
G01 X98.802700 Y114.092400 Z-0.125000
G01 X98.671900 Y113.862100 Z-0.125000
G01 X98.717900 Y113.689500 Z-0.125000
G01 X98.883100 Y113.636100 Z-0.125000
G01 X99.110100 Y113.763600 Z-0.125000
G01 X107.041000 Y121.694500 Z-0.125000
G01 X107.275000 Y121.829000 Z-0.125000
G01 X107.456000 Y121.791000 Z-0.125000
G01 X107.517000 Y121.633700 Z-0.125000
G01 X107.393000 Y121.410400 Z-0.125000
G01 X99.404200 Y113.421700 Z-0.125000
G01 X99.268900 Y113.187000 Z-0.125000
G01 X99.305200 Y113.004600 Z-0.125000
G01 X99.460700 Y112.941400 Z-0.125000
G01 X99.683200 Y113.064500 Z-0.125000
G01 X107.770000 Y121.151500 Z-0.125000
G01 X107.970000 Y121.153000 Z-0.125000
G01 X108.077000 Y120.822300 Z-0.125000
G01 X108.064000 Y120.372400 Z-0.125000
G01 X107.907000 Y120.016100 Z-0.125000
G01 X100.194000 Y112.303600 Z-0.125000
G01 X99.976800 Y112.185400 Z-0.125000
G01 X99.832000 Y112.259200 Z-0.125000
G01 X99.806500 Y112.452300 Z-0.125000
G01 X99.946700 Y112.691900 Z-0.125000
G01 X123.715000 Y136.459900 Z-0.125000
G01 X123.959000 Y136.604900 Z-0.125000
G01 X124.163000 Y136.590000 Z-0.125000
G01 X124.247000 Y136.455700 Z-0.125000
G01 X124.134000 Y136.242900 Z-0.125000
G01 X117.351000 Y129.459900 Z-0.125000
G01 X117.290000 Y129.299900 Z-0.125000
G01 X117.491000 Y129.281900 Z-0.125000
G01 X118.108000 Y129.581100 Z-0.125000
G01 X124.536000 Y136.009300 Z-0.125000
G01 X124.775000 Y136.149100 Z-0.125000
G01 X124.968000 Y136.122800 Z-0.125000
G01 X125.041000 Y135.977200 Z-0.125000
G01 X124.922000 Y135.759200 Z-0.125000
G01 X118.592000 Y129.428900 Z-0.125000
G01 X118.483000 Y129.220400 Z-0.125000
G01 X118.577000 Y129.095500 Z-0.125000
G01 X118.790000 Y129.089900 Z-0.125000
G01 X119.038000 Y129.239100 Z-0.125000
G01 X125.292000 Y135.492700 Z-0.125000
G01 X125.526000 Y135.627400 Z-0.125000
G01 X125.707000 Y135.589700 Z-0.125000
G01 X125.769000 Y135.432800 Z-0.125000
G01 X125.645000 Y135.209700 Z-0.125000
G01 X119.471000 Y129.035600 Z-0.125000
G01 X119.358000 Y128.822900 Z-0.125000
G01 X119.442000 Y128.689000 Z-0.125000
G01 X119.646000 Y128.674400 Z-0.125000
G01 X119.891000 Y128.819500 Z-0.125000
G01 X125.980000 Y134.908700 Z-0.125000
G01 X126.209000 Y135.038000 Z-0.125000
G01 X126.378000 Y134.988400 Z-0.125000
G01 X126.428000 Y134.819600 Z-0.125000
G01 X126.298000 Y134.591000 Z-0.125000
G01 X120.296000 Y128.588800 Z-0.125000
G01 X120.179000 Y128.371800 Z-0.125000
G01 X120.254000 Y128.228400 Z-0.125000
G01 X120.448000 Y128.204200 Z-0.125000
G01 X120.689000 Y128.345100 Z-0.125000
G01 X126.600000 Y134.256300 Z-0.125000
G01 X126.823000 Y134.380200 Z-0.125000
G01 X126.980000 Y134.318700 Z-0.125000
G01 X127.018000 Y134.138000 Z-0.125000
G01 X126.884000 Y133.904100 Z-0.125000
G01 X121.070000 Y128.090600 Z-0.125000
G01 X120.949000 Y127.870400 Z-0.125000
G01 X121.018000 Y127.719900 Z-0.125000
G01 X121.205000 Y127.688700 Z-0.125000
G01 X121.442000 Y127.826300 Z-0.125000
G01 X127.150000 Y133.534000 Z-0.125000
G01 X127.367000 Y133.652200 Z-0.125000
G01 X127.512000 Y133.578200 Z-0.125000
G01 X127.537000 Y133.385000 Z-0.125000
G01 X127.397000 Y133.145400 Z-0.125000
G01 X121.805000 Y127.552800 Z-0.125000
G01 X121.681000 Y127.329700 Z-0.125000
G01 X121.743000 Y127.172800 Z-0.125000
G01 X121.924000 Y127.135200 Z-0.125000
G01 X122.158000 Y127.269900 Z-0.125000
G01 X127.625000 Y132.737500 Z-0.125000
G01 X127.838000 Y132.850200 Z-0.125000
G01 X127.970000 Y132.764400 Z-0.125000
G01 X127.984000 Y132.559300 Z-0.125000
G01 X127.838000 Y132.314200 Z-0.125000
G01 X122.502000 Y126.978400 Z-0.125000
G01 X122.376000 Y126.752700 Z-0.125000
G01 X122.432000 Y126.590100 Z-0.125000
G01 X122.608000 Y126.546800 Z-0.125000
G01 X122.839000 Y126.678900 Z-0.125000
G01 X128.040000 Y131.879400 Z-0.125000
G01 X128.247000 Y131.987200 Z-0.125000
G01 X128.368000 Y131.890200 Z-0.125000
G01 X128.371000 Y131.674000 Z-0.125000
G01 X128.220000 Y131.423900 Z-0.125000
G01 X123.168000 Y126.371500 Z-0.125000
G01 X123.039000 Y126.143300 Z-0.125000
G01 X123.090000 Y125.975300 Z-0.125000
G01 X123.260000 Y125.926600 Z-0.125000
G01 X123.489000 Y126.056200 Z-0.125000
G01 X128.355000 Y130.922600 Z-0.125000
G01 X128.546000 Y131.014500 Z-0.125000
G01 X128.633000 Y130.882800 Z-0.125000
G01 X128.434000 Y130.365900 Z-0.125000
G01 X123.801000 Y125.733000 Z-0.125000
G01 X123.670000 Y125.502200 Z-0.125000
G01 X123.715000 Y125.328300 Z-0.125000
G01 X123.879000 Y125.273800 Z-0.125000
G01 X124.105000 Y125.400700 Z-0.125000
G01 X128.487000 Y129.782600 Z-0.125000
G01 X128.672000 Y129.868200 Z-0.125000
G01 X128.745000 Y129.722700 Z-0.125000
G01 X128.526000 Y129.185700 Z-0.125000
G01 X124.400000 Y125.059600 Z-0.125000
G01 X124.266000 Y124.825900 Z-0.125000
G01 X124.305000 Y124.645900 Z-0.125000
G01 X124.463000 Y124.585100 Z-0.125000
G01 X124.686000 Y124.709300 Z-0.125000
G01 X128.559000 Y128.582300 Z-0.125000
G01 X128.743000 Y128.667200 Z-0.125000
G01 X128.815000 Y128.520000 Z-0.125000
G01 X128.593000 Y127.980600 Z-0.125000
G01 X124.962000 Y124.349200 Z-0.125000
G01 X124.824000 Y124.112100 Z-0.125000
G01 X124.855000 Y123.924400 Z-0.125000
G01 X125.006000 Y123.856000 Z-0.125000
G01 X125.226000 Y123.976700 Z-0.125000
G01 X128.635000 Y127.385800 Z-0.125000
G01 X128.822000 Y127.473400 Z-0.125000
G01 X128.899000 Y127.332300 Z-0.125000
G01 X128.687000 Y126.801700 Z-0.125000
G01 X125.476000 Y123.591100 Z-0.125000
G01 X125.334000 Y123.349600 Z-0.125000
G01 X125.355000 Y123.152200 Z-0.125000
G01 X125.496000 Y123.074000 Z-0.125000
G01 X125.712000 Y123.190300 Z-0.125000
G01 X128.753000 Y126.231700 Z-0.125000
G01 X128.946000 Y126.325000 Z-0.125000
G01 X129.036000 Y126.196400 Z-0.125000
G01 X128.841000 Y125.683900 Z-0.125000
G01 X125.926000 Y122.768400 Z-0.125000
G01 X125.776000 Y122.519400 Z-0.125000
G01 X125.781000 Y122.305500 Z-0.125000
G01 X125.905000 Y122.210900 Z-0.125000
G01 X126.113000 Y122.319700 Z-0.125000
G01 X128.954000 Y125.160200 Z-0.125000
G01 X129.155000 Y125.261800 Z-0.125000
G01 X129.263000 Y125.151500 Z-0.125000
G01 X129.095000 Y124.665800 Z-0.125000
G01 X126.260000 Y121.830400 Z-0.125000
G01 X126.059000 Y121.311300 Z-0.125000
G01 X126.144000 Y121.178100 Z-0.125000
G01 X126.335000 Y121.269400 Z-0.125000
G01 X129.282000 Y124.216400 Z-0.125000
G01 X129.497000 Y124.331400 Z-0.125000
G01 X129.634000 Y124.250500 Z-0.125000
G01 X129.653000 Y124.050300 Z-0.125000
G01 X129.509000 Y123.807400 Z-0.125000
G01 X125.107000 Y119.405000 Z-0.125000
G00 Z5.000000

(End cutting path id: path2)


(Start cutting path id: path2)
(Change tool to Default tool)

G00 Z5.000000
G00 X113.932000 Y136.219100

G01 Z-0.125000 F100.0(Penetrate)
G01 X112.513000 Y134.799500 Z-0.125000 F400.000000
G01 X112.030000 Y133.999100 Z-0.125000
G01 X111.922000 Y133.672400 Z-0.125000
G01 X112.025000 Y133.675800 Z-0.125000
G01 X114.982000 Y136.633000 Z-0.125000
G01 X115.746000 Y137.078600 Z-0.125000
G01 X116.047000 Y137.161300 Z-0.125000
G01 X116.033000 Y137.047100 Z-0.125000
G01 X111.690000 Y132.705000 Z-0.125000
G01 X111.364000 Y132.060200 Z-0.125000
G01 X111.363000 Y131.840500 Z-0.125000
G01 X111.514000 Y131.892400 Z-0.125000
G01 X116.951000 Y137.329700 Z-0.125000
G01 X117.560000 Y137.620700 Z-0.125000
G01 X117.755000 Y137.597200 Z-0.125000
G01 X117.692000 Y137.434700 Z-0.125000
G01 X111.454000 Y131.196100 Z-0.125000
G01 X111.221000 Y130.645200 Z-0.125000
G01 X111.284000 Y130.490100 Z-0.125000
G01 X111.465000 Y130.571400 Z-0.125000
G01 X118.427000 Y137.533300 Z-0.125000
G01 X118.983000 Y137.771300 Z-0.125000
G01 X119.142000 Y137.711300 Z-0.125000
G01 X119.062000 Y137.532200 Z-0.125000
G01 X111.524000 Y129.993800 Z-0.125000
G01 X111.336000 Y129.488500 Z-0.125000
G01 X111.431000 Y129.364700 Z-0.125000
G01 X111.626000 Y129.460300 Z-0.125000
G01 X119.685000 Y137.518700 Z-0.125000
G01 X120.216000 Y137.732300 Z-0.125000
G01 X120.358000 Y137.655600 Z-0.125000
G01 X120.271000 Y137.468900 Z-0.125000
G01 X111.763000 Y128.961000 Z-0.125000
G01 X111.610000 Y128.708200 Z-0.125000
G01 X111.606000 Y128.486100 Z-0.125000
G01 X111.722000 Y128.383300 Z-0.125000
G01 X111.927000 Y128.488400 Z-0.125000
G01 X120.829000 Y137.391100 Z-0.125000
G01 X121.333000 Y137.576600 Z-0.125000
G01 X121.456000 Y137.480600 Z-0.125000
G01 X121.359000 Y137.285100 Z-0.125000
G01 X112.114000 Y128.039400 Z-0.125000
G01 X111.967000 Y127.793500 Z-0.125000
G01 X111.979000 Y127.586500 Z-0.125000
G01 X112.110000 Y127.498800 Z-0.125000
G01 X112.321000 Y127.610800 Z-0.125000
G01 X121.866000 Y137.156000 Z-0.125000
G01 X122.349000 Y137.320800 Z-0.125000
G01 X122.458000 Y137.210500 Z-0.125000
G01 X122.355000 Y137.008600 Z-0.125000
G01 X112.546000 Y127.199800 Z-0.125000
G01 X112.405000 Y126.959400 Z-0.125000
G01 X112.429000 Y126.764500 Z-0.125000
G01 X112.572000 Y126.688900 Z-0.125000
G01 X112.789000 Y126.806300 Z-0.125000
G01 X122.826000 Y136.843100 Z-0.125000
G01 X123.075000 Y136.993400 Z-0.125000
G01 X123.291000 Y136.990200 Z-0.125000
G01 X123.387000 Y136.867600 Z-0.125000
G01 X123.279000 Y136.660100 Z-0.125000
G01 X112.800000 Y126.181800 Z-0.125000
G00 Z5.000000

(End cutting path id: path2)


(Start cutting path id: path2)
(Change tool to Default tool)

G00 Z5.000000
G00 X78.387900 Y101.310700

G01 Z-0.125000 F100.0(Penetrate)
G01 X78.553500 Y101.476400 Z-0.125000 F400.000000
G01 X79.035300 Y101.640100 Z-0.125000
G01 X79.223600 Y101.609800 Z-0.125000
G01 X79.212300 Y101.499000 Z-0.125000
G01 X79.203900 Y101.490600 Z-0.125000
G01 X79.191400 Y101.378700 Z-0.125000
G01 X79.365400 Y101.334100 Z-0.125000
G01 X79.815000 Y101.465600 Z-0.125000
G01 X79.817000 Y101.467600 Z-0.125000
G01 X80.226900 Y101.559500 Z-0.125000
G01 X80.375600 Y101.489600 Z-0.125000
G01 X80.352800 Y101.367400 Z-0.125000
G01 X80.340800 Y101.355300 Z-0.125000
G01 X80.324100 Y101.239300 Z-0.125000
G01 X80.469400 Y101.165900 Z-0.125000
G01 X80.857900 Y101.236400 Z-0.125000
G01 X80.857900 Y101.236400 Z-0.125000
G01 X81.231900 Y101.292300 Z-0.125000
G01 X81.367300 Y101.209000 Z-0.125000
G01 X81.346100 Y101.088400 Z-0.125000
G01 X81.334900 Y101.077300 Z-0.125000
G01 X81.297000 Y100.940000 Z-0.125000
G01 X81.411100 Y100.835400 Z-0.125000
G01 X81.769300 Y100.875600 Z-0.125000
G01 X89.113200 Y108.219500 Z-0.125000
G00 Z5.000000

(End cutting path id: path2)


(Start cutting path id: path2)
(Change tool to Default tool)

G00 Z5.000000
G00 X77.801000 Y100.723900

G01 Z-0.125000 F100.0(Penetrate)
G01 X75.163800 Y98.086700 Z-0.125000 F400.000000
G01 X75.056400 Y97.879900 Z-0.125000
G01 X75.154000 Y97.758800 Z-0.125000
G01 X75.370900 Y97.757100 Z-0.125000
G01 X75.621300 Y97.908100 Z-0.125000
G01 X77.698900 Y99.985600 Z-0.125000
G01 X77.904500 Y100.091900 Z-0.125000
G01 X78.023000 Y99.991700 Z-0.125000
G01 X78.022200 Y99.772300 Z-0.125000
G01 X77.870100 Y99.520700 Z-0.125000
G01 X76.052900 Y97.703600 Z-0.125000
G01 X75.942200 Y97.493500 Z-0.125000
G01 X76.032700 Y97.365300 Z-0.125000
G01 X76.242500 Y97.356400 Z-0.125000
G01 X76.489600 Y97.504200 Z-0.125000
G01 X78.004000 Y99.018500 Z-0.125000
G01 X78.195900 Y99.111100 Z-0.125000
G01 X78.284300 Y98.980800 Z-0.125000
G01 X78.087500 Y98.465900 Z-0.125000
G01 X76.962100 Y97.340600 Z-0.125000
G01 X76.870200 Y97.149300 Z-0.125000
G01 X77.001900 Y97.062300 Z-0.125000
G01 X77.518800 Y97.261200 Z-0.125000
G01 X78.331500 Y98.073800 Z-0.125000
G00 Z5.000000

(End cutting path id: path2)


(Start cutting path id: path2)
(Change tool to Default tool)

G00 Z5.000000
G00 X69.436800 Y105.081700

G01 Z-0.125000 F100.0(Penetrate)
G01 X70.969800 Y106.614700 Z-0.125000 F400.000000
G01 X71.589600 Y106.916500 Z-0.125000
G01 X71.792100 Y106.900300 Z-0.125000
G01 X71.732400 Y106.741200 Z-0.125000
G01 X69.523500 Y104.532300 Z-0.125000
G01 X69.316000 Y104.006800 Z-0.125000
G01 X69.397000 Y103.869100 Z-0.125000
G01 X69.585600 Y103.958300 Z-0.125000
G01 X72.337900 Y106.710600 Z-0.125000
G01 X72.840500 Y106.895100 Z-0.125000
G01 X72.962400 Y106.798400 Z-0.125000
G01 X72.866100 Y106.602600 Z-0.125000
G01 X69.745800 Y103.482400 Z-0.125000
G01 X69.600300 Y103.237500 Z-0.125000
G01 X69.614200 Y103.032700 Z-0.125000
G01 X69.747400 Y102.947300 Z-0.125000
G01 X69.959700 Y103.060200 Z-0.125000
G01 X73.339500 Y106.439900 Z-0.125000
G01 X73.586400 Y106.587500 Z-0.125000
G01 X73.795700 Y106.578200 Z-0.125000
G01 X73.885800 Y106.449600 Z-0.125000
G01 X73.775000 Y106.239300 Z-0.125000
G01 X70.205900 Y102.670300 Z-0.125000
G01 X70.069300 Y102.434200 Z-0.125000
G01 X70.102600 Y102.248900 Z-0.125000
G01 X70.255200 Y102.182900 Z-0.125000
G01 X70.476400 Y102.304600 Z-0.125000
G01 X74.174900 Y106.003200 Z-0.125000
G01 X74.409800 Y106.138700 Z-0.125000
G01 X74.592600 Y106.102800 Z-0.125000
G01 X74.656100 Y105.947700 Z-0.125000
G01 X74.533200 Y105.725300 Z-0.125000
G01 X70.765300 Y101.957500 Z-0.125000
G01 X70.633800 Y101.726600 Z-0.125000
G01 X70.678400 Y101.552500 Z-0.125000
G01 X70.842300 Y101.497700 Z-0.125000
G01 X71.068500 Y101.624600 Z-0.125000
G01 X74.849700 Y105.405800 Z-0.125000
G01 X75.072700 Y105.529400 Z-0.125000
G01 X75.229400 Y105.467500 Z-0.125000
G01 X75.266900 Y105.286200 Z-0.125000
G01 X75.132100 Y105.052000 Z-0.125000
G01 X71.382800 Y101.302800 Z-0.125000
G01 X71.254400 Y101.075000 Z-0.125000
G01 X71.305800 Y100.907700 Z-0.125000
G01 X71.476500 Y100.859700 Z-0.125000
G01 X71.705800 Y100.989700 Z-0.125000
G01 X75.390200 Y104.674100 Z-0.125000
G01 X75.606600 Y104.791100 Z-0.125000
G01 X75.748800 Y104.714600 Z-0.125000
G01 X75.771700 Y104.518800 Z-0.125000
G01 X75.630300 Y104.278000 Z-0.125000
G01 X72.035800 Y100.683600 Z-0.125000
G01 X71.909300 Y100.457700 Z-0.125000
G01 X71.965000 Y100.294700 Z-0.125000
G01 X72.140000 Y100.251000 Z-0.125000
G01 X72.371300 Y100.383000 Z-0.125000
G01 X75.856600 Y103.868300 Z-0.125000
G01 X76.070600 Y103.982900 Z-0.125000
G01 X76.207300 Y103.900900 Z-0.125000
G01 X76.224800 Y103.699800 Z-0.125000
G01 X76.080900 Y103.456500 Z-0.125000
G01 X72.713700 Y100.089200 Z-0.125000
G01 X72.588900 Y99.865100 Z-0.125000
G01 X72.648400 Y99.705900 Z-0.125000
G01 X72.827100 Y99.666000 Z-0.125000
G01 X73.060200 Y99.799600 Z-0.125000
G01 X76.291600 Y103.031000 Z-0.125000
G01 X76.503600 Y103.143700 Z-0.125000
G01 X76.636100 Y103.057500 Z-0.125000
G01 X76.649400 Y102.852100 Z-0.125000
G01 X76.503600 Y102.607000 Z-0.125000
G01 X73.409300 Y99.512600 Z-0.125000
G01 X73.285300 Y99.289300 Z-0.125000
G01 X73.346600 Y99.131900 Z-0.125000
G01 X73.527100 Y99.093800 Z-0.125000
G01 X73.761000 Y99.228200 Z-0.125000
G01 X76.712500 Y102.179800 Z-0.125000
G01 X76.924000 Y102.291900 Z-0.125000
G01 X77.055500 Y102.204700 Z-0.125000
G01 X77.067700 Y101.998200 Z-0.125000
G01 X76.921400 Y101.752600 Z-0.125000
G01 X74.112600 Y98.943800 Z-0.125000
G01 X73.989100 Y98.720900 Z-0.125000
G01 X74.051400 Y98.564500 Z-0.125000
G01 X74.233000 Y98.527400 Z-0.125000
G01 X74.467300 Y98.662400 Z-0.125000
G01 X77.135200 Y101.330200 Z-0.125000
G01 X77.694000 Y101.571000 Z-0.125000
G01 X77.854600 Y101.513000 Z-0.125000
G01 X77.775800 Y101.334700 Z-0.125000
G01 X74.360500 Y97.919400 Z-0.125000
G01 X74.225900 Y97.466800 Z-0.125000
G01 X74.250800 Y97.273000 Z-0.125000
G01 X74.341900 Y97.264700 Z-0.125000
G01 X74.349100 Y97.271900 Z-0.125000
G01 X74.435200 Y97.258600 Z-0.125000
G01 X74.459400 Y97.064200 Z-0.125000
G01 X74.333700 Y96.620400 Z-0.125000
G01 X74.333700 Y96.620400 Z-0.125000
G01 X74.241200 Y96.209900 Z-0.125000
G01 X74.288400 Y96.038400 Z-0.125000
G01 X74.385000 Y96.035600 Z-0.125000
G01 X74.393800 Y96.044400 Z-0.125000
G01 X74.500100 Y96.051400 Z-0.125000
G01 X74.565000 Y95.897600 Z-0.125000
G01 X74.494700 Y95.509200 Z-0.125000
G01 X74.494700 Y95.509200 Z-0.125000
G01 X74.449300 Y95.145800 Z-0.125000
G01 X74.531400 Y95.009200 Z-0.125000
G01 X74.645600 Y95.024000 Z-0.125000
G01 X74.648600 Y95.027000 Z-0.125000
G01 X74.770900 Y95.050000 Z-0.125000
G01 X74.866800 Y94.927100 Z-0.125000
G01 X74.837300 Y94.579600 Z-0.125000
G01 X74.835500 Y94.577800 Z-0.125000
G01 X74.821900 Y94.246100 Z-0.125000
G01 X74.926900 Y94.132500 Z-0.125000
G01 X75.052400 Y94.158600 Z-0.125000
G01 X75.056300 Y94.162500 Z-0.125000
G01 X75.181700 Y94.188500 Z-0.125000
G01 X75.292300 Y94.080400 Z-0.125000
G01 X75.292000 Y93.762100 Z-0.125000
G01 X75.287200 Y93.757300 Z-0.125000
G01 X75.304700 Y93.456800 Z-0.125000
G01 X75.548900 Y93.382900 Z-0.125000
G01 X75.553000 Y93.387000 Z-0.125000
G01 X75.796500 Y93.312400 Z-0.125000
G01 X75.821400 Y93.019300 Z-0.125000
G01 X75.817700 Y93.015600 Z-0.125000
G01 X75.856400 Y92.736300 Z-0.125000
G01 X76.106300 Y92.668100 Z-0.125000
G01 X76.108000 Y92.669800 Z-0.125000
G01 X76.359300 Y92.603100 Z-0.125000
G01 X76.402900 Y92.328600 Z-0.125000
G01 X76.402700 Y92.328400 Z-0.125000
G01 X76.452100 Y92.059700 Z-0.125000
G01 X76.708700 Y91.998300 Z-0.125000
G01 X76.708700 Y91.998300 Z-0.125000
G01 X76.970500 Y91.942000 Z-0.125000
G01 X77.025000 Y91.678500 Z-0.125000
G01 X77.022900 Y91.676400 Z-0.125000
G01 X77.074800 Y91.410300 Z-0.125000
G01 X77.338200 Y91.355600 Z-0.125000
G01 X77.344100 Y91.361500 Z-0.125000
G01 X77.623800 Y91.323200 Z-0.125000
G01 X77.680300 Y91.061600 Z-0.125000
G01 X77.669800 Y91.051100 Z-0.125000
G01 X77.705400 Y90.768600 Z-0.125000
G01 X77.985100 Y90.730300 Z-0.125000
G01 X78.000000 Y90.745200 Z-0.125000
G01 X78.314400 Y90.741500 Z-0.125000
G01 X78.402100 Y90.610500 Z-0.125000
G01 X78.354800 Y90.463800 Z-0.125000
G01 X78.178300 Y90.287400 Z-0.125000
G00 Z5.000000

(End cutting path id: path2)


(Start cutting path id: path2)
(Change tool to Default tool)

G00 Z5.000000
G00 X73.178600 Y85.288200

G01 Z-0.125000 F100.0(Penetrate)
G01 X70.114600 Y82.224200 Z-0.125000 F400.000000
G00 Z5.000000

(End cutting path id: path2)


(Start cutting path id: path2)
(Change tool to Default tool)

G00 Z5.000000
G00 X64.084700 Y77.345700

G01 Z-0.125000 F100.0(Penetrate)
G01 X84.218000 Y80.685900 Z-0.125000 F400.000000
G01 X84.362000 Y81.355200 Z-0.125000
G01 X84.415300 Y83.156500 Z-0.125000
G01 X84.415300 Y85.623800 Z-0.125000
G01 X83.921900 Y85.639000 Z-0.125000
G01 X78.646400 Y85.885800 Z-0.125000
G01 X73.864400 Y86.117200 Z-0.125000
G01 X73.092000 Y84.905300 Z-0.125000
G01 X72.137600 Y83.679400 Z-0.125000
G01 X71.001700 Y82.682500 Z-0.125000
G01 X69.717700 Y81.923700 Z-0.125000
G01 X68.319000 Y81.411700 Z-0.125000
G01 X66.839100 Y81.155500 Z-0.125000
G01 X65.311400 Y81.164100 Z-0.125000
G01 X63.769300 Y81.446300 Z-0.125000
G01 X62.246300 Y82.011100 Z-0.125000
G01 X61.145000 Y82.436600 Z-0.125000
G01 X61.180500 Y79.652900 Z-0.125000
G01 X61.309700 Y77.416800 Z-0.125000
G01 X61.419900 Y77.034000 Z-0.125000
G01 X61.591000 Y76.940600 Z-0.125000
G01 X64.084700 Y77.345700 Z-0.125000
G01 X64.084700 Y77.345700 Z-0.125000
G00 Z5.000000

(End cutting path id: path2)


(Start cutting path id: path2)
(Change tool to Default tool)

G00 Z5.000000
G00 X61.820300 Y73.292900

G01 Z-0.125000 F100.0(Penetrate)
G01 X65.850200 Y77.322800 Z-0.125000 F400.000000
G01 X66.472000 Y77.626600 Z-0.125000
G01 X66.675900 Y77.611800 Z-0.125000
G01 X66.616800 Y77.453300 Z-0.125000
G01 X62.830000 Y73.666500 Z-0.125000
G01 X62.771600 Y73.508800 Z-0.125000
G01 X62.977100 Y73.495600 Z-0.125000
G01 X63.601200 Y73.801600 Z-0.125000
G01 X67.383400 Y77.583800 Z-0.125000
G01 X68.004900 Y77.887300 Z-0.125000
G01 X68.208600 Y77.872300 Z-0.125000
G01 X68.149300 Y77.713600 Z-0.125000
G01 X64.372400 Y73.936700 Z-0.125000
G01 X64.314000 Y73.778900 Z-0.125000
G01 X64.519500 Y73.765700 Z-0.125000
G01 X65.143600 Y74.071800 Z-0.125000
G01 X68.913200 Y77.841400 Z-0.125000
G01 X69.533600 Y78.143800 Z-0.125000
G01 X69.736600 Y78.128000 Z-0.125000
G01 X69.677000 Y77.969100 Z-0.125000
G01 X65.914800 Y74.206900 Z-0.125000
G01 X65.856400 Y74.049100 Z-0.125000
G01 X66.061800 Y74.035900 Z-0.125000
G01 X66.686000 Y74.342000 Z-0.125000
G01 X70.440800 Y78.096800 Z-0.125000
G01 X71.061300 Y78.399200 Z-0.125000
G01 X71.264200 Y78.383500 Z-0.125000
G01 X71.204700 Y78.224600 Z-0.125000
G01 X67.457200 Y74.477100 Z-0.125000
G01 X67.398800 Y74.319300 Z-0.125000
G01 X67.604200 Y74.306100 Z-0.125000
G01 X68.228300 Y74.612200 Z-0.125000
G01 X71.968500 Y78.352300 Z-0.125000
G01 X72.588900 Y78.654700 Z-0.125000
G01 X72.791900 Y78.639000 Z-0.125000
G01 X72.732300 Y78.480000 Z-0.125000
G01 X68.999500 Y74.747200 Z-0.125000
G01 X68.941100 Y74.589400 Z-0.125000
G01 X69.146600 Y74.576200 Z-0.125000
G01 X69.770700 Y74.882300 Z-0.125000
G01 X73.496100 Y78.607700 Z-0.125000
G01 X74.116600 Y78.910100 Z-0.125000
G01 X74.319500 Y78.894400 Z-0.125000
G01 X74.260000 Y78.735500 Z-0.125000
G01 X70.541900 Y75.017400 Z-0.125000
G01 X70.483500 Y74.859600 Z-0.125000
G01 X70.689000 Y74.846400 Z-0.125000
G01 X71.313100 Y75.152500 Z-0.125000
G01 X75.022800 Y78.862200 Z-0.125000
G01 X75.642000 Y79.163300 Z-0.125000
G01 X75.844100 Y79.146700 Z-0.125000
G01 X75.784100 Y78.987400 Z-0.125000
G01 X72.084300 Y75.287600 Z-0.125000
G01 X72.025900 Y75.129800 Z-0.125000
G01 X72.231300 Y75.116600 Z-0.125000
G01 X72.855500 Y75.422700 Z-0.125000
G01 X76.545500 Y79.112700 Z-0.125000
G01 X77.164700 Y79.413800 Z-0.125000
G01 X77.366800 Y79.397200 Z-0.125000
G01 X77.306800 Y79.237900 Z-0.125000
G01 X73.626700 Y75.557800 Z-0.125000
G01 X73.568300 Y75.400000 Z-0.125000
G01 X73.773700 Y75.386800 Z-0.125000
G01 X74.397900 Y75.692800 Z-0.125000
G01 X78.068200 Y79.363100 Z-0.125000
G01 X78.687400 Y79.664300 Z-0.125000
G01 X78.889400 Y79.647700 Z-0.125000
G01 X78.829500 Y79.488400 Z-0.125000
G01 X75.169400 Y75.828300 Z-0.125000
G01 X75.111200 Y75.670600 Z-0.125000
G01 X75.316900 Y75.657700 Z-0.125000
G01 X75.941400 Y75.964200 Z-0.125000
G01 X79.590800 Y79.613600 Z-0.125000
G01 X80.210100 Y79.914800 Z-0.125000
G01 X80.412100 Y79.898200 Z-0.125000
G01 X80.352200 Y79.738900 Z-0.125000
G01 X76.713300 Y76.100000 Z-0.125000
G01 X76.655100 Y75.942300 Z-0.125000
G01 X76.860800 Y75.929400 Z-0.125000
G01 X77.485300 Y76.235900 Z-0.125000
G01 X81.113300 Y79.863800 Z-0.125000
G01 X81.730700 Y80.163200 Z-0.125000
G01 X81.931500 Y80.145400 Z-0.125000
G01 X81.871000 Y79.985500 Z-0.125000
G01 X78.257200 Y76.371700 Z-0.125000
G01 X78.199000 Y76.214000 Z-0.125000
G01 X78.404700 Y76.201100 Z-0.125000
G01 X79.029200 Y76.507600 Z-0.125000
G01 X82.628800 Y80.107200 Z-0.125000
G01 X83.244400 Y80.404700 Z-0.125000
G01 X83.444000 Y80.385700 Z-0.125000
G01 X83.382900 Y80.225200 Z-0.125000
G01 X79.801100 Y76.643400 Z-0.125000
G01 X79.743100 Y76.486000 Z-0.125000
G01 X79.949300 Y76.473500 Z-0.125000
G01 X80.574600 Y76.780700 Z-0.125000
G01 X84.720300 Y80.926400 Z-0.125000
G01 X84.947400 Y81.054200 Z-0.125000
G01 X85.113100 Y81.001200 Z-0.125000
G01 X85.159600 Y80.829000 Z-0.125000
G01 X85.028900 Y80.598900 Z-0.125000
G01 X81.348200 Y76.918300 Z-0.125000
G01 X81.290200 Y76.760900 Z-0.125000
G01 X81.496600 Y76.748600 Z-0.125000
G01 X82.121900 Y77.055900 Z-0.125000
G01 X85.927900 Y80.861900 Z-0.125000
G00 Z5.000000

(End cutting path id: path2)


(Start cutting path id: path2)
(Change tool to Default tool)

G00 Z5.000000
G00 X86.583700 Y81.083900

G01 Z-0.125000 F100.0(Penetrate)
G01 X86.754100 Y81.484100 Z-0.125000 F400.000000
G01 X86.736100 Y82.909700 Z-0.125000
G01 X86.781200 Y84.875300 Z-0.125000
G01 X87.375500 Y86.672600 Z-0.125000
G01 X87.358200 Y86.961000 Z-0.125000
G01 X86.662500 Y86.968700 Z-0.125000
G01 X86.162300 Y86.913300 Z-0.125000
G01 X85.854800 Y86.770900 Z-0.125000
G01 X85.359600 Y85.821100 Z-0.125000
G01 X85.021000 Y84.644800 Z-0.125000
G01 X84.917600 Y83.255100 Z-0.125000
G01 X85.059500 Y81.256900 Z-0.125000
G01 X85.313000 Y80.962700 Z-0.125000
G01 X85.751000 Y80.966100 Z-0.125000
G01 X86.583700 Y81.083900 Z-0.125000
G01 X86.583700 Y81.083900 Z-0.125000
G00 Z5.000000

(End cutting path id: path2)


(Start cutting path id: path2)
(Change tool to Default tool)

G00 Z5.000000
G00 X87.488800 Y85.603400

G01 Z-0.125000 F100.0(Penetrate)
G01 X87.138300 Y85.252900 Z-0.125000 F400.000000
G01 X86.904800 Y84.701400 Z-0.125000
G01 X86.917700 Y84.495600 Z-0.125000
G01 X87.041200 Y84.519800 Z-0.125000
G01 X87.071800 Y84.550400 Z-0.125000
G01 X87.176000 Y84.555200 Z-0.125000
G01 X87.189100 Y84.349600 Z-0.125000
G01 X86.997700 Y83.840100 Z-0.125000
G01 X86.986600 Y83.829000 Z-0.125000
G01 X86.852800 Y83.377200 Z-0.125000
G01 X86.895200 Y83.200900 Z-0.125000
G01 X87.005700 Y83.212000 Z-0.125000
G01 X87.007100 Y83.213400 Z-0.125000
G01 X87.116600 Y83.223600 Z-0.125000
G01 X87.158900 Y83.047200 Z-0.125000
G01 X87.026900 Y82.597100 Z-0.125000
G01 X87.026900 Y82.597100 Z-0.125000
G01 X86.883100 Y82.135300 Z-0.125000
G01 X86.917300 Y81.950800 Z-0.125000
G01 X87.023200 Y81.957300 Z-0.125000
G01 X87.051700 Y81.985900 Z-0.125000
G01 X87.198300 Y82.033000 Z-0.125000
G01 X87.282000 Y81.898000 Z-0.125000
G01 X87.171300 Y81.469300 Z-0.125000
G01 X82.895400 Y77.193700 Z-0.125000
G01 X82.837400 Y77.036300 Z-0.125000
G01 X83.043700 Y77.024000 Z-0.125000
G01 X83.669100 Y77.331300 Z-0.125000
G01 X87.359200 Y81.021400 Z-0.125000
G01 X87.868800 Y81.212900 Z-0.125000
G01 X87.995600 Y81.121000 Z-0.125000
G01 X87.901400 Y80.927500 Z-0.125000
G01 X84.443600 Y77.469700 Z-0.125000
G01 X84.386000 Y77.312800 Z-0.125000
G01 X84.593400 Y77.301400 Z-0.125000
G01 X85.220200 Y77.610200 Z-0.125000
G01 X88.604900 Y80.994900 Z-0.125000
G01 X89.217400 Y81.289300 Z-0.125000
G01 X89.414800 Y81.268100 Z-0.125000
G01 X89.352700 Y81.106600 Z-0.125000
G01 X85.996700 Y77.750600 Z-0.125000
G01 X85.939200 Y77.593700 Z-0.125000
G01 X86.146500 Y77.582300 Z-0.125000
G01 X86.773300 Y77.891100 Z-0.125000
G01 X90.033700 Y81.151500 Z-0.125000
G01 X90.631100 Y81.430800 Z-0.125000
G01 X90.818100 Y81.399200 Z-0.125000
G01 X90.751400 Y81.233100 Z-0.125000
G01 X87.552500 Y78.034200 Z-0.125000
G01 X87.496900 Y77.879200 Z-0.125000
G01 X87.708500 Y77.872200 Z-0.125000
G01 X88.341600 Y78.187200 Z-0.125000
G01 X91.470800 Y81.316400 Z-0.125000
G01 X92.069900 Y81.597500 Z-0.125000
G01 X92.258200 Y81.567100 Z-0.125000
G01 X92.192000 Y81.401500 Z-0.125000
G01 X88.880400 Y78.089900 Z-0.125000
G01 X88.708400 Y77.599800 Z-0.125000
G01 X88.813700 Y77.486500 Z-0.125000
G01 X89.013400 Y77.586800 Z-0.125000
G01 X92.960700 Y81.534000 Z-0.125000
G01 X93.536400 Y81.791700 Z-0.125000
G01 X93.708600 Y81.745300 Z-0.125000
G01 X93.635100 Y81.572400 Z-0.125000
G01 X89.073600 Y77.010800 Z-0.125000
G01 X88.868300 Y76.487500 Z-0.125000
G01 X88.950800 Y76.351400 Z-0.125000
G01 X89.140100 Y76.441300 Z-0.125000
G01 X94.357100 Y81.658300 Z-0.125000
G01 X94.956700 Y81.939900 Z-0.125000
G01 X95.145300 Y81.909800 Z-0.125000
G01 X95.079200 Y81.744300 Z-0.125000
G01 X89.235300 Y75.900400 Z-0.125000
G01 X89.055100 Y75.402100 Z-0.125000
G01 X89.154800 Y75.283200 Z-0.125000
G01 X89.352000 Y75.381000 Z-0.125000
G01 X95.803000 Y81.832000 Z-0.125000
G01 X96.404000 Y82.114900 Z-0.125000
G01 X96.593500 Y82.085800 Z-0.125000
G01 X96.527900 Y81.920800 Z-0.125000
G01 X89.480800 Y74.873600 Z-0.125000
G01 X89.311600 Y74.386400 Z-0.125000
G01 X89.418900 Y74.275000 Z-0.125000
G01 X89.619500 Y74.376200 Z-0.125000
G01 X97.256000 Y82.012700 Z-0.125000
G01 X97.865300 Y82.304000 Z-0.125000
G01 X98.060500 Y82.280600 Z-0.125000
G01 X97.997500 Y82.118200 Z-0.125000
G01 X89.758800 Y73.879500 Z-0.125000
G01 X89.605900 Y73.627200 Z-0.125000
G01 X89.603300 Y73.406000 Z-0.125000
G01 X89.720100 Y73.304000 Z-0.125000
G01 X89.924900 Y73.409500 Z-0.125000
G01 X99.013700 Y82.498300 Z-0.125000
G00 Z5.000000

(End cutting path id: path2)


(Start cutting path id: path2)
(Change tool to Default tool)

G00 Z5.000000
G00 X85.255000 Y85.913900

G01 Z-0.125000 F100.0(Penetrate)
G01 X84.750200 Y85.409100 Z-0.125000 F400.000000
G01 X84.547900 Y84.888700 Z-0.125000
G01 X84.598400 Y84.720600 Z-0.125000
G01 X84.750200 Y84.773000 Z-0.125000
G01 X84.796500 Y84.819200 Z-0.125000
G01 X84.899000 Y84.822400 Z-0.125000
G01 X84.906300 Y84.611000 Z-0.125000
G01 X84.703900 Y84.090600 Z-0.125000
G01 X84.677000 Y84.063700 Z-0.125000
G01 X84.547800 Y83.616500 Z-0.125000
G01 X84.580100 Y83.430100 Z-0.125000
G01 X84.677000 Y83.427600 Z-0.125000
G01 X84.682900 Y83.433500 Z-0.125000
G01 X84.772500 Y83.423700 Z-0.125000
G01 X84.797000 Y83.229500 Z-0.125000
G01 X84.664400 Y82.778900 Z-0.125000
G01 X84.664400 Y82.778900 Z-0.125000
G01 X84.535100 Y82.331600 Z-0.125000
G01 X84.561900 Y82.139600 Z-0.125000
G01 X84.652500 Y82.130900 Z-0.125000
G01 X84.664500 Y82.142900 Z-0.125000
G01 X84.771600 Y82.150600 Z-0.125000
G01 X84.817700 Y81.978000 Z-0.125000
G01 X84.700200 Y81.542500 Z-0.125000
G01 X84.493200 Y81.335500 Z-0.125000
G00 Z5.000000

(End cutting path id: path2)


(Start cutting path id: path2)
(Change tool to Default tool)

G00 Z5.000000
G00 X60.999900 Y82.014900

G01 Z-0.125000 F100.0(Penetrate)
G01 X60.809200 Y81.824300 Z-0.125000 F400.000000
G01 X60.652200 Y81.349200 Z-0.125000
G01 X60.703700 Y81.182000 Z-0.125000
G01 X60.835300 Y81.214200 Z-0.125000
G01 X60.842400 Y81.221300 Z-0.125000
G01 X60.966400 Y81.246000 Z-0.125000
G01 X61.011300 Y81.072200 Z-0.125000
G01 X60.854300 Y80.597100 Z-0.125000
G01 X60.851300 Y80.594100 Z-0.125000
G01 X60.702900 Y80.127700 Z-0.125000
G01 X60.750800 Y79.956900 Z-0.125000
G01 X60.874400 Y79.981100 Z-0.125000
G01 X60.876200 Y79.982900 Z-0.125000
G01 X60.997600 Y80.005000 Z-0.125000
G01 X61.043500 Y79.832200 Z-0.125000
G01 X60.894600 Y79.365200 Z-0.125000
G01 X60.894400 Y79.365100 Z-0.125000
G01 X60.747500 Y78.900100 Z-0.125000
G01 X60.794600 Y78.728500 Z-0.125000
G01 X60.916500 Y78.751000 Z-0.125000
G01 X60.916500 Y78.751000 Z-0.125000
G01 X61.039300 Y78.774500 Z-0.125000
G01 X61.088300 Y78.604800 Z-0.125000
G01 X60.944200 Y78.142700 Z-0.125000
G01 X60.941400 Y78.139900 Z-0.125000
G01 X60.791600 Y77.672000 Z-0.125000
G01 X60.839400 Y77.501100 Z-0.125000
G01 X60.963500 Y77.525800 Z-0.125000
G01 X60.972300 Y77.534600 Z-0.125000
G01 X61.113000 Y77.576000 Z-0.125000
G01 X61.185300 Y77.429600 Z-0.125000
G01 X61.059200 Y76.985500 Z-0.125000
G01 X56.643700 Y72.569900 Z-0.125000
G01 X56.479600 Y72.087800 Z-0.125000
G01 X56.590400 Y71.979900 Z-0.125000
G01 X56.792600 Y72.082700 Z-0.125000
G01 X61.278400 Y76.568500 Z-0.125000
G01 X61.878300 Y76.850400 Z-0.125000
G01 X62.067200 Y76.820600 Z-0.125000
G01 X62.001200 Y76.655200 Z-0.125000
G01 X58.221300 Y72.875300 Z-0.125000
G01 X58.161600 Y72.716200 Z-0.125000
G01 X58.364100 Y72.700100 Z-0.125000
G01 X58.984000 Y73.001900 Z-0.125000
G01 X62.762400 Y76.780300 Z-0.125000
G01 X63.387400 Y77.087300 Z-0.125000
G01 X63.593500 Y77.074700 Z-0.125000
G01 X63.535300 Y76.917200 Z-0.125000
G01 X59.739800 Y73.121600 Z-0.125000
G01 X59.678000 Y72.960400 Z-0.125000
G01 X59.876000 Y72.939800 Z-0.125000
G01 X60.489300 Y73.235100 Z-0.125000
G01 X64.309200 Y77.054900 Z-0.125000
G01 X64.933700 Y77.361400 Z-0.125000
G01 X65.139400 Y77.348500 Z-0.125000
G01 X65.081200 Y77.190800 Z-0.125000
G01 X60.904700 Y73.014300 Z-0.125000
G01 X60.732900 Y72.524500 Z-0.125000
G01 X60.805900 Y72.378900 Z-0.125000
G01 X60.968900 Y72.442400 Z-0.125000
G01 X60.989200 Y72.462700 Z-0.125000
G01 X61.123000 Y72.497100 Z-0.125000
G01 X61.160200 Y72.315700 Z-0.125000
G01 X60.964100 Y71.801500 Z-0.125000
G01 X60.953600 Y71.791000 Z-0.125000
G01 X60.778400 Y71.297700 Z-0.125000
G01 X60.820200 Y71.120900 Z-0.125000
G01 X60.949400 Y71.150700 Z-0.125000
G01 X60.956600 Y71.157900 Z-0.125000
G01 X61.077100 Y71.179000 Z-0.125000
G01 X61.109900 Y70.993200 Z-0.125000
G01 X60.931500 Y70.496700 Z-0.125000
G01 X60.929700 Y70.494900 Z-0.125000
G01 X60.754800 Y70.001900 Z-0.125000
G01 X60.788400 Y69.816900 Z-0.125000
G01 X60.908100 Y69.837200 Z-0.125000
G01 X60.908200 Y69.837400 Z-0.125000
G01 X61.027100 Y69.856900 Z-0.125000
G01 X61.059100 Y69.670200 Z-0.125000
G01 X60.882100 Y69.175100 Z-0.125000
G01 X60.882100 Y69.175100 Z-0.125000
G01 X60.701800 Y68.676800 Z-0.125000
G01 X60.731700 Y68.488000 Z-0.125000
G01 X60.849600 Y68.506500 Z-0.125000
G01 X60.851500 Y68.508400 Z-0.125000
G01 X60.971400 Y68.528900 Z-0.125000
G01 X61.003000 Y68.341900 Z-0.125000
G01 X60.822800 Y67.843600 Z-0.125000
G01 X60.819300 Y67.840100 Z-0.125000
G01 X60.629000 Y67.331700 Z-0.125000
G01 X60.656900 Y67.141000 Z-0.125000
G01 X60.777400 Y67.162100 Z-0.125000
G01 X60.782500 Y67.167200 Z-0.125000
G01 X60.907400 Y67.192700 Z-0.125000
G01 X60.937900 Y67.004600 Z-0.125000
G01 X60.744500 Y66.493100 Z-0.125000
G01 X60.742000 Y66.490600 Z-0.125000
G01 X60.539700 Y65.970200 Z-0.125000
G01 X60.566400 Y65.778300 Z-0.125000
G01 X60.691100 Y65.803700 Z-0.125000
G01 X60.697600 Y65.810200 Z-0.125000
G01 X60.828000 Y65.841100 Z-0.125000
G01 X60.858000 Y65.652500 Z-0.125000
G01 X60.651600 Y65.128000 Z-0.125000
G01 X60.606200 Y65.082600 Z-0.125000
G01 X60.410600 Y64.569000 Z-0.125000
G01 X60.454200 Y64.393900 Z-0.125000
G01 X60.594900 Y64.435200 Z-0.125000
G01 X60.594900 Y64.435200 Z-0.125000
G01 X60.734900 Y64.475900 Z-0.125000
G01 X60.777200 Y64.299400 Z-0.125000
G01 X60.579600 Y63.783800 Z-0.125000
G01 X60.540700 Y63.744900 Z-0.125000
G01 X60.311700 Y63.197900 Z-0.125000
G01 X60.338300 Y63.005800 Z-0.125000
G01 X60.475300 Y63.043400 Z-0.125000
G01 X60.475300 Y63.043400 Z-0.125000
G01 X60.611700 Y63.080500 Z-0.125000
G01 X60.637100 Y62.887200 Z-0.125000
G01 X60.406400 Y62.338400 Z-0.125000
G01 X60.404000 Y62.336000 Z-0.125000
G01 X60.170900 Y61.784900 Z-0.125000
G01 X60.194800 Y61.590100 Z-0.125000
G01 X60.330600 Y61.626500 Z-0.125000
G01 X60.330600 Y61.626500 Z-0.125000
G01 X60.465000 Y61.661500 Z-0.125000
G01 X60.485700 Y61.463500 Z-0.125000
G01 X60.248000 Y60.907800 Z-0.125000
G01 X60.243500 Y60.903300 Z-0.125000
G01 X60.010100 Y60.351900 Z-0.125000
G01 X60.029700 Y60.152800 Z-0.125000
G01 X60.160900 Y60.184600 Z-0.125000
G01 X60.161800 Y60.185500 Z-0.125000
G01 X60.290100 Y60.214400 Z-0.125000
G01 X60.304600 Y60.010200 Z-0.125000
G01 X60.065100 Y59.452600 Z-0.125000
G01 X60.065100 Y59.452600 Z-0.125000
G01 X59.824600 Y58.894200 Z-0.125000
G01 X59.838500 Y58.689400 Z-0.125000
G01 X59.966500 Y58.718000 Z-0.125000
G01 X60.022100 Y58.773700 Z-0.125000
G01 X60.136500 Y58.788600 Z-0.125000
G01 X60.127100 Y58.560600 Z-0.125000
G01 X59.859200 Y57.974700 Z-0.125000
G01 X59.859200 Y57.974700 Z-0.125000
G01 X59.606800 Y57.404200 Z-0.125000
G01 X59.608100 Y57.186800 Z-0.125000
G01 X59.727300 Y57.206600 Z-0.125000
G01 X59.750000 Y57.229300 Z-0.125000
G01 X59.870000 Y57.249900 Z-0.125000
G01 X59.875200 Y57.036500 Z-0.125000
G01 X59.630700 Y56.473900 Z-0.125000
G01 X59.630700 Y56.473900 Z-0.125000
G01 X59.383200 Y55.908300 Z-0.125000
G01 X59.386400 Y55.692900 Z-0.125000
G01 X59.505500 Y55.712600 Z-0.125000
G01 X59.507100 Y55.714200 Z-0.125000
G01 X59.627900 Y55.735600 Z-0.125000
G01 X59.632600 Y55.521600 Z-0.125000
G01 X59.385100 Y54.956100 Z-0.125000
G01 X59.380700 Y54.951700 Z-0.125000
G01 X59.121700 Y54.374200 Z-0.125000
G01 X59.122600 Y54.156400 Z-0.125000
G01 X59.244500 Y54.178900 Z-0.125000
G01 X59.249100 Y54.183500 Z-0.125000
G01 X59.375900 Y54.211000 Z-0.125000
G01 X59.381300 Y53.997700 Z-0.125000
G01 X59.122600 Y53.420900 Z-0.125000
G01 X59.109800 Y53.408100 Z-0.125000
G01 X58.823700 Y52.804000 Z-0.125000
G01 X58.822300 Y52.583900 Z-0.125000
G01 X58.954300 Y52.616500 Z-0.125000
G01 X58.968800 Y52.631000 Z-0.125000
G01 X59.116100 Y52.678900 Z-0.125000
G01 X59.128300 Y52.472500 Z-0.125000
G01 X58.842300 Y51.868000 Z-0.125000
G01 X58.815100 Y51.841000 Z-0.125000
G01 X58.487400 Y51.195000 Z-0.125000
G01 X58.485700 Y50.975000 Z-0.125000
G01 X58.636700 Y51.027000 Z-0.125000
G01 X59.216500 Y51.607000 Z-0.125000
G01 X59.488100 Y51.560000 Z-0.125000
G01 X59.504100 Y51.258000 Z-0.125000
G01 X59.493300 Y51.247000 Z-0.125000
G01 X59.530700 Y50.967000 Z-0.125000
G01 X59.802300 Y50.920000 Z-0.125000
G01 X59.802300 Y50.920000 Z-0.125000
G01 X60.062900 Y50.863000 Z-0.125000
G01 X60.089300 Y50.571000 Z-0.125000
G01 X60.088800 Y50.570000 Z-0.125000
G01 X60.107400 Y50.271000 Z-0.125000
G01 X60.361300 Y50.207000 Z-0.125000
G01 X60.366200 Y50.212000 Z-0.125000
G01 X60.626000 Y50.154000 Z-0.125000
G01 X60.640800 Y49.850000 Z-0.125000
G01 X60.638300 Y49.847000 Z-0.125000
G01 X60.643000 Y49.534000 Z-0.125000
G01 X60.763500 Y49.436000 Z-0.125000
G01 X60.897900 Y49.471000 Z-0.125000
G01 X60.901600 Y49.475000 Z-0.125000
G01 X61.038700 Y49.513000 Z-0.125000
G01 X61.160000 Y49.415000 Z-0.125000
G01 X61.161000 Y49.098000 Z-0.125000
G01 X61.160300 Y49.097000 Z-0.125000
G01 X61.155600 Y48.775000 Z-0.125000
G01 X61.273800 Y48.674000 Z-0.125000
G01 X61.409900 Y48.711000 Z-0.125000
G01 X61.413000 Y48.714000 Z-0.125000
G01 X61.547600 Y48.749000 Z-0.125000
G01 X61.663800 Y48.647000 Z-0.125000
G01 X61.657300 Y48.322000 Z-0.125000
G01 X61.655400 Y48.320000 Z-0.125000
G01 X61.648900 Y47.996000 Z-0.125000
G01 X61.763300 Y47.891000 Z-0.125000
G01 X61.895900 Y47.925000 Z-0.125000
G01 X61.898300 Y47.927000 Z-0.125000
G01 X62.027200 Y47.956000 Z-0.125000
G01 X62.136900 Y47.847000 Z-0.125000
G01 X62.127100 Y47.519000 Z-0.125000
G01 X62.124300 Y47.516000 Z-0.125000
G01 X62.115200 Y47.189000 Z-0.125000
G01 X62.222900 Y47.078000 Z-0.125000
G01 X62.349100 Y47.105000 Z-0.125000
G01 X62.349800 Y47.106000 Z-0.125000
G01 X62.473400 Y47.130000 Z-0.125000
G01 X62.576200 Y47.014000 Z-0.125000
G01 X62.561000 Y46.681000 Z-0.125000
G01 X62.560600 Y46.680000 Z-0.125000
G01 X62.541800 Y46.344000 Z-0.125000
G01 X62.641700 Y46.225000 Z-0.125000
G01 X62.763700 Y46.247000 Z-0.125000
G01 X62.763700 Y46.247000 Z-0.125000
G01 X62.884100 Y46.268000 Z-0.125000
G01 X62.980600 Y46.146000 Z-0.125000
G01 X62.956700 Y45.804000 Z-0.125000
G01 X62.956300 Y45.804000 Z-0.125000
G01 X62.924600 Y45.454000 Z-0.125000
G01 X63.015900 Y45.327000 Z-0.125000
G01 X63.134300 Y45.346000 Z-0.125000
G01 X63.136000 Y45.348000 Z-0.125000
G01 X63.254400 Y45.367000 Z-0.125000
G01 X63.343400 Y45.237000 Z-0.125000
G01 X63.305900 Y44.882000 Z-0.125000
G01 X63.303200 Y44.879000 Z-0.125000
G01 X63.253000 Y44.510000 Z-0.125000
G01 X63.335800 Y44.374000 Z-0.125000
G01 X63.453000 Y44.392000 Z-0.125000
G01 X63.457000 Y44.396000 Z-0.125000
G01 X63.575900 Y44.416000 Z-0.125000
G01 X63.656500 Y44.278000 Z-0.125000
G01 X63.597700 Y43.901000 Z-0.125000
G01 X63.593500 Y43.897000 Z-0.125000
G01 X63.515900 Y43.501000 Z-0.125000
G01 X63.587500 Y43.354000 Z-0.125000
G01 X63.704900 Y43.372000 Z-0.125000
G01 X63.711600 Y43.379000 Z-0.125000
G01 X63.832200 Y43.400000 Z-0.125000
G01 X63.901400 Y43.251000 Z-0.125000
G01 X63.811100 Y42.843000 Z-0.125000
G01 X63.805000 Y42.837000 Z-0.125000
G01 X63.680700 Y42.394000 Z-0.125000
G01 X63.732200 Y42.227000 Z-0.125000
G01 X63.848600 Y42.244000 Z-0.125000
G01 X63.861800 Y42.257000 Z-0.125000
G01 X63.985400 Y42.282000 Z-0.125000
G01 X64.034300 Y42.112000 Z-0.125000
G01 X63.888100 Y41.648000 Z-0.125000
G01 X63.871800 Y41.631000 Z-0.125000
G01 X63.598600 Y41.040000 Z-0.125000
G01 X63.575500 Y40.798000 Z-0.125000
G01 X63.676800 Y40.800000 Z-0.125000
G01 X63.805500 Y40.929000 Z-0.125000
G01 X63.950200 Y40.974000 Z-0.125000
G01 X63.934500 Y40.740000 Z-0.125000
G01 X63.586400 Y40.074000 Z-0.125000
G01 X62.600100 Y39.087000 Z-0.125000
G01 X62.016600 Y38.822000 Z-0.125000
G01 X61.839000 Y38.863000 Z-0.125000
G01 X61.910100 Y39.033000 Z-0.125000
G01 X62.047400 Y39.171000 Z-0.125000
G01 X62.082700 Y39.305000 Z-0.125000
G01 X61.894300 Y39.336000 Z-0.125000
G01 X61.361400 Y39.121000 Z-0.125000
G01 X61.325800 Y39.085000 Z-0.125000
G01 X60.944600 Y39.022000 Z-0.125000
G01 X60.827300 Y39.123000 Z-0.125000
G01 X60.872200 Y39.268000 Z-0.125000
G01 X60.898900 Y39.294000 Z-0.125000
G01 X60.919200 Y39.414000 Z-0.125000
G01 X60.785000 Y39.499000 Z-0.125000
G01 X60.415800 Y39.447000 Z-0.125000
G01 X60.403000 Y39.435000 Z-0.125000
G01 X60.081600 Y39.431000 Z-0.125000
G01 X59.990000 Y39.658000 Z-0.125000
G01 X59.995100 Y39.663000 Z-0.125000
G01 X59.900000 Y39.886000 Z-0.125000
G01 X59.585300 Y39.889000 Z-0.125000
G01 X59.583700 Y39.887000 Z-0.125000
G01 X59.281200 Y39.903000 Z-0.125000
G01 X59.195300 Y40.135000 Z-0.125000
G01 X59.195500 Y40.135000 Z-0.125000
G01 X59.115300 Y40.373000 Z-0.125000
G01 X58.818800 Y40.394000 Z-0.125000
G01 X58.818700 Y40.394000 Z-0.125000
G01 X58.528700 Y40.422000 Z-0.125000
G01 X58.454600 Y40.666000 Z-0.125000
G01 X58.455700 Y40.667000 Z-0.125000
G01 X58.385700 Y40.915000 Z-0.125000
G01 X58.102000 Y40.950000 Z-0.125000
G01 X58.100600 Y40.949000 Z-0.125000
G01 X57.826900 Y40.993000 Z-0.125000
G01 X57.764100 Y41.248000 Z-0.125000
G01 X57.764100 Y41.248000 Z-0.125000
G01 X57.707800 Y41.510000 Z-0.125000
G01 X57.440600 Y41.561000 Z-0.125000
G01 X57.438000 Y41.558000 Z-0.125000
G01 X57.165600 Y41.603000 Z-0.125000
G01 X57.109300 Y41.865000 Z-0.125000
G01 X57.119100 Y41.875000 Z-0.125000
G01 X57.094300 Y42.168000 Z-0.125000
G01 X56.833800 Y42.226000 Z-0.125000
G01 X56.812100 Y42.204000 Z-0.125000
G01 X56.597400 Y42.188000 Z-0.125000
G01 X56.320300 Y42.349000 Z-0.125000
G01 X56.112900 Y42.579000 Z-0.125000
G01 X56.107500 Y42.772000 Z-0.125000
G01 X56.397800 Y43.062000 Z-0.125000
G01 X56.584700 Y43.150000 Z-0.125000
G01 X56.661700 Y43.008000 Z-0.125000
G01 X56.448500 Y42.477000 Z-0.125000
G01 X55.920000 Y41.948000 Z-0.125000
G01 X55.403300 Y41.114000 Z-0.125000
G01 X55.271800 Y40.763000 Z-0.125000
G01 X55.363800 Y40.756000 Z-0.125000
G01 X55.581200 Y40.973000 Z-0.125000
G01 X55.687300 Y40.980000 Z-0.125000
G01 X55.586700 Y40.661000 Z-0.125000
G01 X55.115200 Y39.871000 Z-0.125000
G01 X54.733400 Y39.490000 Z-0.125000
G00 Z5.000000

(End cutting path id: path2)


(Start cutting path id: path2)
(Change tool to Default tool)

G00 Z5.000000
G00 X47.729300 Y42.478000

G01 Z-0.125000 F100.0(Penetrate)
G01 X49.082300 Y43.323000 Z-0.125000 F400.000000
G01 X50.386100 Y44.558000 Z-0.125000
G01 X51.602400 Y46.141000 Z-0.125000
G01 X52.692800 Y48.028000 Z-0.125000
G01 X53.523300 Y49.994000 Z-0.125000
G01 X54.346400 Y52.332000 Z-0.125000
G01 X54.842700 Y54.058900 Z-0.125000
G01 X54.868600 Y54.385400 Z-0.125000
G01 X54.693100 Y54.190200 Z-0.125000
G01 X54.370500 Y53.839800 Z-0.125000
G01 X53.880500 Y53.540200 Z-0.125000
G01 X52.731900 Y53.252700 Z-0.125000
G01 X51.731700 Y53.465700 Z-0.125000
G01 X50.735100 Y54.179700 Z-0.125000
G01 X50.215500 Y54.663700 Z-0.125000
G01 X49.965500 Y53.612800 Z-0.125000
G01 X48.899300 Y50.580000 Z-0.125000
G01 X47.405400 Y47.505000 Z-0.125000
G01 X45.490200 Y44.767000 Z-0.125000
G01 X43.850700 Y42.942000 Z-0.125000
G01 X43.553900 Y42.715000 Z-0.125000
G01 X43.491500 Y42.534000 Z-0.125000
G01 X44.099500 Y42.223000 Z-0.125000
G01 X45.015000 Y42.048000 Z-0.125000
G01 X45.955000 Y42.034000 Z-0.125000
G01 X46.874800 Y42.179000 Z-0.125000
G01 X47.729300 Y42.478000 Z-0.125000
G01 X47.729300 Y42.478000 Z-0.125000
G00 Z5.000000

(End cutting path id: path2)


(Start cutting path id: path2)
(Change tool to Default tool)

G00 Z5.000000
G00 X45.337800 Y44.725000

G01 Z-0.125000 F100.0(Penetrate)
G01 X43.017000 Y42.404000 Z-0.125000 F400.000000
G01 X43.122700 Y42.191000 Z-0.125000
G01 X43.439600 Y42.190000 Z-0.125000
G01 X43.439600 Y42.190000 Z-0.125000
G01 X43.776600 Y42.209000 Z-0.125000
G01 X43.902300 Y42.017000 Z-0.125000
G01 X43.896300 Y42.011000 Z-0.125000
G01 X43.887300 Y41.902000 Z-0.125000
G01 X44.023600 Y41.820000 Z-0.125000
G01 X44.374200 Y41.853000 Z-0.125000
G01 X44.385900 Y41.864000 Z-0.125000
G01 X44.788900 Y41.949000 Z-0.125000
G01 X44.950300 Y41.892000 Z-0.125000
G01 X44.945100 Y41.787000 Z-0.125000
G01 X44.928100 Y41.770000 Z-0.125000
G01 X44.912300 Y41.655000 Z-0.125000
G01 X45.074000 Y41.598000 Z-0.125000
G01 X45.500600 Y41.707000 Z-0.125000
G01 X45.521100 Y41.727000 Z-0.125000
G01 X46.027900 Y41.916000 Z-0.125000
G01 X46.225500 Y41.895000 Z-0.125000
G01 X46.213000 Y41.783000 Z-0.125000
G01 X46.181700 Y41.752000 Z-0.125000
G01 X46.154800 Y41.626000 Z-0.125000
G01 X46.364500 Y41.617000 Z-0.125000
G01 X46.931700 Y41.866000 Z-0.125000
G01 X47.244000 Y42.178000 Z-0.125000
G00 Z5.000000

(End cutting path id: path2)


(Start cutting path id: path2)
(Change tool to Default tool)

G00 Z5.000000
G00 X44.179700 Y44.222000

G01 Z-0.125000 F100.0(Penetrate)
G01 X45.708100 Y46.061000 Z-0.125000 F400.000000
G01 X47.087900 Y48.194000 Z-0.125000
G01 X48.257100 Y50.512000 Z-0.125000
G01 X49.153600 Y52.908200 Z-0.125000
G01 X49.519300 Y54.284400 Z-0.125000
G01 X49.421900 Y55.539200 Z-0.125000
G01 X48.643400 Y57.464300 Z-0.125000
G01 X46.965700 Y60.852000 Z-0.125000
G01 X44.154400 Y66.633700 Z-0.125000
G01 X43.957800 Y66.965500 Z-0.125000
G01 X43.590100 Y66.957000 Z-0.125000
G01 X43.011900 Y66.690200 Z-0.125000
G01 X42.081400 Y62.616600 Z-0.125000
G01 X39.115500 Y47.235000 Z-0.125000
G01 X39.588600 Y46.230000 Z-0.125000
G01 X40.681600 Y44.808000 Z-0.125000
G01 X41.905500 Y43.538000 Z-0.125000
G01 X42.771400 Y42.989000 Z-0.125000
G01 X44.179700 Y44.222000 Z-0.125000
G01 X44.179700 Y44.222000 Z-0.125000
G00 Z5.000000

(End cutting path id: path2)


(Start cutting path id: path2)
(Change tool to Default tool)

G00 Z5.000000
G00 X46.523900 Y47.183000

G01 Z-0.125000 F100.0(Penetrate)
G01 X47.745800 Y48.405000 Z-0.125000 F400.000000
G00 Z5.000000

(End cutting path id: path2)


(Start cutting path id: path2)
(Change tool to Default tool)

G00 Z5.000000
G00 X49.388500 Y53.227900

G01 Z-0.125000 F100.0(Penetrate)
G01 X49.618000 Y53.457400 Z-0.125000 F400.000000
G01 X49.765300 Y53.505300 Z-0.125000
G01 X49.768200 Y53.289600 Z-0.125000
G01 X49.459600 Y52.662900 Z-0.125000
G01 X49.334900 Y52.538200 Z-0.125000
G01 X48.859000 Y51.744000 Z-0.125000
G01 X48.755500 Y51.422000 Z-0.125000
G01 X48.860300 Y51.427000 Z-0.125000
G01 X49.005200 Y51.572000 Z-0.125000
G01 X49.119600 Y51.587000 Z-0.125000
G01 X49.037200 Y51.286000 Z-0.125000
G01 X48.592000 Y50.523000 Z-0.125000
G01 X48.321200 Y50.252000 Z-0.125000
G01 X47.807200 Y49.420000 Z-0.125000
G01 X47.677400 Y49.072000 Z-0.125000
G01 X47.770200 Y49.065000 Z-0.125000
G01 X48.377800 Y49.673000 Z-0.125000
G00 Z5.000000

(End cutting path id: path2)


(Start cutting path id: path2)
(Change tool to Default tool)

G00 Z5.000000
G00 X53.980600 Y54.354600

G01 Z-0.125000 F100.0(Penetrate)
G01 X54.343500 Y54.839400 Z-0.125000 F400.000000
G01 X54.601000 Y55.443200 Z-0.125000
G01 X54.800500 Y56.892200 Z-0.125000
G01 X54.580500 Y58.470900 Z-0.125000
G01 X53.942700 Y59.948600 Z-0.125000
G01 X51.545400 Y64.108800 Z-0.125000
G01 X49.573300 Y67.526800 Z-0.125000
G01 X49.277500 Y67.521000 Z-0.125000
G01 X48.764400 Y67.280800 Z-0.125000
G01 X48.127700 Y66.980900 Z-0.125000
G01 X47.541200 Y66.896100 Z-0.125000
G01 X46.986000 Y67.027300 Z-0.125000
G01 X46.443400 Y67.375200 Z-0.125000
G01 X45.845600 Y67.878300 Z-0.125000
G01 X45.139100 Y67.515800 Z-0.125000
G01 X44.432600 Y67.153400 Z-0.125000
G01 X46.774500 Y62.522300 Z-0.125000
G01 X50.029400 Y56.222100 Z-0.125000
G01 X50.742600 Y55.084100 Z-0.125000
G01 X51.297000 Y54.486300 Z-0.125000
G01 X52.001300 Y54.010000 Z-0.125000
G01 X52.705000 Y53.828200 Z-0.125000
G01 X53.375600 Y53.942600 Z-0.125000
G01 X53.980600 Y54.354600 Z-0.125000
G01 X53.980600 Y54.354600 Z-0.125000
G00 Z5.000000

(End cutting path id: path2)


(Start cutting path id: path2)
(Change tool to Default tool)

G00 Z5.000000
G00 X55.527700 Y54.914400

G01 Z-0.125000 F100.0(Penetrate)
G01 X55.196900 Y54.583600 Z-0.125000 F400.000000
G01 X54.927000 Y53.995600 Z-0.125000
G01 X54.943400 Y53.793300 Z-0.125000
G01 X55.087800 Y53.838400 Z-0.125000
G01 X55.087800 Y53.838400 Z-0.125000
G01 X55.210100 Y53.861300 Z-0.125000
G01 X55.177600 Y53.610100 Z-0.125000
G01 X54.836600 Y52.951100 Z-0.125000
G01 X54.830800 Y52.945300 Z-0.125000
G01 X54.453900 Y52.250000 Z-0.125000
G01 X54.402200 Y51.980000 Z-0.125000
G01 X54.519400 Y51.998000 Z-0.125000
G01 X54.534800 Y52.013000 Z-0.125000
G01 X54.663700 Y52.043000 Z-0.125000
G01 X54.616100 Y51.776000 Z-0.125000
G01 X54.224200 Y51.066000 Z-0.125000
G01 X54.201400 Y51.044000 Z-0.125000
G01 X53.775300 Y50.300000 Z-0.125000
G01 X53.706000 Y50.012000 Z-0.125000
G01 X53.826200 Y50.032000 Z-0.125000
G01 X53.877000 Y50.083000 Z-0.125000
G01 X53.993400 Y50.100000 Z-0.125000
G01 X53.915500 Y49.804000 Z-0.125000
G01 X53.477000 Y49.047000 Z-0.125000
G01 X53.157100 Y48.727000 Z-0.125000
G00 Z5.000000

(End cutting path id: path2)


(Start cutting path id: path2)
(Change tool to Default tool)

G00 Z5.000000
G00 X56.184500 Y61.230900

G01 Z-0.125000 F100.0(Penetrate)
G01 X56.480000 Y67.719700 Z-0.125000 F400.000000
G01 X56.472600 Y70.861700 Z-0.125000
G01 X56.337400 Y72.187200 Z-0.125000
G01 X54.314200 Y71.833100 Z-0.125000
G01 X52.439000 Y71.493400 Z-0.125000
G01 X52.274500 Y70.515200 Z-0.125000
G01 X51.804300 Y68.159800 Z-0.125000
G01 X51.351000 Y66.576100 Z-0.125000
G01 X51.248100 Y66.192300 Z-0.125000
G01 X51.343400 Y65.725900 Z-0.125000
G01 X52.484600 Y63.615400 Z-0.125000
G01 X54.707800 Y59.605500 Z-0.125000
G01 X55.166600 Y58.547000 Z-0.125000
G01 X55.301100 Y57.894400 Z-0.125000
G01 X55.449100 Y57.118100 Z-0.125000
G01 X55.584300 Y57.208500 Z-0.125000
G01 X55.736300 Y57.836600 Z-0.125000
G01 X56.184500 Y61.230900 Z-0.125000
G01 X56.184500 Y61.230900 Z-0.125000
G00 Z5.000000

(End cutting path id: path2)


(Start cutting path id: path2)
(Change tool to Default tool)

G00 Z5.000000
G00 X51.115100 Y67.612400

G01 Z-0.125000 F100.0(Penetrate)
G01 X51.746700 Y71.177000 Z-0.125000 F400.000000
G01 X51.684900 Y71.370300 Z-0.125000
G01 X51.490600 Y71.198900 Z-0.125000
G01 X50.677000 Y69.724600 Z-0.125000
G01 X49.930700 Y68.214600 Z-0.125000
G01 X50.292200 Y67.543400 Z-0.125000
G01 X50.774900 Y66.872200 Z-0.125000
G01 X51.115100 Y67.612400 Z-0.125000
G01 X51.115100 Y67.612400 Z-0.125000
G00 Z5.000000

(End cutting path id: path2)


(Start cutting path id: path2)
(Change tool to Default tool)

G00 Z5.000000
G00 X48.989400 Y67.458900

G01 Z-0.125000 F100.0(Penetrate)
G01 X49.683000 Y68.152500 Z-0.125000 F400.000000
G01 X49.812700 Y68.182900 Z-0.125000
G01 X49.905400 Y68.056900 Z-0.125000
G01 X49.852500 Y67.686000 Z-0.125000
G01 X49.844000 Y67.677500 Z-0.125000
G01 X49.835600 Y67.350900 Z-0.125000
G01 X49.950800 Y67.247500 Z-0.125000
G01 X50.085300 Y67.282700 Z-0.125000
G01 X50.085300 Y67.282700 Z-0.125000
G01 X50.220100 Y67.318100 Z-0.125000
G01 X50.335900 Y67.215100 Z-0.125000
G01 X50.328100 Y66.889400 Z-0.125000
G01 X50.323900 Y66.885200 Z-0.125000
G01 X50.307000 Y66.550200 Z-0.125000
G01 X50.420300 Y66.444900 Z-0.125000
G01 X50.556700 Y66.481800 Z-0.125000
G01 X51.236300 Y67.161400 Z-0.125000
G01 X51.375000 Y67.200800 Z-0.125000
G01 X51.346300 Y66.953400 Z-0.125000
G01 X50.979200 Y66.268200 Z-0.125000
G01 X50.796400 Y66.085400 Z-0.125000
G01 X50.769200 Y65.740200 Z-0.125000
G01 X50.884100 Y65.636400 Z-0.125000
G01 X51.027000 Y65.679900 Z-0.125000
G01 X51.049700 Y65.702600 Z-0.125000
G01 X51.168400 Y65.721900 Z-0.125000
G01 X51.262000 Y65.596900 Z-0.125000
G01 X51.234800 Y65.251700 Z-0.125000
G01 X51.228000 Y65.244900 Z-0.125000
G01 X51.230300 Y64.929100 Z-0.125000
G01 X51.458600 Y64.839300 Z-0.125000
G01 X51.460400 Y64.841100 Z-0.125000
G01 X51.685200 Y64.747800 Z-0.125000
G01 X51.687500 Y64.432100 Z-0.125000
G01 X51.687400 Y64.432000 Z-0.125000
G01 X51.691500 Y64.118100 Z-0.125000
G01 X51.918000 Y64.026500 Z-0.125000
G01 X51.918000 Y64.026500 Z-0.125000
G01 X52.145600 Y63.936100 Z-0.125000
G01 X52.151000 Y63.623400 Z-0.125000
G01 X52.149900 Y63.622300 Z-0.125000
G01 X52.152900 Y63.307300 Z-0.125000
G01 X52.380500 Y63.216800 Z-0.125000
G01 X52.381600 Y63.217900 Z-0.125000
G01 X52.611300 Y63.129600 Z-0.125000
G01 X52.614300 Y62.814500 Z-0.125000
G01 X52.613300 Y62.813500 Z-0.125000
G01 X52.614200 Y62.496400 Z-0.125000
G01 X52.843900 Y62.408000 Z-0.125000
G01 X52.844900 Y62.409000 Z-0.125000
G01 X53.076100 Y62.322100 Z-0.125000
G01 X53.076500 Y62.004500 Z-0.125000
G01 X53.074900 Y62.002900 Z-0.125000
G01 X53.076000 Y61.686000 Z-0.125000
G01 X53.306500 Y61.598400 Z-0.125000
G01 X53.308700 Y61.600600 Z-0.125000
G01 X53.535900 Y61.509800 Z-0.125000
G01 X53.538100 Y61.193900 Z-0.125000
G01 X53.534200 Y61.190000 Z-0.125000
G01 X53.542500 Y60.880300 Z-0.125000
G01 X53.768000 Y60.787700 Z-0.125000
G01 X53.774800 Y60.794500 Z-0.125000
G01 X53.988700 Y60.690300 Z-0.125000
G01 X53.999000 Y60.382600 Z-0.125000
G01 X53.989900 Y60.373500 Z-0.125000
G01 X54.016400 Y60.081900 Z-0.125000
G01 X54.228200 Y59.975700 Z-0.125000
G01 X54.228600 Y59.976100 Z-0.125000
G01 X54.428800 Y59.858200 Z-0.125000
G01 X54.444500 Y59.555900 Z-0.125000
G01 X54.444500 Y59.555900 Z-0.125000
G01 X54.446500 Y59.239800 Z-0.125000
G01 X54.632900 Y59.108200 Z-0.125000
G01 X54.641400 Y59.116700 Z-0.125000
G01 X54.840000 Y58.997200 Z-0.125000
G01 X54.837100 Y58.676300 Z-0.125000
G01 X54.818900 Y58.658100 Z-0.125000
G01 X54.759100 Y58.280200 Z-0.125000
G01 X54.829500 Y58.132000 Z-0.125000
G01 X54.937200 Y58.140300 Z-0.125000
G01 X54.964400 Y58.167500 Z-0.125000
G01 X55.079600 Y58.183300 Z-0.125000
G01 X55.139200 Y58.024200 Z-0.125000
G01 X55.036900 Y57.603900 Z-0.125000
G01 X55.036900 Y57.603900 Z-0.125000
G01 X54.915100 Y57.164100 Z-0.125000
G01 X54.961300 Y56.991600 Z-0.125000
G01 X55.070500 Y57.001400 Z-0.125000
G01 X55.097400 Y57.028300 Z-0.125000
G01 X55.664500 Y57.277300 Z-0.125000
G01 X55.899200 Y57.293400 Z-0.125000
G01 X55.900700 Y57.195500 Z-0.125000
G01 X55.135900 Y56.430700 Z-0.125000
G01 X54.791800 Y55.768600 Z-0.125000
G01 X54.778900 Y55.537000 Z-0.125000
G01 X54.924900 Y55.583600 Z-0.125000
G01 X55.668000 Y56.326700 Z-0.125000
G01 X55.818900 Y56.378200 Z-0.125000
G01 X55.817100 Y56.157800 Z-0.125000
G01 X55.489200 Y55.511800 Z-0.125000
G01 X53.509300 Y53.531900 Z-0.125000
G00 Z5.000000

(End cutting path id: path2)


(Start cutting path id: path2)
(Change tool to Default tool)

G00 Z5.000000
G00 X49.059000 Y68.317800

G01 Z-0.125000 F100.0(Penetrate)
G01 X50.164600 Y69.905900 Z-0.125000 F400.000000
G01 X50.510000 Y70.679300 Z-0.125000
G01 X50.540500 Y71.106400 Z-0.125000
G01 X48.047200 Y70.708600 Z-0.125000
G01 X47.699200 Y70.512400 Z-0.125000
G01 X47.603100 Y70.047500 Z-0.125000
G01 X47.446100 Y69.460900 Z-0.125000
G01 X47.005000 Y68.839700 Z-0.125000
G01 X46.542000 Y68.239000 Z-0.125000
G01 X46.739500 Y67.831900 Z-0.125000
G01 X47.209500 Y67.507500 Z-0.125000
G01 X47.757200 Y67.481300 Z-0.125000
G01 X48.375900 Y67.751900 Z-0.125000
G01 X49.059000 Y68.317800 Z-0.125000
G01 X49.059000 Y68.317800 Z-0.125000
G00 Z5.000000

(End cutting path id: path2)


(Start cutting path id: path2)
(Change tool to Default tool)

G00 Z5.000000
G00 X47.414800 Y69.701600

G01 Z-0.125000 F100.0(Penetrate)
G01 X45.761500 Y68.048300 Z-0.125000 F400.000000
G01 X45.743200 Y67.930500 Z-0.125000
G01 X45.888100 Y67.856800 Z-0.125000
G01 X46.279300 Y67.930000 Z-0.125000
G01 X46.315300 Y67.966000 Z-0.125000
G01 X46.548300 Y67.880900 Z-0.125000
G01 X46.588700 Y67.603200 Z-0.125000
G01 X46.587500 Y67.602000 Z-0.125000
G01 X46.677200 Y67.373800 Z-0.125000
G01 X46.957100 Y67.335600 Z-0.125000
G01 X46.957100 Y67.335600 Z-0.125000
G01 X47.315500 Y67.375900 Z-0.125000
G01 X47.483800 Y67.226100 Z-0.125000
G01 X47.446700 Y67.189100 Z-0.125000
G01 X47.441500 Y67.084400 Z-0.125000
G01 X47.614900 Y67.039200 Z-0.125000
G01 X48.047300 Y67.153600 Z-0.125000
G01 X50.549400 Y69.655700 Z-0.125000
G00 Z5.000000

(End cutting path id: path2)


(Start cutting path id: path2)
(Change tool to Default tool)

G00 Z5.000000
G00 X51.869000 Y70.974700

G01 Z-0.125000 F100.0(Penetrate)
G01 X57.075200 Y76.180800 Z-0.125000 F400.000000
G01 X57.321700 Y76.327900 Z-0.125000
G01 X57.530000 Y76.317600 Z-0.125000
G01 X57.619100 Y76.188000 Z-0.125000
G01 X57.507800 Y75.977300 Z-0.125000
G01 X53.555000 Y72.024500 Z-0.125000
G01 X53.497400 Y71.867600 Z-0.125000
G01 X53.704800 Y71.856300 Z-0.125000
G01 X54.331800 Y72.165200 Z-0.125000
G01 X58.194800 Y76.028200 Z-0.125000
G01 X58.816700 Y76.332100 Z-0.125000
G01 X59.020700 Y76.317400 Z-0.125000
G01 X58.961600 Y76.158900 Z-0.125000
G01 X55.106700 Y72.304100 Z-0.125000
G01 X55.048800 Y72.146800 Z-0.125000
G01 X55.255300 Y72.134600 Z-0.125000
G01 X55.881000 Y72.442300 Z-0.125000
G01 X59.970700 Y76.531900 Z-0.125000
G00 Z5.000000

(End cutting path id: path2)


(Start cutting path id: path2)
(Change tool to Default tool)

G00 Z5.000000
G00 X54.426000 Y75.757700

G01 Z-0.125000 F100.0(Penetrate)
G01 X56.226600 Y76.060500 Z-0.125000 F400.000000
G01 X56.856100 Y76.162700 Z-0.125000
G01 X56.770900 Y77.488300 Z-0.125000
G01 X56.455200 Y81.724900 Z-0.125000
G01 X56.330300 Y82.043900 Z-0.125000
G01 X56.148600 Y81.695500 Z-0.125000
G01 X55.370900 Y80.372800 Z-0.125000
G01 X54.777300 Y79.810800 Z-0.125000
G01 X53.949100 Y79.274700 Z-0.125000
G01 X53.083000 Y78.873300 Z-0.125000
G01 X52.375500 Y78.715300 Z-0.125000
G01 X51.993300 Y78.613700 Z-0.125000
G01 X52.029600 Y78.073800 Z-0.125000
G01 X52.279200 Y76.494700 Z-0.125000
G01 X52.391100 Y75.881600 Z-0.125000
G01 X52.657500 Y75.598600 Z-0.125000
G01 X53.271500 Y75.579400 Z-0.125000
G01 X54.425900 Y75.757700 Z-0.125000
G01 X54.426000 Y75.757700 Z-0.125000
G00 Z5.000000

(End cutting path id: path2)


(Start cutting path id: path2)
(Change tool to Default tool)

G00 Z5.000000
G00 X51.179600 Y75.826300

G01 Z-0.125000 F100.0(Penetrate)
G01 X51.100200 Y78.568300 Z-0.125000 F400.000000
G01 X50.678100 Y81.073600 Z-0.125000
G01 X49.957600 Y83.164300 Z-0.125000
G01 X48.982900 Y84.662600 Z-0.125000
G01 X48.252300 Y85.278600 Z-0.125000
G01 X47.508900 Y85.426400 Z-0.125000
G01 X46.653800 Y85.197100 Z-0.125000
G01 X45.891000 Y84.490900 Z-0.125000
G01 X45.199500 Y83.280000 Z-0.125000
G01 X44.558200 Y81.536700 Z-0.125000
G01 X44.523300 Y81.293100 Z-0.125000
G01 X44.622500 Y81.090100 Z-0.125000
G01 X45.407300 Y80.602900 Z-0.125000
G01 X46.526100 Y79.885600 Z-0.125000
G01 X46.808700 Y79.760100 Z-0.125000
G01 X47.344600 Y79.794900 Z-0.125000
G01 X48.022900 Y79.784800 Z-0.125000
G01 X48.681800 Y79.229600 Z-0.125000
G01 X49.118900 Y78.640800 Z-0.125000
G01 X49.455600 Y77.897800 Z-0.125000
G01 X49.860800 Y75.853200 Z-0.125000
G01 X49.955200 Y75.048500 Z-0.125000
G01 X50.563800 Y75.120300 Z-0.125000
G01 X51.054300 Y75.302400 Z-0.125000
G01 X51.179600 Y75.826300 Z-0.125000
G01 X51.179600 Y75.826300 Z-0.125000
G00 Z5.000000

(End cutting path id: path2)


(Start cutting path id: path2)
(Change tool to Default tool)

G00 Z5.000000
G00 X53.622500 Y79.725900

G01 Z-0.125000 F100.0(Penetrate)
G01 X53.014200 Y79.117600 Z-0.125000 F400.000000
G01 X52.996300 Y79.000300 Z-0.125000
G01 X53.290900 Y79.076200 Z-0.125000
G01 X54.044600 Y79.511800 Z-0.125000
G01 X55.857400 Y81.324600 Z-0.125000
G00 Z5.000000

(End cutting path id: path2)


(Start cutting path id: path2)
(Change tool to Default tool)

G00 Z5.000000
G00 X54.642900 Y80.554600

G01 Z-0.125000 F100.0(Penetrate)
G01 X55.317800 Y81.404900 Z-0.125000 F400.000000
G01 X55.715200 Y82.244200 Z-0.125000
G01 X55.836600 Y83.077300 Z-0.125000
G01 X55.683300 Y83.908900 Z-0.125000
G01 X55.313200 Y84.598700 Z-0.125000
G01 X54.762900 Y85.141300 Z-0.125000
G01 X54.088800 Y85.495300 Z-0.125000
G01 X53.347400 Y85.619400 Z-0.125000
G01 X51.920500 Y85.270100 Z-0.125000
G01 X50.632100 Y84.473100 Z-0.125000
G01 X50.206900 Y84.064600 Z-0.125000
G01 X50.694700 Y82.857100 Z-0.125000
G01 X51.410500 Y80.527800 Z-0.125000
G01 X51.822800 Y79.276800 Z-0.125000
G01 X52.327000 Y79.232100 Z-0.125000
G01 X53.087000 Y79.485400 Z-0.125000
G01 X53.919900 Y79.953800 Z-0.125000
G01 X54.642900 Y80.554600 Z-0.125000
G01 X54.642900 Y80.554600 Z-0.125000
G00 Z5.000000

(End cutting path id: path2)


(Start cutting path id: path2)
(Change tool to Default tool)

G00 Z5.000000
G00 X55.961000 Y84.608800

G01 Z-0.125000 F100.0(Penetrate)
G01 X55.808100 Y84.455900 Z-0.125000 F400.000000
G01 X55.747300 Y84.077100 Z-0.125000
G01 X55.848900 Y83.960000 Z-0.125000
G01 X55.992300 Y84.004100 Z-0.125000
G01 X56.460300 Y84.472100 Z-0.125000
G01 X56.647900 Y84.560200 Z-0.125000
G01 X56.726500 Y84.420200 Z-0.125000
G01 X56.515500 Y83.891200 Z-0.125000
G01 X56.192300 Y83.567900 Z-0.125000
G01 X55.952000 Y83.009500 Z-0.125000
G01 X56.010400 Y82.849300 Z-0.125000
G01 X56.188700 Y82.928200 Z-0.125000
G01 X56.569600 Y83.309200 Z-0.125000
G01 X56.756600 Y83.396800 Z-0.125000
G01 X56.834100 Y83.255600 Z-0.125000
G01 X56.621500 Y82.725000 Z-0.125000
G01 X55.763000 Y81.866500 Z-0.125000
G01 X55.771800 Y81.775900 Z-0.125000
G01 X56.053700 Y81.839100 Z-0.125000
G01 X56.719500 Y82.186800 Z-0.125000
G01 X56.739500 Y82.206800 Z-0.125000
G01 X56.872500 Y82.240500 Z-0.125000
G01 X56.930600 Y82.079800 Z-0.125000
G01 X56.786500 Y81.617700 Z-0.125000
G01 X56.779500 Y81.610700 Z-0.125000
G01 X56.646000 Y81.159200 Z-0.125000
G01 X56.704800 Y80.999300 Z-0.125000
G01 X56.833700 Y81.028800 Z-0.125000
G01 X56.837100 Y81.032200 Z-0.125000
G01 X56.961000 Y81.056800 Z-0.125000
G01 X57.013700 Y80.890800 Z-0.125000
G01 X56.876200 Y80.435200 Z-0.125000
G01 X56.874000 Y80.433000 Z-0.125000
G01 X56.738700 Y79.979700 Z-0.125000
G01 X56.791000 Y79.813300 Z-0.125000
G01 X56.913400 Y79.836300 Z-0.125000
G01 X56.917900 Y79.840800 Z-0.125000
G01 X57.035500 Y79.859000 Z-0.125000
G01 X57.083600 Y79.688400 Z-0.125000
G01 X56.948300 Y79.235100 Z-0.125000
G01 X56.942000 Y79.228800 Z-0.125000
G01 X56.817600 Y78.786400 Z-0.125000
G01 X56.867200 Y78.617300 Z-0.125000
G01 X56.981500 Y78.632200 Z-0.125000
G01 X56.993800 Y78.644500 Z-0.125000
G01 X57.095000 Y78.646300 Z-0.125000
G01 X57.133000 Y78.465600 Z-0.125000
G01 X57.008600 Y78.023200 Z-0.125000
G01 X56.989400 Y78.004000 Z-0.125000
G01 X56.896300 Y77.592900 Z-0.125000
G01 X56.937900 Y77.415800 Z-0.125000
G01 X57.028500 Y77.407000 Z-0.125000
G01 X57.038000 Y77.416500 Z-0.125000
G01 X57.150700 Y77.211200 Z-0.125000
G01 X57.057300 Y76.799700 Z-0.125000
G01 X56.954200 Y76.696600 Z-0.125000
G00 Z5.000000

(End cutting path id: path2)


(Start cutting path id: path2)
(Change tool to Default tool)

G00 Z5.000000
G00 X56.959500 Y71.613000

G01 Z-0.125000 F100.0(Penetrate)
G01 X56.765300 Y71.418800 Z-0.125000 F400.000000
G01 X56.599900 Y70.935400 Z-0.125000
G01 X56.650200 Y70.767100 Z-0.125000
G01 X56.784400 Y70.801900 Z-0.125000
G01 X56.789400 Y70.806900 Z-0.125000
G01 X56.916800 Y70.834900 Z-0.125000
G01 X56.959200 Y70.658600 Z-0.125000
G01 X56.789300 Y70.170600 Z-0.125000
G01 X56.787400 Y70.168700 Z-0.125000
G01 X56.621100 Y69.684400 Z-0.125000
G01 X56.664400 Y69.509000 Z-0.125000
G01 X56.791000 Y69.536200 Z-0.125000
G01 X56.791000 Y69.536200 Z-0.125000
G01 X56.917000 Y69.562800 Z-0.125000
G01 X56.958900 Y69.386100 Z-0.125000
G01 X56.790800 Y68.899900 Z-0.125000
G01 X56.788800 Y68.897900 Z-0.125000
G01 X56.616700 Y68.407800 Z-0.125000
G01 X56.657800 Y68.230200 Z-0.125000
G01 X56.784600 Y68.257700 Z-0.125000
G01 X56.786600 Y68.259700 Z-0.125000
G01 X56.915100 Y68.288700 Z-0.125000
G01 X56.956800 Y68.111800 Z-0.125000
G01 X56.782800 Y67.619800 Z-0.125000
G01 X56.780600 Y67.617600 Z-0.125000
G01 X56.599600 Y67.118500 Z-0.125000
G01 X56.638500 Y66.938700 Z-0.125000
G01 X56.767000 Y66.967900 Z-0.125000
G01 X56.771600 Y66.972500 Z-0.125000
G01 X56.903700 Y67.005100 Z-0.125000
G01 X56.943900 Y66.826700 Z-0.125000
G01 X56.758700 Y66.323400 Z-0.125000
G01 X56.758400 Y66.323100 Z-0.125000
G01 X56.569700 Y65.816400 Z-0.125000
G01 X56.607900 Y65.635900 Z-0.125000
G01 X56.739200 Y65.667800 Z-0.125000
G01 X56.742700 Y65.671300 Z-0.125000
G01 X56.874500 Y65.703800 Z-0.125000
G01 X56.911200 Y65.521800 Z-0.125000
G01 X56.717800 Y65.010400 Z-0.125000
G01 X56.717800 Y65.010400 Z-0.125000
G01 X56.517300 Y64.491700 Z-0.125000
G01 X56.549000 Y64.304900 Z-0.125000
G01 X56.678700 Y64.335100 Z-0.125000
G01 X56.694900 Y64.351300 Z-0.125000
G01 X56.821500 Y64.378600 Z-0.125000
G01 X56.853300 Y64.191600 Z-0.125000
G01 X56.659000 Y63.679300 Z-0.125000
G01 X56.655700 Y63.676000 Z-0.125000
G01 X56.464100 Y63.166400 Z-0.125000
G01 X56.494600 Y62.978200 Z-0.125000
G01 X56.618500 Y63.002800 Z-0.125000
G01 X56.620000 Y63.004300 Z-0.125000
G01 X56.741000 Y63.025900 Z-0.125000
G01 X56.767100 Y62.833300 Z-0.125000
G01 X56.571200 Y62.319300 Z-0.125000
G01 X56.569800 Y62.317900 Z-0.125000
G01 X56.369400 Y61.799500 Z-0.125000
G01 X56.391100 Y61.602600 Z-0.125000
G01 X56.509300 Y61.621300 Z-0.125000
G01 X56.509300 Y61.621300 Z-0.125000
G01 X56.625800 Y61.638500 Z-0.125000
G01 X56.644100 Y61.438100 Z-0.125000
G01 X56.438600 Y60.914600 Z-0.125000
G01 X56.432800 Y60.908800 Z-0.125000
G01 X56.212700 Y60.370500 Z-0.125000
G01 X56.226300 Y60.165500 Z-0.125000
G01 X56.344400 Y60.184200 Z-0.125000
G01 X56.349000 Y60.188800 Z-0.125000
G01 X56.469400 Y60.209800 Z-0.125000
G01 X56.481300 Y60.003100 Z-0.125000
G01 X56.252300 Y59.456000 Z-0.125000
G01 X56.194700 Y59.398400 Z-0.125000
G01 X56.001800 Y58.887500 Z-0.125000
G01 X56.030400 Y58.697400 Z-0.125000
G01 X56.152700 Y58.720300 Z-0.125000
G01 X56.154300 Y58.721900 Z-0.125000
G01 X56.263000 Y58.731300 Z-0.125000
G01 X56.263800 Y58.513400 Z-0.125000
G01 X56.032800 Y57.964300 Z-0.125000
G01 X55.862500 Y57.794000 Z-0.125000
G00 Z5.000000

(End cutting path id: path2)


(Start cutting path id: path2)
(Change tool to Default tool)

G00 Z5.000000
G00 X44.311900 Y66.598700

G01 Z-0.125000 F100.0(Penetrate)
G01 X44.395900 Y66.682700 Z-0.125000 F400.000000
G01 X44.586800 Y66.555500 Z-0.125000
G01 X44.609600 Y66.260200 Z-0.125000
G01 X44.601000 Y66.251600 Z-0.125000
G01 X44.611000 Y65.943600 Z-0.125000
G01 X44.806200 Y65.820800 Z-0.125000
G01 X44.810400 Y65.825000 Z-0.125000
G01 X45.014100 Y65.710600 Z-0.125000
G01 X45.024100 Y65.402500 Z-0.125000
G01 X45.020400 Y65.398800 Z-0.125000
G01 X45.022900 Y65.083300 Z-0.125000
G01 X45.226500 Y64.968900 Z-0.125000
G01 X45.230200 Y64.972600 Z-0.125000
G01 X45.441400 Y64.865700 Z-0.125000
G01 X45.443900 Y64.550100 Z-0.125000
G01 X45.441600 Y64.547800 Z-0.125000
G01 X45.439700 Y64.227900 Z-0.125000
G01 X45.651100 Y64.121200 Z-0.125000
G01 X45.653200 Y64.123300 Z-0.125000
G01 X45.868700 Y64.020800 Z-0.125000
G01 X45.866800 Y63.700900 Z-0.125000
G01 X45.864700 Y63.698800 Z-0.125000
G01 X45.858700 Y63.374700 Z-0.125000
G01 X46.074200 Y63.272200 Z-0.125000
G01 X46.076300 Y63.274300 Z-0.125000
G01 X46.296000 Y63.175900 Z-0.125000
G01 X46.289900 Y62.851800 Z-0.125000
G01 X46.288500 Y62.850400 Z-0.125000
G01 X46.280100 Y62.523900 Z-0.125000
G01 X46.381400 Y62.406600 Z-0.125000
G01 X46.500200 Y62.425900 Z-0.125000
G01 X46.501200 Y62.426900 Z-0.125000
G01 X46.621000 Y62.447400 Z-0.125000
G01 X46.723300 Y62.331000 Z-0.125000
G01 X46.715000 Y62.004700 Z-0.125000
G01 X46.713900 Y62.003600 Z-0.125000
G01 X46.703400 Y61.675000 Z-0.125000
G01 X46.805200 Y61.558200 Z-0.125000
G01 X46.925500 Y61.579100 Z-0.125000
G01 X46.926600 Y61.580200 Z-0.125000
G01 X47.048200 Y61.602300 Z-0.125000
G01 X47.151100 Y61.486600 Z-0.125000
G01 X47.140500 Y61.158000 Z-0.125000
G01 X47.139400 Y61.156900 Z-0.125000
G01 X47.126900 Y60.826300 Z-0.125000
G01 X47.229400 Y60.710200 Z-0.125000
G01 X47.351500 Y60.732900 Z-0.125000
G01 X47.352400 Y60.733800 Z-0.125000
G01 X47.475500 Y60.757500 Z-0.125000
G01 X47.578900 Y60.642200 Z-0.125000
G01 X47.566300 Y60.311600 Z-0.125000
G01 X47.565500 Y60.310800 Z-0.125000
G01 X47.551400 Y59.978600 Z-0.125000
G01 X47.654400 Y59.863000 Z-0.125000
G01 X47.777800 Y59.887000 Z-0.125000
G01 X47.778900 Y59.888100 Z-0.125000
G01 X47.903600 Y59.913400 Z-0.125000
G01 X48.007900 Y59.799000 Z-0.125000
G01 X47.994100 Y59.467100 Z-0.125000
G01 X47.992700 Y59.465700 Z-0.125000
G01 X47.975900 Y59.130900 Z-0.125000
G01 X48.079400 Y59.015800 Z-0.125000
G01 X48.204600 Y59.041600 Z-0.125000
G01 X48.206200 Y59.043200 Z-0.125000
G01 X48.333100 Y59.070700 Z-0.125000
G01 X48.438200 Y58.957100 Z-0.125000
G01 X48.421400 Y58.622200 Z-0.125000
G01 X48.418900 Y58.619700 Z-0.125000
G01 X48.396500 Y58.279300 Z-0.125000
G01 X48.500100 Y58.164300 Z-0.125000
G01 X48.627900 Y58.192700 Z-0.125000
G01 X48.631300 Y58.196100 Z-0.125000
G01 X48.763100 Y58.228500 Z-0.125000
G01 X48.870600 Y58.117300 Z-0.125000
G01 X48.849400 Y57.778000 Z-0.125000
G01 X48.843700 Y57.772300 Z-0.125000
G01 X48.808700 Y57.419300 Z-0.125000
G01 X48.912200 Y57.304200 Z-0.125000
G01 X49.045800 Y57.338300 Z-0.125000
G01 X49.053700 Y57.346200 Z-0.125000
G01 X49.195800 Y57.389000 Z-0.125000
G01 X49.307000 Y57.281500 Z-0.125000
G01 X49.272400 Y56.928800 Z-0.125000
G01 X49.261400 Y56.917900 Z-0.125000
G01 X49.200200 Y56.538600 Z-0.125000
G01 X49.303200 Y56.423000 Z-0.125000
G01 X49.448700 Y56.469000 Z-0.125000
G01 X49.467100 Y56.487400 Z-0.125000
G01 X49.632100 Y56.553000 Z-0.125000
G01 X49.752400 Y56.454700 Z-0.125000
G01 X49.691200 Y56.075400 Z-0.125000
G01 X49.663900 Y56.048200 Z-0.125000
G01 X49.533700 Y55.599900 Z-0.125000
G01 X49.632200 Y55.479700 Z-0.125000
G01 X49.804500 Y55.552700 Z-0.125000
G01 X49.856400 Y55.604500 Z-0.125000
G01 X50.072800 Y55.721500 Z-0.125000
G01 X50.215000 Y55.645000 Z-0.125000
G01 X50.237800 Y55.449300 Z-0.125000
G01 X50.096500 Y55.208500 Z-0.125000
G01 X49.920500 Y55.032500 Z-0.125000
G01 X49.633200 Y54.427200 Z-0.125000
G01 X49.659300 Y54.234600 Z-0.125000
G01 X49.823000 Y54.298900 Z-0.125000
G01 X50.465700 Y54.941700 Z-0.125000
G01 X50.734000 Y54.891900 Z-0.125000
G01 X50.750200 Y54.590000 Z-0.125000
G01 X50.743700 Y54.583500 Z-0.125000
G01 X50.790400 Y54.312200 Z-0.125000
G01 X51.076300 Y54.280000 Z-0.125000
G01 X51.076300 Y54.280000 Z-0.125000
G01 X51.373300 Y54.258900 Z-0.125000
G01 X51.431000 Y53.998600 Z-0.125000
G01 X51.428900 Y53.996500 Z-0.125000
G01 X51.399000 Y53.867300 Z-0.125000
G01 X51.503800 Y53.753400 Z-0.125000
G01 X51.822200 Y53.753700 Z-0.125000
G01 X51.827600 Y53.759100 Z-0.125000
G01 X52.198600 Y53.812100 Z-0.125000
G01 X52.334600 Y53.729400 Z-0.125000
G01 X52.315500 Y53.610900 Z-0.125000
G01 X52.301500 Y53.596900 Z-0.125000
G01 X52.284100 Y53.480100 Z-0.125000
G01 X52.443300 Y53.420700 Z-0.125000
G01 X52.867200 Y53.526500 Z-0.125000
G01 X53.124700 Y53.784000 Z-0.125000
G00 Z5.000000

(End cutting path id: path2)


(Start cutting path id: path2)
(Change tool to Default tool)

G00 Z5.000000
G00 X38.720800 Y48.319000

G01 Z-0.125000 F100.0(Penetrate)
G01 X42.194100 Y66.121500 Z-0.125000 F400.000000
G01 X42.188200 Y66.299400 Z-0.125000
G01 X41.941000 Y66.384900 Z-0.125000
G01 X40.161800 Y66.338700 Z-0.125000
G01 X37.912600 Y66.041900 Z-0.125000
G01 X36.664200 Y61.074500 Z-0.125000
G01 X35.533000 Y56.286100 Z-0.125000
G01 X35.837600 Y55.114800 Z-0.125000
G01 X36.668800 Y52.400800 Z-0.125000
G01 X37.617600 Y49.913000 Z-0.125000
G01 X38.397200 Y48.327000 Z-0.125000
G01 X38.633900 Y48.084000 Z-0.125000
G01 X38.720800 Y48.319000 Z-0.125000
G01 X38.720800 Y48.319000 Z-0.125000
G00 Z5.000000

(End cutting path id: path2)


(Start cutting path id: path2)
(Change tool to Default tool)

G00 Z5.000000
G00 X35.632600 Y57.283300

G01 Z-0.125000 F100.0(Penetrate)
G01 X35.173200 Y56.823800 Z-0.125000 F400.000000
G01 X35.091700 Y56.424400 Z-0.125000
G01 X35.168700 Y56.282700 Z-0.125000
G01 X35.294000 Y56.308600 Z-0.125000
G01 X35.322600 Y56.337100 Z-0.125000
G01 X35.417800 Y56.333000 Z-0.125000
G01 X35.468800 Y56.165400 Z-0.125000
G01 X35.388600 Y55.767000 Z-0.125000
G01 X35.388500 Y55.767000 Z-0.125000
G01 X35.341000 Y55.401400 Z-0.125000
G01 X35.414500 Y55.256200 Z-0.125000
G01 X35.519900 Y55.262300 Z-0.125000
G01 X35.519900 Y55.262300 Z-0.125000
G01 X35.625700 Y55.268700 Z-0.125000
G01 X35.699900 Y55.124200 Z-0.125000
G01 X35.653400 Y54.759700 Z-0.125000
G01 X35.649100 Y54.755400 Z-0.125000
G01 X35.608400 Y54.396600 Z-0.125000
G01 X35.685200 Y54.254700 Z-0.125000
G01 X35.791300 Y54.261400 Z-0.125000
G01 X35.791300 Y54.261400 Z-0.125000
G01 X35.898000 Y54.268700 Z-0.125000
G01 X35.976200 Y54.128300 Z-0.125000
G01 X35.937600 Y53.771600 Z-0.125000
G01 X35.935500 Y53.769500 Z-0.125000
G01 X35.896300 Y53.412300 Z-0.125000
G01 X35.976200 Y53.273500 Z-0.125000
G01 X36.085000 Y53.282900 Z-0.125000
G01 X36.085700 Y53.283600 Z-0.125000
G01 X36.195900 Y53.294400 Z-0.125000
G01 X36.277900 Y53.157800 Z-0.125000
G01 X36.240800 Y52.802600 Z-0.125000
G01 X36.239800 Y52.801600 Z-0.125000
G01 X36.202600 Y52.446400 Z-0.125000
G01 X36.285400 Y52.311000 Z-0.125000
G01 X36.396700 Y52.322000 Z-0.125000
G01 X36.398300 Y52.324000 Z-0.125000
G01 X36.512000 Y52.339000 Z-0.125000
G01 X36.598200 Y52.206000 Z-0.125000
G01 X36.563600 Y51.854000 Z-0.125000
G01 X36.562700 Y51.853000 Z-0.125000
G01 X36.528900 Y51.501000 Z-0.125000
G01 X36.616500 Y51.370000 Z-0.125000
G01 X36.731500 Y51.385000 Z-0.125000
G01 X36.732300 Y51.386000 Z-0.125000
G01 X36.847400 Y51.402000 Z-0.125000
G01 X36.936100 Y51.272000 Z-0.125000
G01 X36.904900 Y50.923000 Z-0.125000
G01 X36.904600 Y50.922000 Z-0.125000
G01 X36.877300 Y50.577000 Z-0.125000
G01 X36.968300 Y50.449000 Z-0.125000
G01 X37.084200 Y50.466000 Z-0.125000
G01 X37.085200 Y50.467000 Z-0.125000
G01 X37.201000 Y50.483000 Z-0.125000
G01 X37.293100 Y50.357000 Z-0.125000
G01 X37.268600 Y50.014000 Z-0.125000
G01 X37.267500 Y50.013000 Z-0.125000
G01 X37.248000 Y49.676000 Z-0.125000
G01 X37.342500 Y49.552000 Z-0.125000
G01 X37.458700 Y49.568000 Z-0.125000
G01 X37.459300 Y49.569000 Z-0.125000
G01 X37.575700 Y49.586000 Z-0.125000
G01 X37.671700 Y49.463000 Z-0.125000
G01 X37.655300 Y49.129000 Z-0.125000
G01 X37.655300 Y49.129000 Z-0.125000
G01 X37.642600 Y48.798000 Z-0.125000
G01 X37.741100 Y48.678000 Z-0.125000
G01 X37.858700 Y48.696000 Z-0.125000
G01 X37.976000 Y48.813000 Z-0.125000
G00 Z5.000000

(End cutting path id: path2)


(Start cutting path id: path2)
(Change tool to Default tool)

G00 Z5.000000
G00 X36.058000 Y61.057300

G01 Z-0.125000 F100.0(Penetrate)
G01 X37.034000 Y65.136700 Z-0.125000 F400.000000
G01 X37.300200 Y66.263300 Z-0.125000
G01 X36.184700 Y66.583200 Z-0.125000
G01 X34.625000 Y67.188300 Z-0.125000
G01 X34.368500 Y67.333500 Z-0.125000
G01 X34.236600 Y67.282300 Z-0.125000
G01 X34.180900 Y66.234000 Z-0.125000
G01 X34.635200 Y61.243900 Z-0.125000
G01 X35.000400 Y58.910800 Z-0.125000
G01 X35.277300 Y58.033600 Z-0.125000
G01 X36.058000 Y61.057300 Z-0.125000
G01 X36.058000 Y61.057300 Z-0.125000
G00 Z5.000000

(End cutting path id: path2)


(Start cutting path id: path2)
(Change tool to Default tool)

G00 Z5.000000
G00 X38.213500 Y66.225200

G01 Z-0.125000 F100.0(Penetrate)
G01 X49.212300 Y77.224000 Z-0.125000 F400.000000
G01 X49.410000 Y77.322300 Z-0.125000
G01 X49.511000 Y77.204600 Z-0.125000
G01 X49.332600 Y76.708200 Z-0.125000
G01 X39.239900 Y66.615500 Z-0.125000
G01 X39.170000 Y66.446200 Z-0.125000
G01 X39.350100 Y66.407600 Z-0.125000
G01 X39.937300 Y66.676700 Z-0.125000
G01 X49.424300 Y76.163800 Z-0.125000
G01 X49.613700 Y76.253800 Z-0.125000
G01 X49.696400 Y76.117800 Z-0.125000
G01 X49.491400 Y75.594800 Z-0.125000
G01 X40.616500 Y66.719900 Z-0.125000
G01 X40.541900 Y66.545900 Z-0.125000
G01 X40.711800 Y66.497100 Z-0.125000
G01 X41.284100 Y66.751400 Z-0.125000
G01 X49.552700 Y75.019900 Z-0.125000
G01 X49.778600 Y75.146500 Z-0.125000
G01 X49.941700 Y75.090900 Z-0.125000
G01 X49.985500 Y74.916000 Z-0.125000
G01 X49.853600 Y74.684800 Z-0.125000
G01 X41.937500 Y66.768700 Z-0.125000
G01 X41.843200 Y66.574900 Z-0.125000
G01 X41.969400 Y66.482600 Z-0.125000
G01 X42.478400 Y66.673500 Z-0.125000
G01 X51.925800 Y76.120900 Z-0.125000
G01 X52.121100 Y76.216700 Z-0.125000
G01 X52.216700 Y76.093700 Z-0.125000
G01 X52.030400 Y75.589400 Z-0.125000
G01 X43.714000 Y67.272900 Z-0.125000
G01 X43.632500 Y67.092100 Z-0.125000
G01 X43.787200 Y67.028100 Z-0.125000
G01 X44.337500 Y67.260400 Z-0.125000
G01 X52.329500 Y75.252300 Z-0.125000
G01 X52.876500 Y75.481300 Z-0.125000
G01 X53.028900 Y75.415100 Z-0.125000
G01 X52.946400 Y75.233200 Z-0.125000
G01 X48.925100 Y71.211900 Z-0.125000
G01 X48.869100 Y71.056400 Z-0.125000
G01 X49.079700 Y71.048400 Z-0.125000
G01 X49.711400 Y71.362000 Z-0.125000
G01 X53.643600 Y75.294200 Z-0.125000
G01 X54.264100 Y75.596700 Z-0.125000
G01 X54.467000 Y75.581000 Z-0.125000
G01 X54.407500 Y75.422000 Z-0.125000
G01 X50.452900 Y71.467500 Z-0.125000
G01 X50.344700 Y71.259800 Z-0.125000
G01 X50.440500 Y71.137000 Z-0.125000
G01 X50.655600 Y71.133500 Z-0.125000
G01 X50.905200 Y71.283600 Z-0.125000
G01 X55.172200 Y75.550600 Z-0.125000
G01 X55.793300 Y75.853700 Z-0.125000
G01 X55.996700 Y75.838400 Z-0.125000
G01 X55.937300 Y75.679700 Z-0.125000
G01 X50.650500 Y70.392900 Z-0.125000
G01 X50.709700 Y70.253300 Z-0.125000
G01 X51.112700 Y70.219000 Z-0.125000
G01 X51.964700 Y70.434900 Z-0.125000
G01 X51.970100 Y70.440300 Z-0.125000
G01 X52.091100 Y70.461800 Z-0.125000
G01 X52.092000 Y70.244100 Z-0.125000
G01 X51.834800 Y69.668900 Z-0.125000
G01 X51.830000 Y69.664100 Z-0.125000
G01 X51.571300 Y69.087300 Z-0.125000
G01 X51.566600 Y68.863900 Z-0.125000
G01 X51.682000 Y68.880000 Z-0.125000
G01 X51.683400 Y68.881400 Z-0.125000
G01 X51.793200 Y68.891700 Z-0.125000
G01 X51.778000 Y68.657800 Z-0.125000
G01 X51.505900 Y68.067700 Z-0.125000
G01 X51.322600 Y67.884400 Z-0.125000
G00 Z5.000000

(End cutting path id: path2)


(Start cutting path id: path2)
(Change tool to Default tool)

G00 Z5.000000
G00 X42.749400 Y66.308200

G01 Z-0.125000 F100.0(Penetrate)
G01 X42.492300 Y66.051200 Z-0.125000 F400.000000
G01 X42.182000 Y65.422800 Z-0.125000
G01 X42.180400 Y65.202500 Z-0.125000
G01 X42.323400 Y65.246100 Z-0.125000
G01 X42.332800 Y65.255500 Z-0.125000
G01 X42.467200 Y65.290600 Z-0.125000
G01 X42.460000 Y65.064700 Z-0.125000
G01 X42.154300 Y64.441000 Z-0.125000
G01 X42.148000 Y64.434700 Z-0.125000
G01 X41.858100 Y63.826700 Z-0.125000
G01 X41.855800 Y63.605700 Z-0.125000
G01 X41.988500 Y63.639000 Z-0.125000
G01 X41.991800 Y63.642300 Z-0.125000
G01 X42.121300 Y63.672500 Z-0.125000
G01 X42.116800 Y63.449300 Z-0.125000
G01 X41.828100 Y62.842600 Z-0.125000
G01 X41.825800 Y62.840300 Z-0.125000
G01 X41.543500 Y62.239900 Z-0.125000
G01 X41.541100 Y62.018900 Z-0.125000
G01 X41.670200 Y62.048500 Z-0.125000
G01 X41.670700 Y62.049100 Z-0.125000
G01 X41.799200 Y62.078200 Z-0.125000
G01 X41.796300 Y61.856600 Z-0.125000
G01 X41.514000 Y61.256200 Z-0.125000
G01 X41.513400 Y61.255700 Z-0.125000
G01 X41.232200 Y60.656400 Z-0.125000
G01 X41.229600 Y60.435100 Z-0.125000
G01 X41.357800 Y60.463900 Z-0.125000
G01 X41.358400 Y60.464500 Z-0.125000
G01 X41.486000 Y60.492800 Z-0.125000
G01 X41.482800 Y60.270900 Z-0.125000
G01 X41.201600 Y59.671700 Z-0.125000
G01 X41.201100 Y59.671100 Z-0.125000
G01 X40.920900 Y59.072900 Z-0.125000
G01 X40.918000 Y58.851300 Z-0.125000
G01 X41.045400 Y58.879400 Z-0.125000
G01 X41.046000 Y58.879900 Z-0.125000
G01 X41.172800 Y58.907300 Z-0.125000
G01 X41.169300 Y58.685200 Z-0.125000
G01 X40.889200 Y58.087100 Z-0.125000
G01 X40.888600 Y58.086500 Z-0.125000
G01 X40.609700 Y57.489500 Z-0.125000
G01 X40.606500 Y57.267600 Z-0.125000
G01 X40.733100 Y57.294800 Z-0.125000
G01 X40.735100 Y57.296800 Z-0.125000
G01 X40.859900 Y57.322300 Z-0.125000
G01 X40.855900 Y57.099500 Z-0.125000
G01 X40.578300 Y56.504000 Z-0.125000
G01 X40.576300 Y56.502000 Z-0.125000
G01 X40.302800 Y55.910400 Z-0.125000
G01 X40.299600 Y55.688500 Z-0.125000
G01 X40.423600 Y55.713100 Z-0.125000
G01 X40.424800 Y55.714300 Z-0.125000
G01 X40.547500 Y55.737600 Z-0.125000
G01 X40.543100 Y55.514600 Z-0.125000
G01 X40.269600 Y54.923000 Z-0.125000
G01 X40.268800 Y54.922200 Z-0.125000
G01 X39.997300 Y54.332700 Z-0.125000
G01 X39.993600 Y54.110300 Z-0.125000
G01 X40.116000 Y54.133400 Z-0.125000
G01 X40.116800 Y54.134200 Z-0.125000
G01 X40.238500 Y54.156400 Z-0.125000
G01 X40.234000 Y53.933300 Z-0.125000
G01 X39.962500 Y53.343700 Z-0.125000
G01 X39.961700 Y53.342900 Z-0.125000
G01 X39.691800 Y52.755000 Z-0.125000
G01 X39.687700 Y52.532200 Z-0.125000
G01 X39.809000 Y52.554100 Z-0.125000
G01 X39.809800 Y52.554900 Z-0.125000
G01 X39.930200 Y52.575900 Z-0.125000
G01 X39.925300 Y52.352000 Z-0.125000
G01 X39.655400 Y51.764000 Z-0.125000
G01 X39.653800 Y51.762000 Z-0.125000
G01 X39.387200 Y51.178000 Z-0.125000
G01 X39.383100 Y50.955000 Z-0.125000
G01 X39.502800 Y50.975000 Z-0.125000
G01 X39.503300 Y50.976000 Z-0.125000
G01 X39.622800 Y50.996000 Z-0.125000
G01 X39.618900 Y50.773000 Z-0.125000
G01 X39.353500 Y50.190000 Z-0.125000
G01 X39.353500 Y50.190000 Z-0.125000
G01 X39.083400 Y49.602000 Z-0.125000
G01 X39.076400 Y49.376000 Z-0.125000
G01 X39.194400 Y49.395000 Z-0.125000
G01 X39.200000 Y49.401000 Z-0.125000
G01 X39.324000 Y49.425000 Z-0.125000
G01 X39.322300 Y49.205000 Z-0.125000
G01 X39.052200 Y48.617000 Z-0.125000
G01 X38.960300 Y48.525000 Z-0.125000
G01 X38.395900 Y48.279000 Z-0.125000
G01 X38.123000 Y48.224000 Z-0.125000
G01 X38.077000 Y48.278000 Z-0.125000
G01 X38.077000 Y48.278000 Z-0.125000
G01 X38.333400 Y48.216000 Z-0.125000
G01 X38.344500 Y47.909000 Z-0.125000
G01 X38.319000 Y47.884000 Z-0.125000
G01 X38.282700 Y47.529000 Z-0.125000
G01 X38.396600 Y47.425000 Z-0.125000
G01 X38.542600 Y47.471000 Z-0.125000
G01 X38.923500 Y47.852000 Z-0.125000
G01 X39.041200 Y47.870000 Z-0.125000
G01 X39.046300 Y47.657000 Z-0.125000
G01 X38.806600 Y47.099000 Z-0.125000
G01 X38.753000 Y47.045000 Z-0.125000
G01 X38.744600 Y46.719000 Z-0.125000
G01 X38.858400 Y46.614000 Z-0.125000
G01 X38.991400 Y46.648000 Z-0.125000
G01 X39.000800 Y46.657000 Z-0.125000
G01 X39.125100 Y46.682000 Z-0.125000
G01 X39.232900 Y46.571000 Z-0.125000
G01 X39.228400 Y46.248000 Z-0.125000
G01 X39.227000 Y46.247000 Z-0.125000
G01 X39.237500 Y45.940000 Z-0.125000
G01 X39.481700 Y45.866000 Z-0.125000
G01 X39.481700 Y45.866000 Z-0.125000
G01 X39.731800 Y45.798000 Z-0.125000
G01 X39.748200 Y45.496000 Z-0.125000
G01 X39.746700 Y45.494000 Z-0.125000
G01 X39.764600 Y45.194000 Z-0.125000
G01 X40.019300 Y45.131000 Z-0.125000
G01 X40.021600 Y45.133000 Z-0.125000
G01 X40.285300 Y45.078000 Z-0.125000
G01 X40.307600 Y44.783000 Z-0.125000
G01 X40.305800 Y44.781000 Z-0.125000
G01 X40.329600 Y44.486000 Z-0.125000
G01 X40.598400 Y44.437000 Z-0.125000
G01 X40.600300 Y44.439000 Z-0.125000
G01 X40.873500 Y44.394000 Z-0.125000
G01 X40.902400 Y44.105000 Z-0.125000
G01 X40.899300 Y44.102000 Z-0.125000
G01 X40.938900 Y43.824000 Z-0.125000
G01 X41.216500 Y43.783000 Z-0.125000
G01 X41.220500 Y43.787000 Z-0.125000
G01 X41.496500 Y43.745000 Z-0.125000
G01 X41.542500 Y43.473000 Z-0.125000
G01 X41.539200 Y43.470000 Z-0.125000
G01 X41.599400 Y43.212000 Z-0.125000
G01 X41.883000 Y43.178000 Z-0.125000
G01 X41.883000 Y43.178000 Z-0.125000
G01 X42.176300 Y43.153000 Z-0.125000
G01 X42.246300 Y42.905000 Z-0.125000
G01 X42.245500 Y42.904000 Z-0.125000
G01 X42.322400 Y42.663000 Z-0.125000
G01 X42.624200 Y42.647000 Z-0.125000
G01 X47.100900 Y47.124000 Z-0.125000
G00 Z5.000000

(End cutting path id: path2)


(Start cutting path id: path2)
(Change tool to Default tool)

G00 Z5.000000
G00 X39.344500 Y32.053000

G01 Z-0.125000 F100.0(Penetrate)
G01 X37.311600 Y34.327000 Z-0.125000 F400.000000
G01 X35.333200 Y37.166000 Z-0.125000
G01 X33.780300 Y40.180000 Z-0.125000
G01 X32.352700 Y43.629000 Z-0.125000
G01 X31.061800 Y47.465000 Z-0.125000
G01 X29.919300 Y51.642000 Z-0.125000
G01 X28.936500 Y56.112000 Z-0.125000
G01 X28.125000 Y60.829200 Z-0.125000
G01 X27.496400 Y65.746300 Z-0.125000
G01 X27.062100 Y70.816600 Z-0.125000
G01 X26.899400 Y75.784700 Z-0.125000
G01 X26.926700 Y81.752500 Z-0.125000
G01 X27.122100 Y87.556700 Z-0.125000
G01 X27.463500 Y92.033900 Z-0.125000
G01 X28.460000 Y98.889200 Z-0.125000
G01 X29.727600 Y104.899000 Z-0.125000
G01 X31.287000 Y110.146000 Z-0.125000
G01 X33.159000 Y114.713100 Z-0.125000
G01 X34.583900 Y117.400400 Z-0.125000
G01 X36.062400 Y119.595300 Z-0.125000
G01 X37.636200 Y121.351700 Z-0.125000
G01 X39.347000 Y122.723500 Z-0.125000
G01 X40.153200 Y123.336000 Z-0.125000
G01 X40.257500 Y123.505500 Z-0.125000
G01 X40.179200 Y123.601400 Z-0.125000
G01 X38.234200 Y123.706100 Z-0.125000
G01 X35.865600 Y123.416400 Z-0.125000
G01 X34.663600 Y123.009200 Z-0.125000
G01 X33.477700 Y122.424300 Z-0.125000
G01 X31.216100 Y120.777300 Z-0.125000
G01 X29.203900 Y118.585900 Z-0.125000
G01 X27.564600 Y115.961100 Z-0.125000
G01 X26.743800 Y114.264800 Z-0.125000
G01 X26.416000 Y113.205500 Z-0.125000
G01 X26.536900 Y112.379400 Z-0.125000
G01 X27.062000 Y111.382500 Z-0.125000
G01 X27.998700 Y109.461600 Z-0.125000
G01 X28.258300 Y107.852400 Z-0.125000
G01 X27.999500 Y106.258500 Z-0.125000
G01 X27.267400 Y105.021000 Z-0.125000
G01 X26.746700 Y104.560900 Z-0.125000
G01 X26.135100 Y104.219800 Z-0.125000
G01 X25.441700 Y104.007900 Z-0.125000
G01 X24.675600 Y103.935000 Z-0.125000
G01 X24.119900 Y103.918800 Z-0.125000
G01 X23.783700 Y103.807300 Z-0.125000
G01 X23.232600 Y102.921500 Z-0.125000
G01 X22.325600 Y100.270100 Z-0.125000
G01 X21.517600 Y96.352700 Z-0.125000
G01 X20.850500 Y91.420800 Z-0.125000
G01 X20.366100 Y85.725800 Z-0.125000
G01 X20.175400 Y79.640100 Z-0.125000
G01 X20.295100 Y74.719900 Z-0.125000
G01 X20.420800 Y73.389100 Z-0.125000
G01 X21.445800 Y73.509600 Z-0.125000
G01 X22.937900 Y73.461500 Z-0.125000
G01 X24.296700 Y73.007000 Z-0.125000
G01 X25.387500 Y72.214600 Z-0.125000
G01 X26.076100 Y71.152500 Z-0.125000
G01 X26.269700 Y70.278300 Z-0.125000
G01 X26.279700 Y69.268100 Z-0.125000
G01 X26.115200 Y68.244000 Z-0.125000
G01 X25.785700 Y67.328300 Z-0.125000
G01 X25.119300 Y66.305800 Z-0.125000
G01 X24.175200 Y65.300500 Z-0.125000
G01 X23.029100 Y64.382400 Z-0.125000
G01 X21.757000 Y63.621000 Z-0.125000
G01 X20.324800 Y62.899800 Z-0.125000
G01 X20.458600 Y60.691600 Z-0.125000
G01 X20.794500 Y56.734100 Z-0.125000
G01 X21.305400 Y52.907700 Z-0.125000
G01 X21.973100 Y49.279000 Z-0.125000
G01 X22.779300 Y45.917000 Z-0.125000
G01 X23.705900 Y42.886000 Z-0.125000
G01 X24.734700 Y40.255000 Z-0.125000
G01 X25.847400 Y38.092000 Z-0.125000
G01 X27.025900 Y36.462000 Z-0.125000
G01 X27.899900 Y35.489000 Z-0.125000
G01 X28.918600 Y36.557000 Z-0.125000
G01 X29.735500 Y37.287000 Z-0.125000
G01 X30.551800 Y37.779000 Z-0.125000
G01 X31.335000 Y38.017000 Z-0.125000
G01 X32.052900 Y37.987000 Z-0.125000
G01 X33.192300 Y37.424000 Z-0.125000
G01 X34.118500 Y36.408000 Z-0.125000
G01 X34.775100 Y35.023000 Z-0.125000
G01 X35.106000 Y33.357000 Z-0.125000
G01 X35.426500 Y31.799000 Z-0.125000
G01 X36.532600 Y31.488000 Z-0.125000
G01 X38.509600 Y31.363000 Z-0.125000
G01 X40.173600 Y31.343000 Z-0.125000
G01 X39.344500 Y32.053000 Z-0.125000
G00 Z5.000000

(End cutting path id: path2)


(Start cutting path id: path2)
(Change tool to Default tool)

G00 Z5.000000
G00 X35.582000 Y31.152000

G01 Z-0.125000 F100.0(Penetrate)
G01 X35.764100 Y31.335000 Z-0.125000 F400.000000
G01 X36.174900 Y31.427000 Z-0.125000
G01 X36.325000 Y31.359000 Z-0.125000
G01 X36.303400 Y31.238000 Z-0.125000
G01 X36.300000 Y31.235000 Z-0.125000
G01 X36.285100 Y31.120000 Z-0.125000
G01 X36.445200 Y31.062000 Z-0.125000
G01 X36.865900 Y31.165000 Z-0.125000
G01 X36.865900 Y31.165000 Z-0.125000
G01 X37.301000 Y31.282000 Z-0.125000
G01 X37.471000 Y31.233000 Z-0.125000
G01 X37.460600 Y31.123000 Z-0.125000
G01 X37.452600 Y31.115000 Z-0.125000
G01 X37.436000 Y30.999000 Z-0.125000
G01 X37.603500 Y30.948000 Z-0.125000
G01 X38.045900 Y31.072000 Z-0.125000
G01 X38.055900 Y31.082000 Z-0.125000
G01 X38.524200 Y31.233000 Z-0.125000
G01 X38.700200 Y31.190000 Z-0.125000
G01 X38.681100 Y31.071000 Z-0.125000
G01 X38.662200 Y31.053000 Z-0.125000
G01 X38.635700 Y30.927000 Z-0.125000
G01 X38.812100 Y30.884000 Z-0.125000
G01 X39.297600 Y31.052000 Z-0.125000
G01 X39.465300 Y31.220000 Z-0.125000
G00 Z5.000000

(End cutting path id: path2)


(Start cutting path id: path2)
(Change tool to Default tool)

G00 Z5.000000
G00 X31.745400 Y22.227000

G01 Z-0.125000 F100.0(Penetrate)
G01 X32.683400 Y23.165000 Z-0.125000 F400.000000
G00 Z5.000000

(End cutting path id: path2)


(Start cutting path id: path2)
(Change tool to Default tool)

G00 Z5.000000
G00 X30.326400 Y21.866000

G01 Z-0.125000 F100.0(Penetrate)
G01 X31.031200 Y22.316000 Z-0.125000 F400.000000
G01 X31.852800 Y23.097000 Z-0.125000
G01 X32.623400 Y24.027000 Z-0.125000
G01 X33.175600 Y24.928000 Z-0.125000
G01 X33.667600 Y26.509000 Z-0.125000
G01 X34.124500 Y28.806000 Z-0.125000
G01 X34.442900 Y31.196000 Z-0.125000
G01 X34.519700 Y33.055000 Z-0.125000
G01 X34.193600 Y34.897000 Z-0.125000
G01 X33.499200 Y36.309000 Z-0.125000
G01 X33.039700 Y36.818000 Z-0.125000
G01 X32.519100 Y37.176000 Z-0.125000
G01 X31.947700 Y37.371000 Z-0.125000
G01 X31.335900 Y37.388000 Z-0.125000
G01 X30.655600 Y37.242000 Z-0.125000
G01 X30.062700 Y36.962000 Z-0.125000
G01 X29.539800 Y36.521000 Z-0.125000
G01 X29.069600 Y35.891000 Z-0.125000
G01 X28.218100 Y33.947000 Z-0.125000
G01 X27.369200 Y30.904000 Z-0.125000
G01 X26.756200 Y28.170000 Z-0.125000
G01 X26.478200 Y26.251000 Z-0.125000
G01 X26.516000 Y24.884000 Z-0.125000
G01 X26.850300 Y23.806000 Z-0.125000
G01 X27.645800 Y22.539000 Z-0.125000
G01 X28.473000 Y21.813000 Z-0.125000
G01 X29.364300 Y21.694000 Z-0.125000
G01 X30.326400 Y21.866000 Z-0.125000
G01 X30.326400 Y21.866000 Z-0.125000
G00 Z5.000000

(End cutting path id: path2)


(Start cutting path id: path2)
(Change tool to Default tool)

G00 Z5.000000
G00 X66.330800 Y30.732000

G01 Z-0.125000 F100.0(Penetrate)
G01 X65.687300 Y30.089000 Z-0.125000 F400.000000
G01 X65.401700 Y29.485000 Z-0.125000
G01 X65.420300 Y29.285000 Z-0.125000
G01 X65.574700 Y29.340000 Z-0.125000
G01 X65.627400 Y29.393000 Z-0.125000
G01 X65.731000 Y29.397000 Z-0.125000
G01 X65.711900 Y29.159000 Z-0.125000
G01 X65.443100 Y28.572000 Z-0.125000
G01 X65.408500 Y28.538000 Z-0.125000
G01 X65.242900 Y28.054000 Z-0.125000
G01 X65.262200 Y27.855000 Z-0.125000
G01 X65.361300 Y27.855000 Z-0.125000
G01 X65.361300 Y27.855000 Z-0.125000
G01 X65.463100 Y27.857000 Z-0.125000
G01 X65.488100 Y27.663000 Z-0.125000
G01 X65.331100 Y27.188000 Z-0.125000
G01 X65.331000 Y27.188000 Z-0.125000
G01 X65.150700 Y26.690000 Z-0.125000
G01 X65.159900 Y26.480000 Z-0.125000
G01 X65.254400 Y26.475000 Z-0.125000
G01 X65.340100 Y26.561000 Z-0.125000
G01 X65.541500 Y26.663000 Z-0.125000
G01 X65.665800 Y26.569000 Z-0.125000
G01 X65.676200 Y26.361000 Z-0.125000
G01 X65.536000 Y26.121000 Z-0.125000
G01 X64.632300 Y25.217000 Z-0.125000
G01 X64.532500 Y24.799000 Z-0.125000
G01 X64.570800 Y24.619000 Z-0.125000
G01 X64.660800 Y24.610000 Z-0.125000
G01 X64.660800 Y24.610000 Z-0.125000
G01 X64.904700 Y24.535000 Z-0.125000
G01 X64.920700 Y24.233000 Z-0.125000
G01 X64.868200 Y24.181000 Z-0.125000
G01 X64.805600 Y24.019000 Z-0.125000
G01 X64.876500 Y23.871000 Z-0.125000
G01 X65.021900 Y23.798000 Z-0.125000
G01 X65.182800 Y23.859000 Z-0.125000
G01 X65.201500 Y23.878000 Z-0.125000
G01 X65.498800 Y23.857000 Z-0.125000
G01 X65.535400 Y23.576000 Z-0.125000
G01 X65.525200 Y23.566000 Z-0.125000
G01 X65.497500 Y23.439000 Z-0.125000
G01 X65.604800 Y23.327000 Z-0.125000
G01 X65.924900 Y23.329000 Z-0.125000
G01 X65.925500 Y23.330000 Z-0.125000
G01 X66.254600 Y23.341000 Z-0.125000
G01 X66.368800 Y23.237000 Z-0.125000
G01 X66.344500 Y23.113000 Z-0.125000
G01 X66.344500 Y23.113000 Z-0.125000
G01 X66.323000 Y22.992000 Z-0.125000
G01 X66.443200 Y22.894000 Z-0.125000
G01 X66.781100 Y22.913000 Z-0.125000
G01 X66.786800 Y22.919000 Z-0.125000
G01 X67.146800 Y22.961000 Z-0.125000
G01 X67.276800 Y22.873000 Z-0.125000
G01 X67.256100 Y22.753000 Z-0.125000
G01 X67.246600 Y22.743000 Z-0.125000
G01 X67.217700 Y22.614000 Z-0.125000
G01 X67.342800 Y22.521000 Z-0.125000
G01 X67.708700 Y22.569000 Z-0.125000
G01 X67.717200 Y22.578000 Z-0.125000
G01 X68.104400 Y22.647000 Z-0.125000
G01 X68.236300 Y22.560000 Z-0.125000
G01 X68.204900 Y22.429000 Z-0.125000
G01 X68.197400 Y22.422000 Z-0.125000
G01 X68.159800 Y22.285000 Z-0.125000
G01 X68.288000 Y22.195000 Z-0.125000
G01 X68.680200 Y22.269000 Z-0.125000
G01 X68.691300 Y22.280000 Z-0.125000
G01 X69.096400 Y22.367000 Z-0.125000
G01 X69.224900 Y22.277000 Z-0.125000
G01 X69.181600 Y22.134000 Z-0.125000
G01 X69.181600 Y22.134000 Z-0.125000
G01 X69.140000 Y21.993000 Z-0.125000
G01 X69.272500 Y21.907000 Z-0.125000
G01 X69.683200 Y22.000000 Z-0.125000
G01 X69.686500 Y22.003000 Z-0.125000
G01 X70.107800 Y22.106000 Z-0.125000
G01 X70.244400 Y22.024000 Z-0.125000
G01 X70.202600 Y21.883000 Z-0.125000
G01 X70.200000 Y21.880000 Z-0.125000
G01 X70.156800 Y21.737000 Z-0.125000
G01 X70.294100 Y21.656000 Z-0.125000
G01 X70.719900 Y21.763000 Z-0.125000
G01 X70.721900 Y21.765000 Z-0.125000
G01 X71.156900 Y21.882000 Z-0.125000
G01 X71.298500 Y21.805000 Z-0.125000
G01 X71.256100 Y21.664000 Z-0.125000
G01 X71.253700 Y21.662000 Z-0.125000
G01 X71.213100 Y21.522000 Z-0.125000
G01 X71.358500 Y21.448000 Z-0.125000
G01 X71.798700 Y21.570000 Z-0.125000
G01 X71.804100 Y21.575000 Z-0.125000
G01 X72.241700 Y21.695000 Z-0.125000
G01 X72.390400 Y21.625000 Z-0.125000
G01 X72.354700 Y21.490000 Z-0.125000
G01 X72.346800 Y21.482000 Z-0.125000
G01 X72.320900 Y21.357000 Z-0.125000
G01 X72.479900 Y21.297000 Z-0.125000
G01 X72.921900 Y21.421000 Z-0.125000
G01 X72.931100 Y21.430000 Z-0.125000
G01 X73.360500 Y21.541000 Z-0.125000
G01 X73.519600 Y21.482000 Z-0.125000
G01 X73.499500 Y21.362000 Z-0.125000
G01 X73.490000 Y21.353000 Z-0.125000
G01 X73.481500 Y21.245000 Z-0.125000
G01 X73.653000 Y21.198000 Z-0.125000
G01 X74.087400 Y21.315000 Z-0.125000
G01 X74.096300 Y21.324000 Z-0.125000
G01 X74.518000 Y21.427000 Z-0.125000
G01 X74.689000 Y21.379000 Z-0.125000
G01 X74.686000 Y21.277000 Z-0.125000
G01 X74.686000 Y21.277000 Z-0.125000
G01 X74.687300 Y21.179000 Z-0.125000
G01 X74.867700 Y21.141000 Z-0.125000
G01 X75.303200 Y21.258000 Z-0.125000
G01 X75.312500 Y21.267000 Z-0.125000
G01 X75.746900 Y21.383000 Z-0.125000
G01 X75.927500 Y21.345000 Z-0.125000
G01 X75.929500 Y21.248000 Z-0.125000
G01 X75.917000 Y21.235000 Z-0.125000
G01 X75.931700 Y21.151000 Z-0.125000
G01 X76.122800 Y21.123000 Z-0.125000
G01 X76.555100 Y21.237000 Z-0.125000
G01 X76.555100 Y21.237000 Z-0.125000
G01 X76.998000 Y21.362000 Z-0.125000
G01 X77.196300 Y21.342000 Z-0.125000
G01 X77.214400 Y21.261000 Z-0.125000
G01 X77.210000 Y21.257000 Z-0.125000
G01 X77.225600 Y21.173000 Z-0.125000
G01 X77.424700 Y21.153000 Z-0.125000
G01 X77.874900 Y21.285000 Z-0.125000
G01 X77.887800 Y21.298000 Z-0.125000
G01 X78.384100 Y21.476000 Z-0.125000
G01 X78.602900 Y21.477000 Z-0.125000
G01 X78.619200 Y21.394000 Z-0.125000
G01 X78.595200 Y21.370000 Z-0.125000
G01 X78.591900 Y21.267000 Z-0.125000
G01 X78.801000 Y21.257000 Z-0.125000
G01 X79.316000 Y21.454000 Z-0.125000
G01 X79.384500 Y21.523000 Z-0.125000
G01 X80.145700 Y21.966000 Z-0.125000
G01 X80.459800 Y22.061000 Z-0.125000
G01 X80.460500 Y21.963000 Z-0.125000
G01 X80.190400 Y21.693000 Z-0.125000
G01 X80.166000 Y21.569000 Z-0.125000
G01 X80.446300 Y21.630000 Z-0.125000
G01 X81.179300 Y22.045000 Z-0.125000
G01 X81.872800 Y22.739000 Z-0.125000
G01 X81.950700 Y22.916000 Z-0.125000
G01 X81.788000 Y22.972000 Z-0.125000
G01 X81.226100 Y22.728000 Z-0.125000
G01 X81.106900 Y22.609000 Z-0.125000
G01 X80.752400 Y22.573000 Z-0.125000
G01 X80.644800 Y22.684000 Z-0.125000
G01 X80.688200 Y22.826000 Z-0.125000
G01 X80.713800 Y22.852000 Z-0.125000
G01 X80.707500 Y22.945000 Z-0.125000
G01 X80.526500 Y22.983000 Z-0.125000
G01 X80.100300 Y22.875000 Z-0.125000
G01 X80.090300 Y22.865000 Z-0.125000
G01 X79.691900 Y22.784000 Z-0.125000
G01 X79.520700 Y22.832000 Z-0.125000
G01 X79.512600 Y22.923000 Z-0.125000
G01 X79.512600 Y22.923000 Z-0.125000
G01 X79.503100 Y23.013000 Z-0.125000
G01 X79.328800 Y23.057000 Z-0.125000
G01 X78.925900 Y22.972000 Z-0.125000
G01 X78.924900 Y22.971000 Z-0.125000
G01 X78.506300 Y22.871000 Z-0.125000
G01 X78.322200 Y22.905000 Z-0.125000
G01 X78.308900 Y22.991000 Z-0.125000
G01 X78.335700 Y23.018000 Z-0.125000
G01 X78.336400 Y23.118000 Z-0.125000
G01 X78.169600 Y23.170000 Z-0.125000
G01 X77.763500 Y23.082000 Z-0.125000
G01 X77.763500 Y23.082000 Z-0.125000
G01 X77.356400 Y22.993000 Z-0.125000
G01 X77.189100 Y23.045000 Z-0.125000
G01 X77.189500 Y23.144000 Z-0.125000
G01 X77.193100 Y23.148000 Z-0.125000
G01 X77.198100 Y23.253000 Z-0.125000
G01 X77.036000 Y23.309000 Z-0.125000
G01 X76.631700 Y23.223000 Z-0.125000
G01 X76.628200 Y23.220000 Z-0.125000
G01 X76.220800 Y23.131000 Z-0.125000
G01 X76.059900 Y23.188000 Z-0.125000
G01 X76.067600 Y23.296000 Z-0.125000
G01 X76.070900 Y23.299000 Z-0.125000
G01 X76.082600 Y23.410000 Z-0.125000
G01 X75.925700 Y23.471000 Z-0.125000
G01 X75.519700 Y23.383000 Z-0.125000
G01 X75.517500 Y23.381000 Z-0.125000
G01 X75.108900 Y23.291000 Z-0.125000
G01 X74.952300 Y23.353000 Z-0.125000
G01 X74.965500 Y23.465000 Z-0.125000
G01 X74.968300 Y23.468000 Z-0.125000
G01 X74.985000 Y23.585000 Z-0.125000
G01 X74.832400 Y23.651000 Z-0.125000
G01 X74.425700 Y23.562000 Z-0.125000
G01 X74.424100 Y23.560000 Z-0.125000
G01 X74.016200 Y23.470000 Z-0.125000
G01 X73.864200 Y23.537000 Z-0.125000
G01 X73.882200 Y23.654000 Z-0.125000
G01 X73.883000 Y23.655000 Z-0.125000
G01 X73.902700 Y23.774000 Z-0.125000
G01 X73.753200 Y23.843000 Z-0.125000
G01 X73.347900 Y23.756000 Z-0.125000
G01 X73.345400 Y23.754000 Z-0.125000
G01 X72.940100 Y23.667000 Z-0.125000
G01 X72.791800 Y23.737000 Z-0.125000
G01 X72.812900 Y23.858000 Z-0.125000
G01 X72.812900 Y23.858000 Z-0.125000
G01 X72.834500 Y23.979000 Z-0.125000
G01 X72.687400 Y24.050000 Z-0.125000
G01 X72.283800 Y23.965000 Z-0.125000
G01 X72.283600 Y23.964000 Z-0.125000
G01 X71.881100 Y23.880000 Z-0.125000
G01 X71.734900 Y23.952000 Z-0.125000
G01 X71.757000 Y24.074000 Z-0.125000
G01 X71.759200 Y24.076000 Z-0.125000
G01 X71.780100 Y24.196000 Z-0.125000
G01 X71.634400 Y24.269000 Z-0.125000
G01 X71.235600 Y24.188000 Z-0.125000
G01 X71.234200 Y24.187000 Z-0.125000
G01 X70.840200 Y24.111000 Z-0.125000
G01 X70.696500 Y24.186000 Z-0.125000
G01 X70.717500 Y24.307000 Z-0.125000
G01 X70.717900 Y24.307000 Z-0.125000
G01 X70.738400 Y24.427000 Z-0.125000
G01 X70.594100 Y24.501000 Z-0.125000
G01 X70.200000 Y24.425000 Z-0.125000
G01 X70.194800 Y24.420000 Z-0.125000
G01 X69.814300 Y24.358000 Z-0.125000
G01 X69.674600 Y24.437000 Z-0.125000
G01 X69.693900 Y24.555000 Z-0.125000
G01 X69.697400 Y24.559000 Z-0.125000
G01 X69.712800 Y24.674000 Z-0.125000
G01 X69.569700 Y24.750000 Z-0.125000
G01 X69.189100 Y24.687000 Z-0.125000
G01 X69.184800 Y24.683000 Z-0.125000
G01 X68.814400 Y24.631000 Z-0.125000
G01 X68.674400 Y24.710000 Z-0.125000
G01 X68.688500 Y24.823000 Z-0.125000
G01 X68.693200 Y24.828000 Z-0.125000
G01 X68.703900 Y24.938000 Z-0.125000
G01 X68.562600 Y25.016000 Z-0.125000
G01 X68.196900 Y24.968000 Z-0.125000
G01 X68.191600 Y24.963000 Z-0.125000
G01 X67.839700 Y24.929000 Z-0.125000
G01 X67.703000 Y25.011000 Z-0.125000
G01 X67.712400 Y25.120000 Z-0.125000
G01 X67.717700 Y25.125000 Z-0.125000
G01 X67.584600 Y25.310000 Z-0.125000
G01 X67.237500 Y25.281000 Z-0.125000
G01 X67.235300 Y25.279000 Z-0.125000
G01 X66.900400 Y25.262000 Z-0.125000
G01 X66.775100 Y25.455000 Z-0.125000
G01 X66.775100 Y25.455000 Z-0.125000
G01 X66.660100 Y25.658000 Z-0.125000
G01 X66.335400 Y25.651000 Z-0.125000
G01 X66.325900 Y25.641000 Z-0.125000
G01 X65.964400 Y25.598000 Z-0.125000
G01 X65.823000 Y25.675000 Z-0.125000
G01 X65.831500 Y25.783000 Z-0.125000
G01 X66.066700 Y26.018000 Z-0.125000
G00 Z5.000000

(End cutting path id: path2)


(Start cutting path id: path2)
(Change tool to Default tool)

G00 Z5.000000
G00 X78.812300 Y21.672000

G01 Z-0.125000 F100.0(Penetrate)
G01 X80.361600 Y22.076000 Z-0.125000 F400.000000
G01 X80.776300 Y22.280000 Z-0.125000
G01 X80.866900 Y22.453000 Z-0.125000
G01 X78.846200 Y22.726000 Z-0.125000
G01 X75.711100 Y23.065000 Z-0.125000
G01 X72.363000 Y23.643000 Z-0.125000
G01 X69.239300 Y24.372000 Z-0.125000
G01 X66.777100 Y25.162000 Z-0.125000
G01 X65.632800 Y25.550000 Z-0.125000
G01 X65.378600 Y25.491000 Z-0.125000
G01 X65.135600 Y25.277000 Z-0.125000
G01 X64.863100 Y24.864000 Z-0.125000
G01 X65.253600 Y24.291000 Z-0.125000
G01 X65.769100 Y23.793000 Z-0.125000
G01 X66.461200 Y23.379000 Z-0.125000
G01 X68.943700 Y22.537000 Z-0.125000
G01 X71.569400 Y21.938000 Z-0.125000
G01 X74.243800 Y21.581000 Z-0.125000
G01 X76.735300 Y21.486000 Z-0.125000
G01 X78.812300 Y21.672000 Z-0.125000
G01 X78.812300 Y21.672000 Z-0.125000
G00 Z5.000000

(End cutting path id: path2)


(Start cutting path id: path2)
(Change tool to Default tool)

G00 Z5.000000
G00 X50.140200 Y83.876800

G01 Z-0.125000 F100.0(Penetrate)
G01 X49.994200 Y83.730800 Z-0.125000 F400.000000
G01 X49.984100 Y83.402700 Z-0.125000
G01 X50.086200 Y83.286200 Z-0.125000
G01 X50.206800 Y83.307300 Z-0.125000
G01 X50.211700 Y83.312200 Z-0.125000
G01 X50.323900 Y83.325000 Z-0.125000
G01 X50.414700 Y83.197200 Z-0.125000
G01 X50.394700 Y82.859100 Z-0.125000
G01 X50.394700 Y82.859100 Z-0.125000
G01 X50.365100 Y82.511400 Z-0.125000
G01 X50.449200 Y82.377000 Z-0.125000
G01 X50.558500 Y82.386800 Z-0.125000
G01 X50.564700 Y82.393000 Z-0.125000
G01 X50.678800 Y82.407700 Z-0.125000
G01 X50.765100 Y82.275300 Z-0.125000
G01 X50.730000 Y81.922200 Z-0.125000
G01 X50.729700 Y81.921900 Z-0.125000
G01 X50.681700 Y81.555900 Z-0.125000
G01 X50.759400 Y81.414900 Z-0.125000
G01 X50.869800 Y81.425900 Z-0.125000
G01 X50.876900 Y81.433000 Z-0.125000
G01 X50.993000 Y81.449700 Z-0.125000
G01 X51.073100 Y81.311200 Z-0.125000
G01 X51.019100 Y80.939100 Z-0.125000
G01 X51.010500 Y80.930500 Z-0.125000
G01 X50.931900 Y80.533900 Z-0.125000
G01 X51.003200 Y80.386500 Z-0.125000
G01 X51.120700 Y80.404600 Z-0.125000
G01 X51.128100 Y80.412000 Z-0.125000
G01 X51.252600 Y80.437100 Z-0.125000
G01 X51.328800 Y80.294700 Z-0.125000
G01 X51.247200 Y79.895100 Z-0.125000
G01 X51.235500 Y79.883300 Z-0.125000
G01 X51.123200 Y79.453000 Z-0.125000
G01 X51.189300 Y79.300400 Z-0.125000
G01 X51.316600 Y79.328300 Z-0.125000
G01 X51.350700 Y79.362400 Z-0.125000
G01 X51.527800 Y79.440200 Z-0.125000
G01 X51.655800 Y79.349500 Z-0.125000
G01 X51.690300 Y79.165300 Z-0.125000
G01 X51.586900 Y78.962600 Z-0.125000
G01 X51.468400 Y78.844000 Z-0.125000
G01 X51.240300 Y78.297900 Z-0.125000
G01 X51.307200 Y78.146100 Z-0.125000
G01 X51.489300 Y78.228800 Z-0.125000
G01 X52.179700 Y78.919200 Z-0.125000
G01 X52.278700 Y78.918800 Z-0.125000
G01 X52.162700 Y78.584100 Z-0.125000
G01 X51.668600 Y77.772000 Z-0.125000
G01 X51.547300 Y77.650700 Z-0.125000
G01 X51.316000 Y77.101300 Z-0.125000
G01 X51.380500 Y76.947300 Z-0.125000
G01 X51.561700 Y77.029000 Z-0.125000
G01 X51.764500 Y77.231900 Z-0.125000
G01 X51.956300 Y77.324200 Z-0.125000
G01 X52.044300 Y77.193500 Z-0.125000
G01 X51.846900 Y76.678100 Z-0.125000
G01 X51.318700 Y76.149900 Z-0.125000
G00 Z5.000000

(End cutting path id: path2)


(Start cutting path id: path2)
(Change tool to Default tool)

G00 Z5.000000
G00 X44.285000 Y82.577400

G01 Z-0.125000 F100.0(Penetrate)
G01 X45.146200 Y84.455900 Z-0.125000 F400.000000
G01 X45.634200 Y85.229000 Z-0.125000
G01 X44.638500 Y85.229000 Z-0.125000
G01 X43.127600 Y85.463800 Z-0.125000
G01 X42.531500 Y85.729700 Z-0.125000
G01 X42.115200 Y86.070200 Z-0.125000
G01 X41.982100 Y86.450100 Z-0.125000
G01 X42.105400 Y87.996300 Z-0.125000
G01 X43.765000 Y100.032800 Z-0.125000
G01 X44.642200 Y106.761700 Z-0.125000
G01 X44.300000 Y107.516700 Z-0.125000
G01 X43.167900 Y108.834200 Z-0.125000
G01 X41.693500 Y110.395500 Z-0.125000
G01 X41.302300 Y109.902100 Z-0.125000
G01 X40.663400 Y108.872800 Z-0.125000
G01 X39.902000 Y107.294800 Z-0.125000
G01 X38.332000 Y103.215000 Z-0.125000
G01 X37.000700 Y98.578900 Z-0.125000
G01 X36.352200 Y95.332200 Z-0.125000
G01 X38.473900 Y91.060500 Z-0.125000
G01 X41.114600 Y86.436000 Z-0.125000
G01 X41.385000 Y85.868200 Z-0.125000
G01 X41.484200 Y85.132600 Z-0.125000
G01 X41.608700 Y83.108300 Z-0.125000
G01 X41.733300 Y81.916700 Z-0.125000
G01 X42.743700 Y81.635700 Z-0.125000
G01 X43.832900 Y81.413300 Z-0.125000
G01 X44.285000 Y82.577400 Z-0.125000
G01 X44.285000 Y82.577400 Z-0.125000
G00 Z5.000000

(End cutting path id: path2)


(Start cutting path id: path2)
(Change tool to Default tool)

G00 Z5.000000
G00 X41.049600 Y83.797900

G01 Z-0.125000 F100.0(Penetrate)
G01 X40.843600 Y85.489000 Z-0.125000 F400.000000
G01 X40.065700 Y87.005400 Z-0.125000
G01 X37.737100 Y91.150500 Z-0.125000
G01 X36.365400 Y93.656700 Z-0.125000
G01 X36.162000 Y93.924700 Z-0.125000
G01 X36.064600 Y93.889500 Z-0.125000
G01 X35.240600 Y88.636000 Z-0.125000
G01 X34.575700 Y82.482400 Z-0.125000
G01 X36.500200 Y82.401400 Z-0.125000
G01 X39.510300 Y82.307100 Z-0.125000
G01 X40.866800 Y82.093900 Z-0.125000
G01 X40.996700 Y82.158000 Z-0.125000
G01 X41.065900 Y82.420700 Z-0.125000
G01 X41.049600 Y83.797900 Z-0.125000
G01 X41.049600 Y83.797900 Z-0.125000
G00 Z5.000000

(End cutting path id: path2)


(Start cutting path id: path2)
(Change tool to Default tool)

G00 Z5.000000
G00 X45.888900 Y86.045300

G01 Z-0.125000 F100.0(Penetrate)
G01 X46.375400 Y86.314400 Z-0.125000 F400.000000
G01 X47.203300 Y90.876900 Z-0.125000
G01 X48.684300 Y99.440700 Z-0.125000
G01 X50.225500 Y108.309400 Z-0.125000
G01 X50.056700 Y108.671800 Z-0.125000
G01 X49.547400 Y109.067400 Z-0.125000
G01 X48.836500 Y109.412000 Z-0.125000
G01 X48.062400 Y109.621400 Z-0.125000
G01 X47.266400 Y109.649300 Z-0.125000
G01 X46.476800 Y109.537400 Z-0.125000
G01 X45.867700 Y109.326000 Z-0.125000
G01 X45.613000 Y109.055300 Z-0.125000
G01 X45.504600 Y108.224300 Z-0.125000
G01 X44.430200 Y100.625000 Z-0.125000
G01 X42.959500 Y90.190900 Z-0.125000
G01 X42.471100 Y86.594900 Z-0.125000
G01 X42.580800 Y86.375200 Z-0.125000
G01 X42.877900 Y86.183100 Z-0.125000
G01 X43.840700 Y85.912700 Z-0.125000
G01 X44.973200 Y85.846100 Z-0.125000
G01 X45.888900 Y86.045300 Z-0.125000
G01 X45.888900 Y86.045300 Z-0.125000
G00 Z5.000000

(End cutting path id: path2)


(Start cutting path id: path2)
(Change tool to Default tool)

G00 Z5.000000
G00 X47.357300 Y85.545900

G01 Z-0.125000 F100.0(Penetrate)
G01 X47.587300 Y85.776000 Z-0.125000 F400.000000
G01 X47.976600 Y85.847100 Z-0.125000
G01 X48.119900 Y85.771800 Z-0.125000
G01 X48.100700 Y85.653200 Z-0.125000
G01 X48.090700 Y85.643200 Z-0.125000
G01 X48.068800 Y85.522000 Z-0.125000
G01 X48.192400 Y85.426900 Z-0.125000
G01 X48.539100 Y85.455600 Z-0.125000
G01 X48.539100 Y85.455600 Z-0.125000
G01 X48.841400 Y85.439800 Z-0.125000
G01 X48.898700 Y85.179100 Z-0.125000
G01 X48.773600 Y85.054600 Z-0.125000
G00 Z5.000000

(End cutting path id: path2)


(Start cutting path id: path2)
(Change tool to Default tool)

G00 Z5.000000
G00 X49.000100 Y89.571400

G01 Z-0.125000 F100.0(Penetrate)
G01 X48.398700 Y93.913900 Z-0.125000 F400.000000
G01 X47.052700 Y86.561300 Z-0.125000
G01 X47.083500 Y86.100400 Z-0.125000
G01 X47.657500 Y86.018500 Z-0.125000
G01 X48.284800 Y85.908200 Z-0.125000
G01 X48.814900 Y85.630300 Z-0.125000
G01 X49.381900 Y85.235600 Z-0.125000
G01 X49.000100 Y89.571400 Z-0.125000
G01 X49.000100 Y89.571400 Z-0.125000
G00 Z5.000000

(End cutting path id: path2)


(Start cutting path id: path2)
(Change tool to Default tool)

G00 Z5.000000
G00 X47.681900 Y92.868300

G01 Z-0.125000 F100.0(Penetrate)
G01 X47.886200 Y93.072600 Z-0.125000 F400.000000
G01 X48.025400 Y93.112400 Z-0.125000
G01 X48.045900 Y92.914200 Z-0.125000
G01 X47.797200 Y92.347500 Z-0.125000
G01 X47.735000 Y92.285300 Z-0.125000
G01 X47.482400 Y91.714700 Z-0.125000
G01 X47.483200 Y91.496800 Z-0.125000
G01 X47.602000 Y91.516200 Z-0.125000
G01 X47.602700 Y91.516900 Z-0.125000
G01 X47.720700 Y91.535500 Z-0.125000
G01 X47.720800 Y91.317000 Z-0.125000
G01 X47.468200 Y90.746300 Z-0.125000
G01 X47.467100 Y90.745200 Z-0.125000
G01 X47.216200 Y90.176300 Z-0.125000
G01 X47.216500 Y89.957900 Z-0.125000
G01 X47.333900 Y89.975900 Z-0.125000
G01 X47.334800 Y89.976800 Z-0.125000
G01 X47.451200 Y89.993800 Z-0.125000
G01 X47.450500 Y89.774400 Z-0.125000
G01 X47.199400 Y89.205300 Z-0.125000
G01 X47.199400 Y89.205300 Z-0.125000
G01 X46.947000 Y88.634900 Z-0.125000
G01 X46.945500 Y88.414700 Z-0.125000
G01 X47.061500 Y88.431300 Z-0.125000
G01 X47.068100 Y88.437900 Z-0.125000
G01 X47.191100 Y88.461500 Z-0.125000
G01 X47.195600 Y88.247300 Z-0.125000
G01 X46.943100 Y87.676700 Z-0.125000
G01 X46.935800 Y87.669400 Z-0.125000
G01 X46.665900 Y87.081500 Z-0.125000
G01 X46.665300 Y86.862300 Z-0.125000
G01 X46.790600 Y86.888200 Z-0.125000
G01 X46.800600 Y86.898200 Z-0.125000
G01 X46.971700 Y86.870500 Z-0.125000
G01 X47.057900 Y86.519400 Z-0.125000
G01 X47.040300 Y86.064500 Z-0.125000
G01 X46.900400 Y85.725800 Z-0.125000
G01 X45.064400 Y83.889800 Z-0.125000
G01 X44.633800 Y83.141200 Z-0.125000
G01 X44.561400 Y82.850100 Z-0.125000
G01 X44.680300 Y82.869600 Z-0.125000
G01 X44.803600 Y82.992900 Z-0.125000
G01 X44.918200 Y83.008200 Z-0.125000
G01 X44.836500 Y82.707800 Z-0.125000
G01 X44.392400 Y81.945600 Z-0.125000
G01 X33.685000 Y71.238200 Z-0.125000
G00 Z5.000000

(End cutting path id: path2)


(Start cutting path id: path2)
(Change tool to Default tool)

G00 Z5.000000
G00 X25.374600 Y66.744400

G01 Z-0.125000 F100.0(Penetrate)
G01 X23.115200 Y64.485000 Z-0.125000 F400.000000
G00 Z5.000000

(End cutting path id: path2)


(Start cutting path id: path2)
(Change tool to Default tool)

G00 Z5.000000
G00 X22.999000 Y65.004900

G01 Z-0.125000 F100.0(Penetrate)
G01 X21.769600 Y63.775500 Z-0.125000 F400.000000
G00 Z5.000000

(End cutting path id: path2)


(Start cutting path id: path2)
(Change tool to Default tool)

G00 Z5.000000
G00 X19.283200 Y63.045300

G01 Z-0.125000 F100.0(Penetrate)
G01 X22.038400 Y64.476000 Z-0.125000 F400.000000
G01 X23.883600 Y65.785600 Z-0.125000
G01 X25.029000 Y67.162900 Z-0.125000
G01 X25.684900 Y68.796700 Z-0.125000
G01 X25.799500 Y69.663100 Z-0.125000
G01 X25.692600 Y70.477700 Z-0.125000
G01 X25.387400 Y71.216600 Z-0.125000
G01 X24.906900 Y71.855700 Z-0.125000
G01 X24.274300 Y72.371100 Z-0.125000
G01 X23.512600 Y72.738800 Z-0.125000
G01 X22.645100 Y72.934800 Z-0.125000
G01 X21.694700 Y72.935200 Z-0.125000
G01 X18.789500 Y72.017000 Z-0.125000
G01 X14.733700 Y70.232100 Z-0.125000
G01 X13.076000 Y69.152500 Z-0.125000
G01 X11.802300 Y67.801800 Z-0.125000
G01 X10.984500 Y66.278400 Z-0.125000
G01 X10.694100 Y64.680800 Z-0.125000
G01 X10.796000 Y63.732200 Z-0.125000
G01 X11.115300 Y62.949000 Z-0.125000
G01 X11.668000 Y62.305300 Z-0.125000
G01 X12.470200 Y61.775200 Z-0.125000
G01 X13.437800 Y61.418400 Z-0.125000
G01 X14.676900 Y61.402500 Z-0.125000
G01 X16.338900 Y61.744200 Z-0.125000
G01 X19.283200 Y63.045300 Z-0.125000
G01 X19.283200 Y63.045300 Z-0.125000
G00 Z5.000000

(End cutting path id: path2)


(Start cutting path id: path2)
(Change tool to Default tool)

G00 Z5.000000
G00 X20.268700 Y61.638500

G01 Z-0.125000 F100.0(Penetrate)
G01 X20.099200 Y61.469000 Z-0.125000 F400.000000
G01 X19.975100 Y61.026900 Z-0.125000
G01 X20.031700 Y60.864800 Z-0.125000
G01 X20.153700 Y60.887400 Z-0.125000
G01 X20.159100 Y60.892800 Z-0.125000
G01 X20.274500 Y60.908800 Z-0.125000
G01 X20.323900 Y60.739600 Z-0.125000
G01 X20.196800 Y60.294400 Z-0.125000
G01 X20.192400 Y60.290000 Z-0.125000
G01 X20.075100 Y59.854600 Z-0.125000
G01 X20.127100 Y59.688000 Z-0.125000
G01 X20.240900 Y59.702400 Z-0.125000
G01 X20.243000 Y59.704500 Z-0.125000
G01 X20.354700 Y59.716800 Z-0.125000
G01 X20.404900 Y59.548400 Z-0.125000
G01 X20.287700 Y59.113200 Z-0.125000
G01 X20.285700 Y59.111200 Z-0.125000
G01 X20.173500 Y58.680800 Z-0.125000
G01 X20.225200 Y58.513900 Z-0.125000
G01 X20.336300 Y58.525600 Z-0.125000
G01 X20.336900 Y58.526200 Z-0.125000
G01 X20.447900 Y58.537900 Z-0.125000
G01 X20.500500 Y58.371800 Z-0.125000
G01 X20.390300 Y57.943500 Z-0.125000
G01 X20.389100 Y57.942300 Z-0.125000
G01 X20.282300 Y57.517500 Z-0.125000
G01 X20.336100 Y57.352600 Z-0.125000
G01 X20.446900 Y57.364000 Z-0.125000
G01 X20.446900 Y57.364000 Z-0.125000
G01 X20.558000 Y57.375700 Z-0.125000
G01 X20.612300 Y57.211400 Z-0.125000
G01 X20.506400 Y56.787400 Z-0.125000
G01 X20.484400 Y56.765400 Z-0.125000
G01 X20.393300 Y56.356300 Z-0.125000
G01 X20.456700 Y56.201000 Z-0.125000
G01 X20.571200 Y56.216100 Z-0.125000
G01 X20.571600 Y56.216500 Z-0.125000
G01 X20.682400 Y56.227900 Z-0.125000
G01 X20.738500 Y56.065400 Z-0.125000
G01 X20.637400 Y55.646200 Z-0.125000
G01 X20.637300 Y55.646100 Z-0.125000
G01 X20.539200 Y55.230000 Z-0.125000
G01 X20.597400 Y55.069500 Z-0.125000
G01 X20.709000 Y55.081800 Z-0.125000
G01 X20.709400 Y55.082100 Z-0.125000
G01 X20.821000 Y55.094400 Z-0.125000
G01 X20.879600 Y54.934300 Z-0.125000
G01 X20.782700 Y54.519300 Z-0.125000
G01 X20.782700 Y54.519300 Z-0.125000
G01 X20.687800 Y54.106400 Z-0.125000
G01 X20.747900 Y53.947800 Z-0.125000
G01 X20.860200 Y53.960700 Z-0.125000
G01 X20.860600 Y53.961100 Z-0.125000
G01 X20.973600 Y53.974700 Z-0.125000
G01 X21.034900 Y53.817400 Z-0.125000
G01 X20.941700 Y53.406100 Z-0.125000
G01 X20.941700 Y53.406100 Z-0.125000
G01 X20.849500 Y52.995800 Z-0.125000
G01 X20.911500 Y52.839200 Z-0.125000
G01 X21.024800 Y52.853100 Z-0.125000
G01 X21.025300 Y52.853600 Z-0.125000
G01 X21.139800 Y52.868700 Z-0.125000
G01 X21.203900 Y52.714200 Z-0.125000
G01 X21.114200 Y52.306000 Z-0.125000
G01 X21.113800 Y52.306000 Z-0.125000
G01 X21.025300 Y51.899000 Z-0.125000
G01 X21.090000 Y51.745000 Z-0.125000
G01 X21.204500 Y51.761000 Z-0.125000
G01 X21.204500 Y51.761000 Z-0.125000
G01 X21.320000 Y51.777000 Z-0.125000
G01 X21.386700 Y51.625000 Z-0.125000
G01 X21.301100 Y51.221000 Z-0.125000
G01 X21.300200 Y51.220000 Z-0.125000
G01 X21.214600 Y50.817000 Z-0.125000
G01 X21.282100 Y50.665000 Z-0.125000
G01 X21.398600 Y50.682000 Z-0.125000
G01 X21.398600 Y50.682000 Z-0.125000
G01 X21.515600 Y50.700000 Z-0.125000
G01 X21.584300 Y50.550000 Z-0.125000
G01 X21.500400 Y50.148000 Z-0.125000
G01 X21.499600 Y50.147000 Z-0.125000
G01 X21.417400 Y49.747000 Z-0.125000
G01 X21.487900 Y49.599000 Z-0.125000
G01 X21.606100 Y49.618000 Z-0.125000
G01 X21.606400 Y49.618000 Z-0.125000
G01 X21.724500 Y49.637000 Z-0.125000
G01 X21.795400 Y49.489000 Z-0.125000
G01 X21.714200 Y49.090000 Z-0.125000
G01 X21.714200 Y49.090000 Z-0.125000
G01 X21.635300 Y48.693000 Z-0.125000
G01 X21.707800 Y48.547000 Z-0.125000
G01 X21.826700 Y48.566000 Z-0.125000
G01 X21.827800 Y48.567000 Z-0.125000
G01 X21.947700 Y48.588000 Z-0.125000
G01 X22.021500 Y48.443000 Z-0.125000
G01 X21.944000 Y48.047000 Z-0.125000
G01 X21.944000 Y48.047000 Z-0.125000
G01 X21.867900 Y47.653000 Z-0.125000
G01 X21.942800 Y47.509000 Z-0.125000
G01 X22.063200 Y47.530000 Z-0.125000
G01 X22.063700 Y47.531000 Z-0.125000
G01 X22.185000 Y47.553000 Z-0.125000
G01 X22.261800 Y47.411000 Z-0.125000
G01 X22.188200 Y47.019000 Z-0.125000
G01 X22.187200 Y47.018000 Z-0.125000
G01 X22.116300 Y46.629000 Z-0.125000
G01 X22.194100 Y46.488000 Z-0.125000
G01 X22.315300 Y46.510000 Z-0.125000
G01 X22.315300 Y46.510000 Z-0.125000
G01 X22.437200 Y46.533000 Z-0.125000
G01 X22.516700 Y46.394000 Z-0.125000
G01 X22.448300 Y46.007000 Z-0.125000
G01 X22.446100 Y46.005000 Z-0.125000
G01 X22.380000 Y45.621000 Z-0.125000
G01 X22.461100 Y45.483000 Z-0.125000
G01 X22.583800 Y45.507000 Z-0.125000
G01 X22.584600 Y45.508000 Z-0.125000
G01 X22.706900 Y45.531000 Z-0.125000
G01 X22.788200 Y45.393000 Z-0.125000
G01 X22.723500 Y45.010000 Z-0.125000
G01 X22.723500 Y45.010000 Z-0.125000
G01 X22.657700 Y44.627000 Z-0.125000
G01 X22.738300 Y44.488000 Z-0.125000
G01 X22.860400 Y44.511000 Z-0.125000
G01 X22.869500 Y44.520000 Z-0.125000
G01 X22.992300 Y44.544000 Z-0.125000
G01 X23.076300 Y44.409000 Z-0.125000
G01 X23.017200 Y44.032000 Z-0.125000
G01 X23.016300 Y44.031000 Z-0.125000
G01 X22.961200 Y43.658000 Z-0.125000
G01 X23.047200 Y43.525000 Z-0.125000
G01 X23.170400 Y43.549000 Z-0.125000
G01 X23.170400 Y43.549000 Z-0.125000
G01 X23.294200 Y43.573000 Z-0.125000
G01 X23.381500 Y43.442000 Z-0.125000
G01 X23.328300 Y43.071000 Z-0.125000
G01 X23.326000 Y43.069000 Z-0.125000
G01 X23.279100 Y42.704000 Z-0.125000
G01 X23.368600 Y42.575000 Z-0.125000
G01 X23.491900 Y42.598000 Z-0.125000
G01 X23.493200 Y42.599000 Z-0.125000
G01 X23.615800 Y42.623000 Z-0.125000
G01 X23.705300 Y42.493000 Z-0.125000
G01 X23.660200 Y42.130000 Z-0.125000
G01 X23.659600 Y42.130000 Z-0.125000
G01 X23.618700 Y41.771000 Z-0.125000
G01 X23.710500 Y41.644000 Z-0.125000
G01 X23.833600 Y41.668000 Z-0.125000
G01 X23.836000 Y41.670000 Z-0.125000
G01 X23.957900 Y41.692000 Z-0.125000
G01 X24.050200 Y41.566000 Z-0.125000
G01 X24.013200 Y41.211000 Z-0.125000
G01 X24.011000 Y41.209000 Z-0.125000
G01 X23.981300 Y40.861000 Z-0.125000
G01 X24.076500 Y40.738000 Z-0.125000
G01 X24.198300 Y40.760000 Z-0.125000
G01 X24.199600 Y40.761000 Z-0.125000
G01 X24.321000 Y40.783000 Z-0.125000
G01 X24.416900 Y40.660000 Z-0.125000
G01 X24.390100 Y40.315000 Z-0.125000
G01 X24.388600 Y40.313000 Z-0.125000
G01 X24.367500 Y39.974000 Z-0.125000
G01 X24.466000 Y39.854000 Z-0.125000
G01 X24.587500 Y39.876000 Z-0.125000
G01 X24.590900 Y39.879000 Z-0.125000
G01 X24.710400 Y39.899000 Z-0.125000
G01 X24.809100 Y39.779000 Z-0.125000
G01 X24.792900 Y39.445000 Z-0.125000
G01 X24.790500 Y39.443000 Z-0.125000
G01 X24.783500 Y39.118000 Z-0.125000
G01 X24.886200 Y39.002000 Z-0.125000
G01 X25.006000 Y39.022000 Z-0.125000
G01 X25.008000 Y39.024000 Z-0.125000
G01 X25.230300 Y38.929000 Z-0.125000
G01 X25.227200 Y38.607000 Z-0.125000
G01 X25.225000 Y38.606000 Z-0.125000
G01 X25.230300 Y38.293000 Z-0.125000
G01 X25.456700 Y38.201000 Z-0.125000
G01 X25.459000 Y38.203000 Z-0.125000
G01 X25.685400 Y38.112000 Z-0.125000
G01 X25.695400 Y37.803000 Z-0.125000
G01 X25.692300 Y37.800000 Z-0.125000
G01 X25.713700 Y37.504000 Z-0.125000
G01 X25.945400 Y37.417000 Z-0.125000
G01 X25.948100 Y37.420000 Z-0.125000
G01 X26.180200 Y37.334000 Z-0.125000
G01 X26.207400 Y37.044000 Z-0.125000
G01 X26.205600 Y37.042000 Z-0.125000
G01 X26.243600 Y36.762000 Z-0.125000
G01 X26.483000 Y36.683000 Z-0.125000
G01 X26.484300 Y36.684000 Z-0.125000
G01 X26.728400 Y36.610000 Z-0.125000
G01 X26.773600 Y36.337000 Z-0.125000
G01 X26.772200 Y36.336000 Z-0.125000
G01 X26.825200 Y36.071000 Z-0.125000
G01 X27.074300 Y36.002000 Z-0.125000
G01 X27.076100 Y36.004000 Z-0.125000
G01 X27.323000 Y35.933000 Z-0.125000
G01 X27.377300 Y35.669000 Z-0.125000
G01 X27.375500 Y35.667000 Z-0.125000
G01 X27.433400 Y35.407000 Z-0.125000
G01 X27.680200 Y35.336000 Z-0.125000
G01 X27.680200 Y35.336000 Z-0.125000
G01 X28.076500 Y35.096000 Z-0.125000
G01 X28.283900 Y34.667000 Z-0.125000
G01 X27.917900 Y34.301000 Z-0.125000
G01 X27.772300 Y34.255000 Z-0.125000
G01 X27.785900 Y34.487000 Z-0.125000
G01 X28.131000 Y35.151000 Z-0.125000
G01 X30.465700 Y37.485000 Z-0.125000
G01 X31.106100 Y37.808000 Z-0.125000
G01 X31.333000 Y37.816000 Z-0.125000
G01 X31.291300 Y37.675000 Z-0.125000
G01 X31.219800 Y37.603000 Z-0.125000
G01 X31.214400 Y37.499000 Z-0.125000
G01 X31.421100 Y37.487000 Z-0.125000
G01 X31.934800 Y37.682000 Z-0.125000
G01 X31.965000 Y37.712000 Z-0.125000
G01 X32.322600 Y37.752000 Z-0.125000
G01 X32.450400 Y37.661000 Z-0.125000
G01 X32.428400 Y37.540000 Z-0.125000
G01 X32.412600 Y37.524000 Z-0.125000
G01 X32.517900 Y37.311000 Z-0.125000
G01 X32.843400 Y37.319000 Z-0.125000
G01 X32.848200 Y37.324000 Z-0.125000
G01 X33.132100 Y37.289000 Z-0.125000
G01 X33.205300 Y37.045000 Z-0.125000
G01 X33.204800 Y37.044000 Z-0.125000
G01 X33.258800 Y36.780000 Z-0.125000
G01 X33.522400 Y36.726000 Z-0.125000
G01 X33.522400 Y36.726000 Z-0.125000
G01 X33.767500 Y36.653000 Z-0.125000
G01 X33.802900 Y36.370000 Z-0.125000
G01 X33.800800 Y36.368000 Z-0.125000
G01 X33.813300 Y36.062000 Z-0.125000
G01 X34.039700 Y35.971000 Z-0.125000
G01 X34.045200 Y35.977000 Z-0.125000
G01 X34.267900 Y35.881000 Z-0.125000
G01 X34.265600 Y35.561000 Z-0.125000
G01 X34.256900 Y35.552000 Z-0.125000
G01 X34.223200 Y35.200000 Z-0.125000
G01 X34.313700 Y35.072000 Z-0.125000
G01 X34.431900 Y35.091000 Z-0.125000
G01 X34.436800 Y35.096000 Z-0.125000
G01 X34.555800 Y35.116000 Z-0.125000
G01 X34.641300 Y34.982000 Z-0.125000
G01 X34.593700 Y34.617000 Z-0.125000
G01 X34.584100 Y34.607000 Z-0.125000
G01 X34.501100 Y34.206000 Z-0.125000
G01 X34.571200 Y34.057000 Z-0.125000
G01 X34.689400 Y34.076000 Z-0.125000
G01 X34.699900 Y34.086000 Z-0.125000
G01 X34.826400 Y34.114000 Z-0.125000
G01 X34.900000 Y33.968000 Z-0.125000
G01 X34.807600 Y33.558000 Z-0.125000
G01 X34.789400 Y33.540000 Z-0.125000
G01 X34.634400 Y33.067000 Z-0.125000
G01 X34.681900 Y32.896000 Z-0.125000
G01 X34.808100 Y32.922000 Z-0.125000
G01 X34.821700 Y32.936000 Z-0.125000
G01 X34.966400 Y32.981000 Z-0.125000
G01 X35.035500 Y32.832000 Z-0.125000
G01 X34.893400 Y32.372000 Z-0.125000
G01 X34.857800 Y32.336000 Z-0.125000
G01 X34.620400 Y31.780000 Z-0.125000
G01 X34.657300 Y31.599000 Z-0.125000
G01 X34.810000 Y31.652000 Z-0.125000
G01 X34.944000 Y31.786000 Z-0.125000
G01 X35.162300 Y31.905000 Z-0.125000
G01 X35.308500 Y31.833000 Z-0.125000
G01 X35.335500 Y31.641000 Z-0.125000
G01 X35.195900 Y31.402000 Z-0.125000
G01 X34.722400 Y30.928000 Z-0.125000
G01 X34.468900 Y30.357000 Z-0.125000
G01 X34.503700 Y30.173000 Z-0.125000
G01 X34.661500 Y30.231000 Z-0.125000
G01 X34.681500 Y30.251000 Z-0.125000
G01 X34.810700 Y30.281000 Z-0.125000
G01 X34.810700 Y30.063000 Z-0.125000
G01 X34.533900 Y29.468000 Z-0.125000
G01 X34.533900 Y29.468000 Z-0.125000
G01 X34.268800 Y28.884000 Z-0.125000
G01 X34.276800 Y28.674000 Z-0.125000
G01 X34.409700 Y28.707000 Z-0.125000
G01 X34.415500 Y28.713000 Z-0.125000
G01 X34.554200 Y28.753000 Z-0.125000
G01 X34.567100 Y28.547000 Z-0.125000
G01 X34.301100 Y27.963000 Z-0.125000
G01 X34.260300 Y27.922000 Z-0.125000
G01 X33.961800 Y27.306000 Z-0.125000
G01 X33.977200 Y27.102000 Z-0.125000
G01 X34.133900 Y27.160000 Z-0.125000
G01 X34.133900 Y27.160000 Z-0.125000
G01 X34.291200 Y27.217000 Z-0.125000
G01 X34.307700 Y27.015000 Z-0.125000
G01 X34.010800 Y26.400000 Z-0.125000
G01 X33.931500 Y26.321000 Z-0.125000
G01 X33.556200 Y25.628000 Z-0.125000
G01 X33.521800 Y25.375000 Z-0.125000
G01 X33.657900 Y25.411000 Z-0.125000
G01 X33.722700 Y25.476000 Z-0.125000
G01 X33.830900 Y25.485000 Z-0.125000
G01 X33.734800 Y25.170000 Z-0.125000
G01 X33.269900 Y24.387000 Z-0.125000
G01 X30.485400 Y21.603000 Z-0.125000
G01 X29.900200 Y21.336000 Z-0.125000
G01 X29.665500 Y21.320000 Z-0.125000
G01 X29.672600 Y21.426000 Z-0.125000
G01 X29.709500 Y21.463000 Z-0.125000
G01 X29.709900 Y21.563000 Z-0.125000
G01 X29.512200 Y21.584000 Z-0.125000
G01 X29.031000 Y21.421000 Z-0.125000
G01 X28.994600 Y21.384000 Z-0.125000
G01 X28.641300 Y21.349000 Z-0.125000
G01 X28.499100 Y21.525000 Z-0.125000
G01 X28.505500 Y21.531000 Z-0.125000
G01 X28.388500 Y21.732000 Z-0.125000
G01 X28.073200 Y21.735000 Z-0.125000
G01 X28.073200 Y21.735000 Z-0.125000
G01 X27.791600 Y21.771000 Z-0.125000
G01 X27.708300 Y22.006000 Z-0.125000
G01 X27.721800 Y22.019000 Z-0.125000
G01 X27.684000 Y22.300000 Z-0.125000
G01 X27.421100 Y22.355000 Z-0.125000
G01 X27.410400 Y22.344000 Z-0.125000
G01 X27.141600 Y22.393000 Z-0.125000
G01 X27.119400 Y22.689000 Z-0.125000
G01 X27.129400 Y22.699000 Z-0.125000
G01 X27.138600 Y23.026000 Z-0.125000
G01 X27.019900 Y23.126000 Z-0.125000
G01 X26.881100 Y23.087000 Z-0.125000
G01 X26.874200 Y23.080000 Z-0.125000
G01 X26.735600 Y23.041000 Z-0.125000
G01 X26.624500 Y23.148000 Z-0.125000
G01 X26.651600 Y23.493000 Z-0.125000
G01 X26.657200 Y23.499000 Z-0.125000
G01 X26.692800 Y23.853000 Z-0.125000
G01 X26.592800 Y23.972000 Z-0.125000
G01 X26.462800 Y23.941000 Z-0.125000
G01 X26.461700 Y23.940000 Z-0.125000
G01 X26.339800 Y23.918000 Z-0.125000
G01 X26.255800 Y24.052000 Z-0.125000
G01 X26.313400 Y24.428000 Z-0.125000
G01 X26.316600 Y24.431000 Z-0.125000
G01 X26.400100 Y24.832000 Z-0.125000
G01 X26.337000 Y24.988000 Z-0.125000
G01 X26.226500 Y24.977000 Z-0.125000
G01 X26.226500 Y24.977000 Z-0.125000
G01 X26.122400 Y24.972000 Z-0.125000
G01 X26.073500 Y25.142000 Z-0.125000
G01 X26.177700 Y25.564000 Z-0.125000
G01 X26.187900 Y25.574000 Z-0.125000
G01 X26.342100 Y26.047000 Z-0.125000
G01 X26.318100 Y26.241000 Z-0.125000
G01 X26.218800 Y26.241000 Z-0.125000
G01 X26.204200 Y26.227000 Z-0.125000
G01 X26.095100 Y26.217000 Z-0.125000
G01 X26.070000 Y26.411000 Z-0.125000
G01 X26.242700 Y26.901000 Z-0.125000
G01 X26.263800 Y26.922000 Z-0.125000
G01 X26.501600 Y27.478000 Z-0.125000
G01 X26.501500 Y27.697000 Z-0.125000
G01 X26.390400 Y27.685000 Z-0.125000
G01 X26.350700 Y27.645000 Z-0.125000
G01 X26.213700 Y27.608000 Z-0.125000
G01 X26.212400 Y27.825000 Z-0.125000
G01 X26.502800 Y28.434000 Z-0.125000
G01 X26.527300 Y28.458000 Z-0.125000
G01 X26.825300 Y29.074000 Z-0.125000
G01 X26.815000 Y29.283000 Z-0.125000
G01 X26.664200 Y29.231000 Z-0.125000
G01 X26.664200 Y29.231000 Z-0.125000
G01 X26.518900 Y29.185000 Z-0.125000
G01 X26.520700 Y29.406000 Z-0.125000
G01 X26.836500 Y30.040000 Z-0.125000
G01 X26.851000 Y30.054000 Z-0.125000
G01 X27.189400 Y30.711000 Z-0.125000
G01 X27.198400 Y30.938000 Z-0.125000
G01 X27.050700 Y30.890000 Z-0.125000
G01 X27.038000 Y30.877000 Z-0.125000
G01 X26.890500 Y30.829000 Z-0.125000
G01 X26.900000 Y31.057000 Z-0.125000
G01 X27.239200 Y31.714000 Z-0.125000
G01 X27.267200 Y31.742000 Z-0.125000
G01 X27.625700 Y32.419000 Z-0.125000
G01 X27.648500 Y32.660000 Z-0.125000
G01 X27.507100 Y32.618000 Z-0.125000
G01 X27.450800 Y32.562000 Z-0.125000
G01 X27.306400 Y32.517000 Z-0.125000
G01 X27.322800 Y32.752000 Z-0.125000
G01 X27.671900 Y33.419000 Z-0.125000
G01 X28.112900 Y33.860000 Z-0.125000
G00 Z5.000000

(End cutting path id: path2)


(Start cutting path id: path2)
(Change tool to Default tool)

G00 Z5.000000
G00 X10.848400 Y66.212400

G01 Z-0.125000 F100.0(Penetrate)
G01 X10.550400 Y65.914400 Z-0.125000 F400.000000
G01 X10.273200 Y65.319200 Z-0.125000
G01 X10.292000 Y65.119400 Z-0.125000
G01 X10.442800 Y65.170700 Z-0.125000
G01 X10.497500 Y65.225500 Z-0.125000
G01 X10.607600 Y65.236100 Z-0.125000
G01 X10.613600 Y65.023500 Z-0.125000
G01 X10.392400 Y64.484200 Z-0.125000
G01 X10.372200 Y64.464000 Z-0.125000
G01 X10.264800 Y64.038600 Z-0.125000
G01 X10.330100 Y63.885200 Z-0.125000
G01 X10.454200 Y63.910000 Z-0.125000
G01 X10.469600 Y63.925400 Z-0.125000
G01 X10.586800 Y63.943100 Z-0.125000
G01 X10.658400 Y63.796000 Z-0.125000
G01 X10.581100 Y63.400700 Z-0.125000
G01 X10.568000 Y63.387600 Z-0.125000
G01 X10.550900 Y63.052500 Z-0.125000
G01 X10.651500 Y62.934400 Z-0.125000
G01 X10.773500 Y62.957000 Z-0.125000
G01 X10.776900 Y62.960400 Z-0.125000
G01 X11.014300 Y62.879800 Z-0.125000
G01 X11.018800 Y62.566300 Z-0.125000
G01 X11.018800 Y62.566300 Z-0.125000
G01 X11.050400 Y62.279800 Z-0.125000
G01 X11.314800 Y62.226100 Z-0.125000
G01 X11.315300 Y62.226600 Z-0.125000
G01 X11.603600 Y62.196900 Z-0.125000
G01 X11.658100 Y61.933300 Z-0.125000
G01 X11.647000 Y61.922300 Z-0.125000
G01 X11.691300 Y61.648500 Z-0.125000
G01 X11.991700 Y61.630800 Z-0.125000
G01 X12.010300 Y61.649400 Z-0.125000
G01 X12.365400 Y61.686400 Z-0.125000
G01 X12.472000 Y61.574400 Z-0.125000
G01 X12.427100 Y61.430100 Z-0.125000
G01 X12.408200 Y61.411200 Z-0.125000
G01 X12.351600 Y61.255200 Z-0.125000
G01 X12.459000 Y61.143900 Z-0.125000
G01 X12.841000 Y61.207900 Z-0.125000
G01 X12.849100 Y61.216000 Z-0.125000
G01 X13.282200 Y61.331100 Z-0.125000
G01 X13.417200 Y61.247400 Z-0.125000
G01 X13.368000 Y61.098800 Z-0.125000
G01 X13.355300 Y61.086200 Z-0.125000
G01 X13.303900 Y60.935300 Z-0.125000
G01 X13.451700 Y60.864500 Z-0.125000
G01 X13.920800 Y61.015500 Z-0.125000
G01 X13.943600 Y61.038300 Z-0.125000
G01 X14.488400 Y61.265100 Z-0.125000
G01 X14.667000 Y61.225000 Z-0.125000
G01 X14.615000 Y61.073600 Z-0.125000
G01 X14.589200 Y61.047800 Z-0.125000
G01 X14.516900 Y60.876100 Z-0.125000
G01 X14.686800 Y60.827400 Z-0.125000
G01 X15.254300 Y61.076800 Z-0.125000
G01 X15.361900 Y61.184400 Z-0.125000
G01 X16.032400 Y61.536900 Z-0.125000
G01 X16.269700 Y61.555500 Z-0.125000
G01 X16.225800 Y61.412200 Z-0.125000
G01 X16.030800 Y61.217300 Z-0.125000
G01 X15.990800 Y61.077800 Z-0.125000
G01 X16.236500 Y61.104900 Z-0.125000
G01 X16.919300 Y61.469600 Z-0.125000
G01 X17.304500 Y61.854800 Z-0.125000
G01 X18.131900 Y62.364100 Z-0.125000
G01 X18.477100 Y62.490700 Z-0.125000
G01 X18.482200 Y62.396400 Z-0.125000
G01 X18.281500 Y62.195700 Z-0.125000
G01 X18.271300 Y62.086200 Z-0.125000
G01 X18.582900 Y62.179000 Z-0.125000
G01 X19.361300 Y62.639400 Z-0.125000
G01 X19.836300 Y63.114400 Z-0.125000
G01 X20.000000 Y63.079400 Z-0.125000
G01 X20.120100 Y62.762100 Z-0.125000
G01 X20.154300 Y62.359000 Z-0.125000
G01 X20.060800 Y62.066700 Z-0.125000
G01 X20.060800 Y62.066700 Z-0.125000
G01 X19.921300 Y62.026600 Z-0.125000
G01 X19.854500 Y62.178400 Z-0.125000
G01 X19.991200 Y62.633200 Z-0.125000
G01 X21.372000 Y64.014000 Z-0.125000
G00 Z5.000000

(End cutting path id: path2)


(Start cutting path id: path2)
(Change tool to Default tool)

G00 Z5.000000
G00 X13.548100 Y69.548200

G01 Z-0.125000 F100.0(Penetrate)
G01 X14.485400 Y70.485500 Z-0.125000 F400.000000
G01 X15.328200 Y71.010300 Z-0.125000
G01 X15.684100 Y71.147500 Z-0.125000
G01 X15.694000 Y71.058100 Z-0.125000
G01 X15.514600 Y70.878600 Z-0.125000
G01 X15.520300 Y70.785000 Z-0.125000
G01 X15.866900 Y70.912900 Z-0.125000
G01 X16.696300 Y71.424200 Z-0.125000
G01 X16.831600 Y71.559600 Z-0.125000
G01 X17.624100 Y72.034000 Z-0.125000
G01 X17.945300 Y72.136500 Z-0.125000
G01 X17.939500 Y72.031300 Z-0.125000
G01 X17.815700 Y71.907500 Z-0.125000
G01 X17.803900 Y71.796300 Z-0.125000
G01 X18.111800 Y71.885500 Z-0.125000
G01 X18.884900 Y72.340600 Z-0.125000
G01 X19.274000 Y72.729700 Z-0.125000
G00 Z5.000000

(End cutting path id: path2)


(Start cutting path id: path2)
(Change tool to Default tool)

G00 Z5.000000
G00 X13.319800 Y69.956100

G01 Z-0.125000 F100.0(Penetrate)
G01 X11.307100 Y67.943400 Z-0.125000 F400.000000
G01 X10.837200 Y67.155400 Z-0.125000
G01 X10.737800 Y66.837400 Z-0.125000
G01 X10.844400 Y66.844600 Z-0.125000
G01 X11.708400 Y67.708600 Z-0.125000
G00 Z5.000000

(End cutting path id: path2)


(Start cutting path id: path2)
(Change tool to Default tool)

G00 Z5.000000
G00 X36.775100 Y94.047500

G01 Z-0.125000 F100.0(Penetrate)
G01 X36.612000 Y93.884400 Z-0.125000 F400.000000
G01 X36.585400 Y93.539700 Z-0.125000
G01 X36.701100 Y93.436700 Z-0.125000
G01 X36.844700 Y93.481000 Z-0.125000
G01 X36.850100 Y93.486400 Z-0.125000
G01 X36.987000 Y93.523800 Z-0.125000
G01 X37.095400 Y93.413600 Z-0.125000
G01 X37.065500 Y93.065700 Z-0.125000
G01 X37.061600 Y93.061800 Z-0.125000
G01 X37.039600 Y92.721700 Z-0.125000
G01 X37.149700 Y92.613200 Z-0.125000
G01 X37.284900 Y92.648900 Z-0.125000
G01 X37.287900 Y92.651900 Z-0.125000
G01 X37.419800 Y92.684500 Z-0.125000
G01 X37.527100 Y92.573100 Z-0.125000
G01 X37.504800 Y92.232800 Z-0.125000
G01 X37.503300 Y92.231300 Z-0.125000
G01 X37.485500 Y91.895400 Z-0.125000
G01 X37.594500 Y91.785700 Z-0.125000
G01 X37.726200 Y91.818100 Z-0.125000
G01 X37.727700 Y91.819600 Z-0.125000
G01 X37.857900 Y91.850400 Z-0.125000
G01 X37.965500 Y91.739300 Z-0.125000
G01 X37.947700 Y91.403400 Z-0.125000
G01 X37.945600 Y91.401300 Z-0.125000
G01 X37.931900 Y91.069600 Z-0.125000
G01 X38.040300 Y90.959300 Z-0.125000
G01 X38.169600 Y90.989300 Z-0.125000
G01 X38.170500 Y90.990100 Z-0.125000
G01 X38.298900 Y91.019100 Z-0.125000
G01 X38.406600 Y90.908200 Z-0.125000
G01 X38.393000 Y90.576600 Z-0.125000
G01 X38.392600 Y90.576200 Z-0.125000
G01 X38.380400 Y90.245900 Z-0.125000
G01 X38.488700 Y90.135500 Z-0.125000
G01 X38.617100 Y90.164500 Z-0.125000
G01 X38.619000 Y90.166400 Z-0.125000
G01 X38.745900 Y90.193900 Z-0.125000
G01 X38.853400 Y90.082800 Z-0.125000
G01 X38.842600 Y89.753900 Z-0.125000
G01 X38.840700 Y89.752000 Z-0.125000
G01 X38.833600 Y89.426900 Z-0.125000
G01 X38.941900 Y89.316500 Z-0.125000
G01 X39.068000 Y89.343200 Z-0.125000
G01 X39.068100 Y89.343300 Z-0.125000
G01 X39.194200 Y89.370000 Z-0.125000
G01 X39.302600 Y89.259800 Z-0.125000
G01 X39.295900 Y88.935000 Z-0.125000
G01 X39.294500 Y88.933600 Z-0.125000
G01 X39.290400 Y88.611500 Z-0.125000
G01 X39.399500 Y88.501900 Z-0.125000
G01 X39.524900 Y88.527900 Z-0.125000
G01 X39.526300 Y88.529300 Z-0.125000
G01 X39.650300 Y88.553900 Z-0.125000
G01 X39.758100 Y88.443000 Z-0.125000
G01 X39.754000 Y88.120900 Z-0.125000
G01 X39.752400 Y88.119300 Z-0.125000
G01 X39.752900 Y87.801800 Z-0.125000
G01 X39.986000 Y87.716800 Z-0.125000
G01 X39.987300 Y87.718100 Z-0.125000
G01 X40.218700 Y87.631400 Z-0.125000
G01 X40.220000 Y87.314700 Z-0.125000
G01 X40.219900 Y87.314600 Z-0.125000
G01 X40.223400 Y87.000100 Z-0.125000
G01 X40.456800 Y86.915400 Z-0.125000
G01 X40.456800 Y86.915400 Z-0.125000
G01 X40.693500 Y86.834100 Z-0.125000
G01 X40.700400 Y86.522900 Z-0.125000
G01 X40.695000 Y86.517500 Z-0.125000
G01 X40.682900 Y86.187400 Z-0.125000
G01 X40.787400 Y86.073200 Z-0.125000
G01 X40.911400 Y86.097900 Z-0.125000
G01 X40.932800 Y86.119200 Z-0.125000
G01 X41.068500 Y86.155600 Z-0.125000
G01 X41.168900 Y86.037300 Z-0.125000
G01 X41.121800 Y85.672100 Z-0.125000
G01 X41.105600 Y85.655900 Z-0.125000
G01 X41.027200 Y85.259400 Z-0.125000
G01 X41.098800 Y85.112400 Z-0.125000
G01 X41.216700 Y85.130900 Z-0.125000
G01 X41.242000 Y85.156200 Z-0.125000
G01 X41.325500 Y85.140300 Z-0.125000
G01 X41.357000 Y84.953100 Z-0.125000
G01 X41.254700 Y84.532800 Z-0.125000
G01 X41.254700 Y84.532800 Z-0.125000
G01 X41.163500 Y84.123600 Z-0.125000
G01 X41.202700 Y83.944100 Z-0.125000
G01 X41.289600 Y83.931600 Z-0.125000
G01 X41.289900 Y83.931900 Z-0.125000
G01 X41.378800 Y83.921400 Z-0.125000
G01 X41.421700 Y83.745600 Z-0.125000
G01 X41.335500 Y83.341400 Z-0.125000
G01 X41.324100 Y83.330000 Z-0.125000
G01 X41.206000 Y82.893800 Z-0.125000
G01 X41.237600 Y82.706700 Z-0.125000
G01 X41.328500 Y82.698300 Z-0.125000
G01 X41.500500 Y82.870300 Z-0.125000
G00 Z5.000000

(End cutting path id: path2)


(Start cutting path id: path2)
(Change tool to Default tool)

G00 Z5.000000
G00 X55.988000 Y87.319400

G01 Z-0.125000 F100.0(Penetrate)
G01 X55.145800 Y93.171100 Z-0.125000 F400.000000
G01 X53.980900 Y98.800400 Z-0.125000
G01 X52.621700 Y103.673200 Z-0.125000
G01 X51.196600 Y107.255300 Z-0.125000
G01 X50.807100 Y108.014400 Z-0.125000
G01 X50.596100 Y106.935100 Z-0.125000
G01 X48.868600 Y96.973400 Z-0.125000
G01 X49.372200 Y91.267500 Z-0.125000
G01 X49.974700 Y85.839400 Z-0.125000
G01 X50.148700 Y85.255100 Z-0.125000
G01 X50.396500 Y85.117500 Z-0.125000
G01 X50.885900 Y85.396100 Z-0.125000
G01 X51.580100 Y85.778700 Z-0.125000
G01 X52.401500 Y86.044900 Z-0.125000
G01 X53.246700 Y86.170500 Z-0.125000
G01 X54.012700 Y86.131300 Z-0.125000
G01 X54.765100 Y85.839700 Z-0.125000
G01 X55.485400 Y85.260800 Z-0.125000
G01 X56.240100 Y84.554200 Z-0.125000
G01 X55.988000 Y87.319400 Z-0.125000
G01 X55.988000 Y87.319400 Z-0.125000
G00 Z5.000000

(End cutting path id: path2)


(Start cutting path id: path2)
(Change tool to Default tool)

G00 Z5.000000
G00 X62.731700 Y96.468300

G01 Z-0.125000 F100.0(Penetrate)
G01 X59.713400 Y93.450000 Z-0.125000 F400.000000
G01 X59.517500 Y92.936100 Z-0.125000
G01 X59.606500 Y92.806400 Z-0.125000
G01 X59.798800 Y92.899300 Z-0.125000
G01 X63.515900 Y96.616300 Z-0.125000
G01 X64.169800 Y96.952300 Z-0.125000
G01 X64.395800 Y96.959600 Z-0.125000
G01 X64.346800 Y96.811100 Z-0.125000
G01 X59.879800 Y92.344200 Z-0.125000
G01 X59.680400 Y91.826800 Z-0.125000
G01 X59.767000 Y91.694700 Z-0.125000
G01 X59.958200 Y91.786400 Z-0.125000
G01 X65.122800 Y96.951100 Z-0.125000
G01 X65.686000 Y97.196300 Z-0.125000
G01 X65.849700 Y97.141200 Z-0.125000
G01 X65.772200 Y96.964400 Z-0.125000
G01 X60.036900 Y91.229100 Z-0.125000
G01 X59.834000 Y90.708100 Z-0.125000
G01 X59.918100 Y90.573500 Z-0.125000
G01 X60.108100 Y90.664200 Z-0.125000
G01 X66.404000 Y96.960000 Z-0.125000
G01 X66.938600 Y97.176700 Z-0.125000
G01 X67.082600 Y97.102000 Z-0.125000
G01 X66.996200 Y96.916200 Z-0.125000
G01 X60.179300 Y90.099300 Z-0.125000
G01 X59.975400 Y89.577300 Z-0.125000
G01 X60.058800 Y89.442000 Z-0.125000
G01 X60.248500 Y89.532300 Z-0.125000
G01 X67.558700 Y96.842600 Z-0.125000
G01 X68.064300 Y97.030200 Z-0.125000
G01 X68.188400 Y96.935500 Z-0.125000
G01 X68.092900 Y96.740700 Z-0.125000
G01 X60.312500 Y88.960300 Z-0.125000
G01 X60.106000 Y88.435700 Z-0.125000
G01 X60.187600 Y88.298700 Z-0.125000
G01 X60.376500 Y88.388200 Z-0.125000
G01 X68.602000 Y96.613700 Z-0.125000
G01 X69.083600 Y96.777200 Z-0.125000
G01 X69.191000 Y96.666000 Z-0.125000
G01 X69.088100 Y96.463600 Z-0.125000
G01 X60.435800 Y87.811300 Z-0.125000
G01 X60.225600 Y87.283100 Z-0.125000
G01 X60.304700 Y87.143600 Z-0.125000
G01 X60.492500 Y87.231900 Z-0.125000
G01 X69.554800 Y96.294300 Z-0.125000
G01 X69.803100 Y96.443200 Z-0.125000
G01 X70.015600 Y96.437000 Z-0.125000
G01 X70.108800 Y96.311500 Z-0.125000
G01 X69.999300 Y96.102700 Z-0.125000
G01 X60.549000 Y86.652300 Z-0.125000
G01 X60.335000 Y86.120400 Z-0.125000
G01 X60.411600 Y85.978300 Z-0.125000
G01 X60.598200 Y86.065500 Z-0.125000
G01 X70.424100 Y95.891300 Z-0.125000
G01 X70.666100 Y96.033900 Z-0.125000
G01 X70.864400 Y96.013700 Z-0.125000
G01 X70.943600 Y95.874100 Z-0.125000
G01 X70.827700 Y95.658900 Z-0.125000
G01 X60.647500 Y85.478600 Z-0.125000
G01 X60.431900 Y84.945100 Z-0.125000
G01 X60.507400 Y84.801900 Z-0.125000
G01 X60.693500 Y84.888600 Z-0.125000
G01 X71.212100 Y95.407200 Z-0.125000
G01 X71.447900 Y95.543600 Z-0.125000
G01 X71.632800 Y95.509800 Z-0.125000
G01 X71.698400 Y95.356800 Z-0.125000
G01 X71.576400 Y95.135400 Z-0.125000
G01 X60.735200 Y84.294200 Z-0.125000
G01 X60.509200 Y83.750100 Z-0.125000
G01 X60.577500 Y83.599700 Z-0.125000
G01 X60.760300 Y83.683200 Z-0.125000
G01 X71.920100 Y94.842900 Z-0.125000
G01 X72.149300 Y94.972700 Z-0.125000
G01 X72.319500 Y94.924300 Z-0.125000
G01 X72.370600 Y94.756700 Z-0.125000
G01 X72.242000 Y94.528700 Z-0.125000
G01 X60.812100 Y83.098800 Z-0.125000
G01 X60.590500 Y82.559200 Z-0.125000
G01 X60.661800 Y82.411900 Z-0.125000
G01 X60.846000 Y82.496700 Z-0.125000
G01 X72.539500 Y94.190100 Z-0.125000
G01 X72.760900 Y94.312200 Z-0.125000
G01 X72.914200 Y94.246800 Z-0.125000
G01 X72.948100 Y94.062100 Z-0.125000
G01 X72.811800 Y93.826300 Z-0.125000
G01 X61.710600 Y82.725200 Z-0.125000
G01 X61.602500 Y82.517700 Z-0.125000
G01 X61.698700 Y82.395200 Z-0.125000
G01 X61.914100 Y82.391900 Z-0.125000
G01 X62.163800 Y82.542200 Z-0.125000
G01 X73.056200 Y93.434700 Z-0.125000
G01 X73.268400 Y93.547500 Z-0.125000
G01 X73.401300 Y93.461700 Z-0.125000
G01 X73.414900 Y93.256700 Z-0.125000
G01 X73.269300 Y93.011700 Z-0.125000
G01 X62.600600 Y82.342900 Z-0.125000
G01 X62.491100 Y82.134100 Z-0.125000
G01 X62.584300 Y82.008600 Z-0.125000
G01 X62.796700 Y82.002400 Z-0.125000
G01 X63.045100 Y82.151400 Z-0.125000
G01 X73.446400 Y92.552700 Z-0.125000
G01 X73.646400 Y92.653300 Z-0.125000
G01 X73.752400 Y92.540600 Z-0.125000
G01 X73.581300 Y92.051400 Z-0.125000
G01 X63.508900 Y81.979000 Z-0.125000
G01 X63.405600 Y81.776400 Z-0.125000
G01 X63.512500 Y81.664600 Z-0.125000
G01 X63.993200 Y81.827200 Z-0.125000
G01 X73.665300 Y91.499300 Z-0.125000
G01 X73.846700 Y91.581400 Z-0.125000
G01 X73.912100 Y91.428100 Z-0.125000
G01 X73.681800 Y90.879700 Z-0.125000
G01 X64.485800 Y81.683800 Z-0.125000
G01 X64.393400 Y81.492000 Z-0.125000
G01 X64.524000 Y81.403900 Z-0.125000
G01 X65.039300 Y81.601200 Z-0.125000
G01 X73.681800 Y90.243600 Z-0.125000
G01 X73.889600 Y90.352100 Z-0.125000
G01 X74.012900 Y90.256700 Z-0.125000
G01 X74.017000 Y90.042100 Z-0.125000
G01 X73.867000 Y89.792800 Z-0.125000
G01 X65.603800 Y81.529600 Z-0.125000
G01 X65.519700 Y81.346000 Z-0.125000
G01 X65.668500 Y81.276200 Z-0.125000
G01 X66.210300 Y81.500000 Z-0.125000
G01 X74.502400 Y89.792000 Z-0.125000
G01 X75.047500 Y90.019100 Z-0.125000
G01 X75.198600 Y89.951600 Z-0.125000
G01 X75.115500 Y89.769100 Z-0.125000
G01 X66.859800 Y81.513300 Z-0.125000
G01 X66.786400 Y81.340500 Z-0.125000
G01 X66.958800 Y81.294300 Z-0.125000
G01 X67.534900 Y81.552400 Z-0.125000
G01 X75.716100 Y89.733600 Z-0.125000
G01 X76.251400 Y89.950800 Z-0.125000
G01 X76.395800 Y89.876500 Z-0.125000
G01 X76.309600 Y89.691000 Z-0.125000
G01 X68.282800 Y81.664100 Z-0.125000
G01 X68.258000 Y81.540000 Z-0.125000
G01 X68.537500 Y81.600800 Z-0.125000
G01 X69.269400 Y82.014600 Z-0.125000
G01 X76.898100 Y89.643400 Z-0.125000
G01 X77.429900 Y89.857100 Z-0.125000
G01 X77.571900 Y89.780400 Z-0.125000
G01 X77.484700 Y89.593800 Z-0.125000
G01 X74.366300 Y86.475500 Z-0.125000
G01 X74.282200 Y86.292000 Z-0.125000
G01 X74.431100 Y86.222200 Z-0.125000
G01 X74.973100 Y86.446100 Z-0.125000
G01 X78.616600 Y90.089700 Z-0.125000
G01 X78.853600 Y90.227300 Z-0.125000
G01 X79.041100 Y90.196100 Z-0.125000
G01 X79.109200 Y90.045600 Z-0.125000
G01 X78.988400 Y89.825300 Z-0.125000
G01 X75.579800 Y86.416700 Z-0.125000
G01 X75.495700 Y86.233200 Z-0.125000
G01 X75.644600 Y86.163500 Z-0.125000
G01 X76.186500 Y86.387400 Z-0.125000
G01 X79.368400 Y89.569200 Z-0.125000
G01 X79.607900 Y89.709400 Z-0.125000
G01 X79.801100 Y89.683900 Z-0.125000
G01 X79.874900 Y89.539000 Z-0.125000
G01 X79.756700 Y89.321400 Z-0.125000
G01 X76.793300 Y86.358000 Z-0.125000
G01 X76.709200 Y86.174500 Z-0.125000
G01 X76.858100 Y86.104800 Z-0.125000
G01 X77.400000 Y86.328600 Z-0.125000
G01 X80.154100 Y89.082800 Z-0.125000
G01 X80.396400 Y89.225600 Z-0.125000
G01 X80.595300 Y89.205900 Z-0.125000
G01 X80.675000 Y89.066900 Z-0.125000
G01 X80.559400 Y88.851900 Z-0.125000
G01 X78.006700 Y86.299300 Z-0.125000
G01 X77.922600 Y86.115800 Z-0.125000
G01 X78.071600 Y86.046100 Z-0.125000
G01 X78.613500 Y86.269900 Z-0.125000
G01 X80.969900 Y88.626300 Z-0.125000
G01 X81.214000 Y88.771000 Z-0.125000
G01 X81.417000 Y88.755400 Z-0.125000
G01 X81.500800 Y88.620500 Z-0.125000
G01 X81.387100 Y88.407400 Z-0.125000
G01 X79.220700 Y86.241100 Z-0.125000
G01 X79.136800 Y86.057700 Z-0.125000
G01 X79.286000 Y85.988300 Z-0.125000
G01 X79.828400 Y86.212600 Z-0.125000
G01 X81.814900 Y88.199100 Z-0.125000
G01 X82.063000 Y88.347900 Z-0.125000
G01 X82.274900 Y88.341100 Z-0.125000
G01 X82.367500 Y88.215000 Z-0.125000
G01 X82.257800 Y88.005900 Z-0.125000
G01 X80.436100 Y86.184200 Z-0.125000
G01 X80.352100 Y86.000900 Z-0.125000
G01 X80.501400 Y85.931500 Z-0.125000
G01 X81.043800 Y86.155800 Z-0.125000
G01 X82.720100 Y87.832100 Z-0.125000
G01 X83.203400 Y87.997300 Z-0.125000
G01 X83.312000 Y87.887300 Z-0.125000
G01 X83.209500 Y87.685500 Z-0.125000
G01 X81.651400 Y86.127400 Z-0.125000
G01 X81.567500 Y85.944000 Z-0.125000
G01 X81.716700 Y85.874600 Z-0.125000
G01 X82.259100 Y86.099000 Z-0.125000
G01 X83.716300 Y87.556200 Z-0.125000
G01 X84.223300 Y87.745100 Z-0.125000
G01 X84.348100 Y87.651300 Z-0.125000
G01 X84.253100 Y87.456900 Z-0.125000
G01 X82.866800 Y86.070500 Z-0.125000
G01 X82.782900 Y85.887200 Z-0.125000
G01 X82.932100 Y85.817800 Z-0.125000
G01 X83.474500 Y86.042100 Z-0.125000
G01 X84.810000 Y87.377600 Z-0.125000
G01 X85.335000 Y87.584600 Z-0.125000
G01 X85.472400 Y87.503300 Z-0.125000
G01 X85.383000 Y87.314500 Z-0.125000
G01 X84.082200 Y86.013700 Z-0.125000
G01 X83.999500 Y85.831600 Z-0.125000
G01 X84.151500 Y85.765000 Z-0.125000
G01 X84.697900 Y85.993300 Z-0.125000
G01 X86.019800 Y87.315200 Z-0.125000
G01 X86.503700 Y87.481100 Z-0.125000
G01 X86.661100 Y87.419800 Z-0.125000
G01 X86.613700 Y87.273000 Z-0.125000
G01 X86.577500 Y87.236900 Z-0.125000
G01 X86.569500 Y87.129400 Z-0.125000
G01 X86.763000 Y87.104200 Z-0.125000
G01 X87.250000 Y87.273300 Z-0.125000
G01 X87.250000 Y87.273300 Z-0.125000
G01 X87.704300 Y87.409500 Z-0.125000
G01 X87.875300 Y87.361800 Z-0.125000
G01 X87.857100 Y87.244200 Z-0.125000
G01 X87.780100 Y87.167200 Z-0.125000
G01 X87.399200 Y86.468200 Z-0.125000
G01 X87.350800 Y86.201200 Z-0.125000
G01 X87.473800 Y86.224800 Z-0.125000
G01 X88.489400 Y87.240500 Z-0.125000
G01 X88.919100 Y87.352000 Z-0.125000
G01 X89.096800 Y87.311100 Z-0.125000
G01 X89.097700 Y87.212700 Z-0.125000
G01 X89.081400 Y87.196300 Z-0.125000
G01 X89.100200 Y87.115700 Z-0.125000
G01 X89.294300 Y87.091200 Z-0.125000
G01 X89.725500 Y87.204300 Z-0.125000
G01 X89.725500 Y87.204300 Z-0.125000
G01 X90.140300 Y87.301100 Z-0.125000
G01 X90.323100 Y87.265300 Z-0.125000
G01 X90.336800 Y87.179600 Z-0.125000
G01 X90.328400 Y87.171200 Z-0.125000
G01 X90.332800 Y87.076100 Z-0.125000
G01 X90.506900 Y87.031600 Z-0.125000
G01 X90.920500 Y87.127100 Z-0.125000
G01 X90.931800 Y87.138400 Z-0.125000
G01 X91.368800 Y87.257400 Z-0.125000
G01 X91.548500 Y87.218400 Z-0.125000
G01 X91.548100 Y87.118700 Z-0.125000
G01 X91.535800 Y87.106400 Z-0.125000
G01 X91.522400 Y86.993600 Z-0.125000
G01 X91.690600 Y86.943000 Z-0.125000
G01 X92.127600 Y87.062000 Z-0.125000
G01 X92.142700 Y87.077100 Z-0.125000
G01 X92.611300 Y87.227700 Z-0.125000
G01 X92.787000 Y87.184700 Z-0.125000
G01 X92.767300 Y87.065700 Z-0.125000
G01 X92.620200 Y86.918600 Z-0.125000
G01 X92.332300 Y86.312600 Z-0.125000
G01 X92.358000 Y86.119700 Z-0.125000
G01 X92.521500 Y86.183700 Z-0.125000
G01 X93.329100 Y86.991300 Z-0.125000
G01 X93.896700 Y87.240900 Z-0.125000
G01 X94.063300 Y87.188800 Z-0.125000
G01 X93.987200 Y87.013400 Z-0.125000
G01 X92.336600 Y85.362700 Z-0.125000
G01 X91.908200 Y84.616300 Z-0.125000
G01 X91.837400 Y84.326800 Z-0.125000
G01 X91.957000 Y84.347000 Z-0.125000
G01 X94.688300 Y87.078300 Z-0.125000
G01 X95.310800 Y87.382700 Z-0.125000
G01 X95.515100 Y87.368400 Z-0.125000
G01 X95.456200 Y87.210100 Z-0.125000
G01 X92.201500 Y83.955400 Z-0.125000
G00 Z5.000000

(End cutting path id: path2)


(Start cutting path id: path2)
(Change tool to Default tool)

G00 Z5.000000
G00 X50.500700 Y107.136900

G01 Z-0.125000 F100.0(Penetrate)
G01 X50.288700 Y106.924900 Z-0.125000 F400.000000
G01 X50.022500 Y106.340600 Z-0.125000
G01 X50.027400 Y106.126800 Z-0.125000
G01 X50.157200 Y106.157300 Z-0.125000
G01 X50.159800 Y106.159900 Z-0.125000
G01 X50.286300 Y106.187000 Z-0.125000
G01 X50.287700 Y105.969800 Z-0.125000
G01 X50.020000 Y105.383900 Z-0.125000
G01 X50.018900 Y105.382800 Z-0.125000
G01 X49.754800 Y104.800700 Z-0.125000
G01 X49.757700 Y104.585000 Z-0.125000
G01 X49.884200 Y104.612100 Z-0.125000
G01 X49.884300 Y104.612100 Z-0.125000
G01 X50.010800 Y104.639300 Z-0.125000
G01 X50.013700 Y104.423600 Z-0.125000
G01 X49.749600 Y103.841400 Z-0.125000
G01 X49.749600 Y103.841400 Z-0.125000
G01 X49.485500 Y103.259300 Z-0.125000
G01 X49.488400 Y103.043500 Z-0.125000
G01 X49.615000 Y103.070700 Z-0.125000
G01 X49.615000 Y103.070700 Z-0.125000
G01 X49.741500 Y103.097800 Z-0.125000
G01 X49.744400 Y102.882100 Z-0.125000
G01 X49.480300 Y102.299900 Z-0.125000
G01 X49.480300 Y102.299900 Z-0.125000
G01 X49.216300 Y101.717800 Z-0.125000
G01 X49.219200 Y101.502100 Z-0.125000
G01 X49.345700 Y101.529200 Z-0.125000
G01 X49.346600 Y101.530100 Z-0.125000
G01 X49.474100 Y101.558200 Z-0.125000
G01 X49.478000 Y101.343500 Z-0.125000
G01 X49.214300 Y100.761700 Z-0.125000
G01 X49.213100 Y100.760500 Z-0.125000
G01 X48.947000 Y100.176300 Z-0.125000
G01 X48.950400 Y99.961100 Z-0.125000
G01 X49.078500 Y99.989700 Z-0.125000
G01 X49.079700 Y99.990900 Z-0.125000
G01 X49.208900 Y100.020800 Z-0.125000
G01 X49.213400 Y99.806700 Z-0.125000
G01 X48.947400 Y99.222500 Z-0.125000
G01 X48.946600 Y99.221800 Z-0.125000
G01 X48.679500 Y98.636600 Z-0.125000
G01 X48.683900 Y98.422400 Z-0.125000
G01 X48.813600 Y98.452700 Z-0.125000
G01 X48.815200 Y98.454300 Z-0.125000
G01 X48.946800 Y98.486500 Z-0.125000
G01 X48.953200 Y98.274200 Z-0.125000
G01 X48.686600 Y97.689600 Z-0.125000
G01 X48.684400 Y97.687400 Z-0.125000
G01 X48.413400 Y97.098400 Z-0.125000
G01 X48.418800 Y96.885100 Z-0.125000
G01 X48.551400 Y96.918300 Z-0.125000
G01 X48.553600 Y96.920500 Z-0.125000
G01 X48.705600 Y96.973000 Z-0.125000
G01 X48.750500 Y96.799300 Z-0.125000
G01 X48.534000 Y96.264800 Z-0.125000
G01 X48.452500 Y96.183200 Z-0.125000
G01 X48.147500 Y95.560300 Z-0.125000
G01 X48.161400 Y95.355500 Z-0.125000
G01 X48.319500 Y95.414300 Z-0.125000
G01 X48.539400 Y95.634200 Z-0.125000
G01 X48.725700 Y95.721000 Z-0.125000
G01 X48.801500 Y95.578200 Z-0.125000
G01 X48.586600 Y95.045200 Z-0.125000
G01 X48.186500 Y94.645100 Z-0.125000
G01 X47.881500 Y94.022100 Z-0.125000
G01 X47.895400 Y93.817300 Z-0.125000
G01 X48.053500 Y93.876000 Z-0.125000
G01 X48.700600 Y94.523100 Z-0.125000
G01 X48.842600 Y94.565700 Z-0.125000
G01 X48.906300 Y94.410800 Z-0.125000
G01 X48.756800 Y93.943200 Z-0.125000
G01 X48.739500 Y93.926000 Z-0.125000
G01 X48.624500 Y93.492900 Z-0.125000
G01 X48.695800 Y93.345500 Z-0.125000
G01 X48.830300 Y93.380600 Z-0.125000
G01 X48.842100 Y93.392400 Z-0.125000
G01 X48.962900 Y93.413900 Z-0.125000
G01 X49.020800 Y93.253100 Z-0.125000
G01 X48.902400 Y92.816600 Z-0.125000
G01 X48.897600 Y92.811800 Z-0.125000
G01 X48.790300 Y92.386500 Z-0.125000
G01 X48.851300 Y92.228900 Z-0.125000
G01 X48.970600 Y92.248700 Z-0.125000
G01 X48.975400 Y92.253500 Z-0.125000
G01 X49.089600 Y92.268300 Z-0.125000
G01 X49.146100 Y92.106200 Z-0.125000
G01 X49.038900 Y91.680900 Z-0.125000
G01 X49.035800 Y91.677800 Z-0.125000
G01 X48.934600 Y91.258600 Z-0.125000
G01 X48.992500 Y91.097800 Z-0.125000
G01 X49.105300 Y91.111300 Z-0.125000
G01 X49.105900 Y91.111800 Z-0.125000
G01 X49.217700 Y91.124200 Z-0.125000
G01 X49.274000 Y90.961800 Z-0.125000
G01 X49.171300 Y90.541100 Z-0.125000
G01 X49.170700 Y90.540500 Z-0.125000
G01 X49.069100 Y90.120900 Z-0.125000
G01 X49.125700 Y89.958800 Z-0.125000
G01 X49.237200 Y89.970900 Z-0.125000
G01 X49.237200 Y89.970900 Z-0.125000
G01 X49.348600 Y89.982900 Z-0.125000
G01 X49.404800 Y89.820400 Z-0.125000
G01 X49.302600 Y89.400200 Z-0.125000
G01 X49.301700 Y89.399300 Z-0.125000
G01 X49.196500 Y88.976100 Z-0.125000
G01 X49.251500 Y88.812400 Z-0.125000
G01 X49.362900 Y88.824400 Z-0.125000
G01 X49.365000 Y88.826500 Z-0.125000
G01 X49.478600 Y88.840700 Z-0.125000
G01 X49.535500 Y88.679000 Z-0.125000
G01 X49.430400 Y88.255800 Z-0.125000
G01 X49.428300 Y88.253700 Z-0.125000
G01 X49.317200 Y87.824500 Z-0.125000
G01 X49.372000 Y87.660700 Z-0.125000
G01 X49.485900 Y87.675200 Z-0.125000
G01 X49.489800 Y87.679100 Z-0.125000
G01 X49.607600 Y87.697500 Z-0.125000
G01 X49.665500 Y87.536700 Z-0.125000
G01 X49.553500 Y87.106700 Z-0.125000
G01 X49.549400 Y87.102600 Z-0.125000
G01 X49.428000 Y86.663200 Z-0.125000
G01 X49.483200 Y86.499700 Z-0.125000
G01 X49.602400 Y86.519500 Z-0.125000
G01 X49.607000 Y86.524100 Z-0.125000
G01 X49.730500 Y86.548200 Z-0.125000
G01 X49.788700 Y86.387800 Z-0.125000
G01 X49.665500 Y85.946500 Z-0.125000
G01 X49.659000 Y85.940000 Z-0.125000
G01 X49.296600 Y85.259500 Z-0.125000
G01 X49.196500 Y84.940700 Z-0.125000
G01 X49.252100 Y84.897000 Z-0.125000
G01 X49.653100 Y85.298000 Z-0.125000
G01 X49.863900 Y85.409400 Z-0.125000
G01 X49.993800 Y85.320600 Z-0.125000
G01 X50.004400 Y85.112500 Z-0.125000
G01 X49.857400 Y84.866200 Z-0.125000
G01 X49.622200 Y84.631000 Z-0.125000
G01 X49.484000 Y84.393400 Z-0.125000
G01 X49.513800 Y84.204500 Z-0.125000
G01 X49.662900 Y84.135000 Z-0.125000
G01 X49.882400 Y84.255100 Z-0.125000
G01 X51.124300 Y85.497000 Z-0.125000
G00 Z5.000000

(End cutting path id: path2)


(Start cutting path id: path2)
(Change tool to Default tool)

G00 Z5.000000
G00 X44.765600 Y108.591400

G01 Z-0.125000 F100.0(Penetrate)
G01 X44.761800 Y108.979600 Z-0.125000 F400.000000
G01 X44.968000 Y109.331200 Z-0.125000
G01 X46.074200 Y109.993200 Z-0.125000
G01 X47.424200 Y110.274200 Z-0.125000
G01 X48.878500 Y110.001000 Z-0.125000
G01 X49.724100 Y109.786100 Z-0.125000
G01 X48.995200 Y110.852400 Z-0.125000
G01 X47.699400 Y112.120900 Z-0.125000
G01 X46.325800 Y112.780300 Z-0.125000
G01 X45.625400 Y112.877600 Z-0.125000
G01 X44.924200 Y112.818000 Z-0.125000
G01 X44.228500 Y112.599700 Z-0.125000
G01 X43.544500 Y112.221400 Z-0.125000
G01 X42.692300 Y111.593200 Z-0.125000
G01 X42.399500 Y111.091900 Z-0.125000
G01 X42.659300 Y110.482800 Z-0.125000
G01 X43.464700 Y109.530800 Z-0.125000
G01 X44.802700 Y108.125700 Z-0.125000
G01 X44.765700 Y108.591400 Z-0.125000
G01 X44.765600 Y108.591400 Z-0.125000
G00 Z5.000000

(End cutting path id: path2)


(Start cutting path id: path2)
(Change tool to Default tool)

G00 Z5.000000
G00 X45.195000 Y109.464500

G01 Z-0.125000 F100.0(Penetrate)
G01 X45.043200 Y109.312600 Z-0.125000 F400.000000
G01 X44.901200 Y108.852600 Z-0.125000
G01 X44.946000 Y108.678700 Z-0.125000
G01 X45.063000 Y108.696300 Z-0.125000
G01 X46.123400 Y109.756800 Z-0.125000
G01 X46.753300 Y110.068600 Z-0.125000
G01 X46.981400 Y110.078000 Z-0.125000
G01 X46.945900 Y109.943200 Z-0.125000
G01 X46.896300 Y109.893500 Z-0.125000
G01 X46.878800 Y109.776700 Z-0.125000
G01 X47.076900 Y109.756100 Z-0.125000
G01 X47.595500 Y109.956700 Z-0.125000
G01 X47.628300 Y109.989500 Z-0.125000
G01 X48.035000 Y110.078100 Z-0.125000
G01 X48.186800 Y110.011300 Z-0.125000
G01 X48.169200 Y109.894300 Z-0.125000
G01 X48.154700 Y109.879700 Z-0.125000
G01 X48.145100 Y109.770800 Z-0.125000
G01 X48.294400 Y109.701400 Z-0.125000
G01 X48.677500 Y109.766400 Z-0.125000
G01 X48.677500 Y109.766400 Z-0.125000
G01 X49.039900 Y109.810800 Z-0.125000
G01 X49.175100 Y109.727300 Z-0.125000
G01 X49.159100 Y109.612000 Z-0.125000
G01 X49.025300 Y109.478100 Z-0.125000
G00 Z5.000000

(End cutting path id: path2)


(Start cutting path id: path2)
(Change tool to Default tool)

G00 Z5.000000
G00 X43.617400 Y112.339600

G01 Z-0.125000 F100.0(Penetrate)
G01 X44.320500 Y113.042700 Z-0.125000 F400.000000
G01 X44.888300 Y113.292500 Z-0.125000
G01 X45.080500 Y113.266000 Z-0.125000
G01 X45.033300 Y113.119400 Z-0.125000
G01 X44.978600 Y113.064600 Z-0.125000
G01 X44.972700 Y112.959400 Z-0.125000
G01 X45.179200 Y112.947200 Z-0.125000
G01 X45.693200 Y113.143200 Z-0.125000
G01 X45.722800 Y113.172700 Z-0.125000
G01 X46.122600 Y113.254500 Z-0.125000
G01 X46.278400 Y113.191600 Z-0.125000
G01 X46.268300 Y113.082200 Z-0.125000
G01 X46.265100 Y113.079000 Z-0.125000
G01 X46.250900 Y112.965300 Z-0.125000
G01 X46.393000 Y112.888800 Z-0.125000
G01 X46.768700 Y112.946500 Z-0.125000
G01 X46.768700 Y112.946500 Z-0.125000
G01 X47.118500 Y112.978200 Z-0.125000
G01 X47.242900 Y112.883900 Z-0.125000
G01 X47.220600 Y112.762200 Z-0.125000
G01 X47.217500 Y112.759100 Z-0.125000
G01 X47.190400 Y112.632600 Z-0.125000
G01 X47.300300 Y112.523900 Z-0.125000
G01 X47.625500 Y112.531100 Z-0.125000
G01 X47.632200 Y112.537800 Z-0.125000
G01 X47.928200 Y112.515700 Z-0.125000
G01 X47.995300 Y112.264700 Z-0.125000
G01 X47.991500 Y112.260900 Z-0.125000
G01 X48.055400 Y112.006800 Z-0.125000
G01 X48.340600 Y111.973900 Z-0.125000
G01 X48.340700 Y111.974000 Z-0.125000
G01 X48.613100 Y111.928400 Z-0.125000
G01 X48.664300 Y111.661600 Z-0.125000
G01 X48.664300 Y111.661600 Z-0.125000
G01 X48.706400 Y111.385600 Z-0.125000
G01 X48.969600 Y111.330700 Z-0.125000
G01 X48.970200 Y111.331300 Z-0.125000
G01 X49.227700 Y111.270800 Z-0.125000
G01 X49.262800 Y110.987900 Z-0.125000
G01 X49.260500 Y110.985600 Z-0.125000
G01 X49.284700 Y110.691700 Z-0.125000
G01 X49.536000 Y110.625000 Z-0.125000
G01 X49.537900 Y110.626900 Z-0.125000
G01 X49.786200 Y110.557100 Z-0.125000
G01 X49.803600 Y110.256400 Z-0.125000
G01 X49.802100 Y110.254900 Z-0.125000
G01 X49.570700 Y109.705500 Z-0.125000
G01 X49.521200 Y109.437300 Z-0.125000
G01 X49.573100 Y109.389800 Z-0.125000
G01 X49.938300 Y109.755000 Z-0.125000
G01 X50.156000 Y109.873300 Z-0.125000
G01 X50.301000 Y109.799700 Z-0.125000
G01 X50.326800 Y109.606800 Z-0.125000
G01 X50.186700 Y109.367300 Z-0.125000
G01 X50.084700 Y109.265400 Z-0.125000
G01 X49.958400 Y109.039600 Z-0.125000
G01 X50.014400 Y108.877000 Z-0.125000
G01 X50.189600 Y108.833600 Z-0.125000
G01 X50.421100 Y108.965600 Z-0.125000
G01 X50.423200 Y108.967700 Z-0.125000
G01 X50.638100 Y109.083200 Z-0.125000
G01 X50.777000 Y109.003500 Z-0.125000
G01 X50.796600 Y108.804400 Z-0.125000
G01 X50.653700 Y108.562100 Z-0.125000
G01 X50.589800 Y108.498200 Z-0.125000
G01 X50.285500 Y107.875900 Z-0.125000
G01 X50.300000 Y107.671700 Z-0.125000
G01 X50.458300 Y107.730600 Z-0.125000
G01 X51.000100 Y108.272500 Z-0.125000
G01 X51.119400 Y108.292300 Z-0.125000
G01 X51.221400 Y108.175700 Z-0.125000
G01 X51.213600 Y107.849800 Z-0.125000
G01 X51.210400 Y107.846600 Z-0.125000
G01 X51.206900 Y107.525100 Z-0.125000
G01 X51.426100 Y107.426200 Z-0.125000
G01 X51.430600 Y107.430700 Z-0.125000
G01 X51.637400 Y107.319500 Z-0.125000
G01 X51.630500 Y106.994500 Z-0.125000
G01 X51.628900 Y106.992900 Z-0.125000
G01 X51.622900 Y106.668900 Z-0.125000
G01 X51.827400 Y106.555300 Z-0.125000
G01 X51.827400 Y106.555300 Z-0.125000
G01 X52.027500 Y106.437400 Z-0.125000
G01 X52.017100 Y106.108900 Z-0.125000
G01 X52.017000 Y106.108800 Z-0.125000
G01 X52.002600 Y105.776400 Z-0.125000
G01 X52.198900 Y105.654600 Z-0.125000
G01 X52.199400 Y105.655100 Z-0.125000
G01 X52.395200 Y105.532900 Z-0.125000
G01 X52.379400 Y105.199000 Z-0.125000
G01 X52.377000 Y105.196600 Z-0.125000
G01 X52.353000 Y104.854600 Z-0.125000
G01 X52.545500 Y104.729000 Z-0.125000
G01 X52.547100 Y104.730600 Z-0.125000
G01 X52.656100 Y104.740300 Z-0.125000
G01 X52.742300 Y104.607800 Z-0.125000
G01 X52.718000 Y104.265400 Z-0.125000
G01 X52.713600 Y104.261000 Z-0.125000
G01 X52.680100 Y103.909500 Z-0.125000
G01 X52.764100 Y103.774800 Z-0.125000
G01 X52.874900 Y103.786200 Z-0.125000
G01 X52.875000 Y103.786300 Z-0.125000
G01 X52.985800 Y103.797700 Z-0.125000
G01 X53.069500 Y103.662800 Z-0.125000
G01 X53.035600 Y103.310800 Z-0.125000
G01 X53.031300 Y103.306500 Z-0.125000
G01 X52.988700 Y102.945900 Z-0.125000
G01 X53.070600 Y102.809100 Z-0.125000
G01 X53.183200 Y102.822400 Z-0.125000
G01 X53.184200 Y102.823400 Z-0.125000
G01 X53.297600 Y102.837400 Z-0.125000
G01 X53.379700 Y102.700800 Z-0.125000
G01 X53.336100 Y102.339100 Z-0.125000
G01 X53.332700 Y102.335700 Z-0.125000
G01 X53.281100 Y101.966100 Z-0.125000
G01 X53.361000 Y101.827300 Z-0.125000
G01 X53.475500 Y101.842500 Z-0.125000
G01 X53.477100 Y101.844100 Z-0.125000
G01 X53.593100 Y101.860600 Z-0.125000
G01 X53.673700 Y101.722500 Z-0.125000
G01 X53.621000 Y101.351800 Z-0.125000
G01 X53.619100 Y101.349900 Z-0.125000
G01 X53.559800 Y100.972600 Z-0.125000
G01 X53.637700 Y100.831900 Z-0.125000
G01 X53.753700 Y100.848400 Z-0.125000
G01 X53.755700 Y100.850400 Z-0.125000
G01 X53.873400 Y100.868700 Z-0.125000
G01 X53.952400 Y100.729100 Z-0.125000
G01 X53.892200 Y100.350800 Z-0.125000
G01 X53.891200 Y100.349800 Z-0.125000
G01 X53.825800 Y99.966400 Z-0.125000
G01 X53.902200 Y99.824100 Z-0.125000
G01 X54.019400 Y99.841900 Z-0.125000
G01 X54.021000 Y99.843500 Z-0.125000
G01 X54.139500 Y99.862600 Z-0.125000
G01 X54.216900 Y99.721300 Z-0.125000
G01 X54.150600 Y99.337100 Z-0.125000
G01 X54.148900 Y99.335400 Z-0.125000
G01 X54.079300 Y98.947600 Z-0.125000
G01 X54.155300 Y98.805000 Z-0.125000
G01 X54.273900 Y98.824200 Z-0.125000
G01 X54.273900 Y98.824200 Z-0.125000
G01 X54.394400 Y98.845300 Z-0.125000
G01 X54.474300 Y98.706500 Z-0.125000
G01 X54.410300 Y98.324500 Z-0.125000
G01 X54.394500 Y98.308700 Z-0.125000
G01 X54.321200 Y97.917400 Z-0.125000
G01 X54.395600 Y97.773100 Z-0.125000
G01 X54.514100 Y97.792200 Z-0.125000
G01 X54.514100 Y97.792200 Z-0.125000
G01 X54.632300 Y97.811000 Z-0.125000
G01 X54.706000 Y97.666100 Z-0.125000
G01 X54.631800 Y97.273800 Z-0.125000
G01 X54.629800 Y97.271800 Z-0.125000
G01 X54.552500 Y96.876500 Z-0.125000
G01 X54.624600 Y96.729900 Z-0.125000
G01 X54.742400 Y96.748300 Z-0.125000
G01 X54.743200 Y96.749100 Z-0.125000
G01 X54.860200 Y96.766700 Z-0.125000
G01 X54.931500 Y96.619400 Z-0.125000
G01 X54.854400 Y96.224200 Z-0.125000
G01 X54.854400 Y96.224200 Z-0.125000
G01 X54.774500 Y95.826200 Z-0.125000
G01 X54.844000 Y95.677100 Z-0.125000
G01 X54.960000 Y95.693700 Z-0.125000
G01 X54.960500 Y95.694200 Z-0.125000
G01 X55.076300 Y95.710600 Z-0.125000
G01 X55.145400 Y95.561100 Z-0.125000
G01 X55.065400 Y95.163000 Z-0.125000
G01 X55.064000 Y95.161600 Z-0.125000
G01 X54.984800 Y94.764300 Z-0.125000
G01 X55.053200 Y94.614100 Z-0.125000
G01 X55.167700 Y94.629200 Z-0.125000
G01 X55.167700 Y94.629200 Z-0.125000
G01 X55.281500 Y94.643600 Z-0.125000
G01 X55.348200 Y94.491600 Z-0.125000
G01 X55.266400 Y94.091800 Z-0.125000
G01 X55.265300 Y94.090700 Z-0.125000
G01 X55.184700 Y93.692000 Z-0.125000
G01 X55.251100 Y93.539800 Z-0.125000
G01 X55.364000 Y93.553300 Z-0.125000
G01 X55.364900 Y93.554200 Z-0.125000
G01 X55.476200 Y93.566100 Z-0.125000
G01 X55.540300 Y93.411600 Z-0.125000
G01 X55.457600 Y93.010800 Z-0.125000
G01 X55.457600 Y93.010800 Z-0.125000
G01 X55.374300 Y92.609400 Z-0.125000
G01 X55.438000 Y92.454500 Z-0.125000
G01 X55.549100 Y92.466200 Z-0.125000
G01 X55.552500 Y92.469600 Z-0.125000
G01 X55.661200 Y92.478900 Z-0.125000
G01 X55.722600 Y92.321600 Z-0.125000
G01 X55.638800 Y91.919800 Z-0.125000
G01 X55.638800 Y91.919800 Z-0.125000
G01 X55.554200 Y91.517100 Z-0.125000
G01 X55.615000 Y91.359300 Z-0.125000
G01 X55.723400 Y91.368300 Z-0.125000
G01 X55.725400 Y91.370300 Z-0.125000
G01 X55.833600 Y91.379100 Z-0.125000
G01 X55.893700 Y91.220600 Z-0.125000
G01 X55.807700 Y90.816500 Z-0.125000
G01 X55.807100 Y90.815900 Z-0.125000
G01 X55.721700 Y90.412400 Z-0.125000
G01 X55.781700 Y90.253700 Z-0.125000
G01 X55.889500 Y90.262200 Z-0.125000
G01 X55.889500 Y90.262200 Z-0.125000
G01 X55.996700 Y90.270000 Z-0.125000
G01 X56.055400 Y90.110100 Z-0.125000
G01 X55.968100 Y89.704700 Z-0.125000
G01 X55.966600 Y89.703200 Z-0.125000
G01 X55.877200 Y89.295700 Z-0.125000
G01 X55.935300 Y89.135100 Z-0.125000
G01 X56.042800 Y89.143300 Z-0.125000
G01 X56.042800 Y89.143300 Z-0.125000
G01 X56.150300 Y89.151400 Z-0.125000
G01 X56.208200 Y88.990600 Z-0.125000
G01 X56.118400 Y88.582800 Z-0.125000
G01 X56.116200 Y88.580600 Z-0.125000
G01 X56.020300 Y88.166600 Z-0.125000
G01 X56.076000 Y88.003700 Z-0.125000
G01 X56.183900 Y88.012200 Z-0.125000
G01 X56.184900 Y88.013200 Z-0.125000
G01 X56.293900 Y88.022800 Z-0.125000
G01 X56.350700 Y87.860900 Z-0.125000
G01 X56.255000 Y87.447200 Z-0.125000
G01 X56.253700 Y87.445900 Z-0.125000
G01 X56.152200 Y87.026300 Z-0.125000
G01 X56.206300 Y86.861700 Z-0.125000
G01 X56.314900 Y86.870900 Z-0.125000
G01 X56.317500 Y86.873500 Z-0.125000
G01 X56.428600 Y86.885300 Z-0.125000
G01 X56.484500 Y86.722500 Z-0.125000
G01 X56.382100 Y86.302100 Z-0.125000
G01 X56.379900 Y86.299900 Z-0.125000
G01 X56.271300 Y85.873200 Z-0.125000
G01 X56.324900 Y85.708200 Z-0.125000
G01 X56.436400 Y85.720200 Z-0.125000
G01 X56.439900 Y85.723700 Z-0.125000
G01 X56.554400 Y85.738900 Z-0.125000
G01 X56.609900 Y85.575700 Z-0.125000
G01 X56.499200 Y85.147000 Z-0.125000
G01 X56.464600 Y85.112300 Z-0.125000
G01 X55.879400 Y84.845200 Z-0.125000
G01 X55.584000 Y84.768500 Z-0.125000
G01 X55.522200 Y84.806100 Z-0.125000
G01 X55.529800 Y84.813700 Z-0.125000
G01 X55.477400 Y85.079300 Z-0.125000
G01 X55.212100 Y85.132100 Z-0.125000
G01 X55.212100 Y85.132100 Z-0.125000
G01 X54.929000 Y85.167000 Z-0.125000
G01 X54.858600 Y85.414700 Z-0.125000
G01 X54.865200 Y85.421300 Z-0.125000
G01 X54.784600 Y85.658800 Z-0.125000
G01 X54.478100 Y85.670300 Z-0.125000
G01 X54.468300 Y85.660500 Z-0.125000
G01 X54.105400 Y85.615700 Z-0.125000
G01 X53.971100 Y85.700000 Z-0.125000
G01 X53.988100 Y85.816400 Z-0.125000
G01 X54.002400 Y85.830700 Z-0.125000
G01 X54.017900 Y85.945600 Z-0.125000
G01 X53.860300 Y86.006600 Z-0.125000
G01 X53.444000 Y85.908400 Z-0.125000
G01 X53.425500 Y85.889900 Z-0.125000
G01 X52.896500 Y85.679000 Z-0.125000
G01 X52.678700 Y85.679800 Z-0.125000
G01 X52.678700 Y85.779200 Z-0.125000
G01 X52.736400 Y85.836900 Z-0.125000
G01 X52.766700 Y85.966600 Z-0.125000
G01 X52.534600 Y85.953200 Z-0.125000
G01 X51.906200 Y85.642800 Z-0.125000
G01 X51.283200 Y85.019800 Z-0.125000
G00 Z5.000000

(End cutting path id: path2)


(Start cutting path id: path2)
(Change tool to Default tool)

G00 Z5.000000
G00 X40.362000 Y108.448100

G01 Z-0.125000 F100.0(Penetrate)
G01 X39.688500 Y107.774600 Z-0.125000 F400.000000
G01 X39.257000 Y107.025000 Z-0.125000
G01 X39.184000 Y106.733300 Z-0.125000
G01 X39.302600 Y106.752500 Z-0.125000
G01 X39.536200 Y106.986200 Z-0.125000
G01 X39.630800 Y106.981400 Z-0.125000
G01 X39.505000 Y106.636900 Z-0.125000
G01 X38.996700 Y105.810500 Z-0.125000
G01 X38.881200 Y105.695100 Z-0.125000
G01 X38.459000 Y104.954800 Z-0.125000
G01 X38.392400 Y104.669500 Z-0.125000
G01 X38.513900 Y104.691600 Z-0.125000
G01 X38.591400 Y104.769200 Z-0.125000
G01 X38.713500 Y104.791900 Z-0.125000
G01 X38.648200 Y104.507900 Z-0.125000
G01 X38.227900 Y103.769600 Z-0.125000
G01 X38.188700 Y103.730300 Z-0.125000
G01 X37.799900 Y103.023500 Z-0.125000
G01 X37.756300 Y102.761200 Z-0.125000
G01 X37.888300 Y102.793800 Z-0.125000
G01 X37.988800 Y102.894400 Z-0.125000
G01 X38.105900 Y102.912000 Z-0.125000
G01 X38.033300 Y102.620800 Z-0.125000
G01 X37.606300 Y101.875700 Z-0.125000
G01 X37.598000 Y101.867400 Z-0.125000
G01 X37.246100 Y101.197500 Z-0.125000
G01 X37.217500 Y100.950200 Z-0.125000
G01 X37.349300 Y100.982600 Z-0.125000
G01 X37.357000 Y100.990300 Z-0.125000
G01 X37.482800 Y101.016800 Z-0.125000
G01 X37.452000 Y100.767300 Z-0.125000
G01 X37.107400 Y100.104600 Z-0.125000
G01 X37.100300 Y100.097500 Z-0.125000
G01 X36.776600 Y99.455800 Z-0.125000
G01 X36.753500 Y99.214000 Z-0.125000
G01 X36.878300 Y99.239500 Z-0.125000
G01 X36.891600 Y99.252700 Z-0.125000
G01 X37.006300 Y99.268100 Z-0.125000
G01 X36.979300 Y99.022400 Z-0.125000
G01 X36.668000 Y98.393100 Z-0.125000
G01 X36.661800 Y98.386900 Z-0.125000
G01 X36.373700 Y97.780700 Z-0.125000
G01 X36.356800 Y97.545100 Z-0.125000
G01 X36.472100 Y97.561000 Z-0.125000
G01 X36.476600 Y97.565500 Z-0.125000
G01 X36.589400 Y97.579000 Z-0.125000
G01 X36.573300 Y97.344200 Z-0.125000
G01 X36.292400 Y96.745200 Z-0.125000
G01 X36.292400 Y96.745200 Z-0.125000
G01 X36.021800 Y96.156600 Z-0.125000
G01 X36.012800 Y95.928900 Z-0.125000
G01 X36.128800 Y95.945500 Z-0.125000
G01 X36.129200 Y95.946000 Z-0.125000
G01 X36.262800 Y95.980200 Z-0.125000
G01 X36.291800 Y95.790500 Z-0.125000
G01 X36.075900 Y95.256500 Z-0.125000
G01 X36.023000 Y95.203600 Z-0.125000
G01 X35.713300 Y94.575800 Z-0.125000
G01 X35.723900 Y94.367900 Z-0.125000
G01 X35.880600 Y94.425100 Z-0.125000
G01 X36.127700 Y94.672300 Z-0.125000
G01 X36.338000 Y94.783100 Z-0.125000
G01 X36.466500 Y94.693000 Z-0.125000
G01 X36.475800 Y94.483600 Z-0.125000
G01 X36.328200 Y94.236600 Z-0.125000
G01 X35.635100 Y93.543500 Z-0.125000
G01 X35.417300 Y93.007700 Z-0.125000
G01 X35.435600 Y92.807300 Z-0.125000
G01 X35.557900 Y92.830200 Z-0.125000
G01 X35.558400 Y92.830700 Z-0.125000
G01 X35.673100 Y92.846100 Z-0.125000
G01 X35.675400 Y92.629700 Z-0.125000
G01 X35.435200 Y92.071400 Z-0.125000
G01 X35.435200 Y92.071400 Z-0.125000
G01 X35.200700 Y91.518900 Z-0.125000
G01 X35.207000 Y91.306500 Z-0.125000
G01 X35.323500 Y91.323700 Z-0.125000
G01 X35.325200 Y91.325400 Z-0.125000
G01 X35.442800 Y91.343600 Z-0.125000
G01 X35.450300 Y91.132400 Z-0.125000
G01 X35.216300 Y90.580400 Z-0.125000
G01 X35.215900 Y90.579900 Z-0.125000
G01 X34.986500 Y90.032400 Z-0.125000
G01 X34.996600 Y89.823900 Z-0.125000
G01 X35.115200 Y89.843100 Z-0.125000
G01 X35.117200 Y89.845100 Z-0.125000
G01 X35.234400 Y89.863000 Z-0.125000
G01 X35.244600 Y89.654400 Z-0.125000
G01 X35.017900 Y89.109700 Z-0.125000
G01 X35.017900 Y89.109700 Z-0.125000
G01 X34.794800 Y88.568600 Z-0.125000
G01 X34.807400 Y88.362500 Z-0.125000
G01 X34.925800 Y88.381600 Z-0.125000
G01 X34.936700 Y88.392400 Z-0.125000
G01 X35.048200 Y88.404500 Z-0.125000
G01 X35.055700 Y88.193400 Z-0.125000
G01 X34.834900 Y87.654500 Z-0.125000
G01 X34.831500 Y87.651100 Z-0.125000
G01 X34.622300 Y87.123900 Z-0.125000
G01 X34.634700 Y86.917600 Z-0.125000
G01 X34.746400 Y86.929900 Z-0.125000
G01 X34.753800 Y86.937300 Z-0.125000
G01 X34.859300 Y86.943500 Z-0.125000
G01 X34.868700 Y86.734200 Z-0.125000
G01 X34.665300 Y86.212700 Z-0.125000
G01 X34.660200 Y86.207600 Z-0.125000
G01 X34.469300 Y85.698700 Z-0.125000
G01 X34.482600 Y85.493300 Z-0.125000
G01 X34.586600 Y85.497900 Z-0.125000
G01 X34.593300 Y85.504600 Z-0.125000
G01 X34.690800 Y85.502700 Z-0.125000
G01 X34.698900 Y85.292100 Z-0.125000
G01 X34.509600 Y84.784800 Z-0.125000
G01 X34.503600 Y84.778800 Z-0.125000
G01 X34.330000 Y84.287100 Z-0.125000
G01 X34.343200 Y84.081700 Z-0.125000
G01 X34.439200 Y84.078300 Z-0.125000
G01 X34.441400 Y84.080500 Z-0.125000
G01 X34.535000 Y84.074700 Z-0.125000
G01 X34.546200 Y83.867200 Z-0.125000
G01 X34.372500 Y83.375500 Z-0.125000
G01 X34.372500 Y83.375500 Z-0.125000
G01 X34.204000 Y82.889000 Z-0.125000
G01 X34.218700 Y82.684900 Z-0.125000
G01 X34.313900 Y82.680800 Z-0.125000
G01 X34.315300 Y82.682200 Z-0.125000
G01 X34.441300 Y82.708800 Z-0.125000
G01 X34.521700 Y82.570600 Z-0.125000
G01 X34.447100 Y82.177900 Z-0.125000
G01 X34.353100 Y82.083900 Z-0.125000
G01 X34.090200 Y81.503000 Z-0.125000
G01 X34.129300 Y81.323400 Z-0.125000
G01 X34.296300 Y81.391000 Z-0.125000
G01 X34.918400 Y82.013100 Z-0.125000
G01 X35.472300 Y82.249000 Z-0.125000
G01 X35.629500 Y82.187500 Z-0.125000
G01 X35.549200 Y82.007700 Z-0.125000
G01 X34.251700 Y80.710200 Z-0.125000
G01 X33.988800 Y80.129300 Z-0.125000
G01 X34.031700 Y79.953500 Z-0.125000
G01 X34.203000 Y80.025400 Z-0.125000
G01 X36.205600 Y82.028100 Z-0.125000
G01 X36.772600 Y82.277000 Z-0.125000
G01 X36.938700 Y82.224400 Z-0.125000
G01 X36.862400 Y82.048800 Z-0.125000
G01 X34.154100 Y79.340500 Z-0.125000
G01 X33.895500 Y78.763800 Z-0.125000
G01 X33.941300 Y78.590900 Z-0.125000
G01 X34.113900 Y78.664200 Z-0.125000
G01 X37.501400 Y82.051600 Z-0.125000
G01 X38.049400 Y82.281600 Z-0.125000
G01 X38.202600 Y82.216100 Z-0.125000
G01 X38.120400 Y82.034500 Z-0.125000
G01 X34.079100 Y77.993300 Z-0.125000
G01 X33.825300 Y77.421400 Z-0.125000
G01 X33.874400 Y77.251800 Z-0.125000
G01 X34.048500 Y77.326500 Z-0.125000
G01 X38.721400 Y81.999500 Z-0.125000
G01 X39.243900 Y82.203900 Z-0.125000
G01 X39.379500 Y82.120800 Z-0.125000
G01 X39.289300 Y81.931300 Z-0.125000
G01 X34.023100 Y76.665100 Z-0.125000
G01 X33.773600 Y76.097500 Z-0.125000
G01 X33.825700 Y75.931000 Z-0.125000
G01 X34.001200 Y76.007000 Z-0.125000
G01 X39.834500 Y81.840400 Z-0.125000
G01 X40.348800 Y82.036600 Z-0.125000
G01 X40.478700 Y81.947900 Z-0.125000
G01 X40.386000 Y81.755800 Z-0.125000
G01 X33.981200 Y75.350900 Z-0.125000
G01 X33.736100 Y74.787800 Z-0.125000
G01 X33.791300 Y74.624300 Z-0.125000
G01 X33.968100 Y74.701800 Z-0.125000
G01 X41.322000 Y82.055700 Z-0.125000
G01 X41.521600 Y82.155900 Z-0.125000
G01 X41.626700 Y82.042300 Z-0.125000
G01 X41.454300 Y81.551800 Z-0.125000
G01 X33.955100 Y74.052700 Z-0.125000
G01 X33.710100 Y73.489600 Z-0.125000
G01 X33.765200 Y73.326100 Z-0.125000
G01 X33.942100 Y73.403600 Z-0.125000
G01 X41.952000 Y81.413400 Z-0.125000
G01 X42.439200 Y81.582600 Z-0.125000
G01 X42.550600 Y81.475300 Z-0.125000
G01 X42.449400 Y81.274800 Z-0.125000
G01 X33.933200 Y72.758600 Z-0.125000
G01 X33.692200 Y72.199500 Z-0.125000
G01 X33.750200 Y72.038800 Z-0.125000
G01 X33.928300 Y72.117600 Z-0.125000
G01 X42.955800 Y81.145000 Z-0.125000
G01 X43.324500 Y81.314900 Z-0.125000
G01 X43.801800 Y81.354900 Z-0.125000
G01 X44.159800 Y81.275600 Z-0.125000
G01 X44.170700 Y81.087800 Z-0.125000
G01 X33.918300 Y70.835400 Z-0.125000
G01 X33.681300 Y70.280300 Z-0.125000
G01 X33.741900 Y70.122300 Z-0.125000
G01 X33.921300 Y70.202300 Z-0.125000
G01 X44.388800 Y80.669800 Z-0.125000
G01 X44.628300 Y80.809900 Z-0.125000
G01 X44.821300 Y80.784200 Z-0.125000
G01 X44.895000 Y80.639200 Z-0.125000
G01 X44.776600 Y80.421500 Z-0.125000
G01 X33.924300 Y69.569200 Z-0.125000
G01 X33.687200 Y69.014100 Z-0.125000
G01 X33.747900 Y68.856100 Z-0.125000
G01 X33.927300 Y68.936100 Z-0.125000
G01 X45.192600 Y80.201400 Z-0.125000
G01 X45.435500 Y80.344900 Z-0.125000
G01 X45.635900 Y80.326600 Z-0.125000
G01 X45.717000 Y80.189000 Z-0.125000
G01 X45.602000 Y79.974700 Z-0.125000
G01 X33.933700 Y68.306400 Z-0.125000
G01 X33.699600 Y67.754300 Z-0.125000
G01 X33.762400 Y67.598300 Z-0.125000
G01 X33.942700 Y67.679200 Z-0.125000
G01 X45.990000 Y79.726600 Z-0.125000
G01 X46.223900 Y79.861100 Z-0.125000
G01 X46.404300 Y79.822900 Z-0.125000
G01 X46.465500 Y79.665400 Z-0.125000
G01 X46.341600 Y79.442000 Z-0.125000
G01 X33.893700 Y66.994200 Z-0.125000
G01 X33.727300 Y66.509700 Z-0.125000
G01 X33.776800 Y66.340600 Z-0.125000
G01 X33.910600 Y66.375000 Z-0.125000
G01 X33.935400 Y66.399800 Z-0.125000
G01 X34.043400 Y66.408400 Z-0.125000
G01 X34.070800 Y66.217100 Z-0.125000
G01 X33.906000 Y65.734300 Z-0.125000
G01 X33.906000 Y65.734300 Z-0.125000
G01 X33.770200 Y65.280400 Z-0.125000
G01 X33.817500 Y65.109100 Z-0.125000
G01 X33.934500 Y65.126700 Z-0.125000
G01 X33.934500 Y65.126700 Z-0.125000
G01 X34.053600 Y65.146400 Z-0.125000
G01 X34.105700 Y64.979900 Z-0.125000
G01 X33.976900 Y64.533000 Z-0.125000
G01 X33.973200 Y64.529300 Z-0.125000
G01 X33.842600 Y64.080700 Z-0.125000
G01 X33.897000 Y63.916400 Z-0.125000
G01 X34.019500 Y63.939500 Z-0.125000
G01 X34.023400 Y63.943400 Z-0.125000
G01 X34.148300 Y63.968800 Z-0.125000
G01 X34.207100 Y63.809000 Z-0.125000
G01 X34.082400 Y63.366200 Z-0.125000
G01 X34.078000 Y63.361800 Z-0.125000
G01 X33.962700 Y62.928600 Z-0.125000
G01 X34.023900 Y62.771100 Z-0.125000
G01 X34.147100 Y62.794900 Z-0.125000
G01 X34.149900 Y62.797700 Z-0.125000
G01 X34.270300 Y62.818600 Z-0.125000
G01 X34.329300 Y62.659000 Z-0.125000
G01 X34.214700 Y62.226300 Z-0.125000
G01 X34.210100 Y62.221700 Z-0.125000
G01 X34.107400 Y61.801000 Z-0.125000
G01 X34.170300 Y61.645200 Z-0.125000
G01 X34.289500 Y61.665100 Z-0.125000
G01 X34.294100 Y61.669700 Z-0.125000
G01 X34.408400 Y61.684600 Z-0.125000
G01 X34.467000 Y61.524600 Z-0.125000
G01 X34.364400 Y61.103800 Z-0.125000
G01 X34.361100 Y61.100500 Z-0.125000
G01 X34.269800 Y60.691300 Z-0.125000
G01 X34.333200 Y60.536000 Z-0.125000
G01 X34.447600 Y60.551000 Z-0.125000
G01 X34.452400 Y60.555800 Z-0.125000
G01 X34.562100 Y60.566100 Z-0.125000
G01 X34.622100 Y60.407400 Z-0.125000
G01 X34.532500 Y59.999700 Z-0.125000
G01 X34.529300 Y59.996500 Z-0.125000
G01 X34.449200 Y59.598400 Z-0.125000
G01 X34.512600 Y59.443200 Z-0.125000
G01 X34.621900 Y59.453100 Z-0.125000
G01 X34.624600 Y59.455800 Z-0.125000
G01 X34.732100 Y59.463900 Z-0.125000
G01 X34.795600 Y59.308700 Z-0.125000
G01 X34.719200 Y58.914300 Z-0.125000
G01 X34.719200 Y58.914300 Z-0.125000
G01 X34.645000 Y58.522000 Z-0.125000
G01 X34.709900 Y58.368300 Z-0.125000
G01 X34.818200 Y58.377100 Z-0.125000
G01 X34.822000 Y58.380900 Z-0.125000
G01 X34.940600 Y58.400200 Z-0.125000
G01 X35.023200 Y58.264100 Z-0.125000
G01 X34.969400 Y57.892300 Z-0.125000
G01 X34.950900 Y57.873800 Z-0.125000
G01 X34.860000 Y57.464900 Z-0.125000
G01 X34.934500 Y57.320700 Z-0.125000
G01 X35.061300 Y57.348100 Z-0.125000
G01 X35.590800 Y57.877600 Z-0.125000
G01 X35.927700 Y58.532500 Z-0.125000
G01 X35.935700 Y58.759200 Z-0.125000
G01 X35.787600 Y58.710400 Z-0.125000
G01 X35.688800 Y58.611700 Z-0.125000
G01 X35.565700 Y58.588000 Z-0.125000
G01 X35.613900 Y58.854900 Z-0.125000
G01 X35.994900 Y59.553900 Z-0.125000
G01 X36.002300 Y59.561300 Z-0.125000
G01 X36.321200 Y60.198300 Z-0.125000
G01 X36.333700 Y60.429400 Z-0.125000
G01 X36.199100 Y60.394200 Z-0.125000
G01 X36.195500 Y60.390600 Z-0.125000
G01 X36.064900 Y60.359300 Z-0.125000
G01 X36.081200 Y60.594400 Z-0.125000
G01 X36.400900 Y61.232000 Z-0.125000
G01 X36.400900 Y61.232000 Z-0.125000
G01 X36.717900 Y61.867100 Z-0.125000
G01 X36.732500 Y62.100400 Z-0.125000
G01 X36.601100 Y62.068400 Z-0.125000
G01 X36.601000 Y62.068300 Z-0.125000
G01 X36.469500 Y62.036200 Z-0.125000
G01 X36.484000 Y62.269400 Z-0.125000
G01 X36.801100 Y62.904500 Z-0.125000
G01 X36.801800 Y62.905200 Z-0.125000
G01 X37.123700 Y63.545100 Z-0.125000
G01 X37.140800 Y63.780900 Z-0.125000
G01 X37.010000 Y63.749500 Z-0.125000
G01 X37.005900 Y63.745400 Z-0.125000
G01 X36.870800 Y63.709700 Z-0.125000
G01 X36.884100 Y63.941600 Z-0.125000
G01 X37.205900 Y64.581500 Z-0.125000
G01 X37.212100 Y64.587700 Z-0.125000
G01 X37.551500 Y65.245200 Z-0.125000
G01 X37.571100 Y65.483400 Z-0.125000
G01 X37.434900 Y65.446600 Z-0.125000
G01 X37.422700 Y65.434400 Z-0.125000
G01 X37.274500 Y65.385600 Z-0.125000
G01 X37.282400 Y65.612100 Z-0.125000
G01 X37.619100 Y66.266900 Z-0.125000
G01 X49.058300 Y77.706100 Z-0.125000
G01 X49.207400 Y77.954500 Z-0.125000
G01 X49.201300 Y78.167100 Z-0.125000
G01 X49.075900 Y78.260400 Z-0.125000
G01 X48.867100 Y78.151000 Z-0.125000
G01 X37.396400 Y66.680300 Z-0.125000
G01 X36.910700 Y66.512600 Z-0.125000
G01 X36.800400 Y66.621000 Z-0.125000
G01 X36.902100 Y66.822100 Z-0.125000
G01 X48.629100 Y78.549100 Z-0.125000
G01 X48.763700 Y78.783100 Z-0.125000
G01 X48.725900 Y78.963900 Z-0.125000
G01 X48.568800 Y79.025500 Z-0.125000
G01 X48.345600 Y78.901700 Z-0.125000
G01 X36.408800 Y66.964900 Z-0.125000
G01 X35.929400 Y66.803600 Z-0.125000
G01 X35.823500 Y66.916300 Z-0.125000
G01 X35.927100 Y67.119300 Z-0.125000
G01 X48.026500 Y79.218700 Z-0.125000
G01 X48.143800 Y79.435300 Z-0.125000
G01 X48.067900 Y79.578100 Z-0.125000
G01 X47.872700 Y79.601600 Z-0.125000
G01 X47.632200 Y79.460500 Z-0.125000
G01 X35.463800 Y67.292100 Z-0.125000
G01 X35.216100 Y67.143800 Z-0.125000
G01 X35.005100 Y67.151500 Z-0.125000
G01 X34.913400 Y67.278400 Z-0.125000
G01 X35.023500 Y67.487900 Z-0.125000
G01 X47.168500 Y79.632900 Z-0.125000
G00 Z5.000000

(End cutting path id: path2)


(Start cutting path id: path2)
(Change tool to Default tool)

G00 Z5.000000
G00 X40.172400 Y108.894600

G01 Z-0.125000 F100.0(Penetrate)
G01 X42.285800 Y111.007900 Z-0.125000 F400.000000
G00 Z5.000000

(End cutting path id: path2)


(Start cutting path id: path2)
(Change tool to Default tool)

G00 Z5.000000
G00 X43.575900 Y112.934300

G01 Z-0.125000 F100.0(Penetrate)
G01 X41.455400 Y110.813700 Z-0.125000 F400.000000
G01 X41.443300 Y110.602900 Z-0.125000
G01 X41.677700 Y110.399900 Z-0.125000
G01 X42.005300 Y110.290200 Z-0.125000
G01 X42.272800 Y110.359000 Z-0.125000
G01 X42.292900 Y110.379100 Z-0.125000
G01 X42.459600 Y110.446400 Z-0.125000
G01 X42.593600 Y110.361700 Z-0.125000
G01 X42.644400 Y110.193800 Z-0.125000
G01 X42.561600 Y110.011700 Z-0.125000
G01 X42.553500 Y110.003600 Z-0.125000
G01 X42.483200 Y109.833800 Z-0.125000
G01 X42.549800 Y109.681800 Z-0.125000
G01 X42.695600 Y109.608900 Z-0.125000
G01 X42.862500 Y109.676400 Z-0.125000
G01 X42.867900 Y109.681800 Z-0.125000
G01 X43.029100 Y109.743600 Z-0.125000
G01 X43.169700 Y109.665600 Z-0.125000
G01 X43.234000 Y109.511200 Z-0.125000
G01 X43.166000 Y109.343800 Z-0.125000
G01 X43.162700 Y109.340500 Z-0.125000
G01 X43.098700 Y109.177200 Z-0.125000
G01 X43.167400 Y109.027200 Z-0.125000
G01 X43.310800 Y108.951900 Z-0.125000
G01 X43.471100 Y109.012800 Z-0.125000
G01 X43.472500 Y109.014200 Z-0.125000
G01 X43.631000 Y109.073300 Z-0.125000
G01 X43.772300 Y108.996000 Z-0.125000
G01 X43.775900 Y108.681600 Z-0.125000
G01 X43.775900 Y108.681600 Z-0.125000
G01 X43.777200 Y108.364800 Z-0.125000
G01 X43.917000 Y108.285900 Z-0.125000
G01 X44.074800 Y108.344300 Z-0.125000
G01 X44.079000 Y108.348500 Z-0.125000
G01 X44.242200 Y108.412300 Z-0.125000
G01 X44.388000 Y108.339500 Z-0.125000
G01 X44.457700 Y108.190500 Z-0.125000
G01 X44.392500 Y108.025900 Z-0.125000
G01 X44.379900 Y108.013400 Z-0.125000
G01 X44.349000 Y107.664400 Z-0.125000
G01 X44.482200 Y107.578900 Z-0.125000
G01 X44.647700 Y107.645000 Z-0.125000
G01 X45.156600 Y108.154000 Z-0.125000
G01 X45.319100 Y108.217100 Z-0.125000
G01 X45.342700 Y108.021900 Z-0.125000
G01 X45.051600 Y107.412900 Z-0.125000
G01 X44.927800 Y107.289000 Z-0.125000
G01 X44.731000 Y106.774200 Z-0.125000
G01 X44.799200 Y106.623700 Z-0.125000
G01 X44.968400 Y106.693500 Z-0.125000
G01 X44.978400 Y106.703500 Z-0.125000
G01 X45.117300 Y106.743000 Z-0.125000
G01 X45.133100 Y106.540100 Z-0.125000
G01 X44.873600 Y105.962600 Z-0.125000
G01 X44.867000 Y105.956000 Z-0.125000
G01 X44.620800 Y105.391800 Z-0.125000
G01 X44.639400 Y105.191700 Z-0.125000
G01 X44.775500 Y105.228400 Z-0.125000
G01 X44.780900 Y105.233800 Z-0.125000
G01 X44.910800 Y105.264300 Z-0.125000
G01 X44.923500 Y105.058400 Z-0.125000
G01 X44.676100 Y104.493000 Z-0.125000
G01 X44.672800 Y104.489700 Z-0.125000
G01 X44.432000 Y103.930800 Z-0.125000
G01 X44.446200 Y103.726400 Z-0.125000
G01 X44.574700 Y103.755400 Z-0.125000
G01 X44.578000 Y103.758700 Z-0.125000
G01 X44.702900 Y103.784300 Z-0.125000
G01 X44.714000 Y103.576700 Z-0.125000
G01 X44.473300 Y103.017900 Z-0.125000
G01 X44.471100 Y103.015700 Z-0.125000
G01 X44.234700 Y102.461200 Z-0.125000
G01 X44.246700 Y102.254600 Z-0.125000
G01 X44.370700 Y102.279200 Z-0.125000
G01 X44.371800 Y102.280300 Z-0.125000
G01 X44.494300 Y102.303400 Z-0.125000
G01 X44.504500 Y102.095000 Z-0.125000
G01 X44.267100 Y101.539500 Z-0.125000
G01 X44.266000 Y101.538400 Z-0.125000
G01 X44.030800 Y100.985100 Z-0.125000
G01 X44.041500 Y100.777200 Z-0.125000
G01 X44.163500 Y100.799800 Z-0.125000
G01 X44.164400 Y100.800700 Z-0.125000
G01 X44.285300 Y100.822300 Z-0.125000
G01 X44.295200 Y100.613400 Z-0.125000
G01 X44.059800 Y100.060100 Z-0.125000
G01 X44.059600 Y100.059900 Z-0.125000
G01 X43.824800 Y99.506900 Z-0.125000
G01 X43.834700 Y99.298300 Z-0.125000
G01 X43.955700 Y99.319800 Z-0.125000
G01 X43.955800 Y99.320000 Z-0.125000
G01 X44.076500 Y99.341300 Z-0.125000
G01 X44.086300 Y99.132400 Z-0.125000
G01 X43.851500 Y98.579500 Z-0.125000
G01 X43.851300 Y98.579300 Z-0.125000
G01 X43.616800 Y98.026800 Z-0.125000
G01 X43.626700 Y97.818000 Z-0.125000
G01 X43.747300 Y97.839200 Z-0.125000
G01 X43.747500 Y97.839400 Z-0.125000
G01 X43.867900 Y97.860400 Z-0.125000
G01 X43.877600 Y97.651500 Z-0.125000
G01 X43.643100 Y97.098900 Z-0.125000
G01 X43.642900 Y97.098700 Z-0.125000
G01 X43.408800 Y96.546600 Z-0.125000
G01 X43.418600 Y96.337700 Z-0.125000
G01 X43.538900 Y96.358600 Z-0.125000
G01 X43.539100 Y96.358800 Z-0.125000
G01 X43.659200 Y96.379600 Z-0.125000
G01 X43.668900 Y96.170500 Z-0.125000
G01 X43.434700 Y95.618400 Z-0.125000
G01 X43.434600 Y95.618200 Z-0.125000
G01 X43.200800 Y95.066400 Z-0.125000
G01 X43.210500 Y94.857400 Z-0.125000
G01 X43.330600 Y94.878100 Z-0.125000
G01 X43.330800 Y94.878300 Z-0.125000
G01 X43.450600 Y94.898700 Z-0.125000
G01 X43.460100 Y94.689600 Z-0.125000
G01 X43.226400 Y94.137800 Z-0.125000
G01 X43.226200 Y94.137600 Z-0.125000
G01 X42.992900 Y93.586200 Z-0.125000
G01 X43.002400 Y93.377100 Z-0.125000
G01 X43.122200 Y93.397500 Z-0.125000
G01 X43.122400 Y93.397700 Z-0.125000
G01 X43.242000 Y93.417900 Z-0.125000
G01 X43.251400 Y93.208600 Z-0.125000
G01 X43.018000 Y92.657200 Z-0.125000
G01 X43.017100 Y92.656300 Z-0.125000
G01 X42.785600 Y92.106800 Z-0.125000
G01 X42.795400 Y91.897900 Z-0.125000
G01 X42.914600 Y91.917700 Z-0.125000
G01 X42.916500 Y91.919600 Z-0.125000
G01 X43.033900 Y91.937600 Z-0.125000
G01 X43.042600 Y91.727600 Z-0.125000
G01 X42.812100 Y91.179100 Z-0.125000
G01 X42.810200 Y91.177200 Z-0.125000
G01 X42.583700 Y90.632600 Z-0.125000
G01 X42.593200 Y90.423500 Z-0.125000
G01 X42.709700 Y90.440600 Z-0.125000
G01 X42.711900 Y90.442800 Z-0.125000
G01 X42.826300 Y90.457800 Z-0.125000
G01 X42.834200 Y90.247000 Z-0.125000
G01 X42.608100 Y89.702900 Z-0.125000
G01 X42.602800 Y89.697600 Z-0.125000
G01 X42.387500 Y89.164300 Z-0.125000
G01 X42.397900 Y88.956000 Z-0.125000
G01 X42.510000 Y88.968700 Z-0.125000
G01 X42.513700 Y88.972400 Z-0.125000
G01 X42.621500 Y88.980800 Z-0.125000
G01 X42.627300 Y88.768000 Z-0.125000
G01 X42.410500 Y88.233100 Z-0.125000
G01 X42.397500 Y88.220000 Z-0.125000
G01 X42.206700 Y87.711300 Z-0.125000
G01 X42.218200 Y87.504100 Z-0.125000
G01 X42.320300 Y87.506800 Z-0.125000
G01 X42.342100 Y87.528600 Z-0.125000
G01 X42.424700 Y87.511800 Z-0.125000
G01 X42.424000 Y87.292500 Z-0.125000
G01 X42.245300 Y86.795700 Z-0.125000
G01 X42.215900 Y86.766300 Z-0.125000
G01 X42.171800 Y86.404100 Z-0.125000
G01 X42.329400 Y86.243700 Z-0.125000
G01 X42.329400 Y86.243700 Z-0.125000
G01 X42.613100 Y86.209300 Z-0.125000
G01 X42.694900 Y85.973100 Z-0.125000
G01 X42.687300 Y85.965500 Z-0.125000
G01 X42.792600 Y85.752700 Z-0.125000
G01 X43.115000 Y85.757100 Z-0.125000
G01 X43.133800 Y85.775900 Z-0.125000
G01 X43.521400 Y85.845400 Z-0.125000
G01 X43.668400 Y85.773800 Z-0.125000
G01 X43.654100 Y85.660100 Z-0.125000
G01 X43.636700 Y85.642700 Z-0.125000
G01 X43.612500 Y85.519100 Z-0.125000
G01 X43.762200 Y85.450200 Z-0.125000
G01 X44.177500 Y85.547400 Z-0.125000
G01 X44.191400 Y85.561300 Z-0.125000
G01 X44.665300 Y85.717100 Z-0.125000
G01 X44.842200 Y85.675400 Z-0.125000
G01 X44.821600 Y85.555500 Z-0.125000
G01 X44.804200 Y85.538000 Z-0.125000
G01 X44.771400 Y85.405800 Z-0.125000
G01 X44.945900 Y85.361700 Z-0.125000
G01 X45.440100 Y85.537800 Z-0.125000
G01 X45.582000 Y85.679800 Z-0.125000
G01 X46.355200 Y86.134900 Z-0.125000
G01 X46.663200 Y86.224200 Z-0.125000
G01 X46.651300 Y86.113000 Z-0.125000
G01 X45.802000 Y85.263600 Z-0.125000
G00 Z5.000000

(End cutting path id: path2)


(Start cutting path id: path2)
(Change tool to Default tool)

G00 Z5.000000
G00 X26.315400 Y104.917900

G01 Z-0.125000 F100.0(Penetrate)
G01 X26.814100 Y105.394600 Z-0.125000 F400.000000
G01 X27.278200 Y106.106900 Z-0.125000
G01 X27.614600 Y107.058400 Z-0.125000
G01 X27.616800 Y108.242400 Z-0.125000
G01 X27.512900 Y109.006300 Z-0.125000
G01 X27.252100 Y109.774700 Z-0.125000
G01 X25.737300 Y112.512800 Z-0.125000
G01 X23.306400 Y116.875900 Z-0.125000
G01 X22.599700 Y118.037500 Z-0.125000
G01 X21.697800 Y119.087600 Z-0.125000
G01 X20.718700 Y119.908900 Z-0.125000
G01 X19.780100 Y120.384300 Z-0.125000
G01 X18.801300 Y120.525800 Z-0.125000
G01 X17.940800 Y120.353400 Z-0.125000
G01 X17.217700 Y119.899500 Z-0.125000
G01 X16.650900 Y119.196100 Z-0.125000
G01 X16.259500 Y118.275600 Z-0.125000
G01 X16.062300 Y117.170000 Z-0.125000
G01 X16.078500 Y115.911700 Z-0.125000
G01 X16.327100 Y114.532700 Z-0.125000
G01 X17.322400 Y112.391300 Z-0.125000
G01 X19.138200 Y109.425000 Z-0.125000
G01 X21.101500 Y106.655200 Z-0.125000
G01 X22.539300 Y105.103600 Z-0.125000
G01 X23.483600 Y104.660700 Z-0.125000
G01 X24.466800 Y104.480200 Z-0.125000
G01 X25.430200 Y104.565000 Z-0.125000
G01 X26.315400 Y104.917900 Z-0.125000
G01 X26.315400 Y104.917900 Z-0.125000
G00 Z5.000000

(End cutting path id: path2)


(Start cutting path id: path2)
(Change tool to Default tool)

G00 Z5.000000
G00 X24.197700 Y104.369700

G01 Z-0.125000 F100.0(Penetrate)
G01 X22.772800 Y102.944700 Z-0.125000 F400.000000
G01 X22.359000 Y102.213000 Z-0.125000
G01 X22.298300 Y101.933500 Z-0.125000
G01 X22.422400 Y101.958300 Z-0.125000
G01 X22.616900 Y102.152800 Z-0.125000
G01 X22.743300 Y102.179800 Z-0.125000
G01 X22.687400 Y101.905200 Z-0.125000
G01 X22.280800 Y101.180600 Z-0.125000
G01 X22.238900 Y101.138700 Z-0.125000
G01 X21.902000 Y100.483700 Z-0.125000
G01 X21.886900 Y100.250000 Z-0.125000
G01 X22.027000 Y100.290700 Z-0.125000
G01 X22.027000 Y100.290700 Z-0.125000
G01 X22.166600 Y100.330900 Z-0.125000
G01 X22.150300 Y100.096000 Z-0.125000
G01 X21.811700 Y99.439300 Z-0.125000
G01 X21.762200 Y99.389800 Z-0.125000
G01 X21.493200 Y98.802800 Z-0.125000
G01 X21.506100 Y98.597000 Z-0.125000
G01 X21.646200 Y98.637700 Z-0.125000
G01 X21.659200 Y98.650600 Z-0.125000
G01 X21.782000 Y98.674100 Z-0.125000
G01 X21.774900 Y98.448300 Z-0.125000
G01 X21.494400 Y97.849800 Z-0.125000
G01 X21.494400 Y97.849800 Z-0.125000
G01 X21.218900 Y97.256200 Z-0.125000
G01 X21.215200 Y97.033800 Z-0.125000
G01 X21.339500 Y97.058800 Z-0.125000
G01 X21.358000 Y97.077200 Z-0.125000
G01 X21.475600 Y97.095500 Z-0.125000
G01 X21.475300 Y96.876500 Z-0.125000
G01 X21.222400 Y96.305600 Z-0.125000
G01 X21.219200 Y96.302400 Z-0.125000
G01 X20.979500 Y95.744700 Z-0.125000
G01 X20.985300 Y95.531700 Z-0.125000
G01 X21.103600 Y95.550700 Z-0.125000
G01 X21.107300 Y95.554400 Z-0.125000
G01 X21.223000 Y95.570700 Z-0.125000
G01 X21.228000 Y95.357000 Z-0.125000
G01 X20.992300 Y94.803200 Z-0.125000
G01 X20.989700 Y94.800600 Z-0.125000
G01 X20.763700 Y94.256600 Z-0.125000
G01 X20.773000 Y94.047300 Z-0.125000
G01 X20.889000 Y94.063900 Z-0.125000
G01 X20.890500 Y94.065400 Z-0.125000
G01 X21.005900 Y94.081400 Z-0.125000
G01 X21.016000 Y93.872800 Z-0.125000
G01 X20.793200 Y93.331900 Z-0.125000
G01 X20.790800 Y93.329500 Z-0.125000
G01 X20.574700 Y92.795400 Z-0.125000
G01 X20.587100 Y92.589200 Z-0.125000
G01 X20.702000 Y92.604700 Z-0.125000
G01 X20.703200 Y92.605900 Z-0.125000
G01 X20.818100 Y92.621400 Z-0.125000
G01 X20.832200 Y92.416800 Z-0.125000
G01 X20.620100 Y91.886700 Z-0.125000
G01 X20.620100 Y91.886700 Z-0.125000
G01 X20.411200 Y91.359700 Z-0.125000
G01 X20.427400 Y91.157300 Z-0.125000
G01 X20.543400 Y91.173800 Z-0.125000
G01 X20.548600 Y91.179000 Z-0.125000
G01 X20.662000 Y91.193100 Z-0.125000
G01 X20.676500 Y90.988900 Z-0.125000
G01 X20.468500 Y90.462900 Z-0.125000
G01 X20.468500 Y90.462900 Z-0.125000
G01 X20.263600 Y89.939900 Z-0.125000
G01 X20.280200 Y89.737800 Z-0.125000
G01 X20.394600 Y89.752800 Z-0.125000
G01 X20.445100 Y89.803400 Z-0.125000
G01 X20.552100 Y89.811000 Z-0.125000
G01 X20.556200 Y89.596400 Z-0.125000
G01 X20.336800 Y89.058900 Z-0.125000
G01 X20.336800 Y89.058900 Z-0.125000
G01 X20.142500 Y88.546600 Z-0.125000
G01 X20.163900 Y88.349300 Z-0.125000
G01 X20.278800 Y88.364800 Z-0.125000
G01 X20.315500 Y88.401600 Z-0.125000
G01 X20.423200 Y88.409900 Z-0.125000
G01 X20.431900 Y88.199900 Z-0.125000
G01 X20.222100 Y87.672100 Z-0.125000
G01 X20.218900 Y87.668900 Z-0.125000
G01 X20.034800 Y87.166700 Z-0.125000
G01 X20.058000 Y86.971300 Z-0.125000
G01 X20.170300 Y86.984200 Z-0.125000
G01 X20.170800 Y86.984700 Z-0.125000
G01 X20.283200 Y86.997600 Z-0.125000
G01 X20.307200 Y86.803000 Z-0.125000
G01 X20.124800 Y86.302600 Z-0.125000
G01 X20.122200 Y86.300000 Z-0.125000
G01 X19.944600 Y85.804300 Z-0.125000
G01 X19.969400 Y85.610400 Z-0.125000
G01 X20.080500 Y85.622100 Z-0.125000
G01 X20.080500 Y85.622200 Z-0.125000
G01 X20.192400 Y85.634600 Z-0.125000
G01 X20.219000 Y85.442600 Z-0.125000
G01 X20.043900 Y84.949500 Z-0.125000
G01 X20.042200 Y84.947800 Z-0.125000
G01 X19.870900 Y84.458400 Z-0.125000
G01 X19.898500 Y84.267300 Z-0.125000
G01 X20.009700 Y84.279100 Z-0.125000
G01 X20.009700 Y84.279100 Z-0.125000
G01 X20.121800 Y84.291900 Z-0.125000
G01 X20.151400 Y84.102800 Z-0.125000
G01 X19.983000 Y83.616400 Z-0.125000
G01 X19.981400 Y83.614800 Z-0.125000
G01 X19.813000 Y83.128300 Z-0.125000
G01 X19.843700 Y82.940300 Z-0.125000
G01 X19.957100 Y82.954300 Z-0.125000
G01 X19.957100 Y82.954400 Z-0.125000
G01 X20.071200 Y82.969000 Z-0.125000
G01 X20.103300 Y82.782500 Z-0.125000
G01 X19.937000 Y82.298100 Z-0.125000
G01 X19.937000 Y82.298100 Z-0.125000
G01 X19.772300 Y81.815400 Z-0.125000
G01 X19.805500 Y81.629900 Z-0.125000
G01 X19.920000 Y81.645100 Z-0.125000
G01 X19.922600 Y81.647700 Z-0.125000
G01 X20.036100 Y81.661800 Z-0.125000
G01 X20.069300 Y81.476300 Z-0.125000
G01 X19.906700 Y80.995600 Z-0.125000
G01 X19.906600 Y80.995600 Z-0.125000
G01 X19.748500 Y80.519400 Z-0.125000
G01 X19.784700 Y80.336900 Z-0.125000
G01 X19.899400 Y80.352300 Z-0.125000
G01 X19.901600 Y80.354500 Z-0.125000
G01 X20.014700 Y80.368200 Z-0.125000
G01 X20.050000 Y80.184800 Z-0.125000
G01 X19.893600 Y79.710400 Z-0.125000
G01 X19.891400 Y79.708200 Z-0.125000
G01 X19.742100 Y79.240800 Z-0.125000
G01 X19.780200 Y79.060200 Z-0.125000
G01 X19.893000 Y79.073700 Z-0.125000
G01 X19.896500 Y79.077200 Z-0.125000
G01 X20.006500 Y79.087800 Z-0.125000
G01 X20.043200 Y78.905800 Z-0.125000
G01 X19.896500 Y78.441000 Z-0.125000
G01 X19.892500 Y78.437000 Z-0.125000
G01 X19.755200 Y77.981700 Z-0.125000
G01 X19.794600 Y77.802400 Z-0.125000
G01 X19.903200 Y77.811700 Z-0.125000
G01 X19.903200 Y77.811700 Z-0.125000
G01 X20.011600 Y77.820700 Z-0.125000
G01 X20.050400 Y77.640800 Z-0.125000
G01 X19.912200 Y77.184600 Z-0.125000
G01 X19.886500 Y77.159000 Z-0.125000
G01 X19.773400 Y76.727800 Z-0.125000
G01 X19.823000 Y76.558700 Z-0.125000
G01 X19.931900 Y76.568300 Z-0.125000
G01 X19.932600 Y76.568900 Z-0.125000
G01 X20.036900 Y76.573800 Z-0.125000
G01 X20.077100 Y76.395400 Z-0.125000
G01 X19.951400 Y75.951600 Z-0.125000
G01 X19.951400 Y75.951600 Z-0.125000
G01 X19.826300 Y75.508400 Z-0.125000
G01 X19.866900 Y75.330400 Z-0.125000
G01 X19.971500 Y75.335600 Z-0.125000
G01 X19.973500 Y75.337600 Z-0.125000
G01 X20.082500 Y75.347200 Z-0.125000
G01 X20.130300 Y75.176400 Z-0.125000
G01 X20.012800 Y74.740800 Z-0.125000
G01 X20.003100 Y74.731100 Z-0.125000
G01 X19.866300 Y74.276300 Z-0.125000
G01 X19.910000 Y74.101300 Z-0.125000
G01 X20.023200 Y74.115100 Z-0.125000
G01 X20.039500 Y74.131400 Z-0.125000
G01 X20.170300 Y74.162800 Z-0.125000
G01 X20.230000 Y74.003800 Z-0.125000
G01 X20.094300 Y73.550100 Z-0.125000
G01 X20.076900 Y73.532700 Z-0.125000
G01 X19.781800 Y72.919500 Z-0.125000
G01 X19.748000 Y72.667200 Z-0.125000
G01 X19.847600 Y72.667300 Z-0.125000
G01 X20.199900 Y73.019600 Z-0.125000
G01 X20.798800 Y73.300500 Z-0.125000
G01 X20.987000 Y73.270000 Z-0.125000
G01 X20.920700 Y73.104300 Z-0.125000
G01 X20.789200 Y72.972800 Z-0.125000
G01 X20.789900 Y72.874100 Z-0.125000
G01 X21.048700 Y72.914300 Z-0.125000
G01 X21.676000 Y73.223500 Z-0.125000
G01 X21.707700 Y73.255300 Z-0.125000
G01 X22.173100 Y73.402600 Z-0.125000
G01 X22.350500 Y73.361300 Z-0.125000
G01 X22.334200 Y73.245700 Z-0.125000
G01 X22.309900 Y73.221400 Z-0.125000
G01 X22.306700 Y73.118700 Z-0.125000
G01 X22.478600 Y73.071900 Z-0.125000
G01 X22.902800 Y73.178200 Z-0.125000
G01 X22.914400 Y73.189700 Z-0.125000
G01 X23.283100 Y73.240300 Z-0.125000
G01 X23.427500 Y73.166100 Z-0.125000
G01 X23.419100 Y73.058300 Z-0.125000
G01 X23.413000 Y73.052200 Z-0.125000
G01 X23.404500 Y72.944300 Z-0.125000
G01 X23.539800 Y72.861000 Z-0.125000
G01 X23.886900 Y72.890000 Z-0.125000
G01 X23.887800 Y72.891000 Z-0.125000
G01 X24.208500 Y72.893600 Z-0.125000
G01 X24.310800 Y72.677800 Z-0.125000
G01 X24.310800 Y72.677800 Z-0.125000
G01 X24.393100 Y72.442000 Z-0.125000
G01 X24.693700 Y72.424700 Z-0.125000
G01 X24.696700 Y72.427700 Z-0.125000
G01 X24.982500 Y72.395400 Z-0.125000
G01 X25.044000 Y72.138800 Z-0.125000
G01 X25.041500 Y72.136300 Z-0.125000
G01 X25.077400 Y71.854200 Z-0.125000
G01 X25.342700 Y71.801400 Z-0.125000
G01 X25.347500 Y71.806200 Z-0.125000
G01 X25.599800 Y71.740500 Z-0.125000
G01 X25.613100 Y71.435700 Z-0.125000
G01 X25.609700 Y71.432300 Z-0.125000
G01 X25.591400 Y71.095900 Z-0.125000
G01 X25.693900 Y70.979800 Z-0.125000
G01 X25.818700 Y71.005200 Z-0.125000
G01 X25.819300 Y71.005900 Z-0.125000
G01 X25.936200 Y71.023300 Z-0.125000
G01 X26.020300 Y70.888800 Z-0.125000
G01 X25.974300 Y70.524700 Z-0.125000
G01 X25.961200 Y70.511600 Z-0.125000
G01 X25.886800 Y70.119200 Z-0.125000
G01 X25.942400 Y69.956000 Z-0.125000
G01 X26.040000 Y69.954300 Z-0.125000
G01 X26.040000 Y69.954300 Z-0.125000
G01 X26.127700 Y69.942600 Z-0.125000
G01 X26.161200 Y69.757500 Z-0.125000
G01 X26.054800 Y69.333000 Z-0.125000
G01 X26.000000 Y69.278200 Z-0.125000
G01 X25.759200 Y68.719300 Z-0.125000
G01 X25.751800 Y68.493300 Z-0.125000
G01 X25.855700 Y68.497800 Z-0.125000
G01 X25.884300 Y68.526400 Z-0.125000
G01 X26.007100 Y68.549800 Z-0.125000
G01 X26.001100 Y68.325100 Z-0.125000
G01 X25.723400 Y67.729400 Z-0.125000
G01 X25.042300 Y67.048300 Z-0.125000
G00 Z5.000000

(End cutting path id: path2)


(Start cutting path id: path2)
(Change tool to Default tool)

G00 Z5.000000
G00 X34.924900 Y117.005200

G01 Z-0.125000 F100.0(Penetrate)
G01 X33.989400 Y116.069700 Z-0.125000 F400.000000
G00 Z5.000000

(End cutting path id: path2)


(Start cutting path id: path2)
(Change tool to Default tool)

G00 Z5.000000
G00 X35.807200 Y119.159700

G01 Z-0.125000 F100.0(Penetrate)
G01 X39.264300 Y122.616800 Z-0.125000 F400.000000
G00 Z5.000000

(End cutting path id: path2)


(Start cutting path id: path2)
(Change tool to Default tool)

G00 Z5.000000
G00 X41.822100 Y123.266300

G01 Z-0.125000 F100.0(Penetrate)
G01 X42.145900 Y123.590000 Z-0.125000 F400.000000
G01 X42.607800 Y123.733900 Z-0.125000
G01 X42.775700 Y123.683200 Z-0.125000
G01 X42.750400 Y123.558500 Z-0.125000
G01 X42.719900 Y123.528000 Z-0.125000
G01 X42.727400 Y123.436100 Z-0.125000
G01 X42.924500 Y123.414600 Z-0.125000
G01 X43.387300 Y123.559300 Z-0.125000
G01 X43.390900 Y123.562900 Z-0.125000
G01 X43.816200 Y123.670200 Z-0.125000
G01 X43.991000 Y123.626300 Z-0.125000
G01 X43.990700 Y123.526600 Z-0.125000
G01 X43.990700 Y123.526600 Z-0.125000
G01 X43.984400 Y123.420900 Z-0.125000
G01 X44.146300 Y123.364200 Z-0.125000
G01 X44.552800 Y123.452600 Z-0.125000
G01 X44.564100 Y123.463900 Z-0.125000
G01 X44.985100 Y123.566900 Z-0.125000
G01 X45.146400 Y123.509500 Z-0.125000
G01 X45.132700 Y123.396400 Z-0.125000
G01 X44.953300 Y123.217000 Z-0.125000
G00 Z5.000000

(End cutting path id: path2)


(Start cutting path id: path2)
(Change tool to Default tool)

G00 Z5.000000
G00 X49.059600 Y131.139900

G01 Z-0.125000 F100.0(Penetrate)
G01 X47.642000 Y129.722300 Z-0.125000 F400.000000
G00 Z5.000000

(End cutting path id: path2)


(Start cutting path id: path2)
(Change tool to Default tool)

G00 Z5.000000
G00 X48.749000 Y131.465400

G01 Z-0.125000 F100.0(Penetrate)
G01 X49.950100 Y132.666500 Z-0.125000 F400.000000
G01 X50.742800 Y133.141200 Z-0.125000
G01 X51.064200 Y133.243900 Z-0.125000
G01 X51.058500 Y133.138800 Z-0.125000
G01 X50.560000 Y132.640300 Z-0.125000
G01 X50.576600 Y132.557500 Z-0.125000
G01 X50.924300 Y132.686500 Z-0.125000
G01 X51.733100 Y133.177300 Z-0.125000
G01 X51.815500 Y133.259700 Z-0.125000
G01 X52.174600 Y133.300800 Z-0.125000
G01 X52.290300 Y133.197800 Z-0.125000
G01 X52.253900 Y133.062000 Z-0.125000
G01 X52.216000 Y133.024100 Z-0.125000
G01 X52.351700 Y132.841800 Z-0.125000
G01 X52.691600 Y132.863600 Z-0.125000
G01 X52.695700 Y132.867700 Z-0.125000
G01 X52.980100 Y132.834100 Z-0.125000
G01 X53.068600 Y132.604500 Z-0.125000
G01 X53.068600 Y132.604500 Z-0.125000
G01 X53.132500 Y132.350300 Z-0.125000
G01 X53.392400 Y132.292100 Z-0.125000
G01 X53.397700 Y132.297400 Z-0.125000
G01 X53.650300 Y132.232100 Z-0.125000
G01 X53.696400 Y131.960100 Z-0.125000
G01 X53.686700 Y131.950400 Z-0.125000
G01 X53.698000 Y131.643700 Z-0.125000
G01 X53.935400 Y131.563000 Z-0.125000
G01 X53.943800 Y131.571400 Z-0.125000
G01 X54.071500 Y131.599700 Z-0.125000
G01 X54.182500 Y131.492000 Z-0.125000
G01 X54.178400 Y131.169900 Z-0.125000
G01 X54.170700 Y131.162200 Z-0.125000
G01 X54.140200 Y130.813700 Z-0.125000
G01 X54.240300 Y130.695100 Z-0.125000
G01 X54.367900 Y130.723300 Z-0.125000
G01 X54.372200 Y130.727600 Z-0.125000
G01 X54.500200 Y130.756200 Z-0.125000
G01 X54.595000 Y130.632400 Z-0.125000
G01 X54.551200 Y130.270400 Z-0.125000
G01 X54.549200 Y130.268400 Z-0.125000
G01 X54.491900 Y129.893100 Z-0.125000
G01 X54.578700 Y129.761200 Z-0.125000
G01 X54.703800 Y129.786900 Z-0.125000
G01 X54.707700 Y129.790800 Z-0.125000
G01 X54.825900 Y129.809600 Z-0.125000
G01 X54.902800 Y129.668000 Z-0.125000
G01 X54.836600 Y129.283700 Z-0.125000
G01 X54.836600 Y129.283700 Z-0.125000
G01 X54.764300 Y128.893300 Z-0.125000
G01 X54.837200 Y128.747500 Z-0.125000
G01 X54.953500 Y128.764400 Z-0.125000
G01 X54.955000 Y128.765900 Z-0.125000
G01 X55.066300 Y128.777900 Z-0.125000
G01 X55.126100 Y128.619000 Z-0.125000
G01 X55.032800 Y128.207700 Z-0.125000
G01 X55.032500 Y128.207400 Z-0.125000
G01 X54.926900 Y127.783700 Z-0.125000
G01 X54.978400 Y127.616600 Z-0.125000
G01 X55.086100 Y127.624900 Z-0.125000
G01 X55.092200 Y127.631000 Z-0.125000
G01 X55.203600 Y127.643000 Z-0.125000
G01 X55.254500 Y127.475200 Z-0.125000
G01 X55.139500 Y127.042200 Z-0.125000
G01 X55.133000 Y127.035700 Z-0.125000
G01 X54.996800 Y126.581400 Z-0.125000
G01 X55.039200 Y126.405100 Z-0.125000
G01 X55.150700 Y126.417300 Z-0.125000
G01 X55.156800 Y126.423400 Z-0.125000
G01 X55.272300 Y126.439500 Z-0.125000
G01 X55.314600 Y126.263200 Z-0.125000
G01 X55.170200 Y125.800700 Z-0.125000
G01 X55.164900 Y125.795400 Z-0.125000
G01 X55.002700 Y125.315100 Z-0.125000
G01 X55.037900 Y125.131600 Z-0.125000
G01 X55.153400 Y125.147800 Z-0.125000
G01 X55.158000 Y125.152400 Z-0.125000
G01 X55.276400 Y125.171400 Z-0.125000
G01 X55.311300 Y124.987600 Z-0.125000
G01 X55.142500 Y124.500800 Z-0.125000
G01 X55.123100 Y124.481400 Z-0.125000
G01 X54.943300 Y123.983600 Z-0.125000
G01 X54.977200 Y123.798800 Z-0.125000
G01 X55.099500 Y123.821600 Z-0.125000
G01 X55.099500 Y123.821600 Z-0.125000
G01 X55.217200 Y123.840000 Z-0.125000
G01 X55.241200 Y123.645300 Z-0.125000
G01 X55.047000 Y123.133100 Z-0.125000
G01 X55.043800 Y123.129900 Z-0.125000
G01 X54.833000 Y122.601100 Z-0.125000
G01 X54.848600 Y122.398000 Z-0.125000
G01 X54.964600 Y122.414600 Z-0.125000
G01 X54.968000 Y122.418000 Z-0.125000
G01 X55.083200 Y122.433800 Z-0.125000
G01 X55.092300 Y122.224200 Z-0.125000
G01 X54.867400 Y121.681200 Z-0.125000
G01 X54.826300 Y121.640200 Z-0.125000
G01 X54.591000 Y121.086800 Z-0.125000
G01 X54.603200 Y120.880400 Z-0.125000
G01 X54.727000 Y120.904700 Z-0.125000
G01 X54.727000 Y120.904700 Z-0.125000
G01 X54.839300 Y120.917700 Z-0.125000
G01 X54.826700 Y120.686400 Z-0.125000
G01 X54.555100 Y120.096800 Z-0.125000
G01 X54.481000 Y120.022700 Z-0.125000
G01 X54.139000 Y119.362600 Z-0.125000
G01 X54.127500 Y119.132400 Z-0.125000
G01 X54.274000 Y119.179600 Z-0.125000
G01 X54.280200 Y119.185800 Z-0.125000
G01 X54.431800 Y119.238000 Z-0.125000
G01 X54.431300 Y119.018800 Z-0.125000
G01 X54.105300 Y118.374800 Z-0.125000
G01 X53.879600 Y118.149000 Z-0.125000
G01 X53.409000 Y117.360400 Z-0.125000
G01 X53.309100 Y117.041900 Z-0.125000
G01 X53.415500 Y117.048900 Z-0.125000
G01 X53.598800 Y117.232200 Z-0.125000
G01 X53.697600 Y117.231600 Z-0.125000
G01 X53.581100 Y116.896400 Z-0.125000
G01 X53.086200 Y116.083500 Z-0.125000
G01 X52.781700 Y115.779000 Z-0.125000
G01 X52.649200 Y115.745900 Z-0.125000
G01 X52.537700 Y115.853000 Z-0.125000
G01 X52.550900 Y116.184300 Z-0.125000
G01 X52.550900 Y116.184300 Z-0.125000
G01 X52.562000 Y116.513400 Z-0.125000
G01 X52.449000 Y116.619100 Z-0.125000
G01 X52.315900 Y116.585300 Z-0.125000
G01 X52.315500 Y116.584900 Z-0.125000
G01 X52.181100 Y116.550000 Z-0.125000
G01 X52.066000 Y116.653500 Z-0.125000
G01 X52.074500 Y116.980000 Z-0.125000
G01 X52.077500 Y116.983000 Z-0.125000
G01 X52.089500 Y117.313100 Z-0.125000
G01 X51.974000 Y117.416300 Z-0.125000
G01 X51.837500 Y117.379200 Z-0.125000
G01 X51.834200 Y117.375900 Z-0.125000
G01 X51.693400 Y117.334500 Z-0.125000
G01 X51.572900 Y117.432600 Z-0.125000
G01 X51.582000 Y117.759800 Z-0.125000
G01 X51.584400 Y117.762200 Z-0.125000
G01 X51.587100 Y118.082900 Z-0.125000
G01 X51.463500 Y118.178000 Z-0.125000
G01 X51.322300 Y118.136100 Z-0.125000
G01 X51.319000 Y118.132800 Z-0.125000
G01 X51.179800 Y118.093100 Z-0.125000
G01 X51.056300 Y118.188200 Z-0.125000
G01 X51.054300 Y118.504300 Z-0.125000
G01 X51.058300 Y118.508300 Z-0.125000
G01 X51.045100 Y118.813100 Z-0.125000
G01 X50.779100 Y118.865200 Z-0.125000
G01 X50.775300 Y118.861400 Z-0.125000
G01 X50.513200 Y118.917300 Z-0.125000
G01 X50.496400 Y119.218500 Z-0.125000
G01 X50.499800 Y119.221900 Z-0.125000
G01 X50.472300 Y119.512600 Z-0.125000
G01 X50.206500 Y119.564800 Z-0.125000
G01 X50.203800 Y119.562100 Z-0.125000
G01 X49.940200 Y119.616500 Z-0.125000
G01 X49.909500 Y119.903900 Z-0.125000
G01 X49.911200 Y119.905600 Z-0.125000
G01 X49.873100 Y120.185500 Z-0.125000
G01 X49.605200 Y120.235700 Z-0.125000
G01 X49.604800 Y120.235300 Z-0.125000
G01 X49.334600 Y120.283100 Z-0.125000
G01 X49.293200 Y120.559800 Z-0.125000
G01 X49.293200 Y120.559800 Z-0.125000
G01 X49.248100 Y120.832800 Z-0.125000
G01 X48.974200 Y120.876800 Z-0.125000
G01 X48.973100 Y120.875700 Z-0.125000
G01 X48.692500 Y120.913200 Z-0.125000
G01 X48.642900 Y121.181700 Z-0.125000
G01 X48.644900 Y121.183700 Z-0.125000
G01 X48.595600 Y121.452400 Z-0.125000
G01 X48.311100 Y121.486000 Z-0.125000
G01 X48.309200 Y121.484100 Z-0.125000
G01 X48.016400 Y121.509300 Z-0.125000
G01 X47.962600 Y121.773600 Z-0.125000
G01 X47.964600 Y121.775600 Z-0.125000
G01 X47.909500 Y122.038600 Z-0.125000
G01 X47.611600 Y122.058700 Z-0.125000
G01 X47.609600 Y122.056700 Z-0.125000
G01 X47.300400 Y122.065500 Z-0.125000
G01 X47.238100 Y122.321300 Z-0.125000
G01 X47.241000 Y122.324200 Z-0.125000
G01 X47.276500 Y122.459000 Z-0.125000
G01 X47.177600 Y122.578800 Z-0.125000
G01 X46.861600 Y122.580800 Z-0.125000
G01 X46.857700 Y122.576900 Z-0.125000
G01 X46.524500 Y122.561800 Z-0.125000
G01 X46.417600 Y122.673600 Z-0.125000
G01 X46.451900 Y122.807200 Z-0.125000
G01 X46.462400 Y122.817800 Z-0.125000
G01 X46.507800 Y122.962600 Z-0.125000
G01 X46.410800 Y123.084200 Z-0.125000
G01 X46.077600 Y123.069100 Z-0.125000
G01 X46.056800 Y123.048300 Z-0.125000
G01 X45.666400 Y122.976000 Z-0.125000
G01 X45.549600 Y123.077800 Z-0.125000
G01 X45.599300 Y123.226900 Z-0.125000
G01 X46.046500 Y123.674100 Z-0.125000
G01 X46.333800 Y124.279500 Z-0.125000
G01 X46.344400 Y124.508700 Z-0.125000
G01 X46.222300 Y124.485900 Z-0.125000
G01 X46.222300 Y124.485900 Z-0.125000
G01 X46.085500 Y124.448500 Z-0.125000
G01 X46.063700 Y124.645400 Z-0.125000
G01 X46.304000 Y125.203800 Z-0.125000
G01 X46.363300 Y125.263100 Z-0.125000
G01 X46.702800 Y125.920700 Z-0.125000
G01 X46.712600 Y126.149100 Z-0.125000
G01 X46.565300 Y126.101200 Z-0.125000
G01 X46.477700 Y126.013600 Z-0.125000
G01 X46.342500 Y125.977700 Z-0.125000
G01 X46.379000 Y126.232900 Z-0.125000
G01 X46.757300 Y126.929300 Z-0.125000
G01 X46.820300 Y126.992300 Z-0.125000
G01 X47.219600 Y127.709600 Z-0.125000
G01 X47.270400 Y127.979100 Z-0.125000
G01 X47.141700 Y127.949800 Z-0.125000
G01 X47.047600 Y127.855700 Z-0.125000
G01 X46.934600 Y127.842100 Z-0.125000
G01 X47.020100 Y128.146200 Z-0.125000
G01 X47.469600 Y128.913800 Z-0.125000
G01 X47.860700 Y129.304900 Z-0.125000
G00 Z5.000000

(End cutting path id: path2)


(Start cutting path id: path2)
(Change tool to Default tool)

G00 Z5.000000
G00 X54.338400 Y120.423800

G01 Z-0.125000 F100.0(Penetrate)
G01 X54.687100 Y122.454500 Z-0.125000 F400.000000
G01 X54.860900 Y124.837200 Z-0.125000
G01 X54.845300 Y127.140000 Z-0.125000
G01 X54.625700 Y128.930700 Z-0.125000
G01 X54.145200 Y130.477200 Z-0.125000
G01 X53.527600 Y131.675000 Z-0.125000
G01 X52.810100 Y132.468700 Z-0.125000
G01 X52.029800 Y132.803100 Z-0.125000
G01 X50.944500 Y132.734500 Z-0.125000
G01 X49.986200 Y132.097400 Z-0.125000
G01 X48.913100 Y130.891900 Z-0.125000
G01 X48.012000 Y129.356600 Z-0.125000
G01 X47.266300 Y127.456500 Z-0.125000
G01 X46.659000 Y125.156600 Z-0.125000
G01 X46.265200 Y123.337300 Z-0.125000
G01 X47.180900 Y122.739200 Z-0.125000
G01 X48.531000 Y121.690200 Z-0.125000
G01 X49.935300 Y120.316600 Z-0.125000
G01 X51.232600 Y118.791400 Z-0.125000
G01 X52.261600 Y117.287700 Z-0.125000
G01 X52.818800 Y116.336900 Z-0.125000
G01 X53.374700 Y117.571700 Z-0.125000
G01 X54.338400 Y120.423800 Z-0.125000
G01 X54.338400 Y120.423800 Z-0.125000
G00 Z5.000000

(End cutting path id: path2)


(Start cutting path id: path2)
(Change tool to Default tool)

G00 Z5.000000
G00 X52.878200 Y115.239300

G01 Z-0.125000 F100.0(Penetrate)
G01 X52.993400 Y115.354600 Z-0.125000 F400.000000
G01 X53.114300 Y115.376100 Z-0.125000
G01 X53.219000 Y115.262100 Z-0.125000
G01 X53.214000 Y114.939100 Z-0.125000
G01 X53.213900 Y114.938900 Z-0.125000
G01 X53.206400 Y114.613400 Z-0.125000
G01 X53.309400 Y114.497800 Z-0.125000
G01 X53.429700 Y114.518700 Z-0.125000
G01 X53.432100 Y114.521100 Z-0.125000
G01 X53.554700 Y114.544300 Z-0.125000
G01 X53.659500 Y114.430400 Z-0.125000
G01 X53.651200 Y114.104100 Z-0.125000
G01 X53.647500 Y114.100400 Z-0.125000
G01 X53.629800 Y113.764600 Z-0.125000
G01 X53.731500 Y113.647700 Z-0.125000
G01 X53.855100 Y113.671900 Z-0.125000
G01 X53.858500 Y113.675300 Z-0.125000
G01 X53.984700 Y113.702000 Z-0.125000
G01 X54.087400 Y113.586100 Z-0.125000
G01 X54.066400 Y113.247000 Z-0.125000
G01 X54.063800 Y113.244400 Z-0.125000
G01 X54.035500 Y112.898100 Z-0.125000
G01 X54.135700 Y112.779600 Z-0.125000
G01 X54.262300 Y112.806800 Z-0.125000
G01 X54.264800 Y112.809300 Z-0.125000
G01 X54.392800 Y112.837900 Z-0.125000
G01 X54.492400 Y112.718900 Z-0.125000
G01 X54.460100 Y112.368500 Z-0.125000
G01 X54.459900 Y112.368300 Z-0.125000
G01 X54.425400 Y112.015800 Z-0.125000
G01 X54.523800 Y111.895500 Z-0.125000
G01 X54.651300 Y111.923600 Z-0.125000
G01 X54.652500 Y111.924800 Z-0.125000
G01 X54.780000 Y111.952900 Z-0.125000
G01 X54.876500 Y111.830800 Z-0.125000
G01 X54.837800 Y111.474100 Z-0.125000
G01 X54.834500 Y111.470800 Z-0.125000
G01 X54.797400 Y111.115600 Z-0.125000
G01 X54.895100 Y110.994600 Z-0.125000
G01 X55.023100 Y111.023300 Z-0.125000
G01 X55.024600 Y111.024800 Z-0.125000
G01 X55.149800 Y111.050500 Z-0.125000
G01 X55.243100 Y110.925200 Z-0.125000
G01 X55.201700 Y110.565800 Z-0.125000
G01 X55.201700 Y110.565800 Z-0.125000
G01 X55.160300 Y110.206300 Z-0.125000
G01 X55.253600 Y110.080900 Z-0.125000
G01 X55.378700 Y110.106600 Z-0.125000
G01 X55.380600 Y110.108500 Z-0.125000
G01 X55.503700 Y110.132300 Z-0.125000
G01 X55.594400 Y110.004200 Z-0.125000
G01 X55.550700 Y109.642500 Z-0.125000
G01 X55.550700 Y109.642500 Z-0.125000
G01 X55.505800 Y109.279600 Z-0.125000
G01 X55.595600 Y109.150700 Z-0.125000
G01 X55.718300 Y109.174000 Z-0.125000
G01 X55.721000 Y109.176700 Z-0.125000
G01 X55.843300 Y109.199700 Z-0.125000
G01 X55.931900 Y109.069600 Z-0.125000
G01 X55.885000 Y108.704600 Z-0.125000
G01 X55.884000 Y108.703600 Z-0.125000
G01 X55.839000 Y108.340600 Z-0.125000
G01 X55.928100 Y108.211000 Z-0.125000
G01 X56.049900 Y108.233500 Z-0.125000
G01 X56.049900 Y108.233500 Z-0.125000
G01 X56.170700 Y108.254800 Z-0.125000
G01 X56.257100 Y108.122600 Z-0.125000
G01 X56.208400 Y107.755800 Z-0.125000
G01 X56.208000 Y107.755400 Z-0.125000
G01 X56.158500 Y107.387900 Z-0.125000
G01 X56.244800 Y107.255500 Z-0.125000
G01 X56.365700 Y107.277000 Z-0.125000
G01 X56.366900 Y107.278200 Z-0.125000
G01 X56.486200 Y107.298100 Z-0.125000
G01 X56.570700 Y107.164000 Z-0.125000
G01 X56.520200 Y106.795500 Z-0.125000
G01 X56.520200 Y106.795500 Z-0.125000
G01 X56.467700 Y106.424900 Z-0.125000
G01 X56.550700 Y106.289300 Z-0.125000
G01 X56.669400 Y106.308500 Z-0.125000
G01 X56.670900 Y106.310000 Z-0.125000
G01 X56.790200 Y106.329900 Z-0.125000
G01 X56.873300 Y106.194400 Z-0.125000
G01 X56.819500 Y105.822500 Z-0.125000
G01 X56.819200 Y105.822200 Z-0.125000
G01 X56.764600 Y105.449600 Z-0.125000
G01 X56.846900 Y105.313200 Z-0.125000
G01 X56.965600 Y105.332500 Z-0.125000
G01 X56.965600 Y105.332500 Z-0.125000
G01 X57.083900 Y105.351500 Z-0.125000
G01 X57.165400 Y105.214200 Z-0.125000
G01 X57.109600 Y104.840400 Z-0.125000
G01 X57.107500 Y104.838300 Z-0.125000
G01 X57.049200 Y104.462000 Z-0.125000
G01 X57.129800 Y104.324000 Z-0.125000
G01 X57.248500 Y104.343200 Z-0.125000
G01 X57.248500 Y104.343200 Z-0.125000
G01 X57.366900 Y104.362200 Z-0.125000
G01 X57.447200 Y104.223900 Z-0.125000
G01 X57.388400 Y103.847000 Z-0.125000
G01 X57.387400 Y103.846000 Z-0.125000
G01 X57.324400 Y103.465000 Z-0.125000
G01 X57.402700 Y103.324600 Z-0.125000
G01 X57.520900 Y103.343400 Z-0.125000
G01 X57.521000 Y103.343500 Z-0.125000
G01 X57.639300 Y103.362400 Z-0.125000
G01 X57.717900 Y103.222300 Z-0.125000
G01 X57.655000 Y102.841400 Z-0.125000
G01 X57.654800 Y102.841200 Z-0.125000
G01 X57.589200 Y102.457500 Z-0.125000
G01 X57.666000 Y102.315700 Z-0.125000
G01 X57.783800 Y102.334100 Z-0.125000
G01 X57.783900 Y102.334200 Z-0.125000
G01 X57.901500 Y102.352400 Z-0.125000
G01 X57.978100 Y102.210300 Z-0.125000
G01 X57.911900 Y101.826100 Z-0.125000
G01 X57.909800 Y101.824000 Z-0.125000
G01 X57.844000 Y101.440200 Z-0.125000
G01 X57.920100 Y101.297600 Z-0.125000
G01 X58.037100 Y101.315200 Z-0.125000
G01 X58.037100 Y101.315200 Z-0.125000
G01 X58.153300 Y101.332000 Z-0.125000
G01 X58.227500 Y101.187600 Z-0.125000
G01 X58.159000 Y100.801000 Z-0.125000
G01 X58.157800 Y100.799800 Z-0.125000
G01 X58.087400 Y100.411400 Z-0.125000
G01 X58.161200 Y100.266500 Z-0.125000
G01 X58.277700 Y100.283600 Z-0.125000
G01 X58.279300 Y100.285200 Z-0.125000
G01 X58.393900 Y100.300400 Z-0.125000
G01 X58.465800 Y100.153700 Z-0.125000
G01 X58.394800 Y99.764600 Z-0.125000
G01 X58.394800 Y99.764600 Z-0.125000
G01 X58.322600 Y99.374300 Z-0.125000
G01 X58.393600 Y99.226700 Z-0.125000
G01 X58.507900 Y99.241600 Z-0.125000
G01 X58.510700 Y99.244400 Z-0.125000
G01 X58.623100 Y99.257400 Z-0.125000
G01 X58.692300 Y99.107900 Z-0.125000
G01 X58.619400 Y98.717000 Z-0.125000
G01 X58.618800 Y98.716400 Z-0.125000
G01 X58.547200 Y98.326700 Z-0.125000
G01 X58.616600 Y98.177500 Z-0.125000
G01 X58.728800 Y98.190300 Z-0.125000
G01 X58.728800 Y98.190300 Z-0.125000
G01 X58.840300 Y98.202400 Z-0.125000
G01 X58.908500 Y98.051900 Z-0.125000
G01 X58.835000 Y97.660400 Z-0.125000
G01 X58.835000 Y97.660400 Z-0.125000
G01 X58.761400 Y97.268800 Z-0.125000
G01 X58.829600 Y97.118300 Z-0.125000
G01 X58.941200 Y97.130500 Z-0.125000
G01 X58.941200 Y97.130500 Z-0.125000
G01 X59.052800 Y97.142800 Z-0.125000
G01 X59.121100 Y96.992300 Z-0.125000
G01 X59.047500 Y96.600700 Z-0.125000
G01 X59.045000 Y96.598200 Z-0.125000
G01 X58.965500 Y96.200600 Z-0.125000
G01 X59.031900 Y96.048400 Z-0.125000
G01 X59.144300 Y96.061400 Z-0.125000
G01 X59.147800 Y96.064900 Z-0.125000
G01 X59.266100 Y96.083800 Z-0.125000
G01 X59.340500 Y95.939600 Z-0.125000
G01 X59.267800 Y95.548800 Z-0.125000
G01 X59.257400 Y95.538400 Z-0.125000
G01 X59.160500 Y95.123500 Z-0.125000
G01 X59.228100 Y94.972300 Z-0.125000
G01 X59.349800 Y94.994700 Z-0.125000
G01 X59.352500 Y94.997400 Z-0.125000
G01 X59.479200 Y95.024700 Z-0.125000
G01 X59.553700 Y94.880600 Z-0.125000
G01 X59.463300 Y94.472100 Z-0.125000
G01 X59.454100 Y94.462900 Z-0.125000
G01 X59.344200 Y94.035000 Z-0.125000
G01 X59.414000 Y93.886100 Z-0.125000
G01 X59.544300 Y93.917000 Z-0.125000
G01 X61.286900 Y95.659600 Z-0.125000
G00 Z5.000000

(End cutting path id: path2)


(Start cutting path id: path2)
(Change tool to Default tool)

G00 Z5.000000
G00 X36.225300 Y118.941700

G01 Z-0.125000 F100.0(Penetrate)
G01 X34.734100 Y117.450500 Z-0.125000 F400.000000
G00 Z5.000000

(End cutting path id: path2)


(Start cutting path id: path2)
(Change tool to Default tool)

G00 Z5.000000
G00 X33.274300 Y122.351700

G01 Z-0.125000 F100.0(Penetrate)
G01 X34.052200 Y123.129600 Z-0.125000 F400.000000
G01 X34.794200 Y123.553600 Z-0.125000
G01 X35.080800 Y123.621500 Z-0.125000
G01 X35.059200 Y123.500500 Z-0.125000
G01 X34.956900 Y123.398200 Z-0.125000
G01 X34.922600 Y123.264500 Z-0.125000
G01 X35.181000 Y123.304300 Z-0.125000
G01 X35.882300 Y123.687500 Z-0.125000
G01 X35.892900 Y123.698100 Z-0.125000
G01 X36.529100 Y124.016200 Z-0.125000
G01 X36.742800 Y124.011300 Z-0.125000
G01 X36.688200 Y123.857300 Z-0.125000
G01 X36.634400 Y123.803600 Z-0.125000
G01 X36.617700 Y123.687400 Z-0.125000
G01 X36.840400 Y123.691500 Z-0.125000
G01 X37.417500 Y123.950500 Z-0.125000
G01 X37.429600 Y123.962600 Z-0.125000
G01 X37.936400 Y124.151400 Z-0.125000
G01 X38.122200 Y124.118500 Z-0.125000
G01 X38.096300 Y123.993200 Z-0.125000
G01 X38.082400 Y123.979300 Z-0.125000
G01 X38.066400 Y123.863900 Z-0.125000
G01 X38.254500 Y123.833300 Z-0.125000
G01 X38.745800 Y124.006600 Z-0.125000
G01 X38.760900 Y124.021700 Z-0.125000
G01 X39.207900 Y124.150700 Z-0.125000
G01 X39.379800 Y124.103900 Z-0.125000
G01 X39.366000 Y123.990700 Z-0.125000
G01 X39.350700 Y123.975400 Z-0.125000
G01 X39.347500 Y123.872800 Z-0.125000
G01 X39.521100 Y123.827800 Z-0.125000
G01 X39.949900 Y123.938500 Z-0.125000
G01 X39.949900 Y123.938500 Z-0.125000
G01 X40.340900 Y124.011500 Z-0.125000
G01 X40.488700 Y123.940600 Z-0.125000
G01 X40.473600 Y123.826100 Z-0.125000
G01 X40.460200 Y123.812700 Z-0.125000
G01 X40.447700 Y123.601400 Z-0.125000
G01 X40.620000 Y123.336400 Z-0.125000
G01 X40.863600 Y123.142700 Z-0.125000
G01 X41.065100 Y123.145400 Z-0.125000
G01 X41.481600 Y123.561900 Z-0.125000
G01 X41.571300 Y123.751000 Z-0.125000
G01 X41.434800 Y123.833200 Z-0.125000
G01 X40.911000 Y123.627400 Z-0.125000
G01 X39.253500 Y121.969900 Z-0.125000
G00 Z5.000000

(End cutting path id: path2)


(Footer)
M5
G00 X0.0000 Y0.0000
M2
(Using default footer. To add your own footer create file "footer" in the output dir.)
(end)
%