%
(Header)
(Generated by gcodetools from Inkscape.)
(Using default header. To add your own header create file "header" in the output dir.)
M3
(Header end.)
G21 (All units in mm)

(Start cutting path id: path3)
(Change tool to Default tool)

G00 Z5.000000
G00 X36.615200 Y190.506600

G01 Z-0.125000 F100.0(Penetrate)
G01 X34.769500 Y190.227600 Z-0.125000 F400.000000
G01 X32.943400 Y189.828900 Z-0.125000
G01 X39.121200 Y184.455300 Z-0.125000
G01 X42.161600 Y181.716300 Z-0.125000
G01 X45.080100 Y178.848400 Z-0.125000
G01 X45.527900 Y178.244100 Z-0.125000
G01 X45.570500 Y177.911000 Z-0.125000
G01 X45.349600 Y177.596500 Z-0.125000
G01 X38.167800 Y169.302000 Z-0.125000
G01 X30.867200 Y161.110200 Z-0.125000
G01 X25.667000 Y165.810400 Z-0.125000
G01 X20.413300 Y170.448900 Z-0.125000
G01 X18.994700 Y171.538100 Z-0.125000
G01 X17.449200 Y172.414800 Z-0.125000
G01 X17.059300 Y171.720300 Z-0.125000
G01 X16.908700 Y170.931000 Z-0.125000
G01 X16.935100 Y169.299500 Z-0.125000
G01 X17.352700 Y166.461700 Z-0.125000
G01 X18.050000 Y163.676300 Z-0.125000
G01 X19.012400 Y160.970400 Z-0.125000
G01 X20.225500 Y158.371000 Z-0.125000
G01 X21.382000 Y156.592200 Z-0.125000
G01 X22.747300 Y154.987600 Z-0.125000
G01 X24.293700 Y153.558300 Z-0.125000
G01 X25.993400 Y152.305500 Z-0.125000
G01 X27.818800 Y151.230400 Z-0.125000
G01 X29.742000 Y150.334100 Z-0.125000
G01 X31.735300 Y149.617700 Z-0.125000
G01 X33.771000 Y149.082500 Z-0.125000
G01 X36.064800 Y148.708700 Z-0.125000
G01 X38.391200 Y148.592600 Z-0.125000
G01 X40.724500 Y148.713300 Z-0.125000
G01 X43.038900 Y149.049600 Z-0.125000
G01 X43.976700 Y149.202700 Z-0.125000
G01 X44.882300 Y149.251600 Z-0.125000
G01 X52.862200 Y141.987900 Z-0.125000
G01 X60.970100 Y134.869800 Z-0.125000
G01 X61.278100 Y134.587400 Z-0.125000
G01 X61.561000 Y134.622500 Z-0.125000
G01 X62.039800 Y135.196900 Z-0.125000
G01 X64.124600 Y138.525200 Z-0.125000
G01 X65.171400 Y140.200600 Z-0.125000
G01 X66.327500 Y141.798600 Z-0.125000
G01 X68.400200 Y144.436400 Z-0.125000
G01 X70.625900 Y146.943300 Z-0.125000
G01 X75.271500 Y151.784000 Z-0.125000
G01 X59.136700 Y166.092600 Z-0.125000
G01 X59.070300 Y170.508300 Z-0.125000
G01 X58.845900 Y172.692000 Z-0.125000
G01 X58.361900 Y174.840500 Z-0.125000
G01 X57.559500 Y177.198100 Z-0.125000
G01 X56.489600 Y179.453700 Z-0.125000
G01 X55.169800 Y181.575100 Z-0.125000
G01 X53.617300 Y183.530100 Z-0.125000
G01 X51.849800 Y185.286500 Z-0.125000
G01 X49.884700 Y186.812000 Z-0.125000
G01 X47.739500 Y188.074500 Z-0.125000
G01 X45.431600 Y189.041800 Z-0.125000
G01 X43.286200 Y189.705700 Z-0.125000
G01 X41.090200 Y190.197200 Z-0.125000
G01 X38.860900 Y190.477300 Z-0.125000
G01 X36.615200 Y190.506600 Z-0.125000
G01 X36.615200 Y190.506600 Z-0.125000
G00 Z5.000000

(End cutting path id: path3)


(Start cutting path id: path3)
(Change tool to Default tool)

G00 Z5.000000
G00 X32.865500 Y189.946000

G01 Z-0.125000 F100.0(Penetrate)
G01 X32.805200 Y189.885700 Z-0.125000 F400.000000
G01 X32.944900 Y189.651300 Z-0.125000
G01 X33.205200 Y189.537300 Z-0.125000
G01 X33.539900 Y189.872100 Z-0.125000
G01 X34.298100 Y190.256000 Z-0.125000
G01 X34.556200 Y190.256900 Z-0.125000
G01 X34.495000 Y190.078700 Z-0.125000
G01 X33.825500 Y189.409300 Z-0.125000
G01 X33.677500 Y189.144300 Z-0.125000
G01 X33.744800 Y188.954400 Z-0.125000
G01 X33.952400 Y188.904800 Z-0.125000
G01 X34.225400 Y189.060800 Z-0.125000
G01 X35.474800 Y190.310200 Z-0.125000
G01 X36.151600 Y190.612900 Z-0.125000
G01 X36.353900 Y190.557900 Z-0.125000
G01 X36.267200 Y190.354300 Z-0.125000
G01 X34.625300 Y188.712400 Z-0.125000
G01 X34.477300 Y188.447500 Z-0.125000
G01 X34.544700 Y188.257600 Z-0.125000
G01 X34.752300 Y188.207900 Z-0.125000
G01 X35.025300 Y188.364000 Z-0.125000
G01 X37.047300 Y190.386000 Z-0.125000
G01 X37.697100 Y190.661700 Z-0.125000
G01 X37.880800 Y190.588100 Z-0.125000
G01 X37.785700 Y190.376100 Z-0.125000
G01 X35.425200 Y188.015600 Z-0.125000
G01 X35.277200 Y187.750600 Z-0.125000
G01 X35.344500 Y187.560700 Z-0.125000
G01 X35.552200 Y187.511100 Z-0.125000
G01 X35.825100 Y187.667100 Z-0.125000
G01 X38.496900 Y190.338900 Z-0.125000
G01 X38.815100 Y190.540100 Z-0.125000
G01 X39.122100 Y190.589900 Z-0.125000
G01 X39.288800 Y190.499400 Z-0.125000
G01 X39.186000 Y190.279700 Z-0.125000
G01 X36.225100 Y187.318700 Z-0.125000
G01 X36.077100 Y187.053800 Z-0.125000
G01 X36.144400 Y186.863900 Z-0.125000
G01 X36.352000 Y186.814300 Z-0.125000
G01 X36.625000 Y186.970300 Z-0.125000
G01 X39.852700 Y190.198000 Z-0.125000
G01 X40.168400 Y190.396800 Z-0.125000
G01 X40.470100 Y190.441200 Z-0.125000
G01 X40.631500 Y190.345400 Z-0.125000
G01 X40.526300 Y190.123200 Z-0.125000
G01 X37.024900 Y186.621900 Z-0.125000
G01 X36.876900 Y186.357000 Z-0.125000
G01 X36.944300 Y186.167000 Z-0.125000
G01 X37.151900 Y186.117400 Z-0.125000
G01 X37.424900 Y186.273400 Z-0.125000
G01 X41.140600 Y189.989200 Z-0.125000
G01 X41.448300 Y190.179900 Z-0.125000
G01 X41.732400 Y190.206800 Z-0.125000
G01 X41.876100 Y190.093300 Z-0.125000
G01 X41.762900 Y189.863100 Z-0.125000
G01 X37.824800 Y185.925000 Z-0.125000
G01 X37.676800 Y185.660100 Z-0.125000
G01 X37.744100 Y185.470200 Z-0.125000
G01 X37.951800 Y185.420600 Z-0.125000
G01 X38.224700 Y185.576600 Z-0.125000
G01 X42.388400 Y189.740300 Z-0.125000
G01 X42.690100 Y189.925000 Z-0.125000
G01 X42.960700 Y189.938400 Z-0.125000
G01 X43.091100 Y189.811600 Z-0.125000
G01 X42.971800 Y189.575300 Z-0.125000
G01 X38.624700 Y185.228200 Z-0.125000
G01 X38.476700 Y184.963300 Z-0.125000
G01 X38.544000 Y184.773300 Z-0.125000
G01 X38.751600 Y184.723700 Z-0.125000
G01 X39.024600 Y184.879800 Z-0.125000
G01 X43.558300 Y189.413400 Z-0.125000
G01 X43.858700 Y189.597000 Z-0.125000
G01 X44.126900 Y189.607900 Z-0.125000
G01 X44.254700 Y189.478500 Z-0.125000
G01 X44.134300 Y189.241100 Z-0.125000
G01 X39.423900 Y184.530700 Z-0.125000
G01 X39.275600 Y184.265500 Z-0.125000
G01 X39.342200 Y184.074800 Z-0.125000
G01 X39.549000 Y184.024400 Z-0.125000
G01 X39.821700 Y184.180100 Z-0.125000
G01 X44.702700 Y189.061100 Z-0.125000
G01 X44.999400 Y189.240900 Z-0.125000
G01 X45.259200 Y189.243500 Z-0.125000
G01 X45.378700 Y189.105800 Z-0.125000
G01 X45.254500 Y188.864600 Z-0.125000
G01 X40.219400 Y183.829500 Z-0.125000
G01 X40.071100 Y183.564300 Z-0.125000
G01 X40.137700 Y183.373600 Z-0.125000
G01 X40.344500 Y183.323200 Z-0.125000
G01 X40.617200 Y183.478900 Z-0.125000
G01 X45.798000 Y188.659700 Z-0.125000
G01 X46.091700 Y188.836500 Z-0.125000
G01 X46.345100 Y188.832700 Z-0.125000
G01 X46.458200 Y188.688500 Z-0.125000
G01 X46.331000 Y188.444400 Z-0.125000
G01 X41.010600 Y183.124000 Z-0.125000
G01 X40.861500 Y182.858000 Z-0.125000
G01 X40.926600 Y182.665800 Z-0.125000
G01 X41.131900 Y182.613900 Z-0.125000
G01 X41.403800 Y182.768900 Z-0.125000
G01 X46.853400 Y188.218400 Z-0.125000
G01 X47.143700 Y188.391800 Z-0.125000
G01 X47.389500 Y188.380400 Z-0.125000
G01 X47.495000 Y188.228600 Z-0.125000
G01 X47.364400 Y187.981100 Z-0.125000
G01 X41.797100 Y182.413800 Z-0.125000
G01 X41.647400 Y182.147200 Z-0.125000
G01 X41.711000 Y181.953500 Z-0.125000
G01 X41.914900 Y181.900100 Z-0.125000
G01 X42.186100 Y182.054500 Z-0.125000
G01 X47.862500 Y187.730800 Z-0.125000
G01 X48.148900 Y187.900300 Z-0.125000
G01 X48.386100 Y187.880200 Z-0.125000
G01 X48.483000 Y187.719900 Z-0.125000
G01 X48.348400 Y187.468400 Z-0.125000
G01 X42.574500 Y181.694500 Z-0.125000
G01 X42.424700 Y181.427700 Z-0.125000
G01 X42.488000 Y181.233800 Z-0.125000
G01 X42.691600 Y181.180100 Z-0.125000
G01 X42.962700 Y181.334300 Z-0.125000
G01 X48.820400 Y187.192100 Z-0.125000
G01 X49.103100 Y187.357800 Z-0.125000
G01 X49.331900 Y187.329400 Z-0.125000
G01 X49.420500 Y187.160700 Z-0.125000
G01 X49.282200 Y186.905500 Z-0.125000
G01 X43.345200 Y180.968500 Z-0.125000
G01 X43.194500 Y180.700800 Z-0.125000
G01 X43.255800 Y180.504900 Z-0.125000
G01 X43.457400 Y180.449300 Z-0.125000
G01 X43.727700 Y180.602600 Z-0.125000
G01 X49.733300 Y186.608200 Z-0.125000
G01 X50.012500 Y186.770500 Z-0.125000
G01 X50.233900 Y186.734600 Z-0.125000
G01 X50.314900 Y186.558400 Z-0.125000
G01 X50.173200 Y186.299700 Z-0.125000
G01 X44.105900 Y180.232500 Z-0.125000
G01 X43.954000 Y179.963600 Z-0.125000
G01 X44.012600 Y179.765000 Z-0.125000
G01 X44.211600 Y179.706700 Z-0.125000
G01 X44.480600 Y179.858800 Z-0.125000
G01 X50.600800 Y185.979000 Z-0.125000
G01 X50.876600 Y186.137900 Z-0.125000
G01 X51.090400 Y186.094500 Z-0.125000
G01 X51.164000 Y185.910800 Z-0.125000
G01 X51.018800 Y185.648700 Z-0.125000
G01 X44.851200 Y179.481000 Z-0.125000
G01 X44.697100 Y179.210000 Z-0.125000
G01 X44.751000 Y179.006700 Z-0.125000
G01 X44.945300 Y178.943700 Z-0.125000
G01 X45.212200 Y179.093700 Z-0.125000
G01 X51.427500 Y185.309000 Z-0.125000
G01 X51.700400 Y185.464900 Z-0.125000
G01 X51.907900 Y185.415200 Z-0.125000
G01 X51.975000 Y185.225100 Z-0.125000
G01 X51.827000 Y184.960100 Z-0.125000
G01 X45.553600 Y178.686800 Z-0.125000
G01 X45.060900 Y177.819800 Z-0.125000
G01 X44.985200 Y177.486900 Z-0.125000
G01 X45.129400 Y177.514200 Z-0.125000
G01 X52.215400 Y184.600200 Z-0.125000
G01 X52.485000 Y184.752800 Z-0.125000
G01 X52.685100 Y184.695800 Z-0.125000
G01 X52.745000 Y184.498400 Z-0.125000
G01 X52.593600 Y184.230100 Z-0.125000
G01 X40.447000 Y172.083400 Z-0.125000
G00 Z5.000000

(End cutting path id: path3)


(Start cutting path id: path3)
(Change tool to Default tool)

G00 Z5.000000
G00 X34.489500 Y165.377600

G01 Z-0.125000 F100.0(Penetrate)
G01 X52.963200 Y183.851300 Z-0.125000 F400.000000
G01 X53.230000 Y184.001200 Z-0.125000
G01 X53.424300 Y183.938200 Z-0.125000
G01 X53.478200 Y183.734800 Z-0.125000
G01 X53.324100 Y183.463800 Z-0.125000
G01 X24.008900 Y154.148600 Z-0.125000
G01 X23.861600 Y153.884400 Z-0.125000
G01 X23.930500 Y153.696000 Z-0.125000
G01 X24.139600 Y153.647900 Z-0.125000
G01 X24.413300 Y153.804700 Z-0.125000
G01 X53.676100 Y183.067500 Z-0.125000
G01 X53.939800 Y183.214200 Z-0.125000
G01 X54.126900 Y183.144100 Z-0.125000
G01 X54.173800 Y182.933700 Z-0.125000
G01 X54.016500 Y182.659500 Z-0.125000
G01 X24.826700 Y153.469700 Z-0.125000
G01 X24.682400 Y153.208400 Z-0.125000
G01 X24.757700 Y153.026600 Z-0.125000
G01 X24.973400 Y152.985000 Z-0.125000
G01 X25.250000 Y153.144700 Z-0.125000
G01 X54.348400 Y182.243100 Z-0.125000
G01 X54.609400 Y182.387100 Z-0.125000
G01 X54.790700 Y182.311200 Z-0.125000
G01 X54.831700 Y182.094900 Z-0.125000
G01 X54.671800 Y181.818100 Z-0.125000
G01 X25.686100 Y152.832400 Z-0.125000
G01 X25.545100 Y152.574500 Z-0.125000
G01 X25.627800 Y152.399900 Z-0.125000
G01 X25.850800 Y152.365700 Z-0.125000
G01 X26.130800 Y152.528700 Z-0.125000
G01 X54.986500 Y181.384500 Z-0.125000
G01 X55.244500 Y181.525600 Z-0.125000
G01 X55.419300 Y181.443100 Z-0.125000
G01 X55.453700 Y181.220300 Z-0.125000
G01 X55.290800 Y180.940400 Z-0.125000
G01 X26.584100 Y152.233800 Z-0.125000
G01 X26.446200 Y151.978900 Z-0.125000
G01 X26.535700 Y151.811200 Z-0.125000
G01 X26.765500 Y151.783700 Z-0.125000
G01 X27.048600 Y151.949800 Z-0.125000
G01 X55.584800 Y180.486100 Z-0.125000
G01 X55.839900 Y180.624200 Z-0.125000
G01 X56.008000 Y180.535100 Z-0.125000
G01 X56.035900 Y180.305700 Z-0.125000
G01 X55.869900 Y180.022800 Z-0.125000
G01 X27.524200 Y151.677100 Z-0.125000
G01 X27.389500 Y151.425400 Z-0.125000
G01 X27.485800 Y151.264500 Z-0.125000
G01 X27.722500 Y151.243900 Z-0.125000
G01 X28.008600 Y151.413200 Z-0.125000
G01 X56.146000 Y179.550500 Z-0.125000
G01 X56.398100 Y179.685700 Z-0.125000
G01 X56.560000 Y179.590300 Z-0.125000
G01 X56.581500 Y179.354600 Z-0.125000
G01 X56.412700 Y179.068900 Z-0.125000
G01 X28.501900 Y151.158100 Z-0.125000
G01 X28.370400 Y150.909700 Z-0.125000
G01 X28.474100 Y150.756100 Z-0.125000
G01 X28.718000 Y150.742800 Z-0.125000
G01 X29.007500 Y150.915300 Z-0.125000
G01 X56.667900 Y178.575800 Z-0.125000
G01 X56.916600 Y178.707500 Z-0.125000
G01 X57.070800 Y178.604400 Z-0.125000
G01 X57.084600 Y178.361000 Z-0.125000
G01 X56.912300 Y178.071800 Z-0.125000
G01 X29.523700 Y150.683200 Z-0.125000
G01 X29.395400 Y150.438000 Z-0.125000
G01 X29.506000 Y150.291300 Z-0.125000
G01 X29.756900 Y150.284900 Z-0.125000
G01 X30.049500 Y150.460600 Z-0.125000
G01 X57.146500 Y177.557700 Z-0.125000
G01 X57.392000 Y177.686100 Z-0.125000
G01 X57.539000 Y177.576000 Z-0.125000
G01 X57.545700 Y177.325400 Z-0.125000
G01 X57.370200 Y177.033000 Z-0.125000
G01 X30.585000 Y150.247800 Z-0.125000
G01 X30.460200 Y150.006000 Z-0.125000
G01 X30.578500 Y149.867100 Z-0.125000
G01 X30.837200 Y149.868500 Z-0.125000
G01 X31.133300 Y150.047800 Z-0.125000
G01 X57.582900 Y176.497300 Z-0.125000
G01 X57.824900 Y176.622400 Z-0.125000
G01 X57.964500 Y176.504700 Z-0.125000
G01 X57.963700 Y176.246700 Z-0.125000
G01 X57.784800 Y175.950800 Z-0.125000
G01 X31.693900 Y149.860000 Z-0.125000
G01 X31.572700 Y149.621900 Z-0.125000
G01 X31.699000 Y149.490900 Z-0.125000
G01 X31.965700 Y149.500300 Z-0.125000
G01 X32.265400 Y149.683100 Z-0.125000
G01 X57.971600 Y175.389300 Z-0.125000
G01 X58.209200 Y175.510000 Z-0.125000
G01 X58.339300 Y175.382800 Z-0.125000
G01 X58.328900 Y175.115200 Z-0.125000
G01 X58.145700 Y174.815000 Z-0.125000
G01 X32.848500 Y149.517900 Z-0.125000
G01 X32.731000 Y149.283400 Z-0.125000
G01 X32.865300 Y149.160500 Z-0.125000
G01 X33.140000 Y149.177900 Z-0.125000
G01 X33.443400 Y149.364400 Z-0.125000
G01 X58.306300 Y174.227300 Z-0.125000
G01 X58.539700 Y174.343800 Z-0.125000
G01 X58.660200 Y174.207000 Z-0.125000
G01 X58.640300 Y173.929900 Z-0.125000
G01 X58.452700 Y173.625300 Z-0.125000
G01 X34.055400 Y149.228100 Z-0.125000
G01 X33.942700 Y148.998400 Z-0.125000
G01 X34.087700 Y148.886200 Z-0.125000
G01 X34.373000 Y148.914200 Z-0.125000
G01 X34.681200 Y149.105500 Z-0.125000
G01 X58.583700 Y173.008000 Z-0.125000
G01 X58.812000 Y173.119400 Z-0.125000
G01 X58.921500 Y172.971600 Z-0.125000
G01 X58.890700 Y172.683500 Z-0.125000
G01 X58.698100 Y172.374000 Z-0.125000
G01 X35.321800 Y148.997800 Z-0.125000
G01 X35.214000 Y148.773000 Z-0.125000
G01 X35.369500 Y148.671300 Z-0.125000
G01 X35.665400 Y148.709900 Z-0.125000
G01 X35.978500 Y148.906000 Z-0.125000
G01 X58.794500 Y171.722100 Z-0.125000
G01 X59.017000 Y171.827600 Z-0.125000
G01 X59.113500 Y171.666900 Z-0.125000
G01 X59.069800 Y171.365900 Z-0.125000
G01 X58.871300 Y171.050500 Z-0.125000
G01 X36.652600 Y148.831800 Z-0.125000
G01 X36.550500 Y148.612700 Z-0.125000
G01 X36.718600 Y148.523700 Z-0.125000
G01 X37.027100 Y148.574900 Z-0.125000
G01 X37.346000 Y148.776800 Z-0.125000
G01 X58.926400 Y170.357200 Z-0.125000
G01 X59.141700 Y170.455600 Z-0.125000
G01 X59.222500 Y170.279200 Z-0.125000
G01 X59.163100 Y169.962500 Z-0.125000
G01 X58.957400 Y169.640000 Z-0.125000
G01 X38.046200 Y148.728700 Z-0.125000
G01 X37.953000 Y148.518600 Z-0.125000
G01 X38.140900 Y148.449300 Z-0.125000
G01 X38.796900 Y148.731100 Z-0.125000
G01 X58.968500 Y168.902700 Z-0.125000
G01 X59.179800 Y168.997000 Z-0.125000
G01 X59.251600 Y168.811600 Z-0.125000
G01 X58.973300 Y168.159200 Z-0.125000
G01 X39.562500 Y148.748300 Z-0.125000
G01 X39.473300 Y148.542200 Z-0.125000
G01 X39.669900 Y148.481500 Z-0.125000
G01 X40.338600 Y148.776000 Z-0.125000
G01 X58.978200 Y167.415700 Z-0.125000
G01 X59.189400 Y167.510000 Z-0.125000
G01 X59.261300 Y167.324500 Z-0.125000
G01 X58.983000 Y166.672100 Z-0.125000
G01 X41.196400 Y148.885500 Z-0.125000
G01 X41.121700 Y148.693900 Z-0.125000
G01 X41.350400 Y148.665300 Z-0.125000
G01 X42.065700 Y149.006400 Z-0.125000
G01 X58.987900 Y165.928600 Z-0.125000
G01 X59.255600 Y166.079400 Z-0.125000
G01 X59.451700 Y166.018300 Z-0.125000
G01 X59.507600 Y165.816900 Z-0.125000
G01 X59.354300 Y165.546700 Z-0.125000
G01 X42.947900 Y149.140300 Z-0.125000
G01 X42.875300 Y148.950700 Z-0.125000
G01 X43.108400 Y148.926600 Z-0.125000
G01 X43.830200 Y149.274200 Z-0.125000
G01 X59.750900 Y165.195000 Z-0.125000
G01 X60.023400 Y165.350500 Z-0.125000
G01 X60.229900 Y165.299700 Z-0.125000
G01 X60.296100 Y165.108700 Z-0.125000
G01 X60.147500 Y164.843200 Z-0.125000
G01 X44.712400 Y149.408100 Z-0.125000
G01 X44.592300 Y149.171100 Z-0.125000
G01 X44.721000 Y149.042500 Z-0.125000
G01 X44.990000 Y149.054200 Z-0.125000
G01 X45.290800 Y149.238100 Z-0.125000
G01 X60.544200 Y164.491500 Z-0.125000
G01 X60.816600 Y164.647000 Z-0.125000
G01 X61.023100 Y164.596200 Z-0.125000
G01 X61.089300 Y164.405200 Z-0.125000
G01 X60.940800 Y164.139700 Z-0.125000
G01 X45.682700 Y148.881600 Z-0.125000
G01 X45.533400 Y148.615400 Z-0.125000
G01 X45.597900 Y148.422700 Z-0.125000
G01 X45.802800 Y148.370300 Z-0.125000
G01 X46.074500 Y148.525100 Z-0.125000
G01 X61.337400 Y163.788000 Z-0.125000
G01 X61.609800 Y163.943500 Z-0.125000
G01 X61.816300 Y163.892700 Z-0.125000
G01 X61.882500 Y163.701700 Z-0.125000
G01 X61.734000 Y163.436200 Z-0.125000
G01 X46.466300 Y148.168600 Z-0.125000
G01 X46.317100 Y147.902400 Z-0.125000
G01 X46.381600 Y147.709700 Z-0.125000
G01 X46.586500 Y147.657300 Z-0.125000
G01 X46.858200 Y147.812100 Z-0.125000
G01 X62.130600 Y163.084500 Z-0.125000
G01 X62.403000 Y163.240000 Z-0.125000
G01 X62.609500 Y163.189200 Z-0.125000
G01 X62.675700 Y162.998200 Z-0.125000
G01 X62.527200 Y162.732700 Z-0.125000
G01 X47.250000 Y147.455600 Z-0.125000
G01 X47.100800 Y147.189400 Z-0.125000
G01 X47.165300 Y146.996700 Z-0.125000
G01 X47.370100 Y146.944300 Z-0.125000
G01 X47.641800 Y147.099000 Z-0.125000
G01 X62.923800 Y162.381000 Z-0.125000
G01 X63.196200 Y162.536500 Z-0.125000
G01 X63.402700 Y162.485700 Z-0.125000
G01 X63.468900 Y162.294700 Z-0.125000
G01 X63.320400 Y162.029200 Z-0.125000
G01 X48.033700 Y146.742500 Z-0.125000
G01 X47.884400 Y146.476300 Z-0.125000
G01 X47.949000 Y146.283600 Z-0.125000
G01 X48.153800 Y146.231200 Z-0.125000
G01 X48.425500 Y146.386000 Z-0.125000
G01 X63.717000 Y161.677500 Z-0.125000
G01 X63.989500 Y161.833000 Z-0.125000
G01 X64.195900 Y161.782300 Z-0.125000
G01 X64.262100 Y161.591200 Z-0.125000
G01 X64.113600 Y161.325700 Z-0.125000
G01 X48.817400 Y146.029500 Z-0.125000
G01 X48.668100 Y145.763300 Z-0.125000
G01 X48.732600 Y145.570600 Z-0.125000
G01 X48.937500 Y145.518200 Z-0.125000
G01 X49.209200 Y145.673000 Z-0.125000
G01 X64.510200 Y160.974000 Z-0.125000
G01 X64.782700 Y161.129500 Z-0.125000
G01 X64.989200 Y161.078800 Z-0.125000
G01 X65.055300 Y160.887700 Z-0.125000
G01 X64.906800 Y160.622200 Z-0.125000
G01 X49.601000 Y145.316500 Z-0.125000
G01 X49.451800 Y145.050300 Z-0.125000
G01 X49.516300 Y144.857600 Z-0.125000
G01 X49.721200 Y144.805200 Z-0.125000
G01 X49.992900 Y144.959900 Z-0.125000
G01 X65.303400 Y160.270500 Z-0.125000
G01 X65.575900 Y160.426000 Z-0.125000
G01 X65.782400 Y160.375300 Z-0.125000
G01 X65.848600 Y160.184200 Z-0.125000
G01 X65.700000 Y159.918800 Z-0.125000
G01 X50.384700 Y144.603400 Z-0.125000
G01 X50.235500 Y144.337200 Z-0.125000
G01 X50.300000 Y144.144500 Z-0.125000
G01 X50.504900 Y144.092100 Z-0.125000
G01 X50.776600 Y144.246900 Z-0.125000
G01 X66.096700 Y159.567000 Z-0.125000
G01 X66.369100 Y159.722500 Z-0.125000
G01 X66.575600 Y159.671800 Z-0.125000
G01 X66.641800 Y159.480700 Z-0.125000
G01 X66.493300 Y159.215300 Z-0.125000
G01 X51.168400 Y143.890400 Z-0.125000
G01 X51.019100 Y143.624200 Z-0.125000
G01 X51.083700 Y143.431500 Z-0.125000
G01 X51.288500 Y143.379100 Z-0.125000
G01 X51.560200 Y143.533900 Z-0.125000
G01 X66.889900 Y158.863500 Z-0.125000
G01 X67.162300 Y159.019000 Z-0.125000
G01 X67.368800 Y158.968300 Z-0.125000
G01 X67.435000 Y158.777200 Z-0.125000
G01 X67.286500 Y158.511800 Z-0.125000
G01 X51.952100 Y143.177400 Z-0.125000
G01 X51.802800 Y142.911200 Z-0.125000
G01 X51.867400 Y142.718500 Z-0.125000
G01 X52.072200 Y142.666100 Z-0.125000
G01 X52.343900 Y142.820800 Z-0.125000
G01 X67.683100 Y158.160000 Z-0.125000
G01 X67.955500 Y158.315500 Z-0.125000
G01 X68.162000 Y158.264800 Z-0.125000
G01 X68.228200 Y158.073700 Z-0.125000
G01 X68.079700 Y157.808300 Z-0.125000
G01 X52.735700 Y142.464300 Z-0.125000
G01 X52.586500 Y142.198100 Z-0.125000
G01 X52.651000 Y142.005400 Z-0.125000
G01 X52.855900 Y141.953000 Z-0.125000
G01 X53.127600 Y142.107800 Z-0.125000
G01 X68.476300 Y157.456500 Z-0.125000
G01 X68.748700 Y157.612000 Z-0.125000
G01 X68.955200 Y157.561300 Z-0.125000
G01 X69.021400 Y157.370200 Z-0.125000
G01 X68.872900 Y157.104800 Z-0.125000
G01 X53.520700 Y141.752600 Z-0.125000
G01 X53.371600 Y141.486600 Z-0.125000
G01 X53.436500 Y141.294200 Z-0.125000
G01 X53.641700 Y141.242100 Z-0.125000
G01 X53.913600 Y141.397100 Z-0.125000
G01 X69.269500 Y156.753000 Z-0.125000
G01 X69.541900 Y156.908500 Z-0.125000
G01 X69.748400 Y156.857800 Z-0.125000
G01 X69.814600 Y156.666700 Z-0.125000
G01 X69.666100 Y156.401300 Z-0.125000
G01 X54.306400 Y141.041500 Z-0.125000
G01 X54.157300 Y140.775500 Z-0.125000
G01 X54.222100 Y140.583100 Z-0.125000
G01 X54.427300 Y140.531100 Z-0.125000
G01 X54.699200 Y140.686000 Z-0.125000
G01 X70.062700 Y156.049500 Z-0.125000
G01 X70.335200 Y156.205000 Z-0.125000
G01 X70.541700 Y156.154300 Z-0.125000
G01 X70.607800 Y155.963200 Z-0.125000
G01 X70.459300 Y155.697800 Z-0.125000
G01 X55.093100 Y140.331600 Z-0.125000
G01 X54.944300 Y140.065800 Z-0.125000
G01 X55.009900 Y139.874200 Z-0.125000
G01 X55.215800 Y139.822800 Z-0.125000
G01 X55.487900 Y139.978000 Z-0.125000
G01 X70.855900 Y155.346000 Z-0.125000
G01 X71.128400 Y155.501500 Z-0.125000
G01 X71.334900 Y155.450800 Z-0.125000
G01 X71.401000 Y155.259700 Z-0.125000
G01 X71.252500 Y154.994300 Z-0.125000
G01 X55.882700 Y139.624500 Z-0.125000
G01 X55.734000 Y139.358800 Z-0.125000
G01 X55.799500 Y139.167100 Z-0.125000
G01 X56.005400 Y139.115700 Z-0.125000
G01 X56.277600 Y139.270900 Z-0.125000
G01 X71.649100 Y154.642500 Z-0.125000
G01 X71.921600 Y154.798000 Z-0.125000
G01 X72.128100 Y154.747300 Z-0.125000
G01 X72.194200 Y154.556200 Z-0.125000
G01 X72.045700 Y154.290800 Z-0.125000
G01 X56.673700 Y138.918800 Z-0.125000
G01 X56.525300 Y138.653400 Z-0.125000
G01 X56.591600 Y138.462500 Z-0.125000
G01 X56.798200 Y138.411800 Z-0.125000
G01 X57.070700 Y138.567400 Z-0.125000
G01 X72.442400 Y153.939000 Z-0.125000
G01 X72.714800 Y154.094500 Z-0.125000
G01 X72.921300 Y154.043800 Z-0.125000
G01 X72.987500 Y153.852700 Z-0.125000
G01 X72.839000 Y153.587300 Z-0.125000
G01 X57.467700 Y138.216000 Z-0.125000
G01 X57.319300 Y137.950700 Z-0.125000
G01 X57.385600 Y137.759800 Z-0.125000
G01 X57.592300 Y137.709200 Z-0.125000
G01 X57.864800 Y137.864800 Z-0.125000
G01 X73.235600 Y153.235500 Z-0.125000
G01 X73.508000 Y153.391000 Z-0.125000
G01 X73.714500 Y153.340300 Z-0.125000
G01 X73.780700 Y153.149200 Z-0.125000
G01 X73.632200 Y152.883800 Z-0.125000
G01 X58.264400 Y137.516000 Z-0.125000
G01 X58.116400 Y137.251000 Z-0.125000
G01 X58.183600 Y137.061000 Z-0.125000
G01 X58.391100 Y137.011300 Z-0.125000
G01 X58.664000 Y137.167200 Z-0.125000
G01 X74.028800 Y152.532000 Z-0.125000
G01 X74.301200 Y152.687500 Z-0.125000
G01 X74.507700 Y152.636800 Z-0.125000
G01 X74.573900 Y152.445700 Z-0.125000
G01 X74.425400 Y152.180300 Z-0.125000
G01 X59.063600 Y136.818500 Z-0.125000
G01 X58.916000 Y136.554000 Z-0.125000
G01 X58.984200 Y136.365000 Z-0.125000
G01 X59.192800 Y136.316300 Z-0.125000
G01 X59.466200 Y136.472700 Z-0.125000
G01 X74.822000 Y151.828500 Z-0.125000
G01 X75.094400 Y151.984000 Z-0.125000
G01 X75.300900 Y151.933300 Z-0.125000
G01 X75.367100 Y151.742200 Z-0.125000
G01 X75.218600 Y151.476800 Z-0.125000
G01 X59.869200 Y136.127400 Z-0.125000
G01 X59.721900 Y135.863200 Z-0.125000
G01 X59.790700 Y135.674700 Z-0.125000
G01 X59.999900 Y135.626600 Z-0.125000
G01 X60.273500 Y135.783400 Z-0.125000
G01 X67.608100 Y143.118000 Z-0.125000
G00 Z5.000000

(End cutting path id: path3)


(Start cutting path id: path3)
(Change tool to Default tool)

G00 Z5.000000
G00 X65.425800 Y140.187300

G01 Z-0.125000 F100.0(Penetrate)
G01 X60.682000 Y135.443500 Z-0.125000 F400.000000
G01 X60.535600 Y135.180100 Z-0.125000
G01 X60.606300 Y134.993600 Z-0.125000
G01 X60.817400 Y134.947500 Z-0.125000
G01 X61.091900 Y135.105100 Z-0.125000
G01 X64.179700 Y138.192800 Z-0.125000
G00 Z5.000000

(End cutting path id: path3)


(Start cutting path id: path3)
(Change tool to Default tool)

G00 Z5.000000
G00 X68.237100 Y137.760100

G01 Z-0.125000 F100.0(Penetrate)
G01 X80.295400 Y149.818400 Z-0.125000 F400.000000
G00 Z5.000000

(End cutting path id: path3)


(Start cutting path id: path3)
(Change tool to Default tool)

G00 Z5.000000
G00 X82.416600 Y151.191300

G01 Z-0.125000 F100.0(Penetrate)
G01 X66.962700 Y135.737300 Z-0.125000 F400.000000
G00 Z5.000000

(End cutting path id: path3)


(Start cutting path id: path3)
(Change tool to Default tool)

G00 Z5.000000
G00 X66.053200 Y134.079500

G01 Z-0.125000 F100.0(Penetrate)
G01 X84.084000 Y152.110300 Z-0.125000 F400.000000
G00 Z5.000000

(End cutting path id: path3)


(Start cutting path id: path3)
(Change tool to Default tool)

G00 Z5.000000
G00 X77.633700 Y147.905000

G01 Z-0.125000 F100.0(Penetrate)
G01 X69.998500 Y140.269800 Z-0.125000 F400.000000
G00 Z5.000000

(End cutting path id: path3)


(Start cutting path id: path3)
(Change tool to Default tool)

G00 Z5.000000
G00 X65.264800 Y132.542800

G01 Z-0.125000 F100.0(Penetrate)
G01 X85.418400 Y152.696300 Z-0.125000 F400.000000
G01 X86.316300 Y153.220100 Z-0.125000
G01 X86.670500 Y153.317000 Z-0.125000
G01 X86.652900 Y153.182500 Z-0.125000
G01 X64.995500 Y131.525100 Z-0.125000
G01 X64.445900 Y130.601300 Z-0.125000
G01 X64.331200 Y130.229400 Z-0.125000
G01 X64.457600 Y130.238900 Z-0.125000
G01 X87.968700 Y153.749900 Z-0.125000
G01 X88.806300 Y154.213300 Z-0.125000
G01 X89.119000 Y154.268800 Z-0.125000
G01 X89.082600 Y154.115500 Z-0.125000
G01 X63.969300 Y129.002200 Z-0.125000
G01 X63.466300 Y128.125000 Z-0.125000
G01 X63.383500 Y127.785000 Z-0.125000
G01 X63.524500 Y127.809100 Z-0.125000
G01 X90.188900 Y154.473500 Z-0.125000
G01 X90.996800 Y154.907100 Z-0.125000
G01 X91.289100 Y154.942200 Z-0.125000
G01 X91.243300 Y154.779500 Z-0.125000
G01 X63.105300 Y126.641500 Z-0.125000
G01 X62.641700 Y125.803700 Z-0.125000
G01 X62.586100 Y125.490800 Z-0.125000
G01 X62.739300 Y125.527200 Z-0.125000
G01 X92.284300 Y155.072100 Z-0.125000
G01 X93.033900 Y155.447500 Z-0.125000
G01 X93.286100 Y155.442500 Z-0.125000
G01 X93.222200 Y155.261700 Z-0.125000
G01 X62.434900 Y124.474400 Z-0.125000
G01 X62.037800 Y123.703100 Z-0.125000
G01 X62.027900 Y123.435900 Z-0.125000
G01 X62.201900 Y123.493100 Z-0.125000
G01 X94.153400 Y155.444500 Z-0.125000
G01 X94.884300 Y155.801200 Z-0.125000
G01 X95.123700 Y155.783300 Z-0.125000
G01 X95.053900 Y155.596600 Z-0.125000
G01 X62.008300 Y122.551000 Z-0.125000
G01 X61.669800 Y121.838400 Z-0.125000
G01 X61.700200 Y121.611500 Z-0.125000
G01 X61.892600 Y121.687000 Z-0.125000
G01 X95.926800 Y155.721200 Z-0.125000
G01 X96.631300 Y156.051500 Z-0.125000
G01 X96.852600 Y156.015600 Z-0.125000
G01 X96.774600 Y155.820600 Z-0.125000
G01 X61.797200 Y120.843200 Z-0.125000
G01 X61.480600 Y120.152400 Z-0.125000
G01 X61.526000 Y119.940600 Z-0.125000
G01 X61.725200 Y120.022900 Z-0.125000
G01 X97.599600 Y155.897300 Z-0.125000
G01 X98.294200 Y156.217700 Z-0.125000
G01 X98.508600 Y156.174900 Z-0.125000
G01 X98.427500 Y155.976900 Z-0.125000
G01 X61.639800 Y119.189100 Z-0.125000
G01 X61.355500 Y118.530700 Z-0.125000
G01 X61.423100 Y118.341000 Z-0.125000
G01 X61.632400 Y118.433400 Z-0.125000
G01 X99.183000 Y155.984000 Z-0.125000
G01 X99.845900 Y156.272700 Z-0.125000
G01 X100.039000 Y156.208200 Z-0.125000
G01 X99.947500 Y156.000200 Z-0.125000
G01 X61.600900 Y117.653500 Z-0.125000
G01 X61.307400 Y116.985900 Z-0.125000
G01 X61.368800 Y116.790000 Z-0.125000
G01 X61.575200 Y116.879500 Z-0.125000
G01 X100.696000 Y155.999800 Z-0.125000
G01 X101.342000 Y156.272600 Z-0.125000
G01 X101.524000 Y156.197000 Z-0.125000
G01 X101.428000 Y155.984100 Z-0.125000
G01 X61.557300 Y116.113200 Z-0.125000
G01 X61.269000 Y115.450800 Z-0.125000
G01 X61.333900 Y115.258400 Z-0.125000
G01 X61.542000 Y115.349600 Z-0.125000
G01 X102.147000 Y155.954100 Z-0.125000
G01 X102.467000 Y156.157900 Z-0.125000
G01 X102.780000 Y156.213400 Z-0.125000
G01 X102.952000 Y156.128600 Z-0.125000
G01 X102.852000 Y155.911500 Z-0.125000
G01 X61.530000 Y114.589200 Z-0.125000
G01 X61.244700 Y113.929700 Z-0.125000
G01 X61.311600 Y113.739400 Z-0.125000
G01 X61.520600 Y113.831500 Z-0.125000
G01 X103.538000 Y155.849200 Z-0.125000
G01 X103.855000 Y156.048400 Z-0.125000
G01 X104.157000 Y156.094000 Z-0.125000
G01 X104.320000 Y155.999200 Z-0.125000
G01 X104.215000 Y155.777600 Z-0.125000
G01 X61.512600 Y113.075100 Z-0.125000
G01 X61.229300 Y112.417600 Z-0.125000
G01 X61.297600 Y112.228700 Z-0.125000
G01 X61.507200 Y112.321400 Z-0.125000
G01 X104.881000 Y155.695100 Z-0.125000
G01 X105.194000 Y155.891100 Z-0.125000
G01 X105.489000 Y155.929400 Z-0.125000
G01 X105.645000 Y155.827400 Z-0.125000
G01 X105.537000 Y155.602400 Z-0.125000
G01 X61.503300 Y111.569100 Z-0.125000
G01 X61.220700 Y110.912300 Z-0.125000
G01 X61.289500 Y110.723900 Z-0.125000
G01 X61.499400 Y110.816800 Z-0.125000
G01 X106.177000 Y155.494400 Z-0.125000
G01 X106.486000 Y155.686700 Z-0.125000
G01 X106.774000 Y155.716800 Z-0.125000
G01 X106.921000 Y155.606600 Z-0.125000
G01 X106.809000 Y155.378000 Z-0.125000
G01 X61.495500 Y110.064600 Z-0.125000
G01 X61.215000 Y109.409900 Z-0.125000
G01 X61.285200 Y109.222900 Z-0.125000
G01 X61.495700 Y109.316500 Z-0.125000
G01 X107.432000 Y155.253000 Z-0.125000
G01 X107.738000 Y155.442200 Z-0.125000
G01 X108.019000 Y155.465700 Z-0.125000
G01 X108.159000 Y155.348800 Z-0.125000
G01 X108.045000 Y155.117100 Z-0.125000
G01 X61.480300 Y108.552600 Z-0.125000
G01 X61.274300 Y108.229700 Z-0.125000
G01 X61.214000 Y107.912200 Z-0.125000
G01 X61.294100 Y107.735000 Z-0.125000
G01 X61.509100 Y107.833100 Z-0.125000
G01 X108.647000 Y154.970800 Z-0.125000
G01 X108.950000 Y155.157400 Z-0.125000
G01 X109.225000 Y155.174800 Z-0.125000
G01 X109.359000 Y155.051900 Z-0.125000
G01 X109.242000 Y154.817500 Z-0.125000
G01 X61.523600 Y107.099300 Z-0.125000
G01 X61.247900 Y106.449400 Z-0.125000
G01 X61.321500 Y106.265700 Z-0.125000
G01 X61.533500 Y106.360800 Z-0.125000
G01 X109.828000 Y154.655500 Z-0.125000
G01 X110.129000 Y154.839100 Z-0.125000
G01 X110.397000 Y154.849900 Z-0.125000
G01 X110.525000 Y154.720400 Z-0.125000
G01 X110.404000 Y154.483000 Z-0.125000
G01 X76.585600 Y120.664600 Z-0.125000
G00 Z5.000000

(End cutting path id: path3)


(Start cutting path id: path3)
(Change tool to Default tool)

G00 Z5.000000
G00 X78.889300 Y122.219900

G01 Z-0.125000 F100.0(Penetrate)
G01 X110.974000 Y154.304400 Z-0.125000 F400.000000
G01 X111.272000 Y154.485800 Z-0.125000
G01 X111.535000 Y154.491900 Z-0.125000
G01 X111.659000 Y154.357700 Z-0.125000
G01 X111.536000 Y154.118100 Z-0.125000
G01 X80.449300 Y123.031600 Z-0.125000
G01 X80.402700 Y122.868000 Z-0.125000
G01 X80.692900 Y122.900900 Z-0.125000
G01 X81.497700 Y123.331600 Z-0.125000
G01 X112.088000 Y153.922100 Z-0.125000
G01 X112.384000 Y154.101200 Z-0.125000
G01 X112.642000 Y154.102200 Z-0.125000
G01 X112.760000 Y153.962900 Z-0.125000
G01 X112.635000 Y153.721000 Z-0.125000
G01 X82.418500 Y123.504100 Z-0.125000
G01 X82.339900 Y123.308500 Z-0.125000
G01 X82.559800 Y123.271100 Z-0.125000
G01 X83.262300 Y123.599500 Z-0.125000
G01 X113.174000 Y153.511700 Z-0.125000
G01 X113.468000 Y153.688200 Z-0.125000
G01 X113.721000 Y153.683800 Z-0.125000
G01 X113.833000 Y153.539000 Z-0.125000
G01 X113.706000 Y153.294600 Z-0.125000
G01 X84.030700 Y123.619500 Z-0.125000
G01 X83.933000 Y123.404900 Z-0.125000
G01 X84.111200 Y123.325800 Z-0.125000
G01 X84.429600 Y123.387000 Z-0.125000
G01 X84.753000 Y123.593400 Z-0.125000
G01 X114.233000 Y153.073200 Z-0.125000
G01 X114.524000 Y153.247600 Z-0.125000
G01 X114.772000 Y153.238300 Z-0.125000
G01 X114.880000 Y153.088600 Z-0.125000
G01 X114.750000 Y152.842100 Z-0.125000
G01 X85.432800 Y123.524900 Z-0.125000
G01 X85.322600 Y123.297800 Z-0.125000
G01 X85.473200 Y123.191100 Z-0.125000
G01 X85.764000 Y123.224700 Z-0.125000
G01 X86.074800 Y123.418600 Z-0.125000
G01 X115.262000 Y152.605900 Z-0.125000
G01 X115.552000 Y152.778700 Z-0.125000
G01 X115.796000 Y152.765800 Z-0.125000
G01 X115.900000 Y152.612500 Z-0.125000
G01 X115.769000 Y152.364300 Z-0.125000
G01 X86.679600 Y123.275000 Z-0.125000
G01 X86.559500 Y123.038000 Z-0.125000
G01 X86.688100 Y122.909400 Z-0.125000
G01 X86.957100 Y122.921100 Z-0.125000
G01 X87.258000 Y123.105000 Z-0.125000
G01 X116.267000 Y152.114200 Z-0.125000
G01 X116.555000 Y152.285100 Z-0.125000
G01 X116.795000 Y152.268100 Z-0.125000
G01 X116.895000 Y152.110800 Z-0.125000
G01 X116.762000 Y151.860700 Z-0.125000
G01 X87.810100 Y122.908800 Z-0.125000
G01 X87.682200 Y122.663900 Z-0.125000
G01 X87.793500 Y122.518000 Z-0.125000
G01 X88.045200 Y122.512400 Z-0.125000
G01 X88.338100 Y122.688500 Z-0.125000
G01 X117.248000 Y151.598800 Z-0.125000
G01 X117.534000 Y151.767600 Z-0.125000
G01 X117.770000 Y151.746200 Z-0.125000
G01 X117.865000 Y151.584400 Z-0.125000
G01 X117.730000 Y151.332300 Z-0.125000
G01 X88.844800 Y122.446800 Z-0.125000
G01 X88.710000 Y122.195100 Z-0.125000
G01 X88.806300 Y122.034100 Z-0.125000
G01 X89.042900 Y122.013500 Z-0.125000
G01 X89.329000 Y122.182700 Z-0.125000
G01 X118.207000 Y151.060400 Z-0.125000
G01 X118.491000 Y151.227300 Z-0.125000
G01 X118.722000 Y151.201600 Z-0.125000
G01 X118.813000 Y151.035500 Z-0.125000
G01 X118.676000 Y150.781500 Z-0.125000
G01 X89.793700 Y121.899000 Z-0.125000
G01 X89.652700 Y121.641100 Z-0.125000
G01 X89.735300 Y121.466500 Z-0.125000
G01 X89.958300 Y121.432200 Z-0.125000
G01 X90.238200 Y121.595100 Z-0.125000
G01 X119.143000 Y150.500000 Z-0.125000
G01 X119.425000 Y150.665000 Z-0.125000
G01 X119.652000 Y150.635200 Z-0.125000
G01 X119.739000 Y150.465000 Z-0.125000
G01 X119.600000 Y150.209000 Z-0.125000
G01 X90.664500 Y121.273100 Z-0.125000
G01 X90.518000 Y121.009600 Z-0.125000
G01 X90.588400 Y120.822800 Z-0.125000
G01 X90.799200 Y120.776400 Z-0.125000
G01 X91.073600 Y120.933900 Z-0.125000
G01 X120.056000 Y149.915900 Z-0.125000
G01 X120.336000 Y150.079400 Z-0.125000
G01 X120.560000 Y150.046300 Z-0.125000
G01 X120.644000 Y149.872900 Z-0.125000
G01 X120.504000 Y149.615500 Z-0.125000
G01 X91.466300 Y120.578100 Z-0.125000
G01 X91.314100 Y120.309100 Z-0.125000
G01 X91.372300 Y120.110000 Z-0.125000
G01 X91.570800 Y120.051300 Z-0.125000
G01 X91.839600 Y120.203200 Z-0.125000
G01 X120.948000 Y149.311100 Z-0.125000
G01 X121.227000 Y149.473200 Z-0.125000
G01 X121.448000 Y149.436900 Z-0.125000
G01 X121.528000 Y149.260400 Z-0.125000
G01 X121.386000 Y149.001500 Z-0.125000
G01 X92.201000 Y119.816200 Z-0.125000
G01 X92.044500 Y119.542800 Z-0.125000
G01 X92.093200 Y119.334200 Z-0.125000
G01 X92.282100 Y119.265900 Z-0.125000
G01 X92.546600 Y119.413400 Z-0.125000
G01 X121.819000 Y148.686200 Z-0.125000
G01 X122.097000 Y148.846900 Z-0.125000
G01 X122.315000 Y148.807600 Z-0.125000
G01 X122.393000 Y148.627900 Z-0.125000
G01 X122.249000 Y148.367700 Z-0.125000
G01 X92.872700 Y118.991100 Z-0.125000
G01 X92.709700 Y118.711300 Z-0.125000
G01 X92.744200 Y118.488500 Z-0.125000
G01 X92.919000 Y118.406000 Z-0.125000
G01 X93.177000 Y118.547100 Z-0.125000
G01 X122.672000 Y148.041800 Z-0.125000
G01 X122.948000 Y148.201100 Z-0.125000
G01 X123.163000 Y148.158700 Z-0.125000
G01 X123.237000 Y147.976000 Z-0.125000
G01 X123.093000 Y147.714400 Z-0.125000
G01 X93.455800 Y118.077600 Z-0.125000
G01 X93.284100 Y117.788900 Z-0.125000
G01 X93.299300 Y117.546800 Z-0.125000
G01 X93.454700 Y117.445100 Z-0.125000
G01 X93.704000 Y117.577400 Z-0.125000
G01 X123.505000 Y147.378400 Z-0.125000
G01 X123.780000 Y147.536200 Z-0.125000
G01 X123.991000 Y147.490400 Z-0.125000
G01 X124.062000 Y147.304300 Z-0.125000
G01 X123.916000 Y147.041200 Z-0.125000
G01 X93.915000 Y117.040000 Z-0.125000
G01 X93.730100 Y116.738200 Z-0.125000
G01 X93.716300 Y116.467200 Z-0.125000
G01 X93.842800 Y116.336400 Z-0.125000
G01 X94.078900 Y116.455600 Z-0.125000
G01 X124.320000 Y146.696200 Z-0.125000
G01 X124.593000 Y146.852500 Z-0.125000
G01 X124.801000 Y146.803500 Z-0.125000
G01 X124.869000 Y146.614100 Z-0.125000
G01 X124.721000 Y146.349400 Z-0.125000
G01 X94.177500 Y115.805800 Z-0.125000
G01 X93.887300 Y115.141400 Z-0.125000
G01 X93.950900 Y114.947800 Z-0.125000
G01 X94.158300 Y115.038300 Z-0.125000
G01 X125.116000 Y145.995900 Z-0.125000
G01 X125.388000 Y146.150700 Z-0.125000
G01 X125.593000 Y146.098400 Z-0.125000
G01 X125.657000 Y145.905800 Z-0.125000
G01 X125.508000 Y145.639700 Z-0.125000
G01 X93.732900 Y113.864500 Z-0.125000
G00 Z5.000000

(End cutting path id: path3)


(Start cutting path id: path3)
(Change tool to Default tool)

G00 Z5.000000
G00 X92.552200 Y111.935400

G01 Z-0.125000 F100.0(Penetrate)
G01 X125.894000 Y145.277700 Z-0.125000 F400.000000
G01 X126.165000 Y145.431100 Z-0.125000
G01 X126.367000 Y145.375600 Z-0.125000
G01 X126.428000 Y145.179900 Z-0.125000
G01 X126.277000 Y144.912300 Z-0.125000
G01 X68.383700 Y87.019000 Z-0.125000
G01 X68.219800 Y86.738000 Z-0.125000
G01 X68.252200 Y86.513000 Z-0.125000
G01 X68.424900 Y86.428000 Z-0.125000
G01 X68.682000 Y86.569000 Z-0.125000
G01 X126.655000 Y144.541900 Z-0.125000
G01 X126.924000 Y144.693900 Z-0.125000
G01 X127.123000 Y144.635300 Z-0.125000
G01 X127.181000 Y144.436400 Z-0.125000
G01 X127.029000 Y144.167400 Z-0.125000
G01 X68.986500 Y86.125000 Z-0.125000
G01 X68.824600 Y85.846000 Z-0.125000
G01 X68.861200 Y85.625000 Z-0.125000
G01 X69.038100 Y85.545000 Z-0.125000
G01 X69.297100 Y85.687000 Z-0.125000
G01 X127.398000 Y143.787800 Z-0.125000
G01 X127.666000 Y143.938500 Z-0.125000
G01 X127.862000 Y143.877200 Z-0.125000
G01 X127.917000 Y143.675500 Z-0.125000
G01 X127.764000 Y143.405300 Z-0.125000
G01 X69.613400 Y85.255000 Z-0.125000
G01 X69.453300 Y84.978000 Z-0.125000
G01 X69.493900 Y84.761000 Z-0.125000
G01 X69.674800 Y84.685000 Z-0.125000
G01 X69.935600 Y84.829000 Z-0.125000
G01 X128.123000 Y143.015900 Z-0.125000
G01 X128.389000 Y143.165300 Z-0.125000
G01 X128.582000 Y143.101000 Z-0.125000
G01 X128.635000 Y142.896400 Z-0.125000
G01 X128.480000 Y142.624800 Z-0.125000
G01 X70.263000 Y84.408000 Z-0.125000
G01 X70.104500 Y84.132000 Z-0.125000
G01 X70.148500 Y83.919000 Z-0.125000
G01 X70.332900 Y83.846000 Z-0.125000
G01 X70.595300 Y83.992000 Z-0.125000
G01 X128.829000 Y142.225600 Z-0.125000
G01 X129.094000 Y142.373700 Z-0.125000
G01 X129.284000 Y142.306400 Z-0.125000
G01 X129.334000 Y142.098900 Z-0.125000
G01 X129.178000 Y141.826000 Z-0.125000
G01 X70.932200 Y83.580000 Z-0.125000
G01 X70.775200 Y83.306000 Z-0.125000
G01 X70.822800 Y83.097000 Z-0.125000
G01 X71.010600 Y83.027000 Z-0.125000
G01 X71.274600 Y83.174000 Z-0.125000
G01 X129.517000 Y141.417000 Z-0.125000
G01 X129.781000 Y141.563500 Z-0.125000
G01 X129.968000 Y141.493100 Z-0.125000
G01 X130.014000 Y141.282300 Z-0.125000
G01 X129.857000 Y141.007900 Z-0.125000
G01 X71.619700 Y82.771000 Z-0.125000
G01 X71.463600 Y82.498000 Z-0.125000
G01 X71.512800 Y82.290000 Z-0.125000
G01 X71.702400 Y82.222000 Z-0.125000
G01 X71.967100 Y82.370000 Z-0.125000
G01 X130.187000 Y140.589900 Z-0.125000
G01 X130.449000 Y140.734900 Z-0.125000
G01 X130.632000 Y140.661100 Z-0.125000
G01 X130.675000 Y140.446900 Z-0.125000
G01 X130.516000 Y140.171000 Z-0.125000
G01 X112.735000 Y122.389800 Z-0.125000
G01 X112.732000 Y122.270000 Z-0.125000
G01 X113.119000 Y122.399500 Z-0.125000
G01 X114.064000 Y122.970500 Z-0.125000
G01 X130.838000 Y139.744200 Z-0.125000
G01 X131.098000 Y139.887700 Z-0.125000
G01 X131.278000 Y139.810500 Z-0.125000
G01 X131.318000 Y139.593000 Z-0.125000
G01 X131.158000 Y139.315500 Z-0.125000
G01 X115.024000 Y123.181500 Z-0.125000
G01 X114.964000 Y123.004600 Z-0.125000
G01 X115.225000 Y123.008400 Z-0.125000
G01 X115.987000 Y123.396600 Z-0.125000
G01 X131.470000 Y138.879800 Z-0.125000
G01 X131.729000 Y139.021800 Z-0.125000
G01 X131.906000 Y138.941200 Z-0.125000
G01 X131.942000 Y138.720300 Z-0.125000
G01 X131.780000 Y138.441300 Z-0.125000
G01 X116.818000 Y123.479300 Z-0.125000
G01 X116.730000 Y123.274000 Z-0.125000
G01 X116.928000 Y123.215400 Z-0.125000
G01 X117.600000 Y123.512700 Z-0.125000
G01 X132.084000 Y137.996600 Z-0.125000
G01 X132.341000 Y138.137000 Z-0.125000
G01 X132.514000 Y138.053100 Z-0.125000
G01 X132.547000 Y137.828800 Z-0.125000
G01 X132.384000 Y137.548300 Z-0.125000
G01 X118.338000 Y123.503000 Z-0.125000
G01 X118.237000 Y123.285000 Z-0.125000
G01 X118.408000 Y123.198300 Z-0.125000
G01 X118.719000 Y123.251900 Z-0.125000
G01 X119.039000 Y123.454800 Z-0.125000
G01 X132.678000 Y137.094300 Z-0.125000
G01 X132.934000 Y137.233200 Z-0.125000
G01 X133.104000 Y137.145900 Z-0.125000
G01 X133.133000 Y136.918200 Z-0.125000
G01 X132.968000 Y136.636200 Z-0.125000
G01 X119.700000 Y123.367500 Z-0.125000
G01 X119.588000 Y123.139100 Z-0.125000
G01 X119.736000 Y123.029300 Z-0.125000
G01 X120.024000 Y123.059900 Z-0.125000
G01 X120.333000 Y123.252400 Z-0.125000
G01 X133.253000 Y136.172800 Z-0.125000
G01 X133.508000 Y136.310100 Z-0.125000
G01 X133.674000 Y136.219400 Z-0.125000
G01 X133.700000 Y135.988400 Z-0.125000
G01 X133.534000 Y135.704700 Z-0.125000
G01 X120.938000 Y123.109200 Z-0.125000
G01 X120.818000 Y122.872300 Z-0.125000
G01 X120.947000 Y122.743900 Z-0.125000
G01 X121.216000 Y122.755900 Z-0.125000
G01 X121.517000 Y122.939900 Z-0.125000
G01 X133.809000 Y135.231800 Z-0.125000
G01 X134.062000 Y135.367600 Z-0.125000
G01 X134.225000 Y135.273400 Z-0.125000
G01 X134.248000 Y135.039000 Z-0.125000
G01 X134.079000 Y134.753800 Z-0.125000
G01 X122.072000 Y122.746200 Z-0.125000
G01 X121.944000 Y122.501900 Z-0.125000
G01 X122.057000 Y122.357300 Z-0.125000
G01 X122.310000 Y122.352900 Z-0.125000
G01 X122.604000 Y122.529600 Z-0.125000
G01 X134.345000 Y134.271000 Z-0.125000
G01 X134.596000 Y134.405300 Z-0.125000
G01 X134.756000 Y134.307600 Z-0.125000
G01 X134.775000 Y134.069700 Z-0.125000
G01 X134.605000 Y133.783000 Z-0.125000
G01 X123.113000 Y122.291100 Z-0.125000
G01 X122.979000 Y122.040100 Z-0.125000
G01 X123.077000 Y121.880800 Z-0.125000
G01 X123.316000 Y121.861800 Z-0.125000
G01 X123.602000 Y122.031800 Z-0.125000
G01 X134.861000 Y133.290200 Z-0.125000
G01 X135.110000 Y133.422800 Z-0.125000
G01 X135.267000 Y133.321800 Z-0.125000
G01 X135.282000 Y133.080400 Z-0.125000
G01 X135.111000 Y132.792000 Z-0.125000
G01 X124.072000 Y121.752600 Z-0.125000
G01 X123.931000 Y121.495200 Z-0.125000
G01 X124.015000 Y121.321800 Z-0.125000
G01 X124.239000 Y121.288700 Z-0.125000
G01 X124.520000 Y121.452200 Z-0.125000
G01 X135.356000 Y132.288900 Z-0.125000
G01 X135.604000 Y132.420000 Z-0.125000
G01 X135.757000 Y132.315400 Z-0.125000
G01 X135.769000 Y132.070500 Z-0.125000
G01 X135.596000 Y131.780600 Z-0.125000
G01 X124.949000 Y121.132900 Z-0.125000
G01 X124.802000 Y120.869600 Z-0.125000
G01 X124.873000 Y120.683300 Z-0.125000
G01 X125.084000 Y120.637300 Z-0.125000
G01 X125.359000 Y120.795000 Z-0.125000
G01 X135.831000 Y131.266800 Z-0.125000
G01 X136.077000 Y131.396300 Z-0.125000
G01 X136.226000 Y131.288100 Z-0.125000
G01 X136.235000 Y131.039700 Z-0.125000
G01 X136.061000 Y130.748200 Z-0.125000
G01 X125.751000 Y120.438900 Z-0.125000
G01 X125.599000 Y120.170000 Z-0.125000
G01 X125.658000 Y119.971200 Z-0.125000
G01 X125.857000 Y119.912800 Z-0.125000
G01 X126.126000 Y120.064800 Z-0.125000
G01 X136.284000 Y130.223500 Z-0.125000
G01 X136.529000 Y130.351300 Z-0.125000
G01 X136.675000 Y130.239600 Z-0.125000
G01 X136.680000 Y129.987500 Z-0.125000
G01 X136.504000 Y129.694400 Z-0.125000
G01 X126.482000 Y119.672800 Z-0.125000
G01 X126.324000 Y119.398200 Z-0.125000
G01 X126.370000 Y119.187200 Z-0.125000
G01 X126.557000 Y119.116400 Z-0.125000
G01 X126.820000 Y119.262800 Z-0.125000
G01 X136.716000 Y129.158400 Z-0.125000
G01 X136.959000 Y129.284500 Z-0.125000
G01 X137.101000 Y129.169200 Z-0.125000
G01 X137.102000 Y128.913500 Z-0.125000
G01 X136.925000 Y128.618700 Z-0.125000
G01 X127.141000 Y118.834900 Z-0.125000
G01 X126.978000 Y118.554700 Z-0.125000
G01 X127.011000 Y118.331200 Z-0.125000
G01 X127.185000 Y118.248000 Z-0.125000
G01 X127.443000 Y118.388800 Z-0.125000
G01 X137.125000 Y128.071000 Z-0.125000
G01 X137.367000 Y128.195500 Z-0.125000
G01 X137.505000 Y128.076400 Z-0.125000
G01 X137.503000 Y127.817000 Z-0.125000
G01 X137.323000 Y127.520600 Z-0.125000
G01 X127.727000 Y117.924300 Z-0.125000
G01 X127.558000 Y117.638300 Z-0.125000
G01 X127.579000 Y117.401900 Z-0.125000
G01 X127.740000 Y117.305900 Z-0.125000
G01 X127.992000 Y117.440900 Z-0.125000
G01 X137.512000 Y126.960700 Z-0.125000
G01 X137.751000 Y127.083500 Z-0.125000
G01 X137.886000 Y126.960700 Z-0.125000
G01 X137.880000 Y126.697600 Z-0.125000
G01 X137.699000 Y126.399400 Z-0.125000
G01 X128.234000 Y116.934600 Z-0.125000
G01 X128.059000 Y116.642400 Z-0.125000
G01 X128.066000 Y116.392600 Z-0.125000
G01 X128.214000 Y116.283000 Z-0.125000
G01 X128.459000 Y116.411900 Z-0.125000
G01 X137.875000 Y125.826900 Z-0.125000
G01 X138.112000 Y125.947700 Z-0.125000
G01 X138.242000 Y125.820400 Z-0.125000
G01 X138.232000 Y125.552800 Z-0.125000
G01 X138.049000 Y125.252600 Z-0.125000
G01 X128.663000 Y115.866600 Z-0.125000
G01 X128.481000 Y115.567600 Z-0.125000
G01 X128.473000 Y115.302600 Z-0.125000
G01 X128.605000 Y115.178000 Z-0.125000
G01 X128.844000 Y115.299900 Z-0.125000
G01 X138.213000 Y124.668800 Z-0.125000
G01 X138.449000 Y124.787500 Z-0.125000
G01 X138.574000 Y124.655600 Z-0.125000
G01 X138.559000 Y124.383300 Z-0.125000
G01 X138.374000 Y124.081000 Z-0.125000
G01 X129.003000 Y114.710500 Z-0.125000
G01 X128.814000 Y114.404200 Z-0.125000
G01 X128.790000 Y114.123300 Z-0.125000
G01 X128.907000 Y113.982700 Z-0.125000
G01 X129.138000 Y114.097300 Z-0.125000
G01 X138.527000 Y123.485600 Z-0.125000
G01 X138.760000 Y123.602100 Z-0.125000
G01 X138.881000 Y123.465300 Z-0.125000
G01 X138.861000 Y123.188200 Z-0.125000
G01 X138.673000 Y122.883700 Z-0.125000
G01 X129.248000 Y113.458800 Z-0.125000
G01 X129.051000 Y113.144300 Z-0.125000
G01 X129.009000 Y112.845300 Z-0.125000
G01 X129.107000 Y112.686600 Z-0.125000
G01 X129.331000 Y112.793100 Z-0.125000
G01 X138.814000 Y122.276400 Z-0.125000
G01 X139.045000 Y122.390500 Z-0.125000
G01 X139.161000 Y122.248700 Z-0.125000
G01 X139.136000 Y121.966500 Z-0.125000
G01 X138.946000 Y121.659600 Z-0.125000
G01 X129.390000 Y112.103900 Z-0.125000
G01 X129.185000 Y111.781600 Z-0.125000
G01 X129.126000 Y111.465400 Z-0.125000
G01 X129.207000 Y111.289600 Z-0.125000
G01 X129.423000 Y111.388200 Z-0.125000
G01 X139.075000 Y121.040200 Z-0.125000
G01 X139.303000 Y121.151900 Z-0.125000
G01 X139.413000 Y121.004600 Z-0.125000
G01 X139.383000 Y120.717100 Z-0.125000
G01 X139.191000 Y120.407800 Z-0.125000
G01 X129.432000 Y110.649500 Z-0.125000
G01 X129.142000 Y109.985200 Z-0.125000
G01 X129.206000 Y109.791600 Z-0.125000
G01 X129.413000 Y109.882100 Z-0.125000
G01 X139.303000 Y119.771600 Z-0.125000
G01 X139.530000 Y119.881300 Z-0.125000
G01 X139.635000 Y119.729900 Z-0.125000
G01 X139.601000 Y119.438100 Z-0.125000
G01 X139.407000 Y119.126900 Z-0.125000
G01 X129.359000 Y109.079300 Z-0.125000
G01 X129.028000 Y108.374600 Z-0.125000
G01 X129.064000 Y108.153200 Z-0.125000
G01 X129.259000 Y108.231100 Z-0.125000
G01 X139.502000 Y118.473600 Z-0.125000
G01 X139.726000 Y118.581300 Z-0.125000
G01 X139.827000 Y118.425300 Z-0.125000
G01 X139.788000 Y118.129000 Z-0.125000
G01 X139.592000 Y117.815800 Z-0.125000
G01 X129.089000 Y107.312800 Z-0.125000
G01 X128.663000 Y106.512900 Z-0.125000
G01 X128.634000 Y106.226100 Z-0.125000
G01 X128.799000 Y106.274300 Z-0.125000
G01 X139.669000 Y117.144200 Z-0.125000
G01 X139.891000 Y117.249000 Z-0.125000
G01 X139.985000 Y117.086500 Z-0.125000
G01 X139.940000 Y116.783700 Z-0.125000
G01 X139.741000 Y116.467500 Z-0.125000
G01 X128.171000 Y104.898200 Z-0.125000
G00 Z5.000000

(End cutting path id: path3)


(Start cutting path id: path3)
(Change tool to Default tool)

G00 Z5.000000
G00 X126.866000 Y102.844000

G01 Z-0.125000 F100.0(Penetrate)
G01 X139.803000 Y115.781500 Z-0.125000 F400.000000
G01 X140.022000 Y115.883100 Z-0.125000
G01 X140.110000 Y115.713700 Z-0.125000
G01 X140.057000 Y115.403900 Z-0.125000
G01 X139.855000 Y115.084500 Z-0.125000
G01 X94.011000 Y69.241000 Z-0.125000
G01 X93.831000 Y68.944000 Z-0.125000
G01 X93.827900 Y68.684000 Z-0.125000
G01 X93.965000 Y68.564000 Z-0.125000
G01 X94.206000 Y68.688000 Z-0.125000
G01 X139.899000 Y114.381400 Z-0.125000
G01 X140.115000 Y114.480100 Z-0.125000
G01 X140.197000 Y114.304400 Z-0.125000
G01 X140.138000 Y113.988300 Z-0.125000
G01 X139.932000 Y113.666000 Z-0.125000
G01 X94.434300 Y68.168000 Z-0.125000
G01 X94.264700 Y67.881000 Z-0.125000
G01 X94.284500 Y67.644000 Z-0.125000
G01 X94.444700 Y67.547000 Z-0.125000
G01 X94.696000 Y67.681000 Z-0.125000
G01 X139.955000 Y112.939800 Z-0.125000
G01 X140.167000 Y113.035600 Z-0.125000
G01 X140.242000 Y112.853400 Z-0.125000
G01 X139.969000 Y112.205700 Z-0.125000
G01 X94.991300 Y67.228000 Z-0.125000
G01 X94.832600 Y66.953000 Z-0.125000
G01 X94.876500 Y66.739000 Z-0.125000
G01 X95.060700 Y66.666000 Z-0.125000
G01 X95.323000 Y66.812000 Z-0.125000
G01 X139.969000 Y111.457900 Z-0.125000
G01 X140.178000 Y111.549600 Z-0.125000
G01 X140.244000 Y111.358500 Z-0.125000
G01 X139.958000 Y110.697900 Z-0.125000
G01 X95.688100 Y66.428000 Z-0.125000
G01 X95.540100 Y66.163000 Z-0.125000
G01 X95.607300 Y65.973000 Z-0.125000
G01 X95.814900 Y65.924000 Z-0.125000
G01 X96.087800 Y66.080000 Z-0.125000
G01 X139.936000 Y109.927900 Z-0.125000
G01 X140.141000 Y110.016000 Z-0.125000
G01 X140.199000 Y109.816900 Z-0.125000
G01 X139.901000 Y109.144700 Z-0.125000
G01 X96.522700 Y65.766000 Z-0.125000
G01 X96.385700 Y65.512000 Z-0.125000
G01 X96.477200 Y65.347000 Z-0.125000
G01 X96.709000 Y65.321000 Z-0.125000
G01 X96.993000 Y65.488000 Z-0.125000
G01 X139.850000 Y108.344800 Z-0.125000
G01 X140.050000 Y108.428300 Z-0.125000
G01 X140.098000 Y108.219200 Z-0.125000
G01 X139.786000 Y107.532300 Z-0.125000
G01 X97.502500 Y65.249000 Z-0.125000
G01 X97.377600 Y65.007000 Z-0.125000
G01 X97.495700 Y64.868000 Z-0.125000
G01 X97.754100 Y64.869000 Z-0.125000
G01 X98.050100 Y65.049000 Z-0.125000
G01 X139.753000 Y106.751100 Z-0.125000
G01 X139.941000 Y106.822700 Z-0.125000
G01 X139.963000 Y106.587300 Z-0.125000
G01 X139.612000 Y105.862300 Z-0.125000
G01 X98.637300 Y64.887000 Z-0.125000
G01 X98.525000 Y64.658000 Z-0.125000
G01 X98.670800 Y64.547000 Z-0.125000
G01 X98.957000 Y64.576000 Z-0.125000
G01 X99.265600 Y64.767000 Z-0.125000
G01 X139.497000 Y104.998500 Z-0.125000
G01 X139.686000 Y105.071300 Z-0.125000
G01 X139.711000 Y104.838400 Z-0.125000
G01 X139.364000 Y104.117000 Z-0.125000
G01 X99.937200 Y64.691000 Z-0.125000
G01 X99.838700 Y64.475000 Z-0.125000
G01 X100.015000 Y64.394000 Z-0.125000
G01 X100.332000 Y64.454000 Z-0.125000
G01 X100.654000 Y64.659000 Z-0.125000
G01 X108.031000 Y72.036000 Z-0.125000
G01 X108.192000 Y72.080000 Z-0.125000
G01 X108.155000 Y71.786000 Z-0.125000
G01 X107.717000 Y70.974000 Z-0.125000
G01 X101.419000 Y64.676000 Z-0.125000
G01 X101.338000 Y64.478000 Z-0.125000
G01 X101.551000 Y64.434000 Z-0.125000
G01 X102.245000 Y64.753000 Z-0.125000
G01 X107.404000 Y69.912000 Z-0.125000
G01 X107.572000 Y69.963000 Z-0.125000
G01 X107.548000 Y69.682000 Z-0.125000
G01 X107.130000 Y68.890000 Z-0.125000
G01 X103.179000 Y64.939000 Z-0.125000
G01 X103.144000 Y64.787000 Z-0.125000
G01 X103.459000 Y64.845000 Z-0.125000
G01 X104.301000 Y65.313000 Z-0.125000
G01 X106.876000 Y67.888000 Z-0.125000
G00 Z5.000000

(End cutting path id: path3)


(Start cutting path id: path3)
(Change tool to Default tool)

G00 Z5.000000
G00 X92.382600 Y72.103000

G01 Z-0.125000 F100.0(Penetrate)
G01 X84.922600 Y64.643000 Z-0.125000 F400.000000
G01 X84.833400 Y64.437000 Z-0.125000
G01 X85.030300 Y64.376000 Z-0.125000
G01 X85.699200 Y64.671000 Z-0.125000
G01 X91.842200 Y70.814000 Z-0.125000
G01 X92.007300 Y70.862000 Z-0.125000
G01 X91.977400 Y70.575000 Z-0.125000
G01 X91.551300 Y69.775000 Z-0.125000
G01 X86.587100 Y64.810000 Z-0.125000
G01 X86.536600 Y64.643000 Z-0.125000
G01 X86.818600 Y64.668000 Z-0.125000
G01 X87.611400 Y65.086000 Z-0.125000
G01 X91.408000 Y68.883000 Z-0.125000
G00 Z5.000000

(End cutting path id: path3)


(Start cutting path id: path3)
(Change tool to Default tool)

G00 Z5.000000
G00 X88.969100 Y65.696000

G01 Z-0.125000 F100.0(Penetrate)
G01 X90.605300 Y67.332000 Z-0.125000 F400.000000
G00 Z5.000000

(End cutting path id: path3)


(Start cutting path id: path3)
(Change tool to Default tool)

G00 Z5.000000
G00 X82.623700 Y64.589000

G01 Z-0.125000 F100.0(Penetrate)
G01 X120.898000 Y102.863000 Z-0.125000 F400.000000
G01 X121.138000 Y102.987000 Z-0.125000
G01 X121.275000 Y102.866000 Z-0.125000
G01 X121.271000 Y102.605000 Z-0.125000
G01 X121.091000 Y102.308000 Z-0.125000
G01 X83.534700 Y64.752000 Z-0.125000
G01 X83.429100 Y64.529000 Z-0.125000
G01 X83.589700 Y64.433000 Z-0.125000
G01 X83.890600 Y64.476000 Z-0.125000
G01 X84.206000 Y64.675000 Z-0.125000
G01 X121.273000 Y101.741000 Z-0.125000
G01 X121.516000 Y101.868000 Z-0.125000
G01 X121.658000 Y101.753000 Z-0.125000
G01 X121.661000 Y101.498000 Z-0.125000
G01 X121.483000 Y101.204000 Z-0.125000
G01 X93.305900 Y73.026000 Z-0.125000
G01 X93.111700 Y72.715000 Z-0.125000
G01 X93.077400 Y72.424000 Z-0.125000
G01 X93.183500 Y72.273000 Z-0.125000
G01 X93.410300 Y72.382000 Z-0.125000
G01 X121.736000 Y100.708000 Z-0.125000
G01 X121.998000 Y100.853000 Z-0.125000
G01 X122.182000 Y100.780000 Z-0.125000
G01 X122.226000 Y100.567000 Z-0.125000
G01 X122.068000 Y100.291000 Z-0.125000
G01 X93.514700 Y71.738000 Z-0.125000
G01 X93.320500 Y71.427000 Z-0.125000
G01 X93.286200 Y71.136000 Z-0.125000
G01 X93.392300 Y70.985000 Z-0.125000
G01 X93.619000 Y71.094000 Z-0.125000
G01 X122.534000 Y100.009000 Z-0.125000
G01 X123.186000 Y100.287000 Z-0.125000
G01 X123.370000 Y100.214000 Z-0.125000
G01 X123.276000 Y100.002000 Z-0.125000
G01 X93.724600 Y70.451000 Z-0.125000
G01 X93.533700 Y70.143000 Z-0.125000
G01 X93.506500 Y69.859000 Z-0.125000
G01 X93.619700 Y69.715000 Z-0.125000
G01 X93.849700 Y69.828000 Z-0.125000
G01 X125.630000 Y101.609000 Z-0.125000
G00 Z5.000000

(End cutting path id: path3)


(Start cutting path id: path3)
(Change tool to Default tool)

G00 Z5.000000
G00 X125.710000 Y101.718000

G01 Z-0.125000 F100.0(Penetrate)
G01 X126.570000 Y102.528000 Z-0.125000 F400.000000
G01 X127.306000 Y103.506100 Z-0.125000
G01 X127.916000 Y104.639900 Z-0.125000
G01 X128.395000 Y105.918100 Z-0.125000
G01 X128.742000 Y107.329100 Z-0.125000
G01 X128.952000 Y108.861600 Z-0.125000
G01 X128.946000 Y112.244800 Z-0.125000
G01 X128.488000 Y114.816400 Z-0.125000
G01 X127.591000 Y117.105400 Z-0.125000
G01 X126.299000 Y119.076700 Z-0.125000
G01 X124.656000 Y120.695700 Z-0.125000
G01 X122.706000 Y121.927400 Z-0.125000
G01 X120.493000 Y122.737100 Z-0.125000
G01 X118.061000 Y123.090000 Z-0.125000
G01 X115.453000 Y122.951200 Z-0.125000
G01 X113.875000 Y122.581500 Z-0.125000
G01 X112.393000 Y121.972500 Z-0.125000
G01 X111.040000 Y121.158400 Z-0.125000
G01 X109.854000 Y120.174100 Z-0.125000
G01 X108.869000 Y119.053900 Z-0.125000
G01 X108.122000 Y117.832300 Z-0.125000
G01 X107.647000 Y116.544100 Z-0.125000
G01 X107.481000 Y115.223600 Z-0.125000
G01 X107.544000 Y114.157600 Z-0.125000
G01 X107.768000 Y113.226100 Z-0.125000
G01 X108.207000 Y112.378400 Z-0.125000
G01 X108.915000 Y111.563500 Z-0.125000
G01 X109.946000 Y110.730400 Z-0.125000
G01 X111.352000 Y109.828300 Z-0.125000
G01 X115.509000 Y107.613500 Z-0.125000
G01 X118.232000 Y106.168500 Z-0.125000
G01 X119.951000 Y105.009800 Z-0.125000
G01 X120.947000 Y103.901300 Z-0.125000
G01 X121.504000 Y102.607000 Z-0.125000
G01 X122.140000 Y101.039000 Z-0.125000
G01 X122.514000 Y100.602000 Z-0.125000
G01 X122.950000 Y100.390000 Z-0.125000
G01 X123.468000 Y100.400000 Z-0.125000
G01 X124.089000 Y100.627000 Z-0.125000
G01 X125.711000 Y101.718000 Z-0.125000
G01 X125.710000 Y101.718000 Z-0.125000
G00 Z5.000000

(End cutting path id: path3)


(Start cutting path id: path3)
(Change tool to Default tool)

G00 Z5.000000
G00 X139.491000 Y103.496500

G01 Z-0.125000 F100.0(Penetrate)
G01 X109.157000 Y73.162000 Z-0.125000 F400.000000
G01 X108.966000 Y72.854000 Z-0.125000
G01 X108.939000 Y72.570000 Z-0.125000
G01 X109.052000 Y72.426000 Z-0.125000
G01 X109.282000 Y72.539000 Z-0.125000
G01 X139.036000 Y102.293000 Z-0.125000
G01 X139.216000 Y102.356000 Z-0.125000
G01 X139.219000 Y102.102000 Z-0.125000
G01 X138.841000 Y101.349000 Z-0.125000
G01 X109.407000 Y71.915000 Z-0.125000
G01 X109.216000 Y71.607000 Z-0.125000
G01 X109.188000 Y71.322000 Z-0.125000
G01 X109.301000 Y71.178000 Z-0.125000
G01 X109.531000 Y71.291000 Z-0.125000
G01 X138.612000 Y100.372000 Z-0.125000
G01 X138.783000 Y100.426000 Z-0.125000
G01 X138.764000 Y100.150000 Z-0.125000
G01 X138.355000 Y99.366000 Z-0.125000
G01 X109.661000 Y70.673000 Z-0.125000
G01 X109.476000 Y70.371000 Z-0.125000
G01 X109.461000 Y70.098000 Z-0.125000
G01 X109.586000 Y69.967000 Z-0.125000
G01 X109.822000 Y70.085000 Z-0.125000
G01 X138.064000 Y98.327000 Z-0.125000
G01 X138.223000 Y98.369000 Z-0.125000
G01 X138.180000 Y98.069000 Z-0.125000
G01 X137.735000 Y97.250000 Z-0.125000
G01 X110.014000 Y69.529000 Z-0.125000
G01 X109.839000 Y69.237000 Z-0.125000
G01 X109.845000 Y68.986000 Z-0.125000
G01 X109.992000 Y68.875000 Z-0.125000
G01 X110.237000 Y69.004000 Z-0.125000
G01 X137.364000 Y96.130000 Z-0.125000
G01 X137.514000 Y96.164000 Z-0.125000
G01 X137.454000 Y95.846000 Z-0.125000
G01 X136.982000 Y95.000000 Z-0.125000
G01 X110.488000 Y68.507000 Z-0.125000
G01 X110.322000 Y68.223000 Z-0.125000
G01 X110.347000 Y67.991000 Z-0.125000
G01 X110.513000 Y67.900000 Z-0.125000
G01 X110.767000 Y68.037000 Z-0.125000
G01 X136.445000 Y93.715000 Z-0.125000
G01 X136.567000 Y93.720000 Z-0.125000
G01 X136.444000 Y93.339000 Z-0.125000
G01 X135.881000 Y92.402000 Z-0.125000
G01 X111.072000 Y67.594000 Z-0.125000
G01 X110.914000 Y67.318000 Z-0.125000
G01 X110.957000 Y67.105000 Z-0.125000
G01 X111.141000 Y67.031000 Z-0.125000
G01 X111.404000 Y67.177000 Z-0.125000
G01 X135.507000 Y91.280000 Z-0.125000
G00 Z5.000000

(End cutting path id: path3)


(Start cutting path id: path3)
(Change tool to Default tool)

G00 Z5.000000
G00 X134.701000 Y89.725000

G01 Z-0.125000 F100.0(Penetrate)
G01 X111.761000 Y66.785000 Z-0.125000 F400.000000
G01 X111.610000 Y66.518000 Z-0.125000
G01 X111.672000 Y66.322000 Z-0.125000
G01 X111.873000 Y66.266000 Z-0.125000
G01 X112.144000 Y66.420000 Z-0.125000
G01 X133.987000 Y88.264000 Z-0.125000
G00 Z5.000000

(End cutting path id: path3)


(Start cutting path id: path3)
(Change tool to Default tool)

G00 Z5.000000
G00 X132.374000 Y85.902000

G01 Z-0.125000 F100.0(Penetrate)
G01 X112.552000 Y66.080000 Z-0.125000 F400.000000
G01 X112.410000 Y65.821000 Z-0.125000
G01 X112.490000 Y65.644000 Z-0.125000
G01 X112.710000 Y65.606000 Z-0.125000
G01 X112.988000 Y65.768000 Z-0.125000
G01 X130.862000 Y83.641000 Z-0.125000
G00 Z5.000000

(End cutting path id: path3)


(Start cutting path id: path3)
(Change tool to Default tool)

G00 Z5.000000
G00 X132.651000 Y80.192000

G01 Z-0.125000 F100.0(Penetrate)
G01 X143.485000 Y91.027000 Z-0.125000 F400.000000
G01 X143.758000 Y91.183000 Z-0.125000
G01 X143.966000 Y91.133000 Z-0.125000
G01 X144.033000 Y90.943000 Z-0.125000
G01 X143.885000 Y90.678000 Z-0.125000
G01 X129.797000 Y76.590000 Z-0.125000
G00 Z5.000000

(End cutting path id: path3)


(Start cutting path id: path3)
(Change tool to Default tool)

G00 Z5.000000
G00 X124.941000 Y76.972000

G01 Z-0.125000 F100.0(Penetrate)
G01 X113.453000 Y65.484000 Z-0.125000 F400.000000
G01 X113.320000 Y65.234000 Z-0.125000
G01 X113.420000 Y65.077000 Z-0.125000
G01 X113.660000 Y65.060000 Z-0.125000
G01 X113.948000 Y65.231000 Z-0.125000
G01 X123.565000 Y74.848000 Z-0.125000
G01 X123.744000 Y74.910000 Z-0.125000
G01 X123.745000 Y74.653000 Z-0.125000
G01 X123.363000 Y73.897000 Z-0.125000
G01 X114.474000 Y65.009000 Z-0.125000
G01 X114.350000 Y64.768000 Z-0.125000
G01 X114.469000 Y64.630000 Z-0.125000
G01 X114.729000 Y64.633000 Z-0.125000
G01 X115.026000 Y64.812000 Z-0.125000
G01 X123.378000 Y73.164000 Z-0.125000
G01 X123.596000 Y73.265000 Z-0.125000
G01 X123.683000 Y73.095000 Z-0.125000
G01 X123.630000 Y72.784000 Z-0.125000
G01 X123.427000 Y72.465000 Z-0.125000
G01 X115.641000 Y64.679000 Z-0.125000
G01 X115.533000 Y64.454000 Z-0.125000
G01 X115.687000 Y64.351000 Z-0.125000
G01 X115.982000 Y64.388000 Z-0.125000
G01 X116.295000 Y64.584000 Z-0.125000
G01 X123.491000 Y71.780000 Z-0.125000
G01 X123.710000 Y71.883000 Z-0.125000
G01 X123.801000 Y71.716000 Z-0.125000
G01 X123.751000 Y71.409000 Z-0.125000
G01 X123.550000 Y71.091000 Z-0.125000
G01 X116.971000 Y64.512000 Z-0.125000
G01 X116.890000 Y64.315000 Z-0.125000
G01 X117.106000 Y64.273000 Z-0.125000
G01 X117.803000 Y64.596000 Z-0.125000
G01 X123.593000 Y70.386000 Z-0.125000
G01 X123.803000 Y70.479000 Z-0.125000
G01 X123.873000 Y70.292000 Z-0.125000
G01 X123.592000 Y69.637000 Z-0.125000
G01 X118.686000 Y64.731000 Z-0.125000
G01 X118.659000 Y64.586000 Z-0.125000
G01 X118.991000 Y64.661000 Z-0.125000
G01 X119.857000 Y65.153000 Z-0.125000
G01 X123.487000 Y68.783000 Z-0.125000
G01 X123.581000 Y68.845000 Z-0.125000
G01 X123.592000 Y68.771000 Z-0.125000
G01 X123.428000 Y68.350000 Z-0.125000
G01 X122.807000 Y67.355000 Z-0.125000
G01 X121.244000 Y65.792000 Z-0.125000
G00 Z5.000000

(End cutting path id: path3)


(Start cutting path id: path3)
(Change tool to Default tool)

G00 Z5.000000
G00 X136.450000 Y85.488000

G01 Z-0.125000 F100.0(Penetrate)
G01 X142.682000 Y91.720000 Z-0.125000 F400.000000
G01 X142.956000 Y91.877000 Z-0.125000
G01 X143.165000 Y91.828000 Z-0.125000
G01 X143.233000 Y91.639000 Z-0.125000
G01 X143.085000 Y91.375000 Z-0.125000
G01 X134.807000 Y83.097000 Z-0.125000
G00 Z5.000000

(End cutting path id: path3)


(Start cutting path id: path3)
(Change tool to Default tool)

G00 Z5.000000
G00 X138.497000 Y89.032000

G01 Z-0.125000 F100.0(Penetrate)
G01 X141.874000 Y92.409000 Z-0.125000 F400.000000
G01 X142.148000 Y92.566000 Z-0.125000
G01 X142.357000 Y92.518000 Z-0.125000
G01 X142.426000 Y92.330000 Z-0.125000
G01 X142.279000 Y92.066000 Z-0.125000
G01 X137.605000 Y87.391000 Z-0.125000
G00 Z5.000000

(End cutting path id: path3)


(Start cutting path id: path3)
(Change tool to Default tool)

G00 Z5.000000
G00 X140.162000 Y92.193000

G01 Z-0.125000 F100.0(Penetrate)
G01 X141.055000 Y93.086000 Z-0.125000 F400.000000
G01 X141.330000 Y93.244000 Z-0.125000
G01 X141.542000 Y93.199000 Z-0.125000
G01 X141.613000 Y93.013000 Z-0.125000
G01 X141.467000 Y92.750000 Z-0.125000
G01 X139.291000 Y90.574000 Z-0.125000
G00 Z5.000000

(End cutting path id: path3)


(Start cutting path id: path3)
(Change tool to Default tool)

G00 Z5.000000
G00 X140.939000 Y93.270000

G01 Z-0.125000 F100.0(Penetrate)
G01 X138.513000 Y88.803000 Z-0.125000 F400.000000
G01 X137.283000 Y86.580000 Z-0.125000
G01 X135.924000 Y84.431000 Z-0.125000
G01 X134.244000 Y81.973000 Z-0.125000
G01 X132.437000 Y79.609000 Z-0.125000
G01 X128.664000 Y75.003000 Z-0.125000
G01 X134.300000 Y69.996000 Z-0.125000
G01 X140.025000 Y65.094000 Z-0.125000
G01 X140.818000 Y64.344000 Z-0.125000
G01 X141.515000 Y63.475000 Z-0.125000
G01 X141.939000 Y62.492000 Z-0.125000
G01 X141.916000 Y61.397000 Z-0.125000
G01 X141.862000 Y59.625000 Z-0.125000
G01 X142.034000 Y57.858000 Z-0.125000
G01 X142.703000 Y54.365000 Z-0.125000
G01 X143.185000 Y52.492000 Z-0.125000
G01 X143.823000 Y50.667000 Z-0.125000
G01 X144.661000 Y48.930000 Z-0.125000
G01 X145.740000 Y47.324000 Z-0.125000
G01 X146.976000 Y45.835000 Z-0.125000
G01 X148.338000 Y44.455000 Z-0.125000
G01 X149.816000 Y43.192000 Z-0.125000
G01 X151.395000 Y42.055000 Z-0.125000
G01 X153.063000 Y41.053000 Z-0.125000
G01 X154.809000 Y40.194000 Z-0.125000
G01 X156.618000 Y39.488000 Z-0.125000
G01 X158.480000 Y38.942000 Z-0.125000
G01 X160.585000 Y38.573000 Z-0.125000
G01 X162.718000 Y38.387000 Z-0.125000
G01 X164.860000 Y38.405000 Z-0.125000
G01 X166.990000 Y38.649000 Z-0.125000
G01 X167.698000 Y38.833000 Z-0.125000
G01 X167.987000 Y38.989000 Z-0.125000
G01 X167.975000 Y39.247000 Z-0.125000
G01 X165.180000 Y42.170000 Z-0.125000
G01 X162.175000 Y44.883000 Z-0.125000
G01 X159.180000 Y47.607000 Z-0.125000
G01 X156.420000 Y50.561000 Z-0.125000
G01 X155.908000 Y51.415000 Z-0.125000
G01 X155.859000 Y51.883000 Z-0.125000
G01 X156.085000 Y52.330000 Z-0.125000
G01 X157.859000 Y54.646000 Z-0.125000
G01 X159.744000 Y56.873000 Z-0.125000
G01 X163.662000 Y61.199000 Z-0.125000
G01 X166.554000 Y64.245000 Z-0.125000
G01 X169.625000 Y67.106000 Z-0.125000
G01 X170.158000 Y67.282000 Z-0.125000
G01 X170.686000 Y67.107000 Z-0.125000
G01 X171.667000 Y66.455000 Z-0.125000
G01 X174.226000 Y64.474000 Z-0.125000
G01 X176.667000 Y62.351000 Z-0.125000
G01 X179.093000 Y60.208000 Z-0.125000
G01 X181.605000 Y58.170000 Z-0.125000
G01 X182.614000 Y57.503000 Z-0.125000
G01 X183.159000 Y57.264000 Z-0.125000
G01 X183.760000 Y57.196000 Z-0.125000
G01 X184.095000 Y57.686000 Z-0.125000
G01 X184.193000 Y58.287000 Z-0.125000
G01 X184.137000 Y59.534000 Z-0.125000
G01 X183.619000 Y63.019000 Z-0.125000
G01 X182.751000 Y66.427000 Z-0.125000
G01 X181.423000 Y69.663000 Z-0.125000
G01 X180.551000 Y71.186000 Z-0.125000
G01 X179.524000 Y72.630000 Z-0.125000
G01 X177.493000 Y74.786000 Z-0.125000
G01 X175.167000 Y76.619000 Z-0.125000
G01 X172.618000 Y78.140000 Z-0.125000
G01 X169.919000 Y79.356000 Z-0.125000
G01 X167.256000 Y80.099000 Z-0.125000
G01 X164.519000 Y80.407000 Z-0.125000
G01 X161.751000 Y80.397000 Z-0.125000
G01 X158.997000 Y80.184000 Z-0.125000
G01 X156.352000 Y79.973000 Z-0.125000
G01 X148.748000 Y86.756000 Z-0.125000
G01 X141.047000 Y93.427000 Z-0.125000
G01 X140.990000 Y93.344000 Z-0.125000
G01 X140.939000 Y93.270000 Z-0.125000
G00 Z5.000000

(End cutting path id: path3)


(Start cutting path id: path3)
(Change tool to Default tool)

G00 Z5.000000
G00 X144.566000 Y90.610000

G01 Z-0.125000 F100.0(Penetrate)
G01 X129.006000 Y75.050000 Z-0.125000 F400.000000
G01 X128.857000 Y74.784000 Z-0.125000
G01 X128.922000 Y74.593000 Z-0.125000
G01 X129.128000 Y74.541000 Z-0.125000
G01 X129.400000 Y74.696000 Z-0.125000
G01 X144.685000 Y89.981000 Z-0.125000
G01 X144.958000 Y90.137000 Z-0.125000
G01 X145.166000 Y90.088000 Z-0.125000
G01 X145.233000 Y89.898000 Z-0.125000
G01 X145.085000 Y89.633000 Z-0.125000
G01 X129.795000 Y74.343000 Z-0.125000
G01 X129.646000 Y74.077000 Z-0.125000
G01 X129.711000 Y73.885000 Z-0.125000
G01 X129.917000 Y73.834000 Z-0.125000
G01 X130.189000 Y73.989000 Z-0.125000
G01 X145.485000 Y89.285000 Z-0.125000
G01 X145.758000 Y89.440000 Z-0.125000
G01 X145.964000 Y89.390000 Z-0.125000
G01 X146.031000 Y89.199000 Z-0.125000
G01 X145.882000 Y88.933000 Z-0.125000
G01 X130.584000 Y73.635000 Z-0.125000
G01 X130.435000 Y73.369000 Z-0.125000
G01 X130.501000 Y73.178000 Z-0.125000
G01 X130.706000 Y73.126000 Z-0.125000
G01 X130.979000 Y73.281000 Z-0.125000
G01 X146.279000 Y88.582000 Z-0.125000
G01 X146.552000 Y88.738000 Z-0.125000
G01 X146.758000 Y88.687000 Z-0.125000
G01 X146.825000 Y88.496000 Z-0.125000
G01 X146.676000 Y88.231000 Z-0.125000
G01 X131.373000 Y72.928000 Z-0.125000
G01 X131.224000 Y72.662000 Z-0.125000
G01 X131.290000 Y72.470000 Z-0.125000
G01 X131.496000 Y72.419000 Z-0.125000
G01 X131.768000 Y72.574000 Z-0.125000
G01 X147.073000 Y87.879000 Z-0.125000
G01 X147.346000 Y88.035000 Z-0.125000
G01 X147.552000 Y87.984000 Z-0.125000
G01 X147.619000 Y87.793000 Z-0.125000
G01 X147.470000 Y87.528000 Z-0.125000
G01 X132.163000 Y72.220000 Z-0.125000
G01 X132.014000 Y71.955000 Z-0.125000
G01 X132.080000 Y71.764000 Z-0.125000
G01 X132.287000 Y71.713000 Z-0.125000
G01 X132.560000 Y71.869000 Z-0.125000
G01 X147.867000 Y87.177000 Z-0.125000
G01 X148.140000 Y87.332000 Z-0.125000
G01 X148.347000 Y87.282000 Z-0.125000
G01 X148.413000 Y87.091000 Z-0.125000
G01 X148.264000 Y86.825000 Z-0.125000
G01 X132.957000 Y71.518000 Z-0.125000
G01 X132.808000 Y71.252000 Z-0.125000
G01 X132.875000 Y71.061000 Z-0.125000
G01 X133.081000 Y71.011000 Z-0.125000
G01 X133.354000 Y71.166000 Z-0.125000
G01 X148.661000 Y86.474000 Z-0.125000
G01 X148.933000 Y86.629000 Z-0.125000
G01 X149.139000 Y86.578000 Z-0.125000
G01 X149.205000 Y86.386000 Z-0.125000
G01 X149.057000 Y86.121000 Z-0.125000
G01 X133.751000 Y70.815000 Z-0.125000
G01 X133.603000 Y70.550000 Z-0.125000
G01 X133.670000 Y70.361000 Z-0.125000
G01 X133.878000 Y70.311000 Z-0.125000
G01 X134.151000 Y70.467000 Z-0.125000
G01 X149.452000 Y85.768000 Z-0.125000
G01 X149.725000 Y85.924000 Z-0.125000
G01 X149.931000 Y85.873000 Z-0.125000
G01 X149.997000 Y85.681000 Z-0.125000
G01 X149.848000 Y85.416000 Z-0.125000
G01 X134.552000 Y70.119000 Z-0.125000
G01 X134.404000 Y69.855000 Z-0.125000
G01 X134.471000 Y69.665000 Z-0.125000
G01 X134.679000 Y69.615000 Z-0.125000
G01 X134.952000 Y69.772000 Z-0.125000
G01 X150.244000 Y85.063000 Z-0.125000
G01 X150.516000 Y85.218000 Z-0.125000
G01 X150.722000 Y85.167000 Z-0.125000
G01 X150.788000 Y84.976000 Z-0.125000
G01 X150.640000 Y84.710000 Z-0.125000
G01 X135.353000 Y69.424000 Z-0.125000
G01 X135.205000 Y69.159000 Z-0.125000
G01 X135.273000 Y68.970000 Z-0.125000
G01 X135.481000 Y68.921000 Z-0.125000
G01 X135.755000 Y69.077000 Z-0.125000
G01 X151.035000 Y84.358000 Z-0.125000
G01 X151.308000 Y84.513000 Z-0.125000
G01 X151.514000 Y84.462000 Z-0.125000
G01 X151.580000 Y84.271000 Z-0.125000
G01 X151.431000 Y84.005000 Z-0.125000
G01 X136.158000 Y68.732000 Z-0.125000
G01 X136.011000 Y68.468000 Z-0.125000
G01 X136.079000 Y68.279000 Z-0.125000
G01 X136.288000 Y68.231000 Z-0.125000
G01 X136.562000 Y68.387000 Z-0.125000
G01 X151.827000 Y83.653000 Z-0.125000
G01 X152.099000 Y83.808000 Z-0.125000
G01 X152.305000 Y83.757000 Z-0.125000
G01 X152.371000 Y83.566000 Z-0.125000
G01 X152.223000 Y83.300000 Z-0.125000
G01 X136.965000 Y68.043000 Z-0.125000
G01 X136.818000 Y67.778000 Z-0.125000
G01 X136.886000 Y67.590000 Z-0.125000
G01 X137.095000 Y67.541000 Z-0.125000
G01 X137.369000 Y67.698000 Z-0.125000
G01 X152.618000 Y82.947000 Z-0.125000
G01 X152.891000 Y83.103000 Z-0.125000
G01 X153.097000 Y83.052000 Z-0.125000
G01 X153.163000 Y82.860000 Z-0.125000
G01 X153.014000 Y82.595000 Z-0.125000
G01 X137.775000 Y67.356000 Z-0.125000
G01 X137.629000 Y67.092000 Z-0.125000
G01 X137.698000 Y66.905000 Z-0.125000
G01 X137.909000 Y66.858000 Z-0.125000
G01 X138.183000 Y67.015000 Z-0.125000
G01 X153.410000 Y82.242000 Z-0.125000
G01 X153.682000 Y82.398000 Z-0.125000
G01 X153.888000 Y82.346000 Z-0.125000
G01 X153.954000 Y82.155000 Z-0.125000
G01 X153.806000 Y81.890000 Z-0.125000
G01 X138.590000 Y66.674000 Z-0.125000
G01 X138.443000 Y66.410000 Z-0.125000
G01 X138.513000 Y66.223000 Z-0.125000
G01 X138.723000 Y66.175000 Z-0.125000
G01 X138.997000 Y66.333000 Z-0.125000
G01 X154.201000 Y81.537000 Z-0.125000
G01 X154.474000 Y81.692000 Z-0.125000
G01 X154.680000 Y81.641000 Z-0.125000
G01 X154.746000 Y81.450000 Z-0.125000
G01 X154.597000 Y81.184000 Z-0.125000
G01 X139.405000 Y65.992000 Z-0.125000
G01 X139.257000 Y65.727000 Z-0.125000
G01 X139.325000 Y65.539000 Z-0.125000
G01 X139.534000 Y65.490000 Z-0.125000
G01 X139.808000 Y65.647000 Z-0.125000
G01 X154.993000 Y80.832000 Z-0.125000
G01 X155.265000 Y80.987000 Z-0.125000
G01 X155.471000 Y80.936000 Z-0.125000
G01 X155.537000 Y80.745000 Z-0.125000
G01 X155.388000 Y80.479000 Z-0.125000
G01 X140.205000 Y65.295000 Z-0.125000
G01 X140.055000 Y65.028000 Z-0.125000
G01 X140.118000 Y64.834000 Z-0.125000
G01 X140.322000 Y64.781000 Z-0.125000
G01 X140.593000 Y64.935000 Z-0.125000
G01 X155.784000 Y80.126000 Z-0.125000
G01 X156.067000 Y80.292000 Z-0.125000
G01 X156.295000 Y80.264000 Z-0.125000
G01 X156.384000 Y80.095000 Z-0.125000
G01 X156.245000 Y79.839000 Z-0.125000
G01 X140.969000 Y64.563000 Z-0.125000
G01 X140.814000 Y64.291000 Z-0.125000
G01 X140.865000 Y64.085000 Z-0.125000
G01 X141.057000 Y64.019000 Z-0.125000
G01 X141.323000 Y64.168000 Z-0.125000
G01 X157.058000 Y79.904000 Z-0.125000
G01 X157.745000 Y80.217000 Z-0.125000
G01 X157.955000 Y80.169000 Z-0.125000
G01 X157.871000 Y79.968000 Z-0.125000
G01 X141.648000 Y63.746000 Z-0.125000
G01 X141.480000 Y63.461000 Z-0.125000
G01 X141.504000 Y63.227000 Z-0.125000
G01 X141.668000 Y63.133000 Z-0.125000
G01 X141.921000 Y63.269000 Z-0.125000
G01 X158.684000 Y80.033000 Z-0.125000
G01 X159.371000 Y80.346000 Z-0.125000
G01 X159.581000 Y80.298000 Z-0.125000
G01 X159.497000 Y80.098000 Z-0.125000
G01 X142.104000 Y62.704000 Z-0.125000
G01 X141.829000 Y62.055000 Z-0.125000
G01 X141.903000 Y61.872000 Z-0.125000
G01 X142.115000 Y61.967000 Z-0.125000
G01 X160.310000 Y80.162000 Z-0.125000
G01 X160.994000 Y80.472000 Z-0.125000
G01 X161.201000 Y80.422000 Z-0.125000
G01 X161.116000 Y80.220000 Z-0.125000
G01 X141.991000 Y61.095000 Z-0.125000
G01 X141.709000 Y60.439000 Z-0.125000
G01 X141.779000 Y60.251000 Z-0.125000
G01 X141.989000 Y60.344000 Z-0.125000
G01 X161.912000 Y80.267000 Z-0.125000
G01 X162.579000 Y80.560000 Z-0.125000
G01 X162.774000 Y80.498000 Z-0.125000
G01 X162.684000 Y80.291000 Z-0.125000
G01 X142.030000 Y59.637000 Z-0.125000
G01 X141.829000 Y59.319000 Z-0.125000
G01 X141.781000 Y59.014000 Z-0.125000
G01 X141.873000 Y58.848000 Z-0.125000
G01 X142.093000 Y58.952000 Z-0.125000
G01 X163.433000 Y80.292000 Z-0.125000
G01 X163.757000 Y80.499000 Z-0.125000
G01 X164.078000 Y80.562000 Z-0.125000
G01 X164.258000 Y80.485000 Z-0.125000
G01 X164.161000 Y80.271000 Z-0.125000
G01 X142.174000 Y58.284000 Z-0.125000
G01 X141.978000 Y57.971000 Z-0.125000
G01 X141.940000 Y57.676000 Z-0.125000
G01 X142.042000 Y57.521000 Z-0.125000
G01 X142.267000 Y57.629000 Z-0.125000
G01 X164.868000 Y80.230000 Z-0.125000
G01 X165.185000 Y80.430000 Z-0.125000
G01 X165.490000 Y80.478000 Z-0.125000
G01 X165.654000 Y80.385000 Z-0.125000
G01 X165.550000 Y80.164000 Z-0.125000
G01 X142.371000 Y56.984000 Z-0.125000
G01 X142.178000 Y56.675000 Z-0.125000
G01 X142.148000 Y56.388000 Z-0.125000
G01 X142.259000 Y56.241000 Z-0.125000
G01 X142.487000 Y56.353000 Z-0.125000
G01 X166.214000 Y80.079000 Z-0.125000
G01 X166.524000 Y80.273000 Z-0.125000
G01 X166.815000 Y80.306000 Z-0.125000
G01 X166.965000 Y80.199000 Z-0.125000
G01 X166.855000 Y79.972000 Z-0.125000
G01 X142.611000 Y55.728000 Z-0.125000
G01 X142.421000 Y55.421000 Z-0.125000
G01 X142.396000 Y55.138000 Z-0.125000
G01 X142.511000 Y54.996000 Z-0.125000
G01 X142.742000 Y55.110000 Z-0.125000
G01 X167.478000 Y79.846000 Z-0.125000
G01 X167.782000 Y80.034000 Z-0.125000
G01 X168.060000 Y80.054000 Z-0.125000
G01 X168.197000 Y79.934000 Z-0.125000
G01 X168.080000 Y79.701000 Z-0.125000
G01 X142.882000 Y54.502000 Z-0.125000
G01 X142.695000 Y54.198000 Z-0.125000
G01 X142.676000 Y53.922000 Z-0.125000
G01 X142.797000 Y53.786000 Z-0.125000
G01 X143.031000 Y53.902000 Z-0.125000
G01 X168.667000 Y79.539000 Z-0.125000
G01 X168.966000 Y79.721000 Z-0.125000
G01 X169.232000 Y79.729000 Z-0.125000
G01 X169.357000 Y79.597000 Z-0.125000
G01 X169.235000 Y79.359000 Z-0.125000
G01 X143.186000 Y53.310000 Z-0.125000
G01 X143.001000 Y53.008000 Z-0.125000
G01 X142.988000 Y52.737000 Z-0.125000
G01 X143.114000 Y52.606000 Z-0.125000
G01 X143.350000 Y52.726000 Z-0.125000
G01 X169.790000 Y79.165000 Z-0.125000
G01 X170.084000 Y79.342000 Z-0.125000
G01 X170.340000 Y79.341000 Z-0.125000
G01 X170.455000 Y79.199000 Z-0.125000
G01 X170.329000 Y78.956000 Z-0.125000
G01 X143.527000 Y52.154000 Z-0.125000
G01 X143.346000 Y51.856000 Z-0.125000
G01 X143.340000 Y51.592000 Z-0.125000
G01 X143.474000 Y51.469000 Z-0.125000
G01 X143.714000 Y51.592000 Z-0.125000
G01 X170.855000 Y78.734000 Z-0.125000
G01 X171.146000 Y78.908000 Z-0.125000
G01 X171.393000 Y78.898000 Z-0.125000
G01 X171.500000 Y78.747000 Z-0.125000
G01 X171.370000 Y78.500000 Z-0.125000
G01 X143.911000 Y51.041000 Z-0.125000
G01 X143.734000 Y50.747000 Z-0.125000
G01 X143.738000 Y50.494000 Z-0.125000
G01 X143.882000 Y50.381000 Z-0.125000
G01 X144.127000 Y50.508000 Z-0.125000
G01 X171.874000 Y78.256000 Z-0.125000
G01 X172.162000 Y78.426000 Z-0.125000
G01 X172.401000 Y78.409000 Z-0.125000
G01 X172.501000 Y78.251000 Z-0.125000
G01 X172.367000 Y78.001000 Z-0.125000
G01 X144.365000 Y49.998000 Z-0.125000
G01 X144.195000 Y49.711000 Z-0.125000
G01 X144.215000 Y49.474000 Z-0.125000
G01 X144.375000 Y49.377000 Z-0.125000
G01 X144.626000 Y49.511000 Z-0.125000
G01 X172.852000 Y77.737000 Z-0.125000
G01 X173.136000 Y77.905000 Z-0.125000
G01 X173.370000 Y77.881000 Z-0.125000
G01 X173.464000 Y77.718000 Z-0.125000
G01 X173.328000 Y77.465000 Z-0.125000
G01 X144.901000 Y49.037000 Z-0.125000
G01 X144.735000 Y48.755000 Z-0.125000
G01 X144.763000 Y48.526000 Z-0.125000
G01 X144.932000 Y48.438000 Z-0.125000
G01 X145.188000 Y48.576000 Z-0.125000
G01 X173.795000 Y77.183000 Z-0.125000
G01 X174.078000 Y77.349000 Z-0.125000
G01 X174.307000 Y77.321000 Z-0.125000
G01 X174.397000 Y77.153000 Z-0.125000
G01 X174.259000 Y76.898000 Z-0.125000
G01 X145.487000 Y48.127000 Z-0.125000
G01 X145.325000 Y47.848000 Z-0.125000
G01 X145.361000 Y47.627000 Z-0.125000
G01 X145.538000 Y47.546000 Z-0.125000
G01 X145.797000 Y47.688000 Z-0.125000
G01 X174.713000 Y76.605000 Z-0.125000
G01 X174.993000 Y76.768000 Z-0.125000
G01 X175.217000 Y76.734000 Z-0.125000
G01 X175.300000 Y76.560000 Z-0.125000
G01 X175.159000 Y76.302000 Z-0.125000
G01 X146.117000 Y47.261000 Z-0.125000
G01 X145.959000 Y46.985000 Z-0.125000
G01 X146.002000 Y46.771000 Z-0.125000
G01 X146.186000 Y46.698000 Z-0.125000
G01 X146.448000 Y46.843000 Z-0.125000
G01 X175.597000 Y75.991000 Z-0.125000
G01 X175.874000 Y76.152000 Z-0.125000
G01 X176.091000 Y76.112000 Z-0.125000
G01 X176.169000 Y75.932000 Z-0.125000
G01 X176.025000 Y75.672000 Z-0.125000
G01 X146.788000 Y46.435000 Z-0.125000
G01 X146.633000 Y46.162000 Z-0.125000
G01 X146.683000 Y45.956000 Z-0.125000
G01 X146.874000 Y45.889000 Z-0.125000
G01 X147.139000 Y46.037000 Z-0.125000
G01 X176.444000 Y75.342000 Z-0.125000
G01 X176.719000 Y75.500000 Z-0.125000
G01 X176.929000 Y75.453000 Z-0.125000
G01 X177.000000 Y75.267000 Z-0.125000
G01 X176.853000 Y75.003000 Z-0.125000
G01 X147.500000 Y45.650000 Z-0.125000
G01 X147.347000 Y45.380000 Z-0.125000
G01 X147.404000 Y45.180000 Z-0.125000
G01 X147.601000 Y45.120000 Z-0.125000
G01 X147.870000 Y45.271000 Z-0.125000
G01 X177.253000 Y74.654000 Z-0.125000
G01 X177.524000 Y74.809000 Z-0.125000
G01 X177.728000 Y74.755000 Z-0.125000
G01 X177.792000 Y74.562000 Z-0.125000
G01 X177.642000 Y74.295000 Z-0.125000
G01 X170.705000 Y67.358000 Z-0.125000
G01 X170.569000 Y67.106000 Z-0.125000
G01 X170.664000 Y66.943000 Z-0.125000
G01 X170.900000 Y66.921000 Z-0.125000
G01 X171.185000 Y67.090000 Z-0.125000
G01 X178.021000 Y73.925000 Z-0.125000
G01 X178.289000 Y74.077000 Z-0.125000
G01 X178.485000 Y74.016000 Z-0.125000
G01 X178.542000 Y73.815000 Z-0.125000
G01 X178.389000 Y73.545000 Z-0.125000
G01 X171.638000 Y66.794000 Z-0.125000
G01 X171.496000 Y66.535000 Z-0.125000
G01 X171.576000 Y66.359000 Z-0.125000
G01 X171.797000 Y66.322000 Z-0.125000
G01 X172.076000 Y66.484000 Z-0.125000
G01 X178.745000 Y73.153000 Z-0.125000
G01 X179.009000 Y73.300000 Z-0.125000
G01 X179.198000 Y73.232000 Z-0.125000
G01 X179.246000 Y73.023000 Z-0.125000
G01 X179.090000 Y72.749000 Z-0.125000
G01 X172.506000 Y66.166000 Z-0.125000
G01 X172.362000 Y65.905000 Z-0.125000
G01 X172.438000 Y65.724000 Z-0.125000
G01 X172.654000 Y65.682000 Z-0.125000
G01 X172.931000 Y65.842000 Z-0.125000
G01 X179.423000 Y72.335000 Z-0.125000
G01 X179.684000 Y72.479000 Z-0.125000
G01 X179.865000 Y72.402000 Z-0.125000
G01 X179.906000 Y72.186000 Z-0.125000
G01 X179.745000 Y71.908000 Z-0.125000
G01 X173.348000 Y65.511000 Z-0.125000
G01 X173.203000 Y65.249000 Z-0.125000
G01 X173.276000 Y65.065000 Z-0.125000
G01 X173.490000 Y65.021000 Z-0.125000
G01 X173.765000 Y65.180000 Z-0.125000
G01 X180.056000 Y71.470000 Z-0.125000
G01 X180.313000 Y71.611000 Z-0.125000
G01 X180.486000 Y71.526000 Z-0.125000
G01 X180.518000 Y71.302000 Z-0.125000
G01 X180.354000 Y71.021000 Z-0.125000
G01 X174.178000 Y64.844000 Z-0.125000
G01 X174.031000 Y64.581000 Z-0.125000
G01 X174.102000 Y64.394000 Z-0.125000
G01 X174.312000 Y64.347000 Z-0.125000
G01 X174.587000 Y64.505000 Z-0.125000
G01 X180.641000 Y70.559000 Z-0.125000
G01 X180.895000 Y70.696000 Z-0.125000
G01 X181.059000 Y70.603000 Z-0.125000
G01 X181.084000 Y70.370000 Z-0.125000
G01 X180.916000 Y70.086000 Z-0.125000
G01 X174.996000 Y64.165000 Z-0.125000
G01 X174.848000 Y63.901000 Z-0.125000
G01 X174.917000 Y63.712000 Z-0.125000
G01 X175.126000 Y63.664000 Z-0.125000
G01 X175.399000 Y63.820000 Z-0.125000
G01 X181.179000 Y69.600000 Z-0.125000
G01 X181.429000 Y69.733000 Z-0.125000
G01 X181.585000 Y69.632000 Z-0.125000
G01 X181.602000 Y69.391000 Z-0.125000
G01 X181.430000 Y69.103000 Z-0.125000
G01 X175.801000 Y63.474000 Z-0.125000
G01 X175.654000 Y63.209000 Z-0.125000
G01 X175.722000 Y63.020000 Z-0.125000
G01 X175.930000 Y62.971000 Z-0.125000
G01 X176.203000 Y63.128000 Z-0.125000
G01 X181.670000 Y68.594000 Z-0.125000
G01 X181.916000 Y68.723000 Z-0.125000
G01 X182.064000 Y68.614000 Z-0.125000
G01 X182.072000 Y68.365000 Z-0.125000
G01 X181.897000 Y68.073000 Z-0.125000
G01 X176.600000 Y62.776000 Z-0.125000
G01 X176.451000 Y62.511000 Z-0.125000
G01 X176.517000 Y62.319000 Z-0.125000
G01 X176.723000 Y62.268000 Z-0.125000
G01 X176.995000 Y62.423000 Z-0.125000
G01 X182.113000 Y67.541000 Z-0.125000
G01 X182.356000 Y67.667000 Z-0.125000
G01 X182.496000 Y67.550000 Z-0.125000
G01 X182.496000 Y67.293000 Z-0.125000
G01 X182.318000 Y66.997000 Z-0.125000
G01 X177.391000 Y62.070000 Z-0.125000
G01 X177.242000 Y61.805000 Z-0.125000
G01 X177.308000 Y61.613000 Z-0.125000
G01 X177.514000 Y61.562000 Z-0.125000
G01 X177.786000 Y61.717000 Z-0.125000
G01 X182.511000 Y66.442000 Z-0.125000
G01 X182.750000 Y66.564000 Z-0.125000
G01 X182.883000 Y66.440000 Z-0.125000
G01 X182.875000 Y66.175000 Z-0.125000
G01 X182.693000 Y65.876000 Z-0.125000
G01 X178.180000 Y61.363000 Z-0.125000
G01 X178.031000 Y61.097000 Z-0.125000
G01 X178.097000 Y60.905000 Z-0.125000
G01 X178.302000 Y60.854000 Z-0.125000
G01 X178.574000 Y61.009000 Z-0.125000
G01 X182.865000 Y65.299000 Z-0.125000
G01 X183.100000 Y65.418000 Z-0.125000
G01 X183.226000 Y65.286000 Z-0.125000
G01 X183.211000 Y65.014000 Z-0.125000
G01 X183.026000 Y64.712000 Z-0.125000
G01 X178.972000 Y60.658000 Z-0.125000
G01 X178.825000 Y60.394000 Z-0.125000
G01 X178.892000 Y60.204000 Z-0.125000
G01 X179.100000 Y60.154000 Z-0.125000
G01 X179.373000 Y60.310000 Z-0.125000
G01 X183.177000 Y64.115000 Z-0.125000
G01 X183.409000 Y64.230000 Z-0.125000
G01 X183.527000 Y64.091000 Z-0.125000
G01 X183.505000 Y63.811000 Z-0.125000
G01 X183.316000 Y63.506000 Z-0.125000
G01 X179.773000 Y59.962000 Z-0.125000
G01 X179.625000 Y59.698000 Z-0.125000
G01 X179.695000 Y59.510000 Z-0.125000
G01 X179.904000 Y59.462000 Z-0.125000
G01 X180.178000 Y59.619000 Z-0.125000
G01 X183.446000 Y62.887000 Z-0.125000
G01 X183.675000 Y62.999000 Z-0.125000
G01 X183.787000 Y62.854000 Z-0.125000
G01 X183.758000 Y62.567000 Z-0.125000
G01 X183.566000 Y62.259000 Z-0.125000
G01 X180.588000 Y59.281000 Z-0.125000
G01 X180.443000 Y59.018000 Z-0.125000
G01 X180.515000 Y58.833000 Z-0.125000
G01 X180.728000 Y58.789000 Z-0.125000
G01 X181.003000 Y58.947000 Z-0.125000
G01 X183.677000 Y61.621000 Z-0.125000
G01 X183.904000 Y61.731000 Z-0.125000
G01 X184.009000 Y61.579000 Z-0.125000
G01 X183.974000 Y61.287000 Z-0.125000
G01 X183.779000 Y60.975000 Z-0.125000
G01 X181.425000 Y58.621000 Z-0.125000
G01 X181.282000 Y58.361000 Z-0.125000
G01 X181.359000 Y58.181000 Z-0.125000
G01 X181.578000 Y58.142000 Z-0.125000
G01 X181.855000 Y58.303000 Z-0.125000
G01 X183.873000 Y60.321000 Z-0.125000
G01 X184.097000 Y60.427000 Z-0.125000
G01 X184.195000 Y60.269000 Z-0.125000
G01 X184.153000 Y59.969000 Z-0.125000
G01 X183.956000 Y59.655000 Z-0.125000
G01 X182.297000 Y57.996000 Z-0.125000
G01 X182.160000 Y57.742000 Z-0.125000
G01 X182.250000 Y57.575000 Z-0.125000
G01 X182.481000 Y57.548000 Z-0.125000
G01 X182.764000 Y57.715000 Z-0.125000
G01 X184.016000 Y58.967000 Z-0.125000
G01 X184.230000 Y59.064000 Z-0.125000
G01 X184.308000 Y58.885000 Z-0.125000
G01 X184.246000 Y58.566000 Z-0.125000
G01 X184.040000 Y58.242000 Z-0.125000
G01 X183.265000 Y57.468000 Z-0.125000
G01 X183.147000 Y57.233000 Z-0.125000
G01 X183.281000 Y57.109000 Z-0.125000
G01 X183.555000 Y57.126000 Z-0.125000
G01 X183.858000 Y57.312000 Z-0.125000
G01 X184.238000 Y57.692000 Z-0.125000
G00 Z5.000000

(End cutting path id: path3)


(Start cutting path id: path3)
(Change tool to Default tool)

G00 Z5.000000
G00 X158.260000 Y54.914000

G01 Z-0.125000 F100.0(Penetrate)
G01 X148.247000 Y44.900000 Z-0.125000 F400.000000
G01 X148.096000 Y44.633000 Z-0.125000
G01 X148.159000 Y44.438000 Z-0.125000
G01 X148.362000 Y44.384000 Z-0.125000
G01 X148.633000 Y44.538000 Z-0.125000
G01 X155.781000 Y51.686000 Z-0.125000
G01 X155.999000 Y51.787000 Z-0.125000
G01 X156.087000 Y51.618000 Z-0.125000
G01 X156.034000 Y51.307000 Z-0.125000
G01 X155.831000 Y50.988000 Z-0.125000
G01 X149.028000 Y44.184000 Z-0.125000
G01 X148.880000 Y43.920000 Z-0.125000
G01 X148.949000 Y43.732000 Z-0.125000
G01 X149.158000 Y43.683000 Z-0.125000
G01 X149.432000 Y43.840000 Z-0.125000
G01 X156.121000 Y50.530000 Z-0.125000
G01 X156.382000 Y50.674000 Z-0.125000
G01 X156.563000 Y50.598000 Z-0.125000
G01 X156.604000 Y50.381000 Z-0.125000
G01 X156.444000 Y50.104000 Z-0.125000
G01 X149.845000 Y43.505000 Z-0.125000
G01 X149.700000 Y43.243000 Z-0.125000
G01 X149.775000 Y43.061000 Z-0.125000
G01 X149.990000 Y43.018000 Z-0.125000
G01 X150.266000 Y43.178000 Z-0.125000
G01 X156.785000 Y49.697000 Z-0.125000
G01 X157.051000 Y49.846000 Z-0.125000
G01 X157.242000 Y49.780000 Z-0.125000
G01 X157.293000 Y49.574000 Z-0.125000
G01 X157.138000 Y49.301000 Z-0.125000
G01 X150.695000 Y42.859000 Z-0.125000
G01 X150.553000 Y42.599000 Z-0.125000
G01 X150.633000 Y42.422000 Z-0.125000
G01 X150.854000 Y42.386000 Z-0.125000
G01 X151.133000 Y42.548000 Z-0.125000
G01 X157.499000 Y48.914000 Z-0.125000
G01 X157.767000 Y49.065000 Z-0.125000
G01 X157.963000 Y49.004000 Z-0.125000
G01 X158.019000 Y48.803000 Z-0.125000
G01 X157.866000 Y48.533000 Z-0.125000
G01 X151.578000 Y42.245000 Z-0.125000
G01 X151.439000 Y41.989000 Z-0.125000
G01 X151.525000 Y41.818000 Z-0.125000
G01 X151.752000 Y41.787000 Z-0.125000
G01 X152.034000 Y41.952000 Z-0.125000
G01 X158.238000 Y48.157000 Z-0.125000
G01 X158.508000 Y48.309000 Z-0.125000
G01 X158.707000 Y48.251000 Z-0.125000
G01 X158.766000 Y48.053000 Z-0.125000
G01 X158.615000 Y47.785000 Z-0.125000
G01 X152.498000 Y41.668000 Z-0.125000
G01 X152.361000 Y41.414000 Z-0.125000
G01 X152.454000 Y41.250000 Z-0.125000
G01 X152.687000 Y41.225000 Z-0.125000
G01 X152.971000 Y41.393000 Z-0.125000
G01 X158.996000 Y47.417000 Z-0.125000
G01 X159.266000 Y47.571000 Z-0.125000
G01 X159.468000 Y47.516000 Z-0.125000
G01 X159.530000 Y47.321000 Z-0.125000
G01 X159.380000 Y47.053000 Z-0.125000
G01 X153.453000 Y41.126000 Z-0.125000
G01 X153.319000 Y40.876000 Z-0.125000
G01 X153.418000 Y40.717000 Z-0.125000
G01 X153.657000 Y40.699000 Z-0.125000
G01 X153.944000 Y40.869000 Z-0.125000
G01 X159.766000 Y46.691000 Z-0.125000
G01 X160.037000 Y46.845000 Z-0.125000
G01 X160.242000 Y46.792000 Z-0.125000
G01 X160.306000 Y46.599000 Z-0.125000
G01 X160.156000 Y46.333000 Z-0.125000
G01 X154.445000 Y40.621000 Z-0.125000
G01 X154.314000 Y40.374000 Z-0.125000
G01 X154.419000 Y40.222000 Z-0.125000
G01 X154.665000 Y40.210000 Z-0.125000
G01 X154.955000 Y40.383000 Z-0.125000
G01 X160.548000 Y45.976000 Z-0.125000
G01 X160.820000 Y46.131000 Z-0.125000
G01 X161.026000 Y46.080000 Z-0.125000
G01 X161.091000 Y45.888000 Z-0.125000
G01 X160.942000 Y45.622000 Z-0.125000
G01 X155.478000 Y40.158000 Z-0.125000
G01 X155.351000 Y39.914000 Z-0.125000
G01 X155.464000 Y39.770000 Z-0.125000
G01 X155.718000 Y39.766000 Z-0.125000
G01 X156.011000 Y39.943000 Z-0.125000
G01 X161.339000 Y45.270000 Z-0.125000
G01 X161.611000 Y45.426000 Z-0.125000
G01 X161.818000 Y45.376000 Z-0.125000
G01 X161.885000 Y45.185000 Z-0.125000
G01 X161.737000 Y44.920000 Z-0.125000
G01 X156.557000 Y39.740000 Z-0.125000
G01 X156.433000 Y39.499000 Z-0.125000
G01 X156.555000 Y39.364000 Z-0.125000
G01 X156.817000 Y39.368000 Z-0.125000
G01 X157.114000 Y39.549000 Z-0.125000
G01 X162.134000 Y44.569000 Z-0.125000
G01 X162.407000 Y44.725000 Z-0.125000
G01 X162.613000 Y44.674000 Z-0.125000
G01 X162.680000 Y44.483000 Z-0.125000
G01 X162.531000 Y44.218000 Z-0.125000
G01 X157.685000 Y39.371000 Z-0.125000
G01 X157.566000 Y39.135000 Z-0.125000
G01 X157.697000 Y39.009000 Z-0.125000
G01 X157.968000 Y39.023000 Z-0.125000
G01 X158.270000 Y39.208000 Z-0.125000
G01 X162.928000 Y43.866000 Z-0.125000
G01 X163.201000 Y44.022000 Z-0.125000
G01 X163.406000 Y43.970000 Z-0.125000
G01 X163.472000 Y43.778000 Z-0.125000
G01 X163.323000 Y43.513000 Z-0.125000
G01 X158.870000 Y39.060000 Z-0.125000
G01 X158.757000 Y38.829000 Z-0.125000
G01 X158.899000 Y38.714000 Z-0.125000
G01 X159.181000 Y38.739000 Z-0.125000
G01 X159.488000 Y38.929000 Z-0.125000
G01 X163.714000 Y43.156000 Z-0.125000
G01 X163.986000 Y43.310000 Z-0.125000
G01 X164.191000 Y43.258000 Z-0.125000
G01 X164.255000 Y43.065000 Z-0.125000
G01 X164.106000 Y42.799000 Z-0.125000
G01 X160.125000 Y38.818000 Z-0.125000
G01 X160.017000 Y38.593000 Z-0.125000
G01 X160.172000 Y38.491000 Z-0.125000
G01 X160.468000 Y38.530000 Z-0.125000
G01 X160.781000 Y38.726000 Z-0.125000
G01 X164.494000 Y42.439000 Z-0.125000
G01 X164.765000 Y42.593000 Z-0.125000
G01 X164.968000 Y42.538000 Z-0.125000
G01 X165.030000 Y42.343000 Z-0.125000
G01 X164.879000 Y42.076000 Z-0.125000
G01 X161.455000 Y38.651000 Z-0.125000
G01 X161.352000 Y38.431000 Z-0.125000
G01 X161.519000 Y38.341000 Z-0.125000
G01 X161.827000 Y38.391000 Z-0.125000
G01 X162.145000 Y38.593000 Z-0.125000
G01 X165.264000 Y41.712000 Z-0.125000
G01 X165.534000 Y41.865000 Z-0.125000
G01 X165.735000 Y41.809000 Z-0.125000
G01 X165.796000 Y41.612000 Z-0.125000
G01 X165.644000 Y41.344000 Z-0.125000
G01 X162.852000 Y38.552000 Z-0.125000
G01 X162.755000 Y38.338000 Z-0.125000
G01 X162.934000 Y38.259000 Z-0.125000
G01 X163.254000 Y38.322000 Z-0.125000
G01 X163.577000 Y38.529000 Z-0.125000
G01 X166.022000 Y40.973000 Z-0.125000
G01 X166.291000 Y41.125000 Z-0.125000
G01 X166.490000 Y41.067000 Z-0.125000
G01 X166.549000 Y40.869000 Z-0.125000
G01 X166.398000 Y40.601000 Z-0.125000
G01 X164.323000 Y38.526000 Z-0.125000
G01 X164.232000 Y38.318000 Z-0.125000
G01 X164.426000 Y38.255000 Z-0.125000
G01 X165.091000 Y38.545000 Z-0.125000
G01 X166.767000 Y40.221000 Z-0.125000
G01 X167.034000 Y40.372000 Z-0.125000
G01 X167.229000 Y40.309000 Z-0.125000
G01 X167.283000 Y40.106000 Z-0.125000
G01 X167.129000 Y39.835000 Z-0.125000
G01 X165.895000 Y38.601000 Z-0.125000
G01 X165.816000 Y38.405000 Z-0.125000
G01 X166.036000 Y38.368000 Z-0.125000
G01 X166.739000 Y38.697000 Z-0.125000
G01 X167.481000 Y39.439000 Z-0.125000
G01 X167.743000 Y39.584000 Z-0.125000
G01 X167.928000 Y39.511000 Z-0.125000
G01 X167.972000 Y39.298000 Z-0.125000
G01 X167.813000 Y39.023000 Z-0.125000
G01 X167.397000 Y38.606000 Z-0.125000
G00 Z5.000000

(End cutting path id: path3)


(Start cutting path id: path3)
(Change tool to Default tool)

G00 Z5.000000
G00 X160.045000 Y38.372000

G01 Z-0.125000 F100.0(Penetrate)
G01 X157.610000 Y38.892000 Z-0.125000 F400.000000
G01 X155.203000 Y39.732000 Z-0.125000
G01 X152.872000 Y40.857000 Z-0.125000
G01 X150.663000 Y42.237000 Z-0.125000
G01 X148.623000 Y43.838000 Z-0.125000
G01 X146.797000 Y45.627000 Z-0.125000
G01 X145.231000 Y47.573000 Z-0.125000
G01 X143.974000 Y49.643000 Z-0.125000
G01 X142.963000 Y52.336000 Z-0.125000
G01 X142.126000 Y55.779000 Z-0.125000
G01 X141.634000 Y59.105000 Z-0.125000
G01 X141.570000 Y60.452000 Z-0.125000
G01 X141.657000 Y61.444000 Z-0.125000
G01 X141.692000 Y62.408000 Z-0.125000
G01 X141.276000 Y63.366000 Z-0.125000
G01 X140.293000 Y64.491000 Z-0.125000
G01 X138.628000 Y65.954000 Z-0.125000
G01 X131.764000 Y71.868000 Z-0.125000
G01 X128.298000 Y74.975000 Z-0.125000
G01 X132.124000 Y79.628000 Z-0.125000
G01 X135.530000 Y84.310000 Z-0.125000
G01 X137.114000 Y86.819000 Z-0.125000
G01 X138.347000 Y89.030000 Z-0.125000
G01 X140.115000 Y92.383000 Z-0.125000
G01 X141.001000 Y93.778000 Z-0.125000
G01 X148.851000 Y87.012000 Z-0.125000
G01 X156.444000 Y80.246000 Z-0.125000
G01 X160.972000 Y80.606000 Z-0.125000
G01 X164.771000 Y80.668000 Z-0.125000
G01 X166.503000 Y80.492000 Z-0.125000
G01 X168.164000 Y80.168000 Z-0.125000
G01 X169.781000 Y79.690000 Z-0.125000
G01 X171.385000 Y79.049000 Z-0.125000
G01 X174.671000 Y77.253000 Z-0.125000
G01 X176.645000 Y75.858000 Z-0.125000
G01 X178.370000 Y74.325000 Z-0.125000
G01 X179.861000 Y72.631000 Z-0.125000
G01 X181.128000 Y70.755000 Z-0.125000
G01 X182.187000 Y68.675000 Z-0.125000
G01 X183.049000 Y66.367000 Z-0.125000
G01 X183.727000 Y63.811000 Z-0.125000
G01 X184.235000 Y60.985000 Z-0.125000
G01 X184.436000 Y59.159000 Z-0.125000
G01 X184.408000 Y57.868000 Z-0.125000
G01 X184.111000 Y57.117000 Z-0.125000
G01 X183.849000 Y56.945000 Z-0.125000
G01 X183.504000 Y56.909000 Z-0.125000
G01 X182.546000 Y57.247000 Z-0.125000
G01 X181.197000 Y58.133000 Z-0.125000
G01 X177.160000 Y61.568000 Z-0.125000
G01 X172.562000 Y65.463000 Z-0.125000
G01 X170.940000 Y66.633000 Z-0.125000
G01 X170.079000 Y67.044000 Z-0.125000
G01 X169.220000 Y66.442000 Z-0.125000
G01 X167.570000 Y64.884000 Z-0.125000
G01 X162.973000 Y60.066000 Z-0.125000
G01 X158.437000 Y54.932000 Z-0.125000
G01 X156.863000 Y52.978000 Z-0.125000
G01 X156.111000 Y51.823000 Z-0.125000
G01 X156.147000 Y51.509000 Z-0.125000
G01 X156.416000 Y51.021000 Z-0.125000
G01 X157.604000 Y49.575000 Z-0.125000
G01 X159.575000 Y47.597000 Z-0.125000
G01 X162.226000 Y45.195000 Z-0.125000
G01 X166.710000 Y41.040000 Z-0.125000
G01 X167.996000 Y39.650000 Z-0.125000
G01 X168.376000 Y38.991000 Z-0.125000
G01 X168.020000 Y38.701000 Z-0.125000
G01 X167.372000 Y38.465000 Z-0.125000
G01 X165.393000 Y38.168000 Z-0.125000
G01 X162.823000 Y38.127000 Z-0.125000
G01 X160.045000 Y38.372000 Z-0.125000
G01 X160.045000 Y38.372000 Z-0.125000
G00 Z5.000000

(End cutting path id: path3)


(Start cutting path id: path3)
(Change tool to Default tool)

G00 Z5.000000
G00 X160.354000 Y31.380000

G01 Z-0.125000 F100.0(Penetrate)
G01 X154.225000 Y31.178000 Z-0.125000 F400.000000
G01 X154.054000 Y25.750000 Z-0.125000
G01 X153.926000 Y23.039000 Z-0.125000
G01 X153.666000 Y20.339000 Z-0.125000
G01 X153.482000 Y19.463000 Z-0.125000
G01 X153.154000 Y18.635000 Z-0.125000
G01 X152.678000 Y17.887000 Z-0.125000
G01 X152.049000 Y17.252000 Z-0.125000
G01 X151.408000 Y16.140000 Z-0.125000
G01 X151.125000 Y14.891000 Z-0.125000
G01 X150.998000 Y12.300000 Z-0.125000
G01 X151.027000 Y9.036000 Z-0.125000
G01 X151.139000 Y7.409000 Z-0.125000
G01 X151.395000 Y5.802000 Z-0.125000
G01 X152.200000 Y5.457000 Z-0.125000
G01 X153.083000 Y5.388000 Z-0.125000
G01 X153.977000 Y5.523000 Z-0.125000
G01 X154.818000 Y5.789000 Z-0.125000
G01 X155.421000 Y6.244000 Z-0.125000
G01 X155.731000 Y6.919000 Z-0.125000
G01 X156.025000 Y8.437000 Z-0.125000
G01 X156.414000 Y12.852000 Z-0.125000
G01 X156.598000 Y17.284000 Z-0.125000
G01 X165.754000 Y17.284000 Z-0.125000
G01 X165.947000 Y12.142000 Z-0.125000
G01 X166.108000 Y9.583000 Z-0.125000
G01 X166.444000 Y7.064000 Z-0.125000
G01 X166.688000 Y6.129000 Z-0.125000
G01 X166.892000 Y5.703000 Z-0.125000
G01 X167.238000 Y5.413000 Z-0.125000
G01 X167.758000 Y5.934000 Z-0.125000
G01 X167.978000 Y6.617000 Z-0.125000
G01 X168.127000 Y8.110000 Z-0.125000
G01 X168.370000 Y12.706000 Z-0.125000
G01 X168.468000 Y17.308000 Z-0.125000
G01 X168.355000 Y26.513000 Z-0.125000
G01 X168.214000 Y28.611000 Z-0.125000
G01 X168.051000 Y29.636000 Z-0.125000
G01 X167.717000 Y30.622000 Z-0.125000
G01 X167.180000 Y30.994000 Z-0.125000
G01 X166.539000 Y31.169000 Z-0.125000
G01 X165.199000 Y31.324000 Z-0.125000
G01 X162.777000 Y31.414000 Z-0.125000
G01 X160.354000 Y31.380000 Z-0.125000
G01 X160.354000 Y31.380000 Z-0.125000
G00 Z5.000000

(End cutting path id: path3)


(Start cutting path id: path3)
(Change tool to Default tool)

G00 Z5.000000
G00 X156.753000 Y28.711000

G01 Z-0.125000 F100.0(Penetrate)
G01 X159.245000 Y31.204000 Z-0.125000 F400.000000
G01 X159.913000 Y31.497000 Z-0.125000
G01 X160.109000 Y31.436000 Z-0.125000
G01 X160.020000 Y31.229000 Z-0.125000
G01 X157.816000 Y29.026000 Z-0.125000
G01 X157.728000 Y28.821000 Z-0.125000
G01 X157.926000 Y28.762000 Z-0.125000
G01 X158.598000 Y29.060000 Z-0.125000
G01 X160.785000 Y31.247000 Z-0.125000
G01 X161.449000 Y31.536000 Z-0.125000
G01 X161.642000 Y31.472000 Z-0.125000
G01 X161.551000 Y31.264000 Z-0.125000
G01 X159.381000 Y29.094000 Z-0.125000
G01 X159.293000 Y28.889000 Z-0.125000
G01 X159.491000 Y28.830000 Z-0.125000
G01 X160.163000 Y29.128000 Z-0.125000
G01 X162.303000 Y31.268000 Z-0.125000
G01 X162.954000 Y31.545000 Z-0.125000
G01 X163.139000 Y31.472000 Z-0.125000
G01 X163.044000 Y31.261000 Z-0.125000
G01 X160.946000 Y29.162000 Z-0.125000
G01 X160.858000 Y28.957000 Z-0.125000
G01 X161.056000 Y28.899000 Z-0.125000
G01 X161.728000 Y29.197000 Z-0.125000
G01 X163.773000 Y31.241000 Z-0.125000
G01 X164.095000 Y31.447000 Z-0.125000
G01 X164.411000 Y31.505000 Z-0.125000
G01 X164.587000 Y31.424000 Z-0.125000
G01 X164.489000 Y31.209000 Z-0.125000
G01 X162.511000 Y29.231000 Z-0.125000
G01 X162.423000 Y29.026000 Z-0.125000
G01 X162.621000 Y28.967000 Z-0.125000
G01 X163.293000 Y29.265000 Z-0.125000
G01 X165.182000 Y31.154000 Z-0.125000
G01 X165.498000 Y31.353000 Z-0.125000
G01 X165.799000 Y31.397000 Z-0.125000
G01 X165.961000 Y31.301000 Z-0.125000
G01 X165.855000 Y31.079000 Z-0.125000
G01 X164.076000 Y29.299000 Z-0.125000
G01 X163.988000 Y29.094000 Z-0.125000
G01 X164.187000 Y29.036000 Z-0.125000
G01 X164.858000 Y29.333000 Z-0.125000
G01 X166.506000 Y30.981000 Z-0.125000
G01 X166.805000 Y31.163000 Z-0.125000
G01 X167.069000 Y31.170000 Z-0.125000
G01 X167.192000 Y31.036000 Z-0.125000
G01 X167.070000 Y30.797000 Z-0.125000
G01 X165.641000 Y29.368000 Z-0.125000
G01 X165.541000 Y29.151000 Z-0.125000
G01 X165.715000 Y29.067000 Z-0.125000
G01 X166.029000 Y29.124000 Z-0.125000
G01 X166.350000 Y29.328000 Z-0.125000
G01 X167.504000 Y30.483000 Z-0.125000
G01 X167.753000 Y30.614000 Z-0.125000
G01 X167.907000 Y30.511000 Z-0.125000
G01 X167.920000 Y30.267000 Z-0.125000
G01 X167.747000 Y29.977000 Z-0.125000
G01 X166.309000 Y28.539000 Z-0.125000
G01 X166.008000 Y27.864000 Z-0.125000
G01 X166.064000 Y27.662000 Z-0.125000
G01 X166.268000 Y27.749000 Z-0.125000
G01 X167.901000 Y29.382000 Z-0.125000
G01 X168.127000 Y29.492000 Z-0.125000
G01 X168.233000 Y29.341000 Z-0.125000
G01 X168.199000 Y29.049000 Z-0.125000
G01 X168.005000 Y28.738000 Z-0.125000
G01 X166.227000 Y26.960000 Z-0.125000
G01 X165.926000 Y26.285000 Z-0.125000
G01 X165.982000 Y26.084000 Z-0.125000
G01 X166.186000 Y26.171000 Z-0.125000
G01 X168.081000 Y28.066000 Z-0.125000
G01 X168.301000 Y28.169000 Z-0.125000
G01 X168.390000 Y28.001000 Z-0.125000
G01 X168.340000 Y27.694000 Z-0.125000
G01 X168.139000 Y27.375000 Z-0.125000
G01 X166.145000 Y25.381000 Z-0.125000
G01 X165.844000 Y24.706000 Z-0.125000
G01 X165.900000 Y24.505000 Z-0.125000
G01 X166.104000 Y24.592000 Z-0.125000
G01 X168.183000 Y26.671000 Z-0.125000
G01 X168.399000 Y26.770000 Z-0.125000
G01 X168.482000 Y26.596000 Z-0.125000
G01 X168.425000 Y26.282000 Z-0.125000
G01 X168.220000 Y25.960000 Z-0.125000
G01 X166.063000 Y23.803000 Z-0.125000
G01 X165.762000 Y23.127000 Z-0.125000
G01 X165.818000 Y22.926000 Z-0.125000
G01 X166.022000 Y23.013000 Z-0.125000
G01 X168.244000 Y25.235000 Z-0.125000
G01 X168.457000 Y25.332000 Z-0.125000
G01 X168.534000 Y25.151000 Z-0.125000
G01 X168.471000 Y24.831000 Z-0.125000
G01 X168.264000 Y24.507000 Z-0.125000
G01 X165.981000 Y22.224000 Z-0.125000
G01 X165.680000 Y21.549000 Z-0.125000
G01 X165.736000 Y21.347000 Z-0.125000
G01 X165.940000 Y21.435000 Z-0.125000
G01 X168.280000 Y23.775000 Z-0.125000
G01 X168.493000 Y23.870000 Z-0.125000
G01 X168.567000 Y23.688000 Z-0.125000
G01 X168.292000 Y23.039000 Z-0.125000
G01 X162.687000 Y17.433000 Z-0.125000
G01 X162.032000 Y17.152000 Z-0.125000
G01 X161.845000 Y17.222000 Z-0.125000
G01 X161.938000 Y17.433000 Z-0.125000
G01 X164.691000 Y20.186000 Z-0.125000
G01 X164.779000 Y20.390000 Z-0.125000
G01 X164.579000 Y20.447000 Z-0.125000
G01 X163.905000 Y20.148000 Z-0.125000
G01 X161.190000 Y17.433000 Z-0.125000
G01 X160.535000 Y17.152000 Z-0.125000
G01 X160.348000 Y17.222000 Z-0.125000
G01 X160.442000 Y17.433000 Z-0.125000
G01 X163.119000 Y20.111000 Z-0.125000
G01 X163.207000 Y20.315000 Z-0.125000
G01 X163.007000 Y20.373000 Z-0.125000
G01 X162.334000 Y20.073000 Z-0.125000
G01 X159.693000 Y17.433000 Z-0.125000
G01 X159.038000 Y17.152000 Z-0.125000
G01 X158.851000 Y17.222000 Z-0.125000
G01 X158.945000 Y17.433000 Z-0.125000
G01 X161.548000 Y20.036000 Z-0.125000
G01 X161.636000 Y20.241000 Z-0.125000
G01 X161.436000 Y20.298000 Z-0.125000
G01 X160.762000 Y19.999000 Z-0.125000
G01 X158.196000 Y17.433000 Z-0.125000
G01 X157.542000 Y17.152000 Z-0.125000
G01 X157.355000 Y17.222000 Z-0.125000
G01 X157.448000 Y17.433000 Z-0.125000
G01 X160.261000 Y20.246000 Z-0.125000
G00 Z5.000000

(End cutting path id: path3)


(Start cutting path id: path3)
(Change tool to Default tool)

G00 Z5.000000
G00 X163.155000 Y17.152000

G01 Z-0.125000 F100.0(Penetrate)
G01 X168.302000 Y22.300000 Z-0.125000 F400.000000
G01 X168.514000 Y22.394000 Z-0.125000
G01 X168.587000 Y22.210000 Z-0.125000
G01 X168.309000 Y21.559000 Z-0.125000
G01 X164.184000 Y17.433000 Z-0.125000
G01 X164.090000 Y17.222000 Z-0.125000
G01 X164.277000 Y17.152000 Z-0.125000
G01 X164.932000 Y17.433000 Z-0.125000
G01 X168.312000 Y20.813000 Z-0.125000
G01 X168.523000 Y20.907000 Z-0.125000
G01 X168.594000 Y20.721000 Z-0.125000
G01 X168.314000 Y20.067000 Z-0.125000
G01 X165.681000 Y17.433000 Z-0.125000
G01 X165.509000 Y17.144000 Z-0.125000
G01 X165.523000 Y16.902000 Z-0.125000
G01 X165.678000 Y16.799000 Z-0.125000
G01 X165.927000 Y16.931000 Z-0.125000
G01 X168.316000 Y19.320000 Z-0.125000
G01 X168.527000 Y19.414000 Z-0.125000
G01 X168.598000 Y19.228000 Z-0.125000
G01 X168.318000 Y18.574000 Z-0.125000
G01 X165.956000 Y16.212000 Z-0.125000
G01 X165.750000 Y15.889000 Z-0.125000
G01 X165.690000 Y15.571000 Z-0.125000
G01 X165.770000 Y15.394000 Z-0.125000
G01 X165.985000 Y15.492000 Z-0.125000
G01 X168.316000 Y17.823000 Z-0.125000
G01 X168.526000 Y17.916000 Z-0.125000
G01 X168.594000 Y17.727000 Z-0.125000
G01 X168.311000 Y17.070000 Z-0.125000
G01 X166.014000 Y14.772000 Z-0.125000
G01 X165.808000 Y14.450000 Z-0.125000
G01 X165.747000 Y14.132000 Z-0.125000
G01 X165.827000 Y13.955000 Z-0.125000
G01 X166.042000 Y14.053000 Z-0.125000
G01 X168.306000 Y16.317000 Z-0.125000
G01 X168.515000 Y16.409000 Z-0.125000
G01 X168.582000 Y16.218000 Z-0.125000
G01 X168.297000 Y15.559000 Z-0.125000
G01 X166.071000 Y13.333000 Z-0.125000
G01 X165.865000 Y13.010000 Z-0.125000
G01 X165.805000 Y12.693000 Z-0.125000
G01 X165.885000 Y12.515000 Z-0.125000
G01 X166.100000 Y12.613000 Z-0.125000
G01 X168.283000 Y14.796000 Z-0.125000
G01 X168.491000 Y14.888000 Z-0.125000
G01 X168.556000 Y14.696000 Z-0.125000
G01 X168.269000 Y14.034000 Z-0.125000
G01 X166.129000 Y11.894000 Z-0.125000
G01 X165.924000 Y11.572000 Z-0.125000
G01 X165.866000 Y11.256000 Z-0.125000
G01 X165.948000 Y11.081000 Z-0.125000
G01 X166.164000 Y11.180000 Z-0.125000
G01 X168.249000 Y13.266000 Z-0.125000
G01 X168.456000 Y13.356000 Z-0.125000
G01 X168.518000 Y13.160000 Z-0.125000
G01 X168.225000 Y12.493000 Z-0.125000
G01 X166.207000 Y10.475000 Z-0.125000
G01 X166.005000 Y10.156000 Z-0.125000
G01 X165.953000 Y9.847000 Z-0.125000
G01 X166.041000 Y9.678000 Z-0.125000
G01 X166.260000 Y9.780000 Z-0.125000
G01 X168.201000 Y11.721000 Z-0.125000
G01 X168.406000 Y11.809000 Z-0.125000
G01 X168.465000 Y11.610000 Z-0.125000
G01 X168.167000 Y10.939000 Z-0.125000
G01 X166.324000 Y9.096000 Z-0.125000
G01 X166.126000 Y8.781000 Z-0.125000
G01 X166.084000 Y8.481000 Z-0.125000
G01 X166.181000 Y8.321000 Z-0.125000
G01 X166.404000 Y8.427000 Z-0.125000
G01 X168.131000 Y10.154000 Z-0.125000
G01 X168.335000 Y10.241000 Z-0.125000
G01 X168.391000 Y10.040000 Z-0.125000
G01 X168.089000 Y9.364000 Z-0.125000
G01 X166.503000 Y7.778000 Z-0.125000
G01 X166.312000 Y7.470000 Z-0.125000
G01 X166.285000 Y7.186000 Z-0.125000
G01 X166.398000 Y7.042000 Z-0.125000
G01 X166.628000 Y7.155000 Z-0.125000
G01 X168.038000 Y8.565000 Z-0.125000
G01 X168.239000 Y8.648000 Z-0.125000
G01 X168.287000 Y8.440000 Z-0.125000
G01 X167.975000 Y7.753000 Z-0.125000
G01 X166.787000 Y6.565000 Z-0.125000
G01 X166.610000 Y6.271000 Z-0.125000
G01 X166.612000 Y6.016000 Z-0.125000
G01 X166.755000 Y5.902000 Z-0.125000
G01 X166.998000 Y6.028000 Z-0.125000
G01 X167.895000 Y6.925000 Z-0.125000
G01 X168.085000 Y6.998000 Z-0.125000
G01 X168.112000 Y6.767000 Z-0.125000
G01 X167.767000 Y6.049000 Z-0.125000
G01 X167.047000 Y5.328000 Z-0.125000
G00 Z5.000000

(End cutting path id: path3)


(Start cutting path id: path3)
(Change tool to Default tool)

G00 Z5.000000
G00 X174.990000 Y5.608000

G01 Z-0.125000 F100.0(Penetrate)
G01 X174.803000 Y6.201000 Z-0.125000 F400.000000
G01 X174.650000 Y7.459000 Z-0.125000
G01 X174.509000 Y11.233000 Z-0.125000
G01 X174.455000 Y14.174000 Z-0.125000
G01 X174.153000 Y16.004000 Z-0.125000
G01 X173.391000 Y17.352000 Z-0.125000
G01 X171.958000 Y18.850000 Z-0.125000
G01 X170.522000 Y20.340000 Z-0.125000
G01 X169.785000 Y21.627000 Z-0.125000
G01 X169.549000 Y23.315000 Z-0.125000
G01 X169.615000 Y26.011000 Z-0.125000
G01 X169.773000 Y28.353000 Z-0.125000
G01 X170.031000 Y29.824000 Z-0.125000
G01 X170.449000 Y30.621000 Z-0.125000
G01 X171.086000 Y30.939000 Z-0.125000
G01 X171.749000 Y30.899000 Z-0.125000
G01 X171.970000 Y30.677000 Z-0.125000
G01 X172.130000 Y30.273000 Z-0.125000
G01 X172.305000 Y28.781000 Z-0.125000
G01 X172.347000 Y26.141000 Z-0.125000
G01 X172.391000 Y23.225000 Z-0.125000
G01 X172.673000 Y21.551000 Z-0.125000
G01 X172.976000 Y20.994000 Z-0.125000
G01 X173.423000 Y20.523000 Z-0.125000
G01 X174.870000 Y19.543000 Z-0.125000
G01 X177.392000 Y17.983000 Z-0.125000
G01 X179.883000 Y19.523000 Z-0.125000
G01 X181.286000 Y20.489000 Z-0.125000
G01 X181.736000 Y20.964000 Z-0.125000
G01 X182.055000 Y21.521000 Z-0.125000
G01 X182.414000 Y23.145000 Z-0.125000
G01 X182.585000 Y25.888000 Z-0.125000
G01 X182.740000 Y28.209000 Z-0.125000
G01 X182.981000 Y29.694000 Z-0.125000
G01 X183.349000 Y30.482000 Z-0.125000
G01 X183.879000 Y30.714000 Z-0.125000
G01 X184.410000 Y30.480000 Z-0.125000
G01 X184.777000 Y29.682000 Z-0.125000
G01 X185.019000 Y28.176000 Z-0.125000
G01 X185.174000 Y25.817000 Z-0.125000
G01 X185.249000 Y22.982000 Z-0.125000
G01 X185.023000 Y21.267000 Z-0.125000
G01 X184.731000 Y20.632000 Z-0.125000
G01 X184.286000 Y20.038000 Z-0.125000
G01 X182.831000 Y18.657000 Z-0.125000
G01 X181.414000 Y17.297000 Z-0.125000
G01 X180.649000 Y16.069000 Z-0.125000
G01 X180.335000 Y14.445000 Z-0.125000
G01 X180.275000 Y11.901000 Z-0.125000
G01 X180.147000 Y8.393000 Z-0.125000
G01 X179.838000 Y6.268000 Z-0.125000
G01 X179.543000 Y5.876000 Z-0.125000
G01 X179.030000 Y5.554000 Z-0.125000
G01 X177.605000 Y5.159000 Z-0.125000
G01 X176.085000 Y5.154000 Z-0.125000
G01 X175.452000 Y5.319000 Z-0.125000
G01 X174.990000 Y5.608000 Z-0.125000
G01 X174.990000 Y5.608000 Z-0.125000
G00 Z5.000000

(End cutting path id: path3)


(Start cutting path id: path3)
(Change tool to Default tool)

G00 Z5.000000
G00 X180.382000 Y15.671000

G01 Z-0.125000 F100.0(Penetrate)
G01 X174.938000 Y10.227000 Z-0.125000 F400.000000
G01 X174.731000 Y9.903000 Z-0.125000
G01 X174.668000 Y9.582000 Z-0.125000
G01 X174.745000 Y9.402000 Z-0.125000
G01 X174.958000 Y9.499000 Z-0.125000
G01 X180.004000 Y14.545000 Z-0.125000
G01 X180.197000 Y14.621000 Z-0.125000
G01 X180.229000 Y14.396000 Z-0.125000
G01 X179.893000 Y13.685000 Z-0.125000
G01 X174.993000 Y8.785000 Z-0.125000
G01 X174.790000 Y8.465000 Z-0.125000
G01 X174.735000 Y8.153000 Z-0.125000
G01 X174.821000 Y7.982000 Z-0.125000
G01 X175.038000 Y8.082000 Z-0.125000
G01 X179.906000 Y12.950000 Z-0.125000
G01 X180.109000 Y13.036000 Z-0.125000
G01 X180.165000 Y12.835000 Z-0.125000
G01 X179.863000 Y12.158000 Z-0.125000
G01 X175.098000 Y7.394000 Z-0.125000
G01 X174.900000 Y7.079000 Z-0.125000
G01 X174.857000 Y6.779000 Z-0.125000
G01 X174.955000 Y6.619000 Z-0.125000
G01 X175.178000 Y6.725000 Z-0.125000
G01 X179.859000 Y11.406000 Z-0.125000
G01 X180.069000 Y11.499000 Z-0.125000
G01 X180.136000 Y11.309000 Z-0.125000
G01 X179.852000 Y10.651000 Z-0.125000
G01 X175.309000 Y6.107000 Z-0.125000
G01 X175.160000 Y5.842000 Z-0.125000
G01 X175.227000 Y5.651000 Z-0.125000
G01 X175.433000 Y5.601000 Z-0.125000
G01 X175.706000 Y5.756000 Z-0.125000
G01 X179.830000 Y9.880000 Z-0.125000
G01 X180.035000 Y9.968000 Z-0.125000
G01 X180.093000 Y9.769000 Z-0.125000
G01 X179.795000 Y9.097000 Z-0.125000
G01 X176.279000 Y5.581000 Z-0.125000
G01 X176.176000 Y5.361000 Z-0.125000
G01 X176.342000 Y5.270000 Z-0.125000
G01 X176.649000 Y5.319000 Z-0.125000
G01 X176.967000 Y5.520000 Z-0.125000
G01 X179.745000 Y8.299000 Z-0.125000
G01 X179.945000 Y8.381000 Z-0.125000
G01 X179.991000 Y8.170000 Z-0.125000
G01 X179.676000 Y7.481000 Z-0.125000
G01 X177.754000 Y5.559000 Z-0.125000
G01 X177.688000 Y5.377000 Z-0.125000
G01 X177.937000 Y5.368000 Z-0.125000
G01 X178.682000 Y5.739000 Z-0.125000
G01 X179.844000 Y6.901000 Z-0.125000
G00 Z5.000000

(End cutting path id: path3)


(Start cutting path id: path3)
(Change tool to Default tool)

G00 Z5.000000
G00 X179.114000 Y18.892000

G01 Z-0.125000 F100.0(Penetrate)
G01 X174.854000 Y14.633000 Z-0.125000 F400.000000
G01 X174.650000 Y14.311000 Z-0.125000
G01 X174.594000 Y13.998000 Z-0.125000
G01 X174.678000 Y13.825000 Z-0.125000
G01 X174.895000 Y13.925000 Z-0.125000
G01 X184.829000 Y23.859000 Z-0.125000
G01 X185.041000 Y23.954000 Z-0.125000
G01 X185.114000 Y23.770000 Z-0.125000
G01 X184.837000 Y23.119000 Z-0.125000
G01 X174.912000 Y13.195000 Z-0.125000
G01 X174.634000 Y12.542000 Z-0.125000
G01 X174.705000 Y12.356000 Z-0.125000
G01 X174.916000 Y12.450000 Z-0.125000
G01 X184.822000 Y22.356000 Z-0.125000
G01 X185.020000 Y22.436000 Z-0.125000
G01 X185.061000 Y22.221000 Z-0.125000
G01 X184.739000 Y21.525000 Z-0.125000
G01 X174.921000 Y11.706000 Z-0.125000
G01 X174.643000 Y11.054000 Z-0.125000
G01 X174.715000 Y10.869000 Z-0.125000
G01 X174.927000 Y10.964000 Z-0.125000
G01 X184.682000 Y20.719000 Z-0.125000
G00 Z5.000000

(End cutting path id: path3)


(Start cutting path id: path3)
(Change tool to Default tool)

G00 Z5.000000
G00 X183.098000 Y29.611000

G01 Z-0.125000 F100.0(Penetrate)
G01 X183.767000 Y30.281000 Z-0.125000 F400.000000
G01 X184.039000 Y30.435000 Z-0.125000
G01 X184.243000 Y30.382000 Z-0.125000
G01 X184.307000 Y30.189000 Z-0.125000
G01 X184.158000 Y29.923000 Z-0.125000
G01 X183.209000 Y28.974000 Z-0.125000
G01 X182.858000 Y28.249000 Z-0.125000
G01 X182.881000 Y28.015000 Z-0.125000
G01 X183.070000 Y28.086000 Z-0.125000
G01 X184.364000 Y29.381000 Z-0.125000
G01 X184.595000 Y29.495000 Z-0.125000
G01 X184.710000 Y29.352000 Z-0.125000
G01 X184.684000 Y29.069000 Z-0.125000
G01 X184.493000 Y28.762000 Z-0.125000
G01 X183.061000 Y27.329000 Z-0.125000
G01 X182.759000 Y26.653000 Z-0.125000
G01 X182.815000 Y26.452000 Z-0.125000
G01 X183.018000 Y26.538000 Z-0.125000
G01 X184.582000 Y28.102000 Z-0.125000
G01 X184.803000 Y28.206000 Z-0.125000
G01 X184.896000 Y28.042000 Z-0.125000
G01 X184.849000 Y27.737000 Z-0.125000
G01 X184.648000 Y27.420000 Z-0.125000
G01 X182.978000 Y25.749000 Z-0.125000
G01 X182.678000 Y25.075000 Z-0.125000
G01 X182.734000 Y24.875000 Z-0.125000
G01 X182.939000 Y24.962000 Z-0.125000
G01 X184.719000 Y26.742000 Z-0.125000
G01 X184.932000 Y26.838000 Z-0.125000
G01 X185.008000 Y26.657000 Z-0.125000
G01 X184.735000 Y26.010000 Z-0.125000
G01 X182.891000 Y24.166000 Z-0.125000
G01 X182.573000 Y23.474000 Z-0.125000
G01 X182.618000 Y23.262000 Z-0.125000
G01 X182.817000 Y23.344000 Z-0.125000
G01 X184.770000 Y25.297000 Z-0.125000
G01 X184.985000 Y25.395000 Z-0.125000
G01 X185.065000 Y25.217000 Z-0.125000
G01 X185.004000 Y24.900000 Z-0.125000
G01 X184.798000 Y24.577000 Z-0.125000
G01 X182.337000 Y22.116000 Z-0.125000
G00 Z5.000000

(End cutting path id: path3)


(Start cutting path id: path3)
(Change tool to Default tool)

G00 Z5.000000
G00 X171.320000 Y30.708000

G01 Z-0.125000 F100.0(Penetrate)
G01 X170.688000 Y30.459000 Z-0.125000 F400.000000
G01 X170.334000 Y29.905000 Z-0.125000
G01 X170.065000 Y28.539000 Z-0.125000
G01 X169.843000 Y25.427000 Z-0.125000
G01 X169.898000 Y22.312000 Z-0.125000
G01 X170.346000 Y21.065000 Z-0.125000
G01 X171.139000 Y20.028000 Z-0.125000
G01 X173.033000 Y18.150000 Z-0.125000
G01 X173.763000 Y17.314000 Z-0.125000
G01 X174.288000 Y16.348000 Z-0.125000
G01 X174.607000 Y15.292000 Z-0.125000
G01 X174.719000 Y14.188000 Z-0.125000
G01 X174.786000 Y9.982000 Z-0.125000
G01 X174.879000 Y7.884000 Z-0.125000
G01 X175.178000 Y5.807000 Z-0.125000
G01 X175.977000 Y5.448000 Z-0.125000
G01 X176.856000 Y5.358000 Z-0.125000
G01 X178.615000 Y5.669000 Z-0.125000
G01 X179.081000 Y5.865000 Z-0.125000
G01 X179.444000 Y6.186000 Z-0.125000
G01 X179.675000 Y6.608000 Z-0.125000
G01 X179.746000 Y7.110000 Z-0.125000
G01 X179.928000 Y8.998000 Z-0.125000
G01 X179.991000 Y10.919000 Z-0.125000
G01 X180.102000 Y14.770000 Z-0.125000
G01 X180.300000 Y15.878000 Z-0.125000
G01 X180.782000 Y16.878000 Z-0.125000
G01 X181.472000 Y17.763000 Z-0.125000
G01 X182.296000 Y18.527000 Z-0.125000
G01 X183.991000 Y20.109000 Z-0.125000
G01 X184.641000 Y21.042000 Z-0.125000
G01 X184.935000 Y22.169000 Z-0.125000
G01 X184.931000 Y25.586000 Z-0.125000
G01 X184.650000 Y28.993000 Z-0.125000
G01 X184.416000 Y29.962000 Z-0.125000
G01 X184.153000 Y30.336000 Z-0.125000
G01 X183.697000 Y30.413000 Z-0.125000
G01 X183.318000 Y29.875000 Z-0.125000
G01 X183.137000 Y29.230000 Z-0.125000
G01 X182.978000 Y27.878000 Z-0.125000
G01 X182.803000 Y24.704000 Z-0.125000
G01 X182.674000 Y23.123000 Z-0.125000
G01 X182.354000 Y21.572000 Z-0.125000
G01 X181.722000 Y20.554000 Z-0.125000
G01 X180.807000 Y19.787000 Z-0.125000
G01 X178.746000 Y18.509000 Z-0.125000
G01 X178.000000 Y18.026000 Z-0.125000
G01 X177.627000 Y17.810000 Z-0.125000
G01 X177.254000 Y17.759000 Z-0.125000
G01 X175.062000 Y19.099000 Z-0.125000
G01 X172.977000 Y20.583000 Z-0.125000
G01 X172.390000 Y21.591000 Z-0.125000
G01 X172.153000 Y22.730000 Z-0.125000
G01 X172.088000 Y25.091000 Z-0.125000
G01 X172.080000 Y27.759000 Z-0.125000
G01 X172.020000 Y29.090000 Z-0.125000
G01 X171.811000 Y30.401000 Z-0.125000
G01 X171.627000 Y30.653000 Z-0.125000
G01 X171.320000 Y30.708000 Z-0.125000
G01 X171.320000 Y30.708000 Z-0.125000
G00 Z5.000000

(End cutting path id: path3)


(Start cutting path id: path3)
(Change tool to Default tool)

G00 Z5.000000
G00 X170.365000 Y30.350000

G01 Z-0.125000 F100.0(Penetrate)
G01 X170.588000 Y30.573000 Z-0.125000 F400.000000
G01 X171.201000 Y30.811000 Z-0.125000
G01 X171.413000 Y30.766000 Z-0.125000
G01 X171.367000 Y30.604000 Z-0.125000
G01 X170.302000 Y29.538000 Z-0.125000
G01 X169.965000 Y28.827000 Z-0.125000
G01 X169.997000 Y28.602000 Z-0.125000
G01 X170.190000 Y28.678000 Z-0.125000
G01 X171.662000 Y30.150000 Z-0.125000
G01 X171.894000 Y30.265000 Z-0.125000
G01 X172.011000 Y30.125000 Z-0.125000
G01 X171.989000 Y29.845000 Z-0.125000
G01 X171.800000 Y29.540000 Z-0.125000
G01 X170.118000 Y27.858000 Z-0.125000
G01 X169.813000 Y27.178000 Z-0.125000
G01 X169.866000 Y26.974000 Z-0.125000
G01 X170.069000 Y27.060000 Z-0.125000
G01 X171.889000 Y28.881000 Z-0.125000
G01 X172.102000 Y28.977000 Z-0.125000
G01 X172.178000 Y28.795000 Z-0.125000
G01 X171.904000 Y28.147000 Z-0.125000
G01 X170.026000 Y26.269000 Z-0.125000
G01 X169.731000 Y25.600000 Z-0.125000
G01 X169.790000 Y25.402000 Z-0.125000
G01 X169.996000 Y25.491000 Z-0.125000
G01 X171.923000 Y27.417000 Z-0.125000
G01 X172.134000 Y27.512000 Z-0.125000
G01 X172.206000 Y27.327000 Z-0.125000
G01 X171.929000 Y26.675000 Z-0.125000
G01 X169.968000 Y24.714000 Z-0.125000
G01 X169.682000 Y24.054000 Z-0.125000
G01 X169.750000 Y23.864000 Z-0.125000
G01 X169.959000 Y23.956000 Z-0.125000
G01 X171.933000 Y25.931000 Z-0.125000
G01 X172.144000 Y26.025000 Z-0.125000
G01 X172.215000 Y25.839000 Z-0.125000
G01 X171.936000 Y25.185000 Z-0.125000
G01 X169.947000 Y23.196000 Z-0.125000
G01 X169.752000 Y22.884000 Z-0.125000
G01 X169.716000 Y22.591000 Z-0.125000
G01 X169.820000 Y22.438000 Z-0.125000
G01 X170.046000 Y22.547000 Z-0.125000
G01 X171.939000 Y24.440000 Z-0.125000
G01 X172.151000 Y24.535000 Z-0.125000
G01 X172.225000 Y24.351000 Z-0.125000
G01 X171.950000 Y23.702000 Z-0.125000
G01 X170.193000 Y21.945000 Z-0.125000
G01 X170.017000 Y21.652000 Z-0.125000
G01 X170.024000 Y21.402000 Z-0.125000
G01 X170.172000 Y21.292000 Z-0.125000
G01 X170.417000 Y21.421000 Z-0.125000
G01 X171.976000 Y22.980000 Z-0.125000
G01 X172.195000 Y23.082000 Z-0.125000
G01 X172.286000 Y22.915000 Z-0.125000
G01 X172.236000 Y22.608000 Z-0.125000
G01 X172.034000 Y22.290000 Z-0.125000
G01 X170.708000 Y20.963000 Z-0.125000
G01 X170.549000 Y20.688000 Z-0.125000
G01 X170.594000 Y20.475000 Z-0.125000
G01 X170.778000 Y20.402000 Z-0.125000
G01 X171.041000 Y20.548000 Z-0.125000
G01 X172.141000 Y21.648000 Z-0.125000
G01 X172.381000 Y21.771000 Z-0.125000
G01 X172.514000 Y21.647000 Z-0.125000
G01 X172.508000 Y21.384000 Z-0.125000
G01 X172.327000 Y21.085000 Z-0.125000
G01 X171.397000 Y20.156000 Z-0.125000
G01 X171.245000 Y19.887000 Z-0.125000
G01 X171.302000 Y19.687000 Z-0.125000
G01 X171.499000 Y19.627000 Z-0.125000
G01 X171.768000 Y19.778000 Z-0.125000
G01 X172.604000 Y20.615000 Z-0.125000
G01 X172.871000 Y20.764000 Z-0.125000
G01 X173.064000 Y20.701000 Z-0.125000
G01 X173.118000 Y20.497000 Z-0.125000
G01 X172.963000 Y20.225000 Z-0.125000
G01 X172.145000 Y19.407000 Z-0.125000
G01 X171.993000 Y19.138000 Z-0.125000
G01 X172.053000 Y18.941000 Z-0.125000
G01 X172.253000 Y18.884000 Z-0.125000
G01 X172.523000 Y19.037000 Z-0.125000
G01 X173.378000 Y19.891000 Z-0.125000
G01 X173.658000 Y20.055000 Z-0.125000
G01 X173.881000 Y20.021000 Z-0.125000
G01 X173.964000 Y19.846000 Z-0.125000
G01 X173.823000 Y19.588000 Z-0.125000
G01 X172.900000 Y18.665000 Z-0.125000
G01 X172.747000 Y18.395000 Z-0.125000
G01 X172.804000 Y18.195000 Z-0.125000
G01 X173.001000 Y18.134000 Z-0.125000
G01 X173.269000 Y18.286000 Z-0.125000
G01 X174.281000 Y19.298000 Z-0.125000
G01 X174.563000 Y19.464000 Z-0.125000
G01 X174.792000 Y19.435000 Z-0.125000
G01 X174.881000 Y19.267000 Z-0.125000
G01 X174.743000 Y19.011000 Z-0.125000
G01 X173.624000 Y17.892000 Z-0.125000
G01 X173.465000 Y17.617000 Z-0.125000
G01 X173.509000 Y17.403000 Z-0.125000
G01 X173.693000 Y17.330000 Z-0.125000
G01 X173.955000 Y17.475000 Z-0.125000
G01 X175.205000 Y18.725000 Z-0.125000
G01 X175.488000 Y18.891000 Z-0.125000
G01 X175.717000 Y18.863000 Z-0.125000
G01 X175.806000 Y18.695000 Z-0.125000
G01 X175.668000 Y18.440000 Z-0.125000
G01 X174.250000 Y17.022000 Z-0.125000
G01 X174.077000 Y16.732000 Z-0.125000
G01 X174.090000 Y16.488000 Z-0.125000
G01 X174.243000 Y16.383000 Z-0.125000
G01 X174.491000 Y16.515000 Z-0.125000
G01 X176.130000 Y18.154000 Z-0.125000
G01 X176.413000 Y18.320000 Z-0.125000
G01 X176.642000 Y18.291000 Z-0.125000
G01 X176.731000 Y18.123000 Z-0.125000
G01 X176.593000 Y17.868000 Z-0.125000
G01 X174.669000 Y15.944000 Z-0.125000
G01 X174.476000 Y15.635000 Z-0.125000
G01 X174.445000 Y15.347000 Z-0.125000
G01 X174.555000 Y15.199000 Z-0.125000
G01 X174.783000 Y15.310000 Z-0.125000
G01 X177.327000 Y17.854000 Z-0.125000
G00 Z5.000000

(End cutting path id: path3)


(Start cutting path id: path3)
(Change tool to Default tool)

G00 Z5.000000
G00 X165.717000 Y24.802000

G01 Z-0.125000 F100.0(Penetrate)
G01 X165.934000 Y28.980000 Z-0.125000 F400.000000
G01 X161.032000 Y28.765000 Z-0.125000
G01 X156.131000 Y28.552000 Z-0.125000
G01 X155.905000 Y25.406000 Z-0.125000
G01 X155.826000 Y22.502000 Z-0.125000
G01 X156.001000 Y21.585000 Z-0.125000
G01 X156.385000 Y20.959000 Z-0.125000
G01 X157.026000 Y20.577000 Z-0.125000
G01 X157.974000 Y20.390000 Z-0.125000
G01 X160.986000 Y20.409000 Z-0.125000
G01 X165.500000 Y20.624000 Z-0.125000
G01 X165.717000 Y24.802000 Z-0.125000
G00 Z5.000000

(End cutting path id: path3)


(Start cutting path id: path3)
(Change tool to Default tool)

G00 Z5.000000
G00 X166.197000 Y28.966000

G01 Z-0.125000 F100.0(Penetrate)
G01 X165.752000 Y20.372000 Z-0.125000 F400.000000
G01 X161.795000 Y20.172000 Z-0.125000
G01 X157.838000 Y20.142000 Z-0.125000
G01 X157.100000 Y20.267000 Z-0.125000
G01 X156.431000 Y20.597000 Z-0.125000
G01 X155.921000 Y21.121000 Z-0.125000
G01 X155.660000 Y21.825000 Z-0.125000
G01 X155.543000 Y23.419000 Z-0.125000
G01 X155.603000 Y25.020000 Z-0.125000
G01 X155.842000 Y28.219000 Z-0.125000
G01 X155.864000 Y28.658000 Z-0.125000
G01 X156.153000 Y28.822000 Z-0.125000
G01 X157.018000 Y28.855000 Z-0.125000
G01 X166.213000 Y29.257000 Z-0.125000
G01 X166.197000 Y28.966000 Z-0.125000
G01 X166.197000 Y28.966000 Z-0.125000
G00 Z5.000000

(End cutting path id: path3)


(Start cutting path id: path3)
(Change tool to Default tool)

G00 Z5.000000
G00 X154.069000 Y30.517000

G01 Z-0.125000 F100.0(Penetrate)
G01 X154.603000 Y31.051000 Z-0.125000 F400.000000
G01 X155.271000 Y31.344000 Z-0.125000
G01 X155.466000 Y31.283000 Z-0.125000
G01 X155.377000 Y31.076000 Z-0.125000
G01 X154.324000 Y30.024000 Z-0.125000
G01 X154.031000 Y29.356000 Z-0.125000
G01 X154.092000 Y29.160000 Z-0.125000
G01 X154.298000 Y29.250000 Z-0.125000
G01 X156.151000 Y31.102000 Z-0.125000
G01 X156.818000 Y31.395000 Z-0.125000
G01 X157.014000 Y31.334000 Z-0.125000
G01 X156.924000 Y31.127000 Z-0.125000
G01 X154.273000 Y28.475000 Z-0.125000
G01 X153.979000 Y27.808000 Z-0.125000
G01 X154.040000 Y27.612000 Z-0.125000
G01 X154.247000 Y27.701000 Z-0.125000
G01 X157.698000 Y31.153000 Z-0.125000
G01 X158.366000 Y31.446000 Z-0.125000
G01 X158.561000 Y31.384000 Z-0.125000
G01 X158.472000 Y31.178000 Z-0.125000
G01 X154.221000 Y26.927000 Z-0.125000
G01 X153.928000 Y26.260000 Z-0.125000
G01 X153.989000 Y26.064000 Z-0.125000
G01 X154.195000 Y26.153000 Z-0.125000
G01 X155.670000 Y27.628000 Z-0.125000
G01 X155.872000 Y27.713000 Z-0.125000
G01 X155.922000 Y27.506000 Z-0.125000
G01 X155.612000 Y26.822000 Z-0.125000
G01 X154.169000 Y25.378000 Z-0.125000
G01 X153.872000 Y24.707000 Z-0.125000
G01 X153.931000 Y24.509000 Z-0.125000
G01 X154.137000 Y24.598000 Z-0.125000
G01 X155.555000 Y26.016000 Z-0.125000
G01 X155.756000 Y26.100000 Z-0.125000
G01 X155.806000 Y25.893000 Z-0.125000
G01 X155.497000 Y25.210000 Z-0.125000
G01 X154.106000 Y23.819000 Z-0.125000
G01 X153.804000 Y23.142000 Z-0.125000
G01 X153.859000 Y22.940000 Z-0.125000
G01 X154.062000 Y23.027000 Z-0.125000
G01 X155.443000 Y24.408000 Z-0.125000
G01 X155.647000 Y24.495000 Z-0.125000
G01 X155.704000 Y24.294000 Z-0.125000
G01 X155.403000 Y23.619000 Z-0.125000
G01 X154.003000 Y22.219000 Z-0.125000
G01 X153.680000 Y21.522000 Z-0.125000
G01 X153.722000 Y21.306000 Z-0.125000
G01 X153.919000 Y21.387000 Z-0.125000
G01 X155.388000 Y22.856000 Z-0.125000
G01 X155.604000 Y22.954000 Z-0.125000
G01 X155.685000 Y22.778000 Z-0.125000
G01 X155.625000 Y22.462000 Z-0.125000
G01 X155.420000 Y22.139000 Z-0.125000
G01 X153.790000 Y20.509000 Z-0.125000
G01 X153.392000 Y19.737000 Z-0.125000
G01 X153.381000 Y19.469000 Z-0.125000
G01 X153.555000 Y19.526000 Z-0.125000
G01 X155.524000 Y21.495000 Z-0.125000
G01 X155.768000 Y21.622000 Z-0.125000
G01 X155.909000 Y21.506000 Z-0.125000
G01 X155.911000 Y21.250000 Z-0.125000
G01 X155.733000 Y20.956000 Z-0.125000
G01 X151.724000 Y16.947000 Z-0.125000
G01 X151.279000 Y16.128000 Z-0.125000
G01 X151.237000 Y15.828000 Z-0.125000
G01 X151.396000 Y15.870000 Z-0.125000
G01 X156.063000 Y20.537000 Z-0.125000
G01 X156.345000 Y20.702000 Z-0.125000
G01 X156.571000 Y20.671000 Z-0.125000
G01 X156.658000 Y20.500000 Z-0.125000
G01 X156.518000 Y20.244000 Z-0.125000
G01 X151.262000 Y14.988000 Z-0.125000
G01 X150.948000 Y14.300000 Z-0.125000
G01 X150.995000 Y14.090000 Z-0.125000
G01 X151.195000 Y14.173000 Z-0.125000
G01 X157.090000 Y20.067000 Z-0.125000
G01 X157.402000 Y20.263000 Z-0.125000
G01 X157.697000 Y20.300000 Z-0.125000
G01 X157.852000 Y20.198000 Z-0.125000
G01 X157.743000 Y19.972000 Z-0.125000
G01 X151.162000 Y13.391000 Z-0.125000
G01 X150.874000 Y12.729000 Z-0.125000
G01 X150.939000 Y12.537000 Z-0.125000
G01 X151.147000 Y12.628000 Z-0.125000
G01 X158.459000 Y19.940000 Z-0.125000
G01 X159.115000 Y20.222000 Z-0.125000
G01 X159.303000 Y20.152000 Z-0.125000
G01 X159.209000 Y19.942000 Z-0.125000
G01 X151.140000 Y11.873000 Z-0.125000
G01 X150.860000 Y11.218000 Z-0.125000
G01 X150.930000 Y11.032000 Z-0.125000
G01 X151.141000 Y11.125000 Z-0.125000
G01 X156.423000 Y16.407000 Z-0.125000
G01 X156.628000 Y16.496000 Z-0.125000
G01 X156.687000 Y16.297000 Z-0.125000
G01 X156.389000 Y15.625000 Z-0.125000
G01 X151.150000 Y10.386000 Z-0.125000
G01 X150.943000 Y10.062000 Z-0.125000
G01 X150.879000 Y9.741000 Z-0.125000
G01 X150.957000 Y9.561000 Z-0.125000
G01 X151.170000 Y9.658000 Z-0.125000
G01 X156.355000 Y14.843000 Z-0.125000
G01 X156.560000 Y14.931000 Z-0.125000
G01 X156.619000 Y14.733000 Z-0.125000
G01 X156.321000 Y14.061000 Z-0.125000
G01 X151.202000 Y8.941000 Z-0.125000
G01 X150.998000 Y8.620000 Z-0.125000
G01 X150.942000 Y8.307000 Z-0.125000
G01 X151.027000 Y8.135000 Z-0.125000
G01 X151.244000 Y8.235000 Z-0.125000
G01 X156.288000 Y13.279000 Z-0.125000
G01 X156.493000 Y13.367000 Z-0.125000
G01 X156.551000 Y13.168000 Z-0.125000
G01 X156.254000 Y12.497000 Z-0.125000
G01 X151.299000 Y7.542000 Z-0.125000
G01 X151.101000 Y7.226000 Z-0.125000
G01 X151.056000 Y6.924000 Z-0.125000
G01 X151.152000 Y6.763000 Z-0.125000
G01 X151.374000 Y6.868000 Z-0.125000
G01 X156.220000 Y11.715000 Z-0.125000
G01 X156.423000 Y11.801000 Z-0.125000
G01 X156.478000 Y11.598000 Z-0.125000
G01 X156.174000 Y10.920000 Z-0.125000
G01 X151.488000 Y6.234000 Z-0.125000
G01 X151.328000 Y5.957000 Z-0.125000
G01 X151.370000 Y5.742000 Z-0.125000
G01 X151.553000 Y5.667000 Z-0.125000
G01 X151.814000 Y5.812000 Z-0.125000
G01 X156.110000 Y10.108000 Z-0.125000
G01 X156.307000 Y10.188000 Z-0.125000
G01 X156.348000 Y9.972000 Z-0.125000
G01 X156.025000 Y9.275000 Z-0.125000
G01 X152.372000 Y5.621000 Z-0.125000
G01 X152.267000 Y5.399000 Z-0.125000
G01 X152.428000 Y5.303000 Z-0.125000
G01 X152.729000 Y5.347000 Z-0.125000
G01 X153.045000 Y5.546000 Z-0.125000
G01 X155.914000 Y8.415000 Z-0.125000
G01 X156.102000 Y8.486000 Z-0.125000
G01 X156.123000 Y8.250000 Z-0.125000
G01 X155.771000 Y7.523000 Z-0.125000
G01 X153.793000 Y5.546000 Z-0.125000
G01 X153.735000 Y5.371000 Z-0.125000
G01 X154.000000 Y5.378000 Z-0.125000
G01 X154.768000 Y5.772000 Z-0.125000
G01 X155.830000 Y6.834000 Z-0.125000
G00 Z5.000000

(End cutting path id: path3)


(Start cutting path id: path3)
(Change tool to Default tool)

G00 Z5.000000
G00 X151.206000 Y5.608000

G01 Z-0.125000 F100.0(Penetrate)
G01 X151.019000 Y6.203000 Z-0.125000 F400.000000
G01 X150.866000 Y7.467000 Z-0.125000
G01 X150.725000 Y11.263000 Z-0.125000
G01 X150.784000 Y13.907000 Z-0.125000
G01 X150.999000 Y15.682000 Z-0.125000
G01 X151.431000 Y16.861000 Z-0.125000
G01 X152.140000 Y17.716000 Z-0.125000
G01 X152.859000 Y18.614000 Z-0.125000
G01 X153.322000 Y19.948000 Z-0.125000
G01 X153.600000 Y22.041000 Z-0.125000
G01 X153.761000 Y25.216000 Z-0.125000
G01 X153.969000 Y31.435000 Z-0.125000
G01 X160.346000 Y31.644000 Z-0.125000
G01 X165.328000 Y31.581000 Z-0.125000
G01 X166.881000 Y31.358000 Z-0.125000
G01 X167.734000 Y31.015000 Z-0.125000
G01 X168.004000 Y30.664000 Z-0.125000
G01 X168.224000 Y30.071000 Z-0.125000
G01 X168.533000 Y27.950000 Z-0.125000
G01 X168.691000 Y24.247000 Z-0.125000
G01 X168.732000 Y18.553000 Z-0.125000
G01 X168.525000 Y10.028000 Z-0.125000
G01 X168.307000 Y7.189000 Z-0.125000
G01 X168.042000 Y5.855000 Z-0.125000
G01 X167.596000 Y5.312000 Z-0.125000
G01 X167.187000 Y5.145000 Z-0.125000
G01 X166.820000 Y5.348000 Z-0.125000
G01 X166.498000 Y5.911000 Z-0.125000
G01 X165.999000 Y8.089000 Z-0.125000
G01 X165.716000 Y11.615000 Z-0.125000
G01 X165.500000 Y17.020000 Z-0.125000
G01 X161.176000 Y17.020000 Z-0.125000
G01 X156.851000 Y17.020000 Z-0.125000
G01 X156.635000 Y12.005000 Z-0.125000
G01 X156.255000 Y8.189000 Z-0.125000
G01 X155.963000 Y6.816000 Z-0.125000
G01 X155.646000 Y6.059000 Z-0.125000
G01 X154.723000 Y5.460000 Z-0.125000
G01 X153.426000 Y5.160000 Z-0.125000
G01 X152.129000 Y5.197000 Z-0.125000
G01 X151.597000 Y5.353000 Z-0.125000
G01 X151.206000 Y5.608000 Z-0.125000
G01 X151.206000 Y5.608000 Z-0.125000
G00 Z5.000000

(End cutting path id: path3)


(Start cutting path id: path3)
(Change tool to Default tool)

G00 Z5.000000
G00 X145.536000 Y8.876000

G01 Z-0.125000 F100.0(Penetrate)
G01 X145.915000 Y9.801000 Z-0.125000 F400.000000
G01 X146.185000 Y11.714000 Z-0.125000
G01 X146.401000 Y18.517000 Z-0.125000
G01 X146.281000 Y24.449000 Z-0.125000
G01 X146.046000 Y26.312000 Z-0.125000
G01 X145.620000 Y27.578000 Z-0.125000
G01 X144.946000 Y28.353000 Z-0.125000
G01 X143.967000 Y28.741000 Z-0.125000
G01 X142.628000 Y28.846000 Z-0.125000
G01 X140.871000 Y28.774000 Z-0.125000
G01 X137.392000 Y28.552000 Z-0.125000
G01 X137.189000 Y19.220000 Z-0.125000
G01 X137.152000 Y12.354000 Z-0.125000
G01 X137.346000 Y8.950000 Z-0.125000
G01 X137.782000 Y8.552000 Z-0.125000
G01 X138.654000 Y8.263000 Z-0.125000
G01 X141.168000 Y8.015000 Z-0.125000
G01 X143.819000 Y8.216000 Z-0.125000
G01 X144.861000 Y8.488000 Z-0.125000
G01 X145.536000 Y8.876000 Z-0.125000
G01 X145.536000 Y8.876000 Z-0.125000
G00 Z5.000000

(End cutting path id: path3)


(Start cutting path id: path3)
(Change tool to Default tool)

G00 Z5.000000
G00 X132.130000 Y5.993000

G01 Z-0.125000 F100.0(Penetrate)
G01 X131.764000 Y7.275000 Z-0.125000 F400.000000
G01 X131.494000 Y9.986000 Z-0.125000
G01 X131.251000 Y17.849000 Z-0.125000
G01 X131.417000 Y25.886000 Z-0.125000
G01 X131.660000 Y28.815000 Z-0.125000
G01 X132.011000 Y30.401000 Z-0.125000
G01 X132.600000 Y31.124000 Z-0.125000
G01 X133.637000 Y31.547000 Z-0.125000
G01 X135.472000 Y31.746000 Z-0.125000
G01 X138.451000 Y31.795000 Z-0.125000
G01 X142.866000 Y31.641000 Z-0.125000
G01 X144.469000 Y31.420000 Z-0.125000
G01 X145.736000 Y31.079000 Z-0.125000
G01 X146.720000 Y30.598000 Z-0.125000
G01 X147.470000 Y29.960000 Z-0.125000
G01 X148.038000 Y29.145000 Z-0.125000
G01 X148.475000 Y28.135000 Z-0.125000
G01 X148.818000 Y26.564000 Z-0.125000
G01 X149.064000 Y24.267000 Z-0.125000
G01 X149.260000 Y18.461000 Z-0.125000
G01 X149.064000 Y12.656000 Z-0.125000
G01 X148.818000 Y10.358000 Z-0.125000
G01 X148.475000 Y8.788000 Z-0.125000
G01 X148.019000 Y7.807000 Z-0.125000
G01 X147.397000 Y6.933000 Z-0.125000
G01 X146.671000 Y6.239000 Z-0.125000
G01 X145.905000 Y5.797000 Z-0.125000
G01 X144.613000 Y5.481000 Z-0.125000
G01 X142.807000 Y5.267000 Z-0.125000
G01 X138.436000 Y5.138000 Z-0.125000
G01 X134.355000 Y5.387000 Z-0.125000
G01 X132.913000 Y5.647000 Z-0.125000
G01 X132.130000 Y5.993000 Z-0.125000
G01 X132.130000 Y5.993000 Z-0.125000
G00 Z5.000000

(End cutting path id: path3)


(Start cutting path id: path3)
(Change tool to Default tool)

G00 Z5.000000
G00 X114.512000 Y17.152000

G01 Z-0.125000 F100.0(Penetrate)
G01 X119.108000 Y21.748000 Z-0.125000 F400.000000
G01 X119.320000 Y21.843000 Z-0.125000
G01 X119.394000 Y21.660000 Z-0.125000
G01 X119.119000 Y21.011000 Z-0.125000
G01 X115.541000 Y17.432000 Z-0.125000
G01 X115.447000 Y17.222000 Z-0.125000
G01 X115.634000 Y17.152000 Z-0.125000
G01 X116.289000 Y17.432000 Z-0.125000
G01 X119.131000 Y20.274000 Z-0.125000
G01 X119.343000 Y20.370000 Z-0.125000
G01 X119.417000 Y20.186000 Z-0.125000
G01 X119.143000 Y19.537000 Z-0.125000
G01 X116.903000 Y17.298000 Z-0.125000
G01 X116.700000 Y16.978000 Z-0.125000
G01 X116.645000 Y16.666000 Z-0.125000
G01 X116.731000 Y16.495000 Z-0.125000
G01 X116.949000 Y16.595000 Z-0.125000
G01 X119.154000 Y18.801000 Z-0.125000
G01 X119.366000 Y18.896000 Z-0.125000
G01 X119.440000 Y18.712000 Z-0.125000
G01 X119.164000 Y18.062000 Z-0.125000
G01 X116.995000 Y15.893000 Z-0.125000
G01 X116.791000 Y15.572000 Z-0.125000
G01 X116.737000 Y15.261000 Z-0.125000
G01 X116.823000 Y15.089000 Z-0.125000
G01 X117.041000 Y15.190000 Z-0.125000
G01 X119.174000 Y17.324000 Z-0.125000
G01 X119.386000 Y17.419000 Z-0.125000
G01 X119.460000 Y17.235000 Z-0.125000
G01 X119.184000 Y16.585000 Z-0.125000
G01 X117.087000 Y14.488000 Z-0.125000
G01 X116.883000 Y14.167000 Z-0.125000
G01 X116.829000 Y13.856000 Z-0.125000
G01 X116.915000 Y13.684000 Z-0.125000
G01 X117.133000 Y13.785000 Z-0.125000
G01 X119.190000 Y15.842000 Z-0.125000
G01 X119.401000 Y15.936000 Z-0.125000
G01 X119.473000 Y15.751000 Z-0.125000
G01 X119.195000 Y15.098000 Z-0.125000
G01 X117.179000 Y13.082000 Z-0.125000
G01 X116.975000 Y12.762000 Z-0.125000
G01 X116.921000 Y12.451000 Z-0.125000
G01 X117.007000 Y12.279000 Z-0.125000
G01 X117.224000 Y12.380000 Z-0.125000
G01 X119.197000 Y14.353000 Z-0.125000
G01 X119.408000 Y14.446000 Z-0.125000
G01 X119.477000 Y14.259000 Z-0.125000
G01 X119.195000 Y13.603000 Z-0.125000
G01 X117.271000 Y11.678000 Z-0.125000
G01 X117.068000 Y11.359000 Z-0.125000
G01 X117.016000 Y11.049000 Z-0.125000
G01 X117.104000 Y10.880000 Z-0.125000
G01 X117.323000 Y10.982000 Z-0.125000
G01 X119.194000 Y12.853000 Z-0.125000
G01 X119.403000 Y12.945000 Z-0.125000
G01 X119.470000 Y12.755000 Z-0.125000
G01 X119.184000 Y12.095000 Z-0.125000
G01 X117.381000 Y10.292000 Z-0.125000
G01 X117.180000 Y9.974000 Z-0.125000
G01 X117.132000 Y9.669000 Z-0.125000
G01 X117.224000 Y9.504000 Z-0.125000
G01 X117.445000 Y9.607000 Z-0.125000
G01 X119.174000 Y11.337000 Z-0.125000
G01 X119.381000 Y11.427000 Z-0.125000
G01 X119.444000 Y11.233000 Z-0.125000
G01 X119.153000 Y10.567000 Z-0.125000
G01 X117.521000 Y8.935000 Z-0.125000
G01 X117.323000 Y8.621000 Z-0.125000
G01 X117.282000 Y8.322000 Z-0.125000
G01 X117.381000 Y8.164000 Z-0.125000
G01 X117.604000 Y8.270000 Z-0.125000
G01 X119.171000 Y9.837000 Z-0.125000
G01 X119.369000 Y9.918000 Z-0.125000
G01 X119.412000 Y9.704000 Z-0.125000
G01 X119.092000 Y9.009000 Z-0.125000
G01 X117.697000 Y7.615000 Z-0.125000
G01 X117.503000 Y7.304000 Z-0.125000
G01 X117.470000 Y7.013000 Z-0.125000
G01 X117.576000 Y6.863000 Z-0.125000
G01 X117.804000 Y6.973000 Z-0.125000
G01 X119.040000 Y8.209000 Z-0.125000
G01 X119.240000 Y8.292000 Z-0.125000
G01 X119.286000 Y8.081000 Z-0.125000
G01 X118.971000 Y7.392000 Z-0.125000
G01 X117.934000 Y6.355000 Z-0.125000
G01 X117.754000 Y6.058000 Z-0.125000
G01 X117.751000 Y5.798000 Z-0.125000
G01 X117.889000 Y5.678000 Z-0.125000
G01 X118.130000 Y5.802000 Z-0.125000
G01 X118.860000 Y6.533000 Z-0.125000
G01 X119.037000 Y6.593000 Z-0.125000
G01 X119.033000 Y6.331000 Z-0.125000
G01 X118.645000 Y5.569000 Z-0.125000
G01 X118.282000 Y5.206000 Z-0.125000
G00 Z5.000000

(End cutting path id: path3)


(Start cutting path id: path3)
(Change tool to Default tool)

G00 Z5.000000
G00 X102.950000 Y5.575000

G01 Z-0.125000 F100.0(Penetrate)
G01 X102.750000 Y6.218000 Z-0.125000 F400.000000
G01 X102.587000 Y7.589000 Z-0.125000
G01 X102.436000 Y11.709000 Z-0.125000
G01 X102.486000 Y14.658000 Z-0.125000
G01 X102.686000 Y16.470000 Z-0.125000
G01 X103.115000 Y17.496000 Z-0.125000
G01 X103.850000 Y18.086000 Z-0.125000
G01 X104.589000 Y18.703000 Z-0.125000
G01 X105.048000 Y19.833000 Z-0.125000
G01 X105.313000 Y21.853000 Z-0.125000
G01 X105.471000 Y25.139000 Z-0.125000
G01 X105.679000 Y31.435000 Z-0.125000
G01 X112.526000 Y31.435000 Z-0.125000
G01 X119.373000 Y31.435000 Z-0.125000
G01 X119.571000 Y18.875000 Z-0.125000
G01 X119.587000 Y11.575000 Z-0.125000
G01 X119.323000 Y7.137000 Z-0.125000
G01 X119.071000 Y5.879000 Z-0.125000
G01 X118.731000 Y5.202000 Z-0.125000
G01 X118.297000 Y5.062000 Z-0.125000
G01 X117.764000 Y5.413000 Z-0.125000
G01 X117.521000 Y6.063000 Z-0.125000
G01 X117.268000 Y7.426000 Z-0.125000
G01 X116.851000 Y11.492000 Z-0.125000
G01 X116.490000 Y17.020000 Z-0.125000
G01 X112.166000 Y17.020000 Z-0.125000
G01 X107.842000 Y17.020000 Z-0.125000
G01 X107.481000 Y11.254000 Z-0.125000
G01 X107.240000 Y8.017000 Z-0.125000
G01 X106.914000 Y6.269000 Z-0.125000
G01 X106.664000 Y5.800000 Z-0.125000
G01 X106.325000 Y5.518000 Z-0.125000
G01 X105.292000 Y5.275000 Z-0.125000
G01 X103.850000 Y5.276000 Z-0.125000
G01 X102.950000 Y5.575000 Z-0.125000
G01 X102.950000 Y5.575000 Z-0.125000
G00 Z5.000000

(End cutting path id: path3)


(Start cutting path id: path3)
(Change tool to Default tool)

G00 Z5.000000
G00 X102.899000 Y16.764000

G01 Z-0.125000 F100.0(Penetrate)
G01 X107.068000 Y20.933000 Z-0.125000 F400.000000
G01 X107.278000 Y21.026000 Z-0.125000
G01 X107.348000 Y20.839000 Z-0.125000
G01 X107.068000 Y20.185000 Z-0.125000
G01 X102.939000 Y16.056000 Z-0.125000
G01 X102.649000 Y15.391000 Z-0.125000
G01 X102.712000 Y15.197000 Z-0.125000
G01 X102.919000 Y15.288000 Z-0.125000
G01 X107.481000 Y19.849000 Z-0.125000
G01 X108.136000 Y20.130000 Z-0.125000
G01 X108.323000 Y20.060000 Z-0.125000
G01 X108.229000 Y19.849000 Z-0.125000
G01 X102.881000 Y14.501000 Z-0.125000
G01 X102.580000 Y13.826000 Z-0.125000
G01 X102.637000 Y13.625000 Z-0.125000
G01 X102.841000 Y13.713000 Z-0.125000
G01 X108.978000 Y19.849000 Z-0.125000
G01 X109.632000 Y20.130000 Z-0.125000
G01 X109.820000 Y20.060000 Z-0.125000
G01 X109.726000 Y19.849000 Z-0.125000
G01 X102.574000 Y12.698000 Z-0.125000
G00 Z5.000000

(End cutting path id: path3)


(Start cutting path id: path3)
(Change tool to Default tool)

G00 Z5.000000
G00 X105.734000 Y25.132000

G01 Z-0.125000 F100.0(Penetrate)
G01 X105.602000 Y22.071000 Z-0.125000 F400.000000
G01 X105.441000 Y20.552000 Z-0.125000
G01 X105.088000 Y19.067000 Z-0.125000
G01 X104.799000 Y18.528000 Z-0.125000
G01 X104.362000 Y18.123000 Z-0.125000
G01 X103.388000 Y17.408000 Z-0.125000
G01 X102.955000 Y16.440000 Z-0.125000
G01 X102.786000 Y15.389000 Z-0.125000
G01 X102.710000 Y13.241000 Z-0.125000
G01 X102.733000 Y9.543000 Z-0.125000
G01 X102.845000 Y7.699000 Z-0.125000
G01 X103.100000 Y5.870000 Z-0.125000
G01 X103.436000 Y5.630000 Z-0.125000
G01 X103.859000 Y5.532000 Z-0.125000
G01 X104.749000 Y5.503000 Z-0.125000
G01 X105.980000 Y5.680000 Z-0.125000
G01 X106.474000 Y5.998000 Z-0.125000
G01 X106.731000 Y6.567000 Z-0.125000
G01 X107.014000 Y8.477000 Z-0.125000
G01 X107.170000 Y10.404000 Z-0.125000
G01 X107.405000 Y14.266000 Z-0.125000
G01 X107.594000 Y17.284000 Z-0.125000
G01 X116.738000 Y17.284000 Z-0.125000
G01 X117.101000 Y11.622000 Z-0.125000
G01 X117.358000 Y8.806000 Z-0.125000
G01 X117.803000 Y6.041000 Z-0.125000
G01 X117.895000 Y5.707000 Z-0.125000
G01 X118.143000 Y5.428000 Z-0.125000
G01 X118.439000 Y5.343000 Z-0.125000
G01 X118.678000 Y5.591000 Z-0.125000
G01 X119.043000 Y7.079000 Z-0.125000
G01 X119.210000 Y8.606000 Z-0.125000
G01 X119.324000 Y11.683000 Z-0.125000
G01 X119.272000 Y21.427000 Z-0.125000
G01 X119.113000 Y31.171000 Z-0.125000
G01 X105.936000 Y31.171000 Z-0.125000
G01 X105.734000 Y25.132000 Z-0.125000
G01 X105.734000 Y25.132000 Z-0.125000
G00 Z5.000000

(End cutting path id: path3)


(Start cutting path id: path3)
(Change tool to Default tool)

G00 Z5.000000
G00 X105.665000 Y27.014000

G01 Z-0.125000 F100.0(Penetrate)
G01 X107.068000 Y28.416000 Z-0.125000 F400.000000
G01 X107.278000 Y28.510000 Z-0.125000
G01 X107.349000 Y28.323000 Z-0.125000
G01 X107.068000 Y27.668000 Z-0.125000
G01 X105.920000 Y26.520000 Z-0.125000
G01 X105.627000 Y25.853000 Z-0.125000
G01 X105.688000 Y25.657000 Z-0.125000
G01 X105.895000 Y25.746000 Z-0.125000
G01 X107.068000 Y26.920000 Z-0.125000
G01 X107.278000 Y27.013000 Z-0.125000
G01 X107.349000 Y26.826000 Z-0.125000
G01 X107.068000 Y26.171000 Z-0.125000
G01 X105.866000 Y24.970000 Z-0.125000
G01 X105.570000 Y24.300000 Z-0.125000
G01 X105.630000 Y24.102000 Z-0.125000
G01 X105.836000 Y24.191000 Z-0.125000
G01 X107.068000 Y25.423000 Z-0.125000
G01 X107.278000 Y25.517000 Z-0.125000
G01 X107.349000 Y25.329000 Z-0.125000
G01 X107.068000 Y24.675000 Z-0.125000
G01 X105.803000 Y23.410000 Z-0.125000
G01 X105.500000 Y22.733000 Z-0.125000
G01 X105.555000 Y22.530000 Z-0.125000
G01 X105.758000 Y22.617000 Z-0.125000
G01 X107.068000 Y23.926000 Z-0.125000
G01 X107.278000 Y24.020000 Z-0.125000
G01 X107.348000 Y23.833000 Z-0.125000
G01 X107.068000 Y23.178000 Z-0.125000
G01 X105.698000 Y21.808000 Z-0.125000
G01 X105.374000 Y21.109000 Z-0.125000
G01 X105.414000 Y20.892000 Z-0.125000
G01 X105.611000 Y20.972000 Z-0.125000
G01 X107.068000 Y22.430000 Z-0.125000
G01 X107.278000 Y22.523000 Z-0.125000
G01 X107.348000 Y22.336000 Z-0.125000
G01 X107.068000 Y21.681000 Z-0.125000
G01 X105.171000 Y19.785000 Z-0.125000
G00 Z5.000000

(End cutting path id: path3)


(Start cutting path id: path3)
(Change tool to Default tool)

G00 Z5.000000
G00 X107.492000 Y29.241000

G01 Z-0.125000 F100.0(Penetrate)
G01 X117.453000 Y28.805000 Z-0.125000 F400.000000
G01 X117.764000 Y25.003000 Z-0.125000
G01 X117.698000 Y23.105000 Z-0.125000
G01 X117.301000 Y21.247000 Z-0.125000
G01 X116.774000 Y20.548000 Z-0.125000
G01 X115.991000 Y20.199000 Z-0.125000
G01 X114.219000 Y20.028000 Z-0.125000
G01 X107.217000 Y19.999000 Z-0.125000
G01 X107.217000 Y29.255000 Z-0.125000
G01 X107.492000 Y29.241000 Z-0.125000
G01 X107.492000 Y29.241000 Z-0.125000
G00 Z5.000000

(End cutting path id: path3)


(Start cutting path id: path3)
(Change tool to Default tool)

G00 Z5.000000
G00 X105.794000 Y30.884000

G01 Z-0.125000 F100.0(Penetrate)
G01 X106.003000 Y31.093000 Z-0.125000 F400.000000
G01 X106.586000 Y31.302000 Z-0.125000
G01 X106.791000 Y31.250000 Z-0.125000
G01 X106.751000 Y31.093000 Z-0.125000
G01 X106.049000 Y30.391000 Z-0.125000
G01 X105.755000 Y29.723000 Z-0.125000
G01 X105.816000 Y29.527000 Z-0.125000
G01 X106.023000 Y29.617000 Z-0.125000
G01 X107.428000 Y31.021000 Z-0.125000
G01 X108.083000 Y31.302000 Z-0.125000
G01 X108.270000 Y31.232000 Z-0.125000
G01 X108.176000 Y31.021000 Z-0.125000
G01 X105.997000 Y28.843000 Z-0.125000
G01 X105.704000 Y28.175000 Z-0.125000
G01 X105.765000 Y27.979000 Z-0.125000
G01 X105.972000 Y28.069000 Z-0.125000
G01 X108.924000 Y31.021000 Z-0.125000
G01 X109.579000 Y31.302000 Z-0.125000
G01 X109.766000 Y31.232000 Z-0.125000
G01 X109.673000 Y31.021000 Z-0.125000
G01 X108.030000 Y29.379000 Z-0.125000
G01 X107.932000 Y29.163000 Z-0.125000
G01 X108.108000 Y29.082000 Z-0.125000
G01 X108.425000 Y29.142000 Z-0.125000
G01 X108.747000 Y29.347000 Z-0.125000
G01 X110.421000 Y31.021000 Z-0.125000
G01 X111.076000 Y31.302000 Z-0.125000
G01 X111.263000 Y31.232000 Z-0.125000
G01 X111.170000 Y31.021000 Z-0.125000
G01 X109.464000 Y29.316000 Z-0.125000
G01 X109.366000 Y29.101000 Z-0.125000
G01 X109.542000 Y29.020000 Z-0.125000
G01 X109.859000 Y29.079000 Z-0.125000
G01 X110.181000 Y29.285000 Z-0.125000
G01 X111.918000 Y31.021000 Z-0.125000
G01 X112.573000 Y31.302000 Z-0.125000
G01 X112.760000 Y31.232000 Z-0.125000
G01 X112.666000 Y31.021000 Z-0.125000
G01 X110.898000 Y29.253000 Z-0.125000
G01 X110.800000 Y29.038000 Z-0.125000
G01 X110.976000 Y28.957000 Z-0.125000
G01 X111.292000 Y29.016000 Z-0.125000
G01 X111.615000 Y29.222000 Z-0.125000
G01 X113.415000 Y31.021000 Z-0.125000
G01 X114.069000 Y31.302000 Z-0.125000
G01 X114.256000 Y31.232000 Z-0.125000
G01 X114.163000 Y31.021000 Z-0.125000
G01 X112.332000 Y29.190000 Z-0.125000
G01 X112.233000 Y28.975000 Z-0.125000
G01 X112.410000 Y28.894000 Z-0.125000
G01 X112.726000 Y28.953000 Z-0.125000
G01 X113.049000 Y29.159000 Z-0.125000
G01 X114.911000 Y31.021000 Z-0.125000
G01 X115.566000 Y31.302000 Z-0.125000
G01 X115.753000 Y31.232000 Z-0.125000
G01 X115.660000 Y31.021000 Z-0.125000
G01 X113.766000 Y29.128000 Z-0.125000
G01 X113.667000 Y28.912000 Z-0.125000
G01 X113.844000 Y28.831000 Z-0.125000
G01 X114.160000 Y28.891000 Z-0.125000
G01 X114.483000 Y29.096000 Z-0.125000
G01 X116.408000 Y31.021000 Z-0.125000
G01 X117.063000 Y31.302000 Z-0.125000
G01 X117.250000 Y31.232000 Z-0.125000
G01 X117.156000 Y31.021000 Z-0.125000
G01 X115.200000 Y29.065000 Z-0.125000
G01 X115.101000 Y28.849000 Z-0.125000
G01 X115.278000 Y28.768000 Z-0.125000
G01 X115.594000 Y28.828000 Z-0.125000
G01 X115.917000 Y29.033000 Z-0.125000
G01 X117.905000 Y31.021000 Z-0.125000
G01 X118.560000 Y31.302000 Z-0.125000
G01 X118.747000 Y31.232000 Z-0.125000
G01 X118.653000 Y31.021000 Z-0.125000
G01 X116.634000 Y29.002000 Z-0.125000
G01 X116.535000 Y28.787000 Z-0.125000
G01 X116.712000 Y28.706000 Z-0.125000
G01 X117.028000 Y28.765000 Z-0.125000
G01 X117.351000 Y28.971000 Z-0.125000
G01 X118.969000 Y30.589000 Z-0.125000
G01 X119.181000 Y30.684000 Z-0.125000
G01 X119.256000 Y30.501000 Z-0.125000
G01 X118.981000 Y29.852000 Z-0.125000
G01 X117.654000 Y28.526000 Z-0.125000
G01 X117.454000 Y28.208000 Z-0.125000
G01 X117.406000 Y27.903000 Z-0.125000
G01 X117.498000 Y27.739000 Z-0.125000
G01 X117.719000 Y27.842000 Z-0.125000
G01 X118.992000 Y29.116000 Z-0.125000
G01 X119.205000 Y29.211000 Z-0.125000
G01 X119.279000 Y29.028000 Z-0.125000
G01 X119.004000 Y28.379000 Z-0.125000
G01 X117.784000 Y27.159000 Z-0.125000
G01 X117.584000 Y26.842000 Z-0.125000
G01 X117.535000 Y26.535000 Z-0.125000
G01 X117.626000 Y26.370000 Z-0.125000
G01 X117.846000 Y26.473000 Z-0.125000
G01 X119.016000 Y27.642000 Z-0.125000
G01 X119.228000 Y27.737000 Z-0.125000
G01 X119.302000 Y27.554000 Z-0.125000
G01 X119.027000 Y26.905000 Z-0.125000
G01 X117.898000 Y25.777000 Z-0.125000
G01 X117.626000 Y25.130000 Z-0.125000
G01 X117.701000 Y24.948000 Z-0.125000
G01 X117.914000 Y25.044000 Z-0.125000
G01 X119.039000 Y26.169000 Z-0.125000
G01 X119.251000 Y26.264000 Z-0.125000
G01 X119.325000 Y26.081000 Z-0.125000
G01 X119.050000 Y25.432000 Z-0.125000
G01 X117.871000 Y24.253000 Z-0.125000
G01 X117.580000 Y23.587000 Z-0.125000
G01 X117.642000 Y23.392000 Z-0.125000
G01 X117.849000 Y23.483000 Z-0.125000
G01 X119.062000 Y24.695000 Z-0.125000
G01 X119.274000 Y24.790000 Z-0.125000
G01 X119.348000 Y24.607000 Z-0.125000
G01 X119.073000 Y23.958000 Z-0.125000
G01 X117.746000 Y22.631000 Z-0.125000
G01 X117.228000 Y21.738000 Z-0.125000
G01 X117.135000 Y21.388000 Z-0.125000
G01 X117.271000 Y21.408000 Z-0.125000
G01 X119.085000 Y23.222000 Z-0.125000
G01 X119.297000 Y23.317000 Z-0.125000
G01 X119.372000 Y23.134000 Z-0.125000
G01 X119.097000 Y22.485000 Z-0.125000
G01 X114.044000 Y17.433000 Z-0.125000
G01 X113.390000 Y17.152000 Z-0.125000
G01 X113.203000 Y17.222000 Z-0.125000
G01 X113.296000 Y17.433000 Z-0.125000
G01 X116.147000 Y20.284000 Z-0.125000
G01 X116.188000 Y20.442000 Z-0.125000
G01 X115.886000 Y20.397000 Z-0.125000
G01 X115.064000 Y19.949000 Z-0.125000
G01 X112.531000 Y17.416000 Z-0.125000
G01 X111.884000 Y17.144000 Z-0.125000
G01 X111.703000 Y17.219000 Z-0.125000
G01 X111.799000 Y17.433000 Z-0.125000
G01 X114.254000 Y19.887000 Z-0.125000
G01 X114.344000 Y20.094000 Z-0.125000
G01 X114.148000 Y20.155000 Z-0.125000
G01 X113.481000 Y19.862000 Z-0.125000
G01 X111.051000 Y17.433000 Z-0.125000
G01 X110.396000 Y17.152000 Z-0.125000
G01 X110.209000 Y17.222000 Z-0.125000
G01 X110.303000 Y17.433000 Z-0.125000
G01 X112.725000 Y19.855000 Z-0.125000
G01 X112.818000 Y20.065000 Z-0.125000
G01 X112.629000 Y20.133000 Z-0.125000
G01 X111.972000 Y19.850000 Z-0.125000
G01 X109.554000 Y17.432000 Z-0.125000
G01 X108.899000 Y17.151000 Z-0.125000
G01 X108.712000 Y17.222000 Z-0.125000
G01 X108.806000 Y17.432000 Z-0.125000
G01 X111.223000 Y19.849000 Z-0.125000
G01 X111.317000 Y20.060000 Z-0.125000
G01 X111.130000 Y20.130000 Z-0.125000
G01 X110.475000 Y19.849000 Z-0.125000
G01 X102.850000 Y12.225000 Z-0.125000
G01 X102.571000 Y11.572000 Z-0.125000
G01 X102.642000 Y11.386000 Z-0.125000
G01 X102.853000 Y11.480000 Z-0.125000
G01 X107.382000 Y16.009000 Z-0.125000
G01 X107.585000 Y16.095000 Z-0.125000
G01 X107.638000 Y15.890000 Z-0.125000
G01 X107.333000 Y15.211000 Z-0.125000
G01 X102.862000 Y10.740000 Z-0.125000
G01 X102.655000 Y10.416000 Z-0.125000
G01 X102.592000 Y10.095000 Z-0.125000
G01 X102.669000 Y9.915000 Z-0.125000
G01 X102.882000 Y10.012000 Z-0.125000
G01 X107.283000 Y14.412000 Z-0.125000
G01 X107.485000 Y14.498000 Z-0.125000
G01 X107.538000 Y14.294000 Z-0.125000
G01 X107.233000 Y13.614000 Z-0.125000
G01 X102.912000 Y9.293000 Z-0.125000
G01 X102.707000 Y8.972000 Z-0.125000
G01 X102.650000 Y8.657000 Z-0.125000
G01 X102.733000 Y8.483000 Z-0.125000
G01 X102.950000 Y8.583000 Z-0.125000
G01 X107.183000 Y12.816000 Z-0.125000
G01 X107.386000 Y12.902000 Z-0.125000
G01 X107.439000 Y12.697000 Z-0.125000
G01 X107.133000 Y12.018000 Z-0.125000
G01 X102.999000 Y7.883000 Z-0.125000
G01 X102.797000 Y7.565000 Z-0.125000
G01 X102.747000 Y7.257000 Z-0.125000
G01 X102.836000 Y7.090000 Z-0.125000
G01 X103.056000 Y7.192000 Z-0.125000
G01 X107.083000 Y11.219000 Z-0.125000
G01 X107.285000 Y11.305000 Z-0.125000
G01 X107.338000 Y11.100000 Z-0.125000
G01 X107.031000 Y10.419000 Z-0.125000
G01 X103.156000 Y6.544000 Z-0.125000
G01 X102.971000 Y6.242000 Z-0.125000
G01 X102.956000 Y5.970000 Z-0.125000
G01 X103.082000 Y5.839000 Z-0.125000
G01 X103.318000 Y5.957000 Z-0.125000
G01 X106.978000 Y9.618000 Z-0.125000
G01 X107.180000 Y9.702000 Z-0.125000
G01 X107.230000 Y9.495000 Z-0.125000
G01 X106.921000 Y8.812000 Z-0.125000
G01 X103.847000 Y5.738000 Z-0.125000
G01 X103.740000 Y5.514000 Z-0.125000
G01 X103.898000 Y5.415000 Z-0.125000
G01 X104.196000 Y5.456000 Z-0.125000
G01 X104.510000 Y5.653000 Z-0.125000
G01 X106.850000 Y7.993000 Z-0.125000
G01 X107.046000 Y8.072000 Z-0.125000
G01 X107.084000 Y7.852000 Z-0.125000
G01 X106.756000 Y7.150000 Z-0.125000
G01 X105.262000 Y5.657000 Z-0.125000
G01 X105.187000 Y5.464000 Z-0.125000
G01 X105.414000 Y5.434000 Z-0.125000
G01 X106.127000 Y5.773000 Z-0.125000
G01 X106.876000 Y6.523000 Z-0.125000
G00 Z5.000000

(End cutting path id: path3)


(Start cutting path id: path3)
(Change tool to Default tool)

G00 Z5.000000
G00 X117.250000 Y21.965000

G01 Z-0.125000 F100.0(Penetrate)
G01 X117.484000 Y23.885000 Z-0.125000 F400.000000
G01 X117.444000 Y26.110000 Z-0.125000
G01 X117.211000 Y28.552000 Z-0.125000
G01 X112.346000 Y28.765000 Z-0.125000
G01 X107.481000 Y28.978000 Z-0.125000
G01 X107.481000 Y24.620000 Z-0.125000
G01 X107.481000 Y20.263000 Z-0.125000
G01 X112.152000 Y20.263000 Z-0.125000
G01 X114.711000 Y20.308000 Z-0.125000
G01 X116.169000 Y20.525000 Z-0.125000
G01 X116.600000 Y20.737000 Z-0.125000
G01 X116.894000 Y21.037000 Z-0.125000
G01 X117.251000 Y21.965000 Z-0.125000
G01 X117.250000 Y21.965000 Z-0.125000
G00 Z5.000000

(End cutting path id: path3)


(Start cutting path id: path3)
(Change tool to Default tool)

G00 Z5.000000
G00 X133.098000 Y31.248000

G01 Z-0.125000 F100.0(Penetrate)
G01 X132.345000 Y30.495000 Z-0.125000 F400.000000
G01 X131.960000 Y29.736000 Z-0.125000
G01 X131.959000 Y29.477000 Z-0.125000
G01 X132.137000 Y29.538000 Z-0.125000
G01 X133.810000 Y31.211000 Z-0.125000
G01 X134.509000 Y31.536000 Z-0.125000
G01 X134.726000 Y31.496000 Z-0.125000
G01 X134.647000 Y31.299000 Z-0.125000
G01 X132.026000 Y28.678000 Z-0.125000
G01 X131.702000 Y27.980000 Z-0.125000
G01 X131.742000 Y27.764000 Z-0.125000
G01 X131.939000 Y27.844000 Z-0.125000
G01 X135.437000 Y31.341000 Z-0.125000
G01 X136.103000 Y31.633000 Z-0.125000
G01 X136.298000 Y31.571000 Z-0.125000
G01 X136.208000 Y31.364000 Z-0.125000
G01 X131.883000 Y27.039000 Z-0.125000
G01 X131.577000 Y26.359000 Z-0.125000
G01 X131.630000 Y26.155000 Z-0.125000
G01 X131.833000 Y26.241000 Z-0.125000
G01 X136.966000 Y31.373000 Z-0.125000
G01 X137.623000 Y31.657000 Z-0.125000
G01 X137.812000 Y31.588000 Z-0.125000
G01 X137.719000 Y31.378000 Z-0.125000
G01 X131.794000 Y25.454000 Z-0.125000
G01 X131.497000 Y24.783000 Z-0.125000
G01 X131.556000 Y24.584000 Z-0.125000
G01 X131.762000 Y24.673000 Z-0.125000
G01 X138.468000 Y31.379000 Z-0.125000
G01 X139.121000 Y31.658000 Z-0.125000
G01 X139.306000 Y31.586000 Z-0.125000
G01 X139.212000 Y31.374000 Z-0.125000
G01 X131.736000 Y23.899000 Z-0.125000
G01 X131.445000 Y23.234000 Z-0.125000
G01 X131.508000 Y23.039000 Z-0.125000
G01 X131.715000 Y23.129000 Z-0.125000
G01 X139.947000 Y31.361000 Z-0.125000
G01 X140.271000 Y31.569000 Z-0.125000
G01 X140.592000 Y31.632000 Z-0.125000
G01 X140.773000 Y31.556000 Z-0.125000
G01 X140.676000 Y31.342000 Z-0.125000
G01 X138.341000 Y29.007000 Z-0.125000
G01 X138.255000 Y28.804000 Z-0.125000
G01 X138.460000 Y28.752000 Z-0.125000
G01 X139.140000 Y29.058000 Z-0.125000
G01 X141.392000 Y31.309000 Z-0.125000
G01 X141.713000 Y31.513000 Z-0.125000
G01 X142.026000 Y31.569000 Z-0.125000
G01 X142.198000 Y31.485000 Z-0.125000
G01 X142.098000 Y31.268000 Z-0.125000
G01 X139.940000 Y29.109000 Z-0.125000
G01 X139.854000 Y28.906000 Z-0.125000
G01 X140.059000 Y28.854000 Z-0.125000
G01 X140.739000 Y29.160000 Z-0.125000
G01 X142.785000 Y31.206000 Z-0.125000
G01 X143.100000 Y31.404000 Z-0.125000
G01 X143.400000 Y31.446000 Z-0.125000
G01 X143.559000 Y31.349000 Z-0.125000
G01 X143.453000 Y31.126000 Z-0.125000
G01 X141.535000 Y29.207000 Z-0.125000
G01 X141.447000 Y29.003000 Z-0.125000
G01 X141.648000 Y28.946000 Z-0.125000
G01 X142.322000 Y29.246000 Z-0.125000
G01 X144.100000 Y31.024000 Z-0.125000
G01 X144.406000 Y31.213000 Z-0.125000
G01 X144.686000 Y31.236000 Z-0.125000
G01 X144.825000 Y31.118000 Z-0.125000
G01 X144.710000 Y30.885000 Z-0.125000
G01 X143.080000 Y29.256000 Z-0.125000
G01 X142.981000 Y29.039000 Z-0.125000
G01 X143.155000 Y28.956000 Z-0.125000
G01 X143.469000 Y29.014000 Z-0.125000
G01 X143.791000 Y29.218000 Z-0.125000
G01 X145.287000 Y30.715000 Z-0.125000
G01 X145.581000 Y30.892000 Z-0.125000
G01 X145.835000 Y30.889000 Z-0.125000
G01 X145.949000 Y30.745000 Z-0.125000
G01 X145.823000 Y30.502000 Z-0.125000
G01 X144.433000 Y29.112000 Z-0.125000
G01 X144.309000 Y28.871000 Z-0.125000
G01 X144.430000 Y28.735000 Z-0.125000
G01 X144.691000 Y28.738000 Z-0.125000
G01 X144.988000 Y28.918000 Z-0.125000
G01 X146.310000 Y30.240000 Z-0.125000
G01 X146.588000 Y30.402000 Z-0.125000
G01 X146.807000 Y30.364000 Z-0.125000
G01 X146.886000 Y30.186000 Z-0.125000
G01 X146.744000 Y29.926000 Z-0.125000
G01 X145.446000 Y28.628000 Z-0.125000
G01 X145.292000 Y28.357000 Z-0.125000
G01 X145.347000 Y28.155000 Z-0.125000
G01 X145.542000 Y28.093000 Z-0.125000
G01 X145.809000 Y28.243000 Z-0.125000
G01 X147.120000 Y29.554000 Z-0.125000
G01 X147.381000 Y29.698000 Z-0.125000
G01 X147.562000 Y29.622000 Z-0.125000
G01 X147.603000 Y29.405000 Z-0.125000
G01 X147.443000 Y29.128000 Z-0.125000
G01 X146.087000 Y27.773000 Z-0.125000
G01 X145.910000 Y27.478000 Z-0.125000
G01 X145.911000 Y27.223000 Z-0.125000
G01 X146.053000 Y27.107000 Z-0.125000
G01 X146.296000 Y27.234000 Z-0.125000
G01 X147.716000 Y28.653000 Z-0.125000
G01 X147.962000 Y28.783000 Z-0.125000
G01 X148.112000 Y28.675000 Z-0.125000
G01 X148.121000 Y28.427000 Z-0.125000
G01 X147.947000 Y28.136000 Z-0.125000
G01 X146.452000 Y26.641000 Z-0.125000
G01 X146.258000 Y26.330000 Z-0.125000
G01 X146.226000 Y26.040000 Z-0.125000
G01 X146.333000 Y25.891000 Z-0.125000
G01 X146.561000 Y26.001000 Z-0.125000
G01 X148.139000 Y27.580000 Z-0.125000
G01 X148.372000 Y27.695000 Z-0.125000
G01 X148.491000 Y27.558000 Z-0.125000
G01 X148.470000 Y27.279000 Z-0.125000
G01 X148.282000 Y26.974000 Z-0.125000
G01 X146.643000 Y25.336000 Z-0.125000
G01 X146.441000 Y25.017000 Z-0.125000
G01 X146.390000 Y24.708000 Z-0.125000
G01 X146.480000 Y24.540000 Z-0.125000
G01 X146.699000 Y24.643000 Z-0.125000
G01 X148.394000 Y26.338000 Z-0.125000
G01 X148.619000 Y26.446000 Z-0.125000
G01 X148.721000 Y26.291000 Z-0.125000
G01 X148.683000 Y25.996000 Z-0.125000
G01 X148.487000 Y25.683000 Z-0.125000
G01 X146.739000 Y23.934000 Z-0.125000
G01 X146.532000 Y23.611000 Z-0.125000
G01 X146.471000 Y23.293000 Z-0.125000
G01 X146.550000 Y23.115000 Z-0.125000
G01 X146.765000 Y23.212000 Z-0.125000
G01 X148.559000 Y25.006000 Z-0.125000
G01 X148.779000 Y25.110000 Z-0.125000
G01 X148.871000 Y24.944000 Z-0.125000
G01 X148.823000 Y24.638000 Z-0.125000
G01 X148.622000 Y24.321000 Z-0.125000
G01 X146.784000 Y22.483000 Z-0.125000
G01 X146.510000 Y21.835000 Z-0.125000
G01 X146.585000 Y21.652000 Z-0.125000
G01 X146.797000 Y21.748000 Z-0.125000
G01 X148.673000 Y23.624000 Z-0.125000
G01 X148.891000 Y23.724000 Z-0.125000
G01 X148.976000 Y23.553000 Z-0.125000
G01 X148.922000 Y23.241000 Z-0.125000
G01 X148.718000 Y22.920000 Z-0.125000
G01 X146.805000 Y21.007000 Z-0.125000
G01 X146.527000 Y20.355000 Z-0.125000
G01 X146.599000 Y20.169000 Z-0.125000
G01 X146.810000 Y20.264000 Z-0.125000
G01 X148.754000 Y22.208000 Z-0.125000
G01 X148.970000 Y22.307000 Z-0.125000
G01 X149.050000 Y22.130000 Z-0.125000
G01 X148.991000 Y21.813000 Z-0.125000
G01 X148.785000 Y21.491000 Z-0.125000
G01 X146.812000 Y19.517000 Z-0.125000
G01 X146.532000 Y18.863000 Z-0.125000
G01 X146.602000 Y18.676000 Z-0.125000
G01 X146.813000 Y18.770000 Z-0.125000
G01 X148.808000 Y20.765000 Z-0.125000
G01 X149.021000 Y20.862000 Z-0.125000
G01 X149.097000 Y20.681000 Z-0.125000
G01 X148.826000 Y20.035000 Z-0.125000
G01 X146.808000 Y18.017000 Z-0.125000
G01 X146.525000 Y17.360000 Z-0.125000
G01 X146.593000 Y17.171000 Z-0.125000
G01 X146.803000 Y17.264000 Z-0.125000
G01 X148.837000 Y19.298000 Z-0.125000
G01 X149.049000 Y19.393000 Z-0.125000
G01 X149.121000 Y19.208000 Z-0.125000
G01 X148.843000 Y18.556000 Z-0.125000
G01 X146.795000 Y16.508000 Z-0.125000
G01 X146.508000 Y15.846000 Z-0.125000
G01 X146.573000 Y15.654000 Z-0.125000
G01 X146.782000 Y15.746000 Z-0.125000
G01 X148.843000 Y17.807000 Z-0.125000
G01 X149.053000 Y17.900000 Z-0.125000
G01 X149.121000 Y17.711000 Z-0.125000
G01 X148.837000 Y17.053000 Z-0.125000
G01 X146.758000 Y14.974000 Z-0.125000
G01 X146.449000 Y14.290000 Z-0.125000
G01 X146.499000 Y14.083000 Z-0.125000
G01 X146.700000 Y14.167000 Z-0.125000
G01 X148.825000 Y16.292000 Z-0.125000
G01 X149.032000 Y16.383000 Z-0.125000
G01 X149.096000 Y16.189000 Z-0.125000
G01 X148.806000 Y15.525000 Z-0.125000
G01 X146.682000 Y13.402000 Z-0.125000
G01 X146.384000 Y12.729000 Z-0.125000
G01 X146.442000 Y12.530000 Z-0.125000
G01 X146.647000 Y12.618000 Z-0.125000
G01 X148.780000 Y14.750000 Z-0.125000
G01 X148.985000 Y14.839000 Z-0.125000
G01 X149.043000 Y14.640000 Z-0.125000
G01 X148.746000 Y13.969000 Z-0.125000
G01 X146.578000 Y11.801000 Z-0.125000
G01 X146.251000 Y11.099000 Z-0.125000
G01 X146.288000 Y10.879000 Z-0.125000
G01 X146.484000 Y10.958000 Z-0.125000
G01 X148.701000 Y13.175000 Z-0.125000
G01 X148.903000 Y13.260000 Z-0.125000
G01 X148.956000 Y13.056000 Z-0.125000
G01 X148.649000 Y12.375000 Z-0.125000
G01 X146.042000 Y9.768000 Z-0.125000
G00 Z5.000000

(End cutting path id: path3)


(Start cutting path id: path3)
(Change tool to Default tool)

G00 Z5.000000
G00 X142.635000 Y29.110000

G01 Z-0.125000 F100.0(Penetrate)
G01 X143.589000 Y29.073000 Z-0.125000 F400.000000
G01 X144.528000 Y28.849000 Z-0.125000
G01 X145.337000 Y28.379000 Z-0.125000
G01 X145.901000 Y27.604000 Z-0.125000
G01 X146.347000 Y26.125000 Z-0.125000
G01 X146.544000 Y24.591000 Z-0.125000
G01 X146.649000 Y21.488000 Z-0.125000
G01 X146.645000 Y15.750000 Z-0.125000
G01 X146.530000 Y12.886000 Z-0.125000
G01 X146.232000 Y10.036000 Z-0.125000
G01 X145.866000 Y8.915000 Z-0.125000
G01 X145.481000 Y8.488000 Z-0.125000
G01 X144.939000 Y8.235000 Z-0.125000
G01 X143.353000 Y7.883000 Z-0.125000
G01 X141.729000 Y7.745000 Z-0.125000
G01 X140.099000 Y7.802000 Z-0.125000
G01 X138.489000 Y8.033000 Z-0.125000
G01 X137.454000 Y8.450000 Z-0.125000
G01 X137.104000 Y8.854000 Z-0.125000
G01 X137.006000 Y9.409000 Z-0.125000
G01 X136.875000 Y13.786000 Z-0.125000
G01 X136.901000 Y18.165000 Z-0.125000
G01 X137.092000 Y26.924000 Z-0.125000
G01 X137.131000 Y28.800000 Z-0.125000
G01 X142.635000 Y29.110000 Z-0.125000
G01 X142.635000 Y29.110000 Z-0.125000
G00 Z5.000000

(End cutting path id: path3)


(Start cutting path id: path3)
(Change tool to Default tool)

G00 Z5.000000
G00 X137.244000 Y27.911000

G01 Z-0.125000 F100.0(Penetrate)
G01 X131.693000 Y22.360000 Z-0.125000 F400.000000
G01 X131.407000 Y21.700000 Z-0.125000
G01 X131.474000 Y21.509000 Z-0.125000
G01 X131.683000 Y21.601000 Z-0.125000
G01 X136.947000 Y26.865000 Z-0.125000
G01 X137.155000 Y26.956000 Z-0.125000
G01 X137.219000 Y26.763000 Z-0.125000
G01 X136.930000 Y26.100000 Z-0.125000
G01 X131.673000 Y20.843000 Z-0.125000
G01 X131.388000 Y20.184000 Z-0.125000
G01 X131.455000 Y19.994000 Z-0.125000
G01 X131.665000 Y20.086000 Z-0.125000
G01 X136.914000 Y25.335000 Z-0.125000
G01 X137.122000 Y25.426000 Z-0.125000
G01 X137.186000 Y25.234000 Z-0.125000
G01 X136.897000 Y24.570000 Z-0.125000
G01 X131.664000 Y19.337000 Z-0.125000
G01 X131.383000 Y18.682000 Z-0.125000
G01 X131.453000 Y18.494000 Z-0.125000
G01 X131.663000 Y18.588000 Z-0.125000
G01 X136.881000 Y23.805000 Z-0.125000
G01 X137.089000 Y23.896000 Z-0.125000
G01 X137.153000 Y23.704000 Z-0.125000
G01 X136.864000 Y23.040000 Z-0.125000
G01 X131.666000 Y17.842000 Z-0.125000
G01 X131.389000 Y17.191000 Z-0.125000
G01 X131.462000 Y17.007000 Z-0.125000
G01 X131.674000 Y17.102000 Z-0.125000
G01 X136.847000 Y22.276000 Z-0.125000
G01 X137.055000 Y22.366000 Z-0.125000
G01 X137.120000 Y22.174000 Z-0.125000
G01 X136.831000 Y21.511000 Z-0.125000
G01 X131.682000 Y16.361000 Z-0.125000
G01 X131.407000 Y15.713000 Z-0.125000
G01 X131.482000 Y15.530000 Z-0.125000
G01 X131.694000 Y15.626000 Z-0.125000
G01 X136.814000 Y20.746000 Z-0.125000
G01 X137.022000 Y20.837000 Z-0.125000
G01 X137.086000 Y20.644000 Z-0.125000
G01 X136.797000 Y19.981000 Z-0.125000
G01 X131.712000 Y14.895000 Z-0.125000
G01 X131.440000 Y14.249000 Z-0.125000
G01 X131.516000 Y14.068000 Z-0.125000
G01 X131.729000 Y14.164000 Z-0.125000
G01 X136.781000 Y19.216000 Z-0.125000
G01 X136.989000 Y19.307000 Z-0.125000
G01 X137.054000 Y19.115000 Z-0.125000
G01 X136.766000 Y18.453000 Z-0.125000
G01 X131.753000 Y13.440000 Z-0.125000
G01 X131.547000 Y13.117000 Z-0.125000
G01 X131.486000 Y12.799000 Z-0.125000
G01 X131.566000 Y12.621000 Z-0.125000
G01 X131.781000 Y12.719000 Z-0.125000
G01 X136.753000 Y17.691000 Z-0.125000
G01 X136.966000 Y17.787000 Z-0.125000
G01 X137.041000 Y17.605000 Z-0.125000
G01 X136.767000 Y16.957000 Z-0.125000
G01 X131.809000 Y11.998000 Z-0.125000
G01 X131.604000 Y11.677000 Z-0.125000
G01 X131.546000 Y11.362000 Z-0.125000
G01 X131.629000 Y11.187000 Z-0.125000
G01 X131.845000 Y11.286000 Z-0.125000
G01 X136.733000 Y16.175000 Z-0.125000
G01 X136.943000 Y16.267000 Z-0.125000
G01 X137.011000 Y16.078000 Z-0.125000
G01 X136.726000 Y15.419000 Z-0.125000
G01 X131.887000 Y10.580000 Z-0.125000
G01 X131.684000 Y10.260000 Z-0.125000
G01 X131.631000 Y9.949000 Z-0.125000
G01 X131.717000 Y9.779000 Z-0.125000
G01 X131.935000 Y9.880000 Z-0.125000
G01 X136.724000 Y14.669000 Z-0.125000
G01 X136.935000 Y14.762000 Z-0.125000
G01 X137.005000 Y14.575000 Z-0.125000
G01 X136.724000 Y13.920000 Z-0.125000
G01 X131.991000 Y9.188000 Z-0.125000
G01 X131.791000 Y8.871000 Z-0.125000
G01 X131.744000 Y8.566000 Z-0.125000
G01 X131.837000 Y8.402000 Z-0.125000
G01 X132.058000 Y8.506000 Z-0.125000
G01 X136.727000 Y13.175000 Z-0.125000
G01 X136.939000 Y13.270000 Z-0.125000
G01 X137.011000 Y13.085000 Z-0.125000
G01 X136.734000 Y12.434000 Z-0.125000
G01 X132.139000 Y7.838000 Z-0.125000
G01 X131.942000 Y7.524000 Z-0.125000
G01 X131.901000 Y7.226000 Z-0.125000
G01 X132.000000 Y7.068000 Z-0.125000
G01 X132.223000 Y7.175000 Z-0.125000
G01 X136.746000 Y11.697000 Z-0.125000
G01 X136.959000 Y11.793000 Z-0.125000
G01 X137.035000 Y11.612000 Z-0.125000
G01 X136.762000 Y10.965000 Z-0.125000
G01 X132.390000 Y6.592000 Z-0.125000
G01 X132.237000 Y6.322000 Z-0.125000
G01 X132.293000 Y6.121000 Z-0.125000
G01 X132.490000 Y6.061000 Z-0.125000
G01 X132.757000 Y6.212000 Z-0.125000
G01 X136.789000 Y10.243000 Z-0.125000
G01 X137.005000 Y10.342000 Z-0.125000
G01 X137.087000 Y10.167000 Z-0.125000
G01 X137.029000 Y9.852000 Z-0.125000
G01 X136.824000 Y9.530000 Z-0.125000
G01 X133.325000 Y6.031000 Z-0.125000
G01 X133.210000 Y5.799000 Z-0.125000
G01 X133.349000 Y5.681000 Z-0.125000
G01 X133.628000 Y5.703000 Z-0.125000
G01 X133.934000 Y5.891000 Z-0.125000
G01 X136.891000 Y8.848000 Z-0.125000
G01 X137.140000 Y8.981000 Z-0.125000
G01 X137.296000 Y8.880000 Z-0.125000
G01 X137.312000 Y8.638000 Z-0.125000
G01 X137.141000 Y8.350000 Z-0.125000
G01 X134.597000 Y5.806000 Z-0.125000
G01 X134.491000 Y5.584000 Z-0.125000
G01 X134.653000 Y5.488000 Z-0.125000
G01 X134.954000 Y5.532000 Z-0.125000
G01 X135.269000 Y5.730000 Z-0.125000
G01 X137.612000 Y8.073000 Z-0.125000
G01 X137.911000 Y8.255000 Z-0.125000
G01 X138.177000 Y8.263000 Z-0.125000
G01 X138.302000 Y8.131000 Z-0.125000
G01 X138.180000 Y7.892000 Z-0.125000
G01 X135.960000 Y5.673000 Z-0.125000
G01 X135.855000 Y5.450000 Z-0.125000
G01 X136.016000 Y5.354000 Z-0.125000
G01 X136.317000 Y5.398000 Z-0.125000
G01 X136.632000 Y5.597000 Z-0.125000
G01 X138.801000 Y7.765000 Z-0.125000
G01 X139.115000 Y7.962000 Z-0.125000
G01 X139.413000 Y8.003000 Z-0.125000
G01 X139.570000 Y7.903000 Z-0.125000
G01 X139.463000 Y7.679000 Z-0.125000
G01 X137.374000 Y5.590000 Z-0.125000
G01 X137.276000 Y5.375000 Z-0.125000
G01 X137.455000 Y5.297000 Z-0.125000
G01 X137.775000 Y5.359000 Z-0.125000
G01 X138.098000 Y5.566000 Z-0.125000
G01 X140.155000 Y7.623000 Z-0.125000
G01 X140.479000 Y7.830000 Z-0.125000
G01 X140.799000 Y7.893000 Z-0.125000
G01 X140.979000 Y7.815000 Z-0.125000
G01 X140.882000 Y7.601000 Z-0.125000
G01 X138.804000 Y5.524000 Z-0.125000
G01 X138.715000 Y5.317000 Z-0.125000
G01 X138.910000 Y5.255000 Z-0.125000
G01 X139.577000 Y5.548000 Z-0.125000
G01 X141.641000 Y7.612000 Z-0.125000
G01 X142.320000 Y7.916000 Z-0.125000
G01 X142.523000 Y7.863000 Z-0.125000
G01 X142.437000 Y7.659000 Z-0.125000
G01 X140.333000 Y5.555000 Z-0.125000
G01 X140.235000 Y5.341000 Z-0.125000
G01 X140.413000 Y5.262000 Z-0.125000
G01 X140.732000 Y5.323000 Z-0.125000
G01 X141.055000 Y5.530000 Z-0.125000
G01 X143.284000 Y7.758000 Z-0.125000
G01 X144.061000 Y8.160000 Z-0.125000
G01 X144.331000 Y8.174000 Z-0.125000
G01 X144.275000 Y8.001000 Z-0.125000
G01 X141.878000 Y5.604000 Z-0.125000
G01 X141.792000 Y5.401000 Z-0.125000
G01 X141.996000 Y5.348000 Z-0.125000
G01 X142.675000 Y5.653000 Z-0.125000
G01 X148.578000 Y11.556000 Z-0.125000
G01 X148.775000 Y11.635000 Z-0.125000
G01 X148.814000 Y11.417000 Z-0.125000
G01 X148.488000 Y10.718000 Z-0.125000
G01 X143.487000 Y5.716000 Z-0.125000
G01 X143.408000 Y5.521000 Z-0.125000
G01 X143.629000 Y5.483000 Z-0.125000
G01 X144.331000 Y5.812000 Z-0.125000
G01 X148.365000 Y9.845000 Z-0.125000
G01 X148.545000 Y9.909000 Z-0.125000
G01 X148.550000 Y9.656000 Z-0.125000
G01 X148.173000 Y8.906000 Z-0.125000
G01 X145.223000 Y5.956000 Z-0.125000
G01 X145.172000 Y5.788000 Z-0.125000
G01 X145.453000 Y5.811000 Z-0.125000
G01 X146.243000 Y6.227000 Z-0.125000
G01 X148.004000 Y7.988000 Z-0.125000
G00 Z5.000000

(End cutting path id: path3)


(Start cutting path id: path3)
(Change tool to Default tool)

G00 Z5.000000
G00 X136.805000 Y31.520000

G01 Z-0.125000 F100.0(Penetrate)
G01 X134.680000 Y31.440000 Z-0.125000 F400.000000
G01 X133.640000 Y31.271000 Z-0.125000
G01 X132.682000 Y30.846000 Z-0.125000
G01 X132.194000 Y30.110000 Z-0.125000
G01 X131.976000 Y29.251000 Z-0.125000
G01 X131.789000 Y27.462000 Z-0.125000
G01 X131.574000 Y23.025000 Z-0.125000
G01 X131.506000 Y18.582000 Z-0.125000
G01 X131.782000 Y9.702000 Z-0.125000
G01 X131.938000 Y7.918000 Z-0.125000
G01 X132.320000 Y6.182000 Z-0.125000
G01 X133.262000 Y5.835000 Z-0.125000
G01 X134.258000 Y5.658000 Z-0.125000
G01 X136.281000 Y5.481000 Z-0.125000
G01 X140.938000 Y5.419000 Z-0.125000
G01 X143.260000 Y5.579000 Z-0.125000
G01 X145.554000 Y5.958000 Z-0.125000
G01 X146.765000 Y6.667000 Z-0.125000
G01 X147.667000 Y7.738000 Z-0.125000
G01 X148.264000 Y9.030000 Z-0.125000
G01 X148.558000 Y10.405000 Z-0.125000
G01 X148.875000 Y13.931000 Z-0.125000
G01 X148.998000 Y17.470000 Z-0.125000
G01 X148.773000 Y24.548000 Z-0.125000
G01 X148.620000 Y26.058000 Z-0.125000
G01 X148.353000 Y27.578000 Z-0.125000
G01 X147.820000 Y28.987000 Z-0.125000
G01 X147.404000 Y29.613000 Z-0.125000
G01 X146.865000 Y30.167000 Z-0.125000
G01 X145.563000 Y30.850000 Z-0.125000
G01 X144.115000 Y31.220000 Z-0.125000
G01 X141.105000 Y31.484000 Z-0.125000
G01 X136.804000 Y31.520000 Z-0.125000
G01 X136.805000 Y31.520000 Z-0.125000
G00 Z5.000000

(End cutting path id: path3)


(Start cutting path id: path3)
(Change tool to Default tool)

G00 Z5.000000
G00 X87.832000 Y30.792000

G01 Z-0.125000 F100.0(Penetrate)
G01 X86.517100 Y30.133000 Z-0.125000 F400.000000
G01 X85.290400 Y29.316000 Z-0.125000
G01 X82.966100 Y27.494000 Z-0.125000
G01 X79.038700 Y24.055000 Z-0.125000
G01 X77.059300 Y22.355000 Z-0.125000
G01 X74.990200 Y20.768000 Z-0.125000
G01 X74.635600 Y20.775000 Z-0.125000
G01 X74.432600 Y21.061000 Z-0.125000
G01 X74.273400 Y21.829000 Z-0.125000
G01 X74.103300 Y23.915000 Z-0.125000
G01 X74.074100 Y26.009000 Z-0.125000
G01 X74.041000 Y28.103000 Z-0.125000
G01 X73.859400 Y30.184000 Z-0.125000
G01 X73.617200 Y30.624000 Z-0.125000
G01 X73.157100 Y30.688000 Z-0.125000
G01 X72.704400 Y30.453000 Z-0.125000
G01 X72.484500 Y29.995000 Z-0.125000
G01 X72.191900 Y28.259000 Z-0.125000
G01 X72.062100 Y26.501000 Z-0.125000
G01 X71.953300 Y22.972000 Z-0.125000
G01 X71.819700 Y14.724000 Z-0.125000
G01 X71.974600 Y6.479000 Z-0.125000
G01 X72.182000 Y5.908000 Z-0.125000
G01 X72.696500 Y5.617000 Z-0.125000
G01 X73.957000 Y5.491000 Z-0.125000
G01 X76.599600 Y5.731000 Z-0.125000
G01 X77.322300 Y17.284000 Z-0.125000
G01 X84.312500 Y17.284000 Z-0.125000
G01 X84.730500 Y5.333000 Z-0.125000
G01 X88.839800 Y5.729000 Z-0.125000
G01 X88.839800 Y19.657000 Z-0.125000
G01 X78.543000 Y20.403000 Z-0.125000
G01 X83.839300 Y25.387000 Z-0.125000
G01 X88.991900 Y30.506000 Z-0.125000
G01 X89.014100 Y30.685000 Z-0.125000
G01 X88.765600 Y30.761000 Z-0.125000
G01 X88.140300 Y30.806000 Z-0.125000
G01 X87.832000 Y30.792000 Z-0.125000
G01 X87.832000 Y30.792000 Z-0.125000
G00 Z5.000000

(End cutting path id: path3)


(Start cutting path id: path3)
(Change tool to Default tool)

G00 Z5.000000
G00 X86.524200 Y30.324000

G01 Z-0.125000 F100.0(Penetrate)
G01 X71.980400 Y15.780000 Z-0.125000 F400.000000
G01 X71.697200 Y15.123000 Z-0.125000
G01 X71.765600 Y14.934000 Z-0.125000
G01 X71.975300 Y15.027000 Z-0.125000
G01 X87.611700 Y30.663000 Z-0.125000
G01 X87.932800 Y30.867000 Z-0.125000
G01 X88.246400 Y30.923000 Z-0.125000
G01 X88.419700 Y30.839000 Z-0.125000
G01 X88.319900 Y30.623000 Z-0.125000
G01 X71.971400 Y14.274000 Z-0.125000
G01 X71.690900 Y13.620000 Z-0.125000
G01 X71.761200 Y13.433000 Z-0.125000
G01 X71.971700 Y13.526000 Z-0.125000
G01 X89.208100 Y30.762000 Z-0.125000
G00 Z5.000000

(End cutting path id: path3)


(Start cutting path id: path3)
(Change tool to Default tool)

G00 Z5.000000
G00 X78.619700 Y23.916000

G01 Z-0.125000 F100.0(Penetrate)
G01 X71.994500 Y17.291000 Z-0.125000 F400.000000
G01 X71.709400 Y16.631000 Z-0.125000
G01 X71.776400 Y16.441000 Z-0.125000
G01 X71.985500 Y16.533000 Z-0.125000
G01 X84.206400 Y28.754000 Z-0.125000
G00 Z5.000000

(End cutting path id: path3)


(Start cutting path id: path3)
(Change tool to Default tool)

G00 Z5.000000
G00 X72.506400 Y30.525000

G01 Z-0.125000 F100.0(Penetrate)
G01 X72.603400 Y30.622000 Z-0.125000 F400.000000
G01 X73.127600 Y30.772000 Z-0.125000
G01 X73.457700 Y30.727000 Z-0.125000
G01 X72.453900 Y29.724000 Z-0.125000
G01 X72.133700 Y29.029000 Z-0.125000
G01 X72.176700 Y28.815000 Z-0.125000
G01 X72.374800 Y28.896000 Z-0.125000
G01 X73.637100 Y30.158000 Z-0.125000
G01 X73.869600 Y30.274000 Z-0.125000
G01 X73.988300 Y30.136000 Z-0.125000
G01 X73.966700 Y29.857000 Z-0.125000
G01 X73.778200 Y29.551000 Z-0.125000
G01 X72.299300 Y28.072000 Z-0.125000
G01 X71.992000 Y27.391000 Z-0.125000
G01 X72.043800 Y27.185000 Z-0.125000
G01 X72.245900 Y27.271000 Z-0.125000
G01 X73.851000 Y28.876000 Z-0.125000
G01 X74.066700 Y28.974000 Z-0.125000
G01 X74.148300 Y28.799000 Z-0.125000
G01 X74.089600 Y28.483000 Z-0.125000
G01 X73.884300 Y28.161000 Z-0.125000
G01 X72.204700 Y26.481000 Z-0.125000
G01 X71.908300 Y25.810000 Z-0.125000
G01 X71.967600 Y25.613000 Z-0.125000
G01 X72.173200 Y25.701000 Z-0.125000
G01 X73.903100 Y27.431000 Z-0.125000
G01 X74.114500 Y27.526000 Z-0.125000
G01 X74.186900 Y27.341000 Z-0.125000
G01 X73.909400 Y26.689000 Z-0.125000
G01 X72.146900 Y24.927000 Z-0.125000
G01 X71.854300 Y24.260000 Z-0.125000
G01 X71.916200 Y24.064000 Z-0.125000
G01 X72.123000 Y24.154000 Z-0.125000
G01 X73.913800 Y25.945000 Z-0.125000
G01 X74.125300 Y26.040000 Z-0.125000
G01 X74.197700 Y25.855000 Z-0.125000
G01 X73.920300 Y25.203000 Z-0.125000
G01 X72.104100 Y23.387000 Z-0.125000
G01 X71.814200 Y22.723000 Z-0.125000
G01 X71.877900 Y22.529000 Z-0.125000
G01 X72.085500 Y22.620000 Z-0.125000
G01 X73.933200 Y24.468000 Z-0.125000
G01 X74.147300 Y24.565000 Z-0.125000
G01 X74.225200 Y24.386000 Z-0.125000
G01 X74.162800 Y24.066000 Z-0.125000
G01 X73.955900 Y23.742000 Z-0.125000
G01 X72.071100 Y21.857000 Z-0.125000
G01 X71.783200 Y21.195000 Z-0.125000
G01 X71.848400 Y21.003000 Z-0.125000
G01 X72.056600 Y21.094000 Z-0.125000
G01 X73.992000 Y23.030000 Z-0.125000
G01 X74.210500 Y23.131000 Z-0.125000
G01 X74.298300 Y22.962000 Z-0.125000
G01 X74.245800 Y22.652000 Z-0.125000
G01 X74.043400 Y22.333000 Z-0.125000
G01 X72.042100 Y20.332000 Z-0.125000
G01 X71.754300 Y19.670000 Z-0.125000
G01 X71.819500 Y19.478000 Z-0.125000
G01 X72.027700 Y19.569000 Z-0.125000
G01 X74.114400 Y21.656000 Z-0.125000
G01 X74.342200 Y21.766000 Z-0.125000
G01 X74.450300 Y21.617000 Z-0.125000
G01 X74.418100 Y21.328000 Z-0.125000
G01 X74.224900 Y21.018000 Z-0.125000
G01 X72.015000 Y18.808000 Z-0.125000
G01 X71.729200 Y18.148000 Z-0.125000
G01 X71.795900 Y17.957000 Z-0.125000
G01 X72.004800 Y18.049000 Z-0.125000
G01 X74.931700 Y20.976000 Z-0.125000
G00 Z5.000000

(End cutting path id: path3)


(Start cutting path id: path3)
(Change tool to Default tool)

G00 Z5.000000
G00 X77.842900 Y17.152000

G01 Z-0.125000 F100.0(Penetrate)
G01 X80.764500 Y20.074000 Z-0.125000 F400.000000
G01 X81.084000 Y20.276000 Z-0.125000
G01 X81.394000 Y20.329000 Z-0.125000
G01 X81.563700 Y20.241000 Z-0.125000
G01 X81.462200 Y20.023000 Z-0.125000
G01 X78.871900 Y17.433000 Z-0.125000
G01 X78.778300 Y17.222000 Z-0.125000
G01 X78.965400 Y17.152000 Z-0.125000
G01 X79.620200 Y17.433000 Z-0.125000
G01 X82.160000 Y19.972000 Z-0.125000
G01 X82.479500 Y20.175000 Z-0.125000
G01 X82.789500 Y20.228000 Z-0.125000
G01 X82.959200 Y20.140000 Z-0.125000
G01 X82.857800 Y19.922000 Z-0.125000
G01 X80.368600 Y17.433000 Z-0.125000
G01 X80.275000 Y17.222000 Z-0.125000
G01 X80.462100 Y17.152000 Z-0.125000
G01 X81.116900 Y17.433000 Z-0.125000
G01 X83.555500 Y19.871000 Z-0.125000
G01 X83.875000 Y20.074000 Z-0.125000
G01 X84.185000 Y20.127000 Z-0.125000
G01 X84.354700 Y20.039000 Z-0.125000
G01 X84.253300 Y19.821000 Z-0.125000
G01 X81.865300 Y17.433000 Z-0.125000
G01 X81.771700 Y17.222000 Z-0.125000
G01 X81.958800 Y17.152000 Z-0.125000
G01 X82.613600 Y17.433000 Z-0.125000
G01 X84.951100 Y19.770000 Z-0.125000
G01 X85.270600 Y19.973000 Z-0.125000
G01 X85.580600 Y20.025000 Z-0.125000
G01 X85.750300 Y19.938000 Z-0.125000
G01 X85.648800 Y19.720000 Z-0.125000
G01 X83.362000 Y17.433000 Z-0.125000
G01 X83.268400 Y17.222000 Z-0.125000
G01 X83.455500 Y17.152000 Z-0.125000
G01 X84.110300 Y17.433000 Z-0.125000
G01 X86.346600 Y19.669000 Z-0.125000
G01 X86.666100 Y19.871000 Z-0.125000
G01 X86.976100 Y19.924000 Z-0.125000
G01 X87.145800 Y19.837000 Z-0.125000
G01 X87.044300 Y19.618000 Z-0.125000
G01 X84.479100 Y17.053000 Z-0.125000
G01 X84.272600 Y16.730000 Z-0.125000
G01 X84.211200 Y16.411000 Z-0.125000
G01 X84.290000 Y16.233000 Z-0.125000
G01 X84.504500 Y16.330000 Z-0.125000
G01 X87.742100 Y19.568000 Z-0.125000
G01 X88.061600 Y19.770000 Z-0.125000
G01 X88.371600 Y19.823000 Z-0.125000
G01 X88.541300 Y19.736000 Z-0.125000
G01 X88.439900 Y19.517000 Z-0.125000
G01 X84.529800 Y15.607000 Z-0.125000
G01 X84.323300 Y15.284000 Z-0.125000
G01 X84.261900 Y14.965000 Z-0.125000
G01 X84.340700 Y14.787000 Z-0.125000
G01 X84.555200 Y14.884000 Z-0.125000
G01 X88.689600 Y19.019000 Z-0.125000
G01 X88.900100 Y19.112000 Z-0.125000
G01 X88.970300 Y18.925000 Z-0.125000
G01 X88.689600 Y18.270000 Z-0.125000
G01 X84.580500 Y14.161000 Z-0.125000
G01 X84.374000 Y13.838000 Z-0.125000
G01 X84.312600 Y13.519000 Z-0.125000
G01 X84.391400 Y13.341000 Z-0.125000
G01 X84.605900 Y13.438000 Z-0.125000
G01 X88.689600 Y17.522000 Z-0.125000
G01 X88.900100 Y17.615000 Z-0.125000
G01 X88.970300 Y17.428000 Z-0.125000
G01 X88.689600 Y16.773000 Z-0.125000
G01 X84.631200 Y12.715000 Z-0.125000
G01 X84.424700 Y12.392000 Z-0.125000
G01 X84.363300 Y12.073000 Z-0.125000
G01 X84.442100 Y11.895000 Z-0.125000
G01 X84.656600 Y11.992000 Z-0.125000
G01 X88.689600 Y16.025000 Z-0.125000
G01 X88.900100 Y16.119000 Z-0.125000
G01 X88.970300 Y15.932000 Z-0.125000
G01 X88.689600 Y15.277000 Z-0.125000
G01 X84.681900 Y11.269000 Z-0.125000
G01 X84.475400 Y10.946000 Z-0.125000
G01 X84.414000 Y10.627000 Z-0.125000
G01 X84.492800 Y10.449000 Z-0.125000
G01 X84.707300 Y10.546000 Z-0.125000
G01 X88.689600 Y14.528000 Z-0.125000
G01 X88.900100 Y14.622000 Z-0.125000
G01 X88.970300 Y14.435000 Z-0.125000
G01 X88.689600 Y13.780000 Z-0.125000
G01 X84.732600 Y9.823000 Z-0.125000
G01 X84.526100 Y9.500000 Z-0.125000
G01 X84.464700 Y9.181000 Z-0.125000
G01 X84.543500 Y9.003000 Z-0.125000
G01 X84.758000 Y9.100000 Z-0.125000
G01 X88.689600 Y13.032000 Z-0.125000
G01 X88.906100 Y13.131000 Z-0.125000
G01 X88.989300 Y12.957000 Z-0.125000
G01 X88.932300 Y12.643000 Z-0.125000
G01 X88.727800 Y12.321000 Z-0.125000
G01 X84.783300 Y8.377000 Z-0.125000
G01 X84.576800 Y8.054000 Z-0.125000
G01 X84.515400 Y7.735000 Z-0.125000
G01 X84.594300 Y7.557000 Z-0.125000
G01 X84.808700 Y7.654000 Z-0.125000
G01 X88.689600 Y11.535000 Z-0.125000
G01 X88.900100 Y11.629000 Z-0.125000
G01 X88.970300 Y11.441000 Z-0.125000
G01 X88.689600 Y10.787000 Z-0.125000
G01 X84.834000 Y6.931000 Z-0.125000
G01 X84.627500 Y6.608000 Z-0.125000
G01 X84.566100 Y6.289000 Z-0.125000
G01 X84.645000 Y6.111000 Z-0.125000
G01 X84.859400 Y6.208000 Z-0.125000
G01 X88.689600 Y10.038000 Z-0.125000
G01 X88.900100 Y10.132000 Z-0.125000
G01 X88.970300 Y9.945000 Z-0.125000
G01 X88.689600 Y9.290000 Z-0.125000
G01 X84.884700 Y5.485000 Z-0.125000
G01 X84.800500 Y5.284000 Z-0.125000
G01 X85.008100 Y5.234000 Z-0.125000
G01 X85.692700 Y5.545000 Z-0.125000
G01 X88.689600 Y8.542000 Z-0.125000
G01 X88.900100 Y8.635000 Z-0.125000
G01 X88.970300 Y8.448000 Z-0.125000
G01 X88.689600 Y7.793000 Z-0.125000
G01 X86.521200 Y5.625000 Z-0.125000
G01 X86.440200 Y5.427000 Z-0.125000
G01 X86.654800 Y5.384000 Z-0.125000
G01 X87.349700 Y5.705000 Z-0.125000
G01 X88.689600 Y7.045000 Z-0.125000
G01 X88.900100 Y7.138000 Z-0.125000
G01 X88.970300 Y6.951000 Z-0.125000
G01 X88.689600 Y6.296000 Z-0.125000
G01 X88.019700 Y5.626000 Z-0.125000
G01 X88.057500 Y5.547000 Z-0.125000
G01 X88.311800 Y5.544000 Z-0.125000
G01 X88.848100 Y5.707000 Z-0.125000
G01 X88.970300 Y5.829000 Z-0.125000
G00 Z5.000000

(End cutting path id: path3)


(Start cutting path id: path3)
(Change tool to Default tool)

G00 Z5.000000
G00 X71.781400 Y6.010000

G01 Z-0.125000 F100.0(Penetrate)
G01 X71.575700 Y10.181000 Z-0.125000 F400.000000
G01 X71.606200 Y18.840000 Z-0.125000
G01 X71.750600 Y25.183000 Z-0.125000
G01 X71.979100 Y28.792000 Z-0.125000
G01 X72.154500 Y29.816000 Z-0.125000
G01 X72.386300 Y30.450000 Z-0.125000
G01 X72.686300 Y30.791000 Z-0.125000
G01 X73.066300 Y30.938000 Z-0.125000
G01 X73.729600 Y30.897000 Z-0.125000
G01 X73.951000 Y30.672000 Z-0.125000
G01 X74.111400 Y30.265000 Z-0.125000
G01 X74.285900 Y28.755000 Z-0.125000
G01 X74.327600 Y26.082000 Z-0.125000
G01 X74.466800 Y22.482000 Z-0.125000
G01 X74.617600 Y21.386000 Z-0.125000
G01 X74.801700 Y20.984000 Z-0.125000
G01 X76.777800 Y22.466000 Z-0.125000
G01 X80.863100 Y26.029000 Z-0.125000
G01 X83.185400 Y28.022000 Z-0.125000
G01 X85.275900 Y29.622000 Z-0.125000
G01 X86.933400 Y30.687000 Z-0.125000
G01 X87.956800 Y31.074000 Z-0.125000
G01 X89.020500 Y30.965000 Z-0.125000
G01 X89.463000 Y30.701000 Z-0.125000
G01 X87.950000 Y29.012000 Z-0.125000
G01 X84.312500 Y25.476000 Z-0.125000
G01 X79.162000 Y20.624000 Z-0.125000
G01 X84.132300 Y20.263000 Z-0.125000
G01 X89.102600 Y19.903000 Z-0.125000
G01 X89.102600 Y12.696000 Z-0.125000
G01 X89.102600 Y5.488000 Z-0.125000
G01 X86.790100 Y5.265000 Z-0.125000
G01 X84.477500 Y5.041000 Z-0.125000
G01 X84.267500 Y11.030000 Z-0.125000
G01 X84.057500 Y17.020000 Z-0.125000
G01 X80.814200 Y17.020000 Z-0.125000
G01 X77.570900 Y17.020000 Z-0.125000
G01 X77.210500 Y11.254000 Z-0.125000
G01 X76.850200 Y5.488000 Z-0.125000
G01 X74.502800 Y5.262000 Z-0.125000
G01 X73.486300 Y5.232000 Z-0.125000
G01 X72.675500 Y5.352000 Z-0.125000
G01 X72.098000 Y5.614000 Z-0.125000
G01 X71.781500 Y6.010000 Z-0.125000
G01 X71.781400 Y6.010000 Z-0.125000
G00 Z5.000000

(End cutting path id: path3)


(Start cutting path id: path3)
(Change tool to Default tool)

G00 Z5.000000
G00 X71.691400 Y12.497000

G01 Z-0.125000 F100.0(Penetrate)
G01 X79.368900 Y20.175000 Z-0.125000 F400.000000
G01 X79.688400 Y20.377000 Z-0.125000
G01 X79.998400 Y20.430000 Z-0.125000
G01 X80.168100 Y20.343000 Z-0.125000
G01 X80.066700 Y20.124000 Z-0.125000
G01 X71.974900 Y12.033000 Z-0.125000
G01 X71.697500 Y11.381000 Z-0.125000
G01 X71.769900 Y11.196000 Z-0.125000
G01 X71.981400 Y11.291000 Z-0.125000
G01 X77.139500 Y16.449000 Z-0.125000
G01 X77.342200 Y16.535000 Z-0.125000
G01 X77.395200 Y16.330000 Z-0.125000
G01 X77.089600 Y15.651000 Z-0.125000
G01 X71.981600 Y10.543000 Z-0.125000
G01 X71.774200 Y10.218000 Z-0.125000
G01 X71.710800 Y9.898000 Z-0.125000
G01 X71.787700 Y9.717000 Z-0.125000
G01 X72.001200 Y9.814000 Z-0.125000
G01 X77.039700 Y14.852000 Z-0.125000
G01 X77.242400 Y14.938000 Z-0.125000
G01 X77.295400 Y14.734000 Z-0.125000
G01 X76.989900 Y14.054000 Z-0.125000
G01 X72.015500 Y9.080000 Z-0.125000
G01 X71.808600 Y8.756000 Z-0.125000
G01 X71.746200 Y8.436000 Z-0.125000
G01 X71.824100 Y8.257000 Z-0.125000
G01 X72.038100 Y8.354000 Z-0.125000
G01 X76.940000 Y13.256000 Z-0.125000
G01 X77.142600 Y13.342000 Z-0.125000
G01 X77.195600 Y13.137000 Z-0.125000
G01 X76.890100 Y12.458000 Z-0.125000
G01 X72.063500 Y7.631000 Z-0.125000
G01 X71.860000 Y7.311000 Z-0.125000
G01 X71.805000 Y6.998000 Z-0.125000
G01 X71.890400 Y6.826000 Z-0.125000
G01 X72.107800 Y6.927000 Z-0.125000
G01 X76.840200 Y11.659000 Z-0.125000
G01 X77.047100 Y11.749000 Z-0.125000
G01 X77.109500 Y11.554000 Z-0.125000
G01 X76.817500 Y10.888000 Z-0.125000
G01 X72.212400 Y6.283000 Z-0.125000
G01 X72.061200 Y6.015000 Z-0.125000
G01 X72.121500 Y5.818000 Z-0.125000
G01 X72.322100 Y5.761000 Z-0.125000
G01 X72.591800 Y5.914000 Z-0.125000
G01 X76.740400 Y10.063000 Z-0.125000
G01 X76.943100 Y10.149000 Z-0.125000
G01 X76.996100 Y9.944000 Z-0.125000
G01 X76.690500 Y9.265000 Z-0.125000
G01 X73.148700 Y5.723000 Z-0.125000
G01 X73.042500 Y5.500000 Z-0.125000
G01 X73.201800 Y5.402000 Z-0.125000
G01 X73.501500 Y5.444000 Z-0.125000
G01 X73.816300 Y5.642000 Z-0.125000
G01 X76.640600 Y8.466000 Z-0.125000
G01 X76.843300 Y8.552000 Z-0.125000
G01 X76.896300 Y8.348000 Z-0.125000
G01 X76.590700 Y7.668000 Z-0.125000
G01 X74.579000 Y5.656000 Z-0.125000
G01 X74.497800 Y5.458000 Z-0.125000
G01 X74.712100 Y5.415000 Z-0.125000
G01 X75.406600 Y5.736000 Z-0.125000
G01 X76.540800 Y6.870000 Z-0.125000
G01 X76.743500 Y6.956000 Z-0.125000
G01 X76.796500 Y6.751000 Z-0.125000
G01 X76.491000 Y6.072000 Z-0.125000
G01 X75.954000 Y5.535000 Z-0.125000
G00 Z5.000000

(End cutting path id: path3)


(Start cutting path id: path3)
(Change tool to Default tool)

G00 Z5.000000
G00 X67.483800 Y12.032000

G01 Z-0.125000 F100.0(Penetrate)
G01 X68.438700 Y12.987000 Z-0.125000 F400.000000
G01 X68.713800 Y13.145000 Z-0.125000
G01 X68.926300 Y13.100000 Z-0.125000
G01 X68.998400 Y12.915000 Z-0.125000
G01 X68.852600 Y12.652000 Z-0.125000
G01 X67.564800 Y11.364000 Z-0.125000
G01 X67.219900 Y10.645000 Z-0.125000
G01 X67.245800 Y10.414000 Z-0.125000
G01 X67.436200 Y10.487000 Z-0.125000
G01 X69.043800 Y12.095000 Z-0.125000
G01 X69.270000 Y12.204000 Z-0.125000
G01 X69.374700 Y12.052000 Z-0.125000
G01 X69.339200 Y11.759000 Z-0.125000
G01 X69.144400 Y11.447000 Z-0.125000
G01 X67.030900 Y9.334000 Z-0.125000
G00 Z5.000000

(End cutting path id: path3)


(Start cutting path id: path3)
(Change tool to Default tool)

G00 Z5.000000
G00 X63.898300 Y5.453000

G01 Z-0.125000 F100.0(Penetrate)
G01 X69.196200 Y10.751000 Z-0.125000 F400.000000
G01 X69.410300 Y10.848000 Z-0.125000
G01 X69.488600 Y10.669000 Z-0.125000
G01 X69.426500 Y10.350000 Z-0.125000
G01 X69.219700 Y10.026000 Z-0.125000
G01 X64.949900 Y5.756000 Z-0.125000
G01 X64.859900 Y5.549000 Z-0.125000
G01 X65.054700 Y5.487000 Z-0.125000
G01 X65.720800 Y5.779000 Z-0.125000
G01 X69.228500 Y9.286000 Z-0.125000
G01 X69.439200 Y9.380000 Z-0.125000
G01 X69.509800 Y9.193000 Z-0.125000
G01 X69.229900 Y8.539000 Z-0.125000
G01 X66.491800 Y5.801000 Z-0.125000
G01 X66.401800 Y5.594000 Z-0.125000
G01 X66.596700 Y5.532000 Z-0.125000
G01 X67.262800 Y5.824000 Z-0.125000
G01 X69.229900 Y7.791000 Z-0.125000
G01 X69.440400 Y7.884000 Z-0.125000
G01 X69.510500 Y7.697000 Z-0.125000
G01 X69.229900 Y7.042000 Z-0.125000
G01 X68.033800 Y5.846000 Z-0.125000
G01 X67.943800 Y5.639000 Z-0.125000
G01 X68.138600 Y5.577000 Z-0.125000
G01 X68.804700 Y5.869000 Z-0.125000
G01 X69.402800 Y6.467000 Z-0.125000
G01 X69.483600 Y6.431000 Z-0.125000
G01 X69.510500 Y6.201000 Z-0.125000
G01 X69.402800 Y5.719000 Z-0.125000
G01 X69.295100 Y5.611000 Z-0.125000
G00 Z5.000000

(End cutting path id: path3)


(Start cutting path id: path3)
(Change tool to Default tool)

G00 Z5.000000
G00 X55.197400 Y6.030000

G01 Z-0.125000 F100.0(Penetrate)
G01 X54.997200 Y10.294000 Z-0.125000 F400.000000
G01 X55.029900 Y19.209000 Z-0.125000
G01 X55.228200 Y31.435000 Z-0.125000
G01 X62.435500 Y31.435000 Z-0.125000
G01 X69.642900 Y31.435000 Z-0.125000
G01 X69.642900 Y27.471000 Z-0.125000
G01 X69.600800 Y25.229000 Z-0.125000
G01 X69.357100 Y24.018000 Z-0.125000
G01 X69.104500 Y23.688000 Z-0.125000
G01 X68.735300 Y23.483000 Z-0.125000
G01 X67.558900 Y23.269000 Z-0.125000
G01 X66.046200 Y23.319000 Z-0.125000
G01 X65.476400 Y23.543000 Z-0.125000
G01 X65.022900 Y23.910000 Z-0.125000
G01 X64.679400 Y24.425000 Z-0.125000
G01 X64.439900 Y25.096000 Z-0.125000
G01 X64.248400 Y26.931000 Z-0.125000
G01 X64.164900 Y28.028000 Z-0.125000
G01 X64.019400 Y28.378000 Z-0.125000
G01 X63.762700 Y28.622000 Z-0.125000
G01 X62.789800 Y28.865000 Z-0.125000
G01 X60.994100 Y28.913000 Z-0.125000
G01 X57.750800 Y28.913000 Z-0.125000
G01 X57.750800 Y18.428000 Z-0.125000
G01 X57.750800 Y7.943000 Z-0.125000
G01 X62.255400 Y8.157000 Z-0.125000
G01 X66.759900 Y8.372000 Z-0.125000
G01 X67.120300 Y10.894000 Z-0.125000
G01 X67.345500 Y11.964000 Z-0.125000
G01 X67.669400 Y12.756000 Z-0.125000
G01 X68.079100 Y13.248000 Z-0.125000
G01 X68.561800 Y13.417000 Z-0.125000
G01 X69.080800 Y13.226000 Z-0.125000
G01 X69.413500 Y12.576000 Z-0.125000
G01 X69.590700 Y11.356000 Z-0.125000
G01 X69.642900 Y9.453000 Z-0.125000
G01 X69.642900 Y5.489000 Z-0.125000
G01 X62.603200 Y5.282000 Z-0.125000
G01 X59.238800 Y5.232000 Z-0.125000
G01 X57.007600 Y5.327000 Z-0.125000
G01 X55.722700 Y5.587000 Z-0.125000
G01 X55.197500 Y6.030000 Z-0.125000
G01 X55.197400 Y6.030000 Z-0.125000
G00 Z5.000000

(End cutting path id: path3)


(Start cutting path id: path3)
(Change tool to Default tool)

G00 Z5.000000
G00 X48.657700 Y17.152000

G01 Z-0.125000 F100.0(Penetrate)
G01 X52.653000 Y21.148000 Z-0.125000 F400.000000
G01 X52.863400 Y21.241000 Z-0.125000
G01 X52.933600 Y21.054000 Z-0.125000
G01 X52.653000 Y20.399000 Z-0.125000
G01 X49.686700 Y17.433000 Z-0.125000
G01 X49.593100 Y17.223000 Z-0.125000
G01 X49.780200 Y17.152000 Z-0.125000
G01 X50.435000 Y17.433000 Z-0.125000
G01 X52.653000 Y19.651000 Z-0.125000
G01 X52.863400 Y19.745000 Z-0.125000
G01 X52.933600 Y19.557000 Z-0.125000
G01 X52.653000 Y18.903000 Z-0.125000
G01 X50.622900 Y16.873000 Z-0.125000
G01 X50.419300 Y16.552000 Z-0.125000
G01 X50.364300 Y16.240000 Z-0.125000
G01 X50.449600 Y16.068000 Z-0.125000
G01 X50.666900 Y16.168000 Z-0.125000
G01 X52.653000 Y18.154000 Z-0.125000
G01 X52.863200 Y18.248000 Z-0.125000
G01 X52.932700 Y18.060000 Z-0.125000
G01 X52.651200 Y17.404000 Z-0.125000
G01 X50.711000 Y15.464000 Z-0.125000
G01 X50.507400 Y15.143000 Z-0.125000
G01 X50.452300 Y14.831000 Z-0.125000
G01 X50.537600 Y14.659000 Z-0.125000
G01 X50.755000 Y14.760000 Z-0.125000
G01 X52.649400 Y16.654000 Z-0.125000
G01 X52.859600 Y16.747000 Z-0.125000
G01 X52.929200 Y16.560000 Z-0.125000
G01 X52.647700 Y15.904000 Z-0.125000
G01 X50.799000 Y14.055000 Z-0.125000
G01 X50.595500 Y13.735000 Z-0.125000
G01 X50.540400 Y13.422000 Z-0.125000
G01 X50.625700 Y13.250000 Z-0.125000
G01 X50.843100 Y13.351000 Z-0.125000
G01 X52.646000 Y15.154000 Z-0.125000
G01 X52.856200 Y15.247000 Z-0.125000
G01 X52.925700 Y15.059000 Z-0.125000
G01 X52.644300 Y14.404000 Z-0.125000
G01 X50.887100 Y12.647000 Z-0.125000
G01 X50.683500 Y12.326000 Z-0.125000
G01 X50.628500 Y12.014000 Z-0.125000
G01 X50.713800 Y11.842000 Z-0.125000
G01 X50.931200 Y11.942000 Z-0.125000
G01 X52.638200 Y13.649000 Z-0.125000
G01 X52.847700 Y13.742000 Z-0.125000
G01 X52.915900 Y13.553000 Z-0.125000
G01 X52.632400 Y12.895000 Z-0.125000
G01 X50.977400 Y11.240000 Z-0.125000
G01 X50.774600 Y10.920000 Z-0.125000
G01 X50.721400 Y10.610000 Z-0.125000
G01 X50.808400 Y10.440000 Z-0.125000
G01 X51.026600 Y10.541000 Z-0.125000
G01 X52.622300 Y12.137000 Z-0.125000
G01 X52.835300 Y12.233000 Z-0.125000
G01 X52.910900 Y12.051000 Z-0.125000
G01 X52.638200 Y11.404000 Z-0.125000
G01 X51.078200 Y9.844000 Z-0.125000
G01 X50.877400 Y9.526000 Z-0.125000
G01 X50.828600 Y9.220000 Z-0.125000
G01 X50.920100 Y9.055000 Z-0.125000
G01 X51.140300 Y9.158000 Z-0.125000
G01 X52.595000 Y10.613000 Z-0.125000
G01 X52.802200 Y10.703000 Z-0.125000
G01 X52.865100 Y10.509000 Z-0.125000
G01 X52.573900 Y9.843000 Z-0.125000
G01 X51.213700 Y8.483000 Z-0.125000
G01 X51.016900 Y8.169000 Z-0.125000
G01 X50.976900 Y7.872000 Z-0.125000
G01 X51.077200 Y7.715000 Z-0.125000
G01 X51.301300 Y7.822000 Z-0.125000
G01 X52.546500 Y9.067000 Z-0.125000
G01 X52.751100 Y9.155000 Z-0.125000
G01 X52.808400 Y8.955000 Z-0.125000
G01 X52.509100 Y8.282000 Z-0.125000
G01 X51.420600 Y7.193000 Z-0.125000
G01 X51.235500 Y6.891000 Z-0.125000
G01 X51.221100 Y6.619000 Z-0.125000
G01 X51.347100 Y6.488000 Z-0.125000
G01 X51.582900 Y6.607000 Z-0.125000
G01 X52.452500 Y7.477000 Z-0.125000
G01 X52.647100 Y7.554000 Z-0.125000
G01 X52.682200 Y7.332000 Z-0.125000
G01 X52.350600 Y6.626000 Z-0.125000
G01 X51.765400 Y6.041000 Z-0.125000
G01 X51.689000 Y5.848000 Z-0.125000
G01 X51.814000 Y5.716000 Z-0.125000
G01 X52.043500 Y5.688000 Z-0.125000
G01 X52.281000 Y5.809000 Z-0.125000
G01 X52.490300 Y6.018000 Z-0.125000
G00 Z5.000000

(End cutting path id: path3)


(Start cutting path id: path3)
(Change tool to Default tool)

G00 Z5.000000
G00 X55.293000 Y19.206000

G01 Z-0.125000 F100.0(Penetrate)
G01 X55.239400 Y12.753000 Z-0.125000 F400.000000
G01 X55.416000 Y6.304000 Z-0.125000
G01 X55.661000 Y5.925000 Z-0.125000
G01 X56.081100 Y5.738000 Z-0.125000
G01 X57.039100 Y5.589000 Z-0.125000
G01 X60.076900 Y5.502000 Z-0.125000
G01 X63.116300 Y5.551000 Z-0.125000
G01 X69.194800 Y5.740000 Z-0.125000
G01 X69.382600 Y6.028000 Z-0.125000
G01 X69.400400 Y6.482000 Z-0.125000
G01 X69.378900 Y7.445000 Z-0.125000
G01 X69.380900 Y10.090000 Z-0.125000
G01 X69.317300 Y11.408000 Z-0.125000
G01 X69.093800 Y12.706000 Z-0.125000
G01 X68.870000 Y13.055000 Z-0.125000
G01 X68.511300 Y13.126000 Z-0.125000
G01 X68.147000 Y12.969000 Z-0.125000
G01 X67.906200 Y12.636000 Z-0.125000
G01 X67.519300 Y11.549000 Z-0.125000
G01 X67.304900 Y10.414000 Z-0.125000
G01 X66.990200 Y8.118000 Z-0.125000
G01 X57.486300 Y7.665000 Z-0.125000
G01 X57.486300 Y29.177000 Z-0.125000
G01 X60.469800 Y29.187000 Z-0.125000
G01 X63.441400 Y29.030000 Z-0.125000
G01 X64.031400 Y28.752000 Z-0.125000
G01 X64.365100 Y28.230000 Z-0.125000
G01 X64.504600 Y27.585000 Z-0.125000
G01 X64.511700 Y26.938000 Z-0.125000
G01 X64.558800 Y25.984000 Z-0.125000
G01 X64.734700 Y25.015000 Z-0.125000
G01 X65.154900 Y24.181000 Z-0.125000
G01 X65.935000 Y23.632000 Z-0.125000
G01 X67.434200 Y23.506000 Z-0.125000
G01 X68.892000 Y23.863000 Z-0.125000
G01 X69.227500 Y24.474000 Z-0.125000
G01 X69.343600 Y25.171000 Z-0.125000
G01 X69.374900 Y26.608000 Z-0.125000
G01 X69.378900 Y31.171000 Z-0.125000
G01 X55.488300 Y31.171000 Z-0.125000
G01 X55.293000 Y19.206000 Z-0.125000
G01 X55.293000 Y19.206000 Z-0.125000
G00 Z5.000000

(End cutting path id: path3)


(Start cutting path id: path3)
(Change tool to Default tool)

G00 Z5.000000
G00 X50.543400 Y24.621000

G01 Z-0.125000 F100.0(Penetrate)
G01 X50.543400 Y28.978000 Z-0.125000 F400.000000
G01 X45.678400 Y28.765000 Z-0.125000
G01 X40.813500 Y28.552000 Z-0.125000
G01 X40.580300 Y26.110000 Z-0.125000
G01 X40.541000 Y23.886000 Z-0.125000
G01 X40.774200 Y21.966000 Z-0.125000
G01 X41.131200 Y21.038000 Z-0.125000
G01 X41.424500 Y20.738000 Z-0.125000
G01 X41.855500 Y20.526000 Z-0.125000
G01 X43.313700 Y20.309000 Z-0.125000
G01 X45.872500 Y20.264000 Z-0.125000
G01 X50.543500 Y20.264000 Z-0.125000
G01 X50.543400 Y24.621000 Z-0.125000
G00 Z5.000000

(End cutting path id: path3)


(Start cutting path id: path3)
(Change tool to Default tool)

G00 Z5.000000
G00 X50.806600 Y28.979000

G01 Z-0.125000 F100.0(Penetrate)
G01 X50.806600 Y20.001000 Z-0.125000 F400.000000
G01 X46.612000 Y19.991000 Z-0.125000
G01 X42.423800 Y20.130000 Z-0.125000
G01 X41.771700 Y20.265000 Z-0.125000
G01 X41.207800 Y20.593000 Z-0.125000
G01 X40.787700 Y21.086000 Z-0.125000
G01 X40.567300 Y21.714000 Z-0.125000
G01 X40.296000 Y23.474000 Z-0.125000
G01 X40.271900 Y25.252000 Z-0.125000
G01 X40.570300 Y28.805000 Z-0.125000
G01 X50.806600 Y29.257000 Z-0.125000
G01 X50.806600 Y28.979000 Z-0.125000
G01 X50.806600 Y28.979000 Z-0.125000
G00 Z5.000000

(End cutting path id: path3)


(Start cutting path id: path3)
(Change tool to Default tool)

G00 Z5.000000
G00 X55.346600 Y30.577000

G01 Z-0.125000 F100.0(Penetrate)
G01 X55.791900 Y31.022000 Z-0.125000 F400.000000
G01 X56.446700 Y31.303000 Z-0.125000
G01 X56.633800 Y31.233000 Z-0.125000
G01 X56.540200 Y31.022000 Z-0.125000
G01 X55.614900 Y30.097000 Z-0.125000
G01 X55.328100 Y29.436000 Z-0.125000
G01 X55.394000 Y29.245000 Z-0.125000
G01 X55.602600 Y29.336000 Z-0.125000
G01 X57.288600 Y31.022000 Z-0.125000
G01 X57.943400 Y31.303000 Z-0.125000
G01 X58.130500 Y31.233000 Z-0.125000
G01 X58.036900 Y31.022000 Z-0.125000
G01 X55.590200 Y28.576000 Z-0.125000
G01 X55.303400 Y27.915000 Z-0.125000
G01 X55.369300 Y27.723000 Z-0.125000
G01 X55.577900 Y27.815000 Z-0.125000
G01 X58.785300 Y31.022000 Z-0.125000
G01 X59.440100 Y31.303000 Z-0.125000
G01 X59.627200 Y31.233000 Z-0.125000
G01 X59.533600 Y31.022000 Z-0.125000
G01 X55.565500 Y27.054000 Z-0.125000
G01 X55.278700 Y26.393000 Z-0.125000
G01 X55.344700 Y26.202000 Z-0.125000
G01 X55.553200 Y26.293000 Z-0.125000
G01 X57.337800 Y28.078000 Z-0.125000
G01 X57.548300 Y28.172000 Z-0.125000
G01 X57.618500 Y27.985000 Z-0.125000
G01 X57.337800 Y27.330000 Z-0.125000
G01 X55.540900 Y25.533000 Z-0.125000
G01 X55.254100 Y24.872000 Z-0.125000
G01 X55.320000 Y24.680000 Z-0.125000
G01 X55.528500 Y24.772000 Z-0.125000
G01 X57.337800 Y26.581000 Z-0.125000
G01 X57.548300 Y26.675000 Z-0.125000
G01 X57.618500 Y26.488000 Z-0.125000
G01 X57.337800 Y25.833000 Z-0.125000
G01 X55.516200 Y24.011000 Z-0.125000
G01 X55.229400 Y23.350000 Z-0.125000
G01 X55.295300 Y23.159000 Z-0.125000
G01 X55.503800 Y23.251000 Z-0.125000
G01 X57.337800 Y25.085000 Z-0.125000
G01 X57.548300 Y25.178000 Z-0.125000
G01 X57.618500 Y24.991000 Z-0.125000
G01 X57.337800 Y24.336000 Z-0.125000
G01 X55.491500 Y22.490000 Z-0.125000
G01 X55.204700 Y21.829000 Z-0.125000
G01 X55.270600 Y21.638000 Z-0.125000
G01 X55.479200 Y21.729000 Z-0.125000
G01 X57.337800 Y23.588000 Z-0.125000
G01 X57.548300 Y23.681000 Z-0.125000
G01 X57.618500 Y23.494000 Z-0.125000
G01 X57.337800 Y22.840000 Z-0.125000
G01 X55.466800 Y20.969000 Z-0.125000
G01 X55.180000 Y20.308000 Z-0.125000
G01 X55.245900 Y20.116000 Z-0.125000
G01 X55.454500 Y20.208000 Z-0.125000
G01 X57.337800 Y22.091000 Z-0.125000
G01 X57.548300 Y22.185000 Z-0.125000
G01 X57.618500 Y21.998000 Z-0.125000
G01 X57.337800 Y21.343000 Z-0.125000
G01 X55.442300 Y19.447000 Z-0.125000
G01 X55.156700 Y18.788000 Z-0.125000
G01 X55.223400 Y18.597000 Z-0.125000
G01 X55.432400 Y18.689000 Z-0.125000
G01 X57.337900 Y20.595000 Z-0.125000
G01 X57.548300 Y20.688000 Z-0.125000
G01 X57.618500 Y20.501000 Z-0.125000
G01 X57.337900 Y19.846000 Z-0.125000
G01 X55.422500 Y17.931000 Z-0.125000
G01 X55.136900 Y17.271000 Z-0.125000
G01 X55.203600 Y17.080000 Z-0.125000
G01 X55.412600 Y17.172000 Z-0.125000
G01 X57.337900 Y19.098000 Z-0.125000
G01 X57.548400 Y19.191000 Z-0.125000
G01 X57.618500 Y19.004000 Z-0.125000
G01 X57.337900 Y18.349000 Z-0.125000
G01 X55.406500 Y16.418000 Z-0.125000
G01 X55.123300 Y15.761000 Z-0.125000
G01 X55.191700 Y15.572000 Z-0.125000
G01 X55.401400 Y15.665000 Z-0.125000
G01 X57.337900 Y17.601000 Z-0.125000
G01 X57.548300 Y17.695000 Z-0.125000
G01 X57.618500 Y17.508000 Z-0.125000
G01 X57.337900 Y16.853000 Z-0.125000
G01 X55.396300 Y14.911000 Z-0.125000
G01 X55.114900 Y14.256000 Z-0.125000
G01 X55.184500 Y14.068000 Z-0.125000
G01 X55.394700 Y14.161000 Z-0.125000
G01 X57.337900 Y16.104000 Z-0.125000
G01 X57.548400 Y16.198000 Z-0.125000
G01 X57.618500 Y16.011000 Z-0.125000
G01 X57.337900 Y15.356000 Z-0.125000
G01 X55.394700 Y13.413000 Z-0.125000
G01 X55.114100 Y12.758000 Z-0.125000
G01 X55.184300 Y12.571000 Z-0.125000
G01 X55.394800 Y12.665000 Z-0.125000
G01 X57.337900 Y14.608000 Z-0.125000
G01 X57.548400 Y14.701000 Z-0.125000
G01 X57.618500 Y14.514000 Z-0.125000
G01 X57.337900 Y13.859000 Z-0.125000
G01 X55.399500 Y11.921000 Z-0.125000
G01 X55.121800 Y11.269000 Z-0.125000
G01 X55.194000 Y11.084000 Z-0.125000
G01 X55.405400 Y11.178000 Z-0.125000
G01 X57.337900 Y13.111000 Z-0.125000
G01 X57.548300 Y13.205000 Z-0.125000
G01 X57.618500 Y13.017000 Z-0.125000
G01 X57.337900 Y12.363000 Z-0.125000
G01 X55.412700 Y10.437000 Z-0.125000
G01 X55.138800 Y9.789000 Z-0.125000
G01 X55.213600 Y9.607000 Z-0.125000
G01 X55.426100 Y9.703000 Z-0.125000
G01 X57.337900 Y11.614000 Z-0.125000
G01 X57.548300 Y11.708000 Z-0.125000
G01 X57.618500 Y11.521000 Z-0.125000
G01 X57.337900 Y10.866000 Z-0.125000
G01 X55.439200 Y8.967000 Z-0.125000
G01 X55.232500 Y8.644000 Z-0.125000
G01 X55.170800 Y8.325000 Z-0.125000
G01 X55.249400 Y8.146000 Z-0.125000
G01 X55.463700 Y8.243000 Z-0.125000
G01 X57.337900 Y10.118000 Z-0.125000
G01 X57.548300 Y10.211000 Z-0.125000
G01 X57.618500 Y10.024000 Z-0.125000
G01 X57.337900 Y9.369000 Z-0.125000
G01 X55.490700 Y7.522000 Z-0.125000
G01 X55.287000 Y7.201000 Z-0.125000
G01 X55.231700 Y6.889000 Z-0.125000
G01 X55.316800 Y6.717000 Z-0.125000
G01 X55.534000 Y6.817000 Z-0.125000
G01 X57.337900 Y8.621000 Z-0.125000
G01 X57.548300 Y8.714000 Z-0.125000
G01 X57.618500 Y8.527000 Z-0.125000
G01 X57.337900 Y7.873000 Z-0.125000
G01 X55.687000 Y6.222000 Z-0.125000
G01 X55.551400 Y5.969000 Z-0.125000
G01 X55.646100 Y5.807000 Z-0.125000
G01 X55.881000 Y5.784000 Z-0.125000
G01 X56.166400 Y5.953000 Z-0.125000
G01 X57.756800 Y7.543000 Z-0.125000
G01 X58.430400 Y7.842000 Z-0.125000
G01 X58.630300 Y7.785000 Z-0.125000
G01 X58.542600 Y7.581000 Z-0.125000
G01 X56.772600 Y5.811000 Z-0.125000
G01 X56.666200 Y5.587000 Z-0.125000
G01 X56.825000 Y5.489000 Z-0.125000
G01 X57.124200 Y5.531000 Z-0.125000
G01 X57.438700 Y5.728000 Z-0.125000
G01 X59.328400 Y7.618000 Z-0.125000
G01 X60.002000 Y7.917000 Z-0.125000
G01 X60.201900 Y7.860000 Z-0.125000
G01 X60.114200 Y7.656000 Z-0.125000
G01 X58.139600 Y5.681000 Z-0.125000
G01 X58.042000 Y5.466000 Z-0.125000
G01 X58.220000 Y5.387000 Z-0.125000
G01 X58.538400 Y5.448000 Z-0.125000
G01 X58.861700 Y5.655000 Z-0.125000
G01 X60.900000 Y7.693000 Z-0.125000
G01 X61.573600 Y7.992000 Z-0.125000
G01 X61.773500 Y7.935000 Z-0.125000
G01 X61.685800 Y7.730000 Z-0.125000
G01 X59.598200 Y5.643000 Z-0.125000
G01 X59.502300 Y5.430000 Z-0.125000
G01 X59.684200 Y5.355000 Z-0.125000
G01 X60.331500 Y5.628000 Z-0.125000
G01 X62.471600 Y7.768000 Z-0.125000
G01 X63.145200 Y8.067000 Z-0.125000
G01 X63.345100 Y8.010000 Z-0.125000
G01 X63.257400 Y7.805000 Z-0.125000
G01 X61.105900 Y5.654000 Z-0.125000
G01 X61.015200 Y5.446000 Z-0.125000
G01 X61.208700 Y5.382000 Z-0.125000
G01 X61.872700 Y5.672000 Z-0.125000
G01 X64.043200 Y7.843000 Z-0.125000
G01 X64.716800 Y8.142000 Z-0.125000
G01 X64.916700 Y8.085000 Z-0.125000
G01 X64.829000 Y7.880000 Z-0.125000
G01 X62.638600 Y5.690000 Z-0.125000
G01 X62.548400 Y5.483000 Z-0.125000
G01 X62.742700 Y5.420000 Z-0.125000
G01 X63.408000 Y5.711000 Z-0.125000
G01 X65.895500 Y8.198000 Z-0.125000
G00 Z5.000000

(End cutting path id: path3)


(Start cutting path id: path3)
(Change tool to Default tool)

G00 Z5.000000
G00 X58.304700 Y29.045000

G01 Z-0.125000 F100.0(Penetrate)
G01 X60.282000 Y31.022000 Z-0.125000 F400.000000
G01 X60.936800 Y31.303000 Z-0.125000
G01 X61.123900 Y31.233000 Z-0.125000
G01 X61.030400 Y31.022000 Z-0.125000
G01 X59.333600 Y29.325000 Z-0.125000
G01 X59.240100 Y29.115000 Z-0.125000
G01 X59.427200 Y29.045000 Z-0.125000
G01 X60.082000 Y29.325000 Z-0.125000
G01 X61.778700 Y31.022000 Z-0.125000
G01 X62.433500 Y31.303000 Z-0.125000
G01 X62.620600 Y31.233000 Z-0.125000
G01 X62.527100 Y31.022000 Z-0.125000
G01 X60.830300 Y29.325000 Z-0.125000
G01 X60.736400 Y29.115000 Z-0.125000
G01 X60.922600 Y29.044000 Z-0.125000
G01 X61.576200 Y29.322000 Z-0.125000
G01 X63.275400 Y31.022000 Z-0.125000
G01 X63.930200 Y31.302000 Z-0.125000
G01 X64.117300 Y31.232000 Z-0.125000
G01 X64.023800 Y31.022000 Z-0.125000
G01 X62.318200 Y29.316000 Z-0.125000
G01 X62.219200 Y29.100000 Z-0.125000
G01 X62.394100 Y29.018000 Z-0.125000
G01 X62.709300 Y29.076000 Z-0.125000
G01 X63.031200 Y29.281000 Z-0.125000
G01 X64.772100 Y31.022000 Z-0.125000
G01 X65.426900 Y31.302000 Z-0.125000
G01 X65.614000 Y31.232000 Z-0.125000
G01 X65.520500 Y31.022000 Z-0.125000
G01 X63.683700 Y29.185000 Z-0.125000
G01 X63.554100 Y28.938000 Z-0.125000
G01 X63.661900 Y28.789000 Z-0.125000
G01 X63.910000 Y28.780000 Z-0.125000
G01 X64.201400 Y28.954000 Z-0.125000
G01 X66.268800 Y31.022000 Z-0.125000
G01 X66.923600 Y31.302000 Z-0.125000
G01 X67.110700 Y31.232000 Z-0.125000
G01 X67.017200 Y31.022000 Z-0.125000
G01 X64.516200 Y28.521000 Z-0.125000
G01 X64.325300 Y28.213000 Z-0.125000
G01 X64.297900 Y27.928000 Z-0.125000
G01 X64.411000 Y27.784000 Z-0.125000
G01 X64.640900 Y27.897000 Z-0.125000
G01 X67.765500 Y31.022000 Z-0.125000
G01 X68.420300 Y31.302000 Z-0.125000
G01 X68.607400 Y31.232000 Z-0.125000
G01 X68.513900 Y31.022000 Z-0.125000
G01 X64.662400 Y27.170000 Z-0.125000
G01 X64.456800 Y26.848000 Z-0.125000
G01 X64.397200 Y26.531000 Z-0.125000
G01 X64.478000 Y26.354000 Z-0.125000
G01 X64.693300 Y26.453000 Z-0.125000
G01 X69.230000 Y30.989000 Z-0.125000
G01 X69.440400 Y31.083000 Z-0.125000
G01 X69.510600 Y30.896000 Z-0.125000
G01 X69.230000 Y30.241000 Z-0.125000
G01 X64.770600 Y25.782000 Z-0.125000
G01 X64.582700 Y25.477000 Z-0.125000
G01 X64.562300 Y25.199000 Z-0.125000
G01 X64.682200 Y25.062000 Z-0.125000
G01 X64.915200 Y25.178000 Z-0.125000
G01 X69.230000 Y29.493000 Z-0.125000
G01 X69.440400 Y29.586000 Z-0.125000
G01 X69.510600 Y29.399000 Z-0.125000
G01 X69.230000 Y28.744000 Z-0.125000
G01 X65.136500 Y24.651000 Z-0.125000
G01 X64.976000 Y24.374000 Z-0.125000
G01 X65.015900 Y24.156000 Z-0.125000
G01 X65.196100 Y24.079000 Z-0.125000
G01 X65.456600 Y24.223000 Z-0.125000
G01 X69.230000 Y27.996000 Z-0.125000
G01 X69.440400 Y28.090000 Z-0.125000
G01 X69.510600 Y27.902000 Z-0.125000
G01 X69.230000 Y27.248000 Z-0.125000
G01 X65.887000 Y23.905000 Z-0.125000
G01 X65.763000 Y23.664000 Z-0.125000
G01 X65.883200 Y23.527000 Z-0.125000
G01 X66.143700 Y23.530000 Z-0.125000
G01 X66.440700 Y23.710000 Z-0.125000
G01 X69.226200 Y26.496000 Z-0.125000
G01 X69.435500 Y26.588000 Z-0.125000
G01 X69.503100 Y26.398000 Z-0.125000
G01 X69.218700 Y25.740000 Z-0.125000
G01 X67.104200 Y23.625000 Z-0.125000
G01 X67.020100 Y23.424000 Z-0.125000
G01 X67.228000 Y23.375000 Z-0.125000
G01 X67.913100 Y23.686000 Z-0.125000
G01 X69.188400 Y24.961000 Z-0.125000
G01 X69.389100 Y25.045000 Z-0.125000
G01 X69.437600 Y24.836000 Z-0.125000
G01 X69.125500 Y24.150000 Z-0.125000
G01 X68.530000 Y23.554000 Z-0.125000
G00 Z5.000000

(End cutting path id: path3)


(Start cutting path id: path3)
(Change tool to Default tool)

G00 Z5.000000
G00 X55.222200 Y46.916000

G01 Z-0.125000 F100.0(Penetrate)
G01 X50.448700 Y42.143000 Z-0.125000 F400.000000
G00 Z5.000000

(End cutting path id: path3)


(Start cutting path id: path3)
(Change tool to Default tool)

G00 Z5.000000
G00 X56.249200 Y48.692000

G01 Z-0.125000 F100.0(Penetrate)
G01 X48.774600 Y41.217000 Z-0.125000 F400.000000
G00 Z5.000000

(End cutting path id: path3)


(Start cutting path id: path3)
(Change tool to Default tool)

G00 Z5.000000
G00 X42.744100 Y31.382000

G01 Z-0.125000 F100.0(Penetrate)
G01 X41.018200 Y31.251000 Z-0.125000 F400.000000
G01 X40.174300 Y31.091000 Z-0.125000
G01 X39.400000 Y30.741000 Z-0.125000
G01 X38.980100 Y29.872000 Z-0.125000
G01 X38.778200 Y28.941000 Z-0.125000
G01 X38.611300 Y27.011000 Z-0.125000
G01 X38.555300 Y23.023000 Z-0.125000
G01 X38.494500 Y21.032000 Z-0.125000
G01 X38.246400 Y19.059000 Z-0.125000
G01 X38.033100 Y18.423000 Z-0.125000
G01 X37.656200 Y17.884000 Z-0.125000
G01 X36.617200 Y17.054000 Z-0.125000
G01 X36.060200 Y16.218000 Z-0.125000
G01 X35.814500 Y15.245000 Z-0.125000
G01 X35.694200 Y13.207000 Z-0.125000
G01 X35.697700 Y9.525000 Z-0.125000
G01 X35.809200 Y7.689000 Z-0.125000
G01 X36.070300 Y5.870000 Z-0.125000
G01 X36.413000 Y5.633000 Z-0.125000
G01 X36.844800 Y5.542000 Z-0.125000
G01 X37.742200 Y5.495000 Z-0.125000
G01 X40.562500 Y5.731000 Z-0.125000
G01 X41.287100 Y17.284000 Z-0.125000
G01 X50.431600 Y17.284000 Z-0.125000
G01 X50.740300 Y12.180000 Z-0.125000
G01 X51.234400 Y7.095000 Z-0.125000
G01 X51.477100 Y6.214000 Z-0.125000
G01 X51.720900 Y5.871000 Z-0.125000
G01 X52.127000 Y5.800000 Z-0.125000
G01 X52.440100 Y6.576000 Z-0.125000
G01 X52.577000 Y7.411000 Z-0.125000
G01 X52.684100 Y9.113000 Z-0.125000
G01 X52.809600 Y20.145000 Z-0.125000
G01 X52.802700 Y31.179000 Z-0.125000
G01 X47.774000 Y31.351000 Z-0.125000
G01 X42.744100 Y31.382000 Z-0.125000
G01 X42.744100 Y31.382000 Z-0.125000
G00 Z5.000000

(End cutting path id: path3)


(Start cutting path id: path3)
(Change tool to Default tool)

G00 Z5.000000
G00 X40.610100 Y27.814000

G01 Z-0.125000 F100.0(Penetrate)
G01 X38.716700 Y25.921000 Z-0.125000 F400.000000
G01 X38.432400 Y25.262000 Z-0.125000
G01 X38.500000 Y25.073000 Z-0.125000
G01 X38.709400 Y25.165000 Z-0.125000
G01 X40.250500 Y26.706000 Z-0.125000
G01 X40.448600 Y26.787000 Z-0.125000
G01 X40.491600 Y26.573000 Z-0.125000
G01 X40.171500 Y25.879000 Z-0.125000
G01 X38.702700 Y24.410000 Z-0.125000
G01 X38.419700 Y23.753000 Z-0.125000
G01 X38.488300 Y23.564000 Z-0.125000
G01 X38.698000 Y23.657000 Z-0.125000
G01 X40.121600 Y25.081000 Z-0.125000
G01 X40.330300 Y25.172000 Z-0.125000
G01 X40.396600 Y24.981000 Z-0.125000
G01 X40.110400 Y24.321000 Z-0.125000
G01 X38.693800 Y22.904000 Z-0.125000
G01 X38.405100 Y22.241000 Z-0.125000
G01 X38.469700 Y22.049000 Z-0.125000
G01 X38.677700 Y22.140000 Z-0.125000
G01 X40.128400 Y23.591000 Z-0.125000
G01 X40.346700 Y23.692000 Z-0.125000
G01 X40.433900 Y23.522000 Z-0.125000
G01 X40.380900 Y23.212000 Z-0.125000
G01 X40.178200 Y22.892000 Z-0.125000
G01 X38.646400 Y21.360000 Z-0.125000
G01 X38.316600 Y20.656000 Z-0.125000
G01 X38.352900 Y20.435000 Z-0.125000
G01 X38.548000 Y20.514000 Z-0.125000
G01 X40.257800 Y22.223000 Z-0.125000
G01 X40.487500 Y22.336000 Z-0.125000
G01 X40.599800 Y22.191000 Z-0.125000
G01 X40.571900 Y21.906000 Z-0.125000
G01 X40.380600 Y21.598000 Z-0.125000
G01 X38.171100 Y19.388000 Z-0.125000
G00 Z5.000000

(End cutting path id: path3)


(Start cutting path id: path3)
(Change tool to Default tool)

G00 Z5.000000
G00 X36.007000 Y16.475000

G01 Z-0.125000 F100.0(Penetrate)
G01 X40.561300 Y21.030000 Z-0.125000 F400.000000
G01 X40.815000 Y21.167000 Z-0.125000
G01 X40.980400 Y21.075000 Z-0.125000
G01 X41.005400 Y20.842000 Z-0.125000
G01 X40.838200 Y20.558000 Z-0.125000
G01 X36.003300 Y15.723000 Z-0.125000
G01 X35.673600 Y15.020000 Z-0.125000
G01 X35.710000 Y14.799000 Z-0.125000
G01 X35.905200 Y14.877000 Z-0.125000
G01 X41.259700 Y20.231000 Z-0.125000
G01 X41.557300 Y20.412000 Z-0.125000
G01 X41.819200 Y20.417000 Z-0.125000
G01 X41.940700 Y20.281000 Z-0.125000
G01 X41.817400 Y20.041000 Z-0.125000
G01 X35.859800 Y14.083000 Z-0.125000
G01 X35.567200 Y13.416000 Z-0.125000
G01 X35.629200 Y13.221000 Z-0.125000
G01 X35.835900 Y13.311000 Z-0.125000
G01 X42.488000 Y19.963000 Z-0.125000
G01 X42.804000 Y20.162000 Z-0.125000
G01 X43.106300 Y20.207000 Z-0.125000
G01 X43.268300 Y20.112000 Z-0.125000
G01 X43.163400 Y19.890000 Z-0.125000
G01 X35.827800 Y12.554000 Z-0.125000
G01 X35.544300 Y11.897000 Z-0.125000
G01 X35.612500 Y11.708000 Z-0.125000
G01 X35.822100 Y11.800000 Z-0.125000
G01 X44.167800 Y20.146000 Z-0.125000
G00 Z5.000000

(End cutting path id: path3)


(Start cutting path id: path3)
(Change tool to Default tool)

G00 Z5.000000
G00 X41.375700 Y16.606000

G01 Z-0.125000 F100.0(Penetrate)
G01 X35.826700 Y11.057000 Z-0.125000 F400.000000
G01 X35.552300 Y10.408000 Z-0.125000
G01 X35.626700 Y10.226000 Z-0.125000
G01 X35.839100 Y10.321000 Z-0.125000
G01 X41.045200 Y15.527000 Z-0.125000
G01 X41.247900 Y15.613000 Z-0.125000
G01 X41.300900 Y15.409000 Z-0.125000
G01 X40.995300 Y14.729000 Z-0.125000
G01 X35.859900 Y9.594000 Z-0.125000
G01 X35.655100 Y9.272000 Z-0.125000
G01 X35.597300 Y8.957000 Z-0.125000
G01 X35.679800 Y8.782000 Z-0.125000
G01 X35.895800 Y8.881000 Z-0.125000
G01 X40.945400 Y13.931000 Z-0.125000
G01 X41.148100 Y14.016000 Z-0.125000
G01 X41.201100 Y13.812000 Z-0.125000
G01 X40.895500 Y13.132000 Z-0.125000
G01 X35.941900 Y8.179000 Z-0.125000
G01 X35.740900 Y7.861000 Z-0.125000
G01 X35.691500 Y7.554000 Z-0.125000
G01 X35.782300 Y7.388000 Z-0.125000
G01 X36.002200 Y7.491000 Z-0.125000
G01 X40.845700 Y12.334000 Z-0.125000
G01 X41.048300 Y12.420000 Z-0.125000
G01 X41.101300 Y12.216000 Z-0.125000
G01 X40.795800 Y11.536000 Z-0.125000
G01 X36.079200 Y6.819000 Z-0.125000
G01 X35.888000 Y6.511000 Z-0.125000
G01 X35.860100 Y6.226000 Z-0.125000
G01 X35.972500 Y6.081000 Z-0.125000
G01 X36.202100 Y6.194000 Z-0.125000
G01 X40.745900 Y10.738000 Z-0.125000
G01 X40.948600 Y10.823000 Z-0.125000
G01 X41.001600 Y10.619000 Z-0.125000
G01 X40.696000 Y9.939000 Z-0.125000
G01 X36.569900 Y5.813000 Z-0.125000
G01 X36.457100 Y5.584000 Z-0.125000
G01 X36.601900 Y5.471000 Z-0.125000
G01 X36.887000 Y5.499000 Z-0.125000
G01 X37.195100 Y5.690000 Z-0.125000
G01 X40.646100 Y9.141000 Z-0.125000
G01 X40.848800 Y9.227000 Z-0.125000
G01 X40.901800 Y9.023000 Z-0.125000
G01 X40.596200 Y8.343000 Z-0.125000
G01 X37.900900 Y5.648000 Z-0.125000
G01 X37.811000 Y5.441000 Z-0.125000
G01 X38.006000 Y5.379000 Z-0.125000
G01 X38.672400 Y5.671000 Z-0.125000
G01 X40.546300 Y7.545000 Z-0.125000
G01 X40.749000 Y7.630000 Z-0.125000
G01 X40.802000 Y7.426000 Z-0.125000
G01 X40.496400 Y6.746000 Z-0.125000
G01 X39.495700 Y5.746000 Z-0.125000
G01 X39.414900 Y5.548000 Z-0.125000
G01 X39.629900 Y5.506000 Z-0.125000
G01 X40.325400 Y5.827000 Z-0.125000
G01 X40.727200 Y6.229000 Z-0.125000
G00 Z5.000000

(End cutting path id: path3)


(Start cutting path id: path3)
(Change tool to Default tool)

G00 Z5.000000
G00 X35.922600 Y5.575000

G01 Z-0.125000 F100.0(Penetrate)
G01 X35.722800 Y6.191000 Z-0.125000 F400.000000
G01 X35.559100 Y7.489000 Z-0.125000
G01 X35.408000 Y11.369000 Z-0.125000
G01 X35.460500 Y14.124000 Z-0.125000
G01 X35.668000 Y15.858000 Z-0.125000
G01 X36.106000 Y16.892000 Z-0.125000
G01 X36.849400 Y17.548000 Z-0.125000
G01 X37.601800 Y18.219000 Z-0.125000
G01 X38.038800 Y19.317000 Z-0.125000
G01 X38.241400 Y21.221000 Z-0.125000
G01 X38.290900 Y24.313000 Z-0.125000
G01 X38.348200 Y27.028000 Z-0.125000
G01 X38.527900 Y28.998000 Z-0.125000
G01 X38.841500 Y30.302000 Z-0.125000
G01 X39.300700 Y31.016000 Z-0.125000
G01 X40.153600 Y31.359000 Z-0.125000
G01 X41.706000 Y31.581000 Z-0.125000
G01 X46.688200 Y31.644000 Z-0.125000
G01 X53.065900 Y31.435000 Z-0.125000
G01 X53.065900 Y18.462000 Z-0.125000
G01 X53.026500 Y11.773000 Z-0.125000
G01 X52.870700 Y7.831000 Z-0.125000
G01 X52.542200 Y5.962000 Z-0.125000
G01 X52.295700 Y5.593000 Z-0.125000
G01 X51.984800 Y5.489000 Z-0.125000
G01 X51.692900 Y5.553000 Z-0.125000
G01 X51.444300 Y5.759000 Z-0.125000
G01 X51.053900 Y6.690000 Z-0.125000
G01 X50.768600 Y8.462000 Z-0.125000
G01 X50.543400 Y11.255000 Z-0.125000
G01 X50.183000 Y17.021000 Z-0.125000
G01 X45.858600 Y17.021000 Z-0.125000
G01 X41.534200 Y17.021000 Z-0.125000
G01 X41.173800 Y11.255000 Z-0.125000
G01 X40.813500 Y5.489000 Z-0.125000
G01 X38.625400 Y5.274000 Z-0.125000
G01 X36.928800 Y5.274000 Z-0.125000
G01 X35.922600 Y5.575000 Z-0.125000
G01 X35.922600 Y5.575000 Z-0.125000
G00 Z5.000000

(End cutting path id: path3)


(Start cutting path id: path3)
(Change tool to Default tool)

G00 Z5.000000
G00 X22.577500 Y16.517000

G01 Z-0.125000 F100.0(Penetrate)
G01 X25.551100 Y19.490000 Z-0.125000 F400.000000
G01 X26.205900 Y19.771000 Z-0.125000
G01 X26.393000 Y19.701000 Z-0.125000
G01 X26.299500 Y19.490000 Z-0.125000
G01 X23.793200 Y16.984000 Z-0.125000
G01 X23.700400 Y16.774000 Z-0.125000
G01 X23.889200 Y16.706000 Z-0.125000
G01 X24.546600 Y16.989000 Z-0.125000
G01 X27.328500 Y19.771000 Z-0.125000
G00 Z5.000000

(End cutting path id: path3)


(Start cutting path id: path3)
(Change tool to Default tool)

G00 Z5.000000
G00 X28.477900 Y29.900000

G01 Z-0.125000 F100.0(Penetrate)
G01 X29.122700 Y30.545000 Z-0.125000 F400.000000
G01 X29.414600 Y30.720000 Z-0.125000
G01 X29.663800 Y30.712000 Z-0.125000
G01 X29.772700 Y30.564000 Z-0.125000
G01 X29.643600 Y30.318000 Z-0.125000
G01 X28.663600 Y29.338000 Z-0.125000
G01 X28.352600 Y28.653000 Z-0.125000
G01 X28.401900 Y28.445000 Z-0.125000
G01 X28.602900 Y28.529000 Z-0.125000
G01 X29.954600 Y29.880000 Z-0.125000
G01 X30.193400 Y30.002000 Z-0.125000
G01 X30.326100 Y29.878000 Z-0.125000
G01 X30.318400 Y29.613000 Z-0.125000
G01 X30.136300 Y29.314000 Z-0.125000
G01 X28.551400 Y27.729000 Z-0.125000
G01 X28.251800 Y27.055000 Z-0.125000
G01 X28.308900 Y26.855000 Z-0.125000
G01 X28.513400 Y26.942000 Z-0.125000
G01 X30.257900 Y28.687000 Z-0.125000
G01 X30.481100 Y28.793000 Z-0.125000
G01 X30.579400 Y28.634000 Z-0.125000
G01 X30.537300 Y28.335000 Z-0.125000
G01 X30.339600 Y28.020000 Z-0.125000
G01 X28.479600 Y26.160000 Z-0.125000
G01 X28.183300 Y25.490000 Z-0.125000
G01 X28.242700 Y25.292000 Z-0.125000
G01 X28.448300 Y25.381000 Z-0.125000
G01 X30.401500 Y27.334000 Z-0.125000
G01 X30.619400 Y27.435000 Z-0.125000
G01 X30.706100 Y27.264000 Z-0.125000
G01 X30.652400 Y26.953000 Z-0.125000
G01 X30.449400 Y26.633000 Z-0.125000
G01 X28.419200 Y24.603000 Z-0.125000
G01 X28.123900 Y23.934000 Z-0.125000
G01 X28.184100 Y23.737000 Z-0.125000
G01 X28.390000 Y23.826000 Z-0.125000
G01 X30.484700 Y25.920000 Z-0.125000
G01 X30.700500 Y26.019000 Z-0.125000
G01 X30.782500 Y25.844000 Z-0.125000
G01 X30.724200 Y25.528000 Z-0.125000
G01 X30.519100 Y25.206000 Z-0.125000
G01 X28.360800 Y23.048000 Z-0.125000
G01 X28.065600 Y22.379000 Z-0.125000
G01 X28.125700 Y22.181000 Z-0.125000
G01 X28.331600 Y22.270000 Z-0.125000
G01 X30.551400 Y24.490000 Z-0.125000
G01 X30.767700 Y24.590000 Z-0.125000
G01 X30.850800 Y24.415000 Z-0.125000
G01 X30.793600 Y24.101000 Z-0.125000
G01 X30.589000 Y23.780000 Z-0.125000
G01 X28.302400 Y21.493000 Z-0.125000
G01 X28.007200 Y20.824000 Z-0.125000
G01 X28.067300 Y20.626000 Z-0.125000
G01 X28.273200 Y20.715000 Z-0.125000
G01 X30.635600 Y23.078000 Z-0.125000
G01 X30.855300 Y23.181000 Z-0.125000
G01 X30.945700 Y23.014000 Z-0.125000
G01 X30.895800 Y22.707000 Z-0.125000
G01 X30.694600 Y22.388000 Z-0.125000
G01 X25.252700 Y16.947000 Z-0.125000
G01 X25.150500 Y16.727000 Z-0.125000
G01 X25.318400 Y16.638000 Z-0.125000
G01 X25.626700 Y16.689000 Z-0.125000
G01 X25.945400 Y16.891000 Z-0.125000
G01 X30.774500 Y21.720000 Z-0.125000
G01 X31.001200 Y21.830000 Z-0.125000
G01 X31.107000 Y21.678000 Z-0.125000
G01 X31.072500 Y21.387000 Z-0.125000
G01 X30.878300 Y21.075000 Z-0.125000
G01 X26.637100 Y16.834000 Z-0.125000
G01 X26.534700 Y16.615000 Z-0.125000
G01 X26.702300 Y16.525000 Z-0.125000
G01 X27.010200 Y16.576000 Z-0.125000
G01 X27.328800 Y16.777000 Z-0.125000
G01 X31.018700 Y20.467000 Z-0.125000
G01 X31.258200 Y20.590000 Z-0.125000
G01 X31.392100 Y20.467000 Z-0.125000
G01 X31.385800 Y20.203000 Z-0.125000
G01 X31.204300 Y19.905000 Z-0.125000
G01 X28.020400 Y16.721000 Z-0.125000
G01 X27.850000 Y16.433000 Z-0.125000
G01 X27.868000 Y16.194000 Z-0.125000
G01 X28.026300 Y16.095000 Z-0.125000
G01 X28.276800 Y16.229000 Z-0.125000
G01 X31.453600 Y19.406000 Z-0.125000
G01 X31.713200 Y19.548000 Z-0.125000
G01 X31.891500 Y19.469000 Z-0.125000
G01 X31.929400 Y19.250000 Z-0.125000
G01 X31.768100 Y18.972000 Z-0.125000
G01 X28.323600 Y15.527000 Z-0.125000
G01 X28.120400 Y15.207000 Z-0.125000
G01 X28.066300 Y14.896000 Z-0.125000
G01 X28.152600 Y14.725000 Z-0.125000
G01 X28.370300 Y14.826000 Z-0.125000
G01 X32.144200 Y18.599000 Z-0.125000
G01 X32.416700 Y18.755000 Z-0.125000
G01 X32.623200 Y18.704000 Z-0.125000
G01 X32.689400 Y18.513000 Z-0.125000
G01 X32.540900 Y18.248000 Z-0.125000
G01 X28.417100 Y14.124000 Z-0.125000
G01 X28.214000 Y13.804000 Z-0.125000
G01 X28.159900 Y13.493000 Z-0.125000
G01 X28.246100 Y13.322000 Z-0.125000
G01 X28.463900 Y13.422000 Z-0.125000
G01 X32.885000 Y17.844000 Z-0.125000
G01 X33.135600 Y17.977000 Z-0.125000
G01 X33.294000 Y17.878000 Z-0.125000
G01 X33.312100 Y17.639000 Z-0.125000
G01 X33.141800 Y17.352000 Z-0.125000
G01 X28.510700 Y12.721000 Z-0.125000
G01 X28.307500 Y12.401000 Z-0.125000
G01 X28.253400 Y12.089000 Z-0.125000
G01 X28.339700 Y11.918000 Z-0.125000
G01 X28.557400 Y12.019000 Z-0.125000
G01 X33.307300 Y16.769000 Z-0.125000
G01 X33.534300 Y16.879000 Z-0.125000
G01 X33.640800 Y16.728000 Z-0.125000
G01 X33.606900 Y16.437000 Z-0.125000
G01 X33.412900 Y16.126000 Z-0.125000
G01 X28.604200 Y11.318000 Z-0.125000
G01 X28.401000 Y10.998000 Z-0.125000
G01 X28.347000 Y10.686000 Z-0.125000
G01 X28.433200 Y10.515000 Z-0.125000
G01 X28.651000 Y10.616000 Z-0.125000
G01 X33.451700 Y15.417000 Z-0.125000
G01 X33.665200 Y15.513000 Z-0.125000
G01 X33.742200 Y15.333000 Z-0.125000
G01 X33.678900 Y15.013000 Z-0.125000
G01 X33.471500 Y14.688000 Z-0.125000
G01 X28.697700 Y9.915000 Z-0.125000
G01 X28.494600 Y9.594000 Z-0.125000
G01 X28.440500 Y9.283000 Z-0.125000
G01 X28.526700 Y9.112000 Z-0.125000
G01 X28.744500 Y9.213000 Z-0.125000
G01 X33.472300 Y13.941000 Z-0.125000
G01 X33.680900 Y14.032000 Z-0.125000
G01 X33.747000 Y13.841000 Z-0.125000
G01 X33.460500 Y13.181000 Z-0.125000
G01 X28.791300 Y8.511000 Z-0.125000
G01 X28.588100 Y8.191000 Z-0.125000
G01 X28.534100 Y7.880000 Z-0.125000
G01 X28.620300 Y7.709000 Z-0.125000
G01 X28.838100 Y7.810000 Z-0.125000
G01 X33.438200 Y12.410000 Z-0.125000
G01 X33.645100 Y12.500000 Z-0.125000
G01 X33.707500 Y12.305000 Z-0.125000
G01 X33.415600 Y11.639000 Z-0.125000
G01 X28.884900 Y7.108000 Z-0.125000
G01 X28.681700 Y6.788000 Z-0.125000
G01 X28.627600 Y6.477000 Z-0.125000
G01 X28.713800 Y6.306000 Z-0.125000
G01 X28.931600 Y6.407000 Z-0.125000
G01 X33.390300 Y10.865000 Z-0.125000
G01 X33.596500 Y10.955000 Z-0.125000
G01 X33.657400 Y10.758000 Z-0.125000
G01 X33.363200 Y10.090000 Z-0.125000
G01 X29.174500 Y5.901000 Z-0.125000
G01 X29.080900 Y5.691000 Z-0.125000
G01 X29.268000 Y5.620000 Z-0.125000
G01 X29.922800 Y5.901000 Z-0.125000
G01 X33.336200 Y9.315000 Z-0.125000
G01 X33.542500 Y9.404000 Z-0.125000
G01 X33.603300 Y9.207000 Z-0.125000
G01 X33.309200 Y8.539000 Z-0.125000
G01 X30.671200 Y5.901000 Z-0.125000
G01 X30.577600 Y5.691000 Z-0.125000
G01 X30.764700 Y5.620000 Z-0.125000
G01 X31.419500 Y5.901000 Z-0.125000
G01 X33.282200 Y7.764000 Z-0.125000
G01 X33.488400 Y7.853000 Z-0.125000
G01 X33.549300 Y7.657000 Z-0.125000
G01 X33.255100 Y6.988000 Z-0.125000
G01 X32.167900 Y5.901000 Z-0.125000
G01 X32.074400 Y5.691000 Z-0.125000
G01 X32.261400 Y5.620000 Z-0.125000
G01 X32.916200 Y5.901000 Z-0.125000
G01 X33.459900 Y6.445000 Z-0.125000
G01 X33.432800 Y5.669000 Z-0.125000
G01 X33.384000 Y5.620000 Z-0.125000
G00 Z5.000000

(End cutting path id: path3)


(Start cutting path id: path3)
(Change tool to Default tool)

G00 Z5.000000
G00 X16.428700 Y5.609000

G01 Z-0.125000 F100.0(Penetrate)
G01 X16.242100 Y6.785000 Z-0.125000 F400.000000
G01 X16.089400 Y9.633000 Z-0.125000
G01 X15.948200 Y18.635000 Z-0.125000
G01 X15.981900 Y25.465000 Z-0.125000
G01 X16.143000 Y29.205000 Z-0.125000
G01 X16.299700 Y30.192000 Z-0.125000
G01 X16.522100 Y30.736000 Z-0.125000
G01 X16.821600 Y30.949000 Z-0.125000
G01 X17.209500 Y30.940000 Z-0.125000
G01 X17.855000 Y30.595000 Z-0.125000
G01 X18.295500 Y29.697000 Z-0.125000
G01 X18.598400 Y28.010000 Z-0.125000
G01 X18.831100 Y25.302000 Z-0.125000
G01 X19.191500 Y19.903000 Z-0.125000
G01 X23.515900 Y19.903000 Z-0.125000
G01 X27.840300 Y19.903000 Z-0.125000
G01 X28.051700 Y25.536000 Z-0.125000
G01 X28.204600 Y28.457000 Z-0.125000
G01 X28.442900 Y30.132000 Z-0.125000
G01 X28.846000 Y30.859000 Z-0.125000
G01 X29.493100 Y30.934000 Z-0.125000
G01 X30.117300 Y30.595000 Z-0.125000
G01 X30.525800 Y29.713000 Z-0.125000
G01 X30.778800 Y28.055000 Z-0.125000
G01 X30.936800 Y25.390000 Z-0.125000
G01 X31.104800 Y22.706000 Z-0.125000
G01 X31.393600 Y20.900000 Z-0.125000
G01 X31.867700 Y19.719000 Z-0.125000
G01 X32.591800 Y18.911000 Z-0.125000
G01 X33.346500 Y18.095000 Z-0.125000
G01 X33.753200 Y16.903000 Z-0.125000
G01 X33.886000 Y14.890000 Z-0.125000
G01 X33.819600 Y11.615000 Z-0.125000
G01 X33.606100 Y5.489000 Z-0.125000
G01 X31.083500 Y5.489000 Z-0.125000
G01 X28.560900 Y5.489000 Z-0.125000
G01 X28.200600 Y10.894000 Z-0.125000
G01 X27.840200 Y16.300000 Z-0.125000
G01 X25.030600 Y16.530000 Z-0.125000
G01 X23.834500 Y16.583000 Z-0.125000
G01 X22.899200 Y16.490000 Z-0.125000
G01 X22.193400 Y16.199000 Z-0.125000
G01 X21.685500 Y15.660000 Z-0.125000
G01 X21.344200 Y14.820000 Z-0.125000
G01 X21.137800 Y13.630000 Z-0.125000
G01 X21.004300 Y9.993000 Z-0.125000
G01 X20.965700 Y7.183000 Z-0.125000
G01 X20.738400 Y5.739000 Z-0.125000
G01 X20.494200 Y5.387000 Z-0.125000
G01 X20.130800 Y5.205000 Z-0.125000
G01 X18.951200 Y5.128000 Z-0.125000
G01 X17.367800 Y5.270000 Z-0.125000
G01 X16.428600 Y5.609000 Z-0.125000
G01 X16.428700 Y5.609000 Z-0.125000
G00 Z5.000000

(End cutting path id: path3)


(Start cutting path id: path3)
(Change tool to Default tool)

G00 Z5.000000
G00 X16.344900 Y29.741000

G01 Z-0.125000 F100.0(Penetrate)
G01 X17.084800 Y30.481000 Z-0.125000 F400.000000
G01 X17.363700 Y30.643000 Z-0.125000
G01 X17.584400 Y30.606000 Z-0.125000
G01 X17.664800 Y30.430000 Z-0.125000
G01 X17.522700 Y30.171000 Z-0.125000
G01 X16.531300 Y29.179000 Z-0.125000
G01 X16.223500 Y28.497000 Z-0.125000
G01 X16.275000 Y28.291000 Z-0.125000
G01 X16.477000 Y28.377000 Z-0.125000
G01 X17.785300 Y29.685000 Z-0.125000
G01 X18.022600 Y29.805000 Z-0.125000
G01 X18.151600 Y29.677000 Z-0.125000
G01 X18.140400 Y29.409000 Z-0.125000
G01 X17.956700 Y29.108000 Z-0.125000
G01 X16.442000 Y27.593000 Z-0.125000
G01 X16.149000 Y26.926000 Z-0.125000
G01 X16.210700 Y26.731000 Z-0.125000
G01 X16.417300 Y26.820000 Z-0.125000
G01 X18.078300 Y28.481000 Z-0.125000
G01 X18.303400 Y28.589000 Z-0.125000
G01 X18.405700 Y28.434000 Z-0.125000
G01 X18.367700 Y28.139000 Z-0.125000
G01 X18.171800 Y27.826000 Z-0.125000
G01 X16.401400 Y26.056000 Z-0.125000
G01 X16.114800 Y25.395000 Z-0.125000
G01 X16.180800 Y25.204000 Z-0.125000
G01 X16.389400 Y25.296000 Z-0.125000
G01 X18.247400 Y27.154000 Z-0.125000
G01 X18.467700 Y27.257000 Z-0.125000
G01 X18.559600 Y27.092000 Z-0.125000
G01 X18.511100 Y26.786000 Z-0.125000
G01 X18.310500 Y26.468000 Z-0.125000
G01 X16.380200 Y24.538000 Z-0.125000
G01 X16.096600 Y23.880000 Z-0.125000
G01 X16.164800 Y23.691000 Z-0.125000
G01 X16.374300 Y23.784000 Z-0.125000
G01 X18.361900 Y25.771000 Z-0.125000
G01 X18.580500 Y25.873000 Z-0.125000
G01 X18.668500 Y25.704000 Z-0.125000
G01 X18.616300 Y25.394000 Z-0.125000
G01 X18.413900 Y25.075000 Z-0.125000
G01 X16.369400 Y23.031000 Z-0.125000
G01 X16.087600 Y22.374000 Z-0.125000
G01 X16.156900 Y22.187000 Z-0.125000
G01 X16.366900 Y22.280000 Z-0.125000
G01 X18.461200 Y24.374000 Z-0.125000
G01 X18.679000 Y24.475000 Z-0.125000
G01 X18.765300 Y24.304000 Z-0.125000
G01 X18.711200 Y23.993000 Z-0.125000
G01 X18.508100 Y23.672000 Z-0.125000
G01 X16.365700 Y21.530000 Z-0.125000
G01 X16.084400 Y20.875000 Z-0.125000
G01 X16.154100 Y20.687000 Z-0.125000
G01 X16.364400 Y20.780000 Z-0.125000
G01 X18.554900 Y22.971000 Z-0.125000
G01 X18.772600 Y23.072000 Z-0.125000
G01 X18.858900 Y22.901000 Z-0.125000
G01 X18.804800 Y22.589000 Z-0.125000
G01 X18.601700 Y22.269000 Z-0.125000
G01 X16.363100 Y20.031000 Z-0.125000
G01 X16.081800 Y19.375000 Z-0.125000
G01 X16.151600 Y19.188000 Z-0.125000
G01 X16.361800 Y19.281000 Z-0.125000
G01 X18.648500 Y21.568000 Z-0.125000
G01 X18.866300 Y21.669000 Z-0.125000
G01 X18.952500 Y21.498000 Z-0.125000
G01 X18.898500 Y21.186000 Z-0.125000
G01 X18.695300 Y20.866000 Z-0.125000
G01 X16.362700 Y18.534000 Z-0.125000
G01 X16.083500 Y17.880000 Z-0.125000
G01 X16.154600 Y17.694000 Z-0.125000
G01 X16.365600 Y17.788000 Z-0.125000
G01 X18.742200 Y20.165000 Z-0.125000
G01 X18.966100 Y20.272000 Z-0.125000
G01 X19.065900 Y20.114000 Z-0.125000
G01 X19.025300 Y19.817000 Z-0.125000
G01 X18.828300 Y19.503000 Z-0.125000
G01 X16.368500 Y17.043000 Z-0.125000
G01 X16.089600 Y16.390000 Z-0.125000
G01 X16.161000 Y16.204000 Z-0.125000
G01 X16.372100 Y16.298000 Z-0.125000
G01 X19.564400 Y19.490000 Z-0.125000
G01 X20.219200 Y19.771000 Z-0.125000
G01 X20.406300 Y19.701000 Z-0.125000
G01 X20.312700 Y19.490000 Z-0.125000
G01 X16.380800 Y15.558000 Z-0.125000
G01 X16.104500 Y14.908000 Z-0.125000
G01 X16.177700 Y14.724000 Z-0.125000
G01 X16.389500 Y14.819000 Z-0.125000
G01 X21.061000 Y19.490000 Z-0.125000
G01 X21.715900 Y19.771000 Z-0.125000
G01 X21.902900 Y19.701000 Z-0.125000
G01 X21.809400 Y19.490000 Z-0.125000
G01 X16.397600 Y14.079000 Z-0.125000
G01 X16.124500 Y13.431000 Z-0.125000
G01 X16.199800 Y13.249000 Z-0.125000
G01 X16.412600 Y13.345000 Z-0.125000
G01 X22.557700 Y19.490000 Z-0.125000
G01 X23.212600 Y19.771000 Z-0.125000
G01 X23.399600 Y19.701000 Z-0.125000
G01 X23.306100 Y19.490000 Z-0.125000
G01 X16.427600 Y12.612000 Z-0.125000
G01 X16.154300 Y11.964000 Z-0.125000
G01 X16.229400 Y11.782000 Z-0.125000
G01 X16.442200 Y11.878000 Z-0.125000
G01 X24.054500 Y19.490000 Z-0.125000
G01 X24.709300 Y19.771000 Z-0.125000
G01 X24.896400 Y19.701000 Z-0.125000
G01 X24.802800 Y19.490000 Z-0.125000
G01 X16.464400 Y11.152000 Z-0.125000
G01 X16.257400 Y10.828000 Z-0.125000
G01 X16.194900 Y10.508000 Z-0.125000
G01 X16.272700 Y10.329000 Z-0.125000
G01 X16.486700 Y10.426000 Z-0.125000
G01 X21.186000 Y15.125000 Z-0.125000
G01 X21.338200 Y15.160000 Z-0.125000
G01 X21.280200 Y14.845000 Z-0.125000
G01 X20.813100 Y14.004000 Z-0.125000
G01 X16.511800 Y9.703000 Z-0.125000
G01 X16.306300 Y9.380000 Z-0.125000
G01 X16.247100 Y9.064000 Z-0.125000
G01 X16.328100 Y8.888000 Z-0.125000
G01 X16.543600 Y8.986000 Z-0.125000
G01 X20.705100 Y13.147000 Z-0.125000
G01 X20.906900 Y13.232000 Z-0.125000
G01 X20.958100 Y13.026000 Z-0.125000
G01 X20.649900 Y12.344000 Z-0.125000
G01 X16.576000 Y8.270000 Z-0.125000
G01 X16.372200 Y7.949000 Z-0.125000
G01 X16.316800 Y7.637000 Z-0.125000
G01 X16.401700 Y7.464000 Z-0.125000
G01 X16.618900 Y7.565000 Z-0.125000
G01 X20.617600 Y11.563000 Z-0.125000
G01 X20.825300 Y11.654000 Z-0.125000
G01 X20.889300 Y11.461000 Z-0.125000
G01 X20.599700 Y10.797000 Z-0.125000
G01 X16.674000 Y6.871000 Z-0.125000
G01 X16.476300 Y6.557000 Z-0.125000
G01 X16.434000 Y6.257000 Z-0.125000
G01 X16.532100 Y6.098000 Z-0.125000
G01 X16.755300 Y6.204000 Z-0.125000
G01 X20.593900 Y10.043000 Z-0.125000
G01 X20.803700 Y10.136000 Z-0.125000
G01 X20.872300 Y9.947000 Z-0.125000
G01 X20.589300 Y9.290000 Z-0.125000
G01 X17.119700 Y5.820000 Z-0.125000
G01 X17.002700 Y5.586000 Z-0.125000
G01 X17.138200 Y5.465000 Z-0.125000
G01 X17.414000 Y5.483000 Z-0.125000
G01 X17.717900 Y5.670000 Z-0.125000
G01 X20.585700 Y8.538000 Z-0.125000
G01 X20.795000 Y8.630000 Z-0.125000
G01 X20.862500 Y8.441000 Z-0.125000
G01 X20.578100 Y7.782000 Z-0.125000
G01 X18.378600 Y5.583000 Z-0.125000
G01 X18.279200 Y5.366000 Z-0.125000
G01 X18.453200 Y5.283000 Z-0.125000
G01 X18.767600 Y5.340000 Z-0.125000
G01 X19.089000 Y5.545000 Z-0.125000
G01 X20.556600 Y7.012000 Z-0.125000
G01 X20.757200 Y7.096000 Z-0.125000
G01 X20.805400 Y6.887000 Z-0.125000
G01 X20.493000 Y6.200000 Z-0.125000
G01 X19.644800 Y5.352000 Z-0.125000
G01 X19.990000 Y5.323000 Z-0.125000
G01 X20.501800 Y5.461000 Z-0.125000
G01 X20.585200 Y5.544000 Z-0.125000
G00 Z5.000000

(End cutting path id: path3)


(Start cutting path id: path3)
(Change tool to Default tool)

G00 Z5.000000
G00 X16.878900 Y30.688000

G01 Z-0.125000 F100.0(Penetrate)
G01 X16.576300 Y30.192000 Z-0.125000 F400.000000
G01 X16.446000 Y29.606000 Z-0.125000
G01 X16.344200 Y28.391000 Z-0.125000
G01 X16.204800 Y19.825000 Z-0.125000
G01 X16.304100 Y11.258000 Z-0.125000
G01 X16.397800 Y8.512000 Z-0.125000
G01 X16.642600 Y5.780000 Z-0.125000
G01 X18.376700 Y5.401000 Z-0.125000
G01 X20.154500 Y5.496000 Z-0.125000
G01 X20.519100 Y5.933000 Z-0.125000
G01 X20.659100 Y6.499000 Z-0.125000
G01 X20.714300 Y7.700000 Z-0.125000
G01 X20.748000 Y11.447000 Z-0.125000
G01 X20.846700 Y13.313000 Z-0.125000
G01 X21.168000 Y15.153000 Z-0.125000
G01 X21.510700 Y15.886000 Z-0.125000
G01 X22.087200 Y16.427000 Z-0.125000
G01 X22.817600 Y16.752000 Z-0.125000
G01 X23.621900 Y16.836000 Z-0.125000
G01 X25.856400 Y16.734000 Z-0.125000
G01 X28.087900 Y16.544000 Z-0.125000
G01 X28.808600 Y5.753000 Z-0.125000
G01 X33.351600 Y5.753000 Z-0.125000
G01 X33.543100 Y10.983000 Z-0.125000
G01 X33.568400 Y16.214000 Z-0.125000
G01 X33.477300 Y17.000000 Z-0.125000
G01 X33.217300 Y17.737000 Z-0.125000
G01 X32.789200 Y18.386000 Z-0.125000
G01 X32.193400 Y18.907000 Z-0.125000
G01 X31.413300 Y20.039000 Z-0.125000
G01 X31.016500 Y21.349000 Z-0.125000
G01 X30.736200 Y24.109000 Z-0.125000
G01 X30.592300 Y27.097000 Z-0.125000
G01 X30.453900 Y28.575000 Z-0.125000
G01 X30.150200 Y30.014000 Z-0.125000
G01 X29.901700 Y30.442000 Z-0.125000
G01 X29.451800 Y30.671000 Z-0.125000
G01 X28.998800 Y30.617000 Z-0.125000
G01 X28.741100 Y30.198000 Z-0.125000
G01 X28.476200 Y28.472000 Z-0.125000
G01 X28.357100 Y26.726000 Z-0.125000
G01 X28.228400 Y23.226000 Z-0.125000
G01 X28.093700 Y19.639000 Z-0.125000
G01 X18.943400 Y19.639000 Z-0.125000
G01 X18.631900 Y24.483000 Z-0.125000
G01 X18.121100 Y29.305000 Z-0.125000
G01 X17.756100 Y30.278000 Z-0.125000
G01 X17.396800 Y30.611000 Z-0.125000
G01 X16.878900 Y30.688000 Z-0.125000
G01 X16.878900 Y30.688000 Z-0.125000
G00 Z5.000000

(End cutting path id: path3)


(Start cutting path id: path3)
(Change tool to Default tool)

G00 Z5.000000
G00 X33.411800 Y38.576000

G01 Z-0.125000 F100.0(Penetrate)
G01 X71.170500 Y76.335000 Z-0.125000 F400.000000
G01 X71.436400 Y76.484000 Z-0.125000
G01 X71.628700 Y76.419000 Z-0.125000
G01 X71.680600 Y76.214000 Z-0.125000
G01 X71.525700 Y75.942000 Z-0.125000
G01 X34.309300 Y38.726000 Z-0.125000
G01 X34.199100 Y38.498000 Z-0.125000
G01 X34.349500 Y38.392000 Z-0.125000
G01 X34.640200 Y38.425000 Z-0.125000
G01 X34.951000 Y38.619000 Z-0.125000
G01 X59.049700 Y62.718000 Z-0.125000
G01 X59.258500 Y62.809000 Z-0.125000
G01 X59.324800 Y62.618000 Z-0.125000
G01 X59.038500 Y61.958000 Z-0.125000
G01 X35.601300 Y38.521000 Z-0.125000
G01 X35.505900 Y38.308000 Z-0.125000
G01 X35.688900 Y38.234000 Z-0.125000
G01 X36.337700 Y38.509000 Z-0.125000
G01 X59.027300 Y61.198000 Z-0.125000
G01 X59.236000 Y61.290000 Z-0.125000
G01 X59.302300 Y61.099000 Z-0.125000
G01 X59.016100 Y60.439000 Z-0.125000
G01 X37.069000 Y38.492000 Z-0.125000
G01 X36.976800 Y38.283000 Z-0.125000
G01 X37.166700 Y38.215000 Z-0.125000
G01 X37.825600 Y38.500000 Z-0.125000
G01 X59.004900 Y59.679000 Z-0.125000
G01 X59.213600 Y59.771000 Z-0.125000
G01 X59.279900 Y59.580000 Z-0.125000
G01 X58.993600 Y58.919000 Z-0.125000
G01 X38.608900 Y38.535000 Z-0.125000
G01 X38.525200 Y38.334000 Z-0.125000
G01 X38.734000 Y38.286000 Z-0.125000
G01 X39.420400 Y38.598000 Z-0.125000
G01 X58.967100 Y58.144000 Z-0.125000
G01 X59.175200 Y58.236000 Z-0.125000
G01 X59.240200 Y58.043000 Z-0.125000
G01 X58.952100 Y57.381000 Z-0.125000
G01 X40.211300 Y38.640000 Z-0.125000
G01 X40.147200 Y38.459000 Z-0.125000
G01 X40.399100 Y38.454000 Z-0.125000
G01 X41.148000 Y38.829000 Z-0.125000
G01 X58.818400 Y56.499000 Z-0.125000
G01 X59.003900 Y56.568000 Z-0.125000
G01 X59.019200 Y56.326000 Z-0.125000
G01 X58.658800 Y55.591000 Z-0.125000
G01 X42.065700 Y38.998000 Z-0.125000
G01 X42.006400 Y38.822000 Z-0.125000
G01 X42.268900 Y38.827000 Z-0.125000
G01 X43.033400 Y39.217000 Z-0.125000
G01 X58.475800 Y54.660000 Z-0.125000
G01 X58.631300 Y54.698000 Z-0.125000
G01 X58.580600 Y54.390000 Z-0.125000
G01 X58.124200 Y53.560000 Z-0.125000
G01 X44.049500 Y39.485000 Z-0.125000
G01 X44.008900 Y39.328000 Z-0.125000
G01 X44.312500 Y39.374000 Z-0.125000
G01 X45.136800 Y39.824000 Z-0.125000
G01 X57.770200 Y52.457000 Z-0.125000
G01 X57.932400 Y52.503000 Z-0.125000
G01 X57.896400 Y52.209000 Z-0.125000
G01 X57.461200 Y51.400000 Z-0.125000
G01 X46.307000 Y40.246000 Z-0.125000
G01 X46.297700 Y40.120000 Z-0.125000
G01 X46.670300 Y40.235000 Z-0.125000
G01 X47.594900 Y40.785000 Z-0.125000
G01 X57.136900 Y50.327000 Z-0.125000
G00 Z5.000000

(End cutting path id: path3)


(Start cutting path id: path3)
(Change tool to Default tool)

G00 Z5.000000
G00 X61.348700 Y65.016000

G01 Z-0.125000 F100.0(Penetrate)
G01 X71.880900 Y75.548000 Z-0.125000 F400.000000
G01 X72.146800 Y75.697000 Z-0.125000
G01 X72.339100 Y75.632000 Z-0.125000
G01 X72.391000 Y75.427000 Z-0.125000
G01 X72.236000 Y75.155000 Z-0.125000
G01 X68.690600 Y71.610000 Z-0.125000
G00 Z5.000000

(End cutting path id: path3)


(Start cutting path id: path3)
(Change tool to Default tool)

G00 Z5.000000
G00 X79.882400 Y65.681000

G01 Z-0.125000 F100.0(Penetrate)
G01 X79.058200 Y66.454000 Z-0.125000 F400.000000
G01 X78.342000 Y67.372000 Z-0.125000
G01 X77.747800 Y68.395000 Z-0.125000
G01 X77.289800 Y69.482000 Z-0.125000
G01 X76.981900 Y70.592000 Z-0.125000
G01 X76.838200 Y71.687000 Z-0.125000
G01 X76.872900 Y72.724000 Z-0.125000
G01 X77.099800 Y73.665000 Z-0.125000
G01 X77.292600 Y74.734000 Z-0.125000
G01 X76.871000 Y75.915000 Z-0.125000
G01 X75.610600 Y77.589000 Z-0.125000
G01 X73.287100 Y80.137000 Z-0.125000
G01 X69.929800 Y83.979000 Z-0.125000
G01 X67.350900 Y87.689000 Z-0.125000
G01 X65.193600 Y91.860000 Z-0.125000
G01 X63.100800 Y97.087000 Z-0.125000
G01 X61.957400 Y100.462000 Z-0.125000
G01 X61.341400 Y103.396300 Z-0.125000
G01 X61.104000 Y107.033300 Z-0.125000
G01 X61.096800 Y112.517300 Z-0.125000
G01 X61.202000 Y117.790400 Z-0.125000
G01 X61.482500 Y121.438700 Z-0.125000
G01 X62.049600 Y124.320100 Z-0.125000
G01 X63.014700 Y127.292400 Z-0.125000
G01 X65.124100 Y132.482000 Z-0.125000
G01 X66.237300 Y134.712600 Z-0.125000
G01 X67.440800 Y136.782000 Z-0.125000
G01 X68.772900 Y138.751100 Z-0.125000
G01 X70.271900 Y140.681200 Z-0.125000
G01 X73.924100 Y144.668500 Z-0.125000
G01 X76.912600 Y147.419500 Z-0.125000
G01 X80.037300 Y149.804100 Z-0.125000
G01 X83.278900 Y151.822400 Z-0.125000
G01 X86.618100 Y153.474300 Z-0.125000
G01 X90.035400 Y154.759800 Z-0.125000
G01 X93.511500 Y155.678900 Z-0.125000
G01 X97.026800 Y156.231500 Z-0.125000
G01 X100.562000 Y156.417700 Z-0.125000
G01 X104.098000 Y156.237500 Z-0.125000
G01 X107.615000 Y155.690800 Z-0.125000
G01 X111.094000 Y154.777600 Z-0.125000
G01 X114.515000 Y153.497900 Z-0.125000
G01 X117.859000 Y151.851700 Z-0.125000
G01 X121.107000 Y149.838900 Z-0.125000
G01 X124.239000 Y147.459600 Z-0.125000
G01 X127.236000 Y144.713700 Z-0.125000
G01 X130.267000 Y141.339400 Z-0.125000
G01 X132.902000 Y137.711600 Z-0.125000
G01 X135.141000 Y133.865900 Z-0.125000
G01 X136.984000 Y129.838200 Z-0.125000
G01 X138.430000 Y125.664000 Z-0.125000
G01 X139.478000 Y121.379200 Z-0.125000
G01 X140.129000 Y117.019300 Z-0.125000
G01 X140.382000 Y112.620300 Z-0.125000
G01 X140.235000 Y108.217700 Z-0.125000
G01 X139.690000 Y103.847300 Z-0.125000
G01 X138.746000 Y99.545000 Z-0.125000
G01 X137.401000 Y95.346000 Z-0.125000
G01 X135.656000 Y91.286000 Z-0.125000
G01 X133.510000 Y87.402000 Z-0.125000
G01 X130.963000 Y83.728000 Z-0.125000
G01 X128.015000 Y80.301000 Z-0.125000
G01 X125.463000 Y77.568000 Z-0.125000
G01 X124.176000 Y75.791000 Z-0.125000
G01 X123.890000 Y75.029000 Z-0.125000
G01 X123.779000 Y74.227000 Z-0.125000
G01 X123.898000 Y72.132000 Z-0.125000
G01 X124.015000 Y70.180000 Z-0.125000
G01 X123.827000 Y68.831000 Z-0.125000
G01 X123.209000 Y67.706000 Z-0.125000
G01 X122.040000 Y66.424000 Z-0.125000
G01 X121.176000 Y65.669000 Z-0.125000
G01 X120.262000 Y65.069000 Z-0.125000
G01 X118.332000 Y64.321000 Z-0.125000
G01 X116.350000 Y64.145000 Z-0.125000
G01 X114.417000 Y64.508000 Z-0.125000
G01 X112.634000 Y65.378000 Z-0.125000
G01 X111.099000 Y66.720000 Z-0.125000
G01 X109.915000 Y68.502000 Z-0.125000
G01 X109.485000 Y69.547000 Z-0.125000
G01 X109.180000 Y70.690000 Z-0.125000
G01 X108.691000 Y73.135000 Z-0.125000
G01 X107.756000 Y69.969000 Z-0.125000
G01 X107.268000 Y68.585000 Z-0.125000
G01 X106.677000 Y67.404000 Z-0.125000
G01 X105.976000 Y66.420000 Z-0.125000
G01 X105.157000 Y65.627000 Z-0.125000
G01 X104.213000 Y65.019000 Z-0.125000
G01 X103.135000 Y64.590000 Z-0.125000
G01 X101.917000 Y64.334000 Z-0.125000
G01 X100.551000 Y64.244000 Z-0.125000
G01 X99.097200 Y64.335000 Z-0.125000
G01 X97.790300 Y64.621000 Z-0.125000
G01 X96.635200 Y65.099000 Z-0.125000
G01 X95.636500 Y65.765000 Z-0.125000
G01 X94.798900 Y66.614000 Z-0.125000
G01 X94.127100 Y67.643000 Z-0.125000
G01 X93.625800 Y68.849000 Z-0.125000
G01 X93.299600 Y70.227000 Z-0.125000
G01 X92.811500 Y73.238000 Z-0.125000
G01 X92.161600 Y70.715000 Z-0.125000
G01 X91.691100 Y69.280000 Z-0.125000
G01 X91.066300 Y68.002000 Z-0.125000
G01 X90.298900 Y66.892000 Z-0.125000
G01 X89.400900 Y65.961000 Z-0.125000
G01 X88.384200 Y65.218000 Z-0.125000
G01 X87.260700 Y64.675000 Z-0.125000
G01 X86.042100 Y64.342000 Z-0.125000
G01 X84.740500 Y64.228000 Z-0.125000
G01 X83.334400 Y64.325000 Z-0.125000
G01 X82.031900 Y64.606000 Z-0.125000
G01 X80.869200 Y65.062000 Z-0.125000
G01 X79.882400 Y65.681000 Z-0.125000
G01 X79.882400 Y65.681000 Z-0.125000
G00 Z5.000000

(End cutting path id: path3)


(Start cutting path id: path3)
(Change tool to Default tool)

G00 Z5.000000
G00 X59.703100 Y93.026000

G01 Z-0.125000 F100.0(Penetrate)
G01 X52.158800 Y86.685000 Z-0.125000 F400.000000
G01 X44.752000 Y80.175000 Z-0.125000
G01 X39.992500 Y80.413000 Z-0.125000
G01 X37.612300 Y80.488000 Z-0.125000
G01 X35.232600 Y80.424000 Z-0.125000
G01 X33.161500 Y80.030000 Z-0.125000
G01 X31.177400 Y79.337000 Z-0.125000
G01 X27.389400 Y77.458000 Z-0.125000
G01 X25.737100 Y76.406000 Z-0.125000
G01 X24.192100 Y75.199000 Z-0.125000
G01 X22.770300 Y73.848000 Z-0.125000
G01 X21.488000 Y72.366000 Z-0.125000
G01 X20.361100 Y70.765000 Z-0.125000
G01 X19.405900 Y69.058000 Z-0.125000
G01 X18.638500 Y67.258000 Z-0.125000
G01 X18.074800 Y65.376000 Z-0.125000
G01 X17.270800 Y61.547000 Z-0.125000
G01 X17.072300 Y59.603000 Z-0.125000
G01 X17.105500 Y57.651000 Z-0.125000
G01 X17.188600 Y57.224000 Z-0.125000
G01 X17.440400 Y57.094000 Z-0.125000
G01 X18.127400 Y57.424000 Z-0.125000
G01 X21.100300 Y59.638000 Z-0.125000
G01 X23.924600 Y62.038000 Z-0.125000
G01 X29.439600 Y67.000000 Z-0.125000
G01 X30.126300 Y67.634000 Z-0.125000
G01 X30.807100 Y68.092000 Z-0.125000
G01 X38.553900 Y59.822000 Z-0.125000
G01 X42.336000 Y55.606000 Z-0.125000
G01 X45.996100 Y51.280000 Z-0.125000
G01 X34.286200 Y40.696000 Z-0.125000
G01 X33.490400 Y39.885000 Z-0.125000
G01 X32.812500 Y38.989000 Z-0.125000
G01 X34.040300 Y38.578000 Z-0.125000
G01 X35.325900 Y38.393000 Z-0.125000
G01 X37.933800 Y38.364000 Z-0.125000
G01 X41.636000 Y38.828000 Z-0.125000
G01 X45.245000 Y39.809000 Z-0.125000
G01 X48.663000 Y41.318000 Z-0.125000
G01 X50.269700 Y42.274000 Z-0.125000
G01 X51.792000 Y43.365000 Z-0.125000
G01 X53.901800 Y45.451000 Z-0.125000
G01 X55.624700 Y47.865000 Z-0.125000
G01 X57.004300 Y50.504000 Z-0.125000
G01 X58.084400 Y53.267000 Z-0.125000
G01 X58.635200 Y55.195000 Z-0.125000
G01 X58.979900 Y57.165000 Z-0.125000
G01 X59.148700 Y59.161000 Z-0.125000
G01 X59.171700 Y61.165000 Z-0.125000
G01 X59.178500 Y62.270000 Z-0.125000
G01 X59.275200 Y63.334000 Z-0.125000
G01 X72.523400 Y75.231000 Z-0.125000
G01 X68.597900 Y79.709000 Z-0.125000
G01 X66.779600 Y82.065000 Z-0.125000
G01 X65.091900 Y84.519000 Z-0.125000
G01 X63.739800 Y86.639000 Z-0.125000
G01 X62.505200 Y88.827000 Z-0.125000
G01 X60.164100 Y93.275000 Z-0.125000
G01 X59.948300 Y93.209000 Z-0.125000
G01 X59.703100 Y93.026000 Z-0.125000
G01 X59.703100 Y93.026000 Z-0.125000
G00 Z5.000000

(End cutting path id: path3)


(Start cutting path id: path3)
(Change tool to Default tool)

G00 Z5.000000
G00 X55.284900 Y89.635000

G01 Z-0.125000 F100.0(Penetrate)
G01 X32.417900 Y66.768000 Z-0.125000 F400.000000
G01 X32.264200 Y66.498000 Z-0.125000
G01 X32.318800 Y66.295000 Z-0.125000
G01 X32.513800 Y66.233000 Z-0.125000
G01 X32.781000 Y66.383000 Z-0.125000
G01 X59.454100 Y93.056000 Z-0.125000
G01 X59.761600 Y93.247000 Z-0.125000
G01 X60.045200 Y93.273000 Z-0.125000
G01 X60.188400 Y93.159000 Z-0.125000
G01 X60.075000 Y92.929000 Z-0.125000
G01 X33.144000 Y65.998000 Z-0.125000
G01 X32.990300 Y65.727000 Z-0.125000
G01 X33.044900 Y65.524000 Z-0.125000
G01 X33.239900 Y65.462000 Z-0.125000
G01 X33.507100 Y65.612000 Z-0.125000
G01 X60.337900 Y92.443000 Z-0.125000
G01 X60.589000 Y92.577000 Z-0.125000
G01 X60.748500 Y92.480000 Z-0.125000
G01 X60.767600 Y92.241000 Z-0.125000
G01 X60.597700 Y91.955000 Z-0.125000
G01 X33.870100 Y65.227000 Z-0.125000
G01 X33.716400 Y64.956000 Z-0.125000
G01 X33.771000 Y64.754000 Z-0.125000
G01 X33.966000 Y64.692000 Z-0.125000
G01 X34.233200 Y64.842000 Z-0.125000
G01 X60.854200 Y91.463000 Z-0.125000
G01 X61.104500 Y91.596000 Z-0.125000
G01 X61.262400 Y91.497000 Z-0.125000
G01 X61.280000 Y91.257000 Z-0.125000
G01 X61.109400 Y90.970000 Z-0.125000
G01 X34.596300 Y64.456000 Z-0.125000
G01 X34.442500 Y64.186000 Z-0.125000
G01 X34.497200 Y63.983000 Z-0.125000
G01 X34.692100 Y63.921000 Z-0.125000
G01 X34.959300 Y64.071000 Z-0.125000
G01 X61.361500 Y90.473000 Z-0.125000
G01 X61.611400 Y90.606000 Z-0.125000
G01 X61.768200 Y90.506000 Z-0.125000
G01 X61.784800 Y90.265000 Z-0.125000
G01 X61.613700 Y89.977000 Z-0.125000
G01 X35.322400 Y63.686000 Z-0.125000
G01 X35.168600 Y63.415000 Z-0.125000
G01 X35.223300 Y63.213000 Z-0.125000
G01 X35.418200 Y63.150000 Z-0.125000
G01 X35.685400 Y63.301000 Z-0.125000
G01 X61.867500 Y89.483000 Z-0.125000
G01 X62.117900 Y89.616000 Z-0.125000
G01 X62.275900 Y89.517000 Z-0.125000
G01 X62.293500 Y89.277000 Z-0.125000
G01 X62.123000 Y88.990000 Z-0.125000
G01 X36.048400 Y62.915000 Z-0.125000
G01 X35.894400 Y62.644000 Z-0.125000
G01 X35.948700 Y62.441000 Z-0.125000
G01 X36.143300 Y62.379000 Z-0.125000
G01 X36.410300 Y62.529000 Z-0.125000
G01 X62.385500 Y88.504000 Z-0.125000
G01 X62.637500 Y88.639000 Z-0.125000
G01 X62.799200 Y88.543000 Z-0.125000
G01 X62.820500 Y88.308000 Z-0.125000
G01 X62.651600 Y88.022000 Z-0.125000
G01 X36.772200 Y62.142000 Z-0.125000
G01 X36.618200 Y61.871000 Z-0.125000
G01 X36.672200 Y61.668000 Z-0.125000
G01 X36.866600 Y61.605000 Z-0.125000
G01 X37.133600 Y61.755000 Z-0.125000
G01 X62.921400 Y87.543000 Z-0.125000
G01 X63.174900 Y87.680000 Z-0.125000
G01 X63.339800 Y87.587000 Z-0.125000
G01 X63.364300 Y87.355000 Z-0.125000
G01 X63.196900 Y87.070000 Z-0.125000
G01 X37.493400 Y61.367000 Z-0.125000
G01 X37.339200 Y61.096000 Z-0.125000
G01 X37.392700 Y60.892000 Z-0.125000
G01 X37.586600 Y60.829000 Z-0.125000
G01 X37.853300 Y60.978000 Z-0.125000
G01 X63.474200 Y86.599000 Z-0.125000
G01 X63.728900 Y86.737000 Z-0.125000
G01 X63.896400 Y86.647000 Z-0.125000
G01 X63.923500 Y86.417000 Z-0.125000
G01 X63.757300 Y86.134000 Z-0.125000
G01 X38.212400 Y60.589000 Z-0.125000
G01 X38.057700 Y60.317000 Z-0.125000
G01 X38.110300 Y60.113000 Z-0.125000
G01 X38.303300 Y60.049000 Z-0.125000
G01 X38.569500 Y60.198000 Z-0.125000
G01 X64.042600 Y85.671000 Z-0.125000
G01 X64.298200 Y85.810000 Z-0.125000
G01 X64.467800 Y85.722000 Z-0.125000
G01 X64.497100 Y85.494000 Z-0.125000
G01 X64.331900 Y85.212000 Z-0.125000
G01 X38.926700 Y59.807000 Z-0.125000
G01 X38.772000 Y59.535000 Z-0.125000
G01 X38.824600 Y59.330000 Z-0.125000
G01 X39.017600 Y59.266000 Z-0.125000
G01 X39.283800 Y59.415000 Z-0.125000
G01 X64.624500 Y84.756000 Z-0.125000
G01 X64.881100 Y84.896000 Z-0.125000
G01 X65.052800 Y84.810000 Z-0.125000
G01 X65.084100 Y84.584000 Z-0.125000
G01 X64.919800 Y84.303000 Z-0.125000
G01 X39.641000 Y59.024000 Z-0.125000
G01 X39.486300 Y58.753000 Z-0.125000
G01 X39.538900 Y58.548000 Z-0.125000
G01 X39.731800 Y58.484000 Z-0.125000
G01 X39.998100 Y58.633000 Z-0.125000
G01 X65.219500 Y83.854000 Z-0.125000
G01 X65.477000 Y83.995000 Z-0.125000
G01 X65.650700 Y83.911000 Z-0.125000
G01 X65.684000 Y83.687000 Z-0.125000
G01 X65.520500 Y83.407000 Z-0.125000
G01 X40.354200 Y58.241000 Z-0.125000
G01 X40.199100 Y57.969000 Z-0.125000
G01 X40.250700 Y57.763000 Z-0.125000
G01 X40.442700 Y57.698000 Z-0.125000
G01 X40.708500 Y57.847000 Z-0.125000
G01 X65.827200 Y82.965000 Z-0.125000
G01 X66.085700 Y83.107000 Z-0.125000
G01 X66.261600 Y83.026000 Z-0.125000
G01 X66.297300 Y82.804000 Z-0.125000
G01 X66.134900 Y82.525000 Z-0.125000
G01 X41.062900 Y57.453000 Z-0.125000
G01 X40.907600 Y57.180000 Z-0.125000
G01 X40.958700 Y56.974000 Z-0.125000
G01 X41.150200 Y56.909000 Z-0.125000
G01 X41.415800 Y57.057000 Z-0.125000
G01 X66.447400 Y82.089000 Z-0.125000
G01 X66.707000 Y82.232000 Z-0.125000
G01 X66.885300 Y82.153000 Z-0.125000
G01 X66.923300 Y81.933000 Z-0.125000
G01 X66.762000 Y81.655000 Z-0.125000
G01 X41.767900 Y56.661000 Z-0.125000
G01 X41.612400 Y56.389000 Z-0.125000
G01 X41.663200 Y56.182000 Z-0.125000
G01 X41.854300 Y56.116000 Z-0.125000
G01 X42.119800 Y56.265000 Z-0.125000
G01 X67.080400 Y81.225000 Z-0.125000
G01 X67.341100 Y81.369000 Z-0.125000
G01 X67.521800 Y81.292000 Z-0.125000
G01 X67.562200 Y81.076000 Z-0.125000
G01 X67.402000 Y80.798000 Z-0.125000
G01 X42.468900 Y55.865000 Z-0.125000
G01 X42.313000 Y55.592000 Z-0.125000
G01 X42.362900 Y55.385000 Z-0.125000
G01 X42.553000 Y55.318000 Z-0.125000
G01 X42.818100 Y55.466000 Z-0.125000
G01 X67.726300 Y80.374000 Z-0.125000
G01 X67.988200 Y80.519000 Z-0.125000
G01 X68.171500 Y80.445000 Z-0.125000
G01 X68.214500 Y80.231000 Z-0.125000
G01 X68.055400 Y79.955000 Z-0.125000
G01 X43.163200 Y55.063000 Z-0.125000
G01 X43.006500 Y54.789000 Z-0.125000
G01 X43.054700 Y54.580000 Z-0.125000
G01 X43.243200 Y54.511000 Z-0.125000
G01 X43.507400 Y54.659000 Z-0.125000
G01 X68.385900 Y79.537000 Z-0.125000
G01 X68.649100 Y79.683000 Z-0.125000
G01 X68.835100 Y79.612000 Z-0.125000
G01 X68.880800 Y79.401000 Z-0.125000
G01 X68.723000 Y79.126000 Z-0.125000
G01 X43.848700 Y54.252000 Z-0.125000
G01 X43.691600 Y53.978000 Z-0.125000
G01 X43.738700 Y53.768000 Z-0.125000
G01 X43.926200 Y53.698000 Z-0.125000
G01 X44.190000 Y53.845000 Z-0.125000
G01 X69.061800 Y78.716000 Z-0.125000
G01 X69.326000 Y78.864000 Z-0.125000
G01 X69.514400 Y78.795000 Z-0.125000
G01 X69.562500 Y78.586000 Z-0.125000
G01 X69.405700 Y78.312000 Z-0.125000
G01 X44.531300 Y53.438000 Z-0.125000
G01 X44.374100 Y53.163000 Z-0.125000
G01 X44.421300 Y52.953000 Z-0.125000
G01 X44.608800 Y52.884000 Z-0.125000
G01 X44.872600 Y53.030000 Z-0.125000
G01 X69.753900 Y77.912000 Z-0.125000
G01 X70.019200 Y78.060000 Z-0.125000
G01 X70.210200 Y77.994000 Z-0.125000
G01 X70.260700 Y77.787000 Z-0.125000
G01 X70.105200 Y77.515000 Z-0.125000
G01 X45.213800 Y52.623000 Z-0.125000
G01 X45.056700 Y52.349000 Z-0.125000
G01 X45.103900 Y52.139000 Z-0.125000
G01 X45.291300 Y52.069000 Z-0.125000
G01 X45.555100 Y52.216000 Z-0.125000
G01 X70.460100 Y77.121000 Z-0.125000
G01 X70.726100 Y77.270000 Z-0.125000
G01 X70.918300 Y77.205000 Z-0.125000
G01 X70.970200 Y77.000000 Z-0.125000
G01 X70.815300 Y76.728000 Z-0.125000
G01 X45.615800 Y51.529000 Z-0.125000
G00 Z5.000000

(End cutting path id: path3)


(Start cutting path id: path3)
(Change tool to Default tool)

G00 Z5.000000
G00 X35.148200 Y41.809000

G01 Z-0.125000 F100.0(Penetrate)
G01 X33.394100 Y40.055000 Z-0.125000 F400.000000
G01 X32.996800 Y39.284000 Z-0.125000
G01 X32.986700 Y39.017000 Z-0.125000
G01 X33.160700 Y39.074000 Z-0.125000
G01 X41.731000 Y47.644000 Z-0.125000
G00 Z5.000000

(End cutting path id: path3)


(Start cutting path id: path3)
(Change tool to Default tool)

G00 Z5.000000
G00 X35.227800 Y38.145000

G01 Z-0.125000 F100.0(Penetrate)
G01 X33.319000 Y38.480000 Z-0.125000 F400.000000
G01 X32.738300 Y38.720000 Z-0.125000
G01 X32.525000 Y38.971000 Z-0.125000
G01 X33.319000 Y40.085000 Z-0.125000
G01 X35.227800 Y41.918000 Z-0.125000
G01 X41.781000 Y47.783000 Z-0.125000
G01 X45.631500 Y51.304000 Z-0.125000
G01 X43.084100 Y54.342000 Z-0.125000
G01 X35.629900 Y62.588000 Z-0.125000
G01 X30.723200 Y67.795000 Z-0.125000
G01 X24.334700 Y62.056000 Z-0.125000
G01 X19.610900 Y58.133000 Z-0.125000
G01 X18.009100 Y57.042000 Z-0.125000
G01 X17.225000 Y56.762000 Z-0.125000
G01 X16.895500 Y57.356000 Z-0.125000
G01 X16.773300 Y58.503000 Z-0.125000
G01 X17.063800 Y61.898000 Z-0.125000
G01 X17.922900 Y65.838000 Z-0.125000
G01 X18.511300 Y67.666000 Z-0.125000
G01 X19.176700 Y69.215000 Z-0.125000
G01 X20.075900 Y70.809000 Z-0.125000
G01 X21.086200 Y72.285000 Z-0.125000
G01 X22.214400 Y73.651000 Z-0.125000
G01 X23.467400 Y74.912000 Z-0.125000
G01 X24.852000 Y76.075000 Z-0.125000
G01 X26.375200 Y77.146000 Z-0.125000
G01 X29.864500 Y79.036000 Z-0.125000
G01 X32.219700 Y80.016000 Z-0.125000
G01 X34.251200 Y80.561000 Z-0.125000
G01 X36.461800 Y80.758000 Z-0.125000
G01 X39.354200 Y80.697000 Z-0.125000
G01 X44.657400 Y80.444000 Z-0.125000
G01 X52.333800 Y87.183000 Z-0.125000
G01 X57.820800 Y91.868000 Z-0.125000
G01 X60.233300 Y93.669000 Z-0.125000
G01 X62.085100 Y90.174000 Z-0.125000
G01 X63.839800 Y86.995000 Z-0.125000
G01 X65.919400 Y83.749000 Z-0.125000
G01 X68.187800 Y80.636000 Z-0.125000
G01 X70.508800 Y77.856000 Z-0.125000
G01 X72.898300 Y75.211000 Z-0.125000
G01 X66.181600 Y69.179000 Z-0.125000
G01 X59.464900 Y63.147000 Z-0.125000
G01 X59.404400 Y59.053000 Z-0.125000
G01 X59.280200 Y57.310000 Z-0.125000
G01 X58.967700 Y55.490000 Z-0.125000
G01 X58.481400 Y53.632000 Z-0.125000
G01 X57.836300 Y51.774000 Z-0.125000
G01 X57.046900 Y49.954000 Z-0.125000
G01 X56.128200 Y48.208000 Z-0.125000
G01 X55.094700 Y46.576000 Z-0.125000
G01 X53.961400 Y45.095000 Z-0.125000
G01 X52.336600 Y43.472000 Z-0.125000
G01 X50.380300 Y42.018000 Z-0.125000
G01 X48.155700 Y40.755000 Z-0.125000
G01 X45.726300 Y39.708000 Z-0.125000
G01 X43.155400 Y38.900000 Z-0.125000
G01 X40.506400 Y38.354000 Z-0.125000
G01 X37.842700 Y38.095000 Z-0.125000
G01 X35.227700 Y38.145000 Z-0.125000
G01 X35.227800 Y38.145000 Z-0.125000
G00 Z5.000000

(End cutting path id: path3)


(Start cutting path id: path3)
(Change tool to Default tool)

G00 Z5.000000
G00 X38.807900 Y29.754000

G01 Z-0.125000 F100.0(Penetrate)
G01 X40.104800 Y31.051000 Z-0.125000 F400.000000
G01 X40.793700 Y31.365000 Z-0.125000
G01 X41.004100 Y31.319000 Z-0.125000
G01 X40.921200 Y31.119000 Z-0.125000
G01 X38.920500 Y29.118000 Z-0.125000
G01 X38.593100 Y28.416000 Z-0.125000
G01 X38.631100 Y28.197000 Z-0.125000
G01 X38.827000 Y28.276000 Z-0.125000
G01 X41.742400 Y31.192000 Z-0.125000
G01 X42.419400 Y31.494000 Z-0.125000
G01 X42.621800 Y31.439000 Z-0.125000
G01 X42.535200 Y31.236000 Z-0.125000
G01 X38.771000 Y27.472000 Z-0.125000
G01 X38.472600 Y26.799000 Z-0.125000
G01 X38.530500 Y26.600000 Z-0.125000
G01 X38.735400 Y26.688000 Z-0.125000
G01 X43.306500 Y31.259000 Z-0.125000
G01 X43.965800 Y31.544000 Z-0.125000
G01 X44.156100 Y31.477000 Z-0.125000
G01 X44.063900 Y31.268000 Z-0.125000
G01 X41.792000 Y28.996000 Z-0.125000
G01 X41.703800 Y28.791000 Z-0.125000
G01 X41.902700 Y28.732000 Z-0.125000
G01 X42.574600 Y29.030000 Z-0.125000
G01 X44.810100 Y31.266000 Z-0.125000
G01 X45.457600 Y31.539000 Z-0.125000
G01 X45.639700 Y31.464000 Z-0.125000
G01 X45.543900 Y31.251000 Z-0.125000
G01 X43.357200 Y29.064000 Z-0.125000
G01 X43.269100 Y28.859000 Z-0.125000
G01 X43.467900 Y28.801000 Z-0.125000
G01 X44.139900 Y29.099000 Z-0.125000
G01 X46.275500 Y31.234000 Z-0.125000
G01 X46.599400 Y31.441000 Z-0.125000
G01 X46.919100 Y31.504000 Z-0.125000
G01 X47.098400 Y31.426000 Z-0.125000
G01 X47.001300 Y31.212000 Z-0.125000
G01 X44.922500 Y29.133000 Z-0.125000
G01 X44.834300 Y28.928000 Z-0.125000
G01 X45.033200 Y28.870000 Z-0.125000
G01 X45.705100 Y29.167000 Z-0.125000
G01 X47.725900 Y31.188000 Z-0.125000
G01 X48.049600 Y31.395000 Z-0.125000
G01 X48.368900 Y31.457000 Z-0.125000
G01 X48.547800 Y31.379000 Z-0.125000
G01 X48.450500 Y31.164000 Z-0.125000
G01 X46.487700 Y29.202000 Z-0.125000
G01 X46.399600 Y28.996000 Z-0.125000
G01 X46.598400 Y28.938000 Z-0.125000
G01 X47.270400 Y29.236000 Z-0.125000
G01 X49.175100 Y31.141000 Z-0.125000
G01 X49.498800 Y31.347000 Z-0.125000
G01 X49.818000 Y31.409000 Z-0.125000
G01 X49.997000 Y31.331000 Z-0.125000
G01 X49.899700 Y31.117000 Z-0.125000
G01 X48.053000 Y29.270000 Z-0.125000
G01 X47.964800 Y29.065000 Z-0.125000
G01 X48.163700 Y29.007000 Z-0.125000
G01 X48.835600 Y29.304000 Z-0.125000
G01 X50.624300 Y31.093000 Z-0.125000
G01 X50.948000 Y31.300000 Z-0.125000
G01 X51.267200 Y31.362000 Z-0.125000
G01 X51.446100 Y31.284000 Z-0.125000
G01 X51.348900 Y31.069000 Z-0.125000
G01 X49.618200 Y29.339000 Z-0.125000
G01 X49.530000 Y29.134000 Z-0.125000
G01 X49.728900 Y29.075000 Z-0.125000
G01 X50.400900 Y29.373000 Z-0.125000
G01 X52.073500 Y31.046000 Z-0.125000
G01 X52.374500 Y31.230000 Z-0.125000
G01 X52.643900 Y31.242000 Z-0.125000
G01 X52.772900 Y31.114000 Z-0.125000
G01 X52.653000 Y30.877000 Z-0.125000
G01 X50.956300 Y29.180000 Z-0.125000
G01 X50.675700 Y28.525000 Z-0.125000
G01 X50.745800 Y28.338000 Z-0.125000
G01 X50.956300 Y28.432000 Z-0.125000
G01 X52.653000 Y30.128000 Z-0.125000
G01 X52.863500 Y30.222000 Z-0.125000
G01 X52.933600 Y30.035000 Z-0.125000
G01 X52.653000 Y29.380000 Z-0.125000
G01 X50.956300 Y27.683000 Z-0.125000
G01 X50.675700 Y27.029000 Z-0.125000
G01 X50.745800 Y26.841000 Z-0.125000
G01 X50.956300 Y26.935000 Z-0.125000
G01 X52.653000 Y28.632000 Z-0.125000
G01 X52.863500 Y28.725000 Z-0.125000
G01 X52.933600 Y28.538000 Z-0.125000
G01 X52.653000 Y27.883000 Z-0.125000
G01 X50.956300 Y26.187000 Z-0.125000
G01 X50.675700 Y25.532000 Z-0.125000
G01 X50.745800 Y25.345000 Z-0.125000
G01 X50.956300 Y25.438000 Z-0.125000
G01 X52.653000 Y27.135000 Z-0.125000
G01 X52.863500 Y27.229000 Z-0.125000
G01 X52.933600 Y27.041000 Z-0.125000
G01 X52.653000 Y26.387000 Z-0.125000
G01 X50.956300 Y24.690000 Z-0.125000
G01 X50.675700 Y24.035000 Z-0.125000
G01 X50.745800 Y23.848000 Z-0.125000
G01 X50.956300 Y23.942000 Z-0.125000
G01 X52.653000 Y25.638000 Z-0.125000
G01 X52.863500 Y25.732000 Z-0.125000
G01 X52.933600 Y25.545000 Z-0.125000
G01 X52.653000 Y24.890000 Z-0.125000
G01 X50.956300 Y23.193000 Z-0.125000
G01 X50.675700 Y22.538000 Z-0.125000
G01 X50.745900 Y22.351000 Z-0.125000
G01 X50.956400 Y22.445000 Z-0.125000
G01 X52.653000 Y24.142000 Z-0.125000
G01 X52.863500 Y24.235000 Z-0.125000
G01 X52.933600 Y24.048000 Z-0.125000
G01 X52.653000 Y23.393000 Z-0.125000
G01 X50.956400 Y21.697000 Z-0.125000
G01 X50.675800 Y21.042000 Z-0.125000
G01 X50.745900 Y20.855000 Z-0.125000
G01 X50.956400 Y20.948000 Z-0.125000
G01 X52.653000 Y22.645000 Z-0.125000
G01 X52.863500 Y22.738000 Z-0.125000
G01 X52.933600 Y22.551000 Z-0.125000
G01 X52.653000 Y21.897000 Z-0.125000
G01 X48.190000 Y17.434000 Z-0.125000
G01 X47.535200 Y17.153000 Z-0.125000
G01 X47.348100 Y17.223000 Z-0.125000
G01 X47.441700 Y17.434000 Z-0.125000
G01 X49.859200 Y19.851000 Z-0.125000
G01 X49.952700 Y20.062000 Z-0.125000
G01 X49.765600 Y20.132000 Z-0.125000
G01 X49.110800 Y19.851000 Z-0.125000
G01 X46.693300 Y17.434000 Z-0.125000
G01 X46.038500 Y17.153000 Z-0.125000
G01 X45.851400 Y17.223000 Z-0.125000
G01 X45.944900 Y17.434000 Z-0.125000
G01 X48.362500 Y19.851000 Z-0.125000
G01 X48.456000 Y20.062000 Z-0.125000
G01 X48.268900 Y20.132000 Z-0.125000
G01 X47.614100 Y19.851000 Z-0.125000
G01 X45.196600 Y17.434000 Z-0.125000
G01 X44.541800 Y17.153000 Z-0.125000
G01 X44.354700 Y17.223000 Z-0.125000
G01 X44.448200 Y17.434000 Z-0.125000
G01 X46.865800 Y19.851000 Z-0.125000
G01 X46.959300 Y20.062000 Z-0.125000
G01 X46.772200 Y20.132000 Z-0.125000
G01 X46.117400 Y19.851000 Z-0.125000
G01 X43.699900 Y17.434000 Z-0.125000
G01 X43.045100 Y17.153000 Z-0.125000
G01 X42.858000 Y17.223000 Z-0.125000
G01 X42.951500 Y17.434000 Z-0.125000
G01 X45.370400 Y19.852000 Z-0.125000
G01 X45.464700 Y20.064000 Z-0.125000
G01 X45.279100 Y20.135000 Z-0.125000
G01 X44.626600 Y19.857000 Z-0.125000
G01 X41.922500 Y17.153000 Z-0.125000
G00 Z5.000000

(End cutting path id: path3)


(Start cutting path id: path3)
(Change tool to Default tool)

G00 Z5.000000
G00 X21.878000 Y59.970000

G01 Z-0.125000 F100.0(Penetrate)
G01 X42.049900 Y80.142000 Z-0.125000 F400.000000
G01 X42.372000 Y80.347000 Z-0.125000
G01 X42.687800 Y80.406000 Z-0.125000
G01 X42.863200 Y80.324000 Z-0.125000
G01 X42.764300 Y80.108000 Z-0.125000
G01 X30.080700 Y67.424000 Z-0.125000
G01 X30.065200 Y67.292000 Z-0.125000
G01 X30.424100 Y67.394000 Z-0.125000
G01 X31.328700 Y67.924000 Z-0.125000
G01 X43.478700 Y80.074000 Z-0.125000
G01 X43.800800 Y80.279000 Z-0.125000
G01 X44.116500 Y80.338000 Z-0.125000
G01 X44.291900 Y80.256000 Z-0.125000
G01 X44.193100 Y80.040000 Z-0.125000
G01 X31.691800 Y67.539000 Z-0.125000
G01 X31.538000 Y67.268000 Z-0.125000
G01 X31.592700 Y67.066000 Z-0.125000
G01 X31.787600 Y67.003000 Z-0.125000
G01 X32.054800 Y67.154000 Z-0.125000
G01 X48.849100 Y83.948000 Z-0.125000
G00 Z5.000000

(End cutting path id: path3)


(Start cutting path id: path3)
(Change tool to Default tool)

G00 Z5.000000
G00 X20.442800 Y71.257000

G01 Z-0.125000 F100.0(Penetrate)
G01 X25.928400 Y76.743000 Z-0.125000 F400.000000
G00 Z5.000000

(End cutting path id: path3)


(Start cutting path id: path3)
(Change tool to Default tool)

G00 Z5.000000
G00 X19.521100 Y69.587000

G01 Z-0.125000 F100.0(Penetrate)
G01 X27.678500 Y77.744000 Z-0.125000 F400.000000
G01 X28.651700 Y78.343000 Z-0.125000
G01 X29.057700 Y78.492000 Z-0.125000
G01 X29.063600 Y78.381000 Z-0.125000
G01 X19.103800 Y68.421000 Z-0.125000
G01 X18.562400 Y67.506000 Z-0.125000
G01 X18.453300 Y67.139000 Z-0.125000
G01 X18.582200 Y67.151000 Z-0.125000
G01 X30.410200 Y78.979000 Z-0.125000
G01 X31.323200 Y79.518000 Z-0.125000
G01 X31.687900 Y79.626000 Z-0.125000
G01 X31.675000 Y79.496000 Z-0.125000
G01 X18.356800 Y66.177000 Z-0.125000
G01 X17.939700 Y65.386000 Z-0.125000
G01 X17.916000 Y65.105000 Z-0.125000
G01 X18.083800 Y65.156000 Z-0.125000
G01 X32.877600 Y79.950000 Z-0.125000
G01 X33.611500 Y80.310000 Z-0.125000
G01 X33.853000 Y80.294000 Z-0.125000
G01 X33.784200 Y80.108000 Z-0.125000
G01 X17.854600 Y64.179000 Z-0.125000
G01 X17.472000 Y63.422000 Z-0.125000
G01 X17.472000 Y63.165000 Z-0.125000
G01 X17.650600 Y63.226000 Z-0.125000
G01 X34.669700 Y80.245000 Z-0.125000
G01 X35.367600 Y80.569000 Z-0.125000
G01 X35.584300 Y80.528000 Z-0.125000
G01 X35.504200 Y80.331000 Z-0.125000
G01 X17.442500 Y62.270000 Z-0.125000
G01 X17.128800 Y61.582000 Z-0.125000
G01 X17.176200 Y61.372000 Z-0.125000
G01 X17.376300 Y61.455000 Z-0.125000
G01 X36.267100 Y80.346000 Z-0.125000
G01 X36.923000 Y80.628000 Z-0.125000
G01 X37.110800 Y80.558000 Z-0.125000
G01 X37.017500 Y80.348000 Z-0.125000
G01 X17.275500 Y60.606000 Z-0.125000
G01 X16.962500 Y59.919000 Z-0.125000
G01 X17.010400 Y59.710000 Z-0.125000
G01 X17.210800 Y59.793000 Z-0.125000
G01 X37.751800 Y80.334000 Z-0.125000
G01 X38.075300 Y80.541000 Z-0.125000
G01 X38.394200 Y80.602000 Z-0.125000
G01 X38.572800 Y80.524000 Z-0.125000
G01 X38.475400 Y80.309000 Z-0.125000
G01 X17.185700 Y59.020000 Z-0.125000
G01 X16.979300 Y58.696000 Z-0.125000
G01 X16.917900 Y58.378000 Z-0.125000
G01 X16.996900 Y58.199000 Z-0.125000
G01 X17.211400 Y58.297000 Z-0.125000
G01 X39.192400 Y80.278000 Z-0.125000
G01 X39.514500 Y80.483000 Z-0.125000
G01 X39.830300 Y80.542000 Z-0.125000
G01 X40.005700 Y80.460000 Z-0.125000
G01 X39.906800 Y80.244000 Z-0.125000
G01 X17.311000 Y57.648000 Z-0.125000
G01 X17.141000 Y57.361000 Z-0.125000
G01 X17.160100 Y57.123000 Z-0.125000
G01 X17.319400 Y57.025000 Z-0.125000
G01 X17.570400 Y57.159000 Z-0.125000
G01 X40.621200 Y80.210000 Z-0.125000
G01 X40.943300 Y80.415000 Z-0.125000
G01 X41.259000 Y80.474000 Z-0.125000
G01 X41.434400 Y80.392000 Z-0.125000
G01 X41.335600 Y80.176000 Z-0.125000
G01 X18.786300 Y57.627000 Z-0.125000
G00 Z5.000000

(End cutting path id: path3)


(Start cutting path id: path3)
(Change tool to Default tool)

G00 Z5.000000
G00 X79.372600 Y101.609000

G01 Z-0.125000 F100.0(Penetrate)
G01 X79.492600 Y102.432000 Z-0.125000 F400.000000
G01 X79.833400 Y103.292500 Z-0.125000
G01 X81.063000 Y105.001100 Z-0.125000
G01 X82.831900 Y106.490500 Z-0.125000
G01 X83.847000 Y107.076500 Z-0.125000
G01 X84.910900 Y107.516000 Z-0.125000
G01 X87.927000 Y108.691500 Z-0.125000
G01 X90.329300 Y110.014300 Z-0.125000
G01 X92.108100 Y111.465400 Z-0.125000
G01 X93.253700 Y113.026100 Z-0.125000
G01 X93.586100 Y113.841700 Z-0.125000
G01 X93.756600 Y114.677700 Z-0.125000
G01 X93.763900 Y115.531700 Z-0.125000
G01 X93.607000 Y116.401400 Z-0.125000
G01 X92.795400 Y118.178300 Z-0.125000
G01 X91.312000 Y119.989700 Z-0.125000
G01 X89.420000 Y121.520800 Z-0.125000
G01 X87.345400 Y122.559600 Z-0.125000
G01 X85.153600 Y123.111000 Z-0.125000
G01 X82.909700 Y123.179900 Z-0.125000
G01 X80.679200 Y122.771400 Z-0.125000
G01 X78.527300 Y121.890400 Z-0.125000
G01 X76.519300 Y120.541800 Z-0.125000
G01 X74.720600 Y118.730600 Z-0.125000
G01 X73.306900 Y116.880400 Z-0.125000
G01 X72.541200 Y115.302500 Z-0.125000
G01 X72.226400 Y113.353300 Z-0.125000
G01 X72.165300 Y110.389000 Z-0.125000
G01 X72.219700 Y107.418000 Z-0.125000
G01 X72.514500 Y105.561000 Z-0.125000
G01 X73.247400 Y104.199700 Z-0.125000
G01 X74.615800 Y102.715000 Z-0.125000
G01 X76.501400 Y101.108000 Z-0.125000
G01 X77.310800 Y100.628000 Z-0.125000
G01 X78.009600 Y100.368000 Z-0.125000
G01 X78.581500 Y100.332000 Z-0.125000
G01 X79.010100 Y100.525000 Z-0.125000
G01 X79.279300 Y100.949000 Z-0.125000
G01 X79.372600 Y101.609000 Z-0.125000
G01 X79.372600 Y101.609000 Z-0.125000
G00 Z5.000000

(End cutting path id: path3)


(Start cutting path id: path3)
(Change tool to Default tool)

G00 Z5.000000
G00 X80.797800 Y104.671200

G01 Z-0.125000 F100.0(Penetrate)
G01 X81.810700 Y105.684100 Z-0.125000 F400.000000
G00 Z5.000000

(End cutting path id: path3)


(Start cutting path id: path3)
(Change tool to Default tool)

G00 Z5.000000
G00 X88.886600 Y109.018200

G01 Z-0.125000 F100.0(Penetrate)
G01 X67.806200 Y87.938000 Z-0.125000 F400.000000
G01 X67.640300 Y87.655000 Z-0.125000
G01 X67.668300 Y87.426000 Z-0.125000
G01 X67.836600 Y87.337000 Z-0.125000
G01 X68.091700 Y87.475000 Z-0.125000
G01 X91.225100 Y110.608300 Z-0.125000
G00 Z5.000000

(End cutting path id: path3)


(Start cutting path id: path3)
(Change tool to Default tool)

G00 Z5.000000
G00 X100.561000 Y100.159000

G01 Z-0.125000 F100.0(Penetrate)
G01 X101.446000 Y99.835000 Z-0.125000 F400.000000
G01 X102.122000 Y99.185000 Z-0.125000
G01 X103.064000 Y97.514000 Z-0.125000
G01 X104.214000 Y94.090000 Z-0.125000
G01 X104.598000 Y92.325000 Z-0.125000
G01 X104.820000 Y90.534000 Z-0.125000
G01 X104.735000 Y88.769000 Z-0.125000
G01 X104.544000 Y87.915000 Z-0.125000
G01 X104.139000 Y87.143000 Z-0.125000
G01 X103.666000 Y86.941000 Z-0.125000
G01 X103.216000 Y87.116000 Z-0.125000
G01 X102.842000 Y87.509000 Z-0.125000
G01 X102.596000 Y87.960000 Z-0.125000
G01 X101.903000 Y89.761000 Z-0.125000
G01 X101.455000 Y90.596000 Z-0.125000
G01 X100.752000 Y91.227000 Z-0.125000
G01 X100.164000 Y91.059000 Z-0.125000
G01 X99.731400 Y90.611000 Z-0.125000
G01 X99.129400 Y89.472000 Z-0.125000
G01 X98.484700 Y88.103000 Z-0.125000
G01 X98.053100 Y87.494000 Z-0.125000
G01 X97.453100 Y87.061000 Z-0.125000
G01 X96.958600 Y87.195000 Z-0.125000
G01 X96.679800 Y87.614000 Z-0.125000
G01 X96.512900 Y88.679000 Z-0.125000
G01 X96.603600 Y90.559000 Z-0.125000
G01 X96.841400 Y92.428000 Z-0.125000
G01 X97.640200 Y96.110000 Z-0.125000
G01 X98.440800 Y98.280000 Z-0.125000
G01 X99.047300 Y99.250000 Z-0.125000
G01 X99.906200 Y100.005000 Z-0.125000
G01 X100.561000 Y100.159000 Z-0.125000
G01 X100.561000 Y100.159000 Z-0.125000
G00 Z5.000000

(End cutting path id: path3)


(Start cutting path id: path3)
(Change tool to Default tool)

G00 Z5.000000
G00 X98.282300 Y97.460000

G01 Z-0.125000 F100.0(Penetrate)
G01 X77.195300 Y76.373000 Z-0.125000 F400.000000
G01 X77.026500 Y76.087000 Z-0.125000
G01 X77.048000 Y75.851000 Z-0.125000
G01 X77.209800 Y75.756000 Z-0.125000
G01 X77.461900 Y75.891000 Z-0.125000
G01 X97.539800 Y95.969000 Z-0.125000
G01 X97.710700 Y96.023000 Z-0.125000
G01 X97.693800 Y95.748000 Z-0.125000
G01 X97.286400 Y94.967000 Z-0.125000
G01 X77.658700 Y75.339000 Z-0.125000
G01 X77.370900 Y74.677000 Z-0.125000
G01 X77.436100 Y74.485000 Z-0.125000
G01 X77.644400 Y74.577000 Z-0.125000
G01 X97.038400 Y93.971000 Z-0.125000
G01 X97.220400 Y94.036000 Z-0.125000
G01 X97.227800 Y93.786000 Z-0.125000
G01 X96.855900 Y93.040000 Z-0.125000
G01 X77.376900 Y73.561000 Z-0.125000
G01 X77.036000 Y72.846000 Z-0.125000
G01 X77.064800 Y72.617000 Z-0.125000
G01 X77.256500 Y72.692000 Z-0.125000
G01 X96.702900 Y92.138000 Z-0.125000
G01 X96.893200 Y92.212000 Z-0.125000
G01 X96.918900 Y91.980000 Z-0.125000
G01 X96.573600 Y91.261000 Z-0.125000
G01 X77.253400 Y71.941000 Z-0.125000
G01 X77.054400 Y71.625000 Z-0.125000
G01 X77.009500 Y71.322000 Z-0.125000
G01 X77.105000 Y71.161000 Z-0.125000
G01 X77.326900 Y71.266000 Z-0.125000
G01 X96.463900 Y90.403000 Z-0.125000
G01 X96.662500 Y90.484000 Z-0.125000
G01 X96.706600 Y90.271000 Z-0.125000
G01 X96.388000 Y89.578000 Z-0.125000
G01 X77.449600 Y70.640000 Z-0.125000
G01 X77.264600 Y70.338000 Z-0.125000
G01 X77.250500 Y70.067000 Z-0.125000
G01 X77.376800 Y69.936000 Z-0.125000
G01 X77.612800 Y70.055000 Z-0.125000
G01 X96.357200 Y88.799000 Z-0.125000
G01 X96.571600 Y88.897000 Z-0.125000
G01 X96.650300 Y88.718000 Z-0.125000
G01 X96.588700 Y88.399000 Z-0.125000
G01 X96.382200 Y88.076000 Z-0.125000
G01 X77.807800 Y69.502000 Z-0.125000
G01 X77.632200 Y69.209000 Z-0.125000
G01 X77.638700 Y68.958000 Z-0.125000
G01 X77.785600 Y68.848000 Z-0.125000
G01 X78.030900 Y68.976000 Z-0.125000
G01 X96.502200 Y87.448000 Z-0.125000
G01 X96.757300 Y87.586000 Z-0.125000
G01 X96.925600 Y87.497000 Z-0.125000
G01 X96.953500 Y87.267000 Z-0.125000
G01 X96.787700 Y86.985000 Z-0.125000
G01 X77.999200 Y68.197000 Z-0.125000
G00 Z5.000000

(End cutting path id: path3)


(Start cutting path id: path3)
(Change tool to Default tool)

G00 Z5.000000
G00 X104.557000 Y90.535000

G01 Z-0.125000 F100.0(Penetrate)
G01 X104.168000 Y93.121000 Z-0.125000 F400.000000
G01 X103.260000 Y96.301000 Z-0.125000
G01 X102.371000 Y98.315000 Z-0.125000
G01 X101.453000 Y99.505000 Z-0.125000
G01 X100.991000 Y99.798000 Z-0.125000
G01 X100.532000 Y99.895000 Z-0.125000
G01 X100.079000 Y99.797000 Z-0.125000
G01 X99.637000 Y99.510000 Z-0.125000
G01 X98.796400 Y98.375000 Z-0.125000
G01 X98.038200 Y96.514000 Z-0.125000
G01 X97.390700 Y93.953000 Z-0.125000
G01 X96.882000 Y90.715000 Z-0.125000
G01 X96.792800 Y88.393000 Z-0.125000
G01 X96.926800 Y87.711000 Z-0.125000
G01 X97.161500 Y87.361000 Z-0.125000
G01 X97.483200 Y87.352000 Z-0.125000
G01 X97.878000 Y87.691000 Z-0.125000
G01 X98.832400 Y89.454000 Z-0.125000
G01 X99.290100 Y90.397000 Z-0.125000
G01 X99.759000 Y91.053000 Z-0.125000
G01 X100.233000 Y91.423000 Z-0.125000
G01 X100.706000 Y91.507000 Z-0.125000
G01 X101.171000 Y91.307000 Z-0.125000
G01 X101.624000 Y90.824000 Z-0.125000
G01 X102.465000 Y89.007000 Z-0.125000
G01 X102.838000 Y88.068000 Z-0.125000
G01 X103.211000 Y87.474000 Z-0.125000
G01 X103.567000 Y87.214000 Z-0.125000
G01 X103.891000 Y87.278000 Z-0.125000
G01 X104.168000 Y87.653000 Z-0.125000
G01 X104.382000 Y88.329000 Z-0.125000
G01 X104.557000 Y90.535000 Z-0.125000
G01 X104.557000 Y90.535000 Z-0.125000
G00 Z5.000000

(End cutting path id: path3)


(Start cutting path id: path3)
(Change tool to Default tool)

G00 Z5.000000
G00 X107.815000 Y117.469200

G01 Z-0.125000 F100.0(Penetrate)
G01 X72.320300 Y81.975000 Z-0.125000 F400.000000
G01 X72.165100 Y81.703000 Z-0.125000
G01 X72.216300 Y81.497000 Z-0.125000
G01 X72.407900 Y81.431000 Z-0.125000
G01 X72.673600 Y81.580000 Z-0.125000
G01 X107.267000 Y116.173400 Z-0.125000
G01 X107.447000 Y116.236800 Z-0.125000
G01 X107.451000 Y115.983500 Z-0.125000
G01 X107.074000 Y115.232300 Z-0.125000
G01 X73.032400 Y81.190000 Z-0.125000
G01 X72.878100 Y80.919000 Z-0.125000
G01 X72.931700 Y80.715000 Z-0.125000
G01 X73.125600 Y80.652000 Z-0.125000
G01 X73.392300 Y80.802000 Z-0.125000
G01 X107.079000 Y114.488300 Z-0.125000
G01 X107.299000 Y114.591300 Z-0.125000
G01 X107.389000 Y114.424900 Z-0.125000
G01 X107.340000 Y114.118200 Z-0.125000
G01 X107.139000 Y113.800200 Z-0.125000
G01 X73.752500 Y80.414000 Z-0.125000
G01 X73.598300 Y80.143000 Z-0.125000
G01 X73.652100 Y79.939000 Z-0.125000
G01 X73.846200 Y79.876000 Z-0.125000
G01 X74.113000 Y80.026000 Z-0.125000
G01 X107.272000 Y113.184900 Z-0.125000
G01 X107.514000 Y113.309600 Z-0.125000
G01 X107.652000 Y113.191200 Z-0.125000
G01 X107.651000 Y112.932400 Z-0.125000
G01 X107.472000 Y112.636200 Z-0.125000
G01 X74.473600 Y79.638000 Z-0.125000
G01 X74.319500 Y79.367000 Z-0.125000
G01 X74.373300 Y79.164000 Z-0.125000
G01 X74.567400 Y79.101000 Z-0.125000
G01 X74.834200 Y79.250000 Z-0.125000
G01 X107.735000 Y112.151300 Z-0.125000
G01 X107.995000 Y112.293900 Z-0.125000
G01 X108.173000 Y112.214900 Z-0.125000
G01 X108.211000 Y111.995600 Z-0.125000
G01 X108.050000 Y111.717300 Z-0.125000
G01 X75.191400 Y78.859000 Z-0.125000
G01 X75.036400 Y78.587000 Z-0.125000
G01 X75.088100 Y78.382000 Z-0.125000
G01 X75.280100 Y78.317000 Z-0.125000
G01 X75.546000 Y78.465000 Z-0.125000
G01 X108.405000 Y111.324400 Z-0.125000
G01 X108.676000 Y111.478400 Z-0.125000
G01 X108.879000 Y111.424200 Z-0.125000
G01 X108.942000 Y111.229800 Z-0.125000
G01 X108.792000 Y110.962800 Z-0.125000
G01 X75.895100 Y78.066000 Z-0.125000
G01 X75.738200 Y77.792000 Z-0.125000
G01 X75.786000 Y77.583000 Z-0.125000
G01 X75.974100 Y77.514000 Z-0.125000
G01 X76.238200 Y77.661000 Z-0.125000
G01 X109.205000 Y110.627300 Z-0.125000
G01 X109.482000 Y110.788100 Z-0.125000
G01 X109.701000 Y110.749100 Z-0.125000
G01 X109.778000 Y110.569700 Z-0.125000
G01 X109.635000 Y110.309600 Z-0.125000
G01 X76.572800 Y77.247000 Z-0.125000
G01 X76.412600 Y76.970000 Z-0.125000
G01 X76.453000 Y76.753000 Z-0.125000
G01 X76.633700 Y76.677000 Z-0.125000
G01 X76.894400 Y76.820000 Z-0.125000
G01 X110.081000 Y110.007500 Z-0.125000
G01 X110.363000 Y110.172500 Z-0.125000
G01 X110.591000 Y110.142500 Z-0.125000
G01 X110.678000 Y109.972200 Z-0.125000
G01 X110.539000 Y109.716200 Z-0.125000
G01 X101.099000 Y100.276000 Z-0.125000
G01 X100.968000 Y100.029000 Z-0.125000
G01 X101.075000 Y99.878000 Z-0.125000
G01 X101.321000 Y99.868000 Z-0.125000
G01 X101.612000 Y100.041000 Z-0.125000
G01 X111.004000 Y109.433800 Z-0.125000
G01 X111.289000 Y109.601700 Z-0.125000
G01 X111.523000 Y109.578200 Z-0.125000
G01 X111.617000 Y109.414400 Z-0.125000
G01 X111.480000 Y109.161400 Z-0.125000
G01 X102.017000 Y99.698000 Z-0.125000
G01 X101.860000 Y99.424000 Z-0.125000
G01 X101.907000 Y99.214000 Z-0.125000
G01 X102.094000 Y99.144000 Z-0.125000
G01 X102.358000 Y99.290000 Z-0.125000
G01 X111.958000 Y108.890700 Z-0.125000
G01 X112.244000 Y109.060000 Z-0.125000
G01 X112.481000 Y109.039700 Z-0.125000
G01 X112.578000 Y108.879100 Z-0.125000
G01 X112.443000 Y108.627500 Z-0.125000
G01 X102.657000 Y98.841000 Z-0.125000
G01 X102.489000 Y98.556000 Z-0.125000
G01 X102.511000 Y98.321000 Z-0.125000
G01 X102.673000 Y98.226000 Z-0.125000
G01 X102.926000 Y98.362000 Z-0.125000
G01 X112.929000 Y108.365400 Z-0.125000
G01 X113.217000 Y108.535800 Z-0.125000
G01 X113.456000 Y108.517800 Z-0.125000
G01 X113.555000 Y108.359400 Z-0.125000
G01 X113.421000 Y108.108800 Z-0.125000
G01 X103.170000 Y97.858000 Z-0.125000
G01 X102.995000 Y97.566000 Z-0.125000
G01 X103.002000 Y97.315000 Z-0.125000
G01 X103.149000 Y97.205000 Z-0.125000
G01 X103.395000 Y97.334000 Z-0.125000
G01 X113.913000 Y107.852000 Z-0.125000
G01 X114.201000 Y108.023100 Z-0.125000
G01 X114.442000 Y108.006700 Z-0.125000
G01 X114.542000 Y107.849900 Z-0.125000
G01 X114.409000 Y107.600100 Z-0.125000
G01 X103.602000 Y96.793000 Z-0.125000
G01 X103.422000 Y96.496000 Z-0.125000
G01 X103.418000 Y96.235000 Z-0.125000
G01 X103.554000 Y96.114000 Z-0.125000
G01 X103.795000 Y96.237000 Z-0.125000
G01 X114.906000 Y107.348200 Z-0.125000
G01 X115.194000 Y107.519300 Z-0.125000
G01 X115.435000 Y107.502900 Z-0.125000
G01 X115.535000 Y107.346100 Z-0.125000
G01 X115.402000 Y107.096300 Z-0.125000
G01 X103.978000 Y95.672000 Z-0.125000
G01 X103.795000 Y95.372000 Z-0.125000
G01 X103.784000 Y95.104000 Z-0.125000
G01 X103.914000 Y94.977000 Z-0.125000
G01 X104.152000 Y95.098000 Z-0.125000
G01 X115.899000 Y106.844500 Z-0.125000
G01 X116.186000 Y107.015000 Z-0.125000
G01 X116.426000 Y106.997200 Z-0.125000
G01 X116.525000 Y106.839200 Z-0.125000
G01 X116.391000 Y106.588700 Z-0.125000
G01 X104.311000 Y94.508000 Z-0.125000
G01 X104.124000 Y94.205000 Z-0.125000
G01 X104.106000 Y93.929000 Z-0.125000
G01 X104.228000 Y93.794000 Z-0.125000
G01 X104.462000 Y93.911000 Z-0.125000
G01 X116.881000 Y106.329900 Z-0.125000
G01 X117.167000 Y106.499200 Z-0.125000
G01 X117.404000 Y106.478900 Z-0.125000
G01 X117.501000 Y106.318300 Z-0.125000
G01 X117.366000 Y106.066700 Z-0.125000
G01 X104.604000 Y93.305000 Z-0.125000
G01 X104.414000 Y92.998000 Z-0.125000
G01 X104.388000 Y92.715000 Z-0.125000
G01 X104.503000 Y92.573000 Z-0.125000
G01 X104.734000 Y92.687000 Z-0.125000
G01 X117.844000 Y105.796600 Z-0.125000
G01 X118.128000 Y105.963400 Z-0.125000
G01 X118.359000 Y105.937400 Z-0.125000
G01 X118.450000 Y105.771200 Z-0.125000
G01 X118.313000 Y105.517000 Z-0.125000
G01 X104.828000 Y92.032000 Z-0.125000
G01 X104.634000 Y91.721000 Z-0.125000
G01 X104.601000 Y91.431000 Z-0.125000
G01 X104.708000 Y91.280000 Z-0.125000
G01 X104.935000 Y91.391000 Z-0.125000
G01 X118.770000 Y105.225900 Z-0.125000
G01 X119.050000 Y105.388400 Z-0.125000
G01 X119.272000 Y105.353000 Z-0.125000
G01 X119.353000 Y105.177300 Z-0.125000
G01 X119.212000 Y104.918900 Z-0.125000
G01 X104.969000 Y90.676000 Z-0.125000
G01 X104.678000 Y90.011000 Z-0.125000
G01 X104.741000 Y89.817000 Z-0.125000
G01 X104.949000 Y89.908000 Z-0.125000
G01 X119.629000 Y104.588300 Z-0.125000
G01 X119.900000 Y104.742100 Z-0.125000
G01 X120.103000 Y104.687700 Z-0.125000
G01 X120.166000 Y104.493000 Z-0.125000
G01 X120.015000 Y104.225900 Z-0.125000
G01 X104.880000 Y89.091000 Z-0.125000
G01 X104.437000 Y88.274000 Z-0.125000
G01 X104.396000 Y87.975000 Z-0.125000
G01 X104.556000 Y88.018000 Z-0.125000
G01 X120.364000 Y103.826300 Z-0.125000
G01 X120.620000 Y103.965600 Z-0.125000
G01 X120.791000 Y103.879200 Z-0.125000
G01 X120.822000 Y103.652500 Z-0.125000
G01 X120.657000 Y103.370800 Z-0.125000
G01 X82.311900 Y65.026000 Z-0.125000
G01 X82.014500 Y64.845000 Z-0.125000
G01 X81.753300 Y64.841000 Z-0.125000
G01 X81.632300 Y64.978000 Z-0.125000
G01 X81.755900 Y65.218000 Z-0.125000
G01 X103.364000 Y86.826000 Z-0.125000
G01 X103.496000 Y87.075000 Z-0.125000
G01 X103.394000 Y87.230000 Z-0.125000
G01 X103.151000 Y87.245000 Z-0.125000
G01 X102.862000 Y87.073000 Z-0.125000
G01 X81.235900 Y65.446000 Z-0.125000
G01 X80.950200 Y65.278000 Z-0.125000
G01 X80.714600 Y65.299000 Z-0.125000
G01 X80.619300 Y65.461000 Z-0.125000
G01 X80.754600 Y65.714000 Z-0.125000
G01 X102.555000 Y87.513000 Z-0.125000
G01 X102.727000 Y87.802000 Z-0.125000
G01 X102.712000 Y88.045000 Z-0.125000
G01 X102.558000 Y88.148000 Z-0.125000
G01 X102.309000 Y88.016000 Z-0.125000
G01 X80.310000 Y66.017000 Z-0.125000
G01 X80.035800 Y65.860000 Z-0.125000
G01 X79.825500 Y65.907000 Z-0.125000
G01 X79.755500 Y66.094000 Z-0.125000
G01 X79.902300 Y66.358000 Z-0.125000
G01 X102.102000 Y88.558000 Z-0.125000
G01 X102.282000 Y88.855000 Z-0.125000
G01 X102.285000 Y89.115000 Z-0.125000
G01 X102.147000 Y89.234000 Z-0.125000
G01 X101.906000 Y89.110000 Z-0.125000
G01 X79.525500 Y66.730000 Z-0.125000
G01 X79.260500 Y66.581000 Z-0.125000
G01 X79.070300 Y66.649000 Z-0.125000
G01 X79.020500 Y66.856000 Z-0.125000
G01 X79.176400 Y67.129000 Z-0.125000
G01 X101.691000 Y89.643000 Z-0.125000
G01 X101.862000 Y89.931000 Z-0.125000
G01 X101.846000 Y90.173000 Z-0.125000
G01 X101.690000 Y90.274000 Z-0.125000
G01 X101.441000 Y90.141000 Z-0.125000
G01 X78.853000 Y67.554000 Z-0.125000
G01 X78.595900 Y67.414000 Z-0.125000
G01 X78.423000 Y67.498000 Z-0.125000
G01 X78.390500 Y67.723000 Z-0.125000
G01 X78.554300 Y68.003000 Z-0.125000
G01 X101.141000 Y90.591000 Z-0.125000
G01 X101.292000 Y90.858000 Z-0.125000
G01 X101.231000 Y91.054000 Z-0.125000
G01 X101.029000 Y91.109000 Z-0.125000
G01 X100.758000 Y90.956000 Z-0.125000
G01 X99.010100 Y89.208000 Z-0.125000
G01 X98.889900 Y89.204000 Z-0.125000
G01 X99.018400 Y89.590000 Z-0.125000
G01 X99.587900 Y90.534000 Z-0.125000
G01 X100.416000 Y91.362000 Z-0.125000
G00 Z5.000000

(End cutting path id: path3)


(Start cutting path id: path3)
(Change tool to Default tool)

G00 Z5.000000
G00 X117.428000 Y123.366000

G01 Z-0.125000 F100.0(Penetrate)
G01 X118.916000 Y123.298700 Z-0.125000 F400.000000
G01 X120.383000 Y123.039600 Z-0.125000
G01 X121.805000 Y122.597200 Z-0.125000
G01 X123.160000 Y121.980000 Z-0.125000
G01 X124.422000 Y121.196400 Z-0.125000
G01 X125.570000 Y120.254800 Z-0.125000
G01 X126.579000 Y119.163800 Z-0.125000
G01 X127.427000 Y117.931700 Z-0.125000
G01 X128.082000 Y116.689200 Z-0.125000
G01 X128.585000 Y115.387300 Z-0.125000
G01 X129.174000 Y112.659200 Z-0.125000
G01 X129.272000 Y109.853500 Z-0.125000
G01 X128.958000 Y107.076800 Z-0.125000
G01 X128.451000 Y105.242400 Z-0.125000
G01 X127.620000 Y103.530300 Z-0.125000
G01 X126.461000 Y102.033000 Z-0.125000
G01 X124.973000 Y100.845000 Z-0.125000
G01 X124.320000 Y100.442000 Z-0.125000
G01 X123.580000 Y100.162000 Z-0.125000
G01 X122.840000 Y100.150000 Z-0.125000
G01 X122.185000 Y100.553000 Z-0.125000
G01 X121.604000 Y101.528000 Z-0.125000
G01 X121.218000 Y102.610000 Z-0.125000
G01 X120.785000 Y103.663600 Z-0.125000
G01 X120.066000 Y104.553500 Z-0.125000
G01 X118.387000 Y105.763600 Z-0.125000
G01 X116.581000 Y106.777800 Z-0.125000
G01 X112.887000 Y108.668300 Z-0.125000
G01 X110.086000 Y110.303000 Z-0.125000
G01 X108.822000 Y111.300600 Z-0.125000
G01 X107.795000 Y112.543300 Z-0.125000
G01 X107.455000 Y113.379600 Z-0.125000
G01 X107.262000 Y114.251800 Z-0.125000
G01 X107.285000 Y116.036500 Z-0.125000
G01 X107.794000 Y117.762400 Z-0.125000
G01 X108.722000 Y119.294500 Z-0.125000
G01 X109.543000 Y120.238500 Z-0.125000
G01 X110.471000 Y121.065800 Z-0.125000
G01 X112.589000 Y122.355100 Z-0.125000
G01 X114.949000 Y123.132000 Z-0.125000
G01 X117.428000 Y123.366000 Z-0.125000
G01 X117.428000 Y123.366000 Z-0.125000
G00 Z5.000000

(End cutting path id: path3)


(Start cutting path id: path3)
(Change tool to Default tool)

G00 Z5.000000
G00 X135.729000 Y139.827400

G01 Z-0.125000 F100.0(Penetrate)
G01 X134.025000 Y142.268900 Z-0.125000 F400.000000
G01 X132.126000 Y144.712200 Z-0.125000
G01 X130.263000 Y146.873500 Z-0.125000
G01 X128.668000 Y148.469300 Z-0.125000
G01 X127.122000 Y149.910700 Z-0.125000
G01 X126.215000 Y150.975100 Z-0.125000
G01 X125.887000 Y151.752000 Z-0.125000
G01 X126.077000 Y152.331000 Z-0.125000
G01 X134.436000 Y159.725300 Z-0.125000
G01 X138.264000 Y163.071800 Z-0.125000
G01 X140.527000 Y165.292500 Z-0.125000
G01 X141.555000 Y166.757700 Z-0.125000
G01 X141.709000 Y167.322700 Z-0.125000
G01 X141.678000 Y167.837700 Z-0.125000
G01 X141.629000 Y168.848500 Z-0.125000
G01 X141.757000 Y170.399000 Z-0.125000
G01 X142.442000 Y174.274200 Z-0.125000
G01 X143.308000 Y177.144900 Z-0.125000
G01 X144.515000 Y179.797000 Z-0.125000
G01 X146.043000 Y182.211200 Z-0.125000
G01 X147.874000 Y184.367800 Z-0.125000
G01 X149.989000 Y186.247400 Z-0.125000
G01 X152.368000 Y187.830600 Z-0.125000
G01 X154.993000 Y189.098000 Z-0.125000
G01 X157.844000 Y190.029900 Z-0.125000
G01 X161.257000 Y190.620800 Z-0.125000
G01 X164.554000 Y190.747800 Z-0.125000
G01 X167.040000 Y190.433400 Z-0.125000
G01 X167.763000 Y190.117800 Z-0.125000
G01 X168.023000 Y189.700200 Z-0.125000
G01 X166.223000 Y187.781400 Z-0.125000
G01 X161.896000 Y183.911600 Z-0.125000
G01 X157.570000 Y180.050900 Z-0.125000
G01 X155.770000 Y178.153900 Z-0.125000
G01 X156.366000 Y177.236400 Z-0.125000
G01 X157.942000 Y175.324700 Z-0.125000
G01 X162.775000 Y169.895200 Z-0.125000
G01 X167.748000 Y164.618500 Z-0.125000
G01 X169.499000 Y162.897800 Z-0.125000
G01 X170.340000 Y162.247800 Z-0.125000
G01 X171.093000 Y162.681000 Z-0.125000
G01 X172.637000 Y163.860500 Z-0.125000
G01 X177.196000 Y167.737700 Z-0.125000
G01 X179.622000 Y169.841900 Z-0.125000
G01 X181.496000 Y171.310200 Z-0.125000
G01 X182.868000 Y172.130600 Z-0.125000
G01 X183.787000 Y172.291200 Z-0.125000
G01 X184.091000 Y172.120200 Z-0.125000
G01 X184.301000 Y171.779800 Z-0.125000
G01 X184.461000 Y170.584500 Z-0.125000
G01 X184.314000 Y168.693200 Z-0.125000
G01 X183.911000 Y166.093900 Z-0.125000
G01 X183.364000 Y163.702600 Z-0.125000
G01 X182.579000 Y161.433000 Z-0.125000
G01 X181.556000 Y159.287500 Z-0.125000
G01 X180.297000 Y157.268400 Z-0.125000
G01 X178.805000 Y155.378100 Z-0.125000
G01 X177.080000 Y153.619000 Z-0.125000
G01 X175.125000 Y151.993500 Z-0.125000
G01 X172.941000 Y150.503900 Z-0.125000
G01 X171.803000 Y149.939200 Z-0.125000
G01 X170.365000 Y149.443000 Z-0.125000
G01 X166.899000 Y148.702300 Z-0.125000
G01 X163.161000 Y148.373700 Z-0.125000
G01 X161.384000 Y148.392400 Z-0.125000
G01 X159.769000 Y148.548600 Z-0.125000
G01 X156.528000 Y149.040600 Z-0.125000
G01 X149.953000 Y143.211600 Z-0.125000
G01 X141.406000 Y135.761000 Z-0.125000
G01 X139.433000 Y134.139500 Z-0.125000
G01 X135.729000 Y139.827400 Z-0.125000
G00 Z5.000000

(End cutting path id: path3)


(Start cutting path id: path3)
(Change tool to Default tool)

G00 Z5.000000
G00 X144.799000 Y138.738300

G01 Z-0.125000 F100.0(Penetrate)
G01 X168.847000 Y162.785700 Z-0.125000 F400.000000
G01 X169.118000 Y162.939900 Z-0.125000
G01 X169.321000 Y162.886100 Z-0.125000
G01 X169.384000 Y162.692100 Z-0.125000
G01 X169.234000 Y162.425300 Z-0.125000
G01 X152.110000 Y145.301100 Z-0.125000
G00 Z5.000000

(End cutting path id: path3)


(Start cutting path id: path3)
(Change tool to Default tool)

G00 Z5.000000
G00 X156.705000 Y149.147400

G01 Z-0.125000 F100.0(Penetrate)
G01 X169.636000 Y162.078300 Z-0.125000 F400.000000
G01 X169.943000 Y162.268900 Z-0.125000
G01 X170.227000 Y162.295300 Z-0.125000
G01 X170.370000 Y162.181300 Z-0.125000
G01 X170.257000 Y161.951000 Z-0.125000
G01 X157.635000 Y149.329500 Z-0.125000
G01 X157.526000 Y149.103600 Z-0.125000
G01 X157.680000 Y148.999500 Z-0.125000
G01 X157.973000 Y149.035800 Z-0.125000
G01 X158.285000 Y149.230900 Z-0.125000
G01 X173.586000 Y164.531700 Z-0.125000
G00 Z5.000000

(End cutting path id: path3)


(Start cutting path id: path3)
(Change tool to Default tool)

G00 Z5.000000
G00 X179.539000 Y169.736600

G01 Z-0.125000 F100.0(Penetrate)
G01 X158.935000 Y149.132300 Z-0.125000 F400.000000
G01 X158.826000 Y148.906400 Z-0.125000
G01 X158.979000 Y148.802300 Z-0.125000
G01 X159.273000 Y148.838600 Z-0.125000
G01 X159.585000 Y149.033700 Z-0.125000
G01 X181.916000 Y171.364700 Z-0.125000
G01 X182.852000 Y171.926800 Z-0.125000
G01 X183.233000 Y172.050200 Z-0.125000
G01 X183.227000 Y171.927700 Z-0.125000
G01 X160.237000 Y148.937200 Z-0.125000
G01 X160.131000 Y148.714400 Z-0.125000
G01 X160.291000 Y148.617100 Z-0.125000
G01 X160.591000 Y148.660100 Z-0.125000
G01 X160.906000 Y148.858300 Z-0.125000
G01 X183.753000 Y171.705200 Z-0.125000
G01 X183.998000 Y171.833800 Z-0.125000
G01 X184.146000 Y171.723800 Z-0.125000
G01 X184.153000 Y171.473500 Z-0.125000
G01 X183.977000 Y171.181100 Z-0.125000
G01 X161.605000 Y148.809200 Z-0.125000
G01 X161.508000 Y148.594700 Z-0.125000
G01 X161.686000 Y148.515800 Z-0.125000
G01 X162.005000 Y148.577200 Z-0.125000
G01 X162.328000 Y148.783700 Z-0.125000
G01 X184.043000 Y170.498200 Z-0.125000
G01 X184.251000 Y170.589400 Z-0.125000
G01 X184.316000 Y170.397100 Z-0.125000
G01 X184.027000 Y169.734700 Z-0.125000
G01 X163.066000 Y148.773500 Z-0.125000
G01 X162.977000 Y148.567700 Z-0.125000
G01 X163.175000 Y148.507900 Z-0.125000
G01 X163.845000 Y148.803400 Z-0.125000
G01 X183.960000 Y168.919200 Z-0.125000
G01 X184.154000 Y168.996000 Z-0.125000
G01 X184.187000 Y168.772100 Z-0.125000
G01 X183.853000 Y168.063600 Z-0.125000
G01 X164.634000 Y148.844900 Z-0.125000
G01 X164.543000 Y148.636800 Z-0.125000
G01 X164.735000 Y148.571800 Z-0.125000
G01 X165.398000 Y148.859900 Z-0.125000
G01 X183.725000 Y167.187300 Z-0.125000
G01 X183.912000 Y167.257500 Z-0.125000
G01 X183.931000 Y167.018900 Z-0.125000
G01 X183.575000 Y166.289300 Z-0.125000
G01 X166.281000 Y148.995200 Z-0.125000
G01 X166.206000 Y148.802900 Z-0.125000
G01 X166.433000 Y148.772900 Z-0.125000
G01 X167.146000 Y149.112000 Z-0.125000
G01 X183.415000 Y165.380300 Z-0.125000
G01 X183.606000 Y165.454700 Z-0.125000
G01 X183.634000 Y165.225600 Z-0.125000
G01 X183.292000 Y164.509600 Z-0.125000
G01 X168.041000 Y149.258200 Z-0.125000
G01 X167.976000 Y149.076000 Z-0.125000
G01 X168.225000 Y149.068200 Z-0.125000
G01 X168.971000 Y149.439500 Z-0.125000
G01 X182.944000 Y163.412900 Z-0.125000
G01 X183.100000 Y163.452100 Z-0.125000
G01 X183.051000 Y163.145300 Z-0.125000
G01 X182.596000 Y162.316400 Z-0.125000
G01 X169.913000 Y149.633200 Z-0.125000
G01 X169.872000 Y149.475200 Z-0.125000
G01 X170.174000 Y149.520600 Z-0.125000
G01 X170.997000 Y149.969200 Z-0.125000
G01 X182.140000 Y161.111900 Z-0.125000
G01 X182.250000 Y161.105600 Z-0.125000
G01 X182.101000 Y160.698700 Z-0.125000
G01 X181.501000 Y159.724300 Z-0.125000
G01 X171.862000 Y150.085600 Z-0.125000
G00 Z5.000000

(End cutting path id: path3)


(Start cutting path id: path3)
(Change tool to Default tool)

G00 Z5.000000
G00 X173.548000 Y151.023500

G01 Z-0.125000 F100.0(Penetrate)
G01 X180.823000 Y158.298200 Z-0.125000 F400.000000
G00 Z5.000000

(End cutting path id: path3)


(Start cutting path id: path3)
(Change tool to Default tool)

G00 Z5.000000
G00 X179.486000 Y156.213100

G01 Z-0.125000 F100.0(Penetrate)
G01 X176.192000 Y152.918800 Z-0.125000 F400.000000
G00 Z5.000000

(End cutting path id: path3)


(Start cutting path id: path3)
(Change tool to Default tool)

G00 Z5.000000
G00 X159.580000 Y181.956700

G01 Z-0.125000 F100.0(Penetrate)
G01 X167.373000 Y189.749500 Z-0.125000 F400.000000
G01 X167.621000 Y189.881100 Z-0.125000
G01 X167.775000 Y189.777900 Z-0.125000
G01 X167.789000 Y189.534200 Z-0.125000
G01 X167.617000 Y189.244900 Z-0.125000
G01 X165.406000 Y187.034300 Z-0.125000
G00 Z5.000000

(End cutting path id: path3)


(Start cutting path id: path3)
(Change tool to Default tool)

G00 Z5.000000
G00 X165.896000 Y190.517200

G01 Z-0.125000 F100.0(Penetrate)
G01 X126.648000 Y151.270000 Z-0.125000 F400.000000
G01 X126.489000 Y150.993700 Z-0.125000
G01 X126.531000 Y150.778700 Z-0.125000
G01 X126.714000 Y150.704100 Z-0.125000
G01 X126.975000 Y150.848800 Z-0.125000
G01 X166.261000 Y190.134300 Z-0.125000
G01 X166.565000 Y190.321200 Z-0.125000
G01 X166.840000 Y190.339300 Z-0.125000
G01 X166.975000 Y190.217100 Z-0.125000
G01 X166.858000 Y189.983000 Z-0.125000
G01 X127.332000 Y150.456900 Z-0.125000
G01 X127.179000 Y150.187500 Z-0.125000
G01 X127.237000 Y149.987600 Z-0.125000
G01 X127.435000 Y149.928100 Z-0.125000
G01 X127.703000 Y150.079600 Z-0.125000
G01 X155.379000 Y177.755500 Z-0.125000
G01 X155.634000 Y177.894200 Z-0.125000
G01 X155.804000 Y177.806400 Z-0.125000
G01 X155.833000 Y177.578300 Z-0.125000
G01 X155.668000 Y177.296100 Z-0.125000
G01 X128.084000 Y149.712800 Z-0.125000
G01 X127.935000 Y149.446100 Z-0.125000
G01 X127.998000 Y149.252400 Z-0.125000
G01 X128.202000 Y149.199000 Z-0.125000
G01 X128.473000 Y149.353300 Z-0.125000
G01 X155.987000 Y176.866600 Z-0.125000
G01 X156.249000 Y177.011800 Z-0.125000
G01 X156.433000 Y176.938400 Z-0.125000
G01 X156.476000 Y176.724700 Z-0.125000
G01 X156.317000 Y176.448900 Z-0.125000
G01 X128.868000 Y148.999200 Z-0.125000
G01 X128.718000 Y148.733200 Z-0.125000
G01 X128.783000 Y148.540800 Z-0.125000
G01 X128.989000 Y148.488800 Z-0.125000
G01 X129.261000 Y148.643800 Z-0.125000
G01 X156.653000 Y176.036600 Z-0.125000
G01 X156.917000 Y176.183500 Z-0.125000
G01 X157.105000 Y176.113900 Z-0.125000
G01 X157.152000 Y175.904000 Z-0.125000
G01 X156.995000 Y175.630000 Z-0.125000
G01 X129.644000 Y148.278500 Z-0.125000
G01 X129.491000 Y148.009400 Z-0.125000
G01 X129.550000 Y147.810300 Z-0.125000
G01 X129.748000 Y147.751400 Z-0.125000
G01 X130.017000 Y147.903300 Z-0.125000
G01 X157.337000 Y175.223600 Z-0.125000
G01 X157.601000 Y175.370900 Z-0.125000
G01 X157.790000 Y175.302000 Z-0.125000
G01 X157.838000 Y175.092700 Z-0.125000
G01 X157.681000 Y174.819100 Z-0.125000
G01 X130.382000 Y147.520600 Z-0.125000
G01 X130.228000 Y147.249400 Z-0.125000
G01 X130.282000 Y147.045600 Z-0.125000
G01 X130.475000 Y146.982200 Z-0.125000
G01 X130.742000 Y147.131900 Z-0.125000
G01 X158.028000 Y174.418000 Z-0.125000
G01 X158.293000 Y174.565800 Z-0.125000
G01 X158.482000 Y174.498100 Z-0.125000
G01 X158.532000 Y174.290000 Z-0.125000
G01 X158.375000 Y174.016900 Z-0.125000
G01 X131.097000 Y146.738500 Z-0.125000
G01 X130.941000 Y146.465600 Z-0.125000
G01 X130.991000 Y146.258200 Z-0.125000
G01 X131.181000 Y146.191100 Z-0.125000
G01 X131.446000 Y146.339200 Z-0.125000
G01 X158.724000 Y173.616900 Z-0.125000
G01 X158.989000 Y173.765300 Z-0.125000
G01 X159.180000 Y173.698900 Z-0.125000
G01 X159.230000 Y173.492100 Z-0.125000
G01 X159.075000 Y173.219600 Z-0.125000
G01 X131.792000 Y145.936400 Z-0.125000
G01 X131.635000 Y145.662400 Z-0.125000
G01 X131.682000 Y145.452700 Z-0.125000
G01 X131.870000 Y145.383300 Z-0.125000
G01 X132.134000 Y145.530300 Z-0.125000
G01 X159.426000 Y172.822200 Z-0.125000
G01 X159.691000 Y172.970600 Z-0.125000
G01 X159.882000 Y172.904200 Z-0.125000
G01 X159.932000 Y172.697400 Z-0.125000
G01 X159.777000 Y172.424800 Z-0.125000
G01 X132.473000 Y145.120800 Z-0.125000
G01 X132.315000 Y144.845700 Z-0.125000
G01 X132.359000 Y144.633300 Z-0.125000
G01 X132.545000 Y144.561300 Z-0.125000
G01 X132.807000 Y144.707100 Z-0.125000
G01 X160.131000 Y172.030200 Z-0.125000
G01 X160.396000 Y172.179100 Z-0.125000
G01 X160.588000 Y172.113700 Z-0.125000
G01 X160.640000 Y171.907900 Z-0.125000
G01 X160.484000 Y171.635800 Z-0.125000
G01 X133.140000 Y144.290900 Z-0.125000
G01 X132.981000 Y144.015000 Z-0.125000
G01 X133.024000 Y143.800900 Z-0.125000
G01 X133.207000 Y143.727100 Z-0.125000
G01 X133.469000 Y143.872100 Z-0.125000
G01 X160.838000 Y171.241400 Z-0.125000
G01 X161.104000 Y171.390400 Z-0.125000
G01 X161.296000 Y171.325300 Z-0.125000
G01 X161.348000 Y171.119800 Z-0.125000
G01 X161.193000 Y170.847900 Z-0.125000
G01 X133.794000 Y143.448800 Z-0.125000
G01 X133.634000 Y143.171800 Z-0.125000
G01 X133.675000 Y142.955300 Z-0.125000
G01 X133.856000 Y142.879100 Z-0.125000
G01 X134.117000 Y143.023000 Z-0.125000
G01 X161.550000 Y170.456000 Z-0.125000
G01 X161.816000 Y170.605300 Z-0.125000
G01 X162.009000 Y170.540800 Z-0.125000
G01 X162.061000 Y170.335900 Z-0.125000
G01 X161.906000 Y170.064200 Z-0.125000
G01 X134.437000 Y142.594700 Z-0.125000
G01 X134.276000 Y142.316600 Z-0.125000
G01 X134.314000 Y142.097700 Z-0.125000
G01 X134.493000 Y142.019000 Z-0.125000
G01 X134.752000 Y142.161900 Z-0.125000
G01 X162.263000 Y169.672400 Z-0.125000
G01 X162.529000 Y169.821900 Z-0.125000
G01 X162.722000 Y169.757900 Z-0.125000
G01 X162.775000 Y169.553600 Z-0.125000
G01 X162.621000 Y169.282100 Z-0.125000
G01 X135.065000 Y141.725800 Z-0.125000
G01 X134.902000 Y141.446700 Z-0.125000
G01 X134.939000 Y141.225600 Z-0.125000
G01 X135.115000 Y141.144700 Z-0.125000
G01 X135.374000 Y141.286600 Z-0.125000
G01 X162.980000 Y168.892800 Z-0.125000
G01 X163.246000 Y169.042400 Z-0.125000
G01 X163.440000 Y168.978700 Z-0.125000
G01 X163.493000 Y168.774700 Z-0.125000
G01 X163.339000 Y168.503400 Z-0.125000
G01 X135.679000 Y140.843000 Z-0.125000
G01 X135.515000 Y140.562400 Z-0.125000
G01 X135.548000 Y140.338000 Z-0.125000
G01 X135.721000 Y140.253800 Z-0.125000
G01 X135.978000 Y140.394200 Z-0.125000
G01 X163.698000 Y168.114000 Z-0.125000
G01 X163.965000 Y168.264100 Z-0.125000
G01 X164.159000 Y168.201200 Z-0.125000
G01 X164.213000 Y167.998000 Z-0.125000
G01 X164.059000 Y167.727100 Z-0.125000
G01 X136.275000 Y139.942600 Z-0.125000
G01 X136.110000 Y139.661300 Z-0.125000
G01 X136.142000 Y139.435400 Z-0.125000
G01 X136.313000 Y139.349800 Z-0.125000
G01 X136.570000 Y139.489400 Z-0.125000
G01 X164.421000 Y167.340300 Z-0.125000
G01 X164.688000 Y167.490300 Z-0.125000
G01 X164.882000 Y167.427500 Z-0.125000
G01 X164.936000 Y167.224400 Z-0.125000
G01 X164.782000 Y166.953500 Z-0.125000
G01 X136.865000 Y139.036200 Z-0.125000
G01 X136.701000 Y138.755000 Z-0.125000
G01 X136.732000 Y138.529000 Z-0.125000
G01 X136.904000 Y138.443400 Z-0.125000
G01 X137.160000 Y138.583100 Z-0.125000
G01 X165.145000 Y166.567700 Z-0.125000
G01 X165.412000 Y166.718200 Z-0.125000
G01 X165.608000 Y166.656500 Z-0.125000
G01 X165.663000 Y166.454400 Z-0.125000
G01 X165.510000 Y166.183900 Z-0.125000
G01 X137.456000 Y138.129900 Z-0.125000
G01 X137.291000 Y137.848600 Z-0.125000
G01 X137.322000 Y137.622700 Z-0.125000
G01 X137.494000 Y137.537000 Z-0.125000
G01 X137.751000 Y137.676700 Z-0.125000
G01 X165.874000 Y165.800100 Z-0.125000
G01 X166.142000 Y165.950600 Z-0.125000
G01 X166.337000 Y165.888900 Z-0.125000
G01 X166.392000 Y165.686800 Z-0.125000
G01 X166.239000 Y165.416300 Z-0.125000
G01 X138.046000 Y137.223500 Z-0.125000
G01 X137.881000 Y136.942200 Z-0.125000
G01 X137.913000 Y136.716300 Z-0.125000
G01 X138.084000 Y136.630700 Z-0.125000
G01 X138.341000 Y136.770300 Z-0.125000
G01 X166.607000 Y165.036100 Z-0.125000
G01 X166.875000 Y165.187200 Z-0.125000
G01 X167.072000 Y165.126700 Z-0.125000
G01 X167.128000 Y164.925900 Z-0.125000
G01 X166.975000 Y164.656000 Z-0.125000
G01 X138.636000 Y136.317200 Z-0.125000
G01 X138.472000 Y136.035900 Z-0.125000
G01 X138.503000 Y135.809900 Z-0.125000
G01 X138.675000 Y135.724300 Z-0.125000
G01 X138.931000 Y135.864000 Z-0.125000
G01 X167.343000 Y164.276000 Z-0.125000
G01 X167.612000 Y164.427800 Z-0.125000
G01 X167.811000 Y164.369000 Z-0.125000
G01 X167.869000 Y164.169900 Z-0.125000
G01 X167.717000 Y163.900800 Z-0.125000
G01 X139.227000 Y135.410800 Z-0.125000
G01 X139.062000 Y135.129500 Z-0.125000
G01 X139.093000 Y134.903600 Z-0.125000
G01 X139.265000 Y134.817900 Z-0.125000
G01 X139.522000 Y134.957600 Z-0.125000
G01 X168.090000 Y163.526000 Z-0.125000
G01 X168.359000 Y163.678200 Z-0.125000
G01 X168.559000 Y163.620200 Z-0.125000
G01 X168.617000 Y163.421900 Z-0.125000
G01 X168.466000 Y163.153200 Z-0.125000
G01 X140.501000 Y135.188400 Z-0.125000
G00 Z5.000000

(End cutting path id: path3)


(Start cutting path id: path3)
(Change tool to Default tool)

G00 Z5.000000
G00 X127.724000 Y153.842800

G01 Z-0.125000 F100.0(Penetrate)
G01 X126.308000 Y152.426900 Z-0.125000 F400.000000
G01 X126.108000 Y152.110000 Z-0.125000
G01 X126.061000 Y151.805500 Z-0.125000
G01 X126.154000 Y151.641400 Z-0.125000
G01 X126.375000 Y151.745400 Z-0.125000
G01 X132.600000 Y157.969800 Z-0.125000
G00 Z5.000000

(End cutting path id: path3)


(Start cutting path id: path3)
(Change tool to Default tool)

G00 Z5.000000
G00 X144.627000 Y179.725500

G01 Z-0.125000 F100.0(Penetrate)
G01 X152.660000 Y187.759000 Z-0.125000 F400.000000
G01 X153.631000 Y188.355000 Z-0.125000
G01 X154.034000 Y188.501700 Z-0.125000
G01 X154.040000 Y188.389800 Z-0.125000
G01 X144.191000 Y178.541500 Z-0.125000
G01 X143.653000 Y177.629400 Z-0.125000
G01 X143.547000 Y177.265500 Z-0.125000
G01 X143.677000 Y177.278600 Z-0.125000
G01 X155.340000 Y188.942200 Z-0.125000
G01 X156.168000 Y189.395700 Z-0.125000
G01 X156.474000 Y189.444400 Z-0.125000
G01 X156.434000 Y189.288000 Z-0.125000
G01 X143.237000 Y176.091000 Z-0.125000
G01 X142.835000 Y175.314700 Z-0.125000
G01 X142.822000 Y175.044100 Z-0.125000
G01 X142.994000 Y175.099700 Z-0.125000
G01 X157.499000 Y189.604200 Z-0.125000
G01 X158.263000 Y189.993600 Z-0.125000
G01 X158.524000 Y189.998300 Z-0.125000
G01 X158.465000 Y189.821900 Z-0.125000
G01 X142.763000 Y174.120400 Z-0.125000
G01 X142.385000 Y173.368100 Z-0.125000
G01 X142.389000 Y173.114000 Z-0.125000
G01 X142.569000 Y173.177100 Z-0.125000
G01 X159.383000 Y189.992000 Z-0.125000
G01 X160.103000 Y190.337600 Z-0.125000
G01 X160.335000 Y190.312100 Z-0.125000
G01 X160.262000 Y190.121900 Z-0.125000
G01 X142.403000 Y172.263200 Z-0.125000
G01 X142.053000 Y171.539300 Z-0.125000
G01 X142.076000 Y171.304600 Z-0.125000
G01 X142.265000 Y171.376500 Z-0.125000
G01 X161.107000 Y190.218600 Z-0.125000
G01 X161.796000 Y190.533200 Z-0.125000
G01 X162.006000 Y190.486400 Z-0.125000
G01 X161.923000 Y190.286600 Z-0.125000
G01 X142.154000 Y170.517800 Z-0.125000
G01 X141.834000 Y169.823100 Z-0.125000
G01 X141.876000 Y169.608600 Z-0.125000
G01 X142.074000 Y169.689600 Z-0.125000
G01 X162.713000 Y190.328500 Z-0.125000
G01 X163.377000 Y190.617700 Z-0.125000
G01 X163.570000 Y190.553400 Z-0.125000
G01 X163.479000 Y190.345600 Z-0.125000
G01 X142.031000 Y168.897900 Z-0.125000
G01 X141.828000 Y168.578000 Z-0.125000
G01 X141.774000 Y168.266900 Z-0.125000
G01 X141.861000 Y168.096200 Z-0.125000
G01 X142.079000 Y168.197200 Z-0.125000
G01 X164.219000 Y190.337500 Z-0.125000
G01 X164.541000 Y190.542400 Z-0.125000
G01 X164.856000 Y190.600400 Z-0.125000
G01 X165.031000 Y190.518000 Z-0.125000
G01 X164.932000 Y190.302000 Z-0.125000
G01 X141.765000 Y167.134600 Z-0.125000
G00 Z5.000000

(End cutting path id: path3)


(Start cutting path id: path3)
(Change tool to Default tool)

G00 Z5.000000
G00 X145.803000 Y181.650200

G01 Z-0.125000 F100.0(Penetrate)
G01 X151.090000 Y186.937500 Z-0.125000 F400.000000
G00 Z5.000000

(End cutting path id: path3)


(Start cutting path id: path3)
(Change tool to Default tool)

G00 Z5.000000
G00 X162.977000 Y190.477300

G01 Z-0.125000 F100.0(Penetrate)
G01 X160.995000 Y190.334700 Z-0.125000 F400.000000
G01 X159.032000 Y190.024200 Z-0.125000
G01 X157.104000 Y189.546300 Z-0.125000
G01 X155.227000 Y188.901800 Z-0.125000
G01 X153.418000 Y188.091200 Z-0.125000
G01 X151.692000 Y187.115100 Z-0.125000
G01 X150.066000 Y185.974100 Z-0.125000
G01 X148.557000 Y184.668700 Z-0.125000
G01 X146.377000 Y182.218300 Z-0.125000
G01 X144.629000 Y179.437700 Z-0.125000
G01 X143.326000 Y176.409900 Z-0.125000
G01 X142.482000 Y173.217600 Z-0.125000
G01 X142.007000 Y170.270300 Z-0.125000
G01 X141.905000 Y168.784500 Z-0.125000
G01 X141.973000 Y167.297700 Z-0.125000
G01 X141.563000 Y166.219600 Z-0.125000
G01 X140.885000 Y165.284700 Z-0.125000
G01 X139.249000 Y163.623100 Z-0.125000
G01 X132.740000 Y157.916400 Z-0.125000
G01 X126.279000 Y152.157000 Z-0.125000
G01 X126.182000 Y151.660000 Z-0.125000
G01 X126.380000 Y151.186800 Z-0.125000
G01 X127.068000 Y150.359300 Z-0.125000
G01 X129.208000 Y148.312500 Z-0.125000
G01 X131.258000 Y146.152200 Z-0.125000
G01 X133.513000 Y143.391900 Z-0.125000
G01 X135.587000 Y140.495600 Z-0.125000
G01 X139.494000 Y134.532000 Z-0.125000
G01 X148.027000 Y141.858900 Z-0.125000
G01 X156.445000 Y149.319100 Z-0.125000
G01 X160.444000 Y148.748500 Z-0.125000
G01 X162.456000 Y148.623400 Z-0.125000
G01 X164.475000 Y148.706100 Z-0.125000
G01 X166.616000 Y148.937800 Z-0.125000
G01 X168.747000 Y149.298900 Z-0.125000
G01 X170.823000 Y149.868900 Z-0.125000
G01 X172.797000 Y150.727300 Z-0.125000
G01 X174.521000 Y151.867400 Z-0.125000
G01 X176.149000 Y153.146200 Z-0.125000
G01 X177.665000 Y154.556000 Z-0.125000
G01 X179.052000 Y156.089200 Z-0.125000
G01 X180.293000 Y157.738100 Z-0.125000
G01 X181.370000 Y159.494800 Z-0.125000
G01 X182.267000 Y161.351900 Z-0.125000
G01 X182.967000 Y163.301500 Z-0.125000
G01 X183.792000 Y166.903400 Z-0.125000
G01 X184.197000 Y170.590600 Z-0.125000
G01 X184.077000 Y171.608300 Z-0.125000
G01 X183.813000 Y171.979000 Z-0.125000
G01 X183.323000 Y172.007800 Z-0.125000
G01 X182.123000 Y171.412600 Z-0.125000
G01 X181.028000 Y170.646000 Z-0.125000
G01 X178.952000 Y168.921900 Z-0.125000
G01 X174.929000 Y165.409200 Z-0.125000
G01 X172.872000 Y163.709700 Z-0.125000
G01 X170.725000 Y162.125800 Z-0.125000
G01 X170.263000 Y162.018900 Z-0.125000
G01 X169.845000 Y162.228800 Z-0.125000
G01 X169.100000 Y162.913300 Z-0.125000
G01 X163.304000 Y168.925700 Z-0.125000
G01 X157.738000 Y175.155100 Z-0.125000
G01 X156.521000 Y176.599900 Z-0.125000
G01 X155.948000 Y177.348300 Z-0.125000
G01 X155.486000 Y178.162900 Z-0.125000
G01 X156.574000 Y179.475900 Z-0.125000
G01 X157.831000 Y180.652800 Z-0.125000
G01 X162.840000 Y185.078000 Z-0.125000
G01 X165.330000 Y187.307200 Z-0.125000
G01 X167.699000 Y189.662900 Z-0.125000
G01 X167.637000 Y189.881000 Z-0.125000
G01 X167.404000 Y190.026600 Z-0.125000
G01 X166.854000 Y190.206700 Z-0.125000
G01 X164.926000 Y190.467300 Z-0.125000
G01 X162.977000 Y190.477300 Z-0.125000
G01 X162.977000 Y190.477300 Z-0.125000
G00 Z5.000000

(End cutting path id: path3)


(Start cutting path id: path3)
(Change tool to Default tool)

G00 Z5.000000
G00 X99.687500 Y156.141400

G01 Z-0.125000 F100.0(Penetrate)
G01 X96.512100 Y155.912700 Z-0.125000 F400.000000
G01 X93.380000 Y155.381500 Z-0.125000
G01 X90.309900 Y154.564200 Z-0.125000
G01 X87.320600 Y153.477100 Z-0.125000
G01 X84.431100 Y152.136500 Z-0.125000
G01 X81.660100 Y150.558800 Z-0.125000
G01 X79.026500 Y148.760400 Z-0.125000
G01 X76.549200 Y146.757400 Z-0.125000
G01 X73.377000 Y143.736700 Z-0.125000
G01 X70.453500 Y140.480900 Z-0.125000
G01 X67.874000 Y136.959000 Z-0.125000
G01 X65.733600 Y133.139900 Z-0.125000
G01 X63.693900 Y128.384400 Z-0.125000
G01 X62.830500 Y125.945300 Z-0.125000
G01 X62.109700 Y123.461600 Z-0.125000
G01 X61.637600 Y120.376200 Z-0.125000
G01 X61.439300 Y117.261500 Z-0.125000
G01 X61.352600 Y111.012500 Z-0.125000
G01 X61.349700 Y108.053900 Z-0.125000
G01 X61.452300 Y105.089900 Z-0.125000
G01 X61.816700 Y102.160000 Z-0.125000
G01 X62.598800 Y99.305000 Z-0.125000
G01 X64.048900 Y95.305000 Z-0.125000
G01 X65.709600 Y91.381000 Z-0.125000
G01 X67.700000 Y87.628000 Z-0.125000
G01 X68.855800 Y85.845000 Z-0.125000
G01 X70.138700 Y84.139000 Z-0.125000
G01 X71.740500 Y82.222000 Z-0.125000
G01 X73.442400 Y80.369000 Z-0.125000
G01 X75.145000 Y78.511000 Z-0.125000
G01 X76.749200 Y76.577000 Z-0.125000
G01 X77.202300 Y75.883000 Z-0.125000
G01 X77.485100 Y75.107000 Z-0.125000
G01 X77.543800 Y74.295000 Z-0.125000
G01 X77.324500 Y73.493000 Z-0.125000
G01 X77.107700 Y71.749000 Z-0.125000
G01 X77.390000 Y70.014000 Z-0.125000
G01 X78.065800 Y68.369000 Z-0.125000
G01 X79.029400 Y66.899000 Z-0.125000
G01 X79.718000 Y66.169000 Z-0.125000
G01 X80.511400 Y65.579000 Z-0.125000
G01 X82.327800 Y64.794000 Z-0.125000
G01 X84.308900 Y64.503000 Z-0.125000
G01 X86.285000 Y64.668000 Z-0.125000
G01 X87.344900 Y64.990000 Z-0.125000
G01 X88.312300 Y65.486000 Z-0.125000
G01 X89.182300 Y66.132000 Z-0.125000
G01 X89.950300 Y66.905000 Z-0.125000
G01 X91.161500 Y68.736000 Z-0.125000
G01 X91.908200 Y70.790000 Z-0.125000
G01 X92.337200 Y72.476000 Z-0.125000
G01 X92.851600 Y74.136000 Z-0.125000
G01 X93.250500 Y72.195000 Z-0.125000
G01 X93.573300 Y70.216000 Z-0.125000
G01 X94.107000 Y68.317000 Z-0.125000
G01 X94.542600 Y67.436000 Z-0.125000
G01 X95.138500 Y66.621000 Z-0.125000
G01 X95.903600 Y65.896000 Z-0.125000
G01 X96.772300 Y65.335000 Z-0.125000
G01 X97.721900 Y64.928000 Z-0.125000
G01 X98.729700 Y64.663000 Z-0.125000
G01 X100.829000 Y64.514000 Z-0.125000
G01 X102.888000 Y64.800000 Z-0.125000
G01 X103.721000 Y65.070000 Z-0.125000
G01 X104.478000 Y65.471000 Z-0.125000
G01 X105.761000 Y66.597000 Z-0.125000
G01 X106.727000 Y68.033000 Z-0.125000
G01 X107.371000 Y69.632000 Z-0.125000
G01 X108.738000 Y74.151000 Z-0.125000
G01 X109.508000 Y70.474000 Z-0.125000
G01 X110.106000 Y68.712000 Z-0.125000
G01 X111.108000 Y67.126000 Z-0.125000
G01 X111.937000 Y66.235000 Z-0.125000
G01 X112.909000 Y65.509000 Z-0.125000
G01 X113.989000 Y64.958000 Z-0.125000
G01 X115.145000 Y64.590000 Z-0.125000
G01 X116.343000 Y64.417000 Z-0.125000
G01 X117.551000 Y64.449000 Z-0.125000
G01 X118.735000 Y64.694000 Z-0.125000
G01 X119.863000 Y65.163000 Z-0.125000
G01 X120.904000 Y65.809000 Z-0.125000
G01 X121.850000 Y66.594000 Z-0.125000
G01 X122.687000 Y67.497000 Z-0.125000
G01 X123.397000 Y68.493000 Z-0.125000
G01 X123.730000 Y69.831000 Z-0.125000
G01 X123.722000 Y71.209000 Z-0.125000
G01 X123.513000 Y73.984000 Z-0.125000
G01 X123.563000 Y74.746000 Z-0.125000
G01 X123.756000 Y75.457000 Z-0.125000
G01 X124.463000 Y76.754000 Z-0.125000
G01 X126.434000 Y79.022000 Z-0.125000
G01 X128.804000 Y81.546000 Z-0.125000
G01 X131.001000 Y84.226000 Z-0.125000
G01 X132.990000 Y87.065000 Z-0.125000
G01 X134.734000 Y90.067000 Z-0.125000
G01 X136.021000 Y92.684000 Z-0.125000
G01 X137.131000 Y95.377000 Z-0.125000
G01 X138.066000 Y98.133000 Z-0.125000
G01 X138.826000 Y100.941000 Z-0.125000
G01 X139.410000 Y103.791900 Z-0.125000
G01 X139.820000 Y106.673600 Z-0.125000
G01 X140.054000 Y109.575600 Z-0.125000
G01 X140.114000 Y112.486800 Z-0.125000
G01 X139.999000 Y115.396500 Z-0.125000
G01 X139.711000 Y118.293800 Z-0.125000
G01 X139.248000 Y121.167800 Z-0.125000
G01 X138.612000 Y124.007700 Z-0.125000
G01 X137.802000 Y126.802600 Z-0.125000
G01 X136.820000 Y129.541600 Z-0.125000
G01 X135.664000 Y132.213800 Z-0.125000
G01 X134.335000 Y134.808500 Z-0.125000
G01 X132.536000 Y137.780800 Z-0.125000
G01 X130.502000 Y140.609600 Z-0.125000
G01 X128.247000 Y143.273500 Z-0.125000
G01 X125.785000 Y145.751100 Z-0.125000
G01 X123.129000 Y148.021100 Z-0.125000
G01 X120.292000 Y150.062200 Z-0.125000
G01 X117.288000 Y151.853000 Z-0.125000
G01 X114.131000 Y153.372200 Z-0.125000
G01 X110.659000 Y154.635000 Z-0.125000
G01 X107.068000 Y155.528100 Z-0.125000
G01 X103.398000 Y156.035600 Z-0.125000
G01 X99.687500 Y156.141400 Z-0.125000
G01 X99.687500 Y156.141400 Z-0.125000
G00 Z5.000000

(End cutting path id: path3)


(Start cutting path id: path3)
(Change tool to Default tool)

G00 Z5.000000
G00 X83.466800 Y123.471500

G01 Z-0.125000 F100.0(Penetrate)
G01 X85.016000 Y123.399000 Z-0.125000 F400.000000
G01 X86.531900 Y123.095300 Z-0.125000
G01 X87.989500 Y122.577600 Z-0.125000
G01 X89.363800 Y121.863300 Z-0.125000
G01 X90.629900 Y120.969500 Z-0.125000
G01 X91.762800 Y119.913400 Z-0.125000
G01 X92.737600 Y118.712400 Z-0.125000
G01 X93.529300 Y117.383600 Z-0.125000
G01 X93.982200 Y115.945400 Z-0.125000
G01 X93.979400 Y114.449500 Z-0.125000
G01 X93.549000 Y113.013400 Z-0.125000
G01 X92.719200 Y111.754900 Z-0.125000
G01 X90.935600 Y110.115300 Z-0.125000
G01 X88.872800 Y108.857600 Z-0.125000
G01 X86.647400 Y107.866800 Z-0.125000
G01 X84.375800 Y107.027800 Z-0.125000
G01 X82.884000 Y106.197900 Z-0.125000
G01 X81.539800 Y105.120400 Z-0.125000
G01 X80.450900 Y103.805300 Z-0.125000
G01 X79.725300 Y102.262000 Z-0.125000
G01 X79.556200 Y101.001000 Z-0.125000
G01 X79.304100 Y100.447000 Z-0.125000
G01 X78.777300 Y100.102000 Z-0.125000
G01 X77.791800 Y100.159000 Z-0.125000
G01 X76.883000 Y100.546000 Z-0.125000
G01 X75.272200 Y101.741000 Z-0.125000
G01 X74.211800 Y102.742000 Z-0.125000
G01 X73.210700 Y103.825200 Z-0.125000
G01 X72.434800 Y105.045300 Z-0.125000
G01 X72.050100 Y106.455500 Z-0.125000
G01 X71.891900 Y109.962700 Z-0.125000
G01 X71.971300 Y113.475400 Z-0.125000
G01 X72.125300 Y114.754600 Z-0.125000
G01 X72.523200 Y115.969900 Z-0.125000
G01 X73.127400 Y117.102000 Z-0.125000
G01 X73.900400 Y118.131400 Z-0.125000
G01 X75.788500 Y120.252200 Z-0.125000
G01 X76.885000 Y121.154000 Z-0.125000
G01 X78.069000 Y121.929800 Z-0.125000
G01 X79.329800 Y122.564700 Z-0.125000
G01 X80.656800 Y123.043300 Z-0.125000
G01 X82.039400 Y123.350600 Z-0.125000
G01 X83.466800 Y123.471500 Z-0.125000
G01 X83.466800 Y123.471500 Z-0.125000
G00 Z5.000000

(End cutting path id: path3)


(Start cutting path id: path3)
(Change tool to Default tool)

G00 Z5.000000
G00 X74.591300 Y118.670200

G01 Z-0.125000 F100.0(Penetrate)
G01 X61.581000 Y105.659900 Z-0.125000 F400.000000
G01 X61.377800 Y105.339800 Z-0.125000
G01 X61.323700 Y105.028500 Z-0.125000
G01 X61.409900 Y104.857500 Z-0.125000
G01 X61.627700 Y104.958300 Z-0.125000
G01 X72.430500 Y115.761100 Z-0.125000
G01 X72.575400 Y115.789000 Z-0.125000
G01 X72.501200 Y115.457700 Z-0.125000
G01 X72.010700 Y114.593000 Z-0.125000
G01 X61.688900 Y104.271100 Z-0.125000
G01 X61.490600 Y103.955900 Z-0.125000
G01 X61.447400 Y103.655400 Z-0.125000
G01 X61.544400 Y103.495200 Z-0.125000
G01 X61.767100 Y103.601000 Z-0.125000
G01 X71.869200 Y113.703100 Z-0.125000
G01 X72.069500 Y113.786400 Z-0.125000
G01 X72.117300 Y113.577000 Z-0.125000
G01 X71.804100 Y112.889600 Z-0.125000
G01 X61.864200 Y102.950000 Z-0.125000
G01 X61.672400 Y102.641000 Z-0.125000
G01 X61.643400 Y102.355000 Z-0.125000
G01 X61.754600 Y102.209000 Z-0.125000
G01 X61.983800 Y102.321000 Z-0.125000
G01 X71.773000 Y112.110100 Z-0.125000
G01 X71.981200 Y112.201500 Z-0.125000
G01 X72.046600 Y112.009600 Z-0.125000
G01 X71.758900 Y111.347700 Z-0.125000
G01 X62.121300 Y101.710000 Z-0.125000
G01 X61.934700 Y101.407000 Z-0.125000
G01 X61.917200 Y101.132000 Z-0.125000
G01 X62.040000 Y100.997000 Z-0.125000
G01 X62.274400 Y101.115000 Z-0.125000
G01 X71.753700 Y110.594100 Z-0.125000
G01 X71.964200 Y110.687700 Z-0.125000
G01 X72.034400 Y110.500700 Z-0.125000
G01 X71.753900 Y109.846000 Z-0.125000
G01 X62.440400 Y100.532000 Z-0.125000
G01 X62.257400 Y100.233000 Z-0.125000
G01 X62.247700 Y99.966000 Z-0.125000
G01 X62.378300 Y99.839000 Z-0.125000
G01 X62.616300 Y99.960000 Z-0.125000
G01 X71.758100 Y109.101900 Z-0.125000
G01 X71.970300 Y109.197100 Z-0.125000
G01 X72.044200 Y109.013800 Z-0.125000
G01 X71.769000 Y108.364400 Z-0.125000
G01 X62.802400 Y99.398000 Z-0.125000
G01 X62.621800 Y99.100000 Z-0.125000
G01 X62.617600 Y98.839000 Z-0.125000
G01 X62.753600 Y98.718000 Z-0.125000
G01 X62.994000 Y98.841000 Z-0.125000
G01 X71.812700 Y107.659700 Z-0.125000
G01 X72.024800 Y107.755000 Z-0.125000
G01 X72.098700 Y107.571600 Z-0.125000
G01 X71.823500 Y106.922200 Z-0.125000
G01 X63.188700 Y98.287000 Z-0.125000
G01 X63.009400 Y97.991000 Z-0.125000
G01 X63.007600 Y97.732000 Z-0.125000
G01 X63.146200 Y97.613000 Z-0.125000
G01 X63.387800 Y97.738000 Z-0.125000
G01 X71.893500 Y106.243800 Z-0.125000
G01 X72.121400 Y106.354800 Z-0.125000
G01 X72.229900 Y106.206000 Z-0.125000
G01 X72.198000 Y105.916900 Z-0.125000
G01 X72.005000 Y105.607000 Z-0.125000
G01 X63.588500 Y97.191000 Z-0.125000
G01 X63.409800 Y96.895000 Z-0.125000
G01 X63.409600 Y96.637000 Z-0.125000
G01 X63.549700 Y96.520000 Z-0.125000
G01 X63.791900 Y96.646000 Z-0.125000
G01 X72.179300 Y105.032900 Z-0.125000
G01 X72.426400 Y105.163100 Z-0.125000
G01 X72.577200 Y105.056700 Z-0.125000
G01 X72.587700 Y104.809900 Z-0.125000
G01 X72.413900 Y104.519200 Z-0.125000
G01 X63.995300 Y96.101000 Z-0.125000
G01 X63.817400 Y95.806000 Z-0.125000
G01 X63.818900 Y95.550000 Z-0.125000
G01 X63.960700 Y95.435000 Z-0.125000
G01 X64.203700 Y95.561000 Z-0.125000
G01 X72.702900 Y104.059900 Z-0.125000
G01 X72.964100 Y104.204100 Z-0.125000
G01 X73.145900 Y104.128600 Z-0.125000
G01 X73.187300 Y103.912800 Z-0.125000
G01 X73.027600 Y103.636100 Z-0.125000
G01 X64.413600 Y95.022000 Z-0.125000
G01 X64.236300 Y94.728000 Z-0.125000
G01 X64.239000 Y94.473000 Z-0.125000
G01 X64.382100 Y94.359000 Z-0.125000
G01 X64.625700 Y94.486000 Z-0.125000
G01 X73.376200 Y103.236400 Z-0.125000
G01 X73.643400 Y103.386700 Z-0.125000
G01 X73.838500 Y103.324500 Z-0.125000
G01 X73.893200 Y103.122000 Z-0.125000
G01 X73.739400 Y102.851000 Z-0.125000
G01 X64.843400 Y93.955000 Z-0.125000
G01 X64.665900 Y93.661000 Z-0.125000
G01 X64.668400 Y93.406000 Z-0.125000
G01 X64.811300 Y93.292000 Z-0.125000
G01 X65.054800 Y93.418000 Z-0.125000
G01 X74.110300 Y102.474000 Z-0.125000
G01 X74.379800 Y102.626000 Z-0.125000
G01 X74.579900 Y102.569000 Z-0.125000
G01 X74.639700 Y102.372000 Z-0.125000
G01 X74.488300 Y102.103000 Z-0.125000
G01 X65.287100 Y92.902000 Z-0.125000
G01 X65.112100 Y92.610000 Z-0.125000
G01 X65.120000 Y92.361000 Z-0.125000
G01 X65.268100 Y92.252000 Z-0.125000
G01 X65.514000 Y92.381000 Z-0.125000
G01 X74.874300 Y101.741000 Z-0.125000
G01 X75.147000 Y101.897000 Z-0.125000
G01 X75.353900 Y101.846000 Z-0.125000
G01 X75.420500 Y101.656000 Z-0.125000
G01 X75.272200 Y101.391000 Z-0.125000
G01 X65.745800 Y91.864000 Z-0.125000
G01 X65.572500 Y91.574000 Z-0.125000
G01 X65.584000 Y91.328000 Z-0.125000
G01 X65.735800 Y91.223000 Z-0.125000
G01 X65.983400 Y91.353000 Z-0.125000
G01 X75.685300 Y101.055000 Z-0.125000
G01 X75.963200 Y101.216000 Z-0.125000
G01 X76.181900 Y101.178000 Z-0.125000
G01 X76.260300 Y100.999000 Z-0.125000
G01 X76.117300 Y100.739000 Z-0.125000
G01 X66.226100 Y90.848000 Z-0.125000
G01 X66.054400 Y90.559000 Z-0.125000
G01 X66.069600 Y90.317000 Z-0.125000
G01 X66.225100 Y90.215000 Z-0.125000
G01 X66.474300 Y90.348000 Z-0.125000
G01 X76.572000 Y100.445000 Z-0.125000
G01 X76.859000 Y100.615000 Z-0.125000
G01 X77.097400 Y100.597000 Z-0.125000
G01 X77.195600 Y100.438000 Z-0.125000
G01 X77.061600 Y100.187000 Z-0.125000
G01 X66.728300 Y89.853000 Z-0.125000
G01 X66.558500 Y89.567000 Z-0.125000
G01 X66.577700 Y89.329000 Z-0.125000
G01 X66.737300 Y89.231000 Z-0.125000
G01 X66.988400 Y89.365000 Z-0.125000
G01 X77.606400 Y99.983000 Z-0.125000
G01 X78.253500 Y100.256000 Z-0.125000
G01 X78.435300 Y100.180000 Z-0.125000
G01 X78.339300 Y99.968000 Z-0.125000
G01 X67.254600 Y88.883000 Z-0.125000
G01 X67.086700 Y88.598000 Z-0.125000
G01 X67.110200 Y88.364000 Z-0.125000
G01 X67.274100 Y88.271000 Z-0.125000
G01 X67.527200 Y88.407000 Z-0.125000
G01 X87.179800 Y108.059700 Z-0.125000
G01 X87.194400 Y108.191300 Z-0.125000
G01 X86.833600 Y108.087800 Z-0.125000
G01 X85.926200 Y107.554600 Z-0.125000
G01 X79.678400 Y101.307000 Z-0.125000
G01 X79.485600 Y101.231000 Z-0.125000
G01 X79.454200 Y101.457000 Z-0.125000
G01 X79.791300 Y102.168000 Z-0.125000
G01 X84.765300 Y107.141900 Z-0.125000
G01 X84.780600 Y107.274200 Z-0.125000
G01 X84.421300 Y107.172100 Z-0.125000
G01 X83.516000 Y106.641100 Z-0.125000
G01 X79.790200 Y102.915000 Z-0.125000
G00 Z5.000000

(End cutting path id: path3)


(Start cutting path id: path3)
(Change tool to Default tool)

G00 Z5.000000
G00 X61.231000 Y134.495800

G01 Z-0.125000 F100.0(Penetrate)
G01 X62.770000 Y136.034800 Z-0.125000 F400.000000
G00 Z5.000000

(End cutting path id: path3)


(Start cutting path id: path3)
(Change tool to Default tool)

G00 Z5.000000
G00 X52.859500 Y141.636900

G01 Z-0.125000 F100.0(Penetrate)
G01 X44.725000 Y149.038100 Z-0.125000 F400.000000
G01 X41.491200 Y148.547400 Z-0.125000
G01 X38.447200 Y148.319300 Z-0.125000
G01 X35.385500 Y148.529900 Z-0.125000
G01 X32.375200 Y149.150300 Z-0.125000
G01 X29.484900 Y150.151600 Z-0.125000
G01 X26.783500 Y151.504600 Z-0.125000
G01 X24.339900 Y153.180600 Z-0.125000
G01 X22.222800 Y155.150400 Z-0.125000
G01 X20.501000 Y157.385200 Z-0.125000
G01 X19.412900 Y159.373100 Z-0.125000
G01 X18.460600 Y161.638300 Z-0.125000
G01 X17.675300 Y164.031000 Z-0.125000
G01 X17.087900 Y166.401400 Z-0.125000
G01 X16.729500 Y168.599900 Z-0.125000
G01 X16.630900 Y170.476700 Z-0.125000
G01 X16.823200 Y171.882000 Z-0.125000
G01 X17.038200 Y172.361100 Z-0.125000
G01 X17.337500 Y172.666200 Z-0.125000
G01 X17.956600 Y172.501700 Z-0.125000
G01 X19.148200 Y171.748600 Z-0.125000
G01 X22.562800 Y168.962300 Z-0.125000
G01 X28.982300 Y163.165500 Z-0.125000
G01 X30.845100 Y161.485900 Z-0.125000
G01 X37.991500 Y169.507200 Z-0.125000
G01 X45.327700 Y178.025600 Z-0.125000
G01 X44.882800 Y178.670300 Z-0.125000
G01 X43.531100 Y180.058500 Z-0.125000
G01 X38.945000 Y184.248500 Z-0.125000
G01 X32.372300 Y189.974600 Z-0.125000
G01 X35.151400 Y190.576100 Z-0.125000
G01 X36.590200 Y190.769600 Z-0.125000
G01 X38.220200 Y190.784600 Z-0.125000
G01 X41.828500 Y190.325100 Z-0.125000
G01 X45.525700 Y189.289800 Z-0.125000
G01 X47.266800 Y188.585100 Z-0.125000
G01 X48.861200 Y187.771000 Z-0.125000
G01 X51.109800 Y186.253000 Z-0.125000
G01 X53.141000 Y184.432800 Z-0.125000
G01 X54.930100 Y182.353100 Z-0.125000
G01 X56.452400 Y180.056700 Z-0.125000
G01 X57.683100 Y177.586300 Z-0.125000
G01 X58.597600 Y174.984800 Z-0.125000
G01 X59.171100 Y172.294900 Z-0.125000
G01 X59.379000 Y169.559300 Z-0.125000
G01 X59.400800 Y166.211900 Z-0.125000
G01 X67.527300 Y159.004500 Z-0.125000
G01 X75.653700 Y151.797200 Z-0.125000
G01 X71.134400 Y147.112400 Z-0.125000
G01 X69.195200 Y144.966400 Z-0.125000
G01 X67.255800 Y142.586500 Z-0.125000
G01 X65.541400 Y140.262200 Z-0.125000
G01 X64.276900 Y138.283500 Z-0.125000
G01 X62.487000 Y135.370800 Z-0.125000
G01 X61.834600 Y134.495700 Z-0.125000
G01 X61.467000 Y134.187500 Z-0.125000
G01 X58.744300 Y136.395900 Z-0.125000
G01 X52.860700 Y141.636900 Z-0.125000
G01 X52.859500 Y141.636900 Z-0.125000
G00 Z5.000000

(End cutting path id: path3)


(Start cutting path id: path3)
(Change tool to Default tool)

G00 Z5.000000
G00 X16.840700 Y171.676100

G01 Z-0.125000 F100.0(Penetrate)
G01 X17.379000 Y172.214400 Z-0.125000 F400.000000
G01 X17.666800 Y172.385300 Z-0.125000
G01 X17.907000 Y172.368200 Z-0.125000
G01 X18.006900 Y172.210900 Z-0.125000
G01 X17.873700 Y171.960800 Z-0.125000
G01 X17.063200 Y171.150200 Z-0.125000
G01 X16.771300 Y170.484200 Z-0.125000
G01 X16.833700 Y170.289300 Z-0.125000
G01 X17.040600 Y170.379300 Z-0.125000
G01 X18.333500 Y171.672200 Z-0.125000
G01 X18.613500 Y171.835300 Z-0.125000
G01 X18.836700 Y171.801200 Z-0.125000
G01 X18.919600 Y171.626900 Z-0.125000
G01 X18.778600 Y171.369000 Z-0.125000
G01 X17.073200 Y169.663600 Z-0.125000
G01 X16.870800 Y169.344200 Z-0.125000
G01 X16.818400 Y169.034600 Z-0.125000
G01 X16.906300 Y168.865200 Z-0.125000
G01 X17.124800 Y168.966800 Z-0.125000
G01 X19.211700 Y171.053700 Z-0.125000
G01 X19.488600 Y171.213600 Z-0.125000
G01 X19.704800 Y171.172600 Z-0.125000
G01 X19.780700 Y170.991300 Z-0.125000
G01 X19.636600 Y170.730300 Z-0.125000
G01 X17.217100 Y168.310800 Z-0.125000
G01 X17.022500 Y167.999300 Z-0.125000
G01 X16.987400 Y167.706800 Z-0.125000
G01 X17.092500 Y167.554800 Z-0.125000
G01 X17.318900 Y167.664200 Z-0.125000
G01 X20.054500 Y170.399800 Z-0.125000
G01 X20.329900 Y170.558200 Z-0.125000
G01 X20.542800 Y170.514000 Z-0.125000
G01 X20.615500 Y170.329400 Z-0.125000
G01 X20.469900 Y170.066900 Z-0.125000
G01 X17.434700 Y167.031700 Z-0.125000
G01 X17.244300 Y166.724300 Z-0.125000
G01 X17.218100 Y166.440900 Z-0.125000
G01 X17.332300 Y166.297800 Z-0.125000
G01 X17.562800 Y166.411400 Z-0.125000
G01 X20.877300 Y169.725900 Z-0.125000
G01 X21.151400 Y169.883100 Z-0.125000
G01 X21.361500 Y169.835900 Z-0.125000
G01 X21.431200 Y169.648400 Z-0.125000
G01 X21.284300 Y169.384600 Z-0.125000
G01 X17.701900 Y165.802100 Z-0.125000
G01 X17.514700 Y165.498000 Z-0.125000
G01 X17.495800 Y165.221900 Z-0.125000
G01 X17.617300 Y165.086100 Z-0.125000
G01 X17.851100 Y165.202900 Z-0.125000
G01 X21.682100 Y169.034000 Z-0.125000
G01 X21.954800 Y169.189700 Z-0.125000
G01 X22.161700 Y169.139400 Z-0.125000
G01 X22.228300 Y168.948700 Z-0.125000
G01 X22.080000 Y168.683500 Z-0.125000
G01 X18.009600 Y164.613100 Z-0.125000
G01 X17.825300 Y164.311900 Z-0.125000
G01 X17.812700 Y164.042100 Z-0.125000
G01 X17.940400 Y163.912500 Z-0.125000
G01 X18.177100 Y164.032200 Z-0.125000
G01 X22.474500 Y168.329700 Z-0.125000
G01 X22.746400 Y168.484700 Z-0.125000
G01 X22.951800 Y168.432800 Z-0.125000
G01 X23.016800 Y168.240500 Z-0.125000
G01 X22.867800 Y167.974600 Z-0.125000
G01 X18.353100 Y163.459900 Z-0.125000
G01 X18.171400 Y163.161300 Z-0.125000
G01 X18.164600 Y162.897300 Z-0.125000
G01 X18.298200 Y162.773600 Z-0.125000
G01 X18.537500 Y162.895900 Z-0.125000
G01 X23.261000 Y167.619500 Z-0.125000
G01 X23.532900 Y167.774500 Z-0.125000
G01 X23.738300 Y167.722600 Z-0.125000
G01 X23.803300 Y167.530300 Z-0.125000
G01 X23.654300 Y167.264400 Z-0.125000
G01 X18.730200 Y162.340300 Z-0.125000
G01 X18.551100 Y162.044300 Z-0.125000
G01 X18.550000 Y161.786000 Z-0.125000
G01 X18.689300 Y161.668000 Z-0.125000
G01 X18.931200 Y161.792900 Z-0.125000
G01 X24.047500 Y166.909300 Z-0.125000
G01 X24.319400 Y167.064300 Z-0.125000
G01 X24.524800 Y167.012400 Z-0.125000
G01 X24.589800 Y166.820100 Z-0.125000
G01 X24.440800 Y166.554200 Z-0.125000
G01 X19.140600 Y161.254000 Z-0.125000
G01 X18.964200 Y160.960700 Z-0.125000
G01 X18.969100 Y160.708300 Z-0.125000
G01 X19.114200 Y160.596200 Z-0.125000
G01 X19.358800 Y160.723800 Z-0.125000
G01 X24.834000 Y166.199100 Z-0.125000
G01 X25.106000 Y166.354100 Z-0.125000
G01 X25.311300 Y166.302200 Z-0.125000
G01 X25.376300 Y166.109900 Z-0.125000
G01 X25.227300 Y165.844000 Z-0.125000
G01 X19.585900 Y160.202600 Z-0.125000
G01 X19.412400 Y159.912200 Z-0.125000
G01 X19.423700 Y159.666200 Z-0.125000
G01 X19.575200 Y159.560400 Z-0.125000
G01 X19.822600 Y159.691000 Z-0.125000
G01 X25.620500 Y165.488900 Z-0.125000
G01 X25.892500 Y165.643900 Z-0.125000
G01 X26.097800 Y165.592000 Z-0.125000
G01 X26.162800 Y165.399700 Z-0.125000
G01 X26.013800 Y165.133800 Z-0.125000
G01 X20.069500 Y159.189500 Z-0.125000
G01 X19.899300 Y158.902400 Z-0.125000
G01 X19.917800 Y158.663600 Z-0.125000
G01 X20.076600 Y158.565200 Z-0.125000
G01 X20.327400 Y158.699000 Z-0.125000
G01 X26.407000 Y164.778700 Z-0.125000
G01 X26.679000 Y164.933700 Z-0.125000
G01 X26.884300 Y164.881800 Z-0.125000
G01 X26.949300 Y164.689500 Z-0.125000
G01 X26.800300 Y164.423600 Z-0.125000
G01 X20.597400 Y158.220600 Z-0.125000
G01 X20.431200 Y157.937500 Z-0.125000
G01 X20.458500 Y157.707600 Z-0.125000
G01 X20.626100 Y157.617900 Z-0.125000
G01 X20.880900 Y157.755800 Z-0.125000
G01 X27.193600 Y164.068500 Z-0.125000
G01 X27.465500 Y164.223500 Z-0.125000
G01 X27.670800 Y164.171600 Z-0.125000
G01 X27.735800 Y163.979300 Z-0.125000
G01 X27.586800 Y163.713400 Z-0.125000
G01 X21.179300 Y157.305900 Z-0.125000
G01 X21.017800 Y157.027400 Z-0.125000
G01 X21.055300 Y156.807700 Z-0.125000
G01 X21.233200 Y156.728300 Z-0.125000
G01 X21.492600 Y156.870800 Z-0.125000
G01 X27.980100 Y163.358300 Z-0.125000
G01 X28.252000 Y163.513300 Z-0.125000
G01 X28.457300 Y163.461300 Z-0.125000
G01 X28.522300 Y163.269100 Z-0.125000
G01 X28.373300 Y163.003200 Z-0.125000
G01 X21.816100 Y156.446000 Z-0.125000
G01 X21.658000 Y156.170900 Z-0.125000
G01 X21.702900 Y155.958600 Z-0.125000
G01 X21.888200 Y155.886600 Z-0.125000
G01 X22.151000 Y156.032500 Z-0.125000
G01 X28.766700 Y162.648200 Z-0.125000
G01 X29.038600 Y162.803200 Z-0.125000
G01 X29.244100 Y162.751400 Z-0.125000
G01 X29.309200 Y162.559200 Z-0.125000
G01 X29.160200 Y162.293300 Z-0.125000
G01 X22.501000 Y155.634200 Z-0.125000
G01 X22.347000 Y155.363200 Z-0.125000
G01 X22.400900 Y155.159900 Z-0.125000
G01 X22.595200 Y155.096900 Z-0.125000
G01 X22.862100 Y155.246900 Z-0.125000
G01 X29.553700 Y161.938500 Z-0.125000
G01 X29.825700 Y162.093500 Z-0.125000
G01 X30.031100 Y162.041700 Z-0.125000
G01 X30.096200 Y161.849600 Z-0.125000
G01 X29.947200 Y161.583700 Z-0.125000
G01 X23.233100 Y154.869600 Z-0.125000
G01 X23.082200 Y154.601700 Z-0.125000
G01 X23.142900 Y154.405100 Z-0.125000
G01 X23.343900 Y154.348900 Z-0.125000
G01 X23.613900 Y154.501900 Z-0.125000
G01 X30.621400 Y161.509500 Z-0.125000
G00 Z5.000000

(End cutting path id: path3)


(Footer)
M5
G00 X0.0000 Y0.0000
M2
(Using default footer. To add your own footer create file "footer" in the output dir.)
(end)
%