%
(Header)
(Generated by gcodetools from Inkscape.)
(Using default header. To add your own header create file "header" in the output dir.)
M3
(Header end.)
G21 (All units in mm)

(Start cutting path id: path8334)
(Change tool to Default tool)

G00 Z5.000000
G00 X-55.346800 Y193.397610

G01 Z-0.125000 F100.0(Penetrate)
G01 X-55.544300 Y193.200050 Z-0.125000 F400.000000
G01 X-55.639400 Y193.005600 Z-0.125000
G01 X-55.571900 Y192.854400 Z-0.125000
G01 X-55.405700 Y192.802000 Z-0.125000
G01 X-55.204400 Y192.903900 Z-0.125000
G01 X-54.773500 Y193.334750 Z-0.125000
G01 X-54.129600 Y193.660640 Z-0.125000
G01 X-53.910500 Y193.661060 Z-0.125000
G01 X-53.962700 Y193.509460 Z-0.125000
G01 X-54.823400 Y192.648700 Z-0.125000
G01 X-54.949200 Y192.423500 Z-0.125000
G01 X-54.892000 Y192.262100 Z-0.125000
G01 X-54.715500 Y192.219900 Z-0.125000
G01 X-54.483500 Y192.352600 Z-0.125000
G01 X-53.152900 Y193.683160 Z-0.125000
G01 X-52.594800 Y193.923200 Z-0.125000
G01 X-52.434700 Y193.864600 Z-0.125000
G01 X-52.513800 Y193.686170 Z-0.125000
G01 X-54.143600 Y192.056400 Z-0.125000
G01 X-54.269300 Y191.831200 Z-0.125000
G01 X-54.212100 Y191.669800 Z-0.125000
G01 X-54.035600 Y191.627600 Z-0.125000
G01 X-53.803600 Y191.760200 Z-0.125000
G01 X-51.861900 Y193.701930 Z-0.125000
G01 X-51.311400 Y193.934360 Z-0.125000
G01 X-51.156600 Y193.870530 Z-0.125000
G01 X-51.238000 Y193.689720 Z-0.125000
G01 X-53.463700 Y191.464100 Z-0.125000
G01 X-53.589500 Y191.238900 Z-0.125000
G01 X-53.532200 Y191.077500 Z-0.125000
G01 X-53.355800 Y191.035300 Z-0.125000
G01 X-53.123700 Y191.167900 Z-0.125000
G01 X-50.638400 Y193.653230 Z-0.125000
G01 X-50.108100 Y193.865490 Z-0.125000
G01 X-49.967100 Y193.787800 Z-0.125000
G01 X-50.054900 Y193.600680 Z-0.125000
G01 X-52.783800 Y190.871800 Z-0.125000
G01 X-52.909600 Y190.646600 Z-0.125000
G01 X-52.852400 Y190.485100 Z-0.125000
G01 X-52.675900 Y190.443000 Z-0.125000
G01 X-52.443800 Y190.575600 Z-0.125000
G01 X-49.488500 Y193.530920 Z-0.125000
G01 X-48.973000 Y193.728400 Z-0.125000
G01 X-48.842200 Y193.640530 Z-0.125000
G01 X-48.934500 Y193.448800 Z-0.125000
G01 X-52.103900 Y190.279400 Z-0.125000
G01 X-52.229700 Y190.054300 Z-0.125000
G01 X-52.172500 Y189.892800 Z-0.125000
G01 X-51.996000 Y189.850700 Z-0.125000
G01 X-51.764000 Y189.983300 Z-0.125000
G01 X-48.395300 Y193.351920 Z-0.125000
G01 X-47.890400 Y193.538780 Z-0.125000
G01 X-47.766900 Y193.443620 Z-0.125000
G01 X-47.862600 Y193.248570 Z-0.125000
G01 X-51.424000 Y189.687100 Z-0.125000
G01 X-51.549800 Y189.461900 Z-0.125000
G01 X-51.492600 Y189.300500 Z-0.125000
G01 X-51.316100 Y189.258300 Z-0.125000
G01 X-51.084100 Y189.391000 Z-0.125000
G01 X-47.342600 Y193.132500 Z-0.125000
G01 X-46.848700 Y193.308330 Z-0.125000
G01 X-46.732700 Y193.205600 Z-0.125000
G01 X-46.831800 Y193.007100 Z-0.125000
G01 X-50.744100 Y189.094800 Z-0.125000
G01 X-50.869900 Y188.869600 Z-0.125000
G01 X-50.812700 Y188.708200 Z-0.125000
G01 X-50.636200 Y188.666000 Z-0.125000
G01 X-50.404200 Y188.798600 Z-0.125000
G01 X-46.326200 Y192.876600 Z-0.125000
G01 X-45.842800 Y193.042000 Z-0.125000
G01 X-45.734100 Y192.932000 Z-0.125000
G01 X-45.836500 Y192.730200 Z-0.125000
G01 X-50.064200 Y188.502500 Z-0.125000
G01 X-50.190300 Y188.277100 Z-0.125000
G01 X-50.133600 Y188.115100 Z-0.125000
G01 X-49.957600 Y188.072400 Z-0.125000
G01 X-49.725900 Y188.204800 Z-0.125000
G01 X-45.349200 Y192.581400 Z-0.125000
G01 X-45.095900 Y192.735300 Z-0.125000
G01 X-44.872600 Y192.739900 Z-0.125000
G01 X-44.768600 Y192.625300 Z-0.125000
G01 X-44.873100 Y192.421400 Z-0.125000
G01 X-49.387800 Y187.906800 Z-0.125000
G01 X-49.513900 Y187.681300 Z-0.125000
G01 X-49.457300 Y187.519200 Z-0.125000
G01 X-49.281400 Y187.476400 Z-0.125000
G01 X-49.049700 Y187.608700 Z-0.125000
G01 X-44.405300 Y192.253100 Z-0.125000
G01 X-44.154600 Y192.404400 Z-0.125000
G01 X-43.937100 Y192.403300 Z-0.125000
G01 X-43.838800 Y192.282900 Z-0.125000
G01 X-43.945900 Y192.076400 Z-0.125000
G01 X-48.712700 Y187.309600 Z-0.125000
G01 X-48.839400 Y187.083500 Z-0.125000
G01 X-48.784100 Y186.920100 Z-0.125000
G01 X-48.609600 Y186.876000 Z-0.125000
G01 X-48.378500 Y187.007800 Z-0.125000
G01 X-43.494900 Y191.891300 Z-0.125000
G01 X-43.247000 Y192.039900 Z-0.125000
G01 X-43.035400 Y192.032800 Z-0.125000
G01 X-42.943000 Y191.906500 Z-0.125000
G01 X-43.052800 Y191.697300 Z-0.125000
G01 X-48.044200 Y186.705900 Z-0.125000
G01 X-48.170900 Y186.479900 Z-0.125000
G01 X-48.115600 Y186.316500 Z-0.125000
G01 X-47.941100 Y186.272400 Z-0.125000
G01 X-47.709900 Y186.404100 Z-0.125000
G01 X-42.620600 Y191.493400 Z-0.125000
G01 X-42.375600 Y191.639000 Z-0.125000
G01 X-42.170600 Y191.625300 Z-0.125000
G01 X-42.084900 Y191.492400 Z-0.125000
G01 X-42.197700 Y191.280200 Z-0.125000
G01 X-47.379700 Y186.098200 Z-0.125000
G01 X-47.507000 Y185.871500 Z-0.125000
G01 X-47.453200 Y185.706700 Z-0.125000
G01 X-47.280100 Y185.661100 Z-0.125000
G01 X-47.049600 Y185.792200 Z-0.125000
G01 X-41.784700 Y191.057100 Z-0.125000
G01 X-41.543000 Y191.199400 Z-0.125000
G01 X-41.345300 Y191.178500 Z-0.125000
G01 X-41.266800 Y191.038300 Z-0.125000
G01 X-41.383000 Y190.822800 Z-0.125000
G01 X-46.719500 Y185.486200 Z-0.125000
G01 X-46.847500 Y185.258800 Z-0.125000
G01 X-46.795300 Y185.092300 Z-0.125000
G01 X-46.623800 Y185.045200 Z-0.125000
G01 X-46.394100 Y185.175500 Z-0.125000
G01 X-40.988900 Y190.580700 Z-0.125000
G01 X-40.749600 Y190.720600 Z-0.125000
G01 X-40.557300 Y190.694300 Z-0.125000
G01 X-40.484200 Y190.548700 Z-0.125000
G01 X-40.602800 Y190.330700 Z-0.125000
G01 X-46.069000 Y184.864600 Z-0.125000
G01 X-46.197300 Y184.636800 Z-0.125000
G01 X-46.145900 Y184.469600 Z-0.125000
G01 X-45.975100 Y184.421700 Z-0.125000
G01 X-45.745700 Y184.551700 Z-0.125000
G01 X-40.229000 Y190.068500 Z-0.125000
G01 X-39.992700 Y190.205300 Z-0.125000
G01 X-39.806900 Y190.172400 Z-0.125000
G01 X-39.740400 Y190.020300 Z-0.125000
G01 X-39.862000 Y189.799300 Z-0.125000
G01 X-45.427300 Y184.234000 Z-0.125000
G01 X-45.556500 Y184.005400 Z-0.125000
G01 X-45.506800 Y183.836500 Z-0.125000
G01 X-45.337800 Y183.786800 Z-0.125000
G01 X-45.109300 Y183.916000 Z-0.125000
G01 X-39.502300 Y189.522900 Z-0.125000
G01 X-39.268500 Y189.657300 Z-0.125000
G01 X-39.088000 Y189.619100 Z-0.125000
G01 X-39.026800 Y189.461700 Z-0.125000
G01 X-39.150800 Y189.238300 Z-0.125000
G01 X-44.799100 Y183.590000 Z-0.125000
G01 X-44.931100 Y183.358600 Z-0.125000
G01 X-44.887500 Y183.183600 Z-0.125000
G01 X-44.724600 Y183.127800 Z-0.125000
G01 X-44.498800 Y183.254200 Z-0.125000
G01 X-38.809000 Y188.944000 Z-0.125000
G01 X-38.577800 Y189.075800 Z-0.125000
G01 X-38.403000 Y189.032000 Z-0.125000
G01 X-38.347400 Y188.868900 Z-0.125000
G01 X-38.474000 Y188.642900 Z-0.125000
G01 X-44.463700 Y182.653200 Z-0.125000
G00 Z5.000000

(End cutting path id: path8334)


(Start cutting path id: path8334)
(Change tool to Default tool)

G00 Z5.000000
G00 X-46.428400 Y180.052400

G01 Z-0.125000 F100.0(Penetrate)
G01 X-38.145600 Y188.335200 Z-0.125000 F400.000000
G01 X-37.916700 Y188.464700 Z-0.125000
G01 X-37.747200 Y188.415500 Z-0.125000
G01 X-37.696900 Y188.247100 Z-0.125000
G01 X-37.825900 Y188.018800 Z-0.125000
G01 X-51.072800 Y174.771900 Z-0.125000
G00 Z5.000000

(End cutting path id: path8334)


(Start cutting path id: path8334)
(Change tool to Default tool)

G00 Z5.000000
G00 X-70.187600 Y177.284500

G01 Z-0.125000 F100.0(Penetrate)
G01 X-70.086800 Y177.385300 Z-0.125000 F400.000000
G01 X-69.745600 Y177.408500 Z-0.125000
G01 X-69.605900 Y177.230200 Z-0.125000
G01 X-70.219400 Y176.616700 Z-0.125000
G01 X-70.488100 Y176.029900 Z-0.125000
G01 X-70.449200 Y175.850100 Z-0.125000
G01 X-70.279700 Y175.920200 Z-0.125000
G01 X-69.339100 Y176.860900 Z-0.125000
G01 X-69.099700 Y177.000800 Z-0.125000
G01 X-68.907100 Y176.974800 Z-0.125000
G01 X-68.833700 Y176.829600 Z-0.125000
G01 X-68.952100 Y176.611700 Z-0.125000
G01 X-70.252100 Y175.311800 Z-0.125000
G01 X-70.489100 Y174.756700 Z-0.125000
G01 X-70.428500 Y174.598700 Z-0.125000
G01 X-70.249100 Y174.678600 Z-0.125000
G01 X-68.578200 Y176.349500 Z-0.125000
G01 X-68.342200 Y176.486100 Z-0.125000
G01 X-68.156800 Y176.452900 Z-0.125000
G01 X-68.090700 Y176.300300 Z-0.125000
G01 X-68.212500 Y176.079200 Z-0.125000
G01 X-70.164800 Y174.126800 Z-0.125000
G01 X-70.366500 Y173.607000 Z-0.125000
G01 X-70.281600 Y173.473300 Z-0.125000
G01 X-70.091100 Y173.564400 Z-0.125000
G01 X-67.850200 Y175.805300 Z-0.125000
G01 X-67.615800 Y175.940300 Z-0.125000
G01 X-67.434100 Y175.903400 Z-0.125000
G01 X-67.371600 Y175.747200 Z-0.125000
G01 X-67.495000 Y175.524400 Z-0.125000
G01 X-70.004300 Y173.015200 Z-0.125000
G01 X-70.193700 Y172.507600 Z-0.125000
G01 X-70.100300 Y172.382400 Z-0.125000
G01 X-69.906100 Y172.477200 Z-0.125000
G01 X-67.141600 Y175.241700 Z-0.125000
G01 X-66.908600 Y175.375300 Z-0.125000
G01 X-66.729900 Y175.335300 Z-0.125000
G01 X-66.670500 Y175.176100 Z-0.125000
G01 X-66.795300 Y174.951900 Z-0.125000
G01 X-69.798100 Y171.949100 Z-0.125000
G01 X-69.978200 Y171.451000 Z-0.125000
G01 X-69.878400 Y171.332100 Z-0.125000
G01 X-69.681200 Y171.429900 Z-0.125000
G01 X-66.449000 Y174.662100 Z-0.125000
G01 X-66.217100 Y174.794600 Z-0.125000
G01 X-66.040900 Y174.752200 Z-0.125000
G01 X-65.983900 Y174.590500 Z-0.125000
G01 X-66.109800 Y174.365200 Z-0.125000
G01 X-69.556200 Y170.918800 Z-0.125000
G01 X-69.728600 Y170.428400 Z-0.125000
G01 X-69.623400 Y170.314900 Z-0.125000
G01 X-69.423800 Y170.415100 Z-0.125000
G01 X-65.771600 Y174.067300 Z-0.125000
G01 X-65.540100 Y174.199400 Z-0.125000
G01 X-65.364700 Y174.156100 Z-0.125000
G01 X-65.308600 Y173.993600 Z-0.125000
G01 X-65.434900 Y173.767900 Z-0.125000
G01 X-69.284200 Y169.918600 Z-0.125000
G01 X-69.449600 Y169.435100 Z-0.125000
G01 X-69.339700 Y169.326400 Z-0.125000
G01 X-69.137900 Y169.428800 Z-0.125000
G01 X-65.100700 Y173.466000 Z-0.125000
G01 X-64.869500 Y173.597800 Z-0.125000
G01 X-64.695000 Y173.553700 Z-0.125000
G01 X-64.639700 Y173.390300 Z-0.125000
G01 X-64.766400 Y173.164200 Z-0.125000
G01 X-68.985000 Y168.945600 Z-0.125000
G01 X-69.138800 Y168.692400 Z-0.125000
G01 X-69.143100 Y168.469400 Z-0.125000
G01 X-69.028200 Y168.365700 Z-0.125000
G01 X-68.824200 Y168.470300 Z-0.125000
G01 X-64.432100 Y172.862400 Z-0.125000
G01 X-64.201000 Y172.994100 Z-0.125000
G01 X-64.026500 Y172.950000 Z-0.125000
G01 X-63.971200 Y172.786600 Z-0.125000
G01 X-64.097900 Y172.560500 Z-0.125000
G01 X-68.657200 Y168.001100 Z-0.125000
G01 X-68.809000 Y167.750000 Z-0.125000
G01 X-68.809000 Y167.531300 Z-0.125000
G01 X-68.689800 Y167.431900 Z-0.125000
G01 X-68.483800 Y167.538500 Z-0.125000
G01 X-63.763600 Y172.258700 Z-0.125000
G01 X-63.532500 Y172.390400 Z-0.125000
G01 X-63.357900 Y172.346300 Z-0.125000
G01 X-63.302700 Y172.182900 Z-0.125000
G01 X-63.429300 Y171.956900 Z-0.125000
G01 X-68.303600 Y167.082600 Z-0.125000
G01 X-68.453300 Y166.833500 Z-0.125000
G01 X-68.448700 Y166.619500 Z-0.125000
G01 X-68.324700 Y166.524700 Z-0.125000
G01 X-68.116600 Y166.633500 Z-0.125000
G01 X-63.095100 Y171.655000 Z-0.125000
G01 X-62.863900 Y171.786800 Z-0.125000
G01 X-62.689400 Y171.742600 Z-0.125000
G01 X-62.634100 Y171.579200 Z-0.125000
G01 X-62.760800 Y171.353200 Z-0.125000
G01 X-67.922500 Y166.191500 Z-0.125000
G01 X-68.069900 Y165.944700 Z-0.125000
G01 X-68.060200 Y165.735700 Z-0.125000
G01 X-67.931300 Y165.646000 Z-0.125000
G01 X-67.720900 Y165.757000 Z-0.125000
G01 X-62.426500 Y171.051300 Z-0.125000
G01 X-62.195400 Y171.183100 Z-0.125000
G01 X-62.020900 Y171.139000 Z-0.125000
G01 X-61.965600 Y170.975600 Z-0.125000
G01 X-62.092300 Y170.749500 Z-0.125000
G01 X-67.511300 Y165.330500 Z-0.125000
G01 X-67.655900 Y165.086500 Z-0.125000
G01 X-67.640000 Y164.883700 Z-0.125000
G01 X-67.504900 Y164.800200 Z-0.125000
G01 X-67.291700 Y164.914000 Z-0.125000
G01 X-61.758000 Y170.447700 Z-0.125000
G01 X-61.526900 Y170.579400 Z-0.125000
G01 X-61.352300 Y170.535300 Z-0.125000
G01 X-61.297100 Y170.371900 Z-0.125000
G01 X-61.423700 Y170.145800 Z-0.125000
G01 X-67.063100 Y164.506500 Z-0.125000
G01 X-67.204600 Y164.265500 Z-0.125000
G01 X-67.182200 Y164.069400 Z-0.125000
G01 X-67.040400 Y163.992500 Z-0.125000
G01 X-66.824200 Y164.109300 Z-0.125000
G01 X-61.089500 Y169.844000 Z-0.125000
G01 X-60.858400 Y169.975700 Z-0.125000
G01 X-60.683800 Y169.931600 Z-0.125000
G01 X-60.628500 Y169.768200 Z-0.125000
G01 X-60.755200 Y169.542200 Z-0.125000
G01 X-66.572900 Y163.724500 Z-0.125000
G01 X-66.711100 Y163.486900 Z-0.125000
G01 X-66.681300 Y163.298000 Z-0.125000
G01 X-66.532200 Y163.228400 Z-0.125000
G01 X-66.312700 Y163.348600 Z-0.125000
G01 X-60.421000 Y169.240300 Z-0.125000
G01 X-60.189800 Y169.372100 Z-0.125000
G01 X-60.015300 Y169.327900 Z-0.125000
G01 X-59.960000 Y169.164600 Z-0.125000
G01 X-60.086700 Y168.938500 Z-0.125000
G01 X-66.042800 Y162.982300 Z-0.125000
G01 X-66.177500 Y162.748300 Z-0.125000
G01 X-66.139700 Y162.567400 Z-0.125000
G01 X-65.982700 Y162.505700 Z-0.125000
G01 X-65.759600 Y162.629500 Z-0.125000
G01 X-59.752400 Y168.636700 Z-0.125000
G01 X-59.521300 Y168.768400 Z-0.125000
G01 X-59.346600 Y168.724400 Z-0.125000
G01 X-59.291300 Y168.561100 Z-0.125000
G01 X-59.417900 Y168.335000 Z-0.125000
G01 X-65.468200 Y162.284700 Z-0.125000
G01 X-65.600400 Y162.053200 Z-0.125000
G01 X-65.557200 Y161.877700 Z-0.125000
G01 X-65.394800 Y161.821500 Z-0.125000
G01 X-65.169200 Y161.947700 Z-0.125000
G01 X-59.083500 Y168.033400 Z-0.125000
G01 X-58.852300 Y168.165200 Z-0.125000
G01 X-58.677700 Y168.121200 Z-0.125000
G01 X-58.622300 Y167.957800 Z-0.125000
G01 X-58.749000 Y167.731800 Z-0.125000
G01 X-64.858500 Y161.622300 Z-0.125000
G01 X-64.987500 Y161.393900 Z-0.125000
G01 X-64.937400 Y161.225300 Z-0.125000
G01 X-64.768000 Y161.176100 Z-0.125000
G01 X-64.539200 Y161.305500 Z-0.125000
G01 X-58.414500 Y167.430200 Z-0.125000
G01 X-58.183300 Y167.562000 Z-0.125000
G01 X-58.008700 Y167.517900 Z-0.125000
G01 X-57.953300 Y167.354600 Z-0.125000
G01 X-58.080000 Y167.128600 Z-0.125000
G01 X-64.212900 Y160.995700 Z-0.125000
G01 X-64.339300 Y160.769800 Z-0.125000
G01 X-64.283500 Y160.607000 Z-0.125000
G01 X-64.108500 Y160.563400 Z-0.125000
G01 X-63.877100 Y160.695400 Z-0.125000
G01 X-37.209200 Y187.363200 Z-0.125000
G01 X-37.078000 Y187.593900 Z-0.125000
G01 X-37.123200 Y187.767300 Z-0.125000
G01 X-37.287800 Y187.821400 Z-0.125000
G01 X-37.514300 Y187.694200 Z-0.125000
G01 X-55.350400 Y169.858100 Z-0.125000
G00 Z5.000000

(End cutting path id: path8334)


(Start cutting path id: path8334)
(Change tool to Default tool)

G00 Z5.000000
G00 X-63.770500 Y160.165900

G01 Z-0.125000 F100.0(Penetrate)
G01 X-36.910500 Y187.025900 Z-0.125000 F400.000000
G01 X-36.686500 Y187.150600 Z-0.125000
G01 X-36.527500 Y187.090900 Z-0.125000
G01 X-36.487700 Y186.912000 Z-0.125000
G01 X-36.621500 Y186.678800 Z-0.125000
G01 X-63.180200 Y160.120100 Z-0.125000
G01 X-63.302900 Y159.898000 Z-0.125000
G01 X-63.238900 Y159.743400 Z-0.125000
G01 X-63.055500 Y159.708100 Z-0.125000
G01 X-62.820400 Y159.843800 Z-0.125000
G01 X-36.339200 Y186.325000 Z-0.125000
G01 X-36.117200 Y186.447600 Z-0.125000
G01 X-35.962700 Y186.383400 Z-0.125000
G01 X-35.927500 Y186.200000 Z-0.125000
G01 X-36.063300 Y185.964800 Z-0.125000
G01 X-62.450500 Y159.577600 Z-0.125000
G01 X-62.570700 Y159.358000 Z-0.125000
G01 X-62.501000 Y159.209000 Z-0.125000
G01 X-62.312100 Y159.179300 Z-0.125000
G01 X-62.074400 Y159.317600 Z-0.125000
G01 X-35.794500 Y185.597500 Z-0.125000
G01 X-35.575100 Y185.717500 Z-0.125000
G01 X-35.426300 Y185.647600 Z-0.125000
G01 X-35.396800 Y185.458500 Z-0.125000
G01 X-35.535200 Y185.220700 Z-0.125000
G01 X-61.691200 Y159.064700 Z-0.125000
G01 X-61.808500 Y158.848000 Z-0.125000
G01 X-61.732800 Y158.705100 Z-0.125000
G01 X-61.537700 Y158.681500 Z-0.125000
G01 X-61.297200 Y158.822600 Z-0.125000
G01 X-35.282400 Y184.837400 Z-0.125000
G01 X-35.065000 Y184.955400 Z-0.125000
G01 X-34.920800 Y184.881000 Z-0.125000
G01 X-34.895800 Y184.687300 Z-0.125000
G01 X-35.036300 Y184.447400 Z-0.125000
G01 X-60.897000 Y158.586700 Z-0.125000
G01 X-61.012400 Y158.371900 Z-0.125000
G01 X-60.932300 Y158.233300 Z-0.125000
G01 X-60.733000 Y158.214000 Z-0.125000
G01 X-60.490600 Y158.357000 Z-0.125000
G01 X-34.798200 Y184.049400 Z-0.125000
G01 X-34.583500 Y184.164700 Z-0.125000
G01 X-34.445200 Y184.084400 Z-0.125000
G01 X-34.426100 Y183.884800 Z-0.125000
G01 X-34.569300 Y183.642200 Z-0.125000
G01 X-60.072400 Y158.139100 Z-0.125000
G01 X-60.185000 Y157.927100 Z-0.125000
G01 X-60.098600 Y157.794800 Z-0.125000
G01 X-59.893000 Y157.781800 Z-0.125000
G01 X-59.647700 Y157.927700 Z-0.125000
G01 X-34.347400 Y183.228000 Z-0.125000
G01 X-34.135000 Y183.341000 Z-0.125000
G01 X-34.001600 Y183.255700 Z-0.125000
G01 X-33.987500 Y183.051200 Z-0.125000
G01 X-34.132900 Y182.806400 Z-0.125000
G01 X-59.216400 Y157.722900 Z-0.125000
G01 X-59.326300 Y157.513600 Z-0.125000
G01 X-59.234100 Y157.387100 Z-0.125000
G01 X-59.022700 Y157.379900 Z-0.125000
G01 X-58.774800 Y157.528400 Z-0.125000
G01 X-33.926900 Y182.376300 Z-0.125000
G01 X-33.717300 Y182.486500 Z-0.125000
G01 X-33.590400 Y182.394800 Z-0.125000
G01 X-33.582700 Y182.183800 Z-0.125000
G01 X-33.731000 Y181.936100 Z-0.125000
G01 X-58.324500 Y157.342600 Z-0.125000
G01 X-58.431900 Y157.135800 Z-0.125000
G01 X-58.334300 Y157.014700 Z-0.125000
G01 X-58.117400 Y157.012900 Z-0.125000
G01 X-57.867000 Y157.163900 Z-0.125000
G01 X-33.543200 Y181.487800 Z-0.125000
G01 X-33.336300 Y181.595300 Z-0.125000
G01 X-33.215000 Y181.497900 Z-0.125000
G01 X-33.213000 Y181.281300 Z-0.125000
G01 X-33.363900 Y181.031000 Z-0.125000
G01 X-57.400900 Y156.993900 Z-0.125000
G01 X-57.505200 Y156.790300 Z-0.125000
G01 X-57.400600 Y156.676200 Z-0.125000
G01 X-57.176800 Y156.681400 Z-0.125000
G01 X-56.923200 Y156.835500 Z-0.125000
G01 X-33.192300 Y180.566500 Z-0.125000
G01 X-32.988700 Y180.670700 Z-0.125000
G01 X-32.874600 Y180.566100 Z-0.125000
G01 X-32.879900 Y180.342200 Z-0.125000
G01 X-33.034100 Y180.088600 Z-0.125000
G01 X-56.437400 Y156.685300 Z-0.125000
G01 X-56.539000 Y156.484300 Z-0.125000
G01 X-56.428600 Y156.376000 Z-0.125000
G01 X-55.942800 Y156.543700 Z-0.125000
G01 X-32.885600 Y179.601000 Z-0.125000
G01 X-32.685100 Y179.702100 Z-0.125000
G01 X-32.578000 Y179.590600 Z-0.125000
G01 X-32.747400 Y179.103000 Z-0.125000
G01 X-55.437200 Y156.413300 Z-0.125000
G01 X-55.535200 Y156.215900 Z-0.125000
G01 X-55.416800 Y156.115600 Z-0.125000
G01 X-54.919300 Y156.295000 Z-0.125000
G01 X-32.620300 Y178.594000 Z-0.125000
G01 X-32.423400 Y178.691600 Z-0.125000
G01 X-32.324100 Y178.572200 Z-0.125000
G01 X-32.505000 Y178.073300 Z-0.125000
G01 X-54.391200 Y156.187100 Z-0.125000
G01 X-54.485800 Y155.993100 Z-0.125000
G01 X-54.360100 Y155.900100 Z-0.125000
G01 X-53.851900 Y156.090300 Z-0.125000
G01 X-32.400600 Y177.541600 Z-0.125000
G01 X-32.208100 Y177.634700 Z-0.125000
G01 X-32.118600 Y177.505600 Z-0.125000
G01 X-32.313600 Y176.992500 Z-0.125000
G01 X-53.301200 Y156.004900 Z-0.125000
G01 X-53.391300 Y155.815300 Z-0.125000
G01 X-53.255700 Y155.732300 Z-0.125000
G01 X-52.733200 Y155.936800 Z-0.125000
G01 X-32.241300 Y176.428600 Z-0.125000
G01 X-32.053600 Y176.516900 Z-0.125000
G01 X-31.974700 Y176.377200 Z-0.125000
G01 X-32.185200 Y175.848700 Z-0.125000
G01 X-52.151100 Y155.882800 Z-0.125000
G01 X-52.236600 Y155.697900 Z-0.125000
G01 X-52.090800 Y155.625000 Z-0.125000
G01 X-51.553400 Y155.844400 Z-0.125000
G01 X-32.146800 Y175.251000 Z-0.125000
G01 X-31.965000 Y175.333400 Z-0.125000
G01 X-31.899000 Y175.180800 Z-0.125000
G01 X-32.128200 Y174.633500 Z-0.125000
G01 X-50.938400 Y155.823300 Z-0.125000
G01 X-51.018200 Y155.644100 Z-0.125000
G01 X-50.859700 Y155.583900 Z-0.125000
G01 X-50.304000 Y155.821600 Z-0.125000
G01 X-32.122100 Y174.003500 Z-0.125000
G01 X-31.942600 Y174.083600 Z-0.125000
G01 X-31.881500 Y173.926000 Z-0.125000
G01 X-32.118000 Y173.371500 Z-0.125000
G01 X-49.647500 Y155.842000 Z-0.125000
G01 X-49.719800 Y155.670200 Z-0.125000
G01 X-49.545100 Y155.626300 Z-0.125000
G01 X-48.965600 Y155.887800 Z-0.125000
G01 X-32.113900 Y172.739500 Z-0.125000
G01 X-31.934400 Y172.819600 Z-0.125000
G01 X-31.873300 Y172.662000 Z-0.125000
G01 X-32.109800 Y172.107500 Z-0.125000
G01 X-48.254200 Y155.963100 Z-0.125000
G01 X-48.317600 Y155.800300 Z-0.125000
G01 X-48.123100 Y155.776100 Z-0.125000
G01 X-47.514900 Y156.066300 Z-0.125000
G01 X-32.105700 Y171.475500 Z-0.125000
G01 X-31.878900 Y171.602900 Z-0.125000
G01 X-31.713800 Y171.549300 Z-0.125000
G01 X-31.668000 Y171.376400 Z-0.125000
G01 X-31.799000 Y171.146100 Z-0.125000
G01 X-46.765000 Y156.180100 Z-0.125000
G01 X-46.826700 Y156.019000 Z-0.125000
G01 X-46.628600 Y155.998500 Z-0.125000
G01 X-46.015100 Y156.293900 Z-0.125000
G01 X-31.461900 Y170.847100 Z-0.125000
G01 X-31.230300 Y170.979300 Z-0.125000
G01 X-31.054800 Y170.936100 Z-0.125000
G01 X-30.998600 Y170.773700 Z-0.125000
G01 X-31.124800 Y170.548100 Z-0.125000
G01 X-45.265200 Y156.407700 Z-0.125000
G01 X-45.351500 Y156.222000 Z-0.125000
G01 X-45.207600 Y156.147300 Z-0.125000
G01 X-44.672900 Y156.363900 Z-0.125000
G01 X-30.787700 Y170.249100 Z-0.125000
G01 X-30.556100 Y170.381300 Z-0.125000
G01 X-30.380600 Y170.338200 Z-0.125000
G01 X-30.324300 Y170.175700 Z-0.125000
G01 X-30.450600 Y169.950100 Z-0.125000
G01 X-44.339800 Y156.060800 Z-0.125000
G01 X-44.466700 Y155.834600 Z-0.125000
G01 X-44.411900 Y155.670800 Z-0.125000
G01 X-44.237700 Y155.626200 Z-0.125000
G01 X-44.006800 Y155.757800 Z-0.125000
G01 X-30.113500 Y169.651100 Z-0.125000
G01 X-29.881900 Y169.783300 Z-0.125000
G01 X-29.706400 Y169.740200 Z-0.125000
G01 X-29.650100 Y169.577800 Z-0.125000
G01 X-29.776300 Y169.352100 Z-0.125000
G01 X-43.673700 Y155.454800 Z-0.125000
G01 X-43.800600 Y155.228500 Z-0.125000
G01 X-43.745700 Y155.064700 Z-0.125000
G01 X-43.571600 Y155.020200 Z-0.125000
G01 X-43.340700 Y155.151700 Z-0.125000
G01 X-29.439200 Y169.053200 Z-0.125000
G01 X-29.207600 Y169.185400 Z-0.125000
G01 X-29.032100 Y169.142200 Z-0.125000
G01 X-28.975900 Y168.979800 Z-0.125000
G01 X-29.102100 Y168.754200 Z-0.125000
G01 X-43.007600 Y154.848700 Z-0.125000
G01 X-43.134500 Y154.622400 Z-0.125000
G01 X-43.079600 Y154.458600 Z-0.125000
G01 X-42.905500 Y154.414100 Z-0.125000
G01 X-42.674500 Y154.545600 Z-0.125000
G01 X-28.765000 Y168.455200 Z-0.125000
G01 X-28.533400 Y168.587400 Z-0.125000
G01 X-28.357900 Y168.544200 Z-0.125000
G01 X-28.301600 Y168.381800 Z-0.125000
G01 X-28.427900 Y168.156200 Z-0.125000
G01 X-42.341500 Y154.242600 Z-0.125000
G01 X-42.468300 Y154.016400 Z-0.125000
G01 X-42.413500 Y153.852500 Z-0.125000
G01 X-42.239400 Y153.808000 Z-0.125000
G01 X-42.008400 Y153.939600 Z-0.125000
G01 X-28.090800 Y167.857200 Z-0.125000
G01 X-27.859200 Y167.989400 Z-0.125000
G01 X-27.683700 Y167.946300 Z-0.125000
G01 X-27.627400 Y167.783900 Z-0.125000
G01 X-27.753600 Y167.558200 Z-0.125000
G01 X-41.675400 Y153.636500 Z-0.125000
G01 X-41.802200 Y153.410300 Z-0.125000
G01 X-41.747400 Y153.246500 Z-0.125000
G01 X-41.573200 Y153.201900 Z-0.125000
G01 X-41.342300 Y153.333500 Z-0.125000
G01 X-27.416500 Y167.259300 Z-0.125000
G01 X-27.184900 Y167.391400 Z-0.125000
G01 X-27.009400 Y167.348300 Z-0.125000
G01 X-26.953200 Y167.185900 Z-0.125000
G01 X-27.079400 Y166.960300 Z-0.125000
G01 X-41.009200 Y153.030400 Z-0.125000
G01 X-41.136100 Y152.804200 Z-0.125000
G01 X-41.081200 Y152.640400 Z-0.125000
G01 X-40.907100 Y152.595900 Z-0.125000
G01 X-40.676200 Y152.727400 Z-0.125000
G01 X-26.742300 Y166.661300 Z-0.125000
G01 X-26.510700 Y166.793500 Z-0.125000
G01 X-26.335200 Y166.750300 Z-0.125000
G01 X-26.278900 Y166.587900 Z-0.125000
G01 X-26.405200 Y166.362300 Z-0.125000
G01 X-40.343100 Y152.424400 Z-0.125000
G01 X-40.470000 Y152.198100 Z-0.125000
G01 X-40.415100 Y152.034300 Z-0.125000
G01 X-40.241000 Y151.989800 Z-0.125000
G01 X-40.010000 Y152.121300 Z-0.125000
G01 X-26.068100 Y166.063300 Z-0.125000
G01 X-25.836500 Y166.195500 Z-0.125000
G01 X-25.661000 Y166.152400 Z-0.125000
G01 X-25.604700 Y165.990000 Z-0.125000
G01 X-25.730900 Y165.764300 Z-0.125000
G01 X-39.677000 Y151.818300 Z-0.125000
G01 X-39.803800 Y151.592000 Z-0.125000
G01 X-39.749000 Y151.428200 Z-0.125000
G01 X-39.574900 Y151.383700 Z-0.125000
G01 X-39.343900 Y151.515300 Z-0.125000
G01 X-25.393800 Y165.465300 Z-0.125000
G01 X-25.162300 Y165.597500 Z-0.125000
G01 X-24.986700 Y165.554400 Z-0.125000
G01 X-24.930500 Y165.392000 Z-0.125000
G01 X-25.056700 Y165.166400 Z-0.125000
G01 X-39.010800 Y151.212200 Z-0.125000
G01 X-39.137700 Y150.986000 Z-0.125000
G01 X-39.082800 Y150.822200 Z-0.125000
G01 X-38.908700 Y150.777600 Z-0.125000
G01 X-38.677800 Y150.909200 Z-0.125000
G01 X-24.719600 Y164.867400 Z-0.125000
G01 X-24.488000 Y164.999600 Z-0.125000
G01 X-24.312500 Y164.956400 Z-0.125000
G01 X-24.256200 Y164.794000 Z-0.125000
G01 X-24.382500 Y164.568400 Z-0.125000
G01 X-38.344700 Y150.606100 Z-0.125000
G01 X-38.471600 Y150.379900 Z-0.125000
G01 X-38.416700 Y150.216100 Z-0.125000
G01 X-38.242600 Y150.171500 Z-0.125000
G01 X-38.011600 Y150.303100 Z-0.125000
G01 X-24.045300 Y164.269400 Z-0.125000
G01 X-23.813800 Y164.401600 Z-0.125000
G01 X-23.638200 Y164.358400 Z-0.125000
G01 X-23.582000 Y164.196000 Z-0.125000
G01 X-23.708200 Y163.970400 Z-0.125000
G01 X-37.678600 Y150.000100 Z-0.125000
G01 X-37.805400 Y149.773900 Z-0.125000
G01 X-37.750300 Y149.610300 Z-0.125000
G01 X-37.576000 Y149.565900 Z-0.125000
G01 X-37.345000 Y149.697600 Z-0.125000
G01 X-23.371100 Y163.671400 Z-0.125000
G01 X-23.139500 Y163.803600 Z-0.125000
G01 X-22.964000 Y163.760500 Z-0.125000
G01 X-22.907800 Y163.598100 Z-0.125000
G01 X-23.034000 Y163.372400 Z-0.125000
G01 X-37.011100 Y149.395400 Z-0.125000
G01 X-37.137800 Y149.169200 Z-0.125000
G01 X-37.082700 Y149.005700 Z-0.125000
G01 X-36.908200 Y148.961500 Z-0.125000
G01 X-36.677200 Y149.093200 Z-0.125000
G01 X-22.696900 Y163.073400 Z-0.125000
G01 X-22.465300 Y163.205600 Z-0.125000
G01 X-22.289800 Y163.162500 Z-0.125000
G01 X-22.233500 Y163.000100 Z-0.125000
G01 X-22.359800 Y162.774500 Z-0.125000
G01 X-36.343300 Y148.791000 Z-0.125000
G01 X-36.470000 Y148.564800 Z-0.125000
G01 X-36.414900 Y148.401300 Z-0.125000
G01 X-36.240500 Y148.357100 Z-0.125000
G01 X-36.009400 Y148.488700 Z-0.125000
G01 X-22.022700 Y162.475500 Z-0.125000
G01 X-21.791100 Y162.607700 Z-0.125000
G01 X-21.615600 Y162.564500 Z-0.125000
G01 X-21.559300 Y162.402100 Z-0.125000
G01 X-21.685500 Y162.176500 Z-0.125000
G01 X-35.674600 Y148.187500 Z-0.125000
G01 X-35.801000 Y147.961600 Z-0.125000
G01 X-35.745300 Y147.798700 Z-0.125000
G01 X-35.570300 Y147.755000 Z-0.125000
G01 X-35.339000 Y147.887000 Z-0.125000
G01 X-21.348400 Y161.877500 Z-0.125000
G01 X-21.116800 Y162.009700 Z-0.125000
G01 X-20.941300 Y161.966500 Z-0.125000
G01 X-20.885100 Y161.804100 Z-0.125000
G01 X-21.011300 Y161.578500 Z-0.125000
G01 X-35.003400 Y147.586500 Z-0.125000
G01 X-35.129800 Y147.360600 Z-0.125000
G01 X-35.074100 Y147.197700 Z-0.125000
G01 X-34.899100 Y147.154000 Z-0.125000
G01 X-34.667800 Y147.286000 Z-0.125000
G01 X-20.674200 Y161.279500 Z-0.125000
G01 X-20.442600 Y161.411700 Z-0.125000
G01 X-20.267100 Y161.368600 Z-0.125000
G01 X-20.210800 Y161.206200 Z-0.125000
G01 X-20.337100 Y160.980500 Z-0.125000
G01 X-34.331500 Y146.986100 Z-0.125000
G01 X-34.457700 Y146.760500 Z-0.125000
G01 X-34.401300 Y146.598200 Z-0.125000
G01 X-34.225700 Y146.555200 Z-0.125000
G01 X-33.994100 Y146.687400 Z-0.125000
G01 X-20.000000 Y160.681600 Z-0.125000
G01 X-19.768400 Y160.813700 Z-0.125000
G01 X-19.592900 Y160.770600 Z-0.125000
G01 X-19.536600 Y160.608200 Z-0.125000
G01 X-19.662800 Y160.382600 Z-0.125000
G01 X-33.656600 Y146.388800 Z-0.125000
G01 X-33.782800 Y146.163200 Z-0.125000
G01 X-33.726500 Y146.000900 Z-0.125000
G01 X-33.550800 Y145.957900 Z-0.125000
G01 X-33.319200 Y146.090100 Z-0.125000
G01 X-19.325700 Y160.083600 Z-0.125000
G01 X-19.094200 Y160.215800 Z-0.125000
G01 X-18.918600 Y160.172600 Z-0.125000
G01 X-18.862400 Y160.010200 Z-0.125000
G01 X-18.988600 Y159.784600 Z-0.125000
G01 X-32.980600 Y145.792600 Z-0.125000
G01 X-33.106500 Y145.567400 Z-0.125000
G01 X-33.049300 Y145.405800 Z-0.125000
G01 X-32.873000 Y145.363500 Z-0.125000
G01 X-32.641000 Y145.496100 Z-0.125000
G01 X-18.651500 Y159.485600 Z-0.125000
G01 X-18.419900 Y159.617800 Z-0.125000
G01 X-18.244400 Y159.574700 Z-0.125000
G01 X-18.188200 Y159.412200 Z-0.125000
G01 X-18.314400 Y159.186600 Z-0.125000
G01 X-32.301300 Y145.199700 Z-0.125000
G01 X-32.427100 Y144.974500 Z-0.125000
G01 X-32.369900 Y144.813100 Z-0.125000
G01 X-32.193400 Y144.770900 Z-0.125000
G01 X-31.961300 Y144.903600 Z-0.125000
G01 X-17.977300 Y158.887600 Z-0.125000
G01 X-17.745700 Y159.019800 Z-0.125000
G01 X-17.570200 Y158.976700 Z-0.125000
G01 X-17.513900 Y158.814300 Z-0.125000
G01 X-17.640200 Y158.588600 Z-0.125000
G01 X-31.618700 Y144.610100 Z-0.125000
G01 X-31.744100 Y144.385300 Z-0.125000
G01 X-31.686000 Y144.224800 Z-0.125000
G01 X-31.508600 Y144.183500 Z-0.125000
G01 X-31.276200 Y144.316500 Z-0.125000
G01 X-17.064500 Y158.528200 Z-0.125000
G00 Z5.000000

(End cutting path id: path8334)


(Start cutting path id: path8334)
(Change tool to Default tool)

G00 Z5.000000
G00 X-13.734700 Y156.133100

G01 Z-0.125000 F100.0(Penetrate)
G01 X-23.070200 Y146.797600 Z-0.125000 F400.000000
G00 Z5.000000

(End cutting path id: path8334)


(Start cutting path id: path8334)
(Change tool to Default tool)

G00 Z5.000000
G00 X-24.255400 Y144.976300

G01 Z-0.125000 F100.0(Penetrate)
G01 X-11.587600 Y157.644100 Z-0.125000 F400.000000
G00 Z5.000000

(End cutting path id: path8334)


(Start cutting path id: path8334)
(Change tool to Default tool)

G00 Z5.000000
G00 X-10.090800 Y158.504800

G01 Z-0.125000 F100.0(Penetrate)
G01 X-25.178800 Y143.416800 Z-0.125000 F400.000000
G00 Z5.000000

(End cutting path id: path8334)


(Start cutting path id: path8334)
(Change tool to Default tool)

G00 Z5.000000
G00 X-27.430100 Y146.254300

G01 Z-0.125000 F100.0(Penetrate)
G01 X-30.236500 Y143.447900 Z-0.125000 F400.000000
G01 X-30.359700 Y143.225300 Z-0.125000
G01 X-30.296700 Y143.069600 Z-0.125000
G01 X-30.114500 Y143.033200 Z-0.125000
G01 X-29.879900 Y143.168400 Z-0.125000
G01 X-28.269300 Y144.779000 Z-0.125000
G00 Z5.000000

(End cutting path id: path8334)


(Start cutting path id: path8334)
(Change tool to Default tool)

G00 Z5.000000
G00 X-29.622900 Y142.789300

G01 Z-0.125000 F100.0(Penetrate)
G01 X-29.707800 Y142.704400 Z-0.125000 F400.000000
G00 Z5.000000

(End cutting path id: path8334)


(Start cutting path id: path8334)
(Change tool to Default tool)

G00 Z5.000000
G00 X-24.263600 Y150.693000

G01 Z-0.125000 F100.0(Penetrate)
G01 X-30.932200 Y144.024400 Z-0.125000 F400.000000
G01 X-31.056800 Y143.800400 Z-0.125000
G01 X-30.997100 Y143.641400 Z-0.125000
G01 X-30.818100 Y143.601800 Z-0.125000
G01 X-30.585000 Y143.735500 Z-0.125000
G01 X-26.271700 Y148.048800 Z-0.125000
G00 Z5.000000

(End cutting path id: path8334)


(Start cutting path id: path8334)
(Change tool to Default tool)

G00 Z5.000000
G00 X-20.169500 Y150.334400

G01 Z-0.125000 F100.0(Penetrate)
G01 X-16.580700 Y153.923200 Z-0.125000 F400.000000
G00 Z5.000000

(End cutting path id: path8334)


(Start cutting path id: path8334)
(Change tool to Default tool)

G00 Z5.000000
G00 X-8.860850 Y159.098600

G01 Z-0.125000 F100.0(Penetrate)
G01 X-25.653000 Y142.306500 Z-0.125000 F400.000000
G01 X-26.182000 Y141.459500 Z-0.125000
G01 X-26.322000 Y141.100800 Z-0.125000
G01 X-26.233900 Y141.089500 Z-0.125000
G01 X-7.858240 Y159.465100 Z-0.125000
G01 X-7.054200 Y159.951100 Z-0.125000
G01 X-6.725050 Y160.061600 Z-0.125000
G01 X-6.727230 Y159.960000 Z-0.125000
G01 X-26.738900 Y139.948300 Z-0.125000
G01 X-27.203400 Y139.165800 Z-0.125000
G01 X-27.299100 Y138.851500 Z-0.125000
G01 X-27.190800 Y138.860400 Z-0.125000
G01 X-5.666510 Y160.384700 Z-0.125000
G01 X-4.933560 Y160.799600 Z-0.125000
G01 X-4.653290 Y160.861200 Z-0.125000
G01 X-4.677690 Y160.737400 Z-0.125000
G01 X-27.604300 Y137.810800 Z-0.125000
G01 X-28.031900 Y137.065100 Z-0.125000
G01 X-28.102200 Y136.776200 Z-0.125000
G01 X-27.982400 Y136.796600 Z-0.125000
G01 X-3.737470 Y161.041500 Z-0.125000
G01 X-3.049920 Y161.411000 Z-0.125000
G01 X-2.800870 Y161.441400 Z-0.125000
G01 X-2.839460 Y161.303400 Z-0.125000
G01 X-28.342000 Y135.800900 Z-0.125000
G01 X-28.738300 Y135.086600 Z-0.125000
G01 X-28.787100 Y134.819100 Z-0.125000
G01 X-28.657500 Y134.849300 Z-0.125000
G01 X-1.978420 Y161.528400 Z-0.125000
G01 X-1.325660 Y161.863100 Z-0.125000
G01 X-1.100510 Y161.869600 Z-0.125000
G01 X-1.149970 Y161.720700 Z-0.125000
G01 X-28.943900 Y133.926700 Z-0.125000
G01 X-29.280700 Y133.271900 Z-0.125000
G01 X-29.288600 Y133.045400 Z-0.125000
G01 X-29.140400 Y133.094200 Z-0.125000
G01 X-0.350479 Y161.884100 Z-0.125000
G01 X0.274876 Y162.191400 Z-0.125000
G01 X0.481178 Y162.179000 Z-0.125000
G01 X0.423155 Y162.021600 Z-0.125000
G01 X-29.303000 Y132.295500 Z-0.125000
G01 X-29.603400 Y131.677000 Z-0.125000
G01 X-29.586400 Y131.475400 Z-0.125000
G01 X-29.426800 Y131.535500 Z-0.125000
G01 X1.173560 Y162.135900 Z-0.125000
G01 X1.776810 Y162.421100 Z-0.125000
G01 X1.967920 Y162.393600 Z-0.125000
G01 X1.902980 Y162.229200 Z-0.125000
G01 X-29.520200 Y130.806000 Z-0.125000
G01 X-29.794000 Y130.214200 Z-0.125000
G01 X-29.758700 Y130.030900 Z-0.125000
G01 X-29.590800 Y130.099400 Z-0.125000
G01 X2.613380 Y162.303500 Z-0.125000
G01 X3.198440 Y162.570600 Z-0.125000
G01 X3.377050 Y162.530500 Z-0.125000
G01 X3.306430 Y162.360500 Z-0.125000
G01 X-29.644900 Y129.409100 Z-0.125000
G01 X-29.904700 Y128.831300 Z-0.125000
G01 X-29.859600 Y128.657700 Z-0.125000
G01 X-29.687400 Y128.730600 Z-0.125000
G01 X3.983620 Y162.401600 Z-0.125000
G01 X4.553470 Y162.653400 Z-0.125000
G01 X4.721610 Y162.602900 Z-0.125000
G01 X4.646240 Y162.428100 Z-0.125000
G01 X-29.764400 Y128.017400 Z-0.125000
G01 X-29.992600 Y127.471200 Z-0.125000
G01 X-29.925900 Y127.319300 Z-0.125000
G01 X-29.743700 Y127.402000 Z-0.125000
G01 X5.291240 Y162.437000 Z-0.125000
G01 X5.846130 Y162.673800 Z-0.125000
G01 X6.003980 Y162.613000 Z-0.125000
G01 X5.923940 Y162.433600 Z-0.125000
G01 X-29.764500 Y126.745200 Z-0.125000
G01 X-30.010600 Y126.181000 Z-0.125000
G01 X-29.956200 Y126.016700 Z-0.125000
G01 X-29.779700 Y126.093800 Z-0.125000
G01 X6.545060 Y162.418600 Z-0.125000
G01 X7.088780 Y162.644300 Z-0.125000
G01 X7.238960 Y162.575800 Z-0.125000
G01 X7.155420 Y162.392900 Z-0.125000
G01 X-29.791600 Y125.445800 Z-0.125000
G01 X-30.034400 Y124.885000 Z-0.125000
G01 X-29.977600 Y124.723100 Z-0.125000
G01 X-29.800000 Y124.801300 Z-0.125000
G01 X7.777100 Y162.378500 Z-0.125000
G01 X8.296790 Y162.580100 Z-0.125000
G01 X8.430440 Y162.495100 Z-0.125000
G01 X8.339400 Y162.304700 Z-0.125000
G01 X-29.808400 Y124.156800 Z-0.125000
G01 X-30.051200 Y123.596000 Z-0.125000
G01 X-29.994400 Y123.434100 Z-0.125000
G01 X-29.816800 Y123.512300 Z-0.125000
G01 X8.916790 Y162.245900 Z-0.125000
G01 X9.439950 Y162.451100 Z-0.125000
G01 X9.576000 Y162.368400 Z-0.125000
G01 X9.486040 Y162.179100 Z-0.125000
G01 X-29.823200 Y122.869900 Z-0.125000
G01 X-30.063400 Y122.311600 Z-0.125000
G01 X-30.004900 Y122.151500 Z-0.125000
G01 X-29.826500 Y122.230400 Z-0.125000
G01 X10.042900 Y162.099900 Z-0.125000
G01 X10.556000 Y162.294900 Z-0.125000
G01 X10.685100 Y162.205300 Z-0.125000
G01 X10.592000 Y162.012800 Z-0.125000
G01 X-29.829800 Y121.591000 Z-0.125000
G01 X-30.070000 Y121.032800 Z-0.125000
G01 X-30.011500 Y120.872600 Z-0.125000
G01 X-29.833100 Y120.951600 Z-0.125000
G01 X11.134300 Y161.919100 Z-0.125000
G01 X11.639000 Y162.105700 Z-0.125000
G01 X11.762300 Y162.010400 Z-0.125000
G01 X11.666600 Y161.815200 Z-0.125000
G01 X-29.836000 Y120.312600 Z-0.125000
G01 X-30.073200 Y119.757400 Z-0.125000
G01 X-30.012600 Y119.599300 Z-0.125000
G01 X-29.833300 Y119.679200 Z-0.125000
G01 X12.191000 Y161.703500 Z-0.125000
G01 X12.689000 Y161.883500 Z-0.125000
G01 X12.807700 Y161.783600 Z-0.125000
G01 X12.709900 Y161.586300 Z-0.125000
G01 X-29.829000 Y119.047400 Z-0.125000
G01 X-30.062800 Y118.495600 Z-0.125000
G01 X-29.999800 Y118.339900 Z-0.125000
G01 X-29.819400 Y118.420900 Z-0.125000
G01 X13.219300 Y161.459600 Z-0.125000
G01 X13.709200 Y161.631500 Z-0.125000
G01 X13.822400 Y161.526000 Z-0.125000
G01 X13.722100 Y161.326300 Z-0.125000
G01 X-29.804600 Y117.799600 Z-0.125000
G01 X-30.033400 Y117.252800 Z-0.125000
G01 X-29.967100 Y117.100400 Z-0.125000
G01 X-29.785200 Y117.183000 Z-0.125000
G01 X14.220300 Y161.188400 Z-0.125000
G01 X14.702800 Y161.352900 Z-0.125000
G01 X14.810900 Y161.242300 Z-0.125000
G01 X14.708200 Y161.040300 Z-0.125000
G01 X-15.667400 Y130.664600 Z-0.125000
G00 Z5.000000

(End cutting path id: path8334)


(Start cutting path id: path8334)
(Change tool to Default tool)

G00 Z5.000000
G00 X-13.924400 Y131.771500

G01 Z-0.125000 F100.0(Penetrate)
G01 X15.191900 Y160.887800 Z-0.125000 F400.000000
G01 X15.445500 Y161.042000 Z-0.125000
G01 X15.669300 Y161.047200 Z-0.125000
G01 X15.773900 Y160.933100 Z-0.125000
G01 X15.669600 Y160.729500 Z-0.125000
G01 X-12.612500 Y132.447300 Z-0.125000
G01 X-12.652000 Y132.308500 Z-0.125000
G01 X-12.404800 Y132.336900 Z-0.125000
G01 X-11.720100 Y132.703600 Z-0.125000
G01 X16.139600 Y160.563300 Z-0.125000
G01 X16.391400 Y160.715700 Z-0.125000
G01 X16.611400 Y160.717100 Z-0.125000
G01 X16.712200 Y160.599200 Z-0.125000
G01 X16.606200 Y160.393800 Z-0.125000
G01 X-10.927700 Y132.859900 Z-0.125000
G01 X-10.993200 Y132.695000 Z-0.125000
G01 X-10.803500 Y132.666100 Z-0.125000
G01 X-10.202200 Y132.949400 Z-0.125000
G01 X17.064400 Y160.215900 Z-0.125000
G01 X17.314200 Y160.366400 Z-0.125000
G01 X17.530000 Y160.363400 Z-0.125000
G01 X17.626400 Y160.241200 Z-0.125000
G01 X17.518500 Y160.033900 Z-0.125000
G01 X-9.532040 Y132.983400 Z-0.125000
G01 X-9.613670 Y132.802400 Z-0.125000
G01 X-9.459300 Y132.738100 Z-0.125000
G01 X-8.909490 Y132.969800 Z-0.125000
G01 X17.967200 Y159.846600 Z-0.125000
G01 X18.215200 Y159.995200 Z-0.125000
G01 X18.426900 Y159.988100 Z-0.125000
G01 X18.519200 Y159.861800 Z-0.125000
G01 X18.409400 Y159.652600 Z-0.125000
G01 X-8.320950 Y132.922300 Z-0.125000
G01 X-8.412730 Y132.731100 Z-0.125000
G01 X-8.280680 Y132.644500 Z-0.125000
G01 X-7.763340 Y132.843800 Z-0.125000
G01 X18.849100 Y159.456300 Z-0.125000
G01 X19.095300 Y159.603100 Z-0.125000
G01 X19.303000 Y159.592100 Z-0.125000
G01 X19.391400 Y159.461900 Z-0.125000
G01 X19.279800 Y159.250900 Z-0.125000
G01 X-7.233180 Y132.737900 Z-0.125000
G01 X-7.333090 Y132.538500 Z-0.125000
G01 X-7.218940 Y132.434000 Z-0.125000
G01 X-6.727630 Y132.607300 Z-0.125000
G01 X19.708600 Y159.043500 Z-0.125000
G01 X19.953400 Y159.189000 Z-0.125000
G01 X20.158100 Y159.175000 Z-0.125000
G01 X20.243500 Y159.041700 Z-0.125000
G01 X20.130500 Y158.829400 Z-0.125000
G01 X-6.244400 Y132.454400 Z-0.125000
G01 X-6.350980 Y132.248400 Z-0.125000
G01 X-6.251520 Y132.129200 Z-0.125000
G01 X-6.032790 Y132.129300 Z-0.125000
G01 X-5.781570 Y132.281200 Z-0.125000
G01 X20.548800 Y158.611500 Z-0.125000
G01 X20.792300 Y158.755600 Z-0.125000
G01 X20.994000 Y158.738700 Z-0.125000
G01 X21.076500 Y158.602500 Z-0.125000
G01 X20.962200 Y158.388800 Z-0.125000
G01 X-5.337540 Y132.089100 Z-0.125000
G01 X-5.449800 Y131.877400 Z-0.125000
G01 X-5.362800 Y131.745800 Z-0.125000
G01 X-5.156530 Y131.733400 Z-0.125000
G01 X-4.910980 Y131.879500 Z-0.125000
G01 X21.370400 Y158.160900 Z-0.125000
G01 X21.612600 Y158.303700 Z-0.125000
G01 X21.811500 Y158.283900 Z-0.125000
G01 X21.891100 Y158.144900 Z-0.125000
G01 X21.775500 Y157.929900 Z-0.125000
G01 X-4.500720 Y131.653700 Z-0.125000
G01 X-4.617950 Y131.437100 Z-0.125000
G01 X-4.541910 Y131.294400 Z-0.125000
G01 X-4.346600 Y131.271100 Z-0.125000
G01 X-4.106030 Y131.412300 Z-0.125000
G01 X22.174100 Y157.692400 Z-0.125000
G01 X22.415000 Y157.833900 Z-0.125000
G01 X22.611000 Y157.811300 Z-0.125000
G01 X22.687800 Y157.669400 Z-0.125000
G01 X22.570900 Y157.453100 Z-0.125000
G01 X-3.727780 Y131.154400 Z-0.125000
G01 X-3.849980 Y130.932800 Z-0.125000
G01 X-3.784850 Y130.779300 Z-0.125000
G01 X-3.600450 Y130.745100 Z-0.125000
G01 X-3.364830 Y130.881300 Z-0.125000
G01 X22.960300 Y157.206400 Z-0.125000
G01 X23.199900 Y157.346600 Z-0.125000
G01 X23.393000 Y157.321100 Z-0.125000
G01 X23.466900 Y157.176300 Z-0.125000
G01 X23.348700 Y156.958700 Z-0.125000
G01 X-3.015210 Y130.594800 Z-0.125000
G01 X-3.141470 Y130.369100 Z-0.125000
G01 X-3.085300 Y130.206700 Z-0.125000
G01 X-2.909860 Y130.163400 Z-0.125000
G01 X-2.678320 Y130.295600 Z-0.125000
G01 X23.729500 Y156.703500 Z-0.125000
G01 X23.967800 Y156.842300 Z-0.125000
G01 X24.158000 Y156.813900 Z-0.125000
G01 X24.228900 Y156.666100 Z-0.125000
G01 X24.109400 Y156.447200 Z-0.125000
G01 X-2.353550 Y129.984300 Z-0.125000
G01 X-2.483910 Y129.754500 Z-0.125000
G01 X-2.436760 Y129.583000 Z-0.125000
G01 X-2.270350 Y129.530700 Z-0.125000
G01 X-2.042910 Y129.658800 Z-0.125000
G01 X24.482400 Y156.184100 Z-0.125000
G01 X24.719300 Y156.321600 Z-0.125000
G01 X24.906700 Y156.290300 Z-0.125000
G01 X24.974700 Y156.139700 Z-0.125000
G01 X24.853900 Y155.919500 Z-0.125000
G01 X-1.745220 Y129.320400 Z-0.125000
G01 X-1.879680 Y129.086500 Z-0.125000
G01 X-1.841530 Y128.906000 Z-0.125000
G01 X-1.684110 Y128.844800 Z-0.125000
G01 X-1.460760 Y128.968700 Z-0.125000
G01 X25.219200 Y155.648700 Z-0.125000
G01 X25.454900 Y155.785000 Z-0.125000
G01 X25.639500 Y155.750900 Z-0.125000
G01 X25.704800 Y155.597600 Z-0.125000
G01 X25.582700 Y155.376100 Z-0.125000
G01 X-1.191690 Y128.601700 Z-0.125000
G01 X-1.331080 Y128.362900 Z-0.125000
G01 X-1.303800 Y128.171500 Z-0.125000
G01 X-1.157250 Y128.099400 Z-0.125000
G01 X-0.938844 Y128.218500 Z-0.125000
G01 X25.940400 Y155.097700 Z-0.125000
G01 X26.174900 Y155.232800 Z-0.125000
G01 X26.356900 Y155.196100 Z-0.125000
G01 X26.419500 Y155.040100 Z-0.125000
G01 X26.296200 Y154.817400 Z-0.125000
G01 X-0.709197 Y127.812000 Z-0.125000
G01 X-0.856159 Y127.565600 Z-0.125000
G01 X-0.845523 Y127.357600 Z-0.125000
G01 X-0.715617 Y127.268900 Z-0.125000
G01 X-0.504772 Y127.380300 Z-0.125000
G01 X26.646500 Y154.531600 Z-0.125000
G01 X26.879800 Y154.665500 Z-0.125000
G01 X27.059100 Y154.626200 Z-0.125000
G01 X27.119200 Y154.467600 Z-0.125000
G01 X26.994700 Y154.243700 Z-0.125000
G01 X-0.330342 Y126.918700 Z-0.125000
G01 X-0.502555 Y126.428400 Z-0.125000
G01 X-0.397321 Y126.315000 Z-0.125000
G01 X-0.197691 Y126.415200 Z-0.125000
G01 X27.337600 Y153.950500 Z-0.125000
G01 X27.569800 Y154.083300 Z-0.125000
G01 X27.746700 Y154.041500 Z-0.125000
G01 X27.804200 Y153.880400 Z-0.125000
G01 X27.678600 Y153.655400 Z-0.125000
G01 X-0.116132 Y125.860700 Z-0.125000
G01 X-0.374826 Y125.283900 Z-0.125000
G01 X-0.329048 Y125.111000 Z-0.125000
G01 X-0.156443 Y125.184200 Z-0.125000
G01 X28.014200 Y153.354900 Z-0.125000
G01 X28.245300 Y153.486600 Z-0.125000
G01 X28.419800 Y153.442400 Z-0.125000
G01 X28.474900 Y153.278900 Z-0.125000
G01 X28.348200 Y153.052800 Z-0.125000
G01 X-0.531306 Y124.173300 Z-0.125000
G00 Z5.000000

(End cutting path id: path8334)


(Start cutting path id: path8334)
(Change tool to Default tool)

G00 Z5.000000
G00 X-1.171950 Y122.896500

G01 Z-0.125000 F100.0(Penetrate)
G01 X28.676600 Y152.745100 Z-0.125000 F400.000000
G01 X28.906700 Y152.875700 Z-0.125000
G01 X29.078800 Y152.829200 Z-0.125000
G01 X29.131600 Y152.663400 Z-0.125000
G01 X29.003800 Y152.436200 Z-0.125000
G01 X-23.638300 Y99.794000 Z-0.125000
G01 X-23.777800 Y99.555000 Z-0.125000
G01 X-23.750700 Y99.364000 Z-0.125000
G01 X-23.604300 Y99.291000 Z-0.125000
G01 X-23.386000 Y99.410000 Z-0.125000
G01 X29.325100 Y152.121400 Z-0.125000
G01 X29.554100 Y152.251000 Z-0.125000
G01 X29.723900 Y152.202100 Z-0.125000
G01 X29.774400 Y152.034000 Z-0.125000
G01 X29.645600 Y151.805800 Z-0.125000
G01 X-23.128700 Y99.032000 Z-0.125000
G01 X-23.266600 Y98.794000 Z-0.125000
G01 X-23.236100 Y98.606000 Z-0.125000
G01 X-23.086400 Y98.537000 Z-0.125000
G01 X-22.866500 Y98.658000 Z-0.125000
G01 X29.959100 Y151.483200 Z-0.125000
G01 X30.187000 Y151.611700 Z-0.125000
G01 X30.354400 Y151.560400 Z-0.125000
G01 X30.402500 Y151.389900 Z-0.125000
G01 X30.272600 Y151.160600 Z-0.125000
G01 X-22.599800 Y98.288000 Z-0.125000
G01 X-22.736200 Y98.052000 Z-0.125000
G01 X-22.702200 Y97.868000 Z-0.125000
G01 X-22.548900 Y97.802000 Z-0.125000
G01 X-22.327500 Y97.924000 Z-0.125000
G01 X30.579400 Y150.831300 Z-0.125000
G01 X30.806000 Y150.958500 Z-0.125000
G01 X30.970500 Y150.904400 Z-0.125000
G01 X31.015800 Y150.731000 Z-0.125000
G01 X30.884600 Y150.500300 Z-0.125000
G01 X-22.051200 Y97.565000 Z-0.125000
G01 X-22.186700 Y97.330000 Z-0.125000
G01 X-22.150900 Y97.147000 Z-0.125000
G01 X-21.995800 Y97.083000 Z-0.125000
G01 X-21.773500 Y97.206000 Z-0.125000
G01 X31.185400 Y150.165100 Z-0.125000
G01 X31.410700 Y150.291000 Z-0.125000
G01 X31.572300 Y150.234000 Z-0.125000
G01 X31.614700 Y150.057700 Z-0.125000
G01 X31.482200 Y149.825800 Z-0.125000
G01 X-21.488200 Y96.855000 Z-0.125000
G01 X-21.622500 Y96.622000 Z-0.125000
G01 X-21.584000 Y96.441000 Z-0.125000
G01 X-21.426300 Y96.381000 Z-0.125000
G01 X-21.202800 Y96.505000 Z-0.125000
G01 X31.777000 Y149.484500 Z-0.125000
G01 X32.001000 Y149.609100 Z-0.125000
G01 X32.159800 Y149.549200 Z-0.125000
G01 X32.199300 Y149.370000 Z-0.125000
G01 X32.065400 Y149.136800 Z-0.125000
G01 X-20.911300 Y96.160000 Z-0.125000
G01 X-21.044400 Y95.928000 Z-0.125000
G01 X-21.003200 Y95.750000 Z-0.125000
G01 X-20.842700 Y95.692000 Z-0.125000
G01 X-20.618000 Y95.817000 Z-0.125000
G01 X32.353900 Y148.789100 Z-0.125000
G01 X32.576600 Y148.912400 Z-0.125000
G01 X32.732600 Y148.849800 Z-0.125000
G01 X32.769300 Y148.667900 Z-0.125000
G01 X32.634200 Y148.433400 Z-0.125000
G01 X-20.322800 Y95.476000 Z-0.125000
G01 X-20.454700 Y95.245000 Z-0.125000
G01 X-20.411200 Y95.070000 Z-0.125000
G01 X-20.248300 Y95.014000 Z-0.125000
G01 X-20.022500 Y95.141000 Z-0.125000
G01 X12.231800 Y127.394800 Z-0.125000
G01 X12.335500 Y127.399200 Z-0.125000
G01 X12.229700 Y127.074700 Z-0.125000
G01 X11.750600 Y126.277600 Z-0.125000
G01 X-19.722300 Y94.805000 Z-0.125000
G01 X-19.853700 Y94.574000 Z-0.125000
G01 X-19.808800 Y94.400000 Z-0.125000
G01 X-19.644700 Y94.346000 Z-0.125000
G01 X-19.418300 Y94.473000 Z-0.125000
G01 X11.634400 Y125.525300 Z-0.125000
G01 X11.811200 Y125.602700 Z-0.125000
G01 X11.866200 Y125.439000 Z-0.125000
G01 X11.620900 Y124.875700 Z-0.125000
G01 X-19.112300 Y94.142000 Z-0.125000
G01 X-19.243400 Y93.912000 Z-0.125000
G01 X-19.197900 Y93.739000 Z-0.125000
G01 X-19.033100 Y93.685000 Z-0.125000
G01 X-18.806400 Y93.812000 Z-0.125000
G01 X11.667000 Y124.285600 Z-0.125000
G01 X11.858100 Y124.377400 Z-0.125000
G01 X11.944600 Y124.245200 Z-0.125000
G01 X11.745200 Y123.727800 Z-0.125000
G01 X-18.499900 Y93.483000 Z-0.125000
G01 X-18.630900 Y93.252000 Z-0.125000
G01 X-18.585200 Y93.079000 Z-0.125000
G01 X-18.420200 Y93.026000 Z-0.125000
G01 X-18.193400 Y93.153000 Z-0.125000
G01 X11.888900 Y123.235300 Z-0.125000
G01 X12.098900 Y123.346000 Z-0.125000
G01 X12.226900 Y123.255400 Z-0.125000
G01 X12.235700 Y123.045500 Z-0.125000
G01 X12.087900 Y122.798300 Z-0.125000
G01 X-17.886900 Y92.823000 Z-0.125000
G01 X-18.017900 Y92.593000 Z-0.125000
G01 X-17.972200 Y92.420000 Z-0.125000
G01 X-17.807200 Y92.366000 Z-0.125000
G01 X-17.580400 Y92.494000 Z-0.125000
G01 X12.331300 Y122.405600 Z-0.125000
G01 X12.554000 Y122.528900 Z-0.125000
G01 X12.710100 Y122.466300 Z-0.125000
G01 X12.746900 Y122.284500 Z-0.125000
G01 X12.611800 Y122.050000 Z-0.125000
G01 X-17.278600 Y92.160000 Z-0.125000
G01 X-17.410700 Y91.928000 Z-0.125000
G01 X-17.367200 Y91.753000 Z-0.125000
G01 X-17.204400 Y91.697000 Z-0.125000
G01 X-16.978700 Y91.823000 Z-0.125000
G01 X12.923200 Y121.725300 Z-0.125000
G01 X13.154500 Y121.857100 Z-0.125000
G01 X13.329200 Y121.813200 Z-0.125000
G01 X13.384800 Y121.650100 Z-0.125000
G01 X13.258200 Y121.424200 Z-0.125000
G01 X-16.681900 Y91.484000 Z-0.125000
G01 X-16.815500 Y91.251000 Z-0.125000
G01 X-16.775300 Y91.073000 Z-0.125000
G01 X-16.615900 Y91.013000 Z-0.125000
G01 X-16.391700 Y91.138000 Z-0.125000
G01 X13.611000 Y121.140800 Z-0.125000
G01 X13.847400 Y121.277800 Z-0.125000
G01 X14.033500 Y121.245300 Z-0.125000
G01 X14.100400 Y121.093500 Z-0.125000
G01 X13.979000 Y120.872700 Z-0.125000
G01 X-16.108200 Y90.786000 Z-0.125000
G01 X-16.244500 Y90.550000 Z-0.125000
G01 X-16.210300 Y90.365000 Z-0.125000
G01 X-16.056900 Y90.300000 Z-0.125000
G01 X-15.835300 Y90.422000 Z-0.125000
G01 X14.358500 Y120.616100 Z-0.125000
G01 X14.598300 Y120.756600 Z-0.125000
G01 X14.792100 Y120.731700 Z-0.125000
G01 X14.866600 Y120.587500 Z-0.125000
G01 X14.748600 Y120.370200 Z-0.125000
G01 X6.137810 Y111.759400 Z-0.125000
G01 X6.029190 Y111.551300 Z-0.125000
G01 X6.124170 Y111.427700 Z-0.125000
G01 X6.338420 Y111.423300 Z-0.125000
G01 X6.587610 Y111.573100 Z-0.125000
G01 X15.142700 Y120.128100 Z-0.125000
G01 X15.384600 Y120.270600 Z-0.125000
G01 X15.582800 Y120.250200 Z-0.125000
G01 X15.661700 Y120.110400 Z-0.125000
G01 X15.545800 Y119.895100 Z-0.125000
G01 X6.943160 Y111.292500 Z-0.125000
G01 X6.811130 Y111.061100 Z-0.125000
G01 X6.854600 Y110.885900 Z-0.125000
G01 X7.017340 Y110.830000 Z-0.125000
G01 X7.243100 Y110.956300 Z-0.125000
G01 X15.950300 Y119.663600 Z-0.125000
G01 X16.193600 Y119.807400 Z-0.125000
G01 X16.394700 Y119.789900 Z-0.125000
G01 X16.476600 Y119.653100 Z-0.125000
G01 X16.362000 Y119.439200 Z-0.125000
G01 X7.507080 Y110.584200 Z-0.125000
G01 X7.365100 Y110.342800 Z-0.125000
G01 X7.386700 Y110.145800 Z-0.125000
G01 X7.527570 Y110.068000 Z-0.125000
G01 X7.743400 Y110.184400 Z-0.125000
G01 X16.774400 Y119.215400 Z-0.125000
G01 X17.018400 Y119.360000 Z-0.125000
G01 X17.221200 Y119.344200 Z-0.125000
G01 X17.304800 Y119.209200 Z-0.125000
G01 X17.191000 Y118.996000 Z-0.125000
G01 X7.959120 Y109.764100 Z-0.125000
G01 X7.811280 Y109.516800 Z-0.125000
G01 X7.819980 Y109.306900 Z-0.125000
G01 X7.947950 Y109.216200 Z-0.125000
G01 X8.157910 Y109.326700 Z-0.125000
G01 X17.609000 Y118.777900 Z-0.125000
G01 X17.853500 Y118.922900 Z-0.125000
G01 X18.057300 Y118.908100 Z-0.125000
G01 X18.141900 Y118.774000 Z-0.125000
G01 X18.028500 Y118.561300 Z-0.125000
G01 X8.342570 Y108.875300 Z-0.125000
G01 X8.190650 Y108.624000 Z-0.125000
G01 X8.190380 Y108.405100 Z-0.125000
G01 X8.309380 Y108.305400 Z-0.125000
G01 X8.515260 Y108.411900 Z-0.125000
G01 X18.450500 Y118.347200 Z-0.125000
G01 X18.695400 Y118.492600 Z-0.125000
G01 X18.900100 Y118.478600 Z-0.125000
G01 X18.985500 Y118.345400 Z-0.125000
G01 X18.872500 Y118.133000 Z-0.125000
G01 X8.674850 Y107.935400 Z-0.125000
G01 X8.512560 Y107.455000 Z-0.125000
G01 X8.624610 Y107.348400 Z-0.125000
G01 X8.827340 Y107.451800 Z-0.125000
G01 X19.294500 Y117.919000 Z-0.125000
G01 X19.539400 Y118.064400 Z-0.125000
G01 X19.744000 Y118.050400 Z-0.125000
G01 X19.829400 Y117.917100 Z-0.125000
G01 X19.716400 Y117.704800 Z-0.125000
G01 X8.973490 Y106.961800 Z-0.125000
G01 X8.802470 Y106.472800 Z-0.125000
G01 X8.908530 Y106.360200 Z-0.125000
G01 X9.108540 Y106.460800 Z-0.125000
G01 X20.134700 Y117.486900 Z-0.125000
G01 X20.378600 Y117.631400 Z-0.125000
G01 X20.581200 Y117.615400 Z-0.125000
G01 X20.664500 Y117.480000 Z-0.125000
G01 X20.550600 Y117.266700 Z-0.125000
G01 X9.236690 Y105.952800 Z-0.125000
G01 X9.058700 Y105.456800 Z-0.125000
G01 X9.159960 Y105.339400 Z-0.125000
G01 X9.357780 Y105.437800 Z-0.125000
G01 X20.963300 Y117.043300 Z-0.125000
G01 X21.205700 Y117.186400 Z-0.125000
G01 X21.405100 Y117.167000 Z-0.125000
G01 X21.485200 Y117.028500 Z-0.125000
G01 X21.369800 Y116.813700 Z-0.125000
G01 X9.467820 Y104.911700 Z-0.125000
G01 X9.277630 Y104.403500 Z-0.125000
G01 X9.370500 Y104.277700 Z-0.125000
G01 X9.564510 Y104.372300 Z-0.125000
G01 X21.769400 Y116.577200 Z-0.125000
G01 X22.009300 Y116.717800 Z-0.125000
G01 X22.203300 Y116.693100 Z-0.125000
G01 X22.278100 Y116.549200 Z-0.125000
G01 X22.160200 Y116.332000 Z-0.125000
G01 X9.644130 Y103.815800 Z-0.125000
G01 X9.426800 Y103.280500 Z-0.125000
G01 X9.501010 Y103.136000 Z-0.125000
G01 X9.686540 Y103.222200 Z-0.125000
G01 X22.539200 Y116.074800 Z-0.125000
G01 X22.774800 Y116.211000 Z-0.125000
G01 X22.959100 Y116.176700 Z-0.125000
G01 X23.024200 Y116.023100 Z-0.125000
G01 X22.902000 Y115.801500 Z-0.125000
G01 X9.693780 Y102.593000 Z-0.125000
G01 X9.433900 Y102.015000 Z-0.125000
G01 X9.478850 Y101.842000 Z-0.125000
G01 X9.651080 Y101.915000 Z-0.125000
G01 X23.243800 Y115.507200 Z-0.125000
G01 X23.471300 Y115.635300 Z-0.125000
G01 X23.637800 Y115.583200 Z-0.125000
G01 X23.685000 Y115.411700 Z-0.125000
G01 X23.554700 Y115.182000 Z-0.125000
G01 X9.314270 Y100.942000 Z-0.125000
G00 Z5.000000

(End cutting path id: path8334)


(Start cutting path id: path8334)
(Change tool to Default tool)

G00 Z5.000000
G00 X9.326750 Y102.902000

G01 Z-0.125000 F100.0(Penetrate)
G01 X8.972870 Y105.252900 Z-0.125000 F400.000000
G01 X8.146800 Y108.144700 Z-0.125000
G01 X7.339010 Y109.976000 Z-0.125000
G01 X6.503630 Y111.057800 Z-0.125000
G01 X6.083600 Y111.324700 Z-0.125000
G01 X5.666290 Y111.412500 Z-0.125000
G01 X5.254900 Y111.324300 Z-0.125000
G01 X4.852630 Y111.062600 Z-0.125000
G01 X4.088290 Y110.030500 Z-0.125000
G01 X3.398890 Y108.338600 Z-0.125000
G01 X2.810090 Y106.009500 Z-0.125000
G01 X2.347500 Y103.066000 Z-0.125000
G01 X2.266420 Y100.954000 Z-0.125000
G01 X2.388250 Y100.334000 Z-0.125000
G01 X2.601660 Y100.016000 Z-0.125000
G01 X2.894150 Y100.007000 Z-0.125000
G01 X3.253210 Y100.316000 Z-0.125000
G01 X4.121050 Y101.919000 Z-0.125000
G01 X4.963580 Y103.372600 Z-0.125000
G01 X5.394520 Y103.709000 Z-0.125000
G01 X5.824500 Y103.786000 Z-0.125000
G01 X6.247980 Y103.604100 Z-0.125000
G01 X6.659390 Y103.164000 Z-0.125000
G01 X7.423810 Y101.513000 Z-0.125000
G01 X8.102190 Y100.118000 Z-0.125000
G01 X8.426260 Y99.882000 Z-0.125000
G01 X8.721300 Y99.940000 Z-0.125000
G01 X8.973090 Y100.281000 Z-0.125000
G01 X9.167400 Y100.896000 Z-0.125000
G01 X9.326750 Y102.902000 Z-0.125000
G01 X9.326750 Y102.902000 Z-0.125000
G00 Z5.000000

(End cutting path id: path8334)


(Start cutting path id: path8334)
(Change tool to Default tool)

G00 Z5.000000
G00 X6.473930 Y103.190000

G01 Z-0.125000 F100.0(Penetrate)
G01 X-14.321000 Y82.395000 Z-0.125000 F400.000000
G01 X-14.460100 Y82.157000 Z-0.125000
G01 X-14.432300 Y81.966000 Z-0.125000
G01 X-14.285200 Y81.894000 Z-0.125000
G01 X-14.066500 Y82.013000 Z-0.125000
G01 X6.489700 Y102.570000 Z-0.125000
G01 X6.702360 Y102.683000 Z-0.125000
G01 X6.836250 Y102.598000 Z-0.125000
G01 X6.850870 Y102.394000 Z-0.125000
G01 X6.705720 Y102.150000 Z-0.125000
G01 X-13.793500 Y81.650000 Z-0.125000
G01 X-13.926600 Y81.418000 Z-0.125000
G01 X-13.885500 Y81.240000 Z-0.125000
G01 X-13.725100 Y81.182000 Z-0.125000
G01 X-13.500400 Y81.307000 Z-0.125000
G01 X6.893980 Y101.702000 Z-0.125000
G01 X7.098820 Y101.807000 Z-0.125000
G01 X7.215490 Y101.705000 Z-0.125000
G01 X7.212900 Y101.484000 Z-0.125000
G01 X7.059920 Y101.232000 Z-0.125000
G01 X-13.185300 Y80.986000 Z-0.125000
G01 X-13.311100 Y80.761000 Z-0.125000
G01 X-13.254100 Y80.600000 Z-0.125000
G01 X-13.077700 Y80.557000 Z-0.125000
G01 X-12.845800 Y80.690000 Z-0.125000
G01 X7.228840 Y100.764000 Z-0.125000
G01 X7.438730 Y100.875000 Z-0.125000
G01 X7.566550 Y100.784000 Z-0.125000
G01 X7.575090 Y100.574000 Z-0.125000
G01 X7.427180 Y100.327000 Z-0.125000
G01 X-12.478300 Y80.421000 Z-0.125000
G01 X-12.595100 Y80.205000 Z-0.125000
G01 X-12.518100 Y80.063000 Z-0.125000
G01 X-12.321800 Y80.041000 Z-0.125000
G01 X-12.080700 Y80.183000 Z-0.125000
G01 X7.661280 Y99.925000 Z-0.125000
G01 X7.889150 Y100.053000 Z-0.125000
G01 X8.056520 Y100.002000 Z-0.125000
G01 X8.104610 Y99.831000 Z-0.125000
G01 X7.974680 Y99.602000 Z-0.125000
G01 X-11.654700 Y79.973000 Z-0.125000
G01 X-11.762200 Y79.766000 Z-0.125000
G01 X-11.664700 Y79.645000 Z-0.125000
G01 X-11.448000 Y79.643000 Z-0.125000
G01 X-11.197600 Y79.794000 Z-0.125000
G01 X23.829200 Y114.820400 Z-0.125000
G01 X24.044400 Y114.936200 Z-0.125000
G01 X24.183800 Y114.857000 Z-0.125000
G01 X24.204000 Y114.658500 Z-0.125000
G01 X24.061400 Y114.416500 Z-0.125000
G01 X-10.712200 Y79.643000 Z-0.125000
G01 X-10.810800 Y79.445000 Z-0.125000
G01 X-10.693600 Y79.343000 Z-0.125000
G01 X-10.197800 Y79.521000 Z-0.125000
G01 X24.250700 Y113.969700 Z-0.125000
G01 X24.454100 Y114.073700 Z-0.125000
G01 X24.567500 Y113.968500 Z-0.125000
G01 X24.561700 Y113.744000 Z-0.125000
G01 X24.407200 Y113.490100 Z-0.125000
G01 X-9.654750 Y79.428000 Z-0.125000
G01 X-9.743100 Y79.240000 Z-0.125000
G01 X-9.603530 Y79.161000 Z-0.125000
G01 X-9.075230 Y79.372000 Z-0.125000
G01 X-1.804140 Y86.643000 Z-0.125000
G01 X-1.659730 Y86.688000 Z-0.125000
G01 X-1.675990 Y86.453000 Z-0.125000
G01 X-2.024920 Y85.786000 Z-0.125000
G01 X-8.459160 Y79.352000 Z-0.125000
G01 X-8.533960 Y79.177000 Z-0.125000
G01 X-8.364570 Y79.128000 Z-0.125000
G01 X-7.792910 Y79.382000 Z-0.125000
G01 X-2.245700 Y84.929000 Z-0.125000
G01 X-2.105740 Y84.969000 Z-0.125000
G01 X-2.131770 Y84.725000 Z-0.125000
G01 X-2.494930 Y84.044000 Z-0.125000
G01 X-7.033250 Y79.505000 Z-0.125000
G01 X-7.069870 Y79.369000 Z-0.125000
G01 X-6.816500 Y79.404000 Z-0.125000
G01 X-6.122670 Y79.780000 Z-0.125000
G01 X-2.893650 Y83.009000 Z-0.125000
G01 X-2.800990 Y83.002000 Z-0.125000
G01 X-2.931110 Y82.653000 Z-0.125000
G01 X-3.445650 Y81.821000 Z-0.125000
G01 X-5.288600 Y79.978000 Z-0.125000
G00 Z5.000000

(End cutting path id: path8334)


(Start cutting path id: path8334)
(Change tool to Default tool)

G00 Z5.000000
G00 X-13.110600 Y80.302000

G01 Z-0.125000 F100.0(Penetrate)
G01 X-13.860000 Y81.004000 Z-0.125000 F400.000000
G01 X-14.511300 Y81.839000 Z-0.125000
G01 X-15.468100 Y83.757000 Z-0.125000
G01 X-15.878700 Y85.763000 Z-0.125000
G01 X-15.847200 Y86.706000 Z-0.125000
G01 X-15.640800 Y87.561000 Z-0.125000
G01 X-15.465500 Y88.533000 Z-0.125000
G01 X-15.848900 Y89.607000 Z-0.125000
G01 X-16.995000 Y91.130000 Z-0.125000
G01 X-19.107800 Y93.447000 Z-0.125000
G01 X-22.160600 Y96.941000 Z-0.125000
G01 X-24.505600 Y100.314000 Z-0.125000
G01 X-26.467400 Y104.106600 Z-0.125000
G01 X-28.370400 Y108.859100 Z-0.125000
G01 X-29.410100 Y111.928700 Z-0.125000
G01 X-29.970200 Y114.596800 Z-0.125000
G01 X-30.186100 Y117.903900 Z-0.125000
G01 X-30.192700 Y122.890700 Z-0.125000
G01 X-30.097000 Y127.685500 Z-0.125000
G01 X-29.841900 Y131.003000 Z-0.125000
G01 X-29.326200 Y133.623100 Z-0.125000
G01 X-28.448600 Y136.325900 Z-0.125000
G01 X-26.530600 Y141.044900 Z-0.125000
G01 X-24.423900 Y144.954900 Z-0.125000
G01 X-21.849600 Y148.500600 Z-0.125000
G01 X-18.528500 Y152.126300 Z-0.125000
G01 X-15.811100 Y154.627800 Z-0.125000
G01 X-12.969700 Y156.796200 Z-0.125000
G01 X-10.022000 Y158.631400 Z-0.125000
G01 X-6.985630 Y160.133500 Z-0.125000
G01 X-3.878220 Y161.302500 Z-0.125000
G01 X-0.717388 Y162.138200 Z-0.125000
G01 X2.479210 Y162.640800 Z-0.125000
G01 X5.693960 Y162.810100 Z-0.125000
G01 X8.909220 Y162.646200 Z-0.125000
G01 X12.107300 Y162.149100 Z-0.125000
G01 X15.270700 Y161.318700 Z-0.125000
G01 X18.381700 Y160.155000 Z-0.125000
G01 X21.422600 Y158.658100 Z-0.125000
G01 X24.375900 Y156.827800 Z-0.125000
G01 X27.223900 Y154.664300 Z-0.125000
G01 X29.949000 Y152.167400 Z-0.125000
G01 X32.705000 Y149.099100 Z-0.125000
G01 X35.101300 Y145.800300 Z-0.125000
G01 X37.137400 Y142.303300 Z-0.125000
G01 X38.813000 Y138.640800 Z-0.125000
G01 X40.127700 Y134.845200 Z-0.125000
G01 X41.081100 Y130.948900 Z-0.125000
G01 X41.672900 Y126.984400 Z-0.125000
G01 X41.902500 Y122.984300 Z-0.125000
G01 X41.769600 Y118.980900 Z-0.125000
G01 X41.273900 Y115.006800 Z-0.125000
G01 X40.414900 Y111.094500 Z-0.125000
G01 X39.192200 Y107.276300 Z-0.125000
G01 X37.605500 Y103.584900 Z-0.125000
G01 X35.654300 Y100.053000 Z-0.125000
G01 X33.338300 Y96.712000 Z-0.125000
G01 X30.657100 Y93.596000 Z-0.125000
G01 X28.336700 Y91.110000 Z-0.125000
G01 X27.166600 Y89.495000 Z-0.125000
G01 X26.906300 Y88.802000 Z-0.125000
G01 X26.805700 Y88.073000 Z-0.125000
G01 X26.913200 Y86.167000 Z-0.125000
G01 X27.019800 Y84.393000 Z-0.125000
G01 X26.848700 Y83.166000 Z-0.125000
G01 X26.287500 Y82.143000 Z-0.125000
G01 X25.224000 Y80.977000 Z-0.125000
G01 X23.607200 Y79.745000 Z-0.125000
G01 X21.852200 Y79.064000 Z-0.125000
G01 X20.050300 Y78.905000 Z-0.125000
G01 X18.292700 Y79.235000 Z-0.125000
G01 X16.670700 Y80.026000 Z-0.125000
G01 X15.275400 Y81.246000 Z-0.125000
G01 X14.198200 Y82.866000 Z-0.125000
G01 X13.530300 Y84.856000 Z-0.125000
G01 X13.085600 Y87.079000 Z-0.125000
G01 X12.235700 Y84.201000 Z-0.125000
G01 X11.791900 Y82.942000 Z-0.125000
G01 X11.254700 Y81.869000 Z-0.125000
G01 X10.617100 Y80.974000 Z-0.125000
G01 X9.872260 Y80.253000 Z-0.125000
G01 X9.013390 Y79.700000 Z-0.125000
G01 X8.033630 Y79.309000 Z-0.125000
G01 X6.926120 Y79.076000 Z-0.125000
G01 X5.684010 Y78.995000 Z-0.125000
G01 X4.361840 Y79.078000 Z-0.125000
G01 X3.173440 Y79.338000 Z-0.125000
G01 X2.123060 Y79.772000 Z-0.125000
G01 X1.214930 Y80.378000 Z-0.125000
G01 X0.453311 Y81.150000 Z-0.125000
G01 X-0.157557 Y82.086000 Z-0.125000
G01 X-0.613429 Y83.182000 Z-0.125000
G01 X-0.910059 Y84.435000 Z-0.125000
G01 X-1.353860 Y87.173000 Z-0.125000
G01 X-1.944870 Y84.879000 Z-0.125000
G01 X-2.372660 Y83.574000 Z-0.125000
G01 X-2.940840 Y82.412000 Z-0.125000
G01 X-3.638610 Y81.403000 Z-0.125000
G01 X-4.455160 Y80.556000 Z-0.125000
G01 X-5.379680 Y79.881000 Z-0.125000
G01 X-6.401360 Y79.387000 Z-0.125000
G01 X-7.509400 Y79.084000 Z-0.125000
G01 X-8.692990 Y78.981000 Z-0.125000
G01 X-9.971560 Y79.068000 Z-0.125000
G01 X-11.156000 Y79.324000 Z-0.125000
G01 X-12.213300 Y79.738000 Z-0.125000
G01 X-13.110600 Y80.302000 Z-0.125000
G01 X-13.110600 Y80.302000 Z-0.125000
G00 Z5.000000

(End cutting path id: path8334)


(Start cutting path id: path8334)
(Change tool to Default tool)

G00 Z5.000000
G00 X-19.732200 Y89.070000

G01 Z-0.125000 F100.0(Penetrate)
G01 X-21.379900 Y87.422000 Z-0.125000 F400.000000
G00 Z5.000000

(End cutting path id: path8334)


(Start cutting path id: path8334)
(Change tool to Default tool)

G00 Z5.000000
G00 X-31.814400 Y77.624000

G01 Z-0.125000 F100.0(Penetrate)
G01 X-53.773000 Y55.665000 Z-0.125000 F400.000000
G01 X-53.860500 Y55.478000 Z-0.125000
G01 X-53.718900 Y55.401000 Z-0.125000
G01 X-53.187700 Y55.614000 Z-0.125000
G01 X-32.062500 Y76.740000 Z-0.125000
G01 X-31.885100 Y76.818000 Z-0.125000
G01 X-31.828700 Y76.655000 Z-0.125000
G01 X-32.072000 Y76.094000 Z-0.125000
G01 X-52.582000 Y55.584000 Z-0.125000
G01 X-52.663300 Y55.403000 Z-0.125000
G01 X-52.508100 Y55.340000 Z-0.125000
G01 X-51.957000 Y55.573000 Z-0.125000
G01 X-32.081500 Y75.448000 Z-0.125000
G01 X-31.904100 Y75.526000 Z-0.125000
G01 X-31.847700 Y75.364000 Z-0.125000
G01 X-32.091000 Y74.803000 Z-0.125000
G01 X-51.311400 Y55.582000 Z-0.125000
G01 X-51.386100 Y55.408000 Z-0.125000
G01 X-51.216400 Y55.359000 Z-0.125000
G01 X-50.644400 Y55.613000 Z-0.125000
G01 X-32.100500 Y74.157000 Z-0.125000
G01 X-31.925100 Y74.233000 Z-0.125000
G01 X-31.873000 Y74.066000 Z-0.125000
G01 X-32.122600 Y73.499000 Z-0.125000
G01 X-49.954500 Y55.667000 Z-0.125000
G01 X-50.021800 Y55.500000 Z-0.125000
G01 X-49.835800 Y55.468000 Z-0.125000
G01 X-49.240100 Y55.745000 Z-0.125000
G01 X-32.174700 Y72.811000 Z-0.125000
G01 X-32.010100 Y72.876000 Z-0.125000
G01 X-31.982100 Y72.685000 Z-0.125000
G01 X-32.266500 Y72.083000 Z-0.125000
G01 X-48.493200 Y55.856000 Z-0.125000
G01 X-48.551100 Y55.699000 Z-0.125000
G01 X-48.344400 Y55.687000 Z-0.125000
G01 X-47.718500 Y55.995000 Z-0.125000
G01 X-32.396500 Y71.317000 Z-0.125000
G01 X-32.244600 Y71.369000 Z-0.125000
G01 X-32.244100 Y71.151000 Z-0.125000
G01 X-32.568800 Y70.508000 Z-0.125000
G01 X-46.911200 Y56.166000 Z-0.125000
G01 X-46.957000 Y56.021000 Z-0.125000
G01 X-46.723700 Y56.035000 Z-0.125000
G01 X-46.059100 Y56.382000 Z-0.125000
G01 X-32.788600 Y69.652000 Z-0.125000
G01 X-32.652600 Y69.689000 Z-0.125000
G01 X-32.687400 Y69.436000 Z-0.125000
G01 X-33.063200 Y68.742000 Z-0.125000
G01 X-45.163200 Y56.642000 Z-0.125000
G01 X-45.192100 Y56.513000 Z-0.125000
G01 X-44.921700 Y56.565000 Z-0.125000
G01 X-44.203200 Y56.966000 Z-0.125000
G01 X-33.388000 Y67.781000 Z-0.125000
G01 X-33.278800 Y67.791000 Z-0.125000
G01 X-33.372500 Y67.478000 Z-0.125000
G01 X-33.834200 Y66.699000 Z-0.125000
G01 X-43.281600 Y57.251000 Z-0.125000
G01 X-43.287400 Y57.146000 Z-0.125000
G01 X-42.966100 Y57.249000 Z-0.125000
G01 X-42.173600 Y57.723000 Z-0.125000
G01 X-33.981200 Y65.915000 Z-0.125000
G00 Z5.000000

(End cutting path id: path8334)


(Start cutting path id: path8334)
(Change tool to Default tool)

G00 Z5.000000
G00 X-34.881900 Y64.379000

G01 Z-0.125000 F100.0(Penetrate)
G01 X-40.923800 Y58.337000 Z-0.125000 F400.000000
G00 Z5.000000

(End cutting path id: path8334)


(Start cutting path id: path8334)
(Change tool to Default tool)

G00 Z5.000000
G00 X-35.768500 Y62.856000

G01 Z-0.125000 F100.0(Penetrate)
G01 X-39.400000 Y59.224000 Z-0.125000 F400.000000
G00 Z5.000000

(End cutting path id: path8334)


(Start cutting path id: path8334)
(Change tool to Default tool)

G00 Z5.000000
G00 X-35.406000 Y48.588000

G01 Z-0.125000 F100.0(Penetrate)
G01 X-35.185700 Y48.808000 Z-0.125000 F400.000000
G01 X-34.647300 Y49.029000 Z-0.125000
G01 X-34.483700 Y48.974000 Z-0.125000
G01 X-34.549600 Y48.808000 Z-0.125000
G01 X-35.178000 Y48.180000 Z-0.125000
G01 X-35.421800 Y47.618000 Z-0.125000
G01 X-35.365700 Y47.456000 Z-0.125000
G01 X-35.188500 Y47.533000 Z-0.125000
G01 X-33.931600 Y48.790000 Z-0.125000
G01 X-33.375100 Y49.029000 Z-0.125000
G01 X-33.216000 Y48.969000 Z-0.125000
G01 X-33.295500 Y48.790000 Z-0.125000
G01 X-35.199000 Y46.887000 Z-0.125000
G01 X-35.442700 Y46.325000 Z-0.125000
G01 X-35.386700 Y46.162000 Z-0.125000
G01 X-35.209400 Y46.240000 Z-0.125000
G01 X-32.659400 Y48.790000 Z-0.125000
G01 X-32.102900 Y49.029000 Z-0.125000
G01 X-31.943800 Y48.969000 Z-0.125000
G01 X-32.023300 Y48.790000 Z-0.125000
G01 X-35.219900 Y45.594000 Z-0.125000
G01 X-35.463700 Y45.032000 Z-0.125000
G01 X-35.407700 Y44.869000 Z-0.125000
G01 X-35.230400 Y44.947000 Z-0.125000
G01 X-31.387200 Y48.790000 Z-0.125000
G01 X-30.830700 Y49.029000 Z-0.125000
G01 X-30.671600 Y48.969000 Z-0.125000
G01 X-30.751100 Y48.790000 Z-0.125000
G01 X-32.303300 Y47.238000 Z-0.125000
G01 X-32.382800 Y47.059000 Z-0.125000
G01 X-32.223800 Y47.000000 Z-0.125000
G01 X-31.667200 Y47.238000 Z-0.125000
G01 X-30.115000 Y48.790000 Z-0.125000
G01 X-29.558500 Y49.029000 Z-0.125000
G01 X-29.399400 Y48.969000 Z-0.125000
G01 X-29.478900 Y48.790000 Z-0.125000
G01 X-31.031100 Y47.238000 Z-0.125000
G01 X-31.110600 Y47.059000 Z-0.125000
G01 X-30.951600 Y47.000000 Z-0.125000
G01 X-30.395000 Y47.238000 Z-0.125000
G01 X-28.842800 Y48.790000 Z-0.125000
G01 X-28.286300 Y49.029000 Z-0.125000
G01 X-28.127200 Y48.969000 Z-0.125000
G01 X-28.206700 Y48.790000 Z-0.125000
G01 X-29.761300 Y47.236000 Z-0.125000
G01 X-29.841600 Y47.056000 Z-0.125000
G01 X-29.684400 Y46.995000 Z-0.125000
G01 X-29.130500 Y47.231000 Z-0.125000
G01 X-27.570600 Y48.791000 Z-0.125000
G01 X-27.014100 Y49.029000 Z-0.125000
G01 X-26.855000 Y48.969000 Z-0.125000
G01 X-26.934500 Y48.791000 Z-0.125000
G01 X-28.522100 Y47.203000 Z-0.125000
G01 X-28.612800 Y47.013000 Z-0.125000
G01 X-28.478600 Y46.928000 Z-0.125000
G01 X-27.958100 Y47.131000 Z-0.125000
G01 X-26.298400 Y48.791000 Z-0.125000
G01 X-25.741800 Y49.029000 Z-0.125000
G01 X-25.582800 Y48.970000 Z-0.125000
G01 X-25.662300 Y48.791000 Z-0.125000
G01 X-27.485100 Y46.968000 Z-0.125000
G01 X-27.613600 Y46.740000 Z-0.125000
G01 X-27.562500 Y46.572000 Z-0.125000
G01 X-27.392100 Y46.524000 Z-0.125000
G01 X-27.162800 Y46.654000 Z-0.125000
G01 X-25.026200 Y48.791000 Z-0.125000
G01 X-24.469600 Y49.029000 Z-0.125000
G01 X-24.310600 Y48.970000 Z-0.125000
G01 X-24.390100 Y48.791000 Z-0.125000
G01 X-27.001800 Y46.179000 Z-0.125000
G01 X-27.219400 Y45.643000 Z-0.125000
G01 X-27.145500 Y45.499000 Z-0.125000
G01 X-26.960100 Y45.585000 Z-0.125000
G01 X-23.754000 Y48.791000 Z-0.125000
G01 X-23.197400 Y49.029000 Z-0.125000
G01 X-23.038400 Y48.970000 Z-0.125000
G01 X-23.117900 Y48.791000 Z-0.125000
G01 X-26.946900 Y44.962000 Z-0.125000
G01 X-27.164900 Y44.426000 Z-0.125000
G01 X-27.091200 Y44.281000 Z-0.125000
G01 X-26.905900 Y44.367000 Z-0.125000
G01 X-22.792400 Y48.480000 Z-0.125000
G01 X-22.613500 Y48.560000 Z-0.125000
G01 X-22.553800 Y48.401000 Z-0.125000
G01 X-22.792400 Y47.844000 Z-0.125000
G01 X-26.817400 Y43.819000 Z-0.125000
G01 X-26.986500 Y43.332000 Z-0.125000
G01 X-26.879100 Y43.221000 Z-0.125000
G01 X-26.678500 Y43.322000 Z-0.125000
G01 X-22.792400 Y47.208000 Z-0.125000
G01 X-22.613500 Y47.287000 Z-0.125000
G01 X-22.553800 Y47.128000 Z-0.125000
G01 X-22.792400 Y46.572000 Z-0.125000
G01 X-26.470700 Y42.893000 Z-0.125000
G01 X-26.604800 Y42.660000 Z-0.125000
G01 X-26.565900 Y42.480000 Z-0.125000
G01 X-26.407800 Y42.420000 Z-0.125000
G01 X-26.184100 Y42.544000 Z-0.125000
G01 X-22.792400 Y45.936000 Z-0.125000
G01 X-22.613500 Y46.015000 Z-0.125000
G01 X-22.553800 Y45.856000 Z-0.125000
G01 X-22.792400 Y45.300000 Z-0.125000
G01 X-25.805800 Y42.286000 Z-0.125000
G01 X-25.910000 Y42.083000 Z-0.125000
G01 X-25.805300 Y41.969000 Z-0.125000
G01 X-25.581300 Y41.974000 Z-0.125000
G01 X-25.327700 Y42.128000 Z-0.125000
G01 X-22.795900 Y44.660000 Z-0.125000
G01 X-22.618000 Y44.738000 Z-0.125000
G01 X-22.560500 Y44.577000 Z-0.125000
G01 X-22.802100 Y44.018000 Z-0.125000
G01 X-24.752300 Y42.067000 Z-0.125000
G01 X-24.825500 Y41.895000 Z-0.125000
G01 X-24.652800 Y41.849000 Z-0.125000
G01 X-24.076200 Y42.107000 Z-0.125000
G01 X-22.826900 Y43.357000 Z-0.125000
G01 X-22.660800 Y43.423000 Z-0.125000
G01 X-22.629400 Y43.236000 Z-0.125000
G01 X-22.908900 Y42.639000 Z-0.125000
G01 X-23.622300 Y41.925000 Z-0.125000
G00 Z5.000000

(End cutting path id: path8334)


(Start cutting path id: path8334)
(Change tool to Default tool)

G00 Z5.000000
G00 X-19.865500 Y48.226000

G01 Z-0.125000 F100.0(Penetrate)
G01 X-19.714000 Y48.378000 Z-0.125000 F400.000000
G01 X-19.210000 Y48.564000 Z-0.125000
G01 X-19.005500 Y48.549000 Z-0.125000
G01 X-19.008900 Y48.447000 Z-0.125000
G01 X-19.863700 Y47.592000 Z-0.125000
G01 X-20.139000 Y46.998000 Z-0.125000
G01 X-20.104700 Y46.814000 Z-0.125000
G01 X-19.937200 Y46.882000 Z-0.125000
G01 X-18.791600 Y48.028000 Z-0.125000
G01 X-18.592300 Y48.128000 Z-0.125000
G01 X-18.487700 Y48.014000 Z-0.125000
G01 X-18.660900 Y47.522000 Z-0.125000
G01 X-20.003800 Y46.180000 Z-0.125000
G01 X-20.266300 Y45.599000 Z-0.125000
G01 X-20.223200 Y45.423000 Z-0.125000
G01 X-20.051800 Y45.495000 Z-0.125000
G01 X-18.599400 Y46.948000 Z-0.125000
G01 X-18.415200 Y47.033000 Z-0.125000
G01 X-18.343800 Y46.885000 Z-0.125000
G01 X-18.565400 Y46.346000 Z-0.125000
G01 X-20.094000 Y44.817000 Z-0.125000
G01 X-20.343600 Y44.249000 Z-0.125000
G01 X-20.291500 Y44.083000 Z-0.125000
G01 X-20.116100 Y44.159000 Z-0.125000
G01 X-18.546900 Y45.728000 Z-0.125000
G01 X-18.366700 Y45.809000 Z-0.125000
G01 X-18.304200 Y45.653000 Z-0.125000
G01 X-18.538600 Y45.100000 Z-0.125000
G01 X-20.140700 Y43.498000 Z-0.125000
G01 X-20.389500 Y42.931000 Z-0.125000
G01 X-20.336800 Y42.765000 Z-0.125000
G01 X-20.161100 Y42.842000 Z-0.125000
G01 X-18.534900 Y44.468000 Z-0.125000
G01 X-18.355300 Y44.548000 Z-0.125000
G01 X-18.294100 Y44.391000 Z-0.125000
G01 X-18.530400 Y43.836000 Z-0.125000
G01 X-20.179200 Y42.187000 Z-0.125000
G01 X-20.425800 Y41.623000 Z-0.125000
G01 X-20.371700 Y41.458000 Z-0.125000
G01 X-20.195300 Y41.535000 Z-0.125000
G01 X-18.524400 Y43.206000 Z-0.125000
G01 X-18.343000 Y43.288000 Z-0.125000
G01 X-18.277700 Y43.135000 Z-0.125000
G01 X-18.508100 Y42.586000 Z-0.125000
G01 X-20.209600 Y40.885000 Z-0.125000
G01 X-20.454300 Y40.322000 Z-0.125000
G01 X-20.398900 Y40.159000 Z-0.125000
G01 X-20.221900 Y40.236000 Z-0.125000
G01 X-18.484400 Y41.974000 Z-0.125000
G01 X-18.298600 Y42.060000 Z-0.125000
G01 X-18.223800 Y41.917000 Z-0.125000
G01 X-18.440300 Y41.382000 Z-0.125000
G01 X-20.234200 Y39.588000 Z-0.125000
G01 X-20.478900 Y39.025000 Z-0.125000
G01 X-20.423500 Y38.862000 Z-0.125000
G01 X-20.246500 Y38.940000 Z-0.125000
G01 X-18.406100 Y40.780000 Z-0.125000
G01 X-18.217200 Y40.870000 Z-0.125000
G01 X-18.135600 Y40.732000 Z-0.125000
G01 X-18.342100 Y40.208000 Z-0.125000
G01 X-20.258800 Y38.291000 Z-0.125000
G01 X-20.502600 Y37.729000 Z-0.125000
G01 X-20.446600 Y37.567000 Z-0.125000
G01 X-20.269400 Y37.645000 Z-0.125000
G01 X-18.243900 Y39.670000 Z-0.125000
G01 X-18.005900 Y39.809000 Z-0.125000
G01 X-17.816400 Y39.779000 Z-0.125000
G01 X-17.746200 Y39.631000 Z-0.125000
G01 X-17.866100 Y39.412000 Z-0.125000
G01 X-20.278100 Y37.000000 Z-0.125000
G01 X-20.520900 Y36.439000 Z-0.125000
G01 X-20.464300 Y36.277000 Z-0.125000
G01 X-20.286800 Y36.355000 Z-0.125000
G01 X-14.295900 Y42.346000 Z-0.125000
G00 Z5.000000

(End cutting path id: path8334)


(Start cutting path id: path8334)
(Change tool to Default tool)

G00 Z5.000000
G00 X-9.670960 Y46.335000

G01 Z-0.125000 F100.0(Penetrate)
G01 X-20.295100 Y35.711000 Z-0.125000 F400.000000
G01 X-20.535800 Y35.152000 Z-0.125000
G01 X-20.477700 Y34.991000 Z-0.125000
G01 X-20.299400 Y35.070000 Z-0.125000
G01 X-7.446460 Y47.923000 Z-0.125000
G00 Z5.000000

(End cutting path id: path8334)


(Start cutting path id: path8334)
(Change tool to Default tool)

G00 Z5.000000
G00 X-15.377100 Y35.540000

G01 Z-0.125000 F100.0(Penetrate)
G01 X-20.298000 Y30.619000 Z-0.125000 F400.000000
G01 X-20.533300 Y30.065000 Z-0.125000
G01 X-20.471500 Y29.909000 Z-0.125000
G01 X-20.291600 Y29.989000 Z-0.125000
G01 X-15.658100 Y34.623000 Z-0.125000
G01 X-15.485800 Y34.696000 Z-0.125000
G01 X-15.440700 Y34.522000 Z-0.125000
G01 X-15.700500 Y33.944000 Z-0.125000
G01 X-20.279400 Y29.365000 Z-0.125000
G01 X-20.526000 Y28.801000 Z-0.125000
G01 X-20.472000 Y28.636000 Z-0.125000
G01 X-20.295600 Y28.713000 Z-0.125000
G01 X-15.742900 Y33.266000 Z-0.125000
G01 X-15.570600 Y33.339000 Z-0.125000
G01 X-15.525600 Y33.165000 Z-0.125000
G01 X-15.785300 Y32.587000 Z-0.125000
G01 X-20.247100 Y28.125000 Z-0.125000
G01 X-20.475000 Y27.579000 Z-0.125000
G01 X-20.408000 Y27.428000 Z-0.125000
G01 X-20.225700 Y27.511000 Z-0.125000
G01 X-15.827700 Y31.909000 Z-0.125000
G01 X-15.655400 Y31.982000 Z-0.125000
G01 X-15.610400 Y31.808000 Z-0.125000
G01 X-15.870100 Y31.230000 Z-0.125000
G01 X-20.188900 Y26.911000 Z-0.125000
G01 X-20.393800 Y26.388000 Z-0.125000
G01 X-20.310900 Y26.253000 Z-0.125000
G01 X-20.121500 Y26.343000 Z-0.125000
G01 X-15.912500 Y30.552000 Z-0.125000
G01 X-15.740200 Y30.625000 Z-0.125000
G01 X-15.695200 Y30.451000 Z-0.125000
G01 X-15.954900 Y29.873000 Z-0.125000
G01 X-19.829000 Y25.999000 Z-0.125000
G01 X-19.938400 Y25.790000 Z-0.125000
G01 X-19.845200 Y25.665000 Z-0.125000
G01 X-19.632700 Y25.659000 Z-0.125000
G01 X-19.384300 Y25.808000 Z-0.125000
G01 X-15.997300 Y29.195000 Z-0.125000
G01 X-15.825100 Y29.267000 Z-0.125000
G01 X-15.780000 Y29.094000 Z-0.125000
G01 X-16.039700 Y28.516000 Z-0.125000
G01 X-18.841000 Y25.715000 Z-0.125000
G01 X-18.922600 Y25.534000 Z-0.125000
G01 X-18.768100 Y25.470000 Z-0.125000
G01 X-18.218200 Y25.702000 Z-0.125000
G01 X-16.082200 Y27.838000 Z-0.125000
G01 X-15.909900 Y27.910000 Z-0.125000
G01 X-15.864800 Y27.737000 Z-0.125000
G01 X-16.124600 Y27.159000 Z-0.125000
G01 X-17.528100 Y25.756000 Z-0.125000
G01 X-17.597000 Y25.587000 Z-0.125000
G01 X-17.414700 Y25.551000 Z-0.125000
G01 X-16.824200 Y25.823000 Z-0.125000
G01 X-16.122400 Y26.525000 Z-0.125000
G01 X-15.983600 Y26.565000 Z-0.125000
G01 X-15.949600 Y26.380000 Z-0.125000
G01 X-16.164800 Y25.847000 Z-0.125000
G01 X-16.358800 Y25.653000 Z-0.125000
G00 Z5.000000

(End cutting path id: path8334)


(Start cutting path id: path8334)
(Change tool to Default tool)

G00 Z5.000000
G00 X-20.476900 Y26.042000

G01 Z-0.125000 F100.0(Penetrate)
G01 X-20.664000 Y29.835000 Z-0.125000 F400.000000
G01 X-20.636200 Y37.708000 Z-0.125000
G01 X-20.505000 Y43.476000 Z-0.125000
G01 X-20.297100 Y46.758000 Z-0.125000
G01 X-19.926900 Y48.265000 Z-0.125000
G01 X-19.654100 Y48.576000 Z-0.125000
G01 X-19.308600 Y48.709000 Z-0.125000
G01 X-18.705400 Y48.671000 Z-0.125000
G01 X-18.358300 Y48.097000 Z-0.125000
G01 X-18.199500 Y46.724000 Z-0.125000
G01 X-18.161700 Y44.293000 Z-0.125000
G01 X-18.035000 Y41.019000 Z-0.125000
G01 X-17.898000 Y40.023000 Z-0.125000
G01 X-17.730600 Y39.658000 Z-0.125000
G01 X-15.933700 Y41.005000 Z-0.125000
G01 X-12.218700 Y44.245000 Z-0.125000
G01 X-8.206170 Y47.512000 Z-0.125000
G01 X-6.698930 Y48.481000 Z-0.125000
G01 X-5.768390 Y48.833000 Z-0.125000
G01 X-4.801100 Y48.733000 Z-0.125000
G01 X-4.398780 Y48.494000 Z-0.125000
G01 X-5.774530 Y46.958000 Z-0.125000
G01 X-9.082210 Y43.742000 Z-0.125000
G01 X-13.765600 Y39.330000 Z-0.125000
G01 X-9.246060 Y39.002000 Z-0.125000
G01 X-4.726460 Y38.675000 Z-0.125000
G01 X-4.726460 Y32.121000 Z-0.125000
G01 X-4.726460 Y25.567000 Z-0.125000
G01 X-6.829290 Y25.364000 Z-0.125000
G01 X-8.932120 Y25.160000 Z-0.125000
G01 X-9.123100 Y30.607000 Z-0.125000
G01 X-9.314080 Y36.053000 Z-0.125000
G01 X-12.263300 Y36.053000 Z-0.125000
G01 X-15.212500 Y36.053000 Z-0.125000
G01 X-15.540100 Y30.810000 Z-0.125000
G01 X-15.867800 Y25.567000 Z-0.125000
G01 X-18.002300 Y25.361000 Z-0.125000
G01 X-19.663900 Y25.443000 Z-0.125000
G01 X-20.189000 Y25.682000 Z-0.125000
G01 X-20.476900 Y26.042000 Z-0.125000
G01 X-20.476900 Y26.042000 Z-0.125000
G00 Z5.000000

(End cutting path id: path8334)


(Start cutting path id: path8334)
(Change tool to Default tool)

G00 Z5.000000
G00 X-26.611900 Y25.577000

G01 Z-0.125000 F100.0(Penetrate)
G01 X-22.797800 Y29.391000 Z-0.125000 F400.000000
G01 X-22.618100 Y29.472000 Z-0.125000
G01 X-22.556600 Y29.314000 Z-0.125000
G01 X-22.792400 Y28.761000 Z-0.125000
G01 X-25.718100 Y25.835000 Z-0.125000
G01 X-25.794600 Y25.659000 Z-0.125000
G01 X-25.628900 Y25.606000 Z-0.125000
G01 X-25.062700 Y25.854000 Z-0.125000
G01 X-22.792400 Y28.124000 Z-0.125000
G01 X-22.613500 Y28.204000 Z-0.125000
G01 X-22.553900 Y28.045000 Z-0.125000
G01 X-22.792400 Y27.488000 Z-0.125000
G01 X-24.407400 Y25.873000 Z-0.125000
G01 X-24.483900 Y25.697000 Z-0.125000
G01 X-24.318300 Y25.644000 Z-0.125000
G01 X-23.752100 Y25.893000 Z-0.125000
G01 X-22.792400 Y26.852000 Z-0.125000
G01 X-22.613500 Y26.932000 Z-0.125000
G01 X-22.553900 Y26.773000 Z-0.125000
G01 X-22.792400 Y26.216000 Z-0.125000
G01 X-23.272300 Y25.736000 Z-0.125000
G01 X-23.007700 Y25.683000 Z-0.125000
G01 X-22.616900 Y25.755000 Z-0.125000
G01 X-22.553900 Y25.819000 Z-0.125000
G00 Z5.000000

(End cutting path id: path8334)


(Start cutting path id: path8334)
(Change tool to Default tool)

G00 Z5.000000
G00 X-20.546800 Y32.278000

G01 Z-0.125000 F100.0(Penetrate)
G01 X-13.875700 Y38.949000 Z-0.125000 F400.000000
G01 X-13.340600 Y39.166000 Z-0.125000
G01 X-13.196300 Y39.092000 Z-0.125000
G01 X-13.282600 Y38.906000 Z-0.125000
G01 X-20.325600 Y31.863000 Z-0.125000
G01 X-20.553100 Y31.318000 Z-0.125000
G01 X-20.485800 Y31.167000 Z-0.125000
G01 X-20.303400 Y31.250000 Z-0.125000
G01 X-12.689500 Y38.863000 Z-0.125000
G01 X-12.154400 Y39.080000 Z-0.125000
G01 X-12.010100 Y39.006000 Z-0.125000
G01 X-12.096400 Y38.820000 Z-0.125000
G01 X-14.493000 Y36.424000 Z-0.125000
G01 X-14.572500 Y36.245000 Z-0.125000
G01 X-14.413400 Y36.185000 Z-0.125000
G01 X-13.856900 Y36.424000 Z-0.125000
G01 X-11.503300 Y38.777000 Z-0.125000
G01 X-10.968200 Y38.994000 Z-0.125000
G01 X-10.824000 Y38.920000 Z-0.125000
G01 X-10.910200 Y38.734000 Z-0.125000
G01 X-13.220800 Y36.424000 Z-0.125000
G01 X-13.300300 Y36.245000 Z-0.125000
G01 X-13.141200 Y36.185000 Z-0.125000
G01 X-12.584700 Y36.424000 Z-0.125000
G01 X-10.317100 Y38.691000 Z-0.125000
G01 X-9.782000 Y38.908000 Z-0.125000
G01 X-9.637750 Y38.834000 Z-0.125000
G01 X-9.723980 Y38.648000 Z-0.125000
G01 X-11.948600 Y36.424000 Z-0.125000
G01 X-12.028100 Y36.245000 Z-0.125000
G01 X-11.869000 Y36.185000 Z-0.125000
G01 X-11.312500 Y36.424000 Z-0.125000
G01 X-9.130890 Y38.605000 Z-0.125000
G01 X-8.595800 Y38.822000 Z-0.125000
G01 X-8.451550 Y38.748000 Z-0.125000
G01 X-8.537790 Y38.562000 Z-0.125000
G01 X-10.676400 Y36.424000 Z-0.125000
G01 X-10.755900 Y36.245000 Z-0.125000
G01 X-10.596800 Y36.185000 Z-0.125000
G01 X-10.040300 Y36.424000 Z-0.125000
G01 X-7.944690 Y38.519000 Z-0.125000
G01 X-7.409600 Y38.736000 Z-0.125000
G01 X-7.265350 Y38.662000 Z-0.125000
G01 X-7.351590 Y38.476000 Z-0.125000
G01 X-9.404150 Y36.424000 Z-0.125000
G01 X-9.510800 Y36.218000 Z-0.125000
G01 X-9.411480 Y36.099000 Z-0.125000
G01 X-9.192880 Y36.098000 Z-0.125000
G01 X-8.941720 Y36.250000 Z-0.125000
G01 X-6.758480 Y38.433000 Z-0.125000
G01 X-6.223400 Y38.650000 Z-0.125000
G01 X-6.079150 Y38.576000 Z-0.125000
G01 X-6.165380 Y38.390000 Z-0.125000
G01 X-8.920180 Y35.636000 Z-0.125000
G01 X-9.147940 Y35.090000 Z-0.125000
G01 X-9.080900 Y34.938000 Z-0.125000
G01 X-8.898630 Y35.021000 Z-0.125000
G01 X-5.572280 Y38.347000 Z-0.125000
G01 X-5.319160 Y38.501000 Z-0.125000
G01 X-5.096250 Y38.505000 Z-0.125000
G01 X-4.992610 Y38.390000 Z-0.125000
G01 X-5.097300 Y38.186000 Z-0.125000
G01 X-8.877080 Y34.407000 Z-0.125000
G01 X-9.104840 Y33.861000 Z-0.125000
G01 X-9.037800 Y33.709000 Z-0.125000
G01 X-8.855530 Y33.792000 Z-0.125000
G01 X-5.097300 Y37.550000 Z-0.125000
G01 X-4.918390 Y37.630000 Z-0.125000
G01 X-4.858760 Y37.471000 Z-0.125000
G01 X-5.097300 Y36.914000 Z-0.125000
G01 X-8.833980 Y33.177000 Z-0.125000
G01 X-9.061740 Y32.632000 Z-0.125000
G01 X-8.994700 Y32.480000 Z-0.125000
G01 X-8.812430 Y32.563000 Z-0.125000
G01 X-5.097290 Y36.278000 Z-0.125000
G01 X-4.918390 Y36.358000 Z-0.125000
G01 X-4.858760 Y36.199000 Z-0.125000
G01 X-5.097290 Y35.642000 Z-0.125000
G01 X-8.790880 Y31.948000 Z-0.125000
G01 X-9.018640 Y31.403000 Z-0.125000
G01 X-8.951600 Y31.251000 Z-0.125000
G01 X-8.769330 Y31.334000 Z-0.125000
G01 X-5.097290 Y35.006000 Z-0.125000
G01 X-4.918390 Y35.085000 Z-0.125000
G01 X-4.858750 Y34.926000 Z-0.125000
G01 X-5.097290 Y34.370000 Z-0.125000
G01 X-8.747780 Y30.719000 Z-0.125000
G01 X-8.975540 Y30.173000 Z-0.125000
G01 X-8.908500 Y30.022000 Z-0.125000
G01 X-8.726230 Y30.105000 Z-0.125000
G01 X-5.097290 Y33.734000 Z-0.125000
G01 X-4.918390 Y33.813000 Z-0.125000
G01 X-4.858750 Y33.654000 Z-0.125000
G01 X-5.097290 Y33.098000 Z-0.125000
G01 X-8.704680 Y29.490000 Z-0.125000
G01 X-8.932440 Y28.944000 Z-0.125000
G01 X-8.865400 Y28.793000 Z-0.125000
G01 X-8.683130 Y28.876000 Z-0.125000
G01 X-5.097290 Y32.461000 Z-0.125000
G01 X-4.918390 Y32.541000 Z-0.125000
G01 X-4.858750 Y32.382000 Z-0.125000
G01 X-5.097290 Y31.825000 Z-0.125000
G01 X-8.661580 Y28.261000 Z-0.125000
G01 X-8.889340 Y27.715000 Z-0.125000
G01 X-8.822300 Y27.564000 Z-0.125000
G01 X-8.640030 Y27.646000 Z-0.125000
G01 X-5.097290 Y31.189000 Z-0.125000
G01 X-4.918390 Y31.269000 Z-0.125000
G01 X-4.858750 Y31.110000 Z-0.125000
G01 X-5.097290 Y30.553000 Z-0.125000
G01 X-8.618480 Y27.032000 Z-0.125000
G01 X-8.846240 Y26.486000 Z-0.125000
G01 X-8.779200 Y26.335000 Z-0.125000
G01 X-8.596930 Y26.417000 Z-0.125000
G01 X-5.097290 Y29.917000 Z-0.125000
G01 X-4.918390 Y29.997000 Z-0.125000
G01 X-4.858750 Y29.837000 Z-0.125000
G01 X-5.097290 Y29.281000 Z-0.125000
G01 X-8.575380 Y25.803000 Z-0.125000
G01 X-8.689150 Y25.590000 Z-0.125000
G01 X-8.605500 Y25.455000 Z-0.125000
G01 X-8.402580 Y25.439000 Z-0.125000
G01 X-8.158550 Y25.584000 Z-0.125000
G01 X-5.097290 Y28.645000 Z-0.125000
G01 X-4.918390 Y28.724000 Z-0.125000
G01 X-4.858750 Y28.565000 Z-0.125000
G01 X-5.097290 Y28.009000 Z-0.125000
G01 X-7.454350 Y25.652000 Z-0.125000
G01 X-7.523220 Y25.483000 Z-0.125000
G01 X-7.340780 Y25.447000 Z-0.125000
G01 X-6.750140 Y25.720000 Z-0.125000
G01 X-5.097290 Y27.373000 Z-0.125000
G01 X-4.918390 Y27.452000 Z-0.125000
G01 X-4.858750 Y27.293000 Z-0.125000
G01 X-5.097290 Y26.737000 Z-0.125000
G01 X-6.045940 Y25.788000 Z-0.125000
G01 X-6.114810 Y25.620000 Z-0.125000
G01 X-5.932370 Y25.583000 Z-0.125000
G01 X-5.341730 Y25.856000 Z-0.125000
G01 X-4.858760 Y26.339000 Z-0.125000
G00 Z5.000000

(End cutting path id: path8334)


(Start cutting path id: path8334)
(Change tool to Default tool)

G00 Z5.000000
G00 X7.864920 Y25.646000

G01 Z-0.125000 F100.0(Penetrate)
G01 X7.683600 Y26.231000 Z-0.125000 F400.000000
G01 X7.535110 Y27.477000 Z-0.125000
G01 X7.397930 Y31.224000 Z-0.125000
G01 X7.442920 Y33.905000 Z-0.125000
G01 X7.625010 Y35.553000 Z-0.125000
G01 X8.014910 Y36.486000 Z-0.125000
G01 X8.683300 Y37.023000 Z-0.125000
G01 X9.355410 Y37.584000 Z-0.125000
G01 X9.772700 Y38.611000 Z-0.125000
G01 X10.013900 Y40.447000 Z-0.125000
G01 X10.157900 Y43.436000 Z-0.125000
G01 X10.347100 Y49.161000 Z-0.125000
G01 X16.573200 Y49.161000 Z-0.125000
G01 X22.799300 Y49.161000 Z-0.125000
G01 X22.979100 Y37.740000 Z-0.125000
G01 X22.993300 Y31.102000 Z-0.125000
G01 X22.753200 Y27.066000 Z-0.125000
G01 X22.524200 Y25.922000 Z-0.125000
G01 X22.215300 Y25.307000 Z-0.125000
G01 X21.820900 Y25.179000 Z-0.125000
G01 X21.335600 Y25.499000 Z-0.125000
G01 X21.114700 Y26.090000 Z-0.125000
G01 X20.884500 Y27.329000 Z-0.125000
G01 X20.505500 Y31.026000 Z-0.125000
G01 X20.177800 Y36.053000 Z-0.125000
G01 X16.245500 Y36.053000 Z-0.125000
G01 X12.313300 Y36.053000 Z-0.125000
G01 X11.985600 Y30.810000 Z-0.125000
G01 X11.766200 Y27.867000 Z-0.125000
G01 X11.470200 Y26.277000 Z-0.125000
G01 X11.242400 Y25.850000 Z-0.125000
G01 X10.934200 Y25.594000 Z-0.125000
G01 X9.994950 Y25.373000 Z-0.125000
G01 X8.683290 Y25.374000 Z-0.125000
G01 X7.864960 Y25.646000 Z-0.125000
G01 X7.864920 Y25.646000 Z-0.125000
G00 Z5.000000

(End cutting path id: path8334)


(Start cutting path id: path8334)
(Change tool to Default tool)

G00 Z5.000000
G00 X7.841640 Y35.859000

G01 Z-0.125000 F100.0(Penetrate)
G01 X11.614800 Y39.632000 Z-0.125000 F400.000000
G01 X11.793700 Y39.712000 Z-0.125000
G01 X11.853400 Y39.552000 Z-0.125000
G01 X11.614800 Y38.996000 Z-0.125000
G01 X7.912950 Y35.294000 Z-0.125000
G01 X7.638230 Y34.701000 Z-0.125000
G01 X7.672990 Y34.517000 Z-0.125000
G01 X7.840580 Y34.586000 Z-0.125000
G01 X11.886300 Y38.631000 Z-0.125000
G01 X12.442900 Y38.870000 Z-0.125000
G01 X12.601900 Y38.810000 Z-0.125000
G01 X12.522400 Y38.631000 Z-0.125000
G01 X7.805080 Y33.914000 Z-0.125000
G01 X7.556640 Y33.347000 Z-0.125000
G01 X7.609470 Y33.182000 Z-0.125000
G01 X7.785280 Y33.258000 Z-0.125000
G01 X13.158500 Y38.631000 Z-0.125000
G01 X13.715100 Y38.870000 Z-0.125000
G01 X13.874100 Y38.810000 Z-0.125000
G01 X13.794600 Y38.631000 Z-0.125000
G01 X7.537760 Y32.374000 Z-0.125000
G00 Z5.000000

(End cutting path id: path8334)


(Start cutting path id: path8334)
(Change tool to Default tool)

G00 Z5.000000
G00 X17.709700 Y36.185000

G01 Z-0.125000 F100.0(Penetrate)
G01 X22.552700 Y41.028000 Z-0.125000 F400.000000
G01 X22.733200 Y41.109000 Z-0.125000
G01 X22.796200 Y40.954000 Z-0.125000
G01 X22.562600 Y40.402000 Z-0.125000
G01 X18.584400 Y36.424000 Z-0.125000
G01 X18.504900 Y36.245000 Z-0.125000
G01 X18.663900 Y36.185000 Z-0.125000
G01 X19.220500 Y36.424000 Z-0.125000
G01 X22.572500 Y39.776000 Z-0.125000
G01 X22.752900 Y39.857000 Z-0.125000
G01 X22.816000 Y39.701000 Z-0.125000
G01 X22.582400 Y39.150000 Z-0.125000
G01 X19.856600 Y36.424000 Z-0.125000
G01 X19.777100 Y36.245000 Z-0.125000
G01 X19.936200 Y36.185000 Z-0.125000
G01 X20.492700 Y36.424000 Z-0.125000
G01 X22.592300 Y38.523000 Z-0.125000
G01 X22.772700 Y38.604000 Z-0.125000
G01 X22.835700 Y38.449000 Z-0.125000
G01 X22.602200 Y37.897000 Z-0.125000
G01 X20.576400 Y35.871000 Z-0.125000
G01 X20.357300 Y35.334000 Z-0.125000
G01 X20.430300 Y35.189000 Z-0.125000
G01 X20.615300 Y35.274000 Z-0.125000
G01 X22.611400 Y37.270000 Z-0.125000
G01 X22.791600 Y37.351000 Z-0.125000
G01 X22.854000 Y37.195000 Z-0.125000
G01 X22.619600 Y36.642000 Z-0.125000
G01 X20.654300 Y34.677000 Z-0.125000
G01 X20.435200 Y34.140000 Z-0.125000
G01 X20.508200 Y33.994000 Z-0.125000
G01 X20.693200 Y34.080000 Z-0.125000
G01 X22.627800 Y36.014000 Z-0.125000
G01 X22.807700 Y36.095000 Z-0.125000
G01 X22.869800 Y35.938000 Z-0.125000
G01 X22.634700 Y35.385000 Z-0.125000
G01 X20.732100 Y33.483000 Z-0.125000
G01 X20.513100 Y32.946000 Z-0.125000
G01 X20.586100 Y32.800000 Z-0.125000
G01 X20.771100 Y32.886000 Z-0.125000
G01 X22.638700 Y34.753000 Z-0.125000
G01 X22.818200 Y34.833000 Z-0.125000
G01 X22.879300 Y34.676000 Z-0.125000
G01 X22.642700 Y34.121000 Z-0.125000
G01 X20.810000 Y32.288000 Z-0.125000
G01 X20.590900 Y31.751000 Z-0.125000
G01 X20.663900 Y31.606000 Z-0.125000
G01 X20.848900 Y31.691000 Z-0.125000
G01 X22.643800 Y33.486000 Z-0.125000
G01 X22.822500 Y33.565000 Z-0.125000
G01 X22.881600 Y33.406000 Z-0.125000
G01 X22.642400 Y32.849000 Z-0.125000
G01 X20.889400 Y31.096000 Z-0.125000
G01 X20.672900 Y30.561000 Z-0.125000
G01 X20.747700 Y30.417000 Z-0.125000
G01 X20.933500 Y30.504000 Z-0.125000
G01 X22.641000 Y32.211000 Z-0.125000
G01 X22.818500 Y32.289000 Z-0.125000
G01 X22.875000 Y32.127000 Z-0.125000
G01 X22.631800 Y31.566000 Z-0.125000
G01 X20.983600 Y29.918000 Z-0.125000
G01 X20.771800 Y29.388000 Z-0.125000
G01 X20.849800 Y29.247000 Z-0.125000
G01 X21.037100 Y29.335000 Z-0.125000
G01 X22.623300 Y30.921000 Z-0.125000
G01 X22.799500 Y30.998000 Z-0.125000
G01 X22.853100 Y30.833000 Z-0.125000
G01 X22.605900 Y30.268000 Z-0.125000
G01 X21.101900 Y28.764000 Z-0.125000
G01 X20.897800 Y28.242000 Z-0.125000
G01 X20.981100 Y28.106000 Z-0.125000
G01 X21.170700 Y28.196000 Z-0.125000
G01 X22.587700 Y29.613000 Z-0.125000
G01 X22.761700 Y29.688000 Z-0.125000
G01 X22.810400 Y29.518000 Z-0.125000
G01 X22.556000 Y28.946000 Z-0.125000
G01 X21.245900 Y27.636000 Z-0.125000
G01 X21.052700 Y27.124000 Z-0.125000
G01 X21.143400 Y26.996000 Z-0.125000
G01 X21.336500 Y27.090000 Z-0.125000
G01 X22.516800 Y28.270000 Z-0.125000
G01 X22.687800 Y28.342000 Z-0.125000
G01 X22.730200 Y28.166000 Z-0.125000
G01 X22.466400 Y27.584000 Z-0.125000
G01 X21.440200 Y26.558000 Z-0.125000
G01 X21.266400 Y26.066000 Z-0.125000
G01 X21.370600 Y25.951000 Z-0.125000
G01 X21.569700 Y26.051000 Z-0.125000
G01 X22.386400 Y26.868000 Z-0.125000
G01 X22.547400 Y26.929000 Z-0.125000
G01 X22.567500 Y26.731000 Z-0.125000
G01 X22.271500 Y26.117000 Z-0.125000
G01 X21.678900 Y25.524000 Z-0.125000
G01 X21.851800 Y25.379000 Z-0.125000
G01 X22.184100 Y25.393000 Z-0.125000
G01 X22.263800 Y25.473000 Z-0.125000
G00 Z5.000000

(End cutting path id: path8334)


(Start cutting path id: path8334)
(Change tool to Default tool)

G00 Z5.000000
G00 X34.399400 Y26.026000

G01 Z-0.125000 F100.0(Penetrate)
G01 X34.066700 Y27.191000 Z-0.125000 F400.000000
G01 X33.821100 Y29.657000 Z-0.125000
G01 X33.599500 Y36.807000 Z-0.125000
G01 X33.750800 Y44.115000 Z-0.125000
G01 X33.971400 Y46.778000 Z-0.125000
G01 X34.291400 Y48.221000 Z-0.125000
G01 X34.826700 Y48.878000 Z-0.125000
G01 X35.769900 Y49.263000 Z-0.125000
G01 X37.437700 Y49.443000 Z-0.125000
G01 X40.147100 Y49.488000 Z-0.125000
G01 X44.161700 Y49.348000 Z-0.125000
G01 X45.619100 Y49.147000 Z-0.125000
G01 X46.771600 Y48.837000 Z-0.125000
G01 X47.665800 Y48.400000 Z-0.125000
G01 X48.347900 Y47.820000 Z-0.125000
G01 X48.864300 Y47.079000 Z-0.125000
G01 X49.261500 Y46.160000 Z-0.125000
G01 X49.574000 Y44.732000 Z-0.125000
G01 X49.797200 Y42.643000 Z-0.125000
G01 X49.975800 Y37.364000 Z-0.125000
G01 X49.797200 Y32.085000 Z-0.125000
G01 X49.574000 Y29.996000 Z-0.125000
G01 X49.261500 Y28.567000 Z-0.125000
G01 X48.847000 Y27.676000 Z-0.125000
G01 X48.281300 Y26.881000 Z-0.125000
G01 X47.621600 Y26.250000 Z-0.125000
G01 X46.925100 Y25.848000 Z-0.125000
G01 X45.750300 Y25.560000 Z-0.125000
G01 X44.108200 Y25.366000 Z-0.125000
G01 X40.133200 Y25.249000 Z-0.125000
G01 X36.422700 Y25.475000 Z-0.125000
G01 X35.111300 Y25.711000 Z-0.125000
G01 X34.399400 Y26.026000 Z-0.125000
G01 X34.399400 Y26.026000 Z-0.125000
G00 Z5.000000

(End cutting path id: path8334)


(Start cutting path id: path8334)
(Change tool to Default tool)

G00 Z5.000000
G00 X46.589400 Y28.647000

G01 Z-0.125000 F100.0(Penetrate)
G01 X46.934000 Y29.489000 Z-0.125000 F400.000000
G01 X47.179700 Y31.228000 Z-0.125000
G01 X47.375800 Y37.415000 Z-0.125000
G01 X47.266600 Y42.809000 Z-0.125000
G01 X47.053200 Y44.502000 Z-0.125000
G01 X46.665600 Y45.654000 Z-0.125000
G01 X46.052500 Y46.358000 Z-0.125000
G01 X45.162700 Y46.711000 Z-0.125000
G01 X43.944800 Y46.807000 Z-0.125000
G01 X42.347600 Y46.741000 Z-0.125000
G01 X39.183600 Y46.539000 Z-0.125000
G01 X38.999300 Y38.054000 Z-0.125000
G01 X38.965400 Y31.810000 Z-0.125000
G01 X39.142500 Y28.715000 Z-0.125000
G01 X39.538800 Y28.353000 Z-0.125000
G01 X40.331300 Y28.090000 Z-0.125000
G01 X42.617800 Y27.864000 Z-0.125000
G01 X45.028500 Y28.047000 Z-0.125000
G01 X45.976000 Y28.295000 Z-0.125000
G01 X46.589400 Y28.647000 Z-0.125000
G01 X46.589400 Y28.647000 Z-0.125000
G00 Z5.000000

(End cutting path id: path8334)


(Start cutting path id: path8334)
(Change tool to Default tool)

G00 Z5.000000
G00 X49.503200 Y30.449000

G01 Z-0.125000 F100.0(Penetrate)
G01 X44.840700 Y25.786000 Z-0.125000 F400.000000
G01 X44.773900 Y25.620000 Z-0.125000
G01 X44.960900 Y25.589000 Z-0.125000
G01 X45.558200 Y25.868000 Z-0.125000
G01 X49.153500 Y29.463000 Z-0.125000
G01 X49.306000 Y29.516000 Z-0.125000
G01 X49.307600 Y29.299000 Z-0.125000
G01 X48.984500 Y28.658000 Z-0.125000
G01 X46.320600 Y25.994000 Z-0.125000
G01 X46.279400 Y25.853000 Z-0.125000
G01 X46.522500 Y25.878000 Z-0.125000
G01 X47.201500 Y26.239000 Z-0.125000
G01 X48.982900 Y28.020000 Z-0.125000
G00 Z5.000000

(End cutting path id: path8334)


(Start cutting path id: path8334)
(Change tool to Default tool)

G00 Z5.000000
G00 X51.745000 Y25.676000

G01 Z-0.125000 F100.0(Penetrate)
G01 X51.436400 Y27.367000 Z-0.125000 F400.000000
G01 X51.308100 Y30.818000 Z-0.125000
G01 X51.361300 Y33.222000 Z-0.125000
G01 X51.557300 Y34.836000 Z-0.125000
G01 X51.950200 Y35.909000 Z-0.125000
G01 X52.594500 Y36.686000 Z-0.125000
G01 X53.248000 Y37.503000 Z-0.125000
G01 X53.669300 Y38.716000 Z-0.125000
G01 X53.921900 Y40.619000 Z-0.125000
G01 X54.069100 Y43.506000 Z-0.125000
G01 X54.257300 Y49.161000 Z-0.125000
G01 X60.056600 Y49.351000 Z-0.125000
G01 X64.587100 Y49.294000 Z-0.125000
G01 X65.998700 Y49.091000 Z-0.125000
G01 X66.774200 Y48.779000 Z-0.125000
G01 X67.220500 Y47.920000 Z-0.125000
G01 X67.500800 Y45.992000 Z-0.125000
G01 X67.644900 Y42.624000 Z-0.125000
G01 X67.682500 Y37.447000 Z-0.125000
G01 X67.494000 Y29.695000 Z-0.125000
G01 X67.295200 Y27.114000 Z-0.125000
G01 X67.054400 Y25.900000 Z-0.125000
G01 X66.648700 Y25.406000 Z-0.125000
G01 X66.277500 Y25.255000 Z-0.125000
G01 X65.943800 Y25.439000 Z-0.125000
G01 X65.650500 Y25.952000 Z-0.125000
G01 X65.196600 Y27.932000 Z-0.125000
G01 X64.939200 Y31.138000 Z-0.125000
G01 X64.743200 Y36.053000 Z-0.125000
G01 X60.811000 Y36.053000 Z-0.125000
G01 X56.878700 Y36.053000 Z-0.125000
G01 X56.681800 Y31.493000 Z-0.125000
G01 X56.336400 Y28.023000 Z-0.125000
G01 X56.070700 Y26.774000 Z-0.125000
G01 X55.782300 Y26.086000 Z-0.125000
G01 X54.943400 Y25.541000 Z-0.125000
G01 X53.764100 Y25.268000 Z-0.125000
G01 X52.584600 Y25.302000 Z-0.125000
G01 X51.744900 Y25.676000 Z-0.125000
G01 X51.745000 Y25.676000 Z-0.125000
G00 Z5.000000

(End cutting path id: path8334)


(Start cutting path id: path8334)
(Change tool to Default tool)

G00 Z5.000000
G00 X62.236800 Y36.185000

G01 Z-0.125000 F100.0(Penetrate)
G01 X67.288900 Y41.237000 Z-0.125000 F400.000000
G01 X67.469100 Y41.318000 Z-0.125000
G01 X67.531500 Y41.162000 Z-0.125000
G01 X67.297000 Y40.609000 Z-0.125000
G01 X63.111400 Y36.424000 Z-0.125000
G01 X63.031900 Y36.245000 Z-0.125000
G01 X63.190900 Y36.185000 Z-0.125000
G01 X63.747500 Y36.424000 Z-0.125000
G01 X67.305100 Y39.982000 Z-0.125000
G01 X67.484200 Y40.061000 Z-0.125000
G01 X67.544200 Y39.902000 Z-0.125000
G01 X67.306100 Y39.346000 Z-0.125000
G01 X64.383600 Y36.424000 Z-0.125000
G01 X64.304100 Y36.245000 Z-0.125000
G01 X64.463100 Y36.185000 Z-0.125000
G01 X65.019700 Y36.424000 Z-0.125000
G01 X67.307700 Y38.712000 Z-0.125000
G01 X67.486900 Y38.792000 Z-0.125000
G01 X67.547100 Y38.633000 Z-0.125000
G01 X67.309300 Y38.077000 Z-0.125000
G01 X65.129800 Y35.898000 Z-0.125000
G01 X64.903500 Y35.354000 Z-0.125000
G01 X64.971500 Y35.203000 Z-0.125000
G01 X65.154200 Y35.286000 Z-0.125000
G01 X67.311000 Y37.443000 Z-0.125000
G01 X67.489500 Y37.522000 Z-0.125000
G01 X67.548500 Y37.362000 Z-0.125000
G01 X67.308900 Y36.805000 Z-0.125000
G01 X65.178600 Y34.674000 Z-0.125000
G01 X64.952300 Y34.130000 Z-0.125000
G01 X65.020300 Y33.979000 Z-0.125000
G01 X65.203000 Y34.063000 Z-0.125000
G01 X67.304500 Y36.164000 Z-0.125000
G01 X67.482800 Y36.243000 Z-0.125000
G01 X67.540900 Y36.083000 Z-0.125000
G01 X67.300200 Y35.524000 Z-0.125000
G01 X65.227400 Y33.451000 Z-0.125000
G01 X65.001100 Y32.907000 Z-0.125000
G01 X65.069100 Y32.756000 Z-0.125000
G01 X65.251800 Y32.839000 Z-0.125000
G01 X67.293700 Y34.881000 Z-0.125000
G01 X67.470700 Y34.959000 Z-0.125000
G01 X67.526200 Y34.796000 Z-0.125000
G01 X67.281600 Y34.233000 Z-0.125000
G01 X65.276200 Y32.228000 Z-0.125000
G01 X65.049900 Y31.683000 Z-0.125000
G01 X65.117900 Y31.533000 Z-0.125000
G01 X65.300600 Y31.616000 Z-0.125000
G01 X67.269600 Y33.585000 Z-0.125000
G01 X67.448200 Y33.664000 Z-0.125000
G01 X67.507200 Y33.504000 Z-0.125000
G01 X67.267800 Y32.947000 Z-0.125000
G01 X65.328200 Y31.007000 Z-0.125000
G01 X65.105200 Y30.466000 Z-0.125000
G01 X65.175500 Y30.318000 Z-0.125000
G01 X65.359200 Y30.402000 Z-0.125000
G01 X67.235800 Y32.279000 Z-0.125000
G01 X67.411500 Y32.355000 Z-0.125000
G01 X67.464000 Y32.189000 Z-0.125000
G01 X67.215300 Y31.622000 Z-0.125000
G01 X65.400400 Y29.807000 Z-0.125000
G01 X65.187000 Y29.276000 Z-0.125000
G01 X65.263900 Y29.134000 Z-0.125000
G01 X65.450700 Y29.222000 Z-0.125000
G01 X67.192000 Y30.963000 Z-0.125000
G01 X67.366100 Y31.038000 Z-0.125000
G01 X67.415300 Y30.868000 Z-0.125000
G01 X67.161500 Y30.296000 Z-0.125000
G01 X65.510700 Y28.646000 Z-0.125000
G01 X65.308300 Y28.125000 Z-0.125000
G01 X65.392800 Y27.991000 Z-0.125000
G01 X65.583000 Y28.082000 Z-0.125000
G01 X67.131000 Y29.630000 Z-0.125000
G01 X67.304000 Y29.703000 Z-0.125000
G01 X67.350700 Y29.531000 Z-0.125000
G01 X67.093300 Y28.956000 Z-0.125000
G01 X65.671000 Y27.534000 Z-0.125000
G01 X65.487100 Y27.032000 Z-0.125000
G01 X65.584200 Y26.910000 Z-0.125000
G01 X65.780200 Y27.007000 Z-0.125000
G01 X67.048000 Y28.275000 Z-0.125000
G01 X67.218400 Y28.345000 Z-0.125000
G01 X67.259200 Y28.168000 Z-0.125000
G01 X66.993300 Y27.584000 Z-0.125000
G01 X65.916800 Y26.507000 Z-0.125000
G01 X65.766100 Y26.257000 Z-0.125000
G01 X65.768500 Y26.041000 Z-0.125000
G01 X65.890200 Y25.944000 Z-0.125000
G01 X66.097300 Y26.052000 Z-0.125000
G01 X66.924000 Y26.878000 Z-0.125000
G01 X67.086100 Y26.941000 Z-0.125000
G01 X67.108700 Y26.745000 Z-0.125000
G01 X66.816300 Y26.134000 Z-0.125000
G01 X66.130900 Y25.449000 Z-0.125000
G00 Z5.000000

(End cutting path id: path8334)


(Start cutting path id: path8334)
(Change tool to Default tool)

G00 Z5.000000
G00 X73.372400 Y25.676000

G01 Z-0.125000 F100.0(Penetrate)
G01 X73.063800 Y27.359000 Z-0.125000 F400.000000
G01 X72.935400 Y30.791000 Z-0.125000
G01 X72.886500 Y33.466000 Z-0.125000
G01 X72.611500 Y35.129000 Z-0.125000
G01 X71.918400 Y36.355000 Z-0.125000
G01 X70.615200 Y37.717000 Z-0.125000
G01 X69.309500 Y39.072000 Z-0.125000
G01 X68.639400 Y40.242000 Z-0.125000
G01 X68.424700 Y41.778000 Z-0.125000
G01 X68.485200 Y44.229000 Z-0.125000
G01 X68.628600 Y46.359000 Z-0.125000
G01 X68.863600 Y47.696000 Z-0.125000
G01 X69.243700 Y48.420000 Z-0.125000
G01 X69.822400 Y48.710000 Z-0.125000
G01 X70.425100 Y48.673000 Z-0.125000
G01 X70.772300 Y48.104000 Z-0.125000
G01 X70.931300 Y46.747000 Z-0.125000
G01 X70.969300 Y44.347000 Z-0.125000
G01 X71.008800 Y41.695000 Z-0.125000
G01 X71.265900 Y40.174000 Z-0.125000
G01 X71.540900 Y39.667000 Z-0.125000
G01 X71.948100 Y39.239000 Z-0.125000
G01 X73.263100 Y38.347000 Z-0.125000
G01 X75.557000 Y36.929000 Z-0.125000
G01 X77.821600 Y38.329000 Z-0.125000
G01 X79.097400 Y39.208000 Z-0.125000
G01 X79.796800 Y40.146000 Z-0.125000
G01 X80.123000 Y41.623000 Z-0.125000
G01 X80.279300 Y44.117000 Z-0.125000
G01 X80.419300 Y46.228000 Z-0.125000
G01 X80.639300 Y47.578000 Z-0.125000
G01 X80.973200 Y48.295000 Z-0.125000
G01 X81.455300 Y48.505000 Z-0.125000
G01 X81.938100 Y48.292000 Z-0.125000
G01 X82.272200 Y47.567000 Z-0.125000
G01 X82.492200 Y46.197000 Z-0.125000
G01 X82.632800 Y44.053000 Z-0.125000
G01 X82.701600 Y41.475000 Z-0.125000
G01 X82.495600 Y39.915000 Z-0.125000
G01 X81.825700 Y38.797000 Z-0.125000
G01 X80.502800 Y37.542000 Z-0.125000
G01 X79.214200 Y36.305000 Z-0.125000
G01 X78.518000 Y35.188000 Z-0.125000
G01 X78.233100 Y33.712000 Z-0.125000
G01 X78.178400 Y31.398000 Z-0.125000
G01 X78.061600 Y28.208000 Z-0.125000
G01 X77.780600 Y26.276000 Z-0.125000
G01 X77.513000 Y25.919000 Z-0.125000
G01 X77.045900 Y25.627000 Z-0.125000
G01 X75.750500 Y25.268000 Z-0.125000
G01 X74.368000 Y25.263000 Z-0.125000
G01 X73.792200 Y25.413000 Z-0.125000
G01 X73.372400 Y25.676000 Z-0.125000
G01 X73.372400 Y25.676000 Z-0.125000
G00 Z5.000000

(End cutting path id: path8334)


(Start cutting path id: path8334)
(Change tool to Default tool)

G00 Z5.000000
G00 X78.476300 Y35.250000

G01 Z-0.125000 F100.0(Penetrate)
G01 X73.315000 Y30.089000 Z-0.125000 F400.000000
G01 X73.085200 Y29.541000 Z-0.125000
G01 X73.150900 Y29.388000 Z-0.125000
G01 X73.332500 Y29.470000 Z-0.125000
G01 X77.928900 Y34.067000 Z-0.125000
G01 X78.101000 Y34.139000 Z-0.125000
G01 X78.145800 Y33.965000 Z-0.125000
G01 X77.885600 Y33.387000 Z-0.125000
G01 X73.356400 Y28.858000 Z-0.125000
G01 X73.133700 Y28.317000 Z-0.125000
G01 X73.204100 Y28.169000 Z-0.125000
G01 X73.388000 Y28.253000 Z-0.125000
G01 X77.824800 Y32.690000 Z-0.125000
G01 X78.002100 Y32.768000 Z-0.125000
G01 X78.058100 Y32.606000 Z-0.125000
G01 X77.814400 Y32.044000 Z-0.125000
G01 X73.429100 Y27.659000 Z-0.125000
G01 X73.219900 Y27.131000 Z-0.125000
G01 X73.299700 Y26.992000 Z-0.125000
G01 X73.487800 Y27.081000 Z-0.125000
G01 X77.809500 Y31.403000 Z-0.125000
G01 X77.987500 Y31.481000 Z-0.125000
G01 X78.045200 Y31.320000 Z-0.125000
G01 X77.803800 Y30.761000 Z-0.125000
G01 X73.562800 Y26.520000 Z-0.125000
G01 X73.392800 Y26.032000 Z-0.125000
G01 X73.499500 Y25.920000 Z-0.125000
G01 X73.699800 Y26.021000 Z-0.125000
G01 X77.793700 Y30.115000 Z-0.125000
G01 X77.969800 Y30.191000 Z-0.125000
G01 X78.023100 Y30.026000 Z-0.125000
G01 X77.775300 Y29.460000 Z-0.125000
G01 X74.086600 Y25.772000 Z-0.125000
G01 X73.986300 Y25.572000 Z-0.125000
G01 X74.099600 Y25.467000 Z-0.125000
G01 X74.589700 Y25.639000 Z-0.125000
G01 X77.743500 Y28.792000 Z-0.125000
G01 X77.915600 Y28.865000 Z-0.125000
G01 X77.960300 Y28.691000 Z-0.125000
G01 X77.700000 Y28.113000 Z-0.125000
G01 X75.178100 Y25.591000 Z-0.125000
G01 X75.103800 Y25.417000 Z-0.125000
G01 X75.274500 Y25.369000 Z-0.125000
G01 X75.848000 Y25.625000 Z-0.125000
G01 X77.640400 Y27.417000 Z-0.125000
G01 X77.805900 Y27.483000 Z-0.125000
G01 X77.836300 Y27.295000 Z-0.125000
G01 X77.555100 Y26.696000 Z-0.125000
G01 X76.543700 Y25.684000 Z-0.125000
G01 X76.583400 Y25.625000 Z-0.125000
G01 X76.884000 Y25.706000 Z-0.125000
G01 X77.529100 Y26.034000 Z-0.125000
G01 X77.681500 Y26.186000 Z-0.125000
G00 Z5.000000

(End cutting path id: path8334)


(Start cutting path id: path8334)
(Change tool to Default tool)

G00 Z5.000000
G00 X82.595400 Y41.913000

G01 Z-0.125000 F100.0(Penetrate)
G01 X73.291500 Y32.609000 Z-0.125000 F400.000000
G01 X73.057900 Y32.058000 Z-0.125000
G01 X73.121000 Y31.902000 Z-0.125000
G01 X73.301400 Y31.983000 Z-0.125000
G01 X82.321900 Y41.004000 Z-0.125000
G01 X82.492500 Y41.075000 Z-0.125000
G01 X82.534000 Y40.898000 Z-0.125000
G01 X82.269000 Y40.315000 Z-0.125000
G01 X73.304900 Y31.351000 Z-0.125000
G01 X73.068700 Y30.796000 Z-0.125000
G01 X73.129900 Y30.639000 Z-0.125000
G01 X73.309600 Y30.719000 Z-0.125000
G01 X82.294300 Y39.704000 Z-0.125000
G00 Z5.000000

(End cutting path id: path8334)


(Start cutting path id: path8334)
(Change tool to Default tool)

G00 Z5.000000
G00 X80.844200 Y47.796000

G01 Z-0.125000 F100.0(Penetrate)
G01 X81.185200 Y48.137000 Z-0.125000 F400.000000
G01 X81.432300 Y48.284000 Z-0.125000
G01 X81.642000 Y48.275000 Z-0.125000
G01 X81.732500 Y48.147000 Z-0.125000
G01 X81.621800 Y47.937000 Z-0.125000
G01 X80.885300 Y47.201000 Z-0.125000
G01 X80.599700 Y46.597000 Z-0.125000
G01 X80.626900 Y46.406000 Z-0.125000
G01 X80.791000 Y46.470000 Z-0.125000
G01 X81.838500 Y47.518000 Z-0.125000
G01 X82.038100 Y47.618000 Z-0.125000
G01 X82.143200 Y47.504000 Z-0.125000
G01 X81.970800 Y47.014000 Z-0.125000
G01 X80.731700 Y45.775000 Z-0.125000
G01 X80.472400 Y45.197000 Z-0.125000
G01 X80.517700 Y45.024000 Z-0.125000
G01 X80.690100 Y45.097000 Z-0.125000
G01 X82.059800 Y46.467000 Z-0.125000
G01 X82.249300 Y46.557000 Z-0.125000
G01 X82.332100 Y46.421000 Z-0.125000
G01 X82.127300 Y45.898000 Z-0.125000
G01 X80.653700 Y44.425000 Z-0.125000
G01 X80.398500 Y43.851000 Z-0.125000
G01 X80.446800 Y43.681000 Z-0.125000
G01 X80.620500 Y43.755000 Z-0.125000
G01 X82.176000 Y45.311000 Z-0.125000
G01 X82.360800 Y45.396000 Z-0.125000
G01 X82.433500 Y45.250000 Z-0.125000
G01 X82.214000 Y44.713000 Z-0.125000
G01 X80.544800 Y43.044000 Z-0.125000
G01 X80.306300 Y42.487000 Z-0.125000
G01 X80.365900 Y42.328000 Z-0.125000
G01 X80.544800 Y42.407000 Z-0.125000
G01 X82.246100 Y44.109000 Z-0.125000
G01 X82.429400 Y44.193000 Z-0.125000
G01 X82.498700 Y44.043000 Z-0.125000
G01 X82.274100 Y43.501000 Z-0.125000
G01 X80.474100 Y41.701000 Z-0.125000
G01 X80.171400 Y41.080000 Z-0.125000
G01 X80.186900 Y40.877000 Z-0.125000
G01 X80.345800 Y40.936000 Z-0.125000
G01 X82.298100 Y42.889000 Z-0.125000
G01 X82.481400 Y42.972000 Z-0.125000
G01 X82.550700 Y42.823000 Z-0.125000
G01 X82.326100 Y42.280000 Z-0.125000
G01 X73.278300 Y33.233000 Z-0.125000
G01 X73.094400 Y33.148000 Z-0.125000
G01 X73.024000 Y33.296000 Z-0.125000
G01 X73.246800 Y33.837000 Z-0.125000
G01 X77.196700 Y37.787000 Z-0.125000
G00 Z5.000000

(End cutting path id: path8334)


(Start cutting path id: path8334)
(Change tool to Default tool)

G00 Z5.000000
G00 X69.157700 Y48.195000

G01 Z-0.125000 F100.0(Penetrate)
G01 X69.297700 Y48.335000 Z-0.125000 F400.000000
G01 X69.824500 Y48.544000 Z-0.125000
G01 X70.055500 Y48.556000 Z-0.125000
G01 X70.071400 Y48.473000 Z-0.125000
G01 X69.142600 Y47.544000 Z-0.125000
G01 X68.844400 Y46.928000 Z-0.125000
G01 X68.863000 Y46.728000 Z-0.125000
G01 X69.023200 Y46.788000 Z-0.125000
G01 X70.315400 Y48.081000 Z-0.125000
G01 X70.516600 Y48.182000 Z-0.125000
G01 X70.625300 Y48.072000 Z-0.125000
G01 X70.458200 Y47.587000 Z-0.125000
G01 X68.952600 Y46.082000 Z-0.125000
G01 X68.691100 Y45.502000 Z-0.125000
G01 X68.734900 Y45.327000 Z-0.125000
G01 X68.906700 Y45.400000 Z-0.125000
G01 X70.526200 Y47.019000 Z-0.125000
G01 X70.711900 Y47.105000 Z-0.125000
G01 X70.786500 Y46.961000 Z-0.125000
G01 X70.569700 Y46.427000 Z-0.125000
G01 X68.870300 Y44.727000 Z-0.125000
G01 X68.616800 Y44.156000 Z-0.125000
G01 X68.666100 Y43.986000 Z-0.125000
G01 X68.840400 Y44.061000 Z-0.125000
G01 X70.583100 Y45.804000 Z-0.125000
G01 X70.763400 Y45.885000 Z-0.125000
G01 X70.826100 Y45.729000 Z-0.125000
G01 X70.592100 Y45.177000 Z-0.125000
G01 X68.814700 Y43.399000 Z-0.125000
G01 X68.566900 Y42.833000 Z-0.125000
G01 X68.620100 Y42.668000 Z-0.125000
G01 X68.796200 Y42.745000 Z-0.125000
G01 X70.595900 Y44.544000 Z-0.125000
G01 X70.775300 Y44.624000 Z-0.125000
G01 X70.836100 Y44.467000 Z-0.125000
G01 X70.599300 Y43.912000 Z-0.125000
G01 X68.786000 Y42.098000 Z-0.125000
G01 X68.566500 Y41.561000 Z-0.125000
G01 X68.639200 Y41.415000 Z-0.125000
G01 X68.824000 Y41.500000 Z-0.125000
G01 X70.601600 Y43.278000 Z-0.125000
G01 X70.780900 Y43.358000 Z-0.125000
G01 X70.841300 Y43.200000 Z-0.125000
G01 X70.603900 Y42.644000 Z-0.125000
G01 X68.899800 Y40.940000 Z-0.125000
G01 X68.728200 Y40.450000 Z-0.125000
G01 X68.833900 Y40.337000 Z-0.125000
G01 X69.033700 Y40.438000 Z-0.125000
G01 X70.615300 Y42.019000 Z-0.125000
G01 X70.798100 Y42.103000 Z-0.125000
G01 X70.866200 Y41.952000 Z-0.125000
G01 X70.639900 Y41.408000 Z-0.125000
G01 X69.232400 Y40.000000 Z-0.125000
G01 X69.092600 Y39.761000 Z-0.125000
G01 X69.119100 Y39.569000 Z-0.125000
G01 X69.264700 Y39.496000 Z-0.125000
G01 X69.482800 Y39.615000 Z-0.125000
G01 X70.694300 Y40.826000 Z-0.125000
G01 X70.887700 Y40.920000 Z-0.125000
G01 X70.979300 Y40.793000 Z-0.125000
G01 X70.787200 Y40.283000 Z-0.125000
G01 X69.765900 Y39.262000 Z-0.125000
G01 X69.634200 Y39.031000 Z-0.125000
G01 X69.678500 Y38.856000 Z-0.125000
G01 X69.842100 Y38.801000 Z-0.125000
G01 X70.068300 Y38.928000 Z-0.125000
G01 X70.940500 Y39.800000 Z-0.125000
G01 X71.154800 Y39.915000 Z-0.125000
G01 X71.292500 Y39.834000 Z-0.125000
G01 X71.310900 Y39.634000 Z-0.125000
G01 X71.167400 Y39.391000 Z-0.125000
G01 X70.382000 Y38.606000 Z-0.125000
G01 X70.253000 Y38.377000 Z-0.125000
G01 X70.303200 Y38.209000 Z-0.125000
G01 X70.472700 Y38.160000 Z-0.125000
G01 X70.701600 Y38.289000 Z-0.125000
G01 X71.462900 Y39.050000 Z-0.125000
G01 X71.695300 Y39.183000 Z-0.125000
G01 X71.872500 Y39.142000 Z-0.125000
G01 X71.930500 Y38.981000 Z-0.125000
G01 X71.805100 Y38.756000 Z-0.125000
G01 X71.023400 Y37.975000 Z-0.125000
G01 X70.894800 Y37.747000 Z-0.125000
G01 X70.945700 Y37.579000 Z-0.125000
G01 X71.115900 Y37.531000 Z-0.125000
G01 X71.345100 Y37.660000 Z-0.125000
G01 X72.175500 Y38.491000 Z-0.125000
G01 X72.414700 Y38.631000 Z-0.125000
G01 X72.607000 Y38.604000 Z-0.125000
G01 X72.680100 Y38.459000 Z-0.125000
G01 X72.561500 Y38.241000 Z-0.125000
G01 X71.661800 Y37.341000 Z-0.125000
G01 X71.531100 Y37.111000 Z-0.125000
G01 X71.577500 Y36.939000 Z-0.125000
G01 X71.743100 Y36.886000 Z-0.125000
G01 X71.970200 Y37.013000 Z-0.125000
G01 X72.953600 Y37.997000 Z-0.125000
G01 X73.193900 Y38.138000 Z-0.125000
G01 X73.388700 Y38.114000 Z-0.125000
G01 X73.464200 Y37.971000 Z-0.125000
G01 X73.346700 Y37.754000 Z-0.125000
G01 X72.264300 Y36.671000 Z-0.125000
G01 X72.127300 Y36.435000 Z-0.125000
G01 X72.159800 Y36.249000 Z-0.125000
G01 X72.311600 Y36.182000 Z-0.125000
G01 X72.532400 Y36.303000 Z-0.125000
G01 X73.739900 Y37.511000 Z-0.125000
G01 X73.980200 Y37.652000 Z-0.125000
G01 X74.175000 Y37.628000 Z-0.125000
G01 X74.250500 Y37.485000 Z-0.125000
G01 X74.133000 Y37.268000 Z-0.125000
G01 X72.769300 Y35.904000 Z-0.125000
G01 X72.620000 Y35.655000 Z-0.125000
G01 X72.625500 Y35.442000 Z-0.125000
G01 X72.750300 Y35.348000 Z-0.125000
G01 X72.958800 Y35.458000 Z-0.125000
G01 X74.526100 Y37.025000 Z-0.125000
G01 X74.766500 Y37.166000 Z-0.125000
G01 X74.961200 Y37.142000 Z-0.125000
G01 X75.036700 Y36.999000 Z-0.125000
G01 X74.919300 Y36.782000 Z-0.125000
G01 X73.096500 Y34.959000 Z-0.125000
G01 X72.904300 Y34.449000 Z-0.125000
G01 X72.995700 Y34.322000 Z-0.125000
G01 X73.189000 Y34.416000 Z-0.125000
G01 X75.531400 Y36.758000 Z-0.125000
G00 Z5.000000

(End cutting path id: path8334)


(Start cutting path id: path8334)
(Change tool to Default tool)

G00 Z5.000000
G00 X64.940700 Y43.129000

G01 Z-0.125000 F100.0(Penetrate)
G01 X65.138100 Y46.928000 Z-0.125000 F400.000000
G01 X60.680700 Y46.733000 Z-0.125000
G01 X56.223300 Y46.539000 Z-0.125000
G01 X56.018200 Y43.679000 Z-0.125000
G01 X55.946600 Y41.038000 Z-0.125000
G01 X56.105800 Y40.204000 Z-0.125000
G01 X56.454600 Y39.635000 Z-0.125000
G01 X57.037500 Y39.288000 Z-0.125000
G01 X57.899400 Y39.118000 Z-0.125000
G01 X60.638700 Y39.135000 Z-0.125000
G01 X64.743300 Y39.330000 Z-0.125000
G01 X64.940700 Y43.129000 Z-0.125000
G00 Z5.000000

(End cutting path id: path8334)


(Start cutting path id: path8334)
(Change tool to Default tool)

G00 Z5.000000
G00 X56.044600 Y45.896000

G01 Z-0.125000 F100.0(Penetrate)
G01 X54.458800 Y44.310000 Z-0.125000 F400.000000
G01 X54.209000 Y43.742000 Z-0.125000
G01 X54.260800 Y43.575000 Z-0.125000
G01 X54.436200 Y43.651000 Z-0.125000
G01 X55.756900 Y44.972000 Z-0.125000
G01 X55.928100 Y45.044000 Z-0.125000
G01 X55.970900 Y44.868000 Z-0.125000
G01 X55.707800 Y44.287000 Z-0.125000
G01 X54.409300 Y42.988000 Z-0.125000
G01 X54.157300 Y42.418000 Z-0.125000
G01 X54.207600 Y42.250000 Z-0.125000
G01 X54.382300 Y42.325000 Z-0.125000
G01 X55.658600 Y43.601000 Z-0.125000
G01 X55.830400 Y43.674000 Z-0.125000
G01 X55.874200 Y43.499000 Z-0.125000
G01 X55.612600 Y42.919000 Z-0.125000
G01 X54.347200 Y41.654000 Z-0.125000
G01 X54.071000 Y41.060000 Z-0.125000
G01 X54.104700 Y40.875000 Z-0.125000
G01 X54.271800 Y40.942000 Z-0.125000
G01 X55.575700 Y42.246000 Z-0.125000
G01 X55.751700 Y42.323000 Z-0.125000
G01 X55.804800 Y42.157000 Z-0.125000
G01 X55.556800 Y41.591000 Z-0.125000
G01 X54.239700 Y40.274000 Z-0.125000
G01 X53.954700 Y39.671000 Z-0.125000
G01 X53.982400 Y39.480000 Z-0.125000
G01 X54.146800 Y39.545000 Z-0.125000
G01 X55.573300 Y40.972000 Z-0.125000
G01 X55.760500 Y41.059000 Z-0.125000
G01 X55.838300 Y40.919000 Z-0.125000
G01 X55.626300 Y40.389000 Z-0.125000
G01 X53.923400 Y38.686000 Z-0.125000
G01 X53.453800 Y37.898000 Z-0.125000
G01 X53.354600 Y37.580000 Z-0.125000
G01 X53.461300 Y37.587000 Z-0.125000
G01 X55.754800 Y39.881000 Z-0.125000
G01 X55.968900 Y39.996000 Z-0.125000
G01 X56.105800 Y39.914000 Z-0.125000
G01 X56.123500 Y39.713000 Z-0.125000
G01 X55.979800 Y39.470000 Z-0.125000
G01 X51.980200 Y35.470000 Z-0.125000
G01 X51.682500 Y34.854000 Z-0.125000
G01 X51.701400 Y34.655000 Z-0.125000
G01 X51.861800 Y34.716000 Z-0.125000
G01 X56.301600 Y39.156000 Z-0.125000
G01 X56.545500 Y39.300000 Z-0.125000
G01 X56.748200 Y39.284000 Z-0.125000
G01 X56.831600 Y39.149000 Z-0.125000
G01 X56.717700 Y38.936000 Z-0.125000
G01 X51.770200 Y33.988000 Z-0.125000
G01 X51.509100 Y33.409000 Z-0.125000
G01 X51.553200 Y33.234000 Z-0.125000
G01 X51.725000 Y33.307000 Z-0.125000
G01 X57.223600 Y38.805000 Z-0.125000
G01 X57.745900 Y39.010000 Z-0.125000
G01 X57.881300 Y38.926000 Z-0.125000
G01 X57.791000 Y38.737000 Z-0.125000
G01 X51.699000 Y32.645000 Z-0.125000
G01 X51.454800 Y32.082000 Z-0.125000
G01 X51.510500 Y31.919000 Z-0.125000
G01 X51.687600 Y31.997000 Z-0.125000
G01 X58.642400 Y38.952000 Z-0.125000
G00 Z5.000000

(End cutting path id: path8334)


(Start cutting path id: path8334)
(Change tool to Default tool)

G00 Z5.000000
G00 X54.378400 Y48.677000

G01 Z-0.125000 F100.0(Penetrate)
G01 X54.561700 Y48.861000 Z-0.125000 F400.000000
G01 X55.073900 Y49.055000 Z-0.125000
G01 X55.254100 Y49.016000 Z-0.125000
G01 X55.219400 Y48.882000 Z-0.125000
G01 X54.595000 Y48.258000 Z-0.125000
G01 X54.345500 Y47.690000 Z-0.125000
G01 X54.397600 Y47.524000 Z-0.125000
G01 X54.573100 Y47.600000 Z-0.125000
G01 X55.821800 Y48.849000 Z-0.125000
G01 X56.389200 Y49.098000 Z-0.125000
G01 X56.555700 Y49.046000 Z-0.125000
G01 X56.479500 Y48.870000 Z-0.125000
G01 X54.551200 Y46.942000 Z-0.125000
G01 X54.301700 Y46.374000 Z-0.125000
G01 X54.353800 Y46.208000 Z-0.125000
G01 X54.529300 Y46.284000 Z-0.125000
G01 X57.137200 Y48.892000 Z-0.125000
G01 X57.704600 Y49.141000 Z-0.125000
G01 X57.871000 Y49.089000 Z-0.125000
G01 X57.794900 Y48.913000 Z-0.125000
G01 X54.507400 Y45.626000 Z-0.125000
G01 X54.257900 Y45.058000 Z-0.125000
G01 X54.310000 Y44.892000 Z-0.125000
G01 X54.485500 Y44.968000 Z-0.125000
G01 X58.452500 Y48.935000 Z-0.125000
G01 X59.019900 Y49.184000 Z-0.125000
G01 X59.186300 Y49.132000 Z-0.125000
G01 X59.110200 Y48.957000 Z-0.125000
G01 X57.090900 Y46.937000 Z-0.125000
G01 X57.015900 Y46.763000 Z-0.125000
G01 X57.184900 Y46.713000 Z-0.125000
G01 X57.756000 Y46.966000 Z-0.125000
G01 X59.768500 Y48.979000 Z-0.125000
G01 X60.332500 Y49.225000 Z-0.125000
G01 X60.496600 Y49.170000 Z-0.125000
G01 X60.419500 Y48.994000 Z-0.125000
G01 X58.421100 Y46.995000 Z-0.125000
G01 X58.346200 Y46.821000 Z-0.125000
G01 X58.515200 Y46.771000 Z-0.125000
G01 X59.086300 Y47.024000 Z-0.125000
G01 X61.074700 Y49.013000 Z-0.125000
G01 X61.630200 Y49.250000 Z-0.125000
G01 X61.788500 Y49.190000 Z-0.125000
G01 X61.708600 Y49.011000 Z-0.125000
G01 X59.751400 Y47.054000 Z-0.125000
G01 X59.676400 Y46.879000 Z-0.125000
G01 X59.845400 Y46.830000 Z-0.125000
G01 X60.416500 Y47.083000 Z-0.125000
G01 X62.345000 Y49.011000 Z-0.125000
G01 X62.894900 Y49.243000 Z-0.125000
G01 X63.049300 Y49.179000 Z-0.125000
G01 X62.967700 Y48.998000 Z-0.125000
G01 X61.081600 Y47.112000 Z-0.125000
G01 X61.006600 Y46.937000 Z-0.125000
G01 X61.175700 Y46.888000 Z-0.125000
G01 X61.746800 Y47.141000 Z-0.125000
G01 X63.579200 Y48.973000 Z-0.125000
G01 X64.117000 Y49.193000 Z-0.125000
G01 X64.263200 Y49.120000 Z-0.125000
G01 X64.177800 Y48.936000 Z-0.125000
G01 X62.411900 Y47.170000 Z-0.125000
G01 X62.337000 Y46.996000 Z-0.125000
G01 X62.506000 Y46.946000 Z-0.125000
G01 X63.077100 Y47.199000 Z-0.125000
G01 X64.760600 Y48.882000 Z-0.125000
G01 X65.278300 Y49.082000 Z-0.125000
G01 X65.410600 Y48.996000 Z-0.125000
G01 X65.318900 Y48.805000 Z-0.125000
G01 X63.737500 Y47.228000 Z-0.125000
G01 X63.662500 Y47.053000 Z-0.125000
G01 X63.831500 Y47.004000 Z-0.125000
G01 X64.402600 Y47.257000 Z-0.125000
G01 X65.840600 Y48.695000 Z-0.125000
G01 X66.093200 Y48.848000 Z-0.125000
G01 X66.315200 Y48.851000 Z-0.125000
G01 X66.417900 Y48.735000 Z-0.125000
G01 X66.312800 Y48.531000 Z-0.125000
G01 X65.067800 Y47.286000 Z-0.125000
G01 X64.957200 Y47.076000 Z-0.125000
G01 X65.047800 Y46.948000 Z-0.125000
G01 X65.257800 Y46.939000 Z-0.125000
G01 X65.505000 Y47.087000 Z-0.125000
G01 X66.632700 Y48.215000 Z-0.125000
G01 X66.840500 Y48.323000 Z-0.125000
G01 X66.963700 Y48.227000 Z-0.125000
G01 X66.967500 Y48.013000 Z-0.125000
G01 X66.817500 Y47.763000 Z-0.125000
G01 X65.470100 Y46.416000 Z-0.125000
G01 X65.214100 Y45.842000 Z-0.125000
G01 X65.261800 Y45.671000 Z-0.125000
G01 X65.435200 Y45.745000 Z-0.125000
G01 X66.944500 Y47.254000 Z-0.125000
G01 X67.136700 Y47.347000 Z-0.125000
G01 X67.225400 Y47.217000 Z-0.125000
G01 X67.029200 Y46.703000 Z-0.125000
G01 X65.400400 Y45.074000 Z-0.125000
G01 X65.144400 Y44.500000 Z-0.125000
G01 X65.192100 Y44.329000 Z-0.125000
G01 X65.365500 Y44.403000 Z-0.125000
G01 X67.094200 Y46.132000 Z-0.125000
G01 X67.280900 Y46.219000 Z-0.125000
G01 X67.357600 Y46.077000 Z-0.125000
G01 X67.144000 Y45.545000 Z-0.125000
G01 X65.330600 Y43.732000 Z-0.125000
G01 X65.074700 Y43.158000 Z-0.125000
G01 X65.122300 Y42.987000 Z-0.125000
G01 X65.295800 Y43.061000 Z-0.125000
G01 X67.206100 Y44.971000 Z-0.125000
G01 X67.386200 Y45.052000 Z-0.125000
G01 X67.448400 Y44.896000 Z-0.125000
G01 X67.213500 Y44.343000 Z-0.125000
G01 X65.260900 Y42.390000 Z-0.125000
G01 X65.004900 Y41.816000 Z-0.125000
G01 X65.052600 Y41.645000 Z-0.125000
G01 X65.226000 Y41.719000 Z-0.125000
G01 X67.236600 Y43.730000 Z-0.125000
G01 X67.418600 Y43.812000 Z-0.125000
G01 X67.484800 Y43.660000 Z-0.125000
G01 X67.255900 Y43.113000 Z-0.125000
G01 X65.191200 Y41.048000 Z-0.125000
G01 X64.935200 Y40.474000 Z-0.125000
G01 X64.982800 Y40.303000 Z-0.125000
G01 X65.156300 Y40.377000 Z-0.125000
G01 X67.271400 Y42.492000 Z-0.125000
G01 X67.451700 Y42.573000 Z-0.125000
G01 X67.514600 Y42.417000 Z-0.125000
G01 X67.280800 Y41.866000 Z-0.125000
G01 X61.839200 Y36.424000 Z-0.125000
G01 X61.282600 Y36.185000 Z-0.125000
G01 X61.123500 Y36.245000 Z-0.125000
G01 X61.203100 Y36.424000 Z-0.125000
G01 X63.699900 Y38.921000 Z-0.125000
G01 X63.774500 Y39.095000 Z-0.125000
G01 X63.604500 Y39.143000 Z-0.125000
G01 X63.032000 Y38.889000 Z-0.125000
G01 X60.566900 Y36.424000 Z-0.125000
G01 X60.010400 Y36.185000 Z-0.125000
G01 X59.851300 Y36.245000 Z-0.125000
G01 X59.930800 Y36.424000 Z-0.125000
G01 X62.364100 Y38.857000 Z-0.125000
G01 X62.438700 Y39.031000 Z-0.125000
G01 X62.268700 Y39.080000 Z-0.125000
G01 X61.696200 Y38.825000 Z-0.125000
G01 X59.294700 Y36.424000 Z-0.125000
G01 X58.738200 Y36.185000 Z-0.125000
G01 X58.579100 Y36.245000 Z-0.125000
G01 X58.658600 Y36.424000 Z-0.125000
G01 X61.028300 Y38.794000 Z-0.125000
G01 X61.102900 Y38.967000 Z-0.125000
G01 X60.932900 Y39.016000 Z-0.125000
G01 X60.360400 Y38.762000 Z-0.125000
G01 X58.022500 Y36.424000 Z-0.125000
G01 X57.466000 Y36.185000 Z-0.125000
G01 X57.306900 Y36.245000 Z-0.125000
G01 X57.386400 Y36.424000 Z-0.125000
G01 X59.696300 Y38.734000 Z-0.125000
G01 X59.773000 Y38.910000 Z-0.125000
G01 X59.607600 Y38.963000 Z-0.125000
G01 X59.041800 Y38.715000 Z-0.125000
G01 X51.681600 Y31.355000 Z-0.125000
G01 X51.443300 Y30.799000 Z-0.125000
G01 X51.503000 Y30.640000 Z-0.125000
G01 X51.682000 Y30.719000 Z-0.125000
G01 X56.495600 Y35.533000 Z-0.125000
G01 X56.670000 Y35.608000 Z-0.125000
G01 X56.719800 Y35.439000 Z-0.125000
G01 X56.466900 Y34.868000 Z-0.125000
G01 X51.688200 Y30.090000 Z-0.125000
G01 X51.458300 Y29.542000 Z-0.125000
G01 X51.524000 Y29.389000 Z-0.125000
G01 X51.705600 Y29.471000 Z-0.125000
G01 X56.438200 Y34.203000 Z-0.125000
G01 X56.612600 Y34.278000 Z-0.125000
G01 X56.662300 Y34.110000 Z-0.125000
G01 X56.409400 Y33.539000 Z-0.125000
G01 X51.729700 Y28.859000 Z-0.125000
G01 X51.506900 Y28.318000 Z-0.125000
G01 X51.577400 Y28.170000 Z-0.125000
G01 X51.761300 Y28.254000 Z-0.125000
G01 X56.380700 Y32.874000 Z-0.125000
G01 X56.555200 Y32.949000 Z-0.125000
G01 X56.604900 Y32.780000 Z-0.125000
G01 X56.352000 Y32.209000 Z-0.125000
G01 X51.802400 Y27.659000 Z-0.125000
G01 X51.581000 Y27.120000 Z-0.125000
G01 X51.652300 Y26.973000 Z-0.125000
G01 X51.836600 Y27.057000 Z-0.125000
G01 X56.323300 Y31.544000 Z-0.125000
G01 X56.496800 Y31.618000 Z-0.125000
G01 X56.544600 Y31.447000 Z-0.125000
G01 X56.288700 Y30.873000 Z-0.125000
G01 X51.935700 Y26.520000 Z-0.125000
G01 X51.765500 Y26.032000 Z-0.125000
G01 X51.872100 Y25.920000 Z-0.125000
G01 X52.072400 Y26.021000 Z-0.125000
G01 X56.284000 Y30.233000 Z-0.125000
G01 X56.447500 Y30.297000 Z-0.125000
G01 X56.473300 Y30.104000 Z-0.125000
G01 X56.185600 Y29.498000 Z-0.125000
G01 X52.465600 Y25.778000 Z-0.125000
G01 X52.366400 Y25.580000 Z-0.125000
G01 X52.482200 Y25.477000 Z-0.125000
G01 X52.976000 Y25.652000 Z-0.125000
G01 X56.104900 Y28.781000 Z-0.125000
G01 X56.267700 Y28.845000 Z-0.125000
G01 X56.292100 Y28.650000 Z-0.125000
G01 X56.002200 Y28.043000 Z-0.125000
G01 X53.576400 Y25.617000 Z-0.125000
G01 X53.506100 Y25.447000 Z-0.125000
G01 X53.685500 Y25.408000 Z-0.125000
G01 X54.271800 Y25.676000 Z-0.125000
G01 X55.866800 Y27.271000 Z-0.125000
G01 X56.019300 Y27.324000 Z-0.125000
G01 X56.020800 Y27.107000 Z-0.125000
G01 X55.697600 Y26.466000 Z-0.125000
G01 X54.897000 Y25.665000 Z-0.125000
G00 Z5.000000

(End cutting path id: path8334)


(Start cutting path id: path8334)
(Change tool to Default tool)

G00 Z5.000000
G00 X59.783100 Y55.468000

G01 Z-0.125000 F100.0(Penetrate)
G01 X57.568300 Y55.942000 Z-0.125000 F400.000000
G01 X55.380100 Y56.705000 Z-0.125000
G01 X53.260500 Y57.729000 Z-0.125000
G01 X51.251800 Y58.983000 Z-0.125000
G01 X49.396200 Y60.439000 Z-0.125000
G01 X47.735700 Y62.066000 Z-0.125000
G01 X46.312600 Y63.836000 Z-0.125000
G01 X45.169000 Y65.718000 Z-0.125000
G01 X44.249800 Y68.166000 Z-0.125000
G01 X43.488800 Y71.298000 Z-0.125000
G01 X43.041100 Y74.322000 Z-0.125000
G01 X43.061800 Y76.448000 Z-0.125000
G01 X43.093800 Y77.325000 Z-0.125000
G01 X42.715600 Y78.197000 Z-0.125000
G01 X41.821900 Y79.219000 Z-0.125000
G01 X40.307500 Y80.549000 Z-0.125000
G01 X34.066000 Y85.927000 Z-0.125000
G01 X30.914500 Y88.752000 Z-0.125000
G01 X34.393700 Y92.984000 Z-0.125000
G01 X37.491100 Y97.241000 Z-0.125000
G01 X40.052400 Y101.533000 Z-0.125000
G01 X41.660200 Y104.582300 Z-0.125000
G01 X42.465400 Y105.850500 Z-0.125000
G01 X49.603800 Y99.698000 Z-0.125000
G01 X56.508600 Y93.546000 Z-0.125000
G01 X60.625900 Y93.873000 Z-0.125000
G01 X64.080200 Y93.930000 Z-0.125000
G01 X67.165300 Y93.475000 Z-0.125000
G01 X70.094800 Y92.458000 Z-0.125000
G01 X73.082400 Y90.825000 Z-0.125000
G01 X74.877300 Y89.556000 Z-0.125000
G01 X76.446400 Y88.162000 Z-0.125000
G01 X77.801400 Y86.622000 Z-0.125000
G01 X78.954200 Y84.916000 Z-0.125000
G01 X79.916500 Y83.024000 Z-0.125000
G01 X80.700300 Y80.926000 Z-0.125000
G01 X81.317300 Y78.601000 Z-0.125000
G01 X81.779300 Y76.031000 Z-0.125000
G01 X81.961600 Y74.371000 Z-0.125000
G01 X81.936300 Y73.197000 Z-0.125000
G01 X81.666300 Y72.515000 Z-0.125000
G01 X81.114400 Y72.325000 Z-0.125000
G01 X80.243500 Y72.632000 Z-0.125000
G01 X79.016500 Y73.438000 Z-0.125000
G01 X75.345400 Y76.562000 Z-0.125000
G01 X71.164300 Y80.103000 Z-0.125000
G01 X69.689600 Y81.167000 Z-0.125000
G01 X68.907200 Y81.541000 Z-0.125000
G01 X68.125400 Y80.994000 Z-0.125000
G01 X66.625000 Y79.576000 Z-0.125000
G01 X62.444900 Y75.196000 Z-0.125000
G01 X58.320400 Y70.527000 Z-0.125000
G01 X56.889600 Y68.751000 Z-0.125000
G01 X56.205300 Y67.700000 Z-0.125000
G01 X56.482700 Y66.971000 Z-0.125000
G01 X57.563400 Y65.656000 Z-0.125000
G01 X61.766300 Y61.673000 Z-0.125000
G01 X65.843200 Y57.895000 Z-0.125000
G01 X67.012700 Y56.631000 Z-0.125000
G01 X67.358300 Y56.032000 Z-0.125000
G01 X67.034300 Y55.768000 Z-0.125000
G01 X66.445200 Y55.554000 Z-0.125000
G01 X64.646000 Y55.283000 Z-0.125000
G01 X62.309300 Y55.246000 Z-0.125000
G01 X59.783100 Y55.468000 Z-0.125000
G01 X59.783100 Y55.468000 Z-0.125000
G00 Z5.000000

(End cutting path id: path8334)


(Start cutting path id: path8334)
(Change tool to Default tool)

G00 Z5.000000
G00 X56.081900 Y67.560000

G01 Z-0.125000 F100.0(Penetrate)
G01 X49.499200 Y60.978000 Z-0.125000 F400.000000
G01 X49.373000 Y60.752000 Z-0.125000
G01 X49.429400 Y60.590000 Z-0.125000
G01 X49.605100 Y60.547000 Z-0.125000
G01 X49.836800 Y60.679000 Z-0.125000
G01 X56.013000 Y66.855000 Z-0.125000
G01 X56.231500 Y66.975000 Z-0.125000
G01 X56.378400 Y66.903000 Z-0.125000
G01 X56.406000 Y66.712000 Z-0.125000
G01 X56.266700 Y66.473000 Z-0.125000
G01 X50.180500 Y60.387000 Z-0.125000
G01 X50.056600 Y60.164000 Z-0.125000
G01 X50.118100 Y60.006000 Z-0.125000
G01 X50.298700 Y59.968000 Z-0.125000
G01 X50.532700 Y60.103000 Z-0.125000
G01 X56.543400 Y66.114000 Z-0.125000
G01 X56.767700 Y66.239000 Z-0.125000
G01 X56.927300 Y66.179000 Z-0.125000
G01 X56.967600 Y66.001000 Z-0.125000
G01 X56.834100 Y65.768000 Z-0.125000
G01 X50.891300 Y59.825000 Z-0.125000
G01 X50.769400 Y59.604000 Z-0.125000
G01 X50.835100 Y59.451000 Z-0.125000
G01 X51.020100 Y59.418000 Z-0.125000
G01 X51.256000 Y59.554000 Z-0.125000
G01 X57.134000 Y65.432000 Z-0.125000
G01 X57.360800 Y65.559000 Z-0.125000
G01 X57.525700 Y65.506000 Z-0.125000
G01 X57.571400 Y65.333000 Z-0.125000
G01 X57.440400 Y65.102000 Z-0.125000
G01 X51.627000 Y59.289000 Z-0.125000
G01 X51.507200 Y59.070000 Z-0.125000
G01 X51.577600 Y58.921000 Z-0.125000
G01 X51.767200 Y58.892000 Z-0.125000
G01 X52.005200 Y59.031000 Z-0.125000
G01 X57.751700 Y64.778000 Z-0.125000
G01 X57.979900 Y64.906000 Z-0.125000
G01 X58.147800 Y64.856000 Z-0.125000
G01 X58.196500 Y64.686000 Z-0.125000
G01 X58.066800 Y64.457000 Z-0.125000
G01 X52.391200 Y58.781000 Z-0.125000
G01 X52.273600 Y58.564000 Z-0.125000
G01 X52.348900 Y58.421000 Z-0.125000
G01 X52.543400 Y58.396000 Z-0.125000
G01 X52.783600 Y58.537000 Z-0.125000
G01 X58.386700 Y64.140000 Z-0.125000
G01 X58.616000 Y64.270000 Z-0.125000
G01 X58.786500 Y64.222000 Z-0.125000
G01 X58.837700 Y64.055000 Z-0.125000
G01 X58.709200 Y63.827000 Z-0.125000
G01 X53.182600 Y58.300000 Z-0.125000
G01 X53.067000 Y58.085000 Z-0.125000
G01 X53.146600 Y57.946000 Z-0.125000
G01 X53.345500 Y57.926000 Z-0.125000
G01 X53.587700 Y58.069000 Z-0.125000
G01 X59.033700 Y63.515000 Z-0.125000
G01 X59.263900 Y63.646000 Z-0.125000
G01 X59.436400 Y63.600000 Z-0.125000
G01 X59.489700 Y63.434000 Z-0.125000
G01 X59.362100 Y63.207000 Z-0.125000
G01 X54.002700 Y57.848000 Z-0.125000
G01 X53.889800 Y57.636000 Z-0.125000
G01 X53.975300 Y57.503000 Z-0.125000
G01 X54.180100 Y57.489000 Z-0.125000
G01 X54.424900 Y57.634000 Z-0.125000
G01 X59.691700 Y62.901000 Z-0.125000
G01 X59.922500 Y63.032000 Z-0.125000
G01 X60.096200 Y62.987000 Z-0.125000
G01 X60.150700 Y62.823000 Z-0.125000
G01 X60.023700 Y62.597000 Z-0.125000
G01 X54.854600 Y57.428000 Z-0.125000
G01 X54.744100 Y57.218000 Z-0.125000
G01 X54.834800 Y57.090000 Z-0.125000
G01 X55.044800 Y57.081000 Z-0.125000
G01 X55.292100 Y57.229000 Z-0.125000
G01 X60.357700 Y62.295000 Z-0.125000
G01 X60.589000 Y62.427000 Z-0.125000
G01 X60.763900 Y62.383000 Z-0.125000
G01 X60.819500 Y62.220000 Z-0.125000
G01 X60.693000 Y61.994000 Z-0.125000
G01 X55.737700 Y57.039000 Z-0.125000
G01 X55.629900 Y56.831000 Z-0.125000
G01 X55.726500 Y56.709000 Z-0.125000
G01 X55.942400 Y56.707000 Z-0.125000
G01 X56.192400 Y56.857000 Z-0.125000
G01 X61.030600 Y61.695000 Z-0.125000
G01 X61.262400 Y61.828000 Z-0.125000
G01 X61.438400 Y61.785000 Z-0.125000
G01 X61.495100 Y61.623000 Z-0.125000
G01 X61.369100 Y61.398000 Z-0.125000
G01 X56.657800 Y56.686000 Z-0.125000
G01 X56.553100 Y56.482000 Z-0.125000
G01 X56.656800 Y56.367000 Z-0.125000
G01 X56.879700 Y56.372000 Z-0.125000
G01 X57.132800 Y56.525000 Z-0.125000
G01 X61.706800 Y61.099000 Z-0.125000
G01 X61.938400 Y61.232000 Z-0.125000
G01 X62.114100 Y61.189000 Z-0.125000
G01 X62.170500 Y61.026000 Z-0.125000
G01 X62.044300 Y60.801000 Z-0.125000
G01 X57.618300 Y56.375000 Z-0.125000
G01 X57.517100 Y56.174000 Z-0.125000
G01 X57.628200 Y56.067000 Z-0.125000
G01 X58.115100 Y56.235000 Z-0.125000
G01 X62.381900 Y60.502000 Z-0.125000
G01 X62.613300 Y60.634000 Z-0.125000
G01 X62.788400 Y60.591000 Z-0.125000
G01 X62.844300 Y60.428000 Z-0.125000
G01 X62.717900 Y60.202000 Z-0.125000
G01 X58.624100 Y56.108000 Z-0.125000
G01 X58.526800 Y55.912000 Z-0.125000
G01 X58.646700 Y55.813000 Z-0.125000
G01 X59.146400 Y55.995000 Z-0.125000
G01 X63.050500 Y59.899000 Z-0.125000
G01 X63.281400 Y60.030000 Z-0.125000
G01 X63.455400 Y59.985000 Z-0.125000
G01 X63.510000 Y59.822000 Z-0.125000
G01 X63.383100 Y59.595000 Z-0.125000
G01 X59.683600 Y55.896000 Z-0.125000
G01 X59.591100 Y55.704000 Z-0.125000
G01 X59.721600 Y55.616000 Z-0.125000
G01 X60.236700 Y55.813000 Z-0.125000
G01 X63.715500 Y59.292000 Z-0.125000
G01 X63.945500 Y59.422000 Z-0.125000
G01 X64.117600 Y59.376000 Z-0.125000
G01 X64.170500 Y59.210000 Z-0.125000
G01 X64.042700 Y58.983000 Z-0.125000
G01 X60.803600 Y55.743000 Z-0.125000
G01 X60.713600 Y55.554000 Z-0.125000
G01 X60.849600 Y55.471000 Z-0.125000
G01 X61.372700 Y55.676000 Z-0.125000
G01 X64.369800 Y58.674000 Z-0.125000
G01 X64.599800 Y58.804000 Z-0.125000
G01 X64.771800 Y58.758000 Z-0.125000
G01 X64.824400 Y58.592000 Z-0.125000
G01 X64.696600 Y58.364000 Z-0.125000
G01 X61.975900 Y55.644000 Z-0.125000
G01 X61.892000 Y55.460000 Z-0.125000
G01 X62.041400 Y55.391000 Z-0.125000
G01 X62.584000 Y55.616000 Z-0.125000
G01 X65.017300 Y58.049000 Z-0.125000
G01 X65.246300 Y58.179000 Z-0.125000
G01 X65.416100 Y58.130000 Z-0.125000
G01 X65.466700 Y57.962000 Z-0.125000
G01 X65.337900 Y57.733000 Z-0.125000
G01 X63.206700 Y55.602000 Z-0.125000
G01 X63.126900 Y55.423000 Z-0.125000
G01 X63.285300 Y55.363000 Z-0.125000
G01 X63.841000 Y55.600000 Z-0.125000
G01 X65.655700 Y57.415000 Z-0.125000
G01 X65.883400 Y57.543000 Z-0.125000
G01 X66.050500 Y57.492000 Z-0.125000
G01 X66.098400 Y57.321000 Z-0.125000
G01 X65.968300 Y57.091000 Z-0.125000
G01 X64.509100 Y55.632000 Z-0.125000
G01 X64.437500 Y55.461000 Z-0.125000
G01 X64.614000 Y55.419000 Z-0.125000
G01 X65.195900 Y55.683000 Z-0.125000
G01 X66.275300 Y56.762000 Z-0.125000
G01 X66.500800 Y56.888000 Z-0.125000
G01 X66.662900 Y56.832000 Z-0.125000
G01 X66.705800 Y56.656000 Z-0.125000
G01 X66.573500 Y56.424000 Z-0.125000
G01 X65.917600 Y55.768000 Z-0.125000
G01 X65.864400 Y55.616000 Z-0.125000
G01 X66.081200 Y55.614000 Z-0.125000
G01 X66.722000 Y55.937000 Z-0.125000
G01 X67.093500 Y56.308000 Z-0.125000
G00 Z5.000000

(End cutting path id: path8334)


(Start cutting path id: path8334)
(Change tool to Default tool)

G00 Z5.000000
G00 X61.182100 Y73.933000

G01 Z-0.125000 F100.0(Penetrate)
G01 X48.842800 Y61.594000 Z-0.125000 F400.000000
G01 X48.714700 Y61.366000 Z-0.125000
G01 X48.766800 Y61.199000 Z-0.125000
G01 X48.938200 Y61.152000 Z-0.125000
G01 X49.167800 Y61.282000 Z-0.125000
G01 X57.393200 Y69.508000 Z-0.125000
G00 Z5.000000

(End cutting path id: path8334)


(Start cutting path id: path8334)
(Change tool to Default tool)

G00 Z5.000000
G00 X34.641500 Y48.664000

G01 Z-0.125000 F100.0(Penetrate)
G01 X34.693700 Y48.717000 Z-0.125000 F400.000000
G01 X35.683000 Y49.070000 Z-0.125000
G01 X34.483300 Y47.870000 Z-0.125000
G01 X34.173800 Y47.242000 Z-0.125000
G01 X34.184600 Y47.035000 Z-0.125000
G01 X34.341300 Y47.092000 Z-0.125000
G01 X36.252100 Y49.003000 Z-0.125000
G01 X36.835800 Y49.268000 Z-0.125000
G01 X37.013600 Y49.228000 Z-0.125000
G01 X36.942500 Y49.057000 Z-0.125000
G01 X34.272800 Y46.387000 Z-0.125000
G01 X34.003400 Y45.800000 Z-0.125000
G01 X34.041700 Y45.620000 Z-0.125000
G01 X34.211000 Y45.689000 Z-0.125000
G01 X37.609400 Y49.088000 Z-0.125000
G01 X38.174300 Y49.335000 Z-0.125000
G01 X38.339100 Y49.281000 Z-0.125000
G01 X38.262200 Y49.105000 Z-0.125000
G01 X34.161400 Y45.004000 Z-0.125000
G01 X33.902400 Y44.427000 Z-0.125000
G01 X33.948000 Y44.254000 Z-0.125000
G01 X34.120500 Y44.327000 Z-0.125000
G01 X38.904700 Y49.111000 Z-0.125000
G01 X39.463300 Y49.352000 Z-0.125000
G01 X39.623800 Y49.293000 Z-0.125000
G01 X39.544900 Y49.115000 Z-0.125000
G01 X34.061500 Y43.631000 Z-0.125000
G01 X33.822200 Y43.074000 Z-0.125000
G01 X33.881300 Y42.915000 Z-0.125000
G01 X34.059900 Y42.994000 Z-0.125000
G01 X40.181500 Y49.115000 Z-0.125000
G01 X40.736000 Y49.352000 Z-0.125000
G01 X40.893600 Y49.291000 Z-0.125000
G01 X40.813400 Y49.111000 Z-0.125000
G01 X34.038100 Y42.336000 Z-0.125000
G01 X33.790600 Y41.771000 Z-0.125000
G01 X33.844000 Y41.605000 Z-0.125000
G01 X34.020100 Y41.682000 Z-0.125000
G01 X41.439100 Y49.101000 Z-0.125000
G01 X41.988900 Y49.333000 Z-0.125000
G01 X42.143300 Y49.269000 Z-0.125000
G01 X42.061700 Y49.087000 Z-0.125000
G01 X39.915800 Y46.942000 Z-0.125000
G01 X39.843100 Y46.769000 Z-0.125000
G01 X40.017000 Y46.725000 Z-0.125000
G01 X40.595300 Y46.985000 Z-0.125000
G01 X42.670000 Y49.060000 Z-0.125000
G01 X43.209600 Y49.281000 Z-0.125000
G01 X43.357000 Y49.210000 Z-0.125000
G01 X43.272200 Y49.026000 Z-0.125000
G01 X41.274700 Y47.028000 Z-0.125000
G01 X41.202000 Y46.856000 Z-0.125000
G01 X41.375900 Y46.811000 Z-0.125000
G01 X41.954200 Y47.072000 Z-0.125000
G01 X43.865000 Y48.983000 Z-0.125000
G01 X44.390500 Y49.190000 Z-0.125000
G01 X44.528100 Y49.109000 Z-0.125000
G01 X44.438900 Y48.920000 Z-0.125000
G01 X42.633600 Y47.115000 Z-0.125000
G01 X42.559900 Y46.942000 Z-0.125000
G01 X42.731600 Y46.895000 Z-0.125000
G01 X43.306700 Y47.152000 Z-0.125000
G01 X44.997600 Y48.843000 Z-0.125000
G01 X45.503500 Y49.031000 Z-0.125000
G01 X45.627600 Y48.936000 Z-0.125000
G01 X45.532200 Y48.742000 Z-0.125000
G01 X43.965400 Y47.175000 Z-0.125000
G01 X43.885400 Y46.995000 Z-0.125000
G01 X44.043300 Y46.935000 Z-0.125000
G01 X44.598300 Y47.172000 Z-0.125000
G01 X46.042700 Y48.616000 Z-0.125000
G01 X46.296700 Y48.771000 Z-0.125000
G01 X46.521500 Y48.777000 Z-0.125000
G01 X46.627000 Y48.664000 Z-0.125000
G01 X46.523200 Y48.460000 Z-0.125000
G01 X45.184300 Y47.122000 Z-0.125000
G01 X45.087600 Y46.925000 Z-0.125000
G01 X45.208800 Y46.828000 Z-0.125000
G01 X45.710400 Y47.012000 Z-0.125000
G01 X46.968200 Y48.269000 Z-0.125000
G01 X47.210400 Y48.412000 Z-0.125000
G01 X47.409200 Y48.392000 Z-0.125000
G01 X47.488800 Y48.253000 Z-0.125000
G01 X47.373200 Y48.038000 Z-0.125000
G01 X46.164100 Y46.829000 Z-0.125000
G01 X46.044000 Y46.610000 Z-0.125000
G01 X46.113700 Y46.461000 Z-0.125000
G01 X46.302700 Y46.431000 Z-0.125000
G01 X46.540400 Y46.569000 Z-0.125000
G01 X47.734700 Y47.764000 Z-0.125000
G01 X47.963100 Y47.893000 Z-0.125000
G01 X48.131700 Y47.843000 Z-0.125000
G01 X48.181000 Y47.673000 Z-0.125000
G01 X48.051600 Y47.445000 Z-0.125000
G01 X46.842200 Y46.235000 Z-0.125000
G01 X46.700200 Y45.994000 Z-0.125000
G01 X46.721800 Y45.797000 Z-0.125000
G01 X46.862600 Y45.719000 Z-0.125000
G01 X47.078400 Y45.835000 Z-0.125000
G01 X48.325300 Y47.082000 Z-0.125000
G01 X48.540800 Y47.198000 Z-0.125000
G01 X48.680900 Y47.120000 Z-0.125000
G01 X48.701700 Y46.922000 Z-0.125000
G01 X48.559300 Y46.680000 Z-0.125000
G01 X47.260300 Y45.381000 Z-0.125000
G01 X47.089200 Y44.892000 Z-0.125000
G01 X47.195200 Y44.779000 Z-0.125000
G01 X47.395200 Y44.880000 Z-0.125000
G01 X48.759100 Y46.244000 Z-0.125000
G01 X48.964600 Y46.350000 Z-0.125000
G01 X49.082600 Y46.249000 Z-0.125000
G01 X49.081300 Y46.029000 Z-0.125000
G01 X48.928900 Y45.777000 Z-0.125000
G01 X47.496900 Y44.345000 Z-0.125000
G01 X47.295100 Y43.826000 Z-0.125000
G01 X47.380000 Y43.692000 Z-0.125000
G01 X47.570400 Y43.783000 Z-0.125000
G01 X49.061600 Y45.274000 Z-0.125000
G01 X49.256200 Y45.369000 Z-0.125000
G01 X49.350200 Y45.245000 Z-0.125000
G01 X49.161700 Y44.738000 Z-0.125000
G01 X47.625100 Y43.201000 Z-0.125000
G01 X47.407100 Y42.665000 Z-0.125000
G01 X47.480900 Y42.520000 Z-0.125000
G01 X47.666200 Y42.606000 Z-0.125000
G01 X49.244300 Y44.184000 Z-0.125000
G01 X49.434100 Y44.275000 Z-0.125000
G01 X49.517500 Y44.140000 Z-0.125000
G01 X49.313600 Y43.618000 Z-0.125000
G01 X47.694100 Y41.998000 Z-0.125000
G01 X47.463700 Y41.450000 Z-0.125000
G01 X47.529000 Y41.296000 Z-0.125000
G01 X47.710500 Y41.378000 Z-0.125000
G01 X49.372200 Y43.040000 Z-0.125000
G01 X49.558900 Y43.127000 Z-0.125000
G01 X49.635600 Y42.986000 Z-0.125000
G01 X49.421900 Y42.454000 Z-0.125000
G01 X47.727500 Y40.759000 Z-0.125000
G01 X47.492200 Y40.206000 Z-0.125000
G01 X47.554100 Y40.049000 Z-0.125000
G01 X47.734100 Y40.130000 Z-0.125000
G01 X49.461100 Y41.857000 Z-0.125000
G01 X49.646000 Y41.942000 Z-0.125000
G01 X49.718700 Y41.797000 Z-0.125000
G01 X49.499300 Y41.259000 Z-0.125000
G01 X47.740700 Y39.500000 Z-0.125000
G01 X47.503800 Y38.945000 Z-0.125000
G01 X47.564500 Y38.788000 Z-0.125000
G01 X47.743900 Y38.868000 Z-0.125000
G01 X49.527100 Y40.651000 Z-0.125000
G01 X49.710000 Y40.734000 Z-0.125000
G01 X49.778600 Y40.584000 Z-0.125000
G01 X49.553100 Y40.041000 Z-0.125000
G01 X47.745300 Y38.233000 Z-0.125000
G01 X47.507200 Y37.677000 Z-0.125000
G01 X47.567200 Y37.518000 Z-0.125000
G01 X47.746200 Y37.598000 Z-0.125000
G01 X49.571400 Y39.423000 Z-0.125000
G01 X49.752700 Y39.505000 Z-0.125000
G01 X49.817600 Y39.351000 Z-0.125000
G01 X49.586700 Y38.802000 Z-0.125000
G01 X47.742100 Y36.957000 Z-0.125000
G01 X47.501500 Y36.399000 Z-0.125000
G01 X47.559700 Y36.238000 Z-0.125000
G01 X47.737900 Y36.317000 Z-0.125000
G01 X49.596500 Y38.176000 Z-0.125000
G01 X49.776200 Y38.256000 Z-0.125000
G01 X49.837500 Y38.099000 Z-0.125000
G01 X49.601600 Y37.545000 Z-0.125000
G01 X47.732300 Y35.675000 Z-0.125000
G01 X47.486600 Y35.112000 Z-0.125000
G01 X47.541300 Y34.948000 Z-0.125000
G01 X47.717900 Y35.025000 Z-0.125000
G01 X49.603200 Y36.910000 Z-0.125000
G01 X49.781300 Y36.989000 Z-0.125000
G01 X49.839200 Y36.828000 Z-0.125000
G01 X49.598000 Y36.269000 Z-0.125000
G01 X47.703500 Y34.374000 Z-0.125000
G01 X47.454800 Y33.808000 Z-0.125000
G01 X47.507500 Y33.642000 Z-0.125000
G01 X47.683200 Y33.718000 Z-0.125000
G01 X49.615600 Y35.650000 Z-0.125000
G01 X49.788200 Y35.724000 Z-0.125000
G01 X49.833800 Y35.551000 Z-0.125000
G01 X49.574900 Y34.974000 Z-0.125000
G01 X47.655000 Y33.054000 Z-0.125000
G01 X47.398000 Y32.479000 Z-0.125000
G01 X47.444900 Y32.307000 Z-0.125000
G01 X47.618000 Y32.381000 Z-0.125000
G01 X49.558900 Y34.322000 Z-0.125000
G01 X49.733200 Y34.396000 Z-0.125000
G01 X49.782700 Y34.227000 Z-0.125000
G01 X49.529400 Y33.656000 Z-0.125000
G01 X47.569100 Y31.696000 Z-0.125000
G01 X47.298700 Y31.107000 Z-0.125000
G01 X47.336400 Y30.926000 Z-0.125000
G01 X47.505300 Y30.996000 Z-0.125000
G01 X49.503300 Y32.994000 Z-0.125000
G01 X49.674800 Y33.066000 Z-0.125000
G01 X49.718000 Y32.890000 Z-0.125000
G01 X49.455600 Y32.310000 Z-0.125000
G01 X47.405900 Y30.260000 Z-0.125000
G01 X47.087700 Y29.624000 Z-0.125000
G01 X47.092600 Y29.410000 Z-0.125000
G01 X47.246600 Y29.465000 Z-0.125000
G01 X49.407600 Y31.626000 Z-0.125000
G01 X49.576600 Y31.695000 Z-0.125000
G01 X49.614400 Y31.515000 Z-0.125000
G01 X49.344200 Y30.926000 Z-0.125000
G01 X44.141900 Y25.724000 Z-0.125000
G01 X43.561800 Y25.462000 Z-0.125000
G01 X43.386600 Y25.505000 Z-0.125000
G01 X43.458700 Y25.677000 Z-0.125000
G01 X45.684200 Y27.902000 Z-0.125000
G01 X45.729200 Y28.047000 Z-0.125000
G01 X45.494300 Y28.031000 Z-0.125000
G01 X44.827300 Y27.682000 Z-0.125000
G01 X42.795700 Y25.650000 Z-0.125000
G01 X42.228800 Y25.401000 Z-0.125000
G01 X42.062800 Y25.454000 Z-0.125000
G01 X42.139100 Y25.630000 Z-0.125000
G01 X44.137000 Y27.627000 Z-0.125000
G01 X44.199900 Y27.790000 Z-0.125000
G01 X44.004300 Y27.813000 Z-0.125000
G01 X43.394600 Y27.521000 Z-0.125000
G01 X41.478400 Y25.605000 Z-0.125000
G01 X40.928500 Y25.373000 Z-0.125000
G01 X40.774000 Y25.437000 Z-0.125000
G01 X40.855600 Y25.618000 Z-0.125000
G01 X42.735200 Y27.498000 Z-0.125000
G01 X42.815400 Y27.677000 Z-0.125000
G01 X42.657800 Y27.738000 Z-0.125000
G01 X42.103200 Y27.502000 Z-0.125000
G01 X40.224900 Y25.624000 Z-0.125000
G01 X39.676100 Y25.393000 Z-0.125000
G01 X39.522400 Y25.458000 Z-0.125000
G01 X39.604300 Y25.639000 Z-0.125000
G01 X41.496200 Y27.531000 Z-0.125000
G01 X41.584200 Y27.718000 Z-0.125000
G01 X41.443800 Y27.797000 Z-0.125000
G01 X40.914300 Y27.585000 Z-0.125000
G01 X38.992100 Y25.663000 Z-0.125000
G01 X38.450300 Y25.439000 Z-0.125000
G01 X38.301400 Y25.509000 Z-0.125000
G01 X38.385500 Y25.692000 Z-0.125000
G01 X40.357000 Y27.664000 Z-0.125000
G01 X40.454400 Y27.861000 Z-0.125000
G01 X40.334800 Y27.960000 Z-0.125000
G01 X39.835600 Y27.779000 Z-0.125000
G01 X37.793200 Y25.736000 Z-0.125000
G01 X37.262900 Y25.524000 Z-0.125000
G01 X37.121900 Y25.602000 Z-0.125000
G01 X37.209700 Y25.789000 Z-0.125000
G01 X39.362100 Y27.941000 Z-0.125000
G01 X39.478700 Y28.157000 Z-0.125000
G01 X39.401400 Y28.298000 Z-0.125000
G01 X39.204700 Y28.321000 Z-0.125000
G01 X38.963600 Y28.179000 Z-0.125000
G01 X36.635900 Y25.851000 Z-0.125000
G01 X36.120400 Y25.654000 Z-0.125000
G01 X35.989500 Y25.741000 Z-0.125000
G01 X36.081900 Y25.933000 Z-0.125000
G01 X38.740100 Y28.591000 Z-0.125000
G01 X38.948100 Y29.117000 Z-0.125000
G01 X38.867500 Y29.255000 Z-0.125000
G01 X38.679000 Y29.166000 Z-0.125000
G01 X35.550700 Y26.038000 Z-0.125000
G01 X35.066000 Y25.871000 Z-0.125000
G01 X34.956400 Y25.981000 Z-0.125000
G01 X35.058400 Y26.182000 Z-0.125000
G01 X38.646700 Y29.770000 Z-0.125000
G01 X38.872400 Y30.314000 Z-0.125000
G01 X38.803900 Y30.464000 Z-0.125000
G01 X38.621000 Y30.381000 Z-0.125000
G01 X34.680600 Y26.440000 Z-0.125000
G01 X34.478600 Y26.338000 Z-0.125000
G01 X34.368200 Y26.446000 Z-0.125000
G01 X34.533000 Y26.929000 Z-0.125000
G01 X38.607100 Y31.003000 Z-0.125000
G01 X38.839100 Y31.553000 Z-0.125000
G01 X38.774900 Y31.707000 Z-0.125000
G01 X38.593900 Y31.626000 Z-0.125000
G01 X34.433300 Y27.465000 Z-0.125000
G01 X34.242500 Y27.374000 Z-0.125000
G01 X34.156600 Y27.506000 Z-0.125000
G01 X34.357100 Y28.025000 Z-0.125000
G01 X38.588000 Y32.256000 Z-0.125000
G01 X38.823400 Y32.809000 Z-0.125000
G01 X38.761500 Y32.966000 Z-0.125000
G01 X38.581600 Y32.886000 Z-0.125000
G01 X34.296300 Y28.600000 Z-0.125000
G01 X34.109400 Y28.513000 Z-0.125000
G01 X34.032100 Y28.654000 Z-0.125000
G01 X34.245000 Y29.185000 Z-0.125000
G01 X38.582100 Y33.522000 Z-0.125000
G01 X38.820800 Y34.079000 Z-0.125000
G01 X38.761300 Y34.238000 Z-0.125000
G01 X38.582500 Y34.159000 Z-0.125000
G01 X34.201000 Y29.777000 Z-0.125000
G01 X34.016000 Y29.692000 Z-0.125000
G01 X33.943200 Y29.837000 Z-0.125000
G01 X34.162500 Y30.375000 Z-0.125000
G01 X38.585900 Y34.798000 Z-0.125000
G01 X38.827500 Y35.358000 Z-0.125000
G01 X38.769900 Y35.519000 Z-0.125000
G01 X38.591900 Y35.440000 Z-0.125000
G01 X34.128500 Y30.977000 Z-0.125000
G01 X33.942800 Y30.891000 Z-0.125000
G01 X33.868200 Y31.035000 Z-0.125000
G01 X34.085000 Y31.570000 Z-0.125000
G01 X38.597800 Y36.082000 Z-0.125000
G01 X38.842100 Y36.645000 Z-0.125000
G01 X38.786300 Y36.808000 Z-0.125000
G01 X38.609200 Y36.730000 Z-0.125000
G01 X34.075300 Y32.196000 Z-0.125000
G01 X33.892700 Y32.113000 Z-0.125000
G01 X33.825100 Y32.264000 Z-0.125000
G01 X34.051900 Y32.809000 Z-0.125000
G01 X38.620600 Y37.377000 Z-0.125000
G01 X38.865300 Y37.940000 Z-0.125000
G01 X38.809900 Y38.103000 Z-0.125000
G01 X38.632900 Y38.026000 Z-0.125000
G01 X34.031100 Y33.424000 Z-0.125000
G01 X33.849900 Y33.342000 Z-0.125000
G01 X33.785200 Y33.496000 Z-0.125000
G01 X34.016400 Y34.045000 Z-0.125000
G01 X38.647000 Y38.676000 Z-0.125000
G01 X38.892600 Y39.240000 Z-0.125000
G01 X38.837800 Y39.403000 Z-0.125000
G01 X38.661100 Y39.326000 Z-0.125000
G01 X34.001800 Y34.667000 Z-0.125000
G01 X33.820900 Y34.585000 Z-0.125000
G01 X33.757000 Y34.740000 Z-0.125000
G01 X33.989300 Y35.290000 Z-0.125000
G01 X38.675300 Y39.976000 Z-0.125000
G01 X38.920900 Y40.540000 Z-0.125000
G01 X38.866100 Y40.704000 Z-0.125000
G01 X38.689400 Y40.627000 Z-0.125000
G01 X33.982400 Y35.920000 Z-0.125000
G01 X33.802500 Y35.839000 Z-0.125000
G01 X33.740500 Y35.996000 Z-0.125000
G01 X33.975500 Y36.549000 Z-0.125000
G01 X38.703500 Y41.277000 Z-0.125000
G01 X38.949100 Y41.840000 Z-0.125000
G01 X38.894300 Y42.004000 Z-0.125000
G01 X38.717600 Y41.927000 Z-0.125000
G01 X33.970300 Y37.180000 Z-0.125000
G01 X33.791500 Y37.100000 Z-0.125000
G01 X33.732100 Y37.260000 Z-0.125000
G01 X33.971000 Y37.817000 Z-0.125000
G01 X38.731700 Y42.577000 Z-0.125000
G01 X38.977300 Y43.141000 Z-0.125000
G01 X38.922500 Y43.305000 Z-0.125000
G01 X38.745800 Y43.228000 Z-0.125000
G01 X33.971700 Y38.453000 Z-0.125000
G01 X33.790300 Y38.371000 Z-0.125000
G01 X33.725100 Y38.525000 Z-0.125000
G01 X33.955500 Y39.073000 Z-0.125000
G01 X38.760000 Y43.878000 Z-0.125000
G01 X39.005600 Y44.441000 Z-0.125000
G01 X38.950800 Y44.605000 Z-0.125000
G01 X38.774100 Y44.528000 Z-0.125000
G01 X33.982500 Y39.736000 Z-0.125000
G01 X33.804900 Y39.658000 Z-0.125000
G01 X33.748300 Y39.820000 Z-0.125000
G01 X33.991200 Y40.381000 Z-0.125000
G01 X38.788100 Y45.178000 Z-0.125000
G01 X39.033700 Y45.742000 Z-0.125000
G01 X38.979000 Y45.906000 Z-0.125000
G01 X38.802300 Y45.828000 Z-0.125000
G01 X33.763400 Y40.790000 Z-0.125000
G00 Z5.000000

(End cutting path id: path8334)


(Start cutting path id: path8334)
(Change tool to Default tool)

G00 Z5.000000
G00 X20.868900 Y40.550000

G01 Z-0.125000 F100.0(Penetrate)
G01 X21.081000 Y42.295000 Z-0.125000 F400.000000
G01 X21.045300 Y44.318000 Z-0.125000
G01 X20.833200 Y46.539000 Z-0.125000
G01 X16.409500 Y46.733000 Z-0.125000
G01 X11.985700 Y46.926000 Z-0.125000
G01 X11.985700 Y42.964000 Z-0.125000
G01 X11.985700 Y39.002000 Z-0.125000
G01 X16.233100 Y39.002000 Z-0.125000
G01 X18.559900 Y39.043000 Z-0.125000
G01 X19.885900 Y39.241000 Z-0.125000
G01 X20.544500 Y39.706000 Z-0.125000
G01 X20.869000 Y40.550000 Z-0.125000
G01 X20.868900 Y40.550000 Z-0.125000
G00 Z5.000000

(End cutting path id: path8334)


(Start cutting path id: path8334)
(Change tool to Default tool)

G00 Z5.000000
G00 X14.650000 Y49.028000

G01 Z-0.125000 F100.0(Penetrate)
G01 X12.890000 Y47.268000 Z-0.125000 F400.000000
G01 X12.806300 Y47.085000 Z-0.125000
G01 X12.956200 Y47.016000 Z-0.125000
G01 X13.499400 Y47.242000 Z-0.125000
G01 X15.047600 Y48.790000 Z-0.125000
G01 X15.604200 Y49.028000 Z-0.125000
G01 X15.763200 Y48.969000 Z-0.125000
G01 X15.683700 Y48.790000 Z-0.125000
G01 X14.108800 Y47.215000 Z-0.125000
G01 X14.025200 Y47.032000 Z-0.125000
G01 X14.175000 Y46.963000 Z-0.125000
G01 X14.718300 Y47.188000 Z-0.125000
G01 X16.319800 Y48.790000 Z-0.125000
G01 X16.876400 Y49.028000 Z-0.125000
G01 X17.035400 Y48.969000 Z-0.125000
G01 X16.955900 Y48.790000 Z-0.125000
G01 X15.327700 Y47.161000 Z-0.125000
G01 X15.244000 Y46.978000 Z-0.125000
G01 X15.393800 Y46.910000 Z-0.125000
G01 X15.937100 Y47.135000 Z-0.125000
G01 X17.592000 Y48.790000 Z-0.125000
G01 X18.148600 Y49.028000 Z-0.125000
G01 X18.307600 Y48.969000 Z-0.125000
G01 X18.228100 Y48.790000 Z-0.125000
G01 X16.546500 Y47.108000 Z-0.125000
G01 X16.462800 Y46.925000 Z-0.125000
G01 X16.612700 Y46.856000 Z-0.125000
G01 X17.155900 Y47.081000 Z-0.125000
G01 X18.864200 Y48.790000 Z-0.125000
G01 X19.420800 Y49.028000 Z-0.125000
G01 X19.579800 Y48.969000 Z-0.125000
G01 X19.500300 Y48.790000 Z-0.125000
G01 X17.765300 Y47.055000 Z-0.125000
G01 X17.681700 Y46.872000 Z-0.125000
G01 X17.831500 Y46.803000 Z-0.125000
G01 X18.374800 Y47.028000 Z-0.125000
G01 X20.136400 Y48.790000 Z-0.125000
G01 X20.693000 Y49.028000 Z-0.125000
G01 X20.852000 Y48.969000 Z-0.125000
G01 X20.772500 Y48.790000 Z-0.125000
G01 X18.984200 Y47.001000 Z-0.125000
G01 X18.900500 Y46.818000 Z-0.125000
G01 X19.050300 Y46.749000 Z-0.125000
G01 X19.593600 Y46.975000 Z-0.125000
G01 X21.408600 Y48.790000 Z-0.125000
G01 X21.965200 Y49.028000 Z-0.125000
G01 X22.124200 Y48.968000 Z-0.125000
G01 X22.044700 Y48.790000 Z-0.125000
G01 X20.203000 Y46.948000 Z-0.125000
G01 X20.119300 Y46.765000 Z-0.125000
G01 X20.269200 Y46.696000 Z-0.125000
G01 X20.812400 Y46.921000 Z-0.125000
G01 X22.434300 Y48.543000 Z-0.125000
G01 X22.614700 Y48.624000 Z-0.125000
G01 X22.677800 Y48.468000 Z-0.125000
G01 X22.444200 Y47.917000 Z-0.125000
G01 X21.213400 Y46.686000 Z-0.125000
G01 X21.002500 Y46.157000 Z-0.125000
G01 X21.081200 Y46.017000 Z-0.125000
G01 X21.268800 Y46.105000 Z-0.125000
G01 X22.454100 Y47.291000 Z-0.125000
G01 X22.634500 Y47.372000 Z-0.125000
G01 X22.697500 Y47.216000 Z-0.125000
G01 X22.464000 Y46.664000 Z-0.125000
G01 X21.324300 Y45.525000 Z-0.125000
G01 X21.113500 Y44.996000 Z-0.125000
G01 X21.192100 Y44.856000 Z-0.125000
G01 X21.379700 Y44.944000 Z-0.125000
G01 X22.473800 Y46.038000 Z-0.125000
G01 X22.654300 Y46.119000 Z-0.125000
G01 X22.717300 Y45.964000 Z-0.125000
G01 X22.483700 Y45.412000 Z-0.125000
G01 X21.430800 Y44.359000 Z-0.125000
G01 X21.207800 Y43.818000 Z-0.125000
G01 X21.278100 Y43.670000 Z-0.125000
G01 X21.461800 Y43.754000 Z-0.125000
G01 X22.493600 Y44.786000 Z-0.125000
G01 X22.674000 Y44.867000 Z-0.125000
G01 X22.737100 Y44.711000 Z-0.125000
G01 X22.503500 Y44.159000 Z-0.125000
G01 X21.470400 Y43.126000 Z-0.125000
G01 X21.220600 Y42.559000 Z-0.125000
G01 X21.272600 Y42.392000 Z-0.125000
G01 X21.448000 Y42.468000 Z-0.125000
G01 X22.513400 Y43.533000 Z-0.125000
G01 X22.693800 Y43.614000 Z-0.125000
G01 X22.756800 Y43.459000 Z-0.125000
G01 X22.523300 Y42.907000 Z-0.125000
G01 X21.395900 Y41.780000 Z-0.125000
G01 X21.107100 Y41.173000 Z-0.125000
G01 X21.132200 Y40.979000 Z-0.125000
G01 X21.295300 Y41.043000 Z-0.125000
G01 X22.533100 Y42.281000 Z-0.125000
G01 X22.713600 Y42.362000 Z-0.125000
G01 X22.776600 Y42.206000 Z-0.125000
G01 X22.543000 Y41.654000 Z-0.125000
G01 X17.312300 Y36.424000 Z-0.125000
G01 X16.755700 Y36.185000 Z-0.125000
G01 X16.596700 Y36.245000 Z-0.125000
G01 X16.676200 Y36.424000 Z-0.125000
G01 X19.009100 Y38.757000 Z-0.125000
G01 X19.074900 Y38.922000 Z-0.125000
G01 X18.885800 Y38.951000 Z-0.125000
G01 X18.285500 Y38.669000 Z-0.125000
G01 X16.040100 Y36.424000 Z-0.125000
G01 X15.483500 Y36.185000 Z-0.125000
G01 X15.324500 Y36.245000 Z-0.125000
G01 X15.404000 Y36.424000 Z-0.125000
G01 X17.626700 Y38.646000 Z-0.125000
G01 X17.704800 Y38.824000 Z-0.125000
G01 X17.542500 Y38.880000 Z-0.125000
G01 X16.981200 Y38.637000 Z-0.125000
G01 X14.767900 Y36.424000 Z-0.125000
G01 X14.211300 Y36.186000 Z-0.125000
G01 X14.052300 Y36.245000 Z-0.125000
G01 X14.131800 Y36.424000 Z-0.125000
G01 X16.341300 Y38.634000 Z-0.125000
G01 X16.420400 Y38.812000 Z-0.125000
G01 X16.260700 Y38.871000 Z-0.125000
G01 X15.703000 Y38.632000 Z-0.125000
G01 X13.495700 Y36.424000 Z-0.125000
G01 X12.939100 Y36.186000 Z-0.125000
G01 X12.780100 Y36.245000 Z-0.125000
G01 X12.859600 Y36.424000 Z-0.125000
G01 X15.066900 Y38.632000 Z-0.125000
G01 X15.146500 Y38.810000 Z-0.125000
G01 X14.987400 Y38.870000 Z-0.125000
G01 X14.430800 Y38.632000 Z-0.125000
G01 X7.772260 Y31.973000 Z-0.125000
G01 X7.532640 Y31.415000 Z-0.125000
G01 X7.591530 Y31.255000 Z-0.125000
G01 X7.770090 Y31.335000 Z-0.125000
G01 X11.921800 Y35.486000 Z-0.125000
G01 X12.094100 Y35.559000 Z-0.125000
G01 X12.139100 Y35.386000 Z-0.125000
G01 X11.879400 Y34.808000 Z-0.125000
G01 X7.775890 Y30.704000 Z-0.125000
G01 X7.543450 Y30.154000 Z-0.125000
G01 X7.607270 Y29.999000 Z-0.125000
G01 X7.788080 Y30.080000 Z-0.125000
G01 X11.837000 Y34.129000 Z-0.125000
G01 X12.009300 Y34.202000 Z-0.125000
G01 X12.054300 Y34.029000 Z-0.125000
G01 X11.794600 Y33.451000 Z-0.125000
G01 X7.804960 Y29.461000 Z-0.125000
G01 X7.580820 Y28.919000 Z-0.125000
G01 X7.650350 Y28.770000 Z-0.125000
G01 X7.833750 Y28.854000 Z-0.125000
G01 X11.752200 Y32.772000 Z-0.125000
G01 X11.924500 Y32.845000 Z-0.125000
G01 X11.969500 Y32.672000 Z-0.125000
G01 X11.709800 Y32.094000 Z-0.125000
G01 X7.868580 Y28.253000 Z-0.125000
G01 X7.651820 Y27.718000 Z-0.125000
G01 X7.726430 Y27.574000 Z-0.125000
G01 X7.912140 Y27.660000 Z-0.125000
G01 X11.667200 Y31.415000 Z-0.125000
G01 X11.839500 Y31.488000 Z-0.125000
G01 X11.884500 Y31.314000 Z-0.125000
G01 X11.624800 Y30.737000 Z-0.125000
G01 X7.968050 Y27.080000 Z-0.125000
G01 X7.768730 Y26.562000 Z-0.125000
G01 X7.855330 Y26.430000 Z-0.125000
G01 X8.046490 Y26.522000 Z-0.125000
G01 X11.580400 Y30.056000 Z-0.125000
G01 X11.752200 Y30.129000 Z-0.125000
G01 X11.796400 Y29.954000 Z-0.125000
G01 X11.535300 Y29.375000 Z-0.125000
G01 X8.176400 Y26.016000 Z-0.125000
G01 X8.064190 Y25.804000 Z-0.125000
G01 X8.151280 Y25.673000 Z-0.125000
G01 X8.357650 Y25.661000 Z-0.125000
G01 X8.603250 Y25.807000 Z-0.125000
G01 X11.487400 Y28.691000 Z-0.125000
G01 X11.657300 Y28.761000 Z-0.125000
G01 X11.697000 Y28.582000 Z-0.125000
G01 X11.429400 Y27.997000 Z-0.125000
G01 X9.155790 Y25.723000 Z-0.125000
G01 X9.074490 Y25.542000 Z-0.125000
G01 X9.229580 Y25.479000 Z-0.125000
G01 X9.780460 Y25.712000 Z-0.125000
G01 X11.353400 Y27.285000 Z-0.125000
G01 X11.524600 Y27.357000 Z-0.125000
G01 X11.567400 Y27.181000 Z-0.125000
G01 X11.304200 Y26.599000 Z-0.125000
G01 X10.293000 Y25.588000 Z-0.125000
G01 X11.148200 Y25.807000 Z-0.125000
G01 X11.197600 Y25.857000 Z-0.125000
G00 Z5.000000

(End cutting path id: path8334)


(Start cutting path id: path8334)
(Change tool to Default tool)

G00 Z5.000000
G00 X10.462800 Y48.658000

G01 Z-0.125000 F100.0(Penetrate)
G01 X10.648100 Y48.843000 Z-0.125000 F400.000000
G01 X11.151500 Y49.028000 Z-0.125000
G01 X11.323800 Y48.982000 Z-0.125000
G01 X11.284200 Y48.843000 Z-0.125000
G01 X10.679600 Y48.238000 Z-0.125000
G01 X10.430200 Y47.671000 Z-0.125000
G01 X10.482300 Y47.504000 Z-0.125000
G01 X10.657800 Y47.580000 Z-0.125000
G01 X11.867100 Y48.790000 Z-0.125000
G01 X12.423700 Y49.028000 Z-0.125000
G01 X12.582700 Y48.969000 Z-0.125000
G01 X12.503200 Y48.790000 Z-0.125000
G01 X10.636100 Y46.923000 Z-0.125000
G01 X10.386700 Y46.355000 Z-0.125000
G01 X10.438800 Y46.189000 Z-0.125000
G01 X10.614300 Y46.265000 Z-0.125000
G01 X13.139300 Y48.790000 Z-0.125000
G01 X13.695900 Y49.028000 Z-0.125000
G01 X13.854900 Y48.969000 Z-0.125000
G01 X13.775400 Y48.790000 Z-0.125000
G01 X10.592600 Y45.607000 Z-0.125000
G01 X10.343200 Y45.039000 Z-0.125000
G01 X10.395300 Y44.873000 Z-0.125000
G01 X10.570800 Y44.949000 Z-0.125000
G01 X11.614800 Y45.993000 Z-0.125000
G01 X11.793700 Y46.072000 Z-0.125000
G01 X11.853300 Y45.913000 Z-0.125000
G01 X11.614800 Y45.357000 Z-0.125000
G01 X10.549100 Y44.291000 Z-0.125000
G01 X10.299600 Y43.724000 Z-0.125000
G01 X10.351700 Y43.557000 Z-0.125000
G01 X10.527100 Y43.633000 Z-0.125000
G01 X11.614800 Y44.721000 Z-0.125000
G01 X11.793700 Y44.800000 Z-0.125000
G01 X11.853300 Y44.641000 Z-0.125000
G01 X11.614800 Y44.085000 Z-0.125000
G01 X10.501300 Y42.971000 Z-0.125000
G01 X10.249900 Y42.402000 Z-0.125000
G01 X10.300600 Y42.234000 Z-0.125000
G01 X10.475500 Y42.309000 Z-0.125000
G01 X11.614800 Y43.449000 Z-0.125000
G01 X11.793700 Y43.528000 Z-0.125000
G01 X11.853300 Y43.369000 Z-0.125000
G01 X11.614800 Y42.812000 Z-0.125000
G01 X10.444400 Y41.642000 Z-0.125000
G01 X10.185500 Y41.065000 Z-0.125000
G01 X10.231200 Y40.892000 Z-0.125000
G01 X10.403700 Y40.965000 Z-0.125000
G01 X11.614700 Y42.176000 Z-0.125000
G01 X11.793700 Y42.256000 Z-0.125000
G01 X11.853300 Y42.097000 Z-0.125000
G01 X11.614700 Y41.540000 Z-0.125000
G01 X10.299500 Y40.225000 Z-0.125000
G01 X10.046100 Y39.654000 Z-0.125000
G01 X10.095400 Y39.484000 Z-0.125000
G01 X10.269700 Y39.559000 Z-0.125000
G01 X11.614700 Y40.904000 Z-0.125000
G01 X11.793700 Y40.984000 Z-0.125000
G01 X11.853300 Y40.825000 Z-0.125000
G01 X11.614700 Y40.268000 Z-0.125000
G01 X9.892080 Y38.545000 Z-0.125000
G00 Z5.000000

(End cutting path id: path8334)


(Start cutting path id: path8334)
(Change tool to Default tool)

G00 Z5.000000
G00 X-20.542300 Y34.191000

G01 Z-0.125000 F100.0(Penetrate)
G01 X-6.264390 Y48.469000 Z-0.125000 F400.000000
G01 X-5.718150 Y48.697000 Z-0.125000
G01 X-5.566240 Y48.630000 Z-0.125000
G01 X-5.648990 Y48.448000 Z-0.125000
G01 X-20.322800 Y33.775000 Z-0.125000
G01 X-20.554200 Y33.225000 Z-0.125000
G01 X-20.489700 Y33.071000 Z-0.125000
G01 X-20.308600 Y33.153000 Z-0.125000
G01 X-5.089640 Y48.372000 Z-0.125000
G01 X-4.915910 Y48.446000 Z-0.125000
G01 X-4.867680 Y48.276000 Z-0.125000
G01 X-5.122790 Y47.702000 Z-0.125000
G01 X-8.989050 Y43.836000 Z-0.125000
G00 Z5.000000

(End cutting path id: path8334)


(Start cutting path id: path8334)
(Change tool to Default tool)

G00 Z5.000000
G00 X-35.479400 Y44.062000

G01 Z-0.125000 F100.0(Penetrate)
G01 X-33.606100 Y45.936000 Z-0.125000 F400.000000
G01 X-33.427200 Y46.015000 Z-0.125000
G01 X-33.367500 Y45.856000 Z-0.125000
G01 X-33.606100 Y45.300000 Z-0.125000
G01 X-35.251400 Y43.654000 Z-0.125000
G01 X-35.495200 Y43.092000 Z-0.125000
G01 X-35.439100 Y42.930000 Z-0.125000
G01 X-35.261900 Y43.008000 Z-0.125000
G01 X-33.606100 Y44.663000 Z-0.125000
G01 X-33.427200 Y44.743000 Z-0.125000
G01 X-33.367500 Y44.584000 Z-0.125000
G01 X-33.606100 Y44.027000 Z-0.125000
G01 X-35.272400 Y42.361000 Z-0.125000
G01 X-35.516200 Y41.799000 Z-0.125000
G01 X-35.460100 Y41.637000 Z-0.125000
G01 X-35.282900 Y41.714000 Z-0.125000
G01 X-33.606100 Y43.391000 Z-0.125000
G01 X-33.427200 Y43.471000 Z-0.125000
G01 X-33.367500 Y43.312000 Z-0.125000
G01 X-33.606100 Y42.755000 Z-0.125000
G01 X-35.293300 Y41.068000 Z-0.125000
G01 X-35.537100 Y40.506000 Z-0.125000
G01 X-35.481100 Y40.343000 Z-0.125000
G01 X-35.303800 Y40.421000 Z-0.125000
G01 X-33.606100 Y42.119000 Z-0.125000
G01 X-33.427200 Y42.199000 Z-0.125000
G01 X-33.367500 Y42.039000 Z-0.125000
G01 X-33.606100 Y41.483000 Z-0.125000
G01 X-35.314300 Y39.775000 Z-0.125000
G01 X-35.558100 Y39.213000 Z-0.125000
G01 X-35.502100 Y39.050000 Z-0.125000
G01 X-35.324800 Y39.128000 Z-0.125000
G01 X-33.606100 Y40.847000 Z-0.125000
G01 X-33.427200 Y40.926000 Z-0.125000
G01 X-33.367500 Y40.767000 Z-0.125000
G01 X-33.606100 Y40.211000 Z-0.125000
G01 X-35.335300 Y38.481000 Z-0.125000
G01 X-35.578400 Y37.920000 Z-0.125000
G01 X-35.521900 Y37.758000 Z-0.125000
G01 X-35.344400 Y37.836000 Z-0.125000
G01 X-33.606100 Y39.575000 Z-0.125000
G01 X-33.427200 Y39.654000 Z-0.125000
G01 X-33.367600 Y39.495000 Z-0.125000
G01 X-33.606100 Y38.939000 Z-0.125000
G01 X-35.352800 Y37.192000 Z-0.125000
G01 X-35.595600 Y36.631000 Z-0.125000
G01 X-35.538800 Y36.469000 Z-0.125000
G01 X-35.361200 Y36.547000 Z-0.125000
G01 X-33.606100 Y38.302000 Z-0.125000
G01 X-33.427200 Y38.382000 Z-0.125000
G01 X-33.367500 Y38.223000 Z-0.125000
G01 X-33.606100 Y37.666000 Z-0.125000
G01 X-35.368900 Y35.903000 Z-0.125000
G01 X-35.609500 Y35.345000 Z-0.125000
G01 X-35.551400 Y35.184000 Z-0.125000
G01 X-35.373200 Y35.263000 Z-0.125000
G01 X-33.606000 Y37.030000 Z-0.125000
G01 X-33.427100 Y37.110000 Z-0.125000
G01 X-33.367500 Y36.951000 Z-0.125000
G01 X-33.606000 Y36.394000 Z-0.125000
G01 X-35.377500 Y34.623000 Z-0.125000
G01 X-35.620800 Y34.061000 Z-0.125000
G01 X-35.564500 Y33.899000 Z-0.125000
G01 X-35.387100 Y33.977000 Z-0.125000
G01 X-33.606100 Y35.758000 Z-0.125000
G01 X-33.427200 Y35.838000 Z-0.125000
G01 X-33.367500 Y35.678000 Z-0.125000
G01 X-33.606100 Y35.122000 Z-0.125000
G01 X-35.382300 Y33.346000 Z-0.125000
G01 X-35.620800 Y32.789000 Z-0.125000
G01 X-35.561200 Y32.630000 Z-0.125000
G01 X-35.382300 Y32.710000 Z-0.125000
G01 X-33.606100 Y34.486000 Z-0.125000
G01 X-33.427200 Y34.565000 Z-0.125000
G01 X-33.367500 Y34.406000 Z-0.125000
G01 X-33.606100 Y33.850000 Z-0.125000
G01 X-35.382200 Y32.074000 Z-0.125000
G01 X-35.618800 Y31.519000 Z-0.125000
G01 X-35.557900 Y31.361000 Z-0.125000
G01 X-35.378300 Y31.441000 Z-0.125000
G01 X-33.606100 Y33.214000 Z-0.125000
G01 X-33.427200 Y33.293000 Z-0.125000
G01 X-33.367500 Y33.134000 Z-0.125000
G01 X-33.606100 Y32.577000 Z-0.125000
G01 X-35.373300 Y30.810000 Z-0.125000
G01 X-35.609300 Y30.256000 Z-0.125000
G01 X-35.548000 Y30.099000 Z-0.125000
G01 X-35.368300 Y30.179000 Z-0.125000
G01 X-33.606100 Y31.941000 Z-0.125000
G01 X-33.427200 Y32.021000 Z-0.125000
G01 X-33.367600 Y31.862000 Z-0.125000
G01 X-33.606100 Y31.305000 Z-0.125000
G01 X-35.356900 Y29.554000 Z-0.125000
G01 X-35.589700 Y29.004000 Z-0.125000
G01 X-35.526200 Y28.849000 Z-0.125000
G01 X-35.345500 Y28.930000 Z-0.125000
G01 X-33.606100 Y30.669000 Z-0.125000
G01 X-33.427200 Y30.749000 Z-0.125000
G01 X-33.367600 Y30.590000 Z-0.125000
G01 X-33.606100 Y30.033000 Z-0.125000
G01 X-35.328200 Y28.311000 Z-0.125000
G01 X-35.556300 Y27.765000 Z-0.125000
G01 X-35.489500 Y27.613000 Z-0.125000
G01 X-35.307400 Y27.696000 Z-0.125000
G01 X-33.606100 Y29.397000 Z-0.125000
G01 X-33.427200 Y29.476000 Z-0.125000
G01 X-33.367600 Y29.317000 Z-0.125000
G01 X-33.606100 Y28.761000 Z-0.125000
G01 X-35.278800 Y27.088000 Z-0.125000
G01 X-35.492400 Y26.557000 Z-0.125000
G01 X-35.415600 Y26.415000 Z-0.125000
G01 X-35.228900 Y26.502000 Z-0.125000
G01 X-33.606100 Y28.125000 Z-0.125000
G01 X-33.427200 Y28.204000 Z-0.125000
G01 X-33.367600 Y28.045000 Z-0.125000
G01 X-33.606100 Y27.489000 Z-0.125000
G01 X-34.980100 Y26.115000 Z-0.125000
G01 X-35.088600 Y25.907000 Z-0.125000
G01 X-34.993500 Y25.783000 Z-0.125000
G01 X-34.779000 Y25.779000 Z-0.125000
G01 X-34.529800 Y25.929000 Z-0.125000
G01 X-33.008300 Y27.450000 Z-0.125000
G01 X-32.435800 Y27.705000 Z-0.125000
G01 X-32.265900 Y27.656000 Z-0.125000
G01 X-32.340400 Y27.482000 Z-0.125000
G01 X-33.992200 Y25.830000 Z-0.125000
G01 X-34.081000 Y25.642000 Z-0.125000
G01 X-33.942300 Y25.562000 Z-0.125000
G01 X-33.415400 Y25.771000 Z-0.125000
G01 X-31.672500 Y27.514000 Z-0.125000
G01 X-31.100000 Y27.768000 Z-0.125000
G01 X-30.930000 Y27.720000 Z-0.125000
G01 X-31.004500 Y27.546000 Z-0.125000
G01 X-32.816900 Y25.733000 Z-0.125000
G01 X-32.899700 Y25.551000 Z-0.125000
G01 X-32.747800 Y25.485000 Z-0.125000
G01 X-32.201600 Y25.713000 Z-0.125000
G01 X-30.336600 Y27.578000 Z-0.125000
G01 X-29.764100 Y27.832000 Z-0.125000
G01 X-29.594100 Y27.783000 Z-0.125000
G01 X-29.668700 Y27.609000 Z-0.125000
G01 X-31.573900 Y25.704000 Z-0.125000
G01 X-31.652700 Y25.526000 Z-0.125000
G01 X-31.492000 Y25.468000 Z-0.125000
G01 X-30.933000 Y25.709000 Z-0.125000
G01 X-29.000700 Y27.641000 Z-0.125000
G01 X-28.428200 Y27.896000 Z-0.125000
G01 X-28.258300 Y27.847000 Z-0.125000
G01 X-28.332800 Y27.673000 Z-0.125000
G01 X-30.293500 Y25.713000 Z-0.125000
G01 X-30.370800 Y25.536000 Z-0.125000
G01 X-30.206900 Y25.481000 Z-0.125000
G01 X-29.643100 Y25.727000 Z-0.125000
G01 X-27.664900 Y27.705000 Z-0.125000
G01 X-27.092400 Y27.960000 Z-0.125000
G01 X-26.922400 Y27.911000 Z-0.125000
G01 X-26.997000 Y27.737000 Z-0.125000
G01 X-28.992000 Y25.742000 Z-0.125000
G01 X-29.069000 Y25.566000 Z-0.125000
G01 X-28.904200 Y25.512000 Z-0.125000
G01 X-28.339300 Y25.758000 Z-0.125000
G01 X-26.329000 Y27.769000 Z-0.125000
G01 X-25.756500 Y28.023000 Z-0.125000
G01 X-25.586600 Y27.974000 Z-0.125000
G01 X-25.661100 Y27.801000 Z-0.125000
G01 X-27.684000 Y25.778000 Z-0.125000
G01 X-27.760500 Y25.602000 Z-0.125000
G01 X-27.594900 Y25.549000 Z-0.125000
G01 X-27.028700 Y25.797000 Z-0.125000
G01 X-22.808600 Y30.017000 Z-0.125000
G01 X-22.584200 Y30.559000 Z-0.125000
G01 X-22.653600 Y30.709000 Z-0.125000
G01 X-22.836900 Y30.625000 Z-0.125000
G01 X-24.610500 Y28.851000 Z-0.125000
G01 X-24.772800 Y28.788000 Z-0.125000
G01 X-24.796000 Y28.984000 Z-0.125000
G01 X-24.504500 Y29.593000 Z-0.125000
G01 X-22.891900 Y31.206000 Z-0.125000
G01 X-22.705400 Y31.710000 Z-0.125000
G01 X-22.800800 Y31.834000 Z-0.125000
G01 X-22.996000 Y31.738000 Z-0.125000
G01 X-24.398500 Y30.335000 Z-0.125000
G01 X-24.563000 Y30.270000 Z-0.125000
G01 X-24.591000 Y30.461000 Z-0.125000
G01 X-24.306400 Y31.064000 Z-0.125000
G01 X-23.188100 Y32.182000 Z-0.125000
G01 X-23.072400 Y32.397000 Z-0.125000
G01 X-23.151700 Y32.536000 Z-0.125000
G01 X-23.350400 Y32.556000 Z-0.125000
G01 X-23.592400 Y32.414000 Z-0.125000
G01 X-24.289500 Y31.717000 Z-0.125000
G00 Z5.000000

(End cutting path id: path8334)


(Start cutting path id: path8334)
(Change tool to Default tool)

G00 Z5.000000
G00 X-35.557000 Y26.059000

G01 Z-0.125000 F100.0(Penetrate)
G01 X-35.739100 Y29.937000 Z-0.125000 F400.000000
G01 X-35.709400 Y38.044000 Z-0.125000
G01 X-35.529000 Y49.161000 Z-0.125000
G01 X-28.975300 Y49.161000 Z-0.125000
G01 X-22.421500 Y49.161000 Z-0.125000
G01 X-22.421500 Y45.557000 Z-0.125000
G01 X-22.459700 Y43.517000 Z-0.125000
G01 X-22.681400 Y42.417000 Z-0.125000
G01 X-22.911100 Y42.117000 Z-0.125000
G01 X-23.246800 Y41.930000 Z-0.125000
G01 X-24.316600 Y41.736000 Z-0.125000
G01 X-25.692100 Y41.781000 Z-0.125000
G01 X-26.210200 Y41.985000 Z-0.125000
G01 X-26.622600 Y42.318000 Z-0.125000
G01 X-27.152700 Y43.396000 Z-0.125000
G01 X-27.326800 Y45.065000 Z-0.125000
G01 X-27.402700 Y46.063000 Z-0.125000
G01 X-27.768400 Y46.603000 Z-0.125000
G01 X-28.653100 Y46.824000 Z-0.125000
G01 X-30.286000 Y46.867000 Z-0.125000
G01 X-33.235200 Y46.867000 Z-0.125000
G01 X-33.235200 Y37.333000 Z-0.125000
G01 X-33.235200 Y27.799000 Z-0.125000
G01 X-29.139100 Y27.994000 Z-0.125000
G01 X-25.043100 Y28.189000 Z-0.125000
G01 X-24.715400 Y30.483000 Z-0.125000
G01 X-24.510600 Y31.456000 Z-0.125000
G01 X-24.216000 Y32.176000 Z-0.125000
G01 X-23.843500 Y32.623000 Z-0.125000
G01 X-23.404600 Y32.777000 Z-0.125000
G01 X-22.932600 Y32.603000 Z-0.125000
G01 X-22.630100 Y32.012000 Z-0.125000
G01 X-22.469000 Y30.903000 Z-0.125000
G01 X-22.421500 Y29.172000 Z-0.125000
G01 X-22.421500 Y25.568000 Z-0.125000
G01 X-28.822900 Y25.380000 Z-0.125000
G01 X-33.911000 Y25.421000 Z-0.125000
G01 X-35.079400 Y25.657000 Z-0.125000
G01 X-35.556900 Y26.059000 Z-0.125000
G01 X-35.557000 Y26.059000 Z-0.125000
G00 Z5.000000

(End cutting path id: path8334)


(Start cutting path id: path8334)
(Change tool to Default tool)

G00 Z5.000000
G00 X-48.125400 Y35.869000

G01 Z-0.125000 F100.0(Penetrate)
G01 X-53.177800 Y30.817000 Z-0.125000 F400.000000
G01 X-53.413300 Y30.263000 Z-0.125000
G01 X-53.351600 Y30.106000 Z-0.125000
G01 X-53.171700 Y30.187000 Z-0.125000
G01 X-48.406300 Y34.952000 Z-0.125000
G01 X-48.234000 Y35.025000 Z-0.125000
G01 X-48.189000 Y34.851000 Z-0.125000
G01 X-48.448700 Y34.273000 Z-0.125000
G01 X-53.153500 Y29.569000 Z-0.125000
G01 X-53.379800 Y29.024000 Z-0.125000
G01 X-53.311800 Y28.874000 Z-0.125000
G01 X-53.129100 Y28.957000 Z-0.125000
G01 X-48.491100 Y33.595000 Z-0.125000
G01 X-48.318800 Y33.668000 Z-0.125000
G01 X-48.273800 Y33.494000 Z-0.125000
G01 X-48.533500 Y32.916000 Z-0.125000
G01 X-53.097500 Y28.353000 Z-0.125000
G01 X-53.313900 Y27.818000 Z-0.125000
G01 X-53.239100 Y27.674000 Z-0.125000
G01 X-53.053400 Y27.761000 Z-0.125000
G01 X-48.575900 Y32.238000 Z-0.125000
G01 X-48.403700 Y32.311000 Z-0.125000
G01 X-48.358600 Y32.137000 Z-0.125000
G01 X-48.618300 Y31.559000 Z-0.125000
G01 X-52.996100 Y27.182000 Z-0.125000
G01 X-53.196600 Y26.663000 Z-0.125000
G01 X-53.110900 Y26.530000 Z-0.125000
G01 X-52.920100 Y26.622000 Z-0.125000
G01 X-48.660800 Y30.881000 Z-0.125000
G01 X-48.488500 Y30.954000 Z-0.125000
G01 X-48.443400 Y30.780000 Z-0.125000
G01 X-48.703200 Y30.202000 Z-0.125000
G01 X-52.806300 Y26.099000 Z-0.125000
G01 X-52.927300 Y25.879000 Z-0.125000
G01 X-52.859400 Y25.728000 Z-0.125000
G01 X-52.672300 Y25.697000 Z-0.125000
G01 X-52.435500 Y25.834000 Z-0.125000
G01 X-48.745600 Y29.524000 Z-0.125000
G01 X-48.573300 Y29.597000 Z-0.125000
G01 X-48.528200 Y29.423000 Z-0.125000
G01 X-48.788000 Y28.845000 Z-0.125000
G01 X-51.893800 Y25.740000 Z-0.125000
G01 X-51.978300 Y25.556000 Z-0.125000
G01 X-51.830300 Y25.485000 Z-0.125000
G01 X-51.289700 Y25.708000 Z-0.125000
G01 X-48.830400 Y28.167000 Z-0.125000
G01 X-48.658100 Y28.240000 Z-0.125000
G01 X-48.613100 Y28.066000 Z-0.125000
G01 X-48.872800 Y27.488000 Z-0.125000
G01 X-50.634800 Y25.726000 Z-0.125000
G01 X-50.704600 Y25.557000 Z-0.125000
G01 X-50.524100 Y25.519000 Z-0.125000
G01 X-49.936300 Y25.789000 Z-0.125000
G01 X-48.915200 Y26.810000 Z-0.125000
G01 X-48.742900 Y26.883000 Z-0.125000
G01 X-48.697900 Y26.709000 Z-0.125000
G01 X-48.957600 Y26.131000 Z-0.125000
G01 X-49.469700 Y25.619000 Z-0.125000
G00 Z5.000000

(End cutting path id: path8334)


(Start cutting path id: path8334)
(Change tool to Default tool)

G00 Z5.000000
G00 X-53.084000 Y25.646000

G01 Z-0.125000 F100.0(Penetrate)
G01 X-53.265700 Y26.206000 Z-0.125000 F400.000000
G01 X-53.414500 Y27.386000 Z-0.125000
G01 X-53.552000 Y30.914000 Z-0.125000
G01 X-53.504200 Y33.420000 Z-0.125000
G01 X-53.315500 Y34.996000 Z-0.125000
G01 X-52.917300 Y35.936000 Z-0.125000
G01 X-52.241200 Y36.533000 Z-0.125000
G01 X-51.557000 Y37.144000 Z-0.125000
G01 X-51.159700 Y38.142000 Z-0.125000
G01 X-50.975500 Y39.873000 Z-0.125000
G01 X-50.930500 Y42.685000 Z-0.125000
G01 X-50.715000 Y46.945000 Z-0.125000
G01 X-50.429800 Y48.130000 Z-0.125000
G01 X-50.012200 Y48.780000 Z-0.125000
G01 X-49.236600 Y49.092000 Z-0.125000
G01 X-47.825100 Y49.294000 Z-0.125000
G01 X-43.294600 Y49.351000 Z-0.125000
G01 X-37.495300 Y49.161000 Z-0.125000
G01 X-37.495300 Y37.364000 Z-0.125000
G01 X-37.531100 Y31.282000 Z-0.125000
G01 X-37.672800 Y27.698000 Z-0.125000
G01 X-37.971500 Y25.998000 Z-0.125000
G01 X-38.195700 Y25.662000 Z-0.125000
G01 X-38.478300 Y25.568000 Z-0.125000
G01 X-38.969900 Y25.813000 Z-0.125000
G01 X-39.324900 Y26.660000 Z-0.125000
G01 X-39.584300 Y28.271000 Z-0.125000
G01 X-39.789100 Y30.811000 Z-0.125000
G01 X-40.116800 Y36.054000 Z-0.125000
G01 X-44.049000 Y36.054000 Z-0.125000
G01 X-47.981300 Y36.054000 Z-0.125000
G01 X-48.309000 Y30.811000 Z-0.125000
G01 X-48.636700 Y25.568000 Z-0.125000
G01 X-50.626300 Y25.373000 Z-0.125000
G01 X-52.169000 Y25.372000 Z-0.125000
G01 X-53.084000 Y25.646000 Z-0.125000
G01 X-53.084000 Y25.646000 Z-0.125000
G00 Z5.000000

(End cutting path id: path8334)


(Start cutting path id: path8334)
(Change tool to Default tool)

G00 Z5.000000
G00 X-53.099800 Y35.347000

G01 Z-0.125000 F100.0(Penetrate)
G01 X-48.823000 Y39.624000 Z-0.125000 F400.000000
G01 X-48.604700 Y39.743000 Z-0.125000
G01 X-48.458500 Y39.670000 Z-0.125000
G01 X-48.431500 Y39.479000 Z-0.125000
G01 X-48.571000 Y39.240000 Z-0.125000
G01 X-53.025400 Y34.785000 Z-0.125000
G01 X-53.304100 Y34.189000 Z-0.125000
G01 X-53.272100 Y34.002000 Z-0.125000
G01 X-53.105800 Y34.069000 Z-0.125000
G01 X-48.202800 Y38.972000 Z-0.125000
G01 X-47.950000 Y39.125000 Z-0.125000
G01 X-47.727700 Y39.129000 Z-0.125000
G01 X-47.624600 Y39.013000 Z-0.125000
G01 X-47.729600 Y38.809000 Z-0.125000
G01 X-53.144600 Y33.394000 Z-0.125000
G01 X-53.393700 Y32.827000 Z-0.125000
G01 X-53.341300 Y32.661000 Z-0.125000
G01 X-53.165700 Y32.737000 Z-0.125000
G01 X-47.180200 Y38.722000 Z-0.125000
G01 X-46.648300 Y38.936000 Z-0.125000
G01 X-46.506300 Y38.859000 Z-0.125000
G01 X-46.593600 Y38.673000 Z-0.125000
G01 X-53.174000 Y32.092000 Z-0.125000
G01 X-53.415000 Y31.533000 Z-0.125000
G01 X-53.357000 Y31.373000 Z-0.125000
G01 X-53.178900 Y31.451000 Z-0.125000
G01 X-45.981000 Y38.649000 Z-0.125000
G01 X-45.429700 Y38.883000 Z-0.125000
G01 X-45.274300 Y38.819000 Z-0.125000
G01 X-45.355500 Y38.639000 Z-0.125000
G01 X-47.569600 Y36.425000 Z-0.125000
G01 X-47.649100 Y36.246000 Z-0.125000
G01 X-47.490100 Y36.186000 Z-0.125000
G01 X-46.933500 Y36.425000 Z-0.125000
G01 X-44.723200 Y38.635000 Z-0.125000
G01 X-44.168000 Y38.872000 Z-0.125000
G01 X-44.009900 Y38.811000 Z-0.125000
G01 X-44.089800 Y38.632000 Z-0.125000
G01 X-46.297400 Y36.424000 Z-0.125000
G01 X-46.376900 Y36.245000 Z-0.125000
G01 X-46.217900 Y36.186000 Z-0.125000
G01 X-45.661300 Y36.424000 Z-0.125000
G01 X-43.453700 Y38.632000 Z-0.125000
G01 X-42.897100 Y38.870000 Z-0.125000
G01 X-42.738100 Y38.811000 Z-0.125000
G01 X-42.817600 Y38.632000 Z-0.125000
G01 X-45.025200 Y36.424000 Z-0.125000
G01 X-45.104700 Y36.245000 Z-0.125000
G01 X-44.945700 Y36.186000 Z-0.125000
G01 X-44.389100 Y36.424000 Z-0.125000
G01 X-42.181500 Y38.632000 Z-0.125000
G01 X-41.624900 Y38.870000 Z-0.125000
G01 X-41.465900 Y38.811000 Z-0.125000
G01 X-41.545400 Y38.632000 Z-0.125000
G01 X-43.753000 Y36.424000 Z-0.125000
G01 X-43.832500 Y36.245000 Z-0.125000
G01 X-43.673500 Y36.186000 Z-0.125000
G01 X-43.116900 Y36.424000 Z-0.125000
G01 X-40.909300 Y38.632000 Z-0.125000
G01 X-40.352700 Y38.870000 Z-0.125000
G01 X-40.193700 Y38.811000 Z-0.125000
G01 X-40.273200 Y38.632000 Z-0.125000
G01 X-42.480800 Y36.424000 Z-0.125000
G01 X-42.560300 Y36.245000 Z-0.125000
G01 X-42.401300 Y36.186000 Z-0.125000
G01 X-41.844700 Y36.424000 Z-0.125000
G01 X-37.866200 Y40.403000 Z-0.125000
G01 X-37.687200 Y40.482000 Z-0.125000
G01 X-37.627600 Y40.323000 Z-0.125000
G01 X-37.866200 Y39.767000 Z-0.125000
G01 X-41.208600 Y36.424000 Z-0.125000
G01 X-41.288100 Y36.245000 Z-0.125000
G01 X-41.129100 Y36.186000 Z-0.125000
G01 X-40.572500 Y36.424000 Z-0.125000
G01 X-37.866200 Y39.131000 Z-0.125000
G01 X-37.687200 Y39.210000 Z-0.125000
G01 X-37.627600 Y39.051000 Z-0.125000
G01 X-37.866200 Y38.495000 Z-0.125000
G01 X-39.936400 Y36.424000 Z-0.125000
G01 X-40.082600 Y36.179000 Z-0.125000
G01 X-40.070400 Y35.972000 Z-0.125000
G01 X-39.938900 Y35.885000 Z-0.125000
G01 X-39.727300 Y35.997000 Z-0.125000
G01 X-37.866100 Y37.858000 Z-0.125000
G01 X-37.687200 Y37.938000 Z-0.125000
G01 X-37.627600 Y37.779000 Z-0.125000
G01 X-37.866100 Y37.222000 Z-0.125000
G01 X-39.689900 Y35.399000 Z-0.125000
G01 X-39.909700 Y34.861000 Z-0.125000
G01 X-39.837200 Y34.715000 Z-0.125000
G01 X-39.652500 Y34.800000 Z-0.125000
G01 X-37.867400 Y36.585000 Z-0.125000
G01 X-37.688700 Y36.664000 Z-0.125000
G01 X-37.629600 Y36.505000 Z-0.125000
G01 X-37.868900 Y35.947000 Z-0.125000
G01 X-39.615100 Y34.201000 Z-0.125000
G01 X-39.834900 Y33.663000 Z-0.125000
G01 X-39.762400 Y33.517000 Z-0.125000
G01 X-39.577600 Y33.603000 Z-0.125000
G01 X-37.870400 Y35.310000 Z-0.125000
G01 X-37.691700 Y35.389000 Z-0.125000
G01 X-37.632600 Y35.230000 Z-0.125000
G01 X-37.871900 Y34.672000 Z-0.125000
G01 X-39.540200 Y33.004000 Z-0.125000
G01 X-39.760100 Y32.466000 Z-0.125000
G01 X-39.687600 Y32.320000 Z-0.125000
G01 X-39.502800 Y32.405000 Z-0.125000
G01 X-37.873400 Y34.035000 Z-0.125000
G01 X-37.695100 Y34.114000 Z-0.125000
G01 X-37.636900 Y33.953000 Z-0.125000
G01 X-37.877600 Y33.394000 Z-0.125000
G01 X-39.465400 Y31.807000 Z-0.125000
G01 X-39.685200 Y31.269000 Z-0.125000
G01 X-39.612700 Y31.122000 Z-0.125000
G01 X-39.428000 Y31.208000 Z-0.125000
G01 X-37.884200 Y32.752000 Z-0.125000
G01 X-37.706400 Y32.830000 Z-0.125000
G01 X-37.649000 Y32.669000 Z-0.125000
G01 X-37.890900 Y32.109000 Z-0.125000
G01 X-39.387300 Y30.612000 Z-0.125000
G01 X-39.604900 Y30.077000 Z-0.125000
G01 X-39.531000 Y29.932000 Z-0.125000
G01 X-39.345500 Y30.018000 Z-0.125000
G01 X-37.897600 Y31.466000 Z-0.125000
G01 X-37.720100 Y31.544000 Z-0.125000
G01 X-37.663600 Y31.382000 Z-0.125000
G01 X-37.906700 Y30.821000 Z-0.125000
G01 X-39.300200 Y29.427000 Z-0.125000
G01 X-39.512000 Y28.897000 Z-0.125000
G01 X-39.433900 Y28.757000 Z-0.125000
G01 X-39.246700 Y28.845000 Z-0.125000
G01 X-37.920500 Y30.171000 Z-0.125000
G01 X-37.744500 Y30.247000 Z-0.125000
G01 X-37.691300 Y30.082000 Z-0.125000
G01 X-37.939100 Y29.516000 Z-0.125000
G01 X-39.183900 Y28.271000 Z-0.125000
G01 X-39.394800 Y27.742000 Z-0.125000
G01 X-39.316100 Y27.602000 Z-0.125000
G01 X-39.128600 Y27.691000 Z-0.125000
G01 X-37.930200 Y28.889000 Z-0.125000
G01 X-37.761300 Y28.958000 Z-0.125000
G01 X-37.723600 Y28.778000 Z-0.125000
G01 X-37.994000 Y28.189000 Z-0.125000
G01 X-39.011600 Y27.171000 Z-0.125000
G01 X-39.185800 Y26.679000 Z-0.125000
G01 X-39.081900 Y26.564000 Z-0.125000
G01 X-38.882900 Y26.664000 Z-0.125000
G01 X-38.040700 Y27.506000 Z-0.125000
G01 X-37.871600 Y27.576000 Z-0.125000
G01 X-37.833600 Y27.395000 Z-0.125000
G01 X-38.103700 Y26.807000 Z-0.125000
G01 X-38.687300 Y26.224000 Z-0.125000
G01 X-38.810500 Y26.001000 Z-0.125000
G01 X-38.747400 Y25.845000 Z-0.125000
G01 X-38.565100 Y25.809000 Z-0.125000
G01 X-38.330500 Y25.944000 Z-0.125000
G01 X-38.019900 Y26.255000 Z-0.125000
G00 Z5.000000

(End cutting path id: path8334)


(Start cutting path id: path8334)
(Change tool to Default tool)

G00 Z5.000000
G00 X-39.789100 Y42.965000

G01 Z-0.125000 F100.0(Penetrate)
G01 X-39.789100 Y46.927000 Z-0.125000 F400.000000
G01 X-44.212900 Y46.733000 Z-0.125000
G01 X-48.636700 Y46.540000 Z-0.125000
G01 X-48.848700 Y44.319000 Z-0.125000
G01 X-48.884400 Y42.296000 Z-0.125000
G01 X-48.672300 Y40.551000 Z-0.125000
G01 X-48.347700 Y39.707000 Z-0.125000
G01 X-47.689100 Y39.241000 Z-0.125000
G01 X-46.363200 Y39.044000 Z-0.125000
G01 X-44.036400 Y39.003000 Z-0.125000
G01 X-39.789000 Y39.003000 Z-0.125000
G01 X-39.789100 Y42.965000 Z-0.125000
G00 Z5.000000

(End cutting path id: path8334)


(Start cutting path id: path8334)
(Change tool to Default tool)

G00 Z5.000000
G00 X-48.112700 Y46.695000

G01 Z-0.125000 F100.0(Penetrate)
G01 X-45.796600 Y49.011000 Z-0.125000 F400.000000
G01 X-45.240100 Y49.250000 Z-0.125000
G01 X-45.081100 Y49.190000 Z-0.125000
G01 X-45.160700 Y49.011000 Z-0.125000
G01 X-47.208900 Y46.963000 Z-0.125000
G01 X-47.283900 Y46.788000 Z-0.125000
G01 X-47.114900 Y46.739000 Z-0.125000
G01 X-46.543700 Y46.992000 Z-0.125000
G01 X-44.532200 Y49.003000 Z-0.125000
G01 X-43.982700 Y49.235000 Z-0.125000
G01 X-43.828600 Y49.170000 Z-0.125000
G01 X-43.910300 Y48.989000 Z-0.125000
G01 X-45.878500 Y47.021000 Z-0.125000
G01 X-45.953400 Y46.847000 Z-0.125000
G01 X-45.784400 Y46.797000 Z-0.125000
G01 X-45.213200 Y47.050000 Z-0.125000
G01 X-43.290800 Y48.973000 Z-0.125000
G01 X-42.744400 Y49.201000 Z-0.125000
G01 X-42.592300 Y49.134000 Z-0.125000
G01 X-42.674900 Y48.952000 Z-0.125000
G01 X-44.548000 Y47.079000 Z-0.125000
G01 X-44.624800 Y46.903000 Z-0.125000
G01 X-44.459800 Y46.849000 Z-0.125000
G01 X-43.894500 Y47.097000 Z-0.125000
G01 X-42.059000 Y48.932000 Z-0.125000
G01 X-41.512600 Y49.161000 Z-0.125000
G01 X-41.360500 Y49.094000 Z-0.125000
G01 X-41.443100 Y48.912000 Z-0.125000
G01 X-43.217500 Y47.138000 Z-0.125000
G01 X-43.292500 Y46.963000 Z-0.125000
G01 X-43.123500 Y46.914000 Z-0.125000
G01 X-42.552300 Y47.167000 Z-0.125000
G01 X-40.827200 Y48.892000 Z-0.125000
G01 X-40.280800 Y49.120000 Z-0.125000
G01 X-40.128700 Y49.054000 Z-0.125000
G01 X-40.211300 Y48.872000 Z-0.125000
G01 X-41.887100 Y47.196000 Z-0.125000
G01 X-41.962100 Y47.021000 Z-0.125000
G01 X-41.793000 Y46.972000 Z-0.125000
G01 X-41.221900 Y47.225000 Z-0.125000
G01 X-39.595400 Y48.851000 Z-0.125000
G01 X-39.049000 Y49.080000 Z-0.125000
G01 X-38.896900 Y49.013000 Z-0.125000
G01 X-38.979500 Y48.831000 Z-0.125000
G01 X-40.556600 Y47.254000 Z-0.125000
G01 X-40.631600 Y47.080000 Z-0.125000
G01 X-40.462600 Y47.030000 Z-0.125000
G01 X-39.891400 Y47.283000 Z-0.125000
G01 X-38.363600 Y48.811000 Z-0.125000
G01 X-37.876300 Y48.980000 Z-0.125000
G01 X-37.764900 Y48.873000 Z-0.125000
G01 X-37.866100 Y48.672000 Z-0.125000
G01 X-39.418200 Y47.120000 Z-0.125000
G01 X-39.656800 Y46.564000 Z-0.125000
G01 X-39.597200 Y46.405000 Z-0.125000
G01 X-39.418200 Y46.484000 Z-0.125000
G01 X-37.866100 Y48.036000 Z-0.125000
G01 X-37.687200 Y48.116000 Z-0.125000
G01 X-37.627600 Y47.957000 Z-0.125000
G01 X-37.866100 Y47.400000 Z-0.125000
G01 X-39.418200 Y45.848000 Z-0.125000
G01 X-39.656800 Y45.291000 Z-0.125000
G01 X-39.597200 Y45.132000 Z-0.125000
G01 X-39.418200 Y45.212000 Z-0.125000
G01 X-37.866100 Y46.764000 Z-0.125000
G01 X-37.687200 Y46.844000 Z-0.125000
G01 X-37.627600 Y46.684000 Z-0.125000
G01 X-37.866100 Y46.128000 Z-0.125000
G01 X-39.418200 Y44.576000 Z-0.125000
G01 X-39.656800 Y44.019000 Z-0.125000
G01 X-39.597200 Y43.860000 Z-0.125000
G01 X-39.418200 Y43.940000 Z-0.125000
G01 X-37.866100 Y45.492000 Z-0.125000
G01 X-37.687200 Y45.571000 Z-0.125000
G01 X-37.627600 Y45.412000 Z-0.125000
G01 X-37.866100 Y44.856000 Z-0.125000
G01 X-39.434300 Y43.288000 Z-0.125000
G01 X-39.664800 Y42.739000 Z-0.125000
G01 X-39.599600 Y42.585000 Z-0.125000
G01 X-39.418200 Y42.667000 Z-0.125000
G01 X-37.866100 Y44.220000 Z-0.125000
G01 X-37.687200 Y44.299000 Z-0.125000
G01 X-37.627600 Y44.140000 Z-0.125000
G01 X-37.866100 Y43.583000 Z-0.125000
G01 X-39.418200 Y42.031000 Z-0.125000
G01 X-39.656700 Y41.475000 Z-0.125000
G01 X-39.597100 Y41.316000 Z-0.125000
G01 X-39.418200 Y41.395000 Z-0.125000
G01 X-37.866100 Y42.947000 Z-0.125000
G01 X-37.687200 Y43.027000 Z-0.125000
G01 X-37.627600 Y42.868000 Z-0.125000
G01 X-37.866100 Y42.311000 Z-0.125000
G01 X-39.418200 Y40.759000 Z-0.125000
G01 X-39.656700 Y40.203000 Z-0.125000
G01 X-39.597100 Y40.044000 Z-0.125000
G01 X-39.418200 Y40.123000 Z-0.125000
G01 X-37.866100 Y41.675000 Z-0.125000
G01 X-37.687200 Y41.755000 Z-0.125000
G01 X-37.627600 Y41.596000 Z-0.125000
G01 X-37.866100 Y41.039000 Z-0.125000
G01 X-39.656700 Y39.249000 Z-0.125000
G00 Z5.000000

(End cutting path id: path8334)


(Start cutting path id: path8334)
(Change tool to Default tool)

G00 Z5.000000
G00 X-50.212500 Y48.412000

G01 Z-0.125000 F100.0(Penetrate)
G01 X-50.000400 Y48.624000 Z-0.125000 F400.000000
G01 X-49.381500 Y48.925000 Z-0.125000
G01 X-49.154900 Y48.933000 Z-0.125000
G01 X-49.186900 Y48.801000 Z-0.125000
G01 X-50.234600 Y47.754000 Z-0.125000
G01 X-50.540800 Y47.130000 Z-0.125000
G01 X-50.527600 Y46.924000 Z-0.125000
G01 X-50.369800 Y46.982000 Z-0.125000
G01 X-48.469100 Y48.883000 Z-0.125000
G01 X-47.881900 Y49.152000 Z-0.125000
G01 X-47.701700 Y49.114000 Z-0.125000
G01 X-47.771700 Y48.944000 Z-0.125000
G01 X-50.447900 Y46.268000 Z-0.125000
G01 X-50.710500 Y45.688000 Z-0.125000
G01 X-50.667400 Y45.512000 Z-0.125000
G01 X-50.496000 Y45.584000 Z-0.125000
G01 X-47.096900 Y48.983000 Z-0.125000
G01 X-46.530000 Y49.232000 Z-0.125000
G01 X-46.363900 Y49.179000 Z-0.125000
G01 X-46.440200 Y49.004000 Z-0.125000
G01 X-50.528500 Y44.915000 Z-0.125000
G01 X-50.776100 Y44.350000 Z-0.125000
G01 X-50.722700 Y44.184000 Z-0.125000
G01 X-50.546700 Y44.261000 Z-0.125000
G01 X-49.061000 Y45.747000 Z-0.125000
G01 X-48.892600 Y45.816000 Z-0.125000
G01 X-48.856100 Y45.634000 Z-0.125000
G01 X-49.128200 Y45.044000 Z-0.125000
G01 X-50.552900 Y43.619000 Z-0.125000
G01 X-50.794600 Y43.059000 Z-0.125000
G01 X-50.737200 Y42.898000 Z-0.125000
G01 X-50.559300 Y42.976000 Z-0.125000
G01 X-49.195300 Y44.340000 Z-0.125000
G01 X-49.025200 Y44.411000 Z-0.125000
G01 X-48.984700 Y44.233000 Z-0.125000
G01 X-49.251300 Y43.648000 Z-0.125000
G01 X-50.563300 Y42.336000 Z-0.125000
G01 X-50.803800 Y41.778000 Z-0.125000
G01 X-50.745600 Y41.617000 Z-0.125000
G01 X-50.567300 Y41.696000 Z-0.125000
G01 X-49.252200 Y43.011000 Z-0.125000
G01 X-49.075300 Y43.089000 Z-0.125000
G01 X-49.020000 Y42.925000 Z-0.125000
G01 X-49.264800 Y42.363000 Z-0.125000
G01 X-50.575800 Y41.052000 Z-0.125000
G01 X-50.823500 Y40.486000 Z-0.125000
G01 X-50.770200 Y40.320000 Z-0.125000
G01 X-50.594200 Y40.397000 Z-0.125000
G01 X-49.236400 Y41.755000 Z-0.125000
G01 X-49.049600 Y41.842000 Z-0.125000
G01 X-48.972700 Y41.701000 Z-0.125000
G01 X-49.186000 Y41.169000 Z-0.125000
G01 X-50.671500 Y39.684000 Z-0.125000
G01 X-50.917500 Y39.120000 Z-0.125000
G01 X-50.863000 Y38.955000 Z-0.125000
G01 X-50.686400 Y39.033000 Z-0.125000
G01 X-49.109800 Y40.609000 Z-0.125000
G01 X-48.912000 Y40.708000 Z-0.125000
G01 X-48.810900 Y40.590000 Z-0.125000
G01 X-48.989100 Y40.094000 Z-0.125000
G01 X-51.050800 Y38.032000 Z-0.125000
G00 Z5.000000

(End cutting path id: path8334)


(Start cutting path id: path8334)
(Change tool to Default tool)

G00 Z5.000000
G00 X-59.811600 Y47.718000

G01 Z-0.125000 F100.0(Penetrate)
G01 X-59.193600 Y48.336000 Z-0.125000 F400.000000
G01 X-58.947400 Y48.483000 Z-0.125000
G01 X-58.740000 Y48.472000 Z-0.125000
G01 X-58.651700 Y48.341000 Z-0.125000
G01 X-58.763400 Y48.130000 Z-0.125000
G01 X-59.682700 Y47.211000 Z-0.125000
G01 X-59.951700 Y46.624000 Z-0.125000
G01 X-59.913100 Y46.444000 Z-0.125000
G01 X-59.743700 Y46.514000 Z-0.125000
G01 X-58.502800 Y47.755000 Z-0.125000
G01 X-58.299100 Y47.859000 Z-0.125000
G01 X-58.185000 Y47.755000 Z-0.125000
G01 X-58.190100 Y47.531000 Z-0.125000
G01 X-58.344300 Y47.277000 Z-0.125000
G01 X-59.788000 Y45.834000 Z-0.125000
G01 X-60.043200 Y45.260000 Z-0.125000
G01 X-59.995100 Y45.090000 Z-0.125000
G01 X-59.821400 Y45.164000 Z-0.125000
G01 X-58.241800 Y46.744000 Z-0.125000
G01 X-58.051300 Y46.835000 Z-0.125000
G01 X-57.966100 Y46.701000 Z-0.125000
G01 X-58.167500 Y46.182000 Z-0.125000
G01 X-59.850200 Y44.499000 Z-0.125000
G01 X-60.102500 Y43.929000 Z-0.125000
G01 X-60.052300 Y43.760000 Z-0.125000
G01 X-59.877800 Y43.835000 Z-0.125000
G01 X-58.112300 Y45.601000 Z-0.125000
G01 X-57.926600 Y45.687000 Z-0.125000
G01 X-57.852100 Y45.543000 Z-0.125000
G01 X-58.069100 Y45.008000 Z-0.125000
G01 X-59.902600 Y43.175000 Z-0.125000
G01 X-60.153500 Y42.606000 Z-0.125000
G01 X-60.102400 Y42.438000 Z-0.125000
G01 X-59.927400 Y42.514000 Z-0.125000
G01 X-58.035800 Y44.405000 Z-0.125000
G01 X-57.852300 Y44.489000 Z-0.125000
G01 X-57.782600 Y44.340000 Z-0.125000
G01 X-58.006600 Y43.798000 Z-0.125000
G01 X-59.952200 Y41.853000 Z-0.125000
G01 X-60.203100 Y41.284000 Z-0.125000
G01 X-60.152000 Y41.116000 Z-0.125000
G01 X-59.977000 Y41.192000 Z-0.125000
G01 X-57.977000 Y43.192000 Z-0.125000
G01 X-57.793400 Y43.276000 Z-0.125000
G01 X-57.723400 Y43.127000 Z-0.125000
G01 X-57.946900 Y42.586000 Z-0.125000
G01 X-60.001800 Y40.531000 Z-0.125000
G01 X-60.252700 Y39.962000 Z-0.125000
G01 X-60.201600 Y39.794000 Z-0.125000
G01 X-60.026600 Y39.870000 Z-0.125000
G01 X-57.894900 Y42.002000 Z-0.125000
G01 X-57.712400 Y42.085000 Z-0.125000
G01 X-57.644800 Y41.934000 Z-0.125000
G01 X-57.871700 Y41.389000 Z-0.125000
G01 X-60.289900 Y38.971000 Z-0.125000
G00 Z5.000000

(End cutting path id: path8334)


(Start cutting path id: path8334)
(Change tool to Default tool)

G00 Z5.000000
G00 X-66.477900 Y34.055000

G01 Z-0.125000 F100.0(Penetrate)
G01 X-70.754100 Y29.779000 Z-0.125000 F400.000000
G01 X-70.980400 Y29.234000 Z-0.125000
G01 X-70.912400 Y29.084000 Z-0.125000
G01 X-70.729700 Y29.167000 Z-0.125000
G01 X-66.863900 Y33.033000 Z-0.125000
G01 X-66.695900 Y33.101000 Z-0.125000
G01 X-66.660100 Y32.918000 Z-0.125000
G01 X-66.933400 Y32.327000 Z-0.125000
G01 X-70.702700 Y28.558000 Z-0.125000
G01 X-70.926500 Y28.016000 Z-0.125000
G01 X-70.856800 Y27.867000 Z-0.125000
G01 X-70.673300 Y27.951000 Z-0.125000
G01 X-66.975200 Y31.649000 Z-0.125000
G01 X-66.800100 Y31.725000 Z-0.125000
G01 X-66.748700 Y31.558000 Z-0.125000
G01 X-66.999300 Y30.989000 Z-0.125000
G01 X-70.635600 Y27.353000 Z-0.125000
G01 X-70.850100 Y26.820000 Z-0.125000
G01 X-70.774000 Y26.678000 Z-0.125000
G01 X-70.587600 Y26.765000 Z-0.125000
G01 X-67.014500 Y30.338000 Z-0.125000
G01 X-66.836200 Y30.417000 Z-0.125000
G01 X-66.777800 Y30.256000 Z-0.125000
G01 X-67.018300 Y29.698000 Z-0.125000
G01 X-70.517200 Y26.199000 Z-0.125000
G01 X-70.648100 Y25.969000 Z-0.125000
G01 X-70.602100 Y25.796000 Z-0.125000
G01 X-70.436900 Y25.743000 Z-0.125000
G01 X-70.210000 Y25.870000 Z-0.125000
G01 X-67.022100 Y29.058000 Z-0.125000
G01 X-66.843700 Y29.137000 Z-0.125000
G01 X-66.785100 Y28.977000 Z-0.125000
G01 X-67.025200 Y28.419000 Z-0.125000
G01 X-69.704600 Y25.739000 Z-0.125000
G01 X-69.796700 Y25.548000 Z-0.125000
G01 X-69.665200 Y25.461000 Z-0.125000
G01 X-69.148700 Y25.659000 Z-0.125000
G01 X-67.030600 Y27.777000 Z-0.125000
G01 X-66.854200 Y27.854000 Z-0.125000
G01 X-66.800000 Y27.690000 Z-0.125000
G01 X-67.046500 Y27.125000 Z-0.125000
G01 X-68.573000 Y25.599000 Z-0.125000
G01 X-68.650500 Y25.422000 Z-0.125000
G01 X-68.486900 Y25.367000 Z-0.125000
G01 X-67.923700 Y25.612000 Z-0.125000
G01 X-67.083800 Y26.452000 Z-0.125000
G01 X-66.920400 Y26.516000 Z-0.125000
G01 X-66.894700 Y26.323000 Z-0.125000
G01 X-67.182600 Y25.717000 Z-0.125000
G01 X-67.457800 Y25.442000 Z-0.125000
G00 Z5.000000

(End cutting path id: path8334)


(Start cutting path id: path8334)
(Change tool to Default tool)

G00 Z5.000000
G00 X-70.810200 Y25.677000

G01 Z-0.125000 F100.0(Penetrate)
G01 X-70.979800 Y26.746000 Z-0.125000 F400.000000
G01 X-71.118700 Y29.336000 Z-0.125000
G01 X-71.247100 Y37.521000 Z-0.125000
G01 X-71.216500 Y43.732000 Z-0.125000
G01 X-71.069900 Y47.133000 Z-0.125000
G01 X-70.927500 Y48.030000 Z-0.125000
G01 X-70.725200 Y48.526000 Z-0.125000
G01 X-70.452900 Y48.719000 Z-0.125000
G01 X-70.100200 Y48.711000 Z-0.125000
G01 X-69.513200 Y48.397000 Z-0.125000
G01 X-69.112700 Y47.580000 Z-0.125000
G01 X-68.837200 Y46.047000 Z-0.125000
G01 X-68.625600 Y43.584000 Z-0.125000
G01 X-68.297900 Y38.675000 Z-0.125000
G01 X-64.365700 Y38.675000 Z-0.125000
G01 X-60.433400 Y38.675000 Z-0.125000
G01 X-60.241200 Y43.797000 Z-0.125000
G01 X-60.102100 Y46.453000 Z-0.125000
G01 X-59.885400 Y47.976000 Z-0.125000
G01 X-59.518900 Y48.637000 Z-0.125000
G01 X-58.930500 Y48.705000 Z-0.125000
G01 X-58.362900 Y48.398000 Z-0.125000
G01 X-57.991400 Y47.595000 Z-0.125000
G01 X-57.761300 Y46.088000 Z-0.125000
G01 X-57.617600 Y43.664000 Z-0.125000
G01 X-57.464900 Y41.223000 Z-0.125000
G01 X-57.202300 Y39.581000 Z-0.125000
G01 X-56.771200 Y38.507000 Z-0.125000
G01 X-56.112800 Y37.772000 Z-0.125000
G01 X-55.426500 Y37.031000 Z-0.125000
G01 X-55.056700 Y35.946000 Z-0.125000
G01 X-54.935900 Y34.116000 Z-0.125000
G01 X-54.996300 Y31.138000 Z-0.125000
G01 X-55.190500 Y25.567000 Z-0.125000
G01 X-57.484300 Y25.567000 Z-0.125000
G01 X-59.778100 Y25.567000 Z-0.125000
G01 X-60.105800 Y30.483000 Z-0.125000
G01 X-60.433500 Y35.398000 Z-0.125000
G01 X-62.988300 Y35.607000 Z-0.125000
G01 X-64.076000 Y35.656000 Z-0.125000
G01 X-64.926400 Y35.571000 Z-0.125000
G01 X-65.568200 Y35.307000 Z-0.125000
G01 X-66.030000 Y34.816000 Z-0.125000
G01 X-66.340400 Y34.053000 Z-0.125000
G01 X-66.528100 Y32.971000 Z-0.125000
G01 X-66.649500 Y29.664000 Z-0.125000
G01 X-66.684600 Y27.109000 Z-0.125000
G01 X-66.891200 Y25.795000 Z-0.125000
G01 X-67.113300 Y25.475000 Z-0.125000
G01 X-67.443700 Y25.310000 Z-0.125000
G01 X-68.516400 Y25.240000 Z-0.125000
G01 X-69.956200 Y25.368000 Z-0.125000
G01 X-70.810200 Y25.677000 Z-0.125000
G01 X-70.810200 Y25.677000 Z-0.125000
G00 Z5.000000

(End cutting path id: path8334)


(Start cutting path id: path8334)
(Change tool to Default tool)

G00 Z5.000000
G00 X-70.731800 Y48.248000

G01 Z-0.125000 F100.0(Penetrate)
G01 X-70.550300 Y48.429000 Z-0.125000 F400.000000
G01 X-70.109900 Y48.552000 Z-0.125000
G01 X-69.977300 Y48.466000 Z-0.125000
G01 X-70.032500 Y48.311000 Z-0.125000
G01 X-70.658000 Y47.686000 Z-0.125000
G01 X-70.933200 Y47.092000 Z-0.125000
G01 X-70.898700 Y46.908000 Z-0.125000
G01 X-70.731300 Y46.976000 Z-0.125000
G01 X-69.757400 Y47.950000 Z-0.125000
G01 X-69.545500 Y48.063000 Z-0.125000
G01 X-69.413500 Y47.976000 Z-0.125000
G01 X-69.400800 Y47.770000 Z-0.125000
G01 X-69.546800 Y47.525000 Z-0.125000
G01 X-70.774600 Y46.297000 Z-0.125000
G01 X-71.027500 Y45.726000 Z-0.125000
G01 X-70.977800 Y45.557000 Z-0.125000
G01 X-70.803500 Y45.632000 Z-0.125000
G01 X-69.407800 Y47.027000 Z-0.125000
G01 X-69.213000 Y47.123000 Z-0.125000
G01 X-69.118400 Y46.999000 Z-0.125000
G01 X-69.306000 Y46.493000 Z-0.125000
G01 X-70.824700 Y44.974000 Z-0.125000
G01 X-71.070000 Y44.411000 Z-0.125000
G01 X-71.015000 Y44.247000 Z-0.125000
G01 X-70.838200 Y44.325000 Z-0.125000
G01 X-69.226000 Y45.937000 Z-0.125000
G01 X-69.036900 Y46.027000 Z-0.125000
G01 X-68.954900 Y45.890000 Z-0.125000
G01 X-69.160800 Y45.366000 Z-0.125000
G01 X-70.849200 Y43.678000 Z-0.125000
G01 X-71.091700 Y43.117000 Z-0.125000
G01 X-71.034700 Y42.956000 Z-0.125000
G01 X-70.857000 Y43.034000 Z-0.125000
G01 X-69.105800 Y44.785000 Z-0.125000
G01 X-68.919800 Y44.872000 Z-0.125000
G01 X-68.844500 Y44.728000 Z-0.125000
G01 X-69.060200 Y44.195000 Z-0.125000
G01 X-70.863000 Y42.392000 Z-0.125000
G01 X-71.103600 Y41.833000 Z-0.125000
G01 X-71.045400 Y41.673000 Z-0.125000
G01 X-70.867100 Y41.751000 Z-0.125000
G01 X-69.015900 Y43.603000 Z-0.125000
G01 X-68.830500 Y43.689000 Z-0.125000
G01 X-68.756500 Y43.544000 Z-0.125000
G01 X-68.974100 Y43.008000 Z-0.125000
G01 X-70.870500 Y41.112000 Z-0.125000
G01 X-71.109600 Y40.555000 Z-0.125000
G01 X-71.050300 Y40.395000 Z-0.125000
G01 X-70.871600 Y40.475000 Z-0.125000
G01 X-68.934300 Y42.412000 Z-0.125000
G01 X-68.749200 Y42.498000 Z-0.125000
G01 X-68.675900 Y42.352000 Z-0.125000
G01 X-68.894500 Y41.816000 Z-0.125000
G01 X-70.872700 Y39.838000 Z-0.125000
G01 X-71.111800 Y39.280000 Z-0.125000
G01 X-71.052500 Y39.121000 Z-0.125000
G01 X-70.873800 Y39.200000 Z-0.125000
G01 X-68.854800 Y41.219000 Z-0.125000
G01 X-68.669600 Y41.305000 Z-0.125000
G01 X-68.596300 Y41.160000 Z-0.125000
G01 X-68.815000 Y40.623000 Z-0.125000
G01 X-70.874900 Y38.563000 Z-0.125000
G01 X-71.113900 Y38.006000 Z-0.125000
G01 X-71.054700 Y37.847000 Z-0.125000
G01 X-70.876000 Y37.926000 Z-0.125000
G01 X-68.775200 Y40.027000 Z-0.125000
G01 X-68.590100 Y40.113000 Z-0.125000
G01 X-68.516700 Y39.967000 Z-0.125000
G01 X-68.735400 Y39.431000 Z-0.125000
G01 X-70.874400 Y37.292000 Z-0.125000
G01 X-71.111700 Y36.736000 Z-0.125000
G01 X-71.051200 Y36.578000 Z-0.125000
G01 X-70.871900 Y36.658000 Z-0.125000
G01 X-68.695500 Y38.834000 Z-0.125000
G01 X-68.500100 Y38.930000 Z-0.125000
G01 X-68.404000 Y38.808000 Z-0.125000
G01 X-68.589600 Y38.304000 Z-0.125000
G01 X-70.869500 Y36.024000 Z-0.125000
G01 X-71.106500 Y35.469000 Z-0.125000
G01 X-71.045800 Y35.311000 Z-0.125000
G01 X-70.866500 Y35.391000 Z-0.125000
G01 X-67.953500 Y38.304000 Z-0.125000
G01 X-67.396900 Y38.543000 Z-0.125000
G01 X-67.237900 Y38.483000 Z-0.125000
G01 X-67.317400 Y38.304000 Z-0.125000
G01 X-70.859000 Y34.762000 Z-0.125000
G01 X-71.093900 Y34.210000 Z-0.125000
G01 X-71.031700 Y34.053000 Z-0.125000
G01 X-70.851600 Y34.134000 Z-0.125000
G01 X-66.681300 Y38.304000 Z-0.125000
G01 X-66.124700 Y38.543000 Z-0.125000
G01 X-65.965700 Y38.483000 Z-0.125000
G01 X-66.045200 Y38.304000 Z-0.125000
G01 X-70.844200 Y33.505000 Z-0.125000
G01 X-71.077300 Y32.954000 Z-0.125000
G01 X-71.013800 Y32.799000 Z-0.125000
G01 X-70.833200 Y32.880000 Z-0.125000
G01 X-65.409100 Y38.304000 Z-0.125000
G01 X-64.852500 Y38.543000 Z-0.125000
G01 X-64.693500 Y38.483000 Z-0.125000
G01 X-64.773000 Y38.304000 Z-0.125000
G01 X-70.820500 Y32.257000 Z-0.125000
G01 X-71.052700 Y31.706000 Z-0.125000
G01 X-70.988600 Y31.552000 Z-0.125000
G01 X-70.807800 Y31.633000 Z-0.125000
G01 X-64.136900 Y38.304000 Z-0.125000
G01 X-63.580300 Y38.543000 Z-0.125000
G01 X-63.421300 Y38.483000 Z-0.125000
G01 X-63.500800 Y38.304000 Z-0.125000
G01 X-70.791900 Y31.013000 Z-0.125000
G01 X-71.021000 Y30.466000 Z-0.125000
G01 X-70.954900 Y30.313000 Z-0.125000
G01 X-70.773000 Y30.396000 Z-0.125000
G01 X-62.864700 Y38.304000 Z-0.125000
G01 X-62.308100 Y38.543000 Z-0.125000
G01 X-62.149100 Y38.483000 Z-0.125000
G01 X-62.228600 Y38.304000 Z-0.125000
G01 X-64.607200 Y35.926000 Z-0.125000
G01 X-64.671000 Y35.762000 Z-0.125000
G01 X-64.477600 Y35.737000 Z-0.125000
G01 X-63.870900 Y36.026000 Z-0.125000
G01 X-61.592500 Y38.304000 Z-0.125000
G01 X-61.035900 Y38.543000 Z-0.125000
G01 X-60.876900 Y38.483000 Z-0.125000
G01 X-60.956400 Y38.304000 Z-0.125000
G01 X-63.246300 Y36.014000 Z-0.125000
G01 X-63.334200 Y35.827000 Z-0.125000
G01 X-63.193700 Y35.749000 Z-0.125000
G01 X-62.664000 Y35.960000 Z-0.125000
G01 X-57.816800 Y40.808000 Z-0.125000
G01 X-57.626900 Y40.898000 Z-0.125000
G01 X-57.543000 Y40.763000 Z-0.125000
G01 X-57.746300 Y40.242000 Z-0.125000
G01 X-62.065700 Y35.923000 Z-0.125000
G01 X-62.152700 Y35.736000 Z-0.125000
G01 X-62.010300 Y35.660000 Z-0.125000
G01 X-61.477700 Y35.874000 Z-0.125000
G01 X-57.655500 Y39.697000 Z-0.125000
G01 X-57.457400 Y39.795000 Z-0.125000
G01 X-57.355600 Y39.678000 Z-0.125000
G01 X-57.532800 Y39.183000 Z-0.125000
G01 X-60.889800 Y35.826000 Z-0.125000
G01 X-60.976800 Y35.640000 Z-0.125000
G01 X-60.834400 Y35.564000 Z-0.125000
G01 X-60.301900 Y35.778000 Z-0.125000
G01 X-57.374800 Y38.705000 Z-0.125000
G01 X-57.163300 Y38.817000 Z-0.125000
G01 X-57.031900 Y38.730000 Z-0.125000
G01 X-57.019800 Y38.523000 Z-0.125000
G01 X-57.166100 Y38.278000 Z-0.125000
G01 X-60.046400 Y35.397000 Z-0.125000
G01 X-60.265100 Y34.861000 Z-0.125000
G01 X-60.191700 Y34.715000 Z-0.125000
G01 X-60.006600 Y34.801000 Z-0.125000
G01 X-56.906900 Y37.901000 Z-0.125000
G01 X-56.679800 Y38.029000 Z-0.125000
G01 X-56.514100 Y37.976000 Z-0.125000
G01 X-56.467600 Y37.804000 Z-0.125000
G01 X-56.598300 Y37.573000 Z-0.125000
G01 X-59.966900 Y34.205000 Z-0.125000
G01 X-60.185500 Y33.668000 Z-0.125000
G01 X-60.112200 Y33.523000 Z-0.125000
G01 X-59.927100 Y33.608000 Z-0.125000
G01 X-56.256700 Y37.279000 Z-0.125000
G01 X-56.029000 Y37.407000 Z-0.125000
G01 X-55.862100 Y37.355000 Z-0.125000
G01 X-55.814500 Y37.184000 Z-0.125000
G01 X-55.944700 Y36.955000 Z-0.125000
G01 X-59.887400 Y33.012000 Z-0.125000
G01 X-60.106000 Y32.475000 Z-0.125000
G01 X-60.032700 Y32.330000 Z-0.125000
G01 X-59.847600 Y32.416000 Z-0.125000
G01 X-55.695000 Y36.568000 Z-0.125000
G01 X-55.488900 Y36.675000 Z-0.125000
G01 X-55.369400 Y36.576000 Z-0.125000
G01 X-55.369100 Y36.357000 Z-0.125000
G01 X-55.520800 Y36.106000 Z-0.125000
G01 X-59.807800 Y31.819000 Z-0.125000
G01 X-60.026500 Y31.283000 Z-0.125000
G01 X-59.953200 Y31.137000 Z-0.125000
G01 X-59.768100 Y31.223000 Z-0.125000
G01 X-55.411200 Y35.580000 Z-0.125000
G01 X-55.222600 Y35.669000 Z-0.125000
G01 X-55.141500 Y35.532000 Z-0.125000
G01 X-55.348800 Y35.006000 Z-0.125000
G01 X-59.728300 Y30.627000 Z-0.125000
G01 X-59.947000 Y30.090000 Z-0.125000
G01 X-59.873700 Y29.945000 Z-0.125000
G01 X-59.688600 Y30.030000 Z-0.125000
G01 X-55.316200 Y34.403000 Z-0.125000
G01 X-55.133200 Y34.486000 Z-0.125000
G01 X-55.064500 Y34.336000 Z-0.125000
G01 X-55.289900 Y33.793000 Z-0.125000
G01 X-59.648800 Y29.434000 Z-0.125000
G01 X-59.867500 Y28.897000 Z-0.125000
G01 X-59.794200 Y28.752000 Z-0.125000
G01 X-59.609000 Y28.838000 Z-0.125000
G01 X-55.279400 Y33.167000 Z-0.125000
G01 X-55.106700 Y33.241000 Z-0.125000
G01 X-55.060900 Y33.068000 Z-0.125000
G01 X-55.319500 Y32.491000 Z-0.125000
G01 X-59.569300 Y28.241000 Z-0.125000
G01 X-59.788000 Y27.705000 Z-0.125000
G01 X-59.714600 Y27.559000 Z-0.125000
G01 X-59.529500 Y27.645000 Z-0.125000
G01 X-55.339700 Y31.835000 Z-0.125000
G01 X-55.163800 Y31.911000 Z-0.125000
G01 X-55.110800 Y31.746000 Z-0.125000
G01 X-55.358900 Y31.179000 Z-0.125000
G01 X-59.489800 Y27.049000 Z-0.125000
G01 X-59.708400 Y26.512000 Z-0.125000
G01 X-59.635100 Y26.367000 Z-0.125000
G01 X-59.450000 Y26.452000 Z-0.125000
G01 X-55.380300 Y30.522000 Z-0.125000
G01 X-55.205000 Y30.598000 Z-0.125000
G01 X-55.153300 Y30.431000 Z-0.125000
G01 X-55.403300 Y29.863000 Z-0.125000
G01 X-59.328000 Y25.938000 Z-0.125000
G01 X-59.407500 Y25.759000 Z-0.125000
G01 X-59.248500 Y25.700000 Z-0.125000
G01 X-58.691900 Y25.938000 Z-0.125000
G01 X-55.426300 Y29.204000 Z-0.125000
G01 X-55.250900 Y29.280000 Z-0.125000
G01 X-55.199200 Y29.113000 Z-0.125000
G01 X-55.449200 Y28.545000 Z-0.125000
G01 X-58.055800 Y25.938000 Z-0.125000
G01 X-58.135300 Y25.759000 Z-0.125000
G01 X-57.976300 Y25.700000 Z-0.125000
G01 X-57.419700 Y25.938000 Z-0.125000
G01 X-55.472200 Y27.886000 Z-0.125000
G01 X-55.296900 Y27.962000 Z-0.125000
G01 X-55.245200 Y27.795000 Z-0.125000
G01 X-55.495200 Y27.227000 Z-0.125000
G01 X-56.783600 Y25.938000 Z-0.125000
G01 X-56.863100 Y25.759000 Z-0.125000
G01 X-56.704100 Y25.700000 Z-0.125000
G01 X-56.147500 Y25.938000 Z-0.125000
G01 X-55.503300 Y26.582000 Z-0.125000
G01 X-55.339100 Y26.647000 Z-0.125000
G01 X-55.291100 Y26.476000 Z-0.125000
G01 X-55.526300 Y25.923000 Z-0.125000
G01 X-55.749900 Y25.700000 Z-0.125000
G00 Z5.000000

(End cutting path id: path8334)


(Start cutting path id: path8334)
(Change tool to Default tool)

G00 Z5.000000
G00 X-53.715800 Y55.262000

G01 Z-0.125000 F100.0(Penetrate)
G01 X-55.451500 Y55.567000 Z-0.125000 F400.000000
G01 X-55.979500 Y55.785000 Z-0.125000
G01 X-56.173500 Y56.014000 Z-0.125000
G01 X-55.451500 Y57.027000 Z-0.125000
G01 X-53.715800 Y58.693000 Z-0.125000
G01 X-47.756800 Y64.026000 Z-0.125000
G01 X-44.255500 Y67.228000 Z-0.125000
G01 X-46.571900 Y69.991000 Z-0.125000
G01 X-53.350100 Y77.489000 Z-0.125000
G01 X-57.811900 Y82.224000 Z-0.125000
G01 X-63.621100 Y77.005000 Z-0.125000
G01 X-67.916500 Y73.438000 Z-0.125000
G01 X-69.373100 Y72.446000 Z-0.125000
G01 X-70.086100 Y72.191000 Z-0.125000
G01 X-70.385700 Y72.732000 Z-0.125000
G01 X-70.496800 Y73.774000 Z-0.125000
G01 X-70.232600 Y76.861000 Z-0.125000
G01 X-69.451500 Y80.444000 Z-0.125000
G01 X-68.916400 Y82.107000 Z-0.125000
G01 X-68.311400 Y83.515000 Z-0.125000
G01 X-66.575000 Y86.307000 Z-0.125000
G01 X-64.409800 Y88.696000 Z-0.125000
G01 X-61.765600 Y90.727000 Z-0.125000
G01 X-58.592800 Y92.446000 Z-0.125000
G01 X-56.451100 Y93.337000 Z-0.125000
G01 X-54.603800 Y93.832000 Z-0.125000
G01 X-52.593700 Y94.012000 Z-0.125000
G01 X-49.963600 Y93.956000 Z-0.125000
G01 X-45.141200 Y93.726000 Z-0.125000
G01 X-38.161000 Y99.853000 Z-0.125000
G01 X-33.171500 Y104.113500 Z-0.125000
G01 X-30.977800 Y105.751800 Z-0.125000
G01 X-29.293900 Y102.574000 Z-0.125000
G01 X-27.698400 Y99.682000 Z-0.125000
G01 X-25.807400 Y96.731000 Z-0.125000
G01 X-23.744700 Y93.901000 Z-0.125000
G01 X-21.634100 Y91.372000 Z-0.125000
G01 X-19.461300 Y88.967000 Z-0.125000
G01 X-25.568900 Y83.482000 Z-0.125000
G01 X-31.676600 Y77.997000 Z-0.125000
G01 X-31.731600 Y74.275000 Z-0.125000
G01 X-31.844500 Y72.689000 Z-0.125000
G01 X-32.128700 Y71.035000 Z-0.125000
G01 X-33.157500 Y67.656000 Z-0.125000
G01 X-34.710700 Y64.413000 Z-0.125000
G01 X-35.650400 Y62.929000 Z-0.125000
G01 X-36.681000 Y61.583000 Z-0.125000
G01 X-38.158400 Y60.107000 Z-0.125000
G01 X-39.937400 Y58.784000 Z-0.125000
G01 X-41.960200 Y57.636000 Z-0.125000
G01 X-44.169300 Y56.684000 Z-0.125000
G01 X-46.507100 Y55.949000 Z-0.125000
G01 X-48.915800 Y55.453000 Z-0.125000
G01 X-51.338000 Y55.217000 Z-0.125000
G01 X-53.715900 Y55.262000 Z-0.125000
G01 X-53.715800 Y55.262000 Z-0.125000
G00 Z5.000000

(End cutting path id: path8334)


(Start cutting path id: path8334)
(Change tool to Default tool)

G00 Z5.000000
G00 X-50.992500 Y60.990000

G01 Z-0.125000 F100.0(Penetrate)
G01 X-55.770500 Y56.212000 Z-0.125000 F400.000000
G01 X-55.884000 Y55.999000 Z-0.125000
G01 X-55.799600 Y55.865000 Z-0.125000
G01 X-55.596000 Y55.850000 Z-0.125000
G01 X-55.351700 Y55.995000 Z-0.125000
G01 X-21.178400 Y90.168000 Z-0.125000
G01 X-20.952300 Y90.295000 Z-0.125000
G01 X-20.788900 Y90.240000 Z-0.125000
G01 X-20.744700 Y90.065000 Z-0.125000
G01 X-20.876500 Y89.834000 Z-0.125000
G01 X-54.861600 Y55.849000 Z-0.125000
G01 X-54.959400 Y55.652000 Z-0.125000
G01 X-54.840600 Y55.552000 Z-0.125000
G01 X-54.342500 Y55.732000 Z-0.125000
G01 X-20.574600 Y89.500000 Z-0.125000
G01 X-20.348500 Y89.626000 Z-0.125000
G01 X-20.185100 Y89.571000 Z-0.125000
G01 X-20.140900 Y89.397000 Z-0.125000
G01 X-20.272600 Y89.166000 Z-0.125000
G01 X-27.620600 Y81.818000 Z-0.125000
G00 Z5.000000

(End cutting path id: path8334)


(Start cutting path id: path8334)
(Change tool to Default tool)

G00 Z5.000000
G00 X-34.306100 Y103.121000

G01 Z-0.125000 F100.0(Penetrate)
G01 X-56.213800 Y81.213000 Z-0.125000 F400.000000
G01 X-56.344500 Y80.983000 Z-0.125000
G01 X-56.298100 Y80.811000 Z-0.125000
G01 X-56.132400 Y80.758000 Z-0.125000
G01 X-55.905200 Y80.885000 Z-0.125000
G01 X-31.474500 Y105.316000 Z-0.125000
G01 X-31.236800 Y105.454300 Z-0.125000
G01 X-31.047700 Y105.424800 Z-0.125000
G01 X-30.977900 Y105.275900 Z-0.125000
G01 X-31.098000 Y105.056400 Z-0.125000
G01 X-55.596600 Y80.558000 Z-0.125000
G01 X-55.727300 Y80.328000 Z-0.125000
G01 X-55.680800 Y80.156000 Z-0.125000
G01 X-55.515100 Y80.103000 Z-0.125000
G01 X-55.288000 Y80.230000 Z-0.125000
G01 X-30.874400 Y104.643900 Z-0.125000
G01 X-30.661000 Y104.757900 Z-0.125000
G01 X-30.525400 Y104.674800 Z-0.125000
G01 X-30.509100 Y104.472500 Z-0.125000
G01 X-30.653500 Y104.228700 Z-0.125000
G01 X-54.979400 Y79.903000 Z-0.125000
G01 X-55.110100 Y79.673000 Z-0.125000
G01 X-55.063700 Y79.501000 Z-0.125000
G01 X-54.898000 Y79.448000 Z-0.125000
G01 X-54.670800 Y79.575000 Z-0.125000
G01 X-30.435500 Y103.810600 Z-0.125000
G01 X-30.222600 Y103.924100 Z-0.125000
G01 X-30.088200 Y103.839900 Z-0.125000
G01 X-30.073000 Y103.636400 Z-0.125000
G01 X-30.217900 Y103.392100 Z-0.125000
G01 X-54.362200 Y79.248000 Z-0.125000
G01 X-54.492900 Y79.018000 Z-0.125000
G01 X-54.446500 Y78.846000 Z-0.125000
G01 X-54.280800 Y78.793000 Z-0.125000
G01 X-54.053600 Y78.920000 Z-0.125000
G01 X-30.003600 Y102.970000 Z-0.125000
G01 X-29.791200 Y103.083000 Z-0.125000
G01 X-29.657900 Y102.998000 Z-0.125000
G01 X-29.643900 Y102.793000 Z-0.125000
G01 X-29.789300 Y102.549000 Z-0.125000
G01 X-53.745000 Y78.593000 Z-0.125000
G01 X-53.875700 Y78.363000 Z-0.125000
G01 X-53.829300 Y78.191000 Z-0.125000
G01 X-53.663600 Y78.138000 Z-0.125000
G01 X-53.436400 Y78.265000 Z-0.125000
G01 X-29.574200 Y102.127000 Z-0.125000
G01 X-29.361500 Y102.241000 Z-0.125000
G01 X-29.227600 Y102.156000 Z-0.125000
G01 X-29.212800 Y101.952000 Z-0.125000
G01 X-29.358000 Y101.708000 Z-0.125000
G01 X-53.127800 Y77.938000 Z-0.125000
G01 X-53.258700 Y77.708000 Z-0.125000
G01 X-53.212600 Y77.535000 Z-0.125000
G01 X-53.047300 Y77.482000 Z-0.125000
G01 X-52.820400 Y77.609000 Z-0.125000
G01 X-29.137100 Y101.292000 Z-0.125000
G01 X-28.923400 Y101.407000 Z-0.125000
G01 X-28.787100 Y101.324000 Z-0.125000
G01 X-28.770000 Y101.123000 Z-0.125000
G01 X-28.914000 Y100.879000 Z-0.125000
G01 X-52.513700 Y77.280000 Z-0.125000
G01 X-52.644600 Y77.049000 Z-0.125000
G01 X-52.598800 Y76.877000 Z-0.125000
G01 X-52.433800 Y76.823000 Z-0.125000
G01 X-52.206900 Y76.950000 Z-0.125000
G01 X-28.685200 Y100.472000 Z-0.125000
G01 X-28.470400 Y100.588000 Z-0.125000
G01 X-28.331700 Y100.508000 Z-0.125000
G01 X-28.312200 Y100.308000 Z-0.125000
G01 X-28.455200 Y100.066000 Z-0.125000
G01 X-51.900200 Y76.621000 Z-0.125000
G01 X-52.031200 Y76.391000 Z-0.125000
G01 X-51.985400 Y76.218000 Z-0.125000
G01 X-51.820300 Y76.164000 Z-0.125000
G01 X-51.593500 Y76.292000 Z-0.125000
G01 X-28.220000 Y99.665000 Z-0.125000
G01 X-28.004100 Y99.782000 Z-0.125000
G01 X-27.863100 Y99.704000 Z-0.125000
G01 X-27.841400 Y99.507000 Z-0.125000
G01 X-27.983300 Y99.266000 Z-0.125000
G01 X-51.286700 Y75.962000 Z-0.125000
G01 X-51.417900 Y75.732000 Z-0.125000
G01 X-51.372500 Y75.558000 Z-0.125000
G01 X-51.207900 Y75.504000 Z-0.125000
G01 X-50.981200 Y75.632000 Z-0.125000
G01 X-27.742700 Y98.870000 Z-0.125000
G01 X-27.525800 Y98.988000 Z-0.125000
G01 X-27.382700 Y98.912000 Z-0.125000
G01 X-27.358900 Y98.717000 Z-0.125000
G01 X-27.499900 Y98.477000 Z-0.125000
G01 X-50.677700 Y75.299000 Z-0.125000
G01 X-50.809100 Y75.068000 Z-0.125000
G01 X-50.764400 Y74.894000 Z-0.125000
G01 X-50.600400 Y74.840000 Z-0.125000
G01 X-50.374100 Y74.967000 Z-0.125000
G01 X-27.254000 Y98.087000 Z-0.125000
G01 X-27.036300 Y98.205000 Z-0.125000
G01 X-26.891300 Y98.131000 Z-0.125000
G01 X-26.865500 Y97.938000 Z-0.125000
G01 X-27.005600 Y97.699000 Z-0.125000
G01 X-50.070500 Y74.634000 Z-0.125000
G01 X-50.202000 Y74.403000 Z-0.125000
G01 X-50.157300 Y74.229000 Z-0.125000
G01 X-49.993300 Y74.175000 Z-0.125000
G01 X-49.766900 Y74.302000 Z-0.125000
G01 X-26.754600 Y97.314000 Z-0.125000
G01 X-26.536100 Y97.433000 Z-0.125000
G01 X-26.389200 Y97.361000 Z-0.125000
G01 X-26.361600 Y97.170000 Z-0.125000
G01 X-26.500800 Y96.932000 Z-0.125000
G01 X-49.463400 Y73.969000 Z-0.125000
G01 X-49.594900 Y73.738000 Z-0.125000
G01 X-49.550200 Y73.564000 Z-0.125000
G01 X-49.386300 Y73.509000 Z-0.125000
G01 X-49.160000 Y73.636000 Z-0.125000
G01 X-26.244900 Y96.551000 Z-0.125000
G01 X-26.025600 Y96.671000 Z-0.125000
G01 X-25.876900 Y96.601000 Z-0.125000
G01 X-25.847500 Y96.412000 Z-0.125000
G01 X-25.985900 Y96.174000 Z-0.125000
G01 X-48.859800 Y73.300000 Z-0.125000
G01 X-48.991800 Y73.069000 Z-0.125000
G01 X-48.948200 Y72.894000 Z-0.125000
G01 X-48.785300 Y72.838000 Z-0.125000
G01 X-48.559500 Y72.965000 Z-0.125000
G01 X-25.725100 Y95.799000 Z-0.125000
G01 X-25.504900 Y95.920000 Z-0.125000
G01 X-25.354400 Y95.852000 Z-0.125000
G01 X-25.323200 Y95.664000 Z-0.125000
G01 X-25.460900 Y95.427000 Z-0.125000
G01 X-48.259200 Y72.629000 Z-0.125000
G01 X-48.391200 Y72.397000 Z-0.125000
G01 X-48.347600 Y72.222000 Z-0.125000
G01 X-48.184800 Y72.167000 Z-0.125000
G01 X-47.958900 Y72.293000 Z-0.125000
G01 X-25.195200 Y95.057000 Z-0.125000
G01 X-24.974200 Y95.178000 Z-0.125000
G01 X-24.821900 Y95.112000 Z-0.125000
G01 X-24.788900 Y94.926000 Z-0.125000
G01 X-24.925700 Y94.690000 Z-0.125000
G01 X-47.658700 Y71.957000 Z-0.125000
G01 X-47.790900 Y71.726000 Z-0.125000
G01 X-47.747800 Y71.550000 Z-0.125000
G01 X-47.585500 Y71.494000 Z-0.125000
G01 X-47.359900 Y71.620000 Z-0.125000
G01 X-24.655100 Y94.325000 Z-0.125000
G01 X-24.433200 Y94.447000 Z-0.125000
G01 X-24.279100 Y94.383000 Z-0.125000
G01 X-24.244200 Y94.199000 Z-0.125000
G01 X-24.380200 Y93.963000 Z-0.125000
G01 X-47.063100 Y71.280000 Z-0.125000
G01 X-47.195700 Y71.048000 Z-0.125000
G01 X-47.153400 Y70.872000 Z-0.125000
G01 X-46.991800 Y70.815000 Z-0.125000
G01 X-46.766600 Y70.941000 Z-0.125000
G01 X-24.104500 Y93.603000 Z-0.125000
G01 X-23.881700 Y93.726000 Z-0.125000
G01 X-23.725600 Y93.664000 Z-0.125000
G01 X-23.688800 Y93.482000 Z-0.125000
G01 X-23.823900 Y93.248000 Z-0.125000
G01 X-46.473700 Y70.598000 Z-0.125000
G01 X-46.606900 Y70.365000 Z-0.125000
G01 X-46.566000 Y70.187000 Z-0.125000
G01 X-46.405800 Y70.129000 Z-0.125000
G01 X-46.181200 Y70.254000 Z-0.125000
G01 X-23.542600 Y92.893000 Z-0.125000
G01 X-23.319000 Y93.017000 Z-0.125000
G01 X-23.160900 Y92.956000 Z-0.125000
G01 X-23.122000 Y92.777000 Z-0.125000
G01 X-23.256200 Y92.543000 Z-0.125000
G01 X-45.891100 Y69.908000 Z-0.125000
G01 X-46.024700 Y69.675000 Z-0.125000
G01 X-45.984600 Y69.497000 Z-0.125000
G01 X-45.825200 Y69.437000 Z-0.125000
G01 X-45.601000 Y69.562000 Z-0.125000
G01 X-22.968500 Y92.195000 Z-0.125000
G01 X-22.743900 Y92.320000 Z-0.125000
G01 X-22.583800 Y92.261000 Z-0.125000
G01 X-22.543000 Y92.083000 Z-0.125000
G01 X-22.676200 Y91.851000 Z-0.125000
G01 X-45.310900 Y69.216000 Z-0.125000
G01 X-45.444500 Y68.983000 Z-0.125000
G01 X-45.404400 Y68.804000 Z-0.125000
G01 X-45.245100 Y68.745000 Z-0.125000
G01 X-45.020800 Y68.870000 Z-0.125000
G01 X-22.381500 Y91.509000 Z-0.125000
G01 X-22.155900 Y91.636000 Z-0.125000
G01 X-21.993600 Y91.579000 Z-0.125000
G01 X-21.950600 Y91.403000 Z-0.125000
G01 X-22.082900 Y91.172000 Z-0.125000
G01 X-44.730700 Y68.524000 Z-0.125000
G01 X-44.864300 Y68.291000 Z-0.125000
G01 X-44.824200 Y68.112000 Z-0.125000
G01 X-44.664900 Y68.053000 Z-0.125000
G01 X-44.440700 Y68.178000 Z-0.125000
G01 X-21.782200 Y90.836000 Z-0.125000
G01 X-21.556100 Y90.963000 Z-0.125000
G01 X-21.392700 Y90.908000 Z-0.125000
G01 X-21.348600 Y90.733000 Z-0.125000
G01 X-21.480300 Y90.502000 Z-0.125000
G01 X-44.389100 Y67.593000 Z-0.125000
G00 Z5.000000

(End cutting path id: path8334)


(Start cutting path id: path8334)
(Change tool to Default tool)

G00 Z5.000000
G00 X-61.682900 Y78.924000

G01 Z-0.125000 F100.0(Penetrate)
G01 X-47.166900 Y93.440000 Z-0.125000 F400.000000
G01 X-46.624800 Y93.664000 Z-0.125000
G01 X-46.475700 Y93.595000 Z-0.125000
G01 X-46.559700 Y93.411000 Z-0.125000
G01 X-57.448200 Y82.523000 Z-0.125000
G01 X-57.578900 Y82.293000 Z-0.125000
G01 X-57.532500 Y82.120000 Z-0.125000
G01 X-57.366800 Y82.068000 Z-0.125000
G01 X-57.139600 Y82.195000 Z-0.125000
G01 X-45.952500 Y93.382000 Z-0.125000
G01 X-45.433600 Y93.583000 Z-0.125000
G01 X-45.300500 Y93.498000 Z-0.125000
G01 X-45.391800 Y93.307000 Z-0.125000
G01 X-56.831000 Y81.868000 Z-0.125000
G01 X-56.961700 Y81.638000 Z-0.125000
G01 X-56.915300 Y81.465000 Z-0.125000
G01 X-56.749600 Y81.413000 Z-0.125000
G01 X-56.522400 Y81.540000 Z-0.125000
G01 X-39.997100 Y98.066000 Z-0.125000
G00 Z5.000000

(End cutting path id: path8334)


(Start cutting path id: path8334)
(Change tool to Default tool)

G00 Z5.000000
G00 X-59.507000 Y91.914000

G01 Z-0.125000 F100.0(Penetrate)
G01 X-68.258800 Y83.162000 Z-0.125000 F400.000000
G01 X-68.663700 Y82.439000 Z-0.125000
G01 X-68.718400 Y82.166000 Z-0.125000
G01 X-68.591500 Y82.193000 Z-0.125000
G01 X-58.634300 Y92.150000 Z-0.125000
G01 X-57.833200 Y92.633000 Z-0.125000
G01 X-57.506100 Y92.742000 Z-0.125000
G01 X-57.509200 Y92.639000 Z-0.125000
G01 X-68.959700 Y81.189000 Z-0.125000
G01 X-69.300800 Y80.530000 Z-0.125000
G01 X-69.311800 Y80.300000 Z-0.125000
G01 X-69.164900 Y80.348000 Z-0.125000
G01 X-56.485800 Y93.027000 Z-0.125000
G01 X-55.793600 Y93.401000 Z-0.125000
G01 X-55.541400 Y93.434000 Z-0.125000
G01 X-55.578500 Y93.298000 Z-0.125000
G01 X-69.382400 Y79.494000 Z-0.125000
G01 X-69.713600 Y78.845000 Z-0.125000
G01 X-69.717700 Y78.622000 Z-0.125000
G01 X-69.567800 Y78.673000 Z-0.125000
G01 X-54.769800 Y93.471000 Z-0.125000
G01 X-54.164300 Y93.758000 Z-0.125000
G01 X-53.971700 Y93.732000 Z-0.125000
G01 X-54.035900 Y93.568000 Z-0.125000
G01 X-69.725800 Y77.878000 Z-0.125000
G01 X-70.031100 Y77.255000 Z-0.125000
G01 X-70.017300 Y77.050000 Z-0.125000
G01 X-69.859200 Y77.109000 Z-0.125000
G01 X-53.346100 Y93.622000 Z-0.125000
G01 X-52.779600 Y93.870000 Z-0.125000
G01 X-52.613700 Y93.818000 Z-0.125000
G01 X-52.690100 Y93.642000 Z-0.125000
G01 X-70.004300 Y76.328000 Z-0.125000
G01 X-70.262800 Y75.751000 Z-0.125000
G01 X-70.217000 Y75.578000 Z-0.125000
G01 X-70.044300 Y75.652000 Z-0.125000
G01 X-52.052900 Y93.643000 Z-0.125000
G01 X-51.502200 Y93.876000 Z-0.125000
G01 X-51.347300 Y93.812000 Z-0.125000
G01 X-51.428600 Y93.631000 Z-0.125000
G01 X-70.102200 Y74.958000 Z-0.125000
G01 X-70.352900 Y74.389000 Z-0.125000
G01 X-70.301700 Y74.221000 Z-0.125000
G01 X-70.126600 Y74.297000 Z-0.125000
G01 X-50.813000 Y93.611000 Z-0.125000
G01 X-50.269400 Y93.836000 Z-0.125000
G01 X-50.119400 Y93.768000 Z-0.125000
G01 X-50.203000 Y93.585000 Z-0.125000
G01 X-70.111500 Y73.676000 Z-0.125000
G01 X-70.314700 Y73.155000 Z-0.125000
G01 X-70.230800 Y73.020000 Z-0.125000
G01 X-70.040800 Y73.111000 Z-0.125000
G01 X-49.595800 Y93.556000 Z-0.125000
G01 X-49.053600 Y93.780000 Z-0.125000
G01 X-48.904500 Y93.710000 Z-0.125000
G01 X-48.988600 Y93.527000 Z-0.125000
G01 X-69.871700 Y72.644000 Z-0.125000
G01 X-69.924800 Y72.491000 Z-0.125000
G01 X-69.707800 Y72.490000 Z-0.125000
G01 X-69.066900 Y72.813000 Z-0.125000
G01 X-48.381300 Y93.498000 Z-0.125000
G01 X-47.839200 Y93.722000 Z-0.125000
G01 X-47.690100 Y93.653000 Z-0.125000
G01 X-47.774100 Y93.469000 Z-0.125000
G01 X-66.931800 Y74.311000 Z-0.125000
G00 Z5.000000

(End cutting path id: path8334)


(Start cutting path id: path8334)
(Change tool to Default tool)

G00 Z5.000000
G00 X-62.553700 Y90.139000

G01 Z-0.125000 F100.0(Penetrate)
G01 X-66.952300 Y85.741000 Z-0.125000 F400.000000
G00 Z5.000000

(End cutting path id: path8334)


(Start cutting path id: path8334)
(Change tool to Default tool)

G00 Z5.000000
G00 X-61.028800 Y91.028000

G01 Z-0.125000 F100.0(Penetrate)
G01 X-67.757900 Y84.299000 Z-0.125000 F400.000000
G00 Z5.000000

(End cutting path id: path8334)


(Start cutting path id: path8334)
(Change tool to Default tool)

G00 Z5.000000
G00 X-13.574100 Y112.971700

G01 Z-0.125000 F100.0(Penetrate)
G01 X-13.465000 Y113.720200 Z-0.125000 F400.000000
G01 X-13.155100 Y114.502300 Z-0.125000
G01 X-12.037000 Y116.056000 Z-0.125000
G01 X-10.428500 Y117.410300 Z-0.125000
G01 X-8.538030 Y118.342900 Z-0.125000
G01 X-5.795410 Y119.411800 Z-0.125000
G01 X-3.610990 Y120.614600 Z-0.125000
G01 X-1.993520 Y121.934100 Z-0.125000
G01 X-0.951776 Y123.353300 Z-0.125000
G01 X-0.494521 Y124.855100 Z-0.125000
G01 X-0.630522 Y126.422500 Z-0.125000
G01 X-1.368540 Y128.038200 Z-0.125000
G01 X-2.717360 Y129.685400 Z-0.125000
G01 X-4.437800 Y131.077700 Z-0.125000
G01 X-6.324280 Y132.022200 Z-0.125000
G01 X-8.317390 Y132.523600 Z-0.125000
G01 X-10.357800 Y132.586300 Z-0.125000
G01 X-12.386000 Y132.214900 Z-0.125000
G01 X-14.342800 Y131.413700 Z-0.125000
G01 X-16.168700 Y130.187400 Z-0.125000
G01 X-17.804300 Y128.540400 Z-0.125000
G01 X-19.089800 Y126.858100 Z-0.125000
G01 X-19.786000 Y125.423300 Z-0.125000
G01 X-20.072300 Y123.650800 Z-0.125000
G01 X-20.127800 Y120.955400 Z-0.125000
G01 X-20.078400 Y118.253700 Z-0.125000
G01 X-19.810300 Y116.565200 Z-0.125000
G01 X-19.143900 Y115.327300 Z-0.125000
G01 X-17.899600 Y113.977600 Z-0.125000
G01 X-16.185000 Y112.516000 Z-0.125000
G01 X-14.813500 Y111.842700 Z-0.125000
G01 X-14.293500 Y111.810400 Z-0.125000
G01 X-13.903700 Y111.985400 Z-0.125000
G01 X-13.659000 Y112.371400 Z-0.125000
G01 X-13.574100 Y112.971700 Z-0.125000
G01 X-13.574100 Y112.971700 Z-0.125000
G00 Z5.000000

(End cutting path id: path8334)


(Start cutting path id: path8334)
(Change tool to Default tool)

G00 Z5.000000
G00 X-5.105510 Y119.599100

G01 Z-0.125000 F100.0(Penetrate)
G01 X-24.127300 Y100.577000 Z-0.125000 F400.000000
G01 X-24.268400 Y100.337000 Z-0.125000
G01 X-24.245000 Y100.142000 Z-0.125000
G01 X-24.102200 Y100.066000 Z-0.125000
G01 X-23.885600 Y100.183000 Z-0.125000
G01 X-3.237870 Y120.830600 Z-0.125000
G00 Z5.000000

(End cutting path id: path8334)


(Start cutting path id: path8334)
(Change tool to Default tool)

G00 Z5.000000
G00 X3.586410 Y109.208000

G01 Z-0.125000 F100.0(Penetrate)
G01 X-15.578900 Y90.043000 Z-0.125000 F400.000000
G01 X-15.721500 Y89.801000 Z-0.125000
G01 X-15.701200 Y89.602000 Z-0.125000
G01 X-15.561700 Y89.523000 Z-0.125000
G01 X-15.346400 Y89.639000 Z-0.125000
G01 X3.038630 Y108.024100 Z-0.125000
G01 X3.169820 Y108.055900 Z-0.125000
G01 X3.124490 Y107.791900 Z-0.125000
G01 X2.733260 Y107.082600 Z-0.125000
G01 X-15.167400 Y89.182000 Z-0.125000
G01 X-15.373200 Y88.658000 Z-0.125000
G01 X-15.291100 Y88.521000 Z-0.125000
G01 X-15.102000 Y88.611000 Z-0.125000
G01 X2.608360 Y106.321600 Z-0.125000
G01 X2.751110 Y106.365000 Z-0.125000
G01 X2.731200 Y106.126400 Z-0.125000
G01 X2.376970 Y105.454100 Z-0.125000
G01 X-15.255200 Y87.822000 Z-0.125000
G01 X-15.602800 Y87.156000 Z-0.125000
G01 X-15.618100 Y86.922000 Z-0.125000
G01 X-15.473200 Y86.968000 Z-0.125000
G01 X2.240140 Y104.681200 Z-0.125000
G01 X2.400780 Y104.742400 Z-0.125000
G01 X2.420230 Y104.543200 Z-0.125000
G01 X2.123250 Y103.928200 Z-0.125000
G01 X-15.517000 Y86.288000 Z-0.125000
G01 X-15.737700 Y85.749000 Z-0.125000
G01 X-15.665800 Y85.602000 Z-0.125000
G01 X-15.481400 Y85.687000 Z-0.125000
G01 X2.022680 Y103.192000 Z-0.125000
G01 X2.188630 Y103.258100 Z-0.125000
G01 X2.219770 Y103.071000 Z-0.125000
G01 X1.939790 Y102.473000 Z-0.125000
G01 X-15.398900 Y85.134000 Z-0.125000
G01 X-15.578300 Y84.636000 Z-0.125000
G01 X-15.478000 Y84.518000 Z-0.125000
G01 X-15.280700 Y84.616000 Z-0.125000
G01 X1.886960 Y101.784000 Z-0.125000
G01 X2.063670 Y101.861000 Z-0.125000
G01 X2.118470 Y101.697000 Z-0.125000
G01 X1.872890 Y101.133000 Z-0.125000
G01 X-15.133500 Y84.127000 Z-0.125000
G01 X-15.285600 Y83.876000 Z-0.125000
G01 X-15.286200 Y83.656000 Z-0.125000
G01 X-15.167500 Y83.556000 Z-0.125000
G01 X-14.961800 Y83.663000 Z-0.125000
G01 X1.915100 Y100.540000 Z-0.125000
G01 X2.112580 Y100.638000 Z-0.125000
G01 X2.213090 Y100.519000 Z-0.125000
G01 X2.033990 Y100.022000 Z-0.125000
G01 X-14.768100 Y83.220000 Z-0.125000
G01 X-14.913600 Y82.975000 Z-0.125000
G01 X-14.899700 Y82.771000 Z-0.125000
G01 X-14.766500 Y82.685000 Z-0.125000
G01 X-14.554200 Y82.798000 Z-0.125000
G01 X2.544390 Y99.897000 Z-0.125000
G00 Z5.000000

(End cutting path id: path8334)


(Start cutting path id: path8334)
(Change tool to Default tool)

G00 Z5.000000
G00 X4.459060 Y102.447000

G01 Z-0.125000 F100.0(Penetrate)
G01 X5.433830 Y103.422200 Z-0.125000 F400.000000
G01 X5.914250 Y103.584500 Z-0.125000
G01 X6.020900 Y103.472500 Z-0.125000
G01 X5.917590 Y103.269800 Z-0.125000
G01 X4.034800 Y101.387000 Z-0.125000
G00 Z5.000000

(End cutting path id: path8334)


(Start cutting path id: path8334)
(Change tool to Default tool)

G00 Z5.000000
G00 X-1.227400 Y87.219000

G01 Z-0.125000 F100.0(Penetrate)
G01 X24.565500 Y113.012300 Z-0.125000 F400.000000
G01 X24.772900 Y113.120300 Z-0.125000
G01 X24.895400 Y113.024100 Z-0.125000
G01 X24.898600 Y112.808700 Z-0.125000
G01 X24.748200 Y112.558900 Z-0.125000
G01 X-0.900133 Y86.911000 Z-0.125000
G01 X-1.094310 Y86.398000 Z-0.125000
G01 X-1.004170 Y86.270000 Z-0.125000
G01 X-0.811406 Y86.363000 Z-0.125000
G01 X24.966500 Y112.141100 Z-0.125000
G01 X25.189700 Y112.264900 Z-0.125000
G01 X25.346700 Y112.203200 Z-0.125000
G01 X25.384500 Y112.022400 Z-0.125000
G01 X25.249800 Y111.788300 Z-0.125000
G01 X-0.722680 Y85.816000 Z-0.125000
G01 X-0.916855 Y85.304000 Z-0.125000
G01 X-0.826720 Y85.175000 Z-0.125000
G01 X-0.633953 Y85.268000 Z-0.125000
G01 X25.634200 Y111.536600 Z-0.125000
G01 X26.166100 Y111.750400 Z-0.125000
G01 X26.308100 Y111.673800 Z-0.125000
G01 X26.220900 Y111.487200 Z-0.125000
G01 X-0.545611 Y84.721000 Z-0.125000
G01 X-0.732715 Y84.216000 Z-0.125000
G01 X-0.637719 Y84.092000 Z-0.125000
G01 X-0.442742 Y84.187000 Z-0.125000
G01 X27.707600 Y112.337800 Z-0.125000
G00 Z5.000000

(End cutting path id: path8334)


(Start cutting path id: path8334)
(Change tool to Default tool)

G00 Z5.000000
G00 X28.561800 Y113.070200

G01 Z-0.125000 F100.0(Penetrate)
G01 X29.342900 Y113.807300 Z-0.125000 F400.000000
G01 X30.012400 Y114.696600 Z-0.125000
G01 X30.566900 Y115.727600 Z-0.125000
G01 X31.003300 Y116.889800 Z-0.125000
G01 X31.508900 Y119.566400 Z-0.125000
G01 X31.503600 Y122.642800 Z-0.125000
G01 X31.087100 Y124.981300 Z-0.125000
G01 X30.271600 Y127.062600 Z-0.125000
G01 X29.096900 Y128.855200 Z-0.125000
G01 X27.603100 Y130.327400 Z-0.125000
G01 X25.830100 Y131.447400 Z-0.125000
G01 X23.817600 Y132.183700 Z-0.125000
G01 X21.605700 Y132.504600 Z-0.125000
G01 X19.234200 Y132.378300 Z-0.125000
G01 X17.799900 Y132.042200 Z-0.125000
G01 X16.451700 Y131.488400 Z-0.125000
G01 X15.222100 Y130.748200 Z-0.125000
G01 X14.143300 Y129.853100 Z-0.125000
G01 X13.247900 Y128.834400 Z-0.125000
G01 X12.568200 Y127.723700 Z-0.125000
G01 X12.136600 Y126.552300 Z-0.125000
G01 X11.985600 Y125.351600 Z-0.125000
G01 X12.042600 Y124.382200 Z-0.125000
G01 X12.246500 Y123.535200 Z-0.125000
G01 X12.645800 Y122.764300 Z-0.125000
G01 X13.289600 Y122.023300 Z-0.125000
G01 X14.226600 Y121.265800 Z-0.125000
G01 X15.505700 Y120.445500 Z-0.125000
G01 X19.285300 Y118.431500 Z-0.125000
G01 X21.761600 Y117.117600 Z-0.125000
G01 X23.324300 Y116.063900 Z-0.125000
G01 X24.230500 Y115.055900 Z-0.125000
G01 X24.737100 Y113.879200 Z-0.125000
G01 X25.315100 Y112.453300 Z-0.125000
G01 X25.654700 Y112.055600 Z-0.125000
G01 X26.051600 Y111.863000 Z-0.125000
G01 X26.523100 Y111.871900 Z-0.125000
G01 X27.086900 Y112.078600 Z-0.125000
G01 X28.561800 Y113.070200 Z-0.125000
G01 X28.561800 Y113.070200 Z-0.125000
G00 Z5.000000

(End cutting path id: path8334)


(Start cutting path id: path8334)
(Change tool to Default tool)

G00 Z5.000000
G00 X30.135600 Y114.765800

G01 Z-0.125000 F100.0(Penetrate)
G01 X41.369800 Y126.000000 Z-0.125000 F400.000000
G01 X41.555900 Y126.086700 Z-0.125000
G01 X41.631600 Y125.943700 Z-0.125000
G01 X41.416300 Y125.410400 Z-0.125000
G01 X-0.314296 Y83.680000 Z-0.125000
G01 X-0.469043 Y83.426000 Z-0.125000
G01 X-0.475534 Y83.201000 Z-0.125000
G01 X-0.362755 Y83.095000 Z-0.125000
G01 X-0.159695 Y83.198000 Z-0.125000
G01 X41.457200 Y124.815200 Z-0.125000
G01 X41.640700 Y124.899300 Z-0.125000
G01 X41.710600 Y124.750500 Z-0.125000
G01 X41.486800 Y124.208700 Z-0.125000
G01 X0.024835 Y82.747000 Z-0.125000
G01 X-0.121303 Y82.501000 Z-0.125000
G01 X-0.108852 Y82.295000 Z-0.125000
G01 X0.022868 Y82.208000 Z-0.125000
G01 X0.234538 Y82.320000 Z-0.125000
G01 X41.511700 Y123.597500 Z-0.125000
G01 X41.692900 Y123.679300 Z-0.125000
G01 X41.757500 Y123.525200 Z-0.125000
G01 X41.526200 Y122.975900 Z-0.125000
G01 X0.470231 Y81.920000 Z-0.125000
G01 X0.332784 Y81.683000 Z-0.125000
G01 X0.364355 Y81.496000 Z-0.125000
G01 X0.515194 Y81.428000 Z-0.125000
G01 X0.735555 Y81.549000 Z-0.125000
G01 X41.532000 Y122.345500 Z-0.125000
G01 X41.710900 Y122.425100 Z-0.125000
G01 X41.770700 Y122.266300 Z-0.125000
G01 X41.532500 Y121.709900 Z-0.125000
G01 X1.026730 Y81.204000 Z-0.125000
G01 X0.897487 Y80.976000 Z-0.125000
G01 X0.947114 Y80.807000 Z-0.125000
G01 X1.116010 Y80.757000 Z-0.125000
G01 X1.344580 Y80.886000 Z-0.125000
G01 X41.517400 Y121.058800 Z-0.125000
G01 X41.692900 Y121.134900 Z-0.125000
G01 X41.744800 Y120.968200 Z-0.125000
G01 X41.495200 Y120.400500 Z-0.125000
G01 X1.692050 Y80.597000 Z-0.125000
G01 X1.571800 Y80.378000 Z-0.125000
G01 X1.641200 Y80.228000 Z-0.125000
G01 X1.829870 Y80.198000 Z-0.125000
G01 X2.067420 Y80.337000 Z-0.125000
G01 X41.465600 Y119.734700 Z-0.125000
G01 X41.637200 Y119.807000 Z-0.125000
G01 X41.681000 Y119.632100 Z-0.125000
G01 X41.419300 Y119.052400 Z-0.125000
G01 X2.471060 Y80.104000 Z-0.125000
G01 X2.359860 Y79.894000 Z-0.125000
G01 X2.449170 Y79.764000 Z-0.125000
G01 X2.657750 Y79.754000 Z-0.125000
G01 X2.904350 Y79.901000 Z-0.125000
G01 X41.363900 Y118.360800 Z-0.125000
G01 X41.534100 Y118.431700 Z-0.125000
G01 X41.574800 Y118.253700 Z-0.125000
G01 X41.308700 Y117.669500 Z-0.125000
G01 X3.369450 Y79.730000 Z-0.125000
G01 X3.268060 Y79.530000 Z-0.125000
G01 X3.378960 Y79.422000 Z-0.125000
G01 X3.865540 Y79.590000 Z-0.125000
G01 X41.217200 Y116.942000 Z-0.125000
G01 X41.381200 Y117.006600 Z-0.125000
G01 X41.407900 Y116.814600 Z-0.125000
G01 X41.121500 Y116.210200 Z-0.125000
G01 X4.380760 Y79.469000 Z-0.125000
G01 X4.291610 Y79.281000 Z-0.125000
G01 X4.429430 Y79.200000 Z-0.125000
G01 X4.955180 Y79.408000 Z-0.125000
G01 X41.012700 Y115.465300 Z-0.125000
G01 X41.172700 Y115.525900 Z-0.125000
G01 X41.190800 Y115.325300 Z-0.125000
G01 X40.891800 Y114.708300 Z-0.125000
G01 X13.466100 Y87.283000 Z-0.125000
G01 X13.280600 Y86.779000 Z-0.125000
G01 X13.376700 Y86.656000 Z-0.125000
G01 X13.572100 Y86.752000 Z-0.125000
G01 X40.746500 Y113.926900 Z-0.125000
G01 X40.900000 Y113.981000 Z-0.125000
G01 X40.903600 Y113.766000 Z-0.125000
G01 X40.583700 Y113.128000 Z-0.125000
G01 X13.678100 Y86.222000 Z-0.125000
G01 X13.492600 Y85.719000 Z-0.125000
G01 X13.588700 Y85.596000 Z-0.125000
G01 X13.784200 Y85.692000 Z-0.125000
G01 X40.401300 Y112.309400 Z-0.125000
G01 X40.548200 Y112.357000 Z-0.125000
G01 X40.537600 Y112.127800 Z-0.125000
G01 X40.197000 Y111.469000 Z-0.125000
G01 X13.889600 Y85.162000 Z-0.125000
G01 X13.710000 Y84.664000 Z-0.125000
G01 X13.810100 Y84.545000 Z-0.125000
G01 X14.007400 Y84.643000 Z-0.125000
G01 X39.968000 Y110.603900 Z-0.125000
G01 X40.121100 Y110.657600 Z-0.125000
G01 X40.123900 Y110.441800 Z-0.125000
G01 X39.802800 Y109.802700 Z-0.125000
G01 X14.147300 Y84.147000 Z-0.125000
G01 X13.995900 Y83.896000 Z-0.125000
G01 X13.996800 Y83.679000 Z-0.125000
G01 X14.117000 Y83.580000 Z-0.125000
G01 X14.323500 Y83.687000 Z-0.125000
G01 X39.491200 Y108.855000 Z-0.125000
G01 X39.620800 Y108.885200 Z-0.125000
G01 X39.571900 Y108.617600 Z-0.125000
G01 X39.175600 Y107.903200 Z-0.125000
G01 X14.517100 Y83.245000 Z-0.125000
G01 X14.372000 Y83.000000 Z-0.125000
G01 X14.386700 Y82.796000 Z-0.125000
G01 X14.520700 Y82.712000 Z-0.125000
G01 X14.733400 Y82.825000 Z-0.125000
G01 X38.855600 Y106.947100 Z-0.125000
G01 X38.948700 Y106.940900 Z-0.125000
G01 X38.819800 Y106.593300 Z-0.125000
G01 X38.306900 Y105.762400 Z-0.125000
G01 X14.971400 Y82.427000 Z-0.125000
G01 X14.832900 Y82.189000 Z-0.125000
G01 X14.862400 Y82.000000 Z-0.125000
G01 X15.011100 Y81.930000 Z-0.125000
G01 X15.230400 Y82.050000 Z-0.125000
G01 X37.826300 Y104.645700 Z-0.125000
G01 X37.918700 Y104.638600 Z-0.125000
G01 X37.787900 Y104.289200 Z-0.125000
G01 X37.272300 Y103.455600 Z-0.125000
G01 X15.512100 Y81.695000 Z-0.125000
G01 X15.380200 Y81.464000 Z-0.125000
G01 X15.423800 Y81.289000 Z-0.125000
G01 X15.586700 Y81.233000 Z-0.125000
G01 X15.812600 Y81.360000 Z-0.125000
G01 X37.050600 Y102.598000 Z-0.125000
G00 Z5.000000

(End cutting path id: path8334)


(Start cutting path id: path8334)
(Change tool to Default tool)

G00 Z5.000000
G00 X36.045500 Y100.957000

G01 Z-0.125000 F100.0(Penetrate)
G01 X16.133600 Y81.045000 Z-0.125000 F400.000000
G01 X16.008000 Y80.820000 Z-0.125000
G01 X16.065900 Y80.659000 Z-0.125000
G01 X16.243000 Y80.617000 Z-0.125000
G01 X16.475300 Y80.750000 Z-0.125000
G01 X35.004400 Y99.279000 Z-0.125000
G00 Z5.000000

(End cutting path id: path8334)


(Start cutting path id: path8334)
(Change tool to Default tool)

G00 Z5.000000
G00 X33.823900 Y97.463000

G01 Z-0.125000 F100.0(Penetrate)
G01 X16.838200 Y80.477000 Z-0.125000 F400.000000
G01 X16.719500 Y80.259000 Z-0.125000
G01 X16.792200 Y80.113000 Z-0.125000
G01 X16.984100 Y80.086000 Z-0.125000
G01 X17.223200 Y80.226000 Z-0.125000
G01 X31.261600 Y94.264000 Z-0.125000
G00 Z5.000000

(End cutting path id: path8334)


(Start cutting path id: path8334)
(Change tool to Default tool)

G00 Z5.000000
G00 X32.229100 Y90.143000

G01 Z-0.125000 F100.0(Penetrate)
G01 X45.112300 Y103.026000 Z-0.125000 F400.000000
G01 X45.344400 Y103.159000 Z-0.125000
G01 X45.520900 Y103.117000 Z-0.125000
G01 X45.578100 Y102.955000 Z-0.125000
G01 X45.452300 Y102.730000 Z-0.125000
G01 X31.542100 Y88.820000 Z-0.125000
G01 X31.415600 Y88.594000 Z-0.125000
G01 X31.471200 Y88.431000 Z-0.125000
G01 X31.646200 Y88.387000 Z-0.125000
G01 X31.877500 Y88.519000 Z-0.125000
G01 X45.792300 Y102.434000 Z-0.125000
G01 X46.024300 Y102.567000 Z-0.125000
G01 X46.200800 Y102.524000 Z-0.125000
G01 X46.258000 Y102.363000 Z-0.125000
G01 X46.132200 Y102.138000 Z-0.125000
G01 X32.212900 Y88.219000 Z-0.125000
G01 X32.086400 Y87.993000 Z-0.125000
G01 X32.142000 Y87.830000 Z-0.125000
G01 X32.317000 Y87.786000 Z-0.125000
G01 X32.548300 Y87.918000 Z-0.125000
G01 X46.472200 Y101.842000 Z-0.125000
G01 X46.703900 Y101.974000 Z-0.125000
G01 X46.879800 Y101.931000 Z-0.125000
G01 X46.936500 Y101.769000 Z-0.125000
G01 X46.810400 Y101.544000 Z-0.125000
G01 X32.883700 Y87.617000 Z-0.125000
G01 X32.757200 Y87.391000 Z-0.125000
G01 X32.812900 Y87.228000 Z-0.125000
G01 X32.987800 Y87.185000 Z-0.125000
G01 X33.219100 Y87.316000 Z-0.125000
G01 X47.147900 Y101.245000 Z-0.125000
G01 X47.379500 Y101.377000 Z-0.125000
G01 X47.555200 Y101.334000 Z-0.125000
G01 X47.611500 Y101.172000 Z-0.125000
G01 X47.485400 Y100.947000 Z-0.125000
G01 X33.554500 Y87.016000 Z-0.125000
G01 X33.428000 Y86.790000 Z-0.125000
G01 X33.483700 Y86.627000 Z-0.125000
G01 X33.658600 Y86.583000 Z-0.125000
G01 X33.889900 Y86.715000 Z-0.125000
G01 X47.822800 Y100.648000 Z-0.125000
G01 X48.054500 Y100.780000 Z-0.125000
G01 X48.230100 Y100.737000 Z-0.125000
G01 X48.286500 Y100.575000 Z-0.125000
G01 X48.160300 Y100.349000 Z-0.125000
G01 X34.225300 Y86.414000 Z-0.125000
G01 X34.099000 Y86.189000 Z-0.125000
G01 X34.155000 Y86.026000 Z-0.125000
G01 X34.330300 Y85.983000 Z-0.125000
G01 X34.561800 Y86.115000 Z-0.125000
G01 X48.497800 Y100.051000 Z-0.125000
G01 X48.729400 Y100.183000 Z-0.125000
G01 X48.905000 Y100.140000 Z-0.125000
G01 X48.961400 Y99.978000 Z-0.125000
G01 X48.835200 Y99.752000 Z-0.125000
G01 X34.899300 Y85.816000 Z-0.125000
G01 X34.773100 Y85.591000 Z-0.125000
G01 X34.829500 Y85.428000 Z-0.125000
G01 X35.005100 Y85.385000 Z-0.125000
G01 X35.236700 Y85.517000 Z-0.125000
G01 X49.172700 Y99.453000 Z-0.125000
G01 X49.404200 Y99.586000 Z-0.125000
G01 X49.579600 Y99.542000 Z-0.125000
G01 X49.635700 Y99.380000 Z-0.125000
G01 X49.509400 Y99.154000 Z-0.125000
G01 X35.574200 Y85.219000 Z-0.125000
G01 X35.448100 Y84.993000 Z-0.125000
G01 X35.504700 Y84.831000 Z-0.125000
G01 X35.680500 Y84.788000 Z-0.125000
G01 X35.912200 Y84.921000 Z-0.125000
G01 X49.845800 Y98.854000 Z-0.125000
G01 X50.077300 Y98.986000 Z-0.125000
G01 X50.252500 Y98.943000 Z-0.125000
G01 X50.308500 Y98.780000 Z-0.125000
G01 X50.182200 Y98.555000 Z-0.125000
G01 X36.252600 Y84.625000 Z-0.125000
G01 X36.126900 Y84.400000 Z-0.125000
G01 X36.184300 Y84.239000 Z-0.125000
G01 X36.361000 Y84.197000 Z-0.125000
G01 X36.593100 Y84.329000 Z-0.125000
G01 X50.518600 Y98.255000 Z-0.125000
G01 X50.750000 Y98.387000 Z-0.125000
G01 X50.925300 Y98.344000 Z-0.125000
G01 X50.981300 Y98.181000 Z-0.125000
G01 X50.854900 Y97.955000 Z-0.125000
G01 X36.933500 Y84.034000 Z-0.125000
G01 X36.807800 Y83.809000 Z-0.125000
G01 X36.865200 Y83.647000 Z-0.125000
G01 X37.041900 Y83.605000 Z-0.125000
G01 X37.274000 Y83.738000 Z-0.125000
G01 X51.191300 Y97.655000 Z-0.125000
G01 X51.422800 Y97.787000 Z-0.125000
G01 X51.598000 Y97.744000 Z-0.125000
G01 X51.654000 Y97.581000 Z-0.125000
G01 X51.527700 Y97.356000 Z-0.125000
G01 X37.615100 Y83.443000 Z-0.125000
G01 X37.489800 Y83.218000 Z-0.125000
G01 X37.548100 Y83.058000 Z-0.125000
G01 X37.725600 Y83.017000 Z-0.125000
G01 X37.958100 Y83.150000 Z-0.125000
G01 X51.864100 Y97.056000 Z-0.125000
G01 X52.095500 Y97.188000 Z-0.125000
G01 X52.270800 Y97.145000 Z-0.125000
G01 X52.326800 Y96.982000 Z-0.125000
G01 X52.200500 Y96.756000 Z-0.125000
G01 X38.301000 Y82.857000 Z-0.125000
G01 X38.175700 Y82.632000 Z-0.125000
G01 X38.234000 Y82.472000 Z-0.125000
G01 X38.411500 Y82.431000 Z-0.125000
G01 X38.644000 Y82.564000 Z-0.125000
G01 X52.536800 Y96.457000 Z-0.125000
G01 X52.768300 Y96.589000 Z-0.125000
G01 X52.943600 Y96.545000 Z-0.125000
G01 X52.999600 Y96.383000 Z-0.125000
G01 X52.873200 Y96.157000 Z-0.125000
G01 X38.986900 Y82.271000 Z-0.125000
G01 X38.861800 Y82.046000 Z-0.125000
G01 X38.920500 Y81.886000 Z-0.125000
G01 X39.098500 Y81.845000 Z-0.125000
G01 X39.331200 Y81.979000 Z-0.125000
G01 X53.209600 Y95.857000 Z-0.125000
G01 X53.441100 Y95.989000 Z-0.125000
G01 X53.616300 Y95.946000 Z-0.125000
G01 X53.672300 Y95.783000 Z-0.125000
G01 X53.546000 Y95.557000 Z-0.125000
G01 X39.677300 Y81.689000 Z-0.125000
G01 X39.552500 Y81.464000 Z-0.125000
G01 X39.611800 Y81.305000 Z-0.125000
G01 X39.790400 Y81.265000 Z-0.125000
G01 X40.023400 Y81.399000 Z-0.125000
G01 X53.882400 Y95.258000 Z-0.125000
G01 X54.113800 Y95.390000 Z-0.125000
G01 X54.289100 Y95.346000 Z-0.125000
G01 X54.345100 Y95.184000 Z-0.125000
G01 X54.218700 Y94.958000 Z-0.125000
G01 X40.369400 Y81.109000 Z-0.125000
G01 X40.244600 Y80.884000 Z-0.125000
G01 X40.304000 Y80.725000 Z-0.125000
G01 X40.482600 Y80.685000 Z-0.125000
G01 X40.715600 Y80.819000 Z-0.125000
G01 X54.555100 Y94.658000 Z-0.125000
G01 X54.786600 Y94.790000 Z-0.125000
G01 X54.961900 Y94.747000 Z-0.125000
G01 X55.017900 Y94.584000 Z-0.125000
G01 X54.891500 Y94.359000 Z-0.125000
G01 X41.062100 Y80.529000 Z-0.125000
G01 X40.936600 Y80.304000 Z-0.125000
G01 X40.994500 Y80.143000 Z-0.125000
G01 X41.171700 Y80.102000 Z-0.125000
G01 X41.404000 Y80.235000 Z-0.125000
G01 X55.227900 Y94.059000 Z-0.125000
G01 X55.459400 Y94.191000 Z-0.125000
G01 X55.634600 Y94.147000 Z-0.125000
G01 X55.690600 Y93.985000 Z-0.125000
G01 X55.564300 Y93.759000 Z-0.125000
G01 X41.741000 Y79.936000 Z-0.125000
G01 X41.613600 Y79.709000 Z-0.125000
G01 X41.667400 Y79.544000 Z-0.125000
G01 X41.840500 Y79.499000 Z-0.125000
G01 X42.070900 Y79.630000 Z-0.125000
G01 X55.900600 Y93.459000 Z-0.125000
G01 X56.134200 Y93.594000 Z-0.125000
G01 X56.314100 Y93.555000 Z-0.125000
G01 X56.374700 Y93.397000 Z-0.125000
G01 X56.250500 Y93.173000 Z-0.125000
G01 X42.391000 Y79.314000 Z-0.125000
G01 X42.259800 Y79.083000 Z-0.125000
G01 X42.305200 Y78.910000 Z-0.125000
G01 X42.469700 Y78.856000 Z-0.125000
G01 X42.696400 Y78.983000 Z-0.125000
G01 X56.941500 Y93.228000 Z-0.125000
G01 X57.525500 Y93.494000 Z-0.125000
G01 X57.703400 Y93.453000 Z-0.125000
G01 X57.632500 Y93.283000 Z-0.125000
G01 X42.977700 Y78.628000 Z-0.125000
G01 X42.837500 Y78.389000 Z-0.125000
G01 X42.863100 Y78.195000 Z-0.125000
G01 X43.007900 Y78.122000 Z-0.125000
G01 X43.225500 Y78.240000 Z-0.125000
G01 X58.323500 Y93.338000 Z-0.125000
G01 X58.907500 Y93.604000 Z-0.125000
G01 X59.085400 Y93.563000 Z-0.125000
G01 X59.014400 Y93.393000 Z-0.125000
G01 X43.413000 Y77.791000 Z-0.125000
G01 X43.206400 Y77.267000 Z-0.125000
G01 X43.288000 Y77.130000 Z-0.125000
G01 X43.476900 Y77.219000 Z-0.125000
G01 X59.705400 Y93.447000 Z-0.125000
G01 X60.289400 Y93.713000 Z-0.125000
G01 X60.467300 Y93.673000 Z-0.125000
G01 X60.396400 Y93.502000 Z-0.125000
G01 X43.401100 Y76.507000 Z-0.125000
G01 X43.138600 Y75.927000 Z-0.125000
G01 X43.181800 Y75.751000 Z-0.125000
G01 X43.353200 Y75.823000 Z-0.125000
G01 X61.076800 Y93.547000 Z-0.125000
G01 X61.648200 Y93.800000 Z-0.125000
G01 X61.817400 Y93.751000 Z-0.125000
G01 X61.742500 Y93.576000 Z-0.125000
G01 X43.367800 Y75.202000 Z-0.125000
G01 X43.149300 Y74.665000 Z-0.125000
G01 X43.222700 Y74.520000 Z-0.125000
G01 X43.407900 Y74.606000 Z-0.125000
G01 X62.393200 Y93.591000 Z-0.125000
G01 X62.949400 Y93.829000 Z-0.125000
G01 X63.108200 Y93.769000 Z-0.125000
G01 X63.028500 Y93.590000 Z-0.125000
G01 X43.468500 Y74.030000 Z-0.125000
G01 X43.265800 Y73.509000 Z-0.125000
G01 X43.350100 Y73.375000 Z-0.125000
G01 X43.540200 Y73.466000 Z-0.125000
G01 X63.642700 Y93.568000 Z-0.125000
G01 X64.180500 Y93.788000 Z-0.125000
G01 X64.326600 Y93.715000 Z-0.125000
G01 X64.241200 Y93.531000 Z-0.125000
G01 X43.621000 Y72.910000 Z-0.125000
G01 X43.426500 Y72.398000 Z-0.125000
G01 X43.516400 Y72.269000 Z-0.125000
G01 X43.709100 Y72.362000 Z-0.125000
G01 X64.820500 Y93.474000 Z-0.125000
G01 X65.341200 Y93.676000 Z-0.125000
G01 X65.475600 Y93.592000 Z-0.125000
G01 X65.384900 Y93.402000 Z-0.125000
G01 X43.808400 Y71.826000 Z-0.125000
G01 X43.622100 Y71.321000 Z-0.125000
G01 X43.717600 Y71.198000 Z-0.125000
G01 X43.912800 Y71.294000 Z-0.125000
G01 X65.930700 Y93.312000 Z-0.125000
G01 X66.436800 Y93.500000 Z-0.125000
G01 X66.561100 Y93.405000 Z-0.125000
G01 X66.465800 Y93.211000 Z-0.125000
G01 X44.022100 Y70.767000 Z-0.125000
G01 X43.843200 Y70.270000 Z-0.125000
G01 X43.943800 Y70.152000 Z-0.125000
G01 X44.141400 Y70.250000 Z-0.125000
G01 X66.978000 Y93.087000 Z-0.125000
G01 X67.467200 Y93.258000 Z-0.125000
G01 X67.580000 Y93.152000 Z-0.125000
G01 X67.479400 Y92.952000 Z-0.125000
G01 X44.265100 Y69.738000 Z-0.125000
G01 X44.090700 Y69.245000 Z-0.125000
G01 X44.194500 Y69.130000 Z-0.125000
G01 X44.393400 Y69.230000 Z-0.125000
G01 X67.968800 Y92.805000 Z-0.125000
G01 X68.221900 Y92.959000 Z-0.125000
G01 X68.444800 Y92.963000 Z-0.125000
G01 X68.548400 Y92.848000 Z-0.125000
G01 X68.443700 Y92.644000 Z-0.125000
G01 X44.533200 Y68.734000 Z-0.125000
G01 X44.367000 Y68.249000 Z-0.125000
G01 X44.476300 Y68.140000 Z-0.125000
G01 X44.677800 Y68.242000 Z-0.125000
G01 X68.907600 Y92.472000 Z-0.125000
G01 X69.157300 Y92.622000 Z-0.125000
G01 X69.372900 Y92.619000 Z-0.125000
G01 X69.469100 Y92.497000 Z-0.125000
G01 X69.361100 Y92.289000 Z-0.125000
G01 X44.828800 Y67.757000 Z-0.125000
G01 X44.675700 Y67.505000 Z-0.125000
G01 X44.672800 Y67.283000 Z-0.125000
G01 X44.789200 Y67.181000 Z-0.125000
G01 X44.993900 Y67.286000 Z-0.125000
G01 X69.804800 Y92.097000 Z-0.125000
G01 X70.051500 Y92.244000 Z-0.125000
G01 X70.260200 Y92.234000 Z-0.125000
G01 X70.349600 Y92.105000 Z-0.125000
G01 X70.238400 Y91.895000 Z-0.125000
G01 X45.168600 Y66.825000 Z-0.125000
G01 X45.018800 Y66.576000 Z-0.125000
G01 X45.023300 Y66.361000 Z-0.125000
G01 X45.146900 Y66.266000 Z-0.125000
G01 X45.355000 Y66.375000 Z-0.125000
G01 X70.662700 Y91.683000 Z-0.125000
G01 X70.906800 Y91.827000 Z-0.125000
G01 X71.109900 Y91.812000 Z-0.125000
G01 X71.193800 Y91.677000 Z-0.125000
G01 X71.080100 Y91.464000 Z-0.125000
G01 X45.562800 Y65.947000 Z-0.125000
G01 X45.418600 Y65.703000 Z-0.125000
G01 X45.435500 Y65.501000 Z-0.125000
G01 X45.571600 Y65.419000 Z-0.125000
G01 X45.785200 Y65.533000 Z-0.125000
G01 X71.490700 Y91.239000 Z-0.125000
G01 X71.732900 Y91.381000 Z-0.125000
G01 X71.931800 Y91.362000 Z-0.125000
G01 X72.011400 Y91.222000 Z-0.125000
G01 X71.895800 Y91.008000 Z-0.125000
G01 X46.019800 Y65.132000 Z-0.125000
G01 X45.879200 Y64.892000 Z-0.125000
G01 X45.903600 Y64.697000 Z-0.125000
G01 X46.047300 Y64.622000 Z-0.125000
G01 X46.264500 Y64.740000 Z-0.125000
G01 X72.293100 Y90.769000 Z-0.125000
G01 X72.533600 Y90.910000 Z-0.125000
G01 X72.728700 Y90.886000 Z-0.125000
G01 X72.804600 Y90.744000 Z-0.125000
G01 X72.687300 Y90.527000 Z-0.125000
G01 X46.518200 Y64.358000 Z-0.125000
G01 X46.380300 Y64.120000 Z-0.125000
G01 X46.410900 Y63.932000 Z-0.125000
G01 X46.560800 Y63.864000 Z-0.125000
G01 X46.780700 Y63.984000 Z-0.125000
G01 X73.074500 Y90.278000 Z-0.125000
G01 X73.312800 Y90.417000 Z-0.125000
G01 X73.503300 Y90.389000 Z-0.125000
G01 X73.574500 Y90.241000 Z-0.125000
G01 X73.455000 Y90.022000 Z-0.125000
G01 X47.051300 Y63.619000 Z-0.125000
G01 X46.915900 Y63.384000 Z-0.125000
G01 X46.952000 Y63.201000 Z-0.125000
G01 X47.107400 Y63.138000 Z-0.125000
G01 X47.329800 Y63.261000 Z-0.125000
G01 X73.828900 Y89.760000 Z-0.125000
G01 X74.065100 Y89.897000 Z-0.125000
G01 X74.250900 Y89.864000 Z-0.125000
G01 X74.317400 Y89.712000 Z-0.125000
G01 X74.195800 Y89.491000 Z-0.125000
G01 X47.618400 Y62.914000 Z-0.125000
G01 X47.485600 Y62.681000 Z-0.125000
G01 X47.527600 Y62.505000 Z-0.125000
G01 X47.688900 Y62.447000 Z-0.125000
G01 X47.914000 Y62.573000 Z-0.125000
G01 X74.555600 Y89.215000 Z-0.125000
G01 X74.789300 Y89.349000 Z-0.125000
G01 X74.969500 Y89.310000 Z-0.125000
G01 X75.030400 Y89.153000 Z-0.125000
G01 X74.906300 Y88.929000 Z-0.125000
G01 X48.216600 Y62.240000 Z-0.125000
G01 X48.086100 Y62.010000 Z-0.125000
G01 X48.132800 Y61.838000 Z-0.125000
G01 X48.298800 Y61.785000 Z-0.125000
G01 X48.526000 Y61.913000 Z-0.125000
G01 X75.249400 Y88.636000 Z-0.125000
G01 X75.480700 Y88.768000 Z-0.125000
G01 X75.655600 Y88.724000 Z-0.125000
G01 X75.711200 Y88.561000 Z-0.125000
G01 X75.584700 Y88.335000 Z-0.125000
G01 X69.105500 Y81.856000 Z-0.125000
G01 X69.007600 Y81.659000 Z-0.125000
G01 X69.126300 Y81.559000 Z-0.125000
G01 X69.624100 Y81.739000 Z-0.125000
G01 X75.911800 Y88.026000 Z-0.125000
G01 X76.140600 Y88.156000 Z-0.125000
G01 X76.309800 Y88.106000 Z-0.125000
G01 X76.359800 Y87.938000 Z-0.125000
G01 X76.230700 Y87.709000 Z-0.125000
G01 X70.021600 Y81.500000 Z-0.125000
G01 X69.902200 Y81.281000 Z-0.125000
G01 X69.973600 Y81.134000 Z-0.125000
G01 X70.164200 Y81.106000 Z-0.125000
G01 X70.402600 Y81.245000 Z-0.125000
G01 X76.541100 Y87.384000 Z-0.125000
G01 X76.767100 Y87.510000 Z-0.125000
G01 X76.930500 Y87.455000 Z-0.125000
G01 X76.974600 Y87.280000 Z-0.125000
G01 X76.842800 Y87.049000 Z-0.125000
G01 X70.773800 Y80.980000 Z-0.125000
G01 X70.652000 Y80.759000 Z-0.125000
G01 X70.717900 Y80.606000 Z-0.125000
G01 X70.903000 Y80.573000 Z-0.125000
G01 X71.139000 Y80.709000 Z-0.125000
G01 X77.135500 Y86.706000 Z-0.125000
G01 X77.358600 Y86.829000 Z-0.125000
G01 X77.515400 Y86.768000 Z-0.125000
G01 X77.552900 Y86.586000 Z-0.125000
G01 X77.418200 Y86.352000 Z-0.125000
G01 X71.499800 Y80.434000 Z-0.125000
G01 X71.376200 Y80.211000 Z-0.125000
G01 X71.438500 Y80.055000 Z-0.125000
G01 X71.620000 Y80.017000 Z-0.125000
G01 X71.854300 Y80.152000 Z-0.125000
G01 X77.691800 Y85.990000 Z-0.125000
G01 X77.912000 Y86.111000 Z-0.125000
G01 X78.062500 Y86.043000 Z-0.125000
G01 X78.093800 Y85.855000 Z-0.125000
G01 X77.956200 Y85.618000 Z-0.125000
G01 X72.208900 Y79.871000 Z-0.125000
G01 X72.084900 Y79.647000 Z-0.125000
G01 X72.146200 Y79.490000 Z-0.125000
G01 X72.326700 Y79.452000 Z-0.125000
G01 X72.560600 Y79.586000 Z-0.125000
G01 X78.211400 Y85.237000 Z-0.125000
G01 X78.428700 Y85.355000 Z-0.125000
G01 X78.572900 Y85.281000 Z-0.125000
G01 X78.597800 Y85.087000 Z-0.125000
G01 X78.457300 Y84.847000 Z-0.125000
G01 X72.908300 Y79.298000 Z-0.125000
G01 X72.783700 Y79.074000 Z-0.125000
G01 X72.843500 Y78.915000 Z-0.125000
G01 X73.022700 Y78.876000 Z-0.125000
G01 X73.255900 Y79.010000 Z-0.125000
G01 X78.693800 Y84.447000 Z-0.125000
G01 X78.908200 Y84.562000 Z-0.125000
G01 X79.046000 Y84.482000 Z-0.125000
G01 X79.064400 Y84.281000 Z-0.125000
G01 X78.921000 Y84.039000 Z-0.125000
G01 X73.600800 Y78.718000 Z-0.125000
G01 X73.475300 Y78.493000 Z-0.125000
G01 X73.533200 Y78.333000 Z-0.125000
G01 X73.710300 Y78.291000 Z-0.125000
G01 X73.942600 Y78.424000 Z-0.125000
G01 X79.138900 Y83.620000 Z-0.125000
G01 X79.350500 Y83.733000 Z-0.125000
G01 X79.482000 Y83.645000 Z-0.125000
G01 X79.494300 Y83.439000 Z-0.125000
G01 X79.348100 Y83.193000 Z-0.125000
G01 X74.284300 Y78.130000 Z-0.125000
G01 X74.158500 Y77.904000 Z-0.125000
G01 X74.215900 Y77.743000 Z-0.125000
G01 X74.392500 Y77.701000 Z-0.125000
G01 X74.624600 Y77.834000 Z-0.125000
G01 X79.546200 Y82.755000 Z-0.125000
G01 X79.754600 Y82.864000 Z-0.125000
G01 X79.879200 Y82.770000 Z-0.125000
G01 X79.884500 Y82.557000 Z-0.125000
G01 X79.735100 Y82.308000 Z-0.125000
G01 X74.960700 Y77.534000 Z-0.125000
G01 X74.834300 Y77.308000 Z-0.125000
G01 X74.890300 Y77.145000 Z-0.125000
G01 X75.065500 Y77.102000 Z-0.125000
G01 X75.296900 Y77.234000 Z-0.125000
G01 X79.915000 Y81.852000 Z-0.125000
G01 X80.120600 Y81.958000 Z-0.125000
G01 X80.239000 Y81.858000 Z-0.125000
G01 X80.238100 Y81.638000 Z-0.125000
G01 X80.085900 Y81.387000 Z-0.125000
G01 X75.633000 Y76.934000 Z-0.125000
G01 X75.506500 Y76.708000 Z-0.125000
G01 X75.562200 Y76.545000 Z-0.125000
G01 X75.737100 Y76.501000 Z-0.125000
G01 X75.968400 Y76.633000 Z-0.125000
G01 X80.248000 Y80.913000 Z-0.125000
G01 X80.450900 Y81.016000 Z-0.125000
G01 X80.563200 Y80.910000 Z-0.125000
G01 X80.401400 Y80.430000 Z-0.125000
G01 X76.303600 Y76.332000 Z-0.125000
G01 X76.177100 Y76.106000 Z-0.125000
G01 X76.232700 Y75.943000 Z-0.125000
G01 X76.407500 Y75.900000 Z-0.125000
G01 X76.638800 Y76.031000 Z-0.125000
G01 X80.546400 Y79.939000 Z-0.125000
G01 X80.746600 Y80.040000 Z-0.125000
G01 X80.853200 Y79.928000 Z-0.125000
G01 X80.683000 Y79.440000 Z-0.125000
G01 X76.977200 Y75.734000 Z-0.125000
G01 X76.851400 Y75.509000 Z-0.125000
G01 X76.908700 Y75.347000 Z-0.125000
G01 X77.085200 Y75.305000 Z-0.125000
G01 X77.317300 Y75.438000 Z-0.125000
G01 X80.811700 Y78.932000 Z-0.125000
G01 X81.009200 Y79.030000 Z-0.125000
G01 X81.109800 Y78.912000 Z-0.125000
G01 X80.930900 Y78.415000 Z-0.125000
G01 X77.657300 Y75.142000 Z-0.125000
G01 X77.532400 Y74.917000 Z-0.125000
G01 X77.591600 Y74.758000 Z-0.125000
G01 X77.770100 Y74.718000 Z-0.125000
G01 X78.003100 Y74.851000 Z-0.125000
G01 X81.042500 Y77.891000 Z-0.125000
G01 X81.237600 Y77.986000 Z-0.125000
G01 X81.333100 Y77.863000 Z-0.125000
G01 X81.146600 Y77.359000 Z-0.125000
G01 X78.350100 Y74.562000 Z-0.125000
G01 X78.225900 Y74.339000 Z-0.125000
G01 X78.286400 Y74.180000 Z-0.125000
G01 X78.466200 Y74.142000 Z-0.125000
G01 X78.699700 Y74.276000 Z-0.125000
G01 X81.243600 Y76.820000 Z-0.125000
G01 X81.436500 Y76.913000 Z-0.125000
G01 X81.527100 Y76.785000 Z-0.125000
G01 X81.333600 Y76.274000 Z-0.125000
G01 X79.055600 Y73.996000 Z-0.125000
G01 X78.933400 Y73.774000 Z-0.125000
G01 X78.998300 Y73.620000 Z-0.125000
G01 X79.182600 Y73.586000 Z-0.125000
G01 X79.418100 Y73.722000 Z-0.125000
G01 X81.417700 Y75.722000 Z-0.125000
G01 X81.607800 Y75.812000 Z-0.125000
G01 X81.692000 Y75.678000 Z-0.125000
G01 X81.489200 Y75.157000 Z-0.125000
G01 X79.789500 Y73.457000 Z-0.125000
G01 X79.670500 Y73.239000 Z-0.125000
G01 X79.742800 Y73.092000 Z-0.125000
G01 X79.934400 Y73.065000 Z-0.125000
G01 X80.173200 Y73.205000 Z-0.125000
G01 X81.554100 Y74.586000 Z-0.125000
G01 X81.739700 Y74.672000 Z-0.125000
G01 X81.813900 Y74.527000 Z-0.125000
G01 X81.596700 Y73.992000 Z-0.125000
G01 X80.574600 Y72.970000 Z-0.125000
G01 X80.464600 Y72.761000 Z-0.125000
G01 X80.556500 Y72.634000 Z-0.125000
G01 X80.767700 Y72.626000 Z-0.125000
G01 X81.015500 Y72.775000 Z-0.125000
G01 X81.653500 Y73.413000 Z-0.125000
G01 X81.803600 Y73.464000 Z-0.125000
G01 X81.825100 Y73.266000 Z-0.125000
G01 X81.555800 Y72.679000 Z-0.125000
G01 X81.335300 Y72.459000 Z-0.125000
G00 Z5.000000

(End cutting path id: path8334)


(Start cutting path id: path8334)
(Change tool to Default tool)

G00 Z5.000000
G00 X103.608000 Y73.141000

G01 Z-0.125000 F100.0(Penetrate)
G01 X103.608000 Y82.109000 Z-0.125000 F400.000000
G01 X108.402000 Y82.034000 Z-0.125000
G01 X112.635000 Y81.909000 Z-0.125000
G01 X113.508000 Y81.773000 Z-0.125000
G01 X114.149000 Y81.537000 Z-0.125000
G01 X114.958000 Y81.065000 Z-0.125000
G01 X115.733000 Y80.407000 Z-0.125000
G01 X116.396000 Y79.640000 Z-0.125000
G01 X116.870000 Y78.841000 Z-0.125000
G01 X117.112000 Y77.898000 Z-0.125000
G01 X117.197000 Y76.409000 Z-0.125000
G01 X117.127000 Y74.802000 Z-0.125000
G01 X116.740000 Y73.669000 Z-0.125000
G01 X115.723000 Y72.141000 Z-0.125000
G01 X114.315000 Y71.062000 Z-0.125000
G01 X113.180000 Y70.716000 Z-0.125000
G01 X110.501000 Y70.597000 Z-0.125000
G01 X107.443000 Y70.535000 Z-0.125000
G01 X107.443000 Y67.355000 Z-0.125000
G01 X107.443000 Y64.174000 Z-0.125000
G01 X105.526000 Y64.174000 Z-0.125000
G01 X103.608000 Y64.174000 Z-0.125000
G01 X103.608000 Y73.141000 Z-0.125000
G00 Z5.000000

(End cutting path id: path8334)


(Start cutting path id: path8334)
(Change tool to Default tool)

G00 Z5.000000
G00 X103.741000 Y74.509000

G01 Z-0.125000 F100.0(Penetrate)
G01 X107.072000 Y77.840000 Z-0.125000 F400.000000
G01 X107.251000 Y77.920000 Z-0.125000
G01 X107.311000 Y77.761000 Z-0.125000
G01 X107.072000 Y77.204000 Z-0.125000
G01 X103.979000 Y74.111000 Z-0.125000
G01 X103.734000 Y73.548000 Z-0.125000
G01 X103.790000 Y73.385000 Z-0.125000
G01 X103.967000 Y73.463000 Z-0.125000
G01 X107.072000 Y76.568000 Z-0.125000
G01 X107.251000 Y76.647000 Z-0.125000
G01 X107.311000 Y76.488000 Z-0.125000
G01 X107.072000 Y75.932000 Z-0.125000
G01 X103.979000 Y72.839000 Z-0.125000
G01 X103.741000 Y72.282000 Z-0.125000
G01 X103.800000 Y72.123000 Z-0.125000
G01 X103.979000 Y72.203000 Z-0.125000
G01 X107.072000 Y75.296000 Z-0.125000
G01 X107.251000 Y75.375000 Z-0.125000
G01 X107.311000 Y75.216000 Z-0.125000
G01 X107.072000 Y74.660000 Z-0.125000
G01 X103.979000 Y71.567000 Z-0.125000
G01 X103.741000 Y71.010000 Z-0.125000
G01 X103.800000 Y70.851000 Z-0.125000
G01 X103.979000 Y70.931000 Z-0.125000
G01 X107.072000 Y74.024000 Z-0.125000
G01 X107.251000 Y74.103000 Z-0.125000
G01 X107.311000 Y73.944000 Z-0.125000
G01 X107.072000 Y73.387000 Z-0.125000
G01 X103.979000 Y70.294000 Z-0.125000
G01 X103.741000 Y69.738000 Z-0.125000
G01 X103.800000 Y69.579000 Z-0.125000
G01 X103.979000 Y69.658000 Z-0.125000
G01 X107.594000 Y73.273000 Z-0.125000
G01 X108.161000 Y73.522000 Z-0.125000
G01 X108.328000 Y73.470000 Z-0.125000
G01 X108.252000 Y73.295000 Z-0.125000
G01 X103.979000 Y69.022000 Z-0.125000
G01 X103.741000 Y68.466000 Z-0.125000
G01 X103.800000 Y68.307000 Z-0.125000
G01 X103.979000 Y68.386000 Z-0.125000
G01 X108.910000 Y73.317000 Z-0.125000
G01 X109.478000 Y73.567000 Z-0.125000
G01 X109.645000 Y73.516000 Z-0.125000
G01 X109.569000 Y73.340000 Z-0.125000
G01 X103.979000 Y67.750000 Z-0.125000
G01 X103.741000 Y67.193000 Z-0.125000
G01 X103.800000 Y67.034000 Z-0.125000
G01 X103.979000 Y67.114000 Z-0.125000
G01 X110.238000 Y73.373000 Z-0.125000
G01 X110.824000 Y73.641000 Z-0.125000
G01 X111.003000 Y73.601000 Z-0.125000
G01 X110.932000 Y73.431000 Z-0.125000
G01 X108.422000 Y70.921000 Z-0.125000
G01 X108.345000 Y70.744000 Z-0.125000
G01 X108.508000 Y70.689000 Z-0.125000
G01 X109.071000 Y70.934000 Z-0.125000
G01 X111.937000 Y73.800000 Z-0.125000
G00 Z5.000000

(End cutting path id: path8334)


(Start cutting path id: path8334)
(Change tool to Default tool)

G00 Z5.000000
G00 X112.342000 Y74.099000

G01 Z-0.125000 F100.0(Penetrate)
G01 X112.854000 Y74.507000 Z-0.125000 F400.000000
G01 X113.216000 Y75.080000 Z-0.125000
G01 X113.409000 Y75.778000 Z-0.125000
G01 X113.417000 Y76.561000 Z-0.125000
G01 X113.119000 Y77.621000 Z-0.125000
G01 X112.424000 Y78.295000 Z-0.125000
G01 X111.201000 Y78.653000 Z-0.125000
G01 X109.315000 Y78.768000 Z-0.125000
G01 X107.443000 Y78.782000 Z-0.125000
G01 X107.443000 Y76.206000 Z-0.125000
G01 X107.443000 Y73.631000 Z-0.125000
G01 X109.588000 Y73.703000 Z-0.125000
G01 X111.396000 Y73.830000 Z-0.125000
G01 X112.342000 Y74.099000 Z-0.125000
G01 X112.342000 Y74.099000 Z-0.125000
G00 Z5.000000

(End cutting path id: path8334)


(Start cutting path id: path8334)
(Change tool to Default tool)

G00 Z5.000000
G00 X109.483000 Y70.709000

G01 Z-0.125000 F100.0(Penetrate)
G01 X116.697000 Y77.923000 Z-0.125000 F400.000000
G01 X116.888000 Y78.015000 Z-0.125000
G01 X116.974000 Y77.882000 Z-0.125000
G01 X116.774000 Y77.364000 Z-0.125000
G01 X110.370000 Y70.961000 Z-0.125000
G01 X110.293000 Y70.784000 Z-0.125000
G01 X110.457000 Y70.729000 Z-0.125000
G01 X111.021000 Y70.975000 Z-0.125000
G01 X116.812000 Y76.766000 Z-0.125000
G01 X116.993000 Y76.848000 Z-0.125000
G01 X117.058000 Y76.694000 Z-0.125000
G01 X116.827000 Y76.145000 Z-0.125000
G01 X111.672000 Y70.990000 Z-0.125000
G01 X111.596000 Y70.814000 Z-0.125000
G01 X111.762000 Y70.762000 Z-0.125000
G01 X112.330000 Y71.012000 Z-0.125000
G01 X116.824000 Y75.506000 Z-0.125000
G01 X116.998000 Y75.581000 Z-0.125000
G01 X117.047000 Y75.411000 Z-0.125000
G01 X116.793000 Y74.839000 Z-0.125000
G01 X113.001000 Y71.047000 Z-0.125000
G01 X112.936000 Y70.882000 Z-0.125000
G01 X113.126000 Y70.854000 Z-0.125000
G01 X113.728000 Y71.138000 Z-0.125000
G01 X116.612000 Y74.021000 Z-0.125000
G01 X116.720000 Y74.030000 Z-0.125000
G01 X116.625000 Y73.717000 Z-0.125000
G01 X116.161000 Y72.935000 Z-0.125000
G01 X114.398000 Y71.171000 Z-0.125000
G00 Z5.000000

(End cutting path id: path8334)


(Start cutting path id: path8334)
(Change tool to Default tool)

G00 Z5.000000
G00 X116.258000 Y64.494000

G01 Z-0.125000 F100.0(Penetrate)
G01 X120.360000 Y76.094000 Z-0.125000 F400.000000
G01 X122.497000 Y82.080000 Z-0.125000
G01 X124.679000 Y82.029000 Z-0.125000
G01 X126.862000 Y81.978000 Z-0.125000
G01 X129.930000 Y73.304000 Z-0.125000
G01 X133.002000 Y64.402000 Z-0.125000
G01 X132.551000 Y64.225000 Z-0.125000
G01 X130.953000 Y64.175000 Z-0.125000
G01 X128.899000 Y64.176000 Z-0.125000
G01 X128.351000 Y66.004000 Z-0.125000
G01 X127.803000 Y67.832000 Z-0.125000
G01 X124.625000 Y67.783000 Z-0.125000
G01 X121.448000 Y67.735000 Z-0.125000
G01 X120.811000 Y65.954000 Z-0.125000
G01 X120.175000 Y64.174000 Z-0.125000
G01 X118.170000 Y64.174000 Z-0.125000
G01 X116.499000 Y64.225000 Z-0.125000
G01 X116.265000 Y64.321000 Z-0.125000
G01 X116.258000 Y64.493000 Z-0.125000
G01 X116.258000 Y64.494000 Z-0.125000
G00 Z5.000000

(End cutting path id: path8334)


(Start cutting path id: path8334)
(Change tool to Default tool)

G00 Z5.000000
G00 X121.914000 Y67.874000

G01 Z-0.125000 F100.0(Penetrate)
G01 X124.603000 Y70.563000 Z-0.125000 F400.000000
G01 X125.163000 Y70.805000 Z-0.125000
G01 X125.325000 Y70.748000 Z-0.125000
G01 X125.246000 Y70.570000 Z-0.125000
G01 X122.798000 Y68.123000 Z-0.125000
G01 X122.720000 Y67.945000 Z-0.125000
G01 X122.883000 Y67.889000 Z-0.125000
G01 X123.444000 Y68.133000 Z-0.125000
G01 X126.160000 Y70.848000 Z-0.125000
G00 Z5.000000

(End cutting path id: path8334)


(Start cutting path id: path8334)
(Change tool to Default tool)

G00 Z5.000000
G00 X126.612000 Y71.159000

G01 Z-0.125000 F100.0(Penetrate)
G01 X125.622000 Y74.491000 Z-0.125000 F400.000000
G01 X124.864000 Y76.698000 Z-0.125000
G01 X124.633000 Y77.209000 Z-0.125000
G01 X124.516000 Y77.288000 Z-0.125000
G01 X123.427000 Y73.956000 Z-0.125000
G01 X122.459000 Y70.931000 Z-0.125000
G01 X124.538000 Y70.931000 Z-0.125000
G01 X126.155000 Y70.981000 Z-0.125000
G01 X126.612000 Y71.159000 Z-0.125000
G01 X126.612000 Y71.159000 Z-0.125000
G00 Z5.000000

(End cutting path id: path8334)


(Start cutting path id: path8334)
(Change tool to Default tool)

G00 Z5.000000
G00 X123.852000 Y67.904000

G01 Z-0.125000 F100.0(Penetrate)
G01 X129.411000 Y73.463000 Z-0.125000 F400.000000
G01 X129.615000 Y73.568000 Z-0.125000
G01 X129.732000 Y73.466000 Z-0.125000
G01 X129.730000 Y73.245000 Z-0.125000
G01 X129.577000 Y72.993000 Z-0.125000
G01 X124.736000 Y68.152000 Z-0.125000
G01 X124.658000 Y67.975000 Z-0.125000
G01 X124.821000 Y67.919000 Z-0.125000
G01 X125.382000 Y68.162000 Z-0.125000
G01 X129.742000 Y72.523000 Z-0.125000
G01 X129.947000 Y72.628000 Z-0.125000
G01 X130.064000 Y72.526000 Z-0.125000
G01 X130.061000 Y72.304000 Z-0.125000
G01 X129.908000 Y72.052000 Z-0.125000
G01 X126.028000 Y68.172000 Z-0.125000
G01 X125.950000 Y67.995000 Z-0.125000
G01 X126.113000 Y67.939000 Z-0.125000
G01 X126.674000 Y68.182000 Z-0.125000
G01 X130.074000 Y71.582000 Z-0.125000
G01 X130.278000 Y71.687000 Z-0.125000
G01 X130.395000 Y71.585000 Z-0.125000
G01 X130.392000 Y71.364000 Z-0.125000
G01 X130.239000 Y71.111000 Z-0.125000
G01 X127.320000 Y68.192000 Z-0.125000
G01 X127.242000 Y68.015000 Z-0.125000
G01 X127.405000 Y67.959000 Z-0.125000
G01 X127.966000 Y68.202000 Z-0.125000
G01 X130.405000 Y70.641000 Z-0.125000
G01 X130.610000 Y70.746000 Z-0.125000
G01 X130.726000 Y70.644000 Z-0.125000
G01 X130.723000 Y70.423000 Z-0.125000
G01 X130.570000 Y70.170000 Z-0.125000
G01 X128.247000 Y67.847000 Z-0.125000
G01 X128.082000 Y67.364000 Z-0.125000
G01 X128.192000 Y67.255000 Z-0.125000
G01 X128.394000 Y67.357000 Z-0.125000
G01 X130.736000 Y69.700000 Z-0.125000
G01 X130.941000 Y69.805000 Z-0.125000
G01 X131.057000 Y69.702000 Z-0.125000
G01 X131.054000 Y69.481000 Z-0.125000
G01 X130.900000 Y69.228000 Z-0.125000
G01 X128.540000 Y66.868000 Z-0.125000
G01 X128.375000 Y66.385000 Z-0.125000
G01 X128.485000 Y66.276000 Z-0.125000
G01 X128.687000 Y66.379000 Z-0.125000
G01 X131.064000 Y68.756000 Z-0.125000
G01 X131.269000 Y68.861000 Z-0.125000
G01 X131.385000 Y68.759000 Z-0.125000
G01 X131.382000 Y68.537000 Z-0.125000
G01 X131.229000 Y68.284000 Z-0.125000
G01 X128.834000 Y65.889000 Z-0.125000
G01 X128.668000 Y65.406000 Z-0.125000
G01 X128.778000 Y65.297000 Z-0.125000
G01 X128.980000 Y65.400000 Z-0.125000
G01 X131.393000 Y67.812000 Z-0.125000
G01 X131.597000 Y67.917000 Z-0.125000
G01 X131.713000 Y67.815000 Z-0.125000
G01 X131.710000 Y67.593000 Z-0.125000
G01 X131.557000 Y67.340000 Z-0.125000
G01 X129.127000 Y64.910000 Z-0.125000
G01 X128.991000 Y64.675000 Z-0.125000
G01 X129.025000 Y64.490000 Z-0.125000
G01 X129.178000 Y64.425000 Z-0.125000
G01 X129.400000 Y64.547000 Z-0.125000
G01 X131.721000 Y66.868000 Z-0.125000
G01 X131.925000 Y66.973000 Z-0.125000
G01 X132.041000 Y66.870000 Z-0.125000
G01 X132.037000 Y66.647000 Z-0.125000
G01 X131.883000 Y66.394000 Z-0.125000
G01 X130.036000 Y64.547000 Z-0.125000
G01 X129.956000 Y64.368000 Z-0.125000
G01 X130.115000 Y64.308000 Z-0.125000
G01 X130.672000 Y64.547000 Z-0.125000
G01 X132.045000 Y65.920000 Z-0.125000
G01 X132.249000 Y66.025000 Z-0.125000
G01 X132.365000 Y65.921000 Z-0.125000
G01 X132.360000 Y65.699000 Z-0.125000
G01 X132.207000 Y65.446000 Z-0.125000
G01 X131.280000 Y64.519000 Z-0.125000
G01 X131.207000 Y64.346000 Z-0.125000
G01 X131.378000 Y64.299000 Z-0.125000
G01 X131.953000 Y64.556000 Z-0.125000
G01 X132.402000 Y65.005000 Z-0.125000
G01 X132.581000 Y65.084000 Z-0.125000
G01 X132.686000 Y64.971000 Z-0.125000
G01 X132.560000 Y64.527000 Z-0.125000
G01 X132.355000 Y64.321000 Z-0.125000
G00 Z5.000000

(End cutting path id: path8334)


(Start cutting path id: path8334)
(Change tool to Default tool)

G00 Z5.000000
G00 X139.279000 Y63.826000

G01 Z-0.125000 F100.0(Penetrate)
G01 X137.125000 Y64.455000 Z-0.125000 F400.000000
G01 X136.236000 Y64.936000 Z-0.125000
G01 X135.478000 Y65.525000 Z-0.125000
G01 X134.852000 Y66.216000 Z-0.125000
G01 X134.364000 Y67.009000 Z-0.125000
G01 X134.016000 Y67.899000 Z-0.125000
G01 X133.812000 Y68.882000 Z-0.125000
G01 X133.689000 Y69.848000 Z-0.125000
G01 X135.578000 Y69.795000 Z-0.125000
G01 X137.467000 Y69.743000 Z-0.125000
G01 X137.587000 Y69.154000 Z-0.125000
G01 X137.932000 Y68.226000 Z-0.125000
G01 X138.554000 Y67.566000 Z-0.125000
G01 X139.488000 Y67.151000 Z-0.125000
G01 X140.768000 Y66.955000 Z-0.125000
G01 X142.346000 Y67.018000 Z-0.125000
G01 X143.588000 Y67.398000 Z-0.125000
G01 X144.402000 Y68.047000 Z-0.125000
G01 X144.619000 Y68.459000 Z-0.125000
G01 X144.694000 Y68.920000 Z-0.125000
G01 X144.542000 Y69.752000 Z-0.125000
G01 X143.902000 Y70.365000 Z-0.125000
G01 X142.497000 Y70.918000 Z-0.125000
G01 X140.051000 Y71.567000 Z-0.125000
G01 X136.722000 Y72.580000 Z-0.125000
G01 X135.761000 Y73.106000 Z-0.125000
G01 X135.065000 Y73.733000 Z-0.125000
G01 X134.571000 Y74.415000 Z-0.125000
G01 X134.268000 Y75.163000 Z-0.125000
G01 X134.132000 Y76.068000 Z-0.125000
G01 X134.138000 Y77.224000 Z-0.125000
G01 X134.286000 Y78.403000 Z-0.125000
G01 X134.608000 Y79.382000 Z-0.125000
G01 X135.132000 Y80.217000 Z-0.125000
G01 X135.883000 Y80.964000 Z-0.125000
G01 X136.840000 Y81.622000 Z-0.125000
G01 X137.889000 Y82.042000 Z-0.125000
G01 X139.179000 Y82.264000 Z-0.125000
G01 X140.859000 Y82.329000 Z-0.125000
G01 X142.572000 Y82.261000 Z-0.125000
G01 X143.884000 Y82.025000 Z-0.125000
G01 X144.952000 Y81.578000 Z-0.125000
G01 X145.933000 Y80.873000 Z-0.125000
G01 X146.560000 Y80.172000 Z-0.125000
G01 X147.147000 Y79.232000 Z-0.125000
G01 X147.610000 Y78.213000 Z-0.125000
G01 X147.862000 Y77.276000 Z-0.125000
G01 X147.958000 Y76.591000 Z-0.125000
G01 X146.066000 Y76.591000 Z-0.125000
G01 X144.175000 Y76.591000 Z-0.125000
G01 X144.054000 Y77.143000 Z-0.125000
G01 X143.676000 Y78.022000 Z-0.125000
G01 X142.981000 Y78.647000 Z-0.125000
G01 X141.965000 Y79.021000 Z-0.125000
G01 X140.625000 Y79.146000 Z-0.125000
G01 X139.447000 Y79.021000 Z-0.125000
G01 X138.535000 Y78.665000 Z-0.125000
G01 X137.941000 Y78.110000 Z-0.125000
G01 X137.717000 Y77.384000 Z-0.125000
G01 X137.808000 Y76.535000 Z-0.125000
G01 X138.298000 Y75.950000 Z-0.125000
G01 X139.419000 Y75.476000 Z-0.125000
G01 X141.407000 Y74.959000 Z-0.125000
G01 X145.261000 Y73.906000 Z-0.125000
G01 X146.267000 Y73.426000 Z-0.125000
G01 X147.050000 Y72.828000 Z-0.125000
G01 X147.719000 Y72.125000 Z-0.125000
G01 X148.138000 Y71.393000 Z-0.125000
G01 X148.353000 Y70.516000 Z-0.125000
G01 X148.409000 Y69.378000 Z-0.125000
G01 X148.322000 Y68.340000 Z-0.125000
G01 X148.077000 Y67.397000 Z-0.125000
G01 X147.677000 Y66.551000 Z-0.125000
G01 X147.124000 Y65.805000 Z-0.125000
G01 X146.422000 Y65.163000 Z-0.125000
G01 X145.572000 Y64.628000 Z-0.125000
G01 X144.578000 Y64.202000 Z-0.125000
G01 X143.442000 Y63.890000 Z-0.125000
G01 X141.400000 Y63.661000 Z-0.125000
G01 X139.279000 Y63.826000 Z-0.125000
G01 X139.279000 Y63.826000 Z-0.125000
G00 Z5.000000

(End cutting path id: path8334)


(Start cutting path id: path8334)
(Change tool to Default tool)

G00 Z5.000000
G00 X141.369000 Y63.794000

G01 Z-0.125000 F100.0(Penetrate)
G01 X147.963000 Y70.388000 Z-0.125000 F400.000000
G01 X148.151000 Y70.476000 Z-0.125000
G01 X148.231000 Y70.338000 Z-0.125000
G01 X148.022000 Y69.811000 Z-0.125000
G01 X142.242000 Y64.031000 Z-0.125000
G01 X142.180000 Y63.869000 Z-0.125000
G01 X142.377000 Y63.848000 Z-0.125000
G01 X142.990000 Y64.142000 Z-0.125000
G01 X148.037000 Y69.190000 Z-0.125000
G01 X148.213000 Y69.266000 Z-0.125000
G01 X148.265000 Y69.100000 Z-0.125000
G01 X148.016000 Y68.532000 Z-0.125000
G01 X143.750000 Y64.266000 Z-0.125000
G01 X143.706000 Y64.123000 Z-0.125000
G01 X143.942000 Y64.140000 Z-0.125000
G01 X144.611000 Y64.492000 Z-0.125000
G01 X147.904000 Y67.784000 Z-0.125000
G01 X148.039000 Y67.820000 Z-0.125000
G01 X148.002000 Y67.564000 Z-0.125000
G01 X147.623000 Y66.867000 Z-0.125000
G01 X145.401000 Y64.646000 Z-0.125000
G00 Z5.000000

(End cutting path id: path8334)


(Start cutting path id: path8334)
(Change tool to Default tool)

G00 Z5.000000
G00 X149.446000 Y64.220000

G01 Z-0.125000 F100.0(Penetrate)
G01 X152.611000 Y73.122000 Z-0.125000 F400.000000
G01 X155.771000 Y81.978000 Z-0.125000
G01 X157.964000 Y82.029000 Z-0.125000
G01 X160.158000 Y82.080000 Z-0.125000
G01 X163.187000 Y73.447000 Z-0.125000
G01 X166.339000 Y64.494000 Z-0.125000
G01 X166.349000 Y64.321000 Z-0.125000
G01 X166.113000 Y64.224000 Z-0.125000
G01 X164.348000 Y64.175000 Z-0.125000
G01 X162.234000 Y64.175000 Z-0.125000
G01 X161.667000 Y66.001000 Z-0.125000
G01 X161.100000 Y67.827000 Z-0.125000
G01 X157.942000 Y67.827000 Z-0.125000
G01 X154.784000 Y67.827000 Z-0.125000
G01 X154.317000 Y66.503000 Z-0.125000
G01 X153.726000 Y64.677000 Z-0.125000
G01 X153.602000 Y64.175000 Z-0.125000
G01 X151.522000 Y64.175000 Z-0.125000
G01 X149.446000 Y64.220000 Z-0.125000
G01 X149.446000 Y64.220000 Z-0.125000
G00 Z5.000000

(End cutting path id: path8334)


(Start cutting path id: path8334)
(Change tool to Default tool)

G00 Z5.000000
G00 X157.622000 Y67.959000

G01 Z-0.125000 F100.0(Penetrate)
G01 X162.826000 Y73.163000 Z-0.125000 F400.000000
G01 X163.030000 Y73.268000 Z-0.125000
G01 X163.147000 Y73.166000 Z-0.125000
G01 X163.144000 Y72.944000 Z-0.125000
G01 X162.991000 Y72.692000 Z-0.125000
G01 X158.497000 Y68.197000 Z-0.125000
G01 X158.417000 Y68.018000 Z-0.125000
G01 X158.576000 Y67.959000 Z-0.125000
G01 X159.133000 Y68.197000 Z-0.125000
G01 X163.157000 Y72.221000 Z-0.125000
G01 X163.361000 Y72.327000 Z-0.125000
G01 X163.478000 Y72.224000 Z-0.125000
G01 X163.475000 Y72.003000 Z-0.125000
G01 X163.322000 Y71.751000 Z-0.125000
G01 X159.769000 Y68.197000 Z-0.125000
G01 X159.689000 Y68.018000 Z-0.125000
G01 X159.848000 Y67.959000 Z-0.125000
G01 X160.405000 Y68.197000 Z-0.125000
G01 X163.487000 Y71.280000 Z-0.125000
G01 X163.692000 Y71.385000 Z-0.125000
G01 X163.809000 Y71.283000 Z-0.125000
G01 X163.806000 Y71.062000 Z-0.125000
G01 X163.653000 Y70.809000 Z-0.125000
G01 X161.041000 Y68.197000 Z-0.125000
G01 X160.933000 Y67.990000 Z-0.125000
G01 X161.029000 Y67.867000 Z-0.125000
G01 X161.244000 Y67.864000 Z-0.125000
G01 X161.494000 Y68.014000 Z-0.125000
G01 X163.818000 Y70.338000 Z-0.125000
G01 X164.023000 Y70.444000 Z-0.125000
G01 X164.139000 Y70.342000 Z-0.125000
G01 X164.137000 Y70.120000 Z-0.125000
G01 X163.983000 Y69.868000 Z-0.125000
G01 X161.645000 Y67.529000 Z-0.125000
G01 X161.482000 Y67.048000 Z-0.125000
G01 X161.593000 Y66.941000 Z-0.125000
G01 X161.796000 Y67.044000 Z-0.125000
G01 X164.149000 Y69.397000 Z-0.125000
G01 X164.354000 Y69.502000 Z-0.125000
G01 X164.470000 Y69.400000 Z-0.125000
G01 X164.467000 Y69.179000 Z-0.125000
G01 X164.314000 Y68.926000 Z-0.125000
G01 X161.946000 Y66.558000 Z-0.125000
G01 X161.783000 Y66.077000 Z-0.125000
G01 X161.895000 Y65.970000 Z-0.125000
G01 X162.097000 Y66.073000 Z-0.125000
G01 X164.480000 Y68.456000 Z-0.125000
G01 X164.684000 Y68.561000 Z-0.125000
G01 X164.801000 Y68.459000 Z-0.125000
G01 X164.798000 Y68.237000 Z-0.125000
G01 X164.645000 Y67.985000 Z-0.125000
G01 X162.248000 Y65.588000 Z-0.125000
G01 X162.085000 Y65.107000 Z-0.125000
G01 X162.196000 Y64.999000 Z-0.125000
G01 X162.399000 Y65.102000 Z-0.125000
G01 X164.810000 Y67.514000 Z-0.125000
G01 X165.015000 Y67.620000 Z-0.125000
G01 X165.132000 Y67.517000 Z-0.125000
G01 X165.129000 Y67.296000 Z-0.125000
G01 X164.976000 Y67.043000 Z-0.125000
G01 X162.549000 Y64.617000 Z-0.125000
G01 X162.459000 Y64.427000 Z-0.125000
G01 X162.593000 Y64.343000 Z-0.125000
G01 X163.114000 Y64.545000 Z-0.125000
G01 X165.142000 Y66.573000 Z-0.125000
G01 X165.347000 Y66.679000 Z-0.125000
G01 X165.464000 Y66.577000 Z-0.125000
G01 X165.461000 Y66.356000 Z-0.125000
G01 X165.308000 Y66.104000 Z-0.125000
G01 X163.750000 Y64.545000 Z-0.125000
G01 X163.670000 Y64.366000 Z-0.125000
G01 X163.829000 Y64.307000 Z-0.125000
G01 X164.386000 Y64.545000 Z-0.125000
G01 X165.474000 Y65.634000 Z-0.125000
G01 X165.679000 Y65.739000 Z-0.125000
G01 X165.796000 Y65.637000 Z-0.125000
G01 X165.794000 Y65.416000 Z-0.125000
G01 X165.641000 Y65.164000 Z-0.125000
G01 X165.025000 Y64.549000 Z-0.125000
G01 X164.947000 Y64.371000 Z-0.125000
G01 X165.107000 Y64.313000 Z-0.125000
G01 X165.666000 Y64.554000 Z-0.125000
G01 X165.992000 Y64.880000 Z-0.125000
G01 X166.128000 Y64.698000 Z-0.125000
G01 X166.158000 Y64.410000 Z-0.125000
G01 X166.105000 Y64.357000 Z-0.125000
G00 Z5.000000

(End cutting path id: path8334)


(Start cutting path id: path8334)
(Change tool to Default tool)

G00 Z5.000000
G00 X168.615000 Y73.111000

G01 Z-0.125000 F100.0(Penetrate)
G01 X168.615000 Y82.069000 Z-0.125000 F400.000000
G01 X172.495000 Y82.066000 Z-0.125000
G01 X176.124000 Y81.989000 Z-0.125000
G01 X178.531000 Y81.703000 Z-0.125000
G01 X180.153000 Y81.112000 Z-0.125000
G01 X181.426000 Y80.122000 Z-0.125000
G01 X182.113000 Y79.317000 Z-0.125000
G01 X182.686000 Y78.373000 Z-0.125000
G01 X183.141000 Y77.309000 Z-0.125000
G01 X183.474000 Y76.144000 Z-0.125000
G01 X183.756000 Y73.579000 Z-0.125000
G01 X183.500000 Y70.825000 Z-0.125000
G01 X182.920000 Y68.833000 Z-0.125000
G01 X182.018000 Y67.119000 Z-0.125000
G01 X180.834000 Y65.744000 Z-0.125000
G01 X179.411000 Y64.771000 Z-0.125000
G01 X178.384000 Y64.266000 Z-0.125000
G01 X173.499000 Y64.210000 Z-0.125000
G01 X168.615000 Y64.153000 Z-0.125000
G01 X168.615000 Y73.111000 Z-0.125000
G00 Z5.000000

(End cutting path id: path8334)


(Start cutting path id: path8334)
(Change tool to Default tool)

G00 Z5.000000
G00 X168.749000 Y74.633000

G01 Z-0.125000 F100.0(Penetrate)
G01 X172.081000 Y77.964000 Z-0.125000 F400.000000
G01 X172.260000 Y78.044000 Z-0.125000
G01 X172.319000 Y77.885000 Z-0.125000
G01 X172.081000 Y77.328000 Z-0.125000
G01 X168.988000 Y74.235000 Z-0.125000
G01 X168.749000 Y73.679000 Z-0.125000
G01 X168.809000 Y73.520000 Z-0.125000
G01 X168.988000 Y73.599000 Z-0.125000
G01 X172.081000 Y76.692000 Z-0.125000
G01 X172.260000 Y76.772000 Z-0.125000
G01 X172.319000 Y76.613000 Z-0.125000
G01 X172.081000 Y76.056000 Z-0.125000
G01 X168.988000 Y72.963000 Z-0.125000
G01 X168.749000 Y72.407000 Z-0.125000
G01 X168.809000 Y72.247000 Z-0.125000
G01 X168.988000 Y72.327000 Z-0.125000
G01 X172.081000 Y75.420000 Z-0.125000
G01 X172.260000 Y75.500000 Z-0.125000
G01 X172.319000 Y75.340000 Z-0.125000
G01 X172.081000 Y74.784000 Z-0.125000
G01 X168.988000 Y71.691000 Z-0.125000
G01 X168.749000 Y71.134000 Z-0.125000
G01 X168.809000 Y70.975000 Z-0.125000
G01 X168.988000 Y71.055000 Z-0.125000
G01 X172.081000 Y74.148000 Z-0.125000
G01 X172.260000 Y74.227000 Z-0.125000
G01 X172.319000 Y74.068000 Z-0.125000
G01 X172.081000 Y73.512000 Z-0.125000
G01 X168.988000 Y70.419000 Z-0.125000
G01 X168.749000 Y69.862000 Z-0.125000
G01 X168.809000 Y69.703000 Z-0.125000
G01 X168.988000 Y69.783000 Z-0.125000
G01 X172.081000 Y72.876000 Z-0.125000
G01 X172.260000 Y72.955000 Z-0.125000
G01 X172.319000 Y72.796000 Z-0.125000
G01 X172.081000 Y72.239000 Z-0.125000
G01 X168.988000 Y69.146000 Z-0.125000
G01 X168.749000 Y68.590000 Z-0.125000
G01 X168.809000 Y68.431000 Z-0.125000
G01 X168.988000 Y68.510000 Z-0.125000
G01 X172.081000 Y71.603000 Z-0.125000
G01 X172.260000 Y71.683000 Z-0.125000
G01 X172.319000 Y71.524000 Z-0.125000
G01 X172.081000 Y70.967000 Z-0.125000
G01 X168.988000 Y67.874000 Z-0.125000
G01 X168.749000 Y67.318000 Z-0.125000
G01 X168.809000 Y67.159000 Z-0.125000
G01 X168.988000 Y67.238000 Z-0.125000
G01 X172.081000 Y70.331000 Z-0.125000
G01 X172.260000 Y70.411000 Z-0.125000
G01 X172.319000 Y70.252000 Z-0.125000
G01 X172.081000 Y69.695000 Z-0.125000
G01 X168.988000 Y66.602000 Z-0.125000
G01 X168.749000 Y66.045000 Z-0.125000
G01 X168.809000 Y65.886000 Z-0.125000
G01 X168.988000 Y65.966000 Z-0.125000
G01 X172.081000 Y69.059000 Z-0.125000
G01 X172.260000 Y69.138000 Z-0.125000
G01 X172.319000 Y68.979000 Z-0.125000
G01 X172.081000 Y68.423000 Z-0.125000
G01 X168.988000 Y65.330000 Z-0.125000
G01 X168.749000 Y64.773000 Z-0.125000
G01 X168.809000 Y64.614000 Z-0.125000
G01 X168.988000 Y64.694000 Z-0.125000
G01 X172.081000 Y67.787000 Z-0.125000
G01 X172.260000 Y67.866000 Z-0.125000
G01 X172.319000 Y67.707000 Z-0.125000
G01 X172.081000 Y67.151000 Z-0.125000
G01 X169.461000 Y64.531000 Z-0.125000
G01 X169.383000 Y64.353000 Z-0.125000
G01 X169.545000 Y64.296000 Z-0.125000
G01 X170.105000 Y64.538000 Z-0.125000
G01 X172.474000 Y66.907000 Z-0.125000
G01 X173.030000 Y67.146000 Z-0.125000
G01 X173.189000 Y67.086000 Z-0.125000
G01 X173.110000 Y66.907000 Z-0.125000
G01 X170.748000 Y64.546000 Z-0.125000
G01 X170.670000 Y64.368000 Z-0.125000
G01 X170.832000 Y64.311000 Z-0.125000
G01 X171.392000 Y64.553000 Z-0.125000
G01 X173.763000 Y66.924000 Z-0.125000
G01 X174.317000 Y67.160000 Z-0.125000
G01 X174.475000 Y67.099000 Z-0.125000
G01 X174.394000 Y66.919000 Z-0.125000
G01 X172.036000 Y64.560000 Z-0.125000
G01 X171.957000 Y64.382000 Z-0.125000
G01 X172.119000 Y64.325000 Z-0.125000
G01 X172.679000 Y64.567000 Z-0.125000
G01 X175.064000 Y66.952000 Z-0.125000
G01 X175.651000 Y67.221000 Z-0.125000
G01 X175.831000 Y67.182000 Z-0.125000
G01 X175.760000 Y67.012000 Z-0.125000
G01 X173.323000 Y64.575000 Z-0.125000
G01 X173.244000 Y64.397000 Z-0.125000
G01 X173.406000 Y64.340000 Z-0.125000
G01 X173.966000 Y64.582000 Z-0.125000
G01 X176.823000 Y67.438000 Z-0.125000
G00 Z5.000000

(End cutting path id: path8334)


(Start cutting path id: path8334)
(Change tool to Default tool)

G00 Z5.000000
G00 X176.660000 Y67.480000

G01 Z-0.125000 F100.0(Penetrate)
G01 X177.589000 Y67.819000 Z-0.125000 F400.000000
G01 X178.348000 Y68.409000 Z-0.125000
G01 X178.948000 Y69.261000 Z-0.125000
G01 X179.403000 Y70.390000 Z-0.125000
G01 X179.711000 Y71.825000 Z-0.125000
G01 X179.712000 Y73.730000 Z-0.125000
G01 X179.590000 Y75.252000 Z-0.125000
G01 X179.352000 Y76.369000 Z-0.125000
G01 X178.957000 Y77.199000 Z-0.125000
G01 X178.370000 Y77.857000 Z-0.125000
G01 X177.724000 Y78.311000 Z-0.125000
G01 X176.944000 Y78.594000 Z-0.125000
G01 X174.412000 Y78.781000 Z-0.125000
G01 X172.449000 Y78.782000 Z-0.125000
G01 X172.449000 Y73.030000 Z-0.125000
G01 X172.449000 Y67.278000 Z-0.125000
G01 X174.084000 Y67.278000 Z-0.125000
G01 X176.660000 Y67.480000 Z-0.125000
G01 X176.660000 Y67.480000 Z-0.125000
G00 Z5.000000

(End cutting path id: path8334)


(Start cutting path id: path8334)
(Change tool to Default tool)

G00 Z5.000000
G00 X183.623000 Y73.606000

G01 Z-0.125000 F100.0(Penetrate)
G01 X174.607000 Y64.591000 Z-0.125000 F400.000000
G01 X174.529000 Y64.413000 Z-0.125000
G01 X174.691000 Y64.356000 Z-0.125000
G01 X175.251000 Y64.598000 Z-0.125000
G01 X183.374000 Y72.721000 Z-0.125000
G01 X183.546000 Y72.794000 Z-0.125000
G01 X183.591000 Y72.620000 Z-0.125000
G01 X183.331000 Y72.041000 Z-0.125000
G01 X175.894000 Y64.605000 Z-0.125000
G01 X175.816000 Y64.427000 Z-0.125000
G01 X175.978000 Y64.370000 Z-0.125000
G01 X176.538000 Y64.612000 Z-0.125000
G01 X183.249000 Y71.323000 Z-0.125000
G01 X183.408000 Y71.383000 Z-0.125000
G01 X183.424000 Y71.180000 Z-0.125000
G01 X183.122000 Y70.560000 Z-0.125000
G01 X177.181000 Y64.619000 Z-0.125000
G01 X177.103000 Y64.442000 Z-0.125000
G01 X177.265000 Y64.385000 Z-0.125000
G01 X177.825000 Y64.626000 Z-0.125000
G01 X182.921000 Y69.723000 Z-0.125000
G01 X183.051000 Y69.753000 Z-0.125000
G01 X183.003000 Y69.486000 Z-0.125000
G01 X182.607000 Y68.773000 Z-0.125000
G01 X178.469000 Y64.634000 Z-0.125000
G01 X178.467000 Y64.533000 Z-0.125000
G01 X178.797000 Y64.645000 Z-0.125000
G01 X179.603000 Y65.133000 Z-0.125000
G01 X182.355000 Y67.884000 Z-0.125000
G00 Z5.000000

(End cutting path id: path8334)


(Start cutting path id: path8334)
(Change tool to Default tool)

G00 Z5.000000
G00 X186.460000 Y67.537000

G01 Z-0.125000 F100.0(Penetrate)
G01 X189.791000 Y70.869000 Z-0.125000 F400.000000
G01 X189.970000 Y70.948000 Z-0.125000
G01 X190.030000 Y70.789000 Z-0.125000
G01 X189.791000 Y70.233000 Z-0.125000
G01 X186.698000 Y67.140000 Z-0.125000
G01 X186.460000 Y66.583000 Z-0.125000
G01 X186.519000 Y66.424000 Z-0.125000
G01 X186.698000 Y66.504000 Z-0.125000
G01 X189.791000 Y69.597000 Z-0.125000
G01 X189.970000 Y69.676000 Z-0.125000
G01 X190.030000 Y69.517000 Z-0.125000
G01 X189.791000 Y68.961000 Z-0.125000
G01 X186.698000 Y65.867000 Z-0.125000
G01 X186.460000 Y65.311000 Z-0.125000
G01 X186.519000 Y65.152000 Z-0.125000
G01 X186.698000 Y65.231000 Z-0.125000
G01 X189.791000 Y68.324000 Z-0.125000
G01 X189.970000 Y68.404000 Z-0.125000
G01 X190.030000 Y68.245000 Z-0.125000
G01 X189.791000 Y67.688000 Z-0.125000
G01 X186.698000 Y64.595000 Z-0.125000
G01 X186.611000 Y64.409000 Z-0.125000
G01 X186.752000 Y64.332000 Z-0.125000
G01 X187.284000 Y64.545000 Z-0.125000
G01 X189.841000 Y67.102000 Z-0.125000
G01 X190.392000 Y67.335000 Z-0.125000
G01 X190.547000 Y67.271000 Z-0.125000
G01 X190.465000 Y67.090000 Z-0.125000
G01 X187.920000 Y64.545000 Z-0.125000
G01 X187.841000 Y64.366000 Z-0.125000
G01 X188.000000 Y64.307000 Z-0.125000
G01 X188.556000 Y64.545000 Z-0.125000
G01 X191.101000 Y67.090000 Z-0.125000
G01 X191.658000 Y67.329000 Z-0.125000
G01 X191.817000 Y67.269000 Z-0.125000
G01 X191.737000 Y67.090000 Z-0.125000
G01 X189.192000 Y64.545000 Z-0.125000
G01 X189.113000 Y64.366000 Z-0.125000
G01 X189.272000 Y64.307000 Z-0.125000
G01 X189.828000 Y64.545000 Z-0.125000
G01 X192.374000 Y67.090000 Z-0.125000
G01 X192.930000 Y67.329000 Z-0.125000
G01 X193.089000 Y67.269000 Z-0.125000
G01 X193.010000 Y67.090000 Z-0.125000
G01 X190.464000 Y64.545000 Z-0.125000
G01 X190.385000 Y64.366000 Z-0.125000
G01 X190.544000 Y64.307000 Z-0.125000
G01 X191.101000 Y64.545000 Z-0.125000
G01 X193.646000 Y67.090000 Z-0.125000
G01 X194.202000 Y67.329000 Z-0.125000
G01 X194.361000 Y67.269000 Z-0.125000
G01 X194.282000 Y67.090000 Z-0.125000
G01 X191.737000 Y64.545000 Z-0.125000
G01 X191.657000 Y64.366000 Z-0.125000
G01 X191.816000 Y64.307000 Z-0.125000
G01 X192.373000 Y64.545000 Z-0.125000
G01 X194.918000 Y67.090000 Z-0.125000
G01 X195.475000 Y67.329000 Z-0.125000
G01 X195.634000 Y67.269000 Z-0.125000
G01 X195.554000 Y67.090000 Z-0.125000
G01 X193.009000 Y64.545000 Z-0.125000
G01 X192.929000 Y64.366000 Z-0.125000
G01 X193.088000 Y64.307000 Z-0.125000
G01 X193.645000 Y64.545000 Z-0.125000
G01 X196.190000 Y67.090000 Z-0.125000
G01 X196.747000 Y67.329000 Z-0.125000
G01 X196.906000 Y67.269000 Z-0.125000
G01 X196.826000 Y67.090000 Z-0.125000
G01 X194.281000 Y64.545000 Z-0.125000
G01 X194.202000 Y64.366000 Z-0.125000
G01 X194.361000 Y64.307000 Z-0.125000
G01 X194.917000 Y64.545000 Z-0.125000
G01 X197.462000 Y67.090000 Z-0.125000
G01 X198.019000 Y67.329000 Z-0.125000
G01 X198.178000 Y67.269000 Z-0.125000
G01 X198.098000 Y67.090000 Z-0.125000
G01 X195.553000 Y64.545000 Z-0.125000
G01 X195.474000 Y64.366000 Z-0.125000
G01 X195.633000 Y64.307000 Z-0.125000
G01 X196.189000 Y64.545000 Z-0.125000
G01 X198.735000 Y67.090000 Z-0.125000
G01 X199.291000 Y67.329000 Z-0.125000
G01 X199.450000 Y67.269000 Z-0.125000
G01 X199.371000 Y67.090000 Z-0.125000
G01 X196.825000 Y64.545000 Z-0.125000
G01 X196.746000 Y64.366000 Z-0.125000
G01 X196.905000 Y64.307000 Z-0.125000
G01 X197.462000 Y64.545000 Z-0.125000
G01 X199.652000 Y66.735000 Z-0.125000
G01 X199.830000 Y66.815000 Z-0.125000
G01 X199.890000 Y66.656000 Z-0.125000
G01 X199.652000 Y66.099000 Z-0.125000
G01 X198.098000 Y64.545000 Z-0.125000
G01 X198.018000 Y64.366000 Z-0.125000
G01 X198.177000 Y64.307000 Z-0.125000
G01 X198.734000 Y64.545000 Z-0.125000
G01 X199.679000 Y65.490000 Z-0.125000
G01 X199.854000 Y65.566000 Z-0.125000
G01 X199.904000 Y65.397000 Z-0.125000
G01 X199.652000 Y64.827000 Z-0.125000
G01 X199.193000 Y64.368000 Z-0.125000
G01 X199.449000 Y64.307000 Z-0.125000
G01 X199.829000 Y64.368000 Z-0.125000
G01 X199.890000 Y64.429000 Z-0.125000
G00 Z5.000000

(End cutting path id: path8334)


(Start cutting path id: path8334)
(Change tool to Default tool)

G00 Z5.000000
G00 X202.623000 Y73.076000

G01 Z-0.125000 F100.0(Penetrate)
G01 X202.670000 Y81.978000 Z-0.125000 F400.000000
G01 X204.648000 Y81.978000 Z-0.125000
G01 X206.627000 Y81.978000 Z-0.125000
G01 X210.035000 Y76.018000 Z-0.125000
G01 X213.444000 Y70.059000 Z-0.125000
G01 X213.492000 Y76.064000 Z-0.125000
G01 X213.540000 Y82.069000 Z-0.125000
G01 X215.364000 Y82.069000 Z-0.125000
G01 X217.187000 Y82.069000 Z-0.125000
G01 X217.187000 Y73.122000 Z-0.125000
G01 X217.187000 Y64.174000 Z-0.125000
G01 X215.224000 Y64.179000 Z-0.125000
G01 X213.261000 Y64.184000 Z-0.125000
G01 X209.792000 Y70.308000 Z-0.125000
G01 X206.322000 Y76.431000 Z-0.125000
G01 X206.274000 Y70.303000 Z-0.125000
G01 X206.226000 Y64.175000 Z-0.125000
G01 X204.401000 Y64.175000 Z-0.125000
G01 X202.575000 Y64.175000 Z-0.125000
G01 X202.623000 Y73.076000 Z-0.125000
G00 Z5.000000

(End cutting path id: path8334)


(Start cutting path id: path8334)
(Change tool to Default tool)

G00 Z5.000000
G00 X206.598000 Y76.221000

G01 Z-0.125000 F100.0(Penetrate)
G01 X208.378000 Y78.002000 Z-0.125000 F400.000000
G01 X208.593000 Y78.117000 Z-0.125000
G01 X208.732000 Y78.038000 Z-0.125000
G01 X208.752000 Y77.839000 Z-0.125000
G01 X208.609000 Y77.597000 Z-0.125000
G01 X207.066000 Y76.054000 Z-0.125000
G01 X206.923000 Y75.811000 Z-0.125000
G01 X206.943000 Y75.612000 Z-0.125000
G01 X207.081000 Y75.532000 Z-0.125000
G01 X207.296000 Y75.648000 Z-0.125000
G01 X208.841000 Y77.192000 Z-0.125000
G01 X209.056000 Y77.308000 Z-0.125000
G01 X209.195000 Y77.228000 Z-0.125000
G01 X209.215000 Y77.030000 Z-0.125000
G01 X209.072000 Y76.788000 Z-0.125000
G01 X207.526000 Y75.242000 Z-0.125000
G01 X207.383000 Y74.999000 Z-0.125000
G01 X207.403000 Y74.800000 Z-0.125000
G01 X207.541000 Y74.720000 Z-0.125000
G01 X207.756000 Y74.836000 Z-0.125000
G01 X209.304000 Y76.383000 Z-0.125000
G01 X209.519000 Y76.499000 Z-0.125000
G01 X209.658000 Y76.419000 Z-0.125000
G01 X209.678000 Y76.220000 Z-0.125000
G01 X209.535000 Y75.978000 Z-0.125000
G01 X207.986000 Y74.430000 Z-0.125000
G01 X207.843000 Y74.187000 Z-0.125000
G01 X207.863000 Y73.988000 Z-0.125000
G01 X208.002000 Y73.908000 Z-0.125000
G01 X208.216000 Y74.024000 Z-0.125000
G01 X209.767000 Y75.574000 Z-0.125000
G01 X209.982000 Y75.689000 Z-0.125000
G01 X210.121000 Y75.610000 Z-0.125000
G01 X210.141000 Y75.411000 Z-0.125000
G01 X209.998000 Y75.169000 Z-0.125000
G01 X208.446000 Y73.617000 Z-0.125000
G01 X208.304000 Y73.375000 Z-0.125000
G01 X208.323000 Y73.176000 Z-0.125000
G01 X208.462000 Y73.096000 Z-0.125000
G01 X208.677000 Y73.211000 Z-0.125000
G01 X210.229000 Y74.764000 Z-0.125000
G01 X210.444000 Y74.880000 Z-0.125000
G01 X210.584000 Y74.801000 Z-0.125000
G01 X210.604000 Y74.602000 Z-0.125000
G01 X210.461000 Y74.360000 Z-0.125000
G01 X208.907000 Y72.805000 Z-0.125000
G01 X208.764000 Y72.563000 Z-0.125000
G01 X208.783000 Y72.364000 Z-0.125000
G01 X208.922000 Y72.284000 Z-0.125000
G01 X209.137000 Y72.399000 Z-0.125000
G01 X210.692000 Y73.955000 Z-0.125000
G01 X210.907000 Y74.071000 Z-0.125000
G01 X211.047000 Y73.991000 Z-0.125000
G01 X211.066000 Y73.792000 Z-0.125000
G01 X210.924000 Y73.550000 Z-0.125000
G01 X209.367000 Y71.993000 Z-0.125000
G01 X209.224000 Y71.751000 Z-0.125000
G01 X209.243000 Y71.552000 Z-0.125000
G01 X209.382000 Y71.472000 Z-0.125000
G01 X209.597000 Y71.587000 Z-0.125000
G01 X211.155000 Y73.146000 Z-0.125000
G01 X211.370000 Y73.261000 Z-0.125000
G01 X211.509000 Y73.182000 Z-0.125000
G01 X211.529000 Y72.983000 Z-0.125000
G01 X211.387000 Y72.741000 Z-0.125000
G01 X209.827000 Y71.181000 Z-0.125000
G01 X209.684000 Y70.939000 Z-0.125000
G01 X209.703000 Y70.740000 Z-0.125000
G01 X209.842000 Y70.660000 Z-0.125000
G01 X210.057000 Y70.775000 Z-0.125000
G01 X211.618000 Y72.336000 Z-0.125000
G01 X211.833000 Y72.452000 Z-0.125000
G01 X211.972000 Y72.373000 Z-0.125000
G01 X211.992000 Y72.174000 Z-0.125000
G01 X211.849000 Y71.932000 Z-0.125000
G01 X210.287000 Y70.369000 Z-0.125000
G01 X210.144000 Y70.127000 Z-0.125000
G01 X210.163000 Y69.928000 Z-0.125000
G01 X210.302000 Y69.848000 Z-0.125000
G01 X210.517000 Y69.963000 Z-0.125000
G01 X212.081000 Y71.527000 Z-0.125000
G01 X212.296000 Y71.643000 Z-0.125000
G01 X212.435000 Y71.563000 Z-0.125000
G01 X212.455000 Y71.364000 Z-0.125000
G01 X212.312000 Y71.122000 Z-0.125000
G01 X210.747000 Y69.557000 Z-0.125000
G01 X210.604000 Y69.315000 Z-0.125000
G01 X210.624000 Y69.116000 Z-0.125000
G01 X210.762000 Y69.036000 Z-0.125000
G01 X210.977000 Y69.151000 Z-0.125000
G01 X212.544000 Y70.718000 Z-0.125000
G01 X212.759000 Y70.833000 Z-0.125000
G01 X212.898000 Y70.754000 Z-0.125000
G01 X212.918000 Y70.555000 Z-0.125000
G01 X212.775000 Y70.313000 Z-0.125000
G01 X211.207000 Y68.745000 Z-0.125000
G01 X211.064000 Y68.503000 Z-0.125000
G01 X211.084000 Y68.303000 Z-0.125000
G01 X211.222000 Y68.224000 Z-0.125000
G01 X211.437000 Y68.339000 Z-0.125000
G01 X213.245000 Y70.147000 Z-0.125000
G00 Z5.000000

(End cutting path id: path8334)


(Start cutting path id: path8334)
(Change tool to Default tool)

G00 Z5.000000
G00 X217.054000 Y73.324000

G01 Z-0.125000 F100.0(Penetrate)
G01 X211.662000 Y67.932000 Z-0.125000 F400.000000
G01 X211.519000 Y67.690000 Z-0.125000
G01 X211.539000 Y67.491000 Z-0.125000
G01 X211.678000 Y67.411000 Z-0.125000
G01 X211.892000 Y67.526000 Z-0.125000
G01 X216.816000 Y72.449000 Z-0.125000
G01 X216.994000 Y72.529000 Z-0.125000
G01 X217.054000 Y72.370000 Z-0.125000
G01 X216.816000 Y71.813000 Z-0.125000
G01 X212.122000 Y67.120000 Z-0.125000
G01 X211.979000 Y66.878000 Z-0.125000
G01 X211.999000 Y66.679000 Z-0.125000
G01 X212.138000 Y66.599000 Z-0.125000
G01 X212.352000 Y66.714000 Z-0.125000
G01 X216.816000 Y71.177000 Z-0.125000
G01 X216.994000 Y71.257000 Z-0.125000
G01 X217.054000 Y71.098000 Z-0.125000
G01 X216.816000 Y70.541000 Z-0.125000
G01 X212.583000 Y66.308000 Z-0.125000
G01 X212.440000 Y66.066000 Z-0.125000
G01 X212.459000 Y65.866000 Z-0.125000
G01 X212.598000 Y65.786000 Z-0.125000
G01 X212.813000 Y65.902000 Z-0.125000
G01 X216.816000 Y69.905000 Z-0.125000
G01 X216.994000 Y69.984000 Z-0.125000
G01 X217.054000 Y69.825000 Z-0.125000
G01 X216.816000 Y69.269000 Z-0.125000
G01 X213.043000 Y65.496000 Z-0.125000
G01 X212.900000 Y65.254000 Z-0.125000
G01 X212.919000 Y65.054000 Z-0.125000
G01 X213.058000 Y64.974000 Z-0.125000
G01 X213.273000 Y65.090000 Z-0.125000
G01 X216.816000 Y68.633000 Z-0.125000
G01 X216.994000 Y68.712000 Z-0.125000
G01 X217.054000 Y68.553000 Z-0.125000
G01 X216.816000 Y67.997000 Z-0.125000
G01 X213.503000 Y64.684000 Z-0.125000
G01 X213.403000 Y64.485000 Z-0.125000
G01 X213.517000 Y64.380000 Z-0.125000
G01 X214.008000 Y64.553000 Z-0.125000
G01 X216.816000 Y67.361000 Z-0.125000
G01 X216.994000 Y67.440000 Z-0.125000
G01 X217.054000 Y67.281000 Z-0.125000
G01 X216.816000 Y66.724000 Z-0.125000
G01 X214.643000 Y64.552000 Z-0.125000
G01 X214.563000 Y64.372000 Z-0.125000
G01 X214.721000 Y64.312000 Z-0.125000
G01 X215.277000 Y64.550000 Z-0.125000
G01 X216.816000 Y66.088000 Z-0.125000
G01 X216.994000 Y66.167000 Z-0.125000
G01 X217.054000 Y66.008000 Z-0.125000
G01 X216.816000 Y65.452000 Z-0.125000
G01 X215.912000 Y64.548000 Z-0.125000
G01 X215.832000 Y64.369000 Z-0.125000
G01 X215.990000 Y64.309000 Z-0.125000
G01 X216.546000 Y64.546000 Z-0.125000
G01 X216.998000 Y64.998000 Z-0.125000
G01 X217.054000 Y64.736000 Z-0.125000
G01 X216.998000 Y64.362000 Z-0.125000
G01 X216.942000 Y64.306000 Z-0.125000
G00 Z5.000000

(End cutting path id: path8334)


(Start cutting path id: path8334)
(Change tool to Default tool)

G00 Z5.000000
G00 X219.196000 Y64.251000

G01 Z-0.125000 F100.0(Penetrate)
G01 X225.325000 Y81.482000 Z-0.125000 F400.000000
G01 X225.573000 Y82.081000 Z-0.125000
G01 X227.726000 Y82.030000 Z-0.125000
G01 X229.878000 Y81.978000 Z-0.125000
G01 X233.002000 Y73.122000 Z-0.125000
G01 X236.126000 Y64.266000 Z-0.125000
G01 X234.201000 Y64.214000 Z-0.125000
G01 X232.066000 Y64.242000 Z-0.125000
G01 X231.338000 Y66.079000 Z-0.125000
G01 X230.819000 Y67.835000 Z-0.125000
G01 X227.625000 Y67.785000 Z-0.125000
G01 X224.430000 Y67.735000 Z-0.125000
G01 X223.852000 Y66.001000 Z-0.125000
G01 X223.274000 Y64.266000 Z-0.125000
G01 X221.235000 Y64.214000 Z-0.125000
G01 X219.196000 Y64.251000 Z-0.125000
G01 X219.196000 Y64.251000 Z-0.125000
G00 Z5.000000

(End cutting path id: path8334)


(Start cutting path id: path8334)
(Change tool to Default tool)

G00 Z5.000000
G00 X227.548000 Y67.915000

G01 Z-0.125000 F100.0(Penetrate)
G01 X232.594000 Y72.962000 Z-0.125000 F400.000000
G01 X232.799000 Y73.067000 Z-0.125000
G01 X232.916000 Y72.965000 Z-0.125000
G01 X232.913000 Y72.744000 Z-0.125000
G01 X232.760000 Y72.491000 Z-0.125000
G01 X228.433000 Y68.164000 Z-0.125000
G01 X228.355000 Y67.987000 Z-0.125000
G01 X228.517000 Y67.931000 Z-0.125000
G01 X229.079000 Y68.174000 Z-0.125000
G01 X232.926000 Y72.021000 Z-0.125000
G01 X233.131000 Y72.127000 Z-0.125000
G01 X233.247000 Y72.025000 Z-0.125000
G01 X233.245000 Y71.803000 Z-0.125000
G01 X233.092000 Y71.551000 Z-0.125000
G01 X229.725000 Y68.184000 Z-0.125000
G01 X229.647000 Y68.007000 Z-0.125000
G01 X229.809000 Y67.951000 Z-0.125000
G01 X230.371000 Y68.194000 Z-0.125000
G01 X233.258000 Y71.081000 Z-0.125000
G01 X233.462000 Y71.186000 Z-0.125000
G01 X233.579000 Y71.084000 Z-0.125000
G01 X233.576000 Y70.863000 Z-0.125000
G01 X233.423000 Y70.611000 Z-0.125000
G01 X231.017000 Y68.204000 Z-0.125000
G01 X230.878000 Y67.965000 Z-0.125000
G01 X230.905000 Y67.774000 Z-0.125000
G01 X231.051000 Y67.701000 Z-0.125000
G01 X231.269000 Y67.820000 Z-0.125000
G01 X233.589000 Y70.140000 Z-0.125000
G01 X233.794000 Y70.246000 Z-0.125000
G01 X233.911000 Y70.144000 Z-0.125000
G01 X233.908000 Y69.923000 Z-0.125000
G01 X233.755000 Y69.670000 Z-0.125000
G01 X231.414000 Y67.329000 Z-0.125000
G01 X231.248000 Y66.845000 Z-0.125000
G01 X231.358000 Y66.736000 Z-0.125000
G01 X231.559000 Y66.838000 Z-0.125000
G01 X233.921000 Y69.200000 Z-0.125000
G01 X234.126000 Y69.305000 Z-0.125000
G01 X234.243000 Y69.203000 Z-0.125000
G01 X234.240000 Y68.982000 Z-0.125000
G01 X234.087000 Y68.730000 Z-0.125000
G01 X231.704000 Y66.347000 Z-0.125000
G01 X231.542000 Y65.867000 Z-0.125000
G01 X231.655000 Y65.760000 Z-0.125000
G01 X231.857000 Y65.864000 Z-0.125000
G01 X234.253000 Y68.259000 Z-0.125000
G01 X234.458000 Y68.365000 Z-0.125000
G01 X234.574000 Y68.263000 Z-0.125000
G01 X234.572000 Y68.042000 Z-0.125000
G01 X234.419000 Y67.789000 Z-0.125000
G01 X232.020000 Y65.391000 Z-0.125000
G01 X231.869000 Y65.140000 Z-0.125000
G01 X231.870000 Y64.923000 Z-0.125000
G01 X231.990000 Y64.824000 Z-0.125000
G01 X232.197000 Y64.931000 Z-0.125000
G01 X234.585000 Y67.319000 Z-0.125000
G01 X234.789000 Y67.424000 Z-0.125000
G01 X234.906000 Y67.322000 Z-0.125000
G01 X234.903000 Y67.101000 Z-0.125000
G01 X234.751000 Y66.849000 Z-0.125000
G01 X232.474000 Y64.572000 Z-0.125000
G01 X232.393000 Y64.391000 Z-0.125000
G01 X232.548000 Y64.328000 Z-0.125000
G01 X233.099000 Y64.561000 Z-0.125000
G01 X234.916000 Y66.379000 Z-0.125000
G01 X235.121000 Y66.484000 Z-0.125000
G01 X235.238000 Y66.382000 Z-0.125000
G01 X235.235000 Y66.161000 Z-0.125000
G01 X235.082000 Y65.908000 Z-0.125000
G01 X233.744000 Y64.570000 Z-0.125000
G01 X233.666000 Y64.393000 Z-0.125000
G01 X233.830000 Y64.338000 Z-0.125000
G01 X234.393000 Y64.583000 Z-0.125000
G01 X235.248000 Y65.438000 Z-0.125000
G01 X235.453000 Y65.544000 Z-0.125000
G01 X235.570000 Y65.442000 Z-0.125000
G01 X235.567000 Y65.220000 Z-0.125000
G01 X235.414000 Y64.968000 Z-0.125000
G01 X234.986000 Y64.540000 Z-0.125000
G01 X234.955000 Y64.409000 Z-0.125000
G01 X235.135000 Y64.371000 Z-0.125000
G01 X235.640000 Y64.558000 Z-0.125000
G01 X235.818000 Y64.736000 Z-0.125000
G00 Z5.000000

(End cutting path id: path8334)


(Start cutting path id: path8334)
(Change tool to Default tool)

G00 Z5.000000
G00 X238.776000 Y67.693000

G01 Z-0.125000 F100.0(Penetrate)
G01 X238.374000 Y67.292000 Z-0.125000 F400.000000
G01 X238.136000 Y66.735000 Z-0.125000
G01 X238.195000 Y66.576000 Z-0.125000
G01 X238.374000 Y66.655000 Z-0.125000
G01 X239.173000 Y67.454000 Z-0.125000
G01 X239.730000 Y67.693000 Z-0.125000
G01 X239.889000 Y67.633000 Z-0.125000
G01 X239.809000 Y67.454000 Z-0.125000
G01 X238.374000 Y66.019000 Z-0.125000
G01 X238.136000 Y65.463000 Z-0.125000
G01 X238.195000 Y65.304000 Z-0.125000
G01 X238.374000 Y65.383000 Z-0.125000
G01 X240.446000 Y67.454000 Z-0.125000
G01 X241.002000 Y67.693000 Z-0.125000
G01 X241.161000 Y67.633000 Z-0.125000
G01 X241.082000 Y67.454000 Z-0.125000
G01 X238.374000 Y64.747000 Z-0.125000
G01 X238.263000 Y64.536000 Z-0.125000
G01 X238.352000 Y64.407000 Z-0.125000
G01 X238.561000 Y64.397000 Z-0.125000
G01 X238.807000 Y64.544000 Z-0.125000
G01 X241.467000 Y67.204000 Z-0.125000
G01 X241.646000 Y67.284000 Z-0.125000
G01 X241.706000 Y67.124000 Z-0.125000
G01 X241.467000 Y66.568000 Z-0.125000
G01 X239.442000 Y64.542000 Z-0.125000
G01 X239.357000 Y64.358000 Z-0.125000
G01 X239.503000 Y64.285000 Z-0.125000
G01 X240.041000 Y64.505000 Z-0.125000
G01 X241.467000 Y65.932000 Z-0.125000
G01 X241.651000 Y66.016000 Z-0.125000
G01 X241.722000 Y65.868000 Z-0.125000
G01 X241.499000 Y65.328000 Z-0.125000
G01 X240.374000 Y64.202000 Z-0.125000
G01 X240.049000 Y63.559000 Z-0.125000
G01 X240.049000 Y63.341000 Z-0.125000
G01 X240.201000 Y63.394000 Z-0.125000
G01 X241.456000 Y64.648000 Z-0.125000
G01 X241.630000 Y64.723000 Z-0.125000
G01 X241.679000 Y64.553000 Z-0.125000
G01 X241.424000 Y63.981000 Z-0.125000
G01 X238.374000 Y60.931000 Z-0.125000
G01 X238.181000 Y60.419000 Z-0.125000
G01 X238.271000 Y60.291000 Z-0.125000
G01 X238.464000 Y60.384000 Z-0.125000
G01 X241.351000 Y63.271000 Z-0.125000
G01 X241.502000 Y63.323000 Z-0.125000
G01 X241.501000 Y63.103000 Z-0.125000
G01 X241.173000 Y62.457000 Z-0.125000
G01 X239.161000 Y60.445000 Z-0.125000
G00 Z5.000000

(End cutting path id: path8334)


(Start cutting path id: path8334)
(Change tool to Default tool)

G00 Z5.000000
G00 X238.004000 Y60.697000

G01 Z-0.125000 F100.0(Penetrate)
G01 X238.116000 Y61.368000 Z-0.125000 F400.000000
G01 X238.709000 Y61.787000 Z-0.125000
G01 X239.216000 Y62.151000 Z-0.125000
G01 X239.631000 Y62.649000 Z-0.125000
G01 X239.910000 Y63.217000 Z-0.125000
G01 X240.012000 Y63.790000 Z-0.125000
G01 X239.847000 Y64.111000 Z-0.125000
G01 X239.008000 Y64.174000 Z-0.125000
G01 X238.004000 Y64.174000 Z-0.125000
G01 X238.004000 Y66.000000 Z-0.125000
G01 X238.004000 Y67.826000 Z-0.125000
G01 X239.921000 Y67.826000 Z-0.125000
G01 X241.838000 Y67.826000 Z-0.125000
G01 X241.838000 Y65.657000 Z-0.125000
G01 X241.787000 Y64.086000 Z-0.125000
G01 X241.613000 Y62.927000 Z-0.125000
G01 X241.288000 Y62.062000 Z-0.125000
G01 X240.781000 Y61.375000 Z-0.125000
G01 X239.744000 Y60.592000 Z-0.125000
G01 X238.506000 Y60.088000 Z-0.125000
G01 X238.073000 Y60.085000 Z-0.125000
G01 X238.004000 Y60.697000 Z-0.125000
G01 X238.004000 Y60.697000 Z-0.125000
G00 Z5.000000

(End cutting path id: path8334)


(Start cutting path id: path8334)
(Change tool to Default tool)

G00 Z5.000000
G00 X240.963000 Y61.612000

G01 Z-0.125000 F100.0(Penetrate)
G01 X240.634000 Y61.283000 Z-0.125000 F400.000000
G00 Z5.000000

(End cutting path id: path8334)


(Start cutting path id: path8334)
(Change tool to Default tool)

G00 Z5.000000
G00 X256.283000 Y63.896000

G01 Z-0.125000 F100.0(Penetrate)
G01 X254.855000 Y64.363000 Z-0.125000 F400.000000
G01 X253.609000 Y65.067000 Z-0.125000
G01 X252.550000 Y65.998000 Z-0.125000
G01 X251.684000 Y67.145000 Z-0.125000
G01 X251.020000 Y68.496000 Z-0.125000
G01 X250.563000 Y70.041000 Z-0.125000
G01 X250.321000 Y71.769000 Z-0.125000
G01 X250.299000 Y73.669000 Z-0.125000
G01 X250.495000 Y75.623000 Z-0.125000
G01 X250.906000 Y77.271000 Z-0.125000
G01 X251.560000 Y78.693000 Z-0.125000
G01 X252.484000 Y79.969000 Z-0.125000
G01 X253.396000 Y80.817000 Z-0.125000
G01 X254.487000 Y81.494000 Z-0.125000
G01 X255.712000 Y81.994000 Z-0.125000
G01 X257.028000 Y82.308000 Z-0.125000
G01 X258.394000 Y82.431000 Z-0.125000
G01 X259.765000 Y82.355000 Z-0.125000
G01 X261.099000 Y82.073000 Z-0.125000
G01 X262.352000 Y81.578000 Z-0.125000
G01 X263.657000 Y80.699000 Z-0.125000
G01 X264.775000 Y79.524000 Z-0.125000
G01 X265.606000 Y78.182000 Z-0.125000
G01 X266.050000 Y76.801000 Z-0.125000
G01 X266.173000 Y76.030000 Z-0.125000
G01 X264.201000 Y76.082000 Z-0.125000
G01 X262.228000 Y76.134000 Z-0.125000
G01 X262.050000 Y76.682000 Z-0.125000
G01 X261.545000 Y77.688000 Z-0.125000
G01 X260.780000 Y78.417000 Z-0.125000
G01 X259.767000 Y78.860000 Z-0.125000
G01 X258.518000 Y79.010000 Z-0.125000
G01 X257.429000 Y78.876000 Z-0.125000
G01 X256.481000 Y78.484000 Z-0.125000
G01 X255.684000 Y77.852000 Z-0.125000
G01 X255.047000 Y76.996000 Z-0.125000
G01 X254.580000 Y75.932000 Z-0.125000
G01 X254.292000 Y74.677000 Z-0.125000
G01 X254.193000 Y73.248000 Z-0.125000
G01 X254.293000 Y71.660000 Z-0.125000
G01 X254.729000 Y69.791000 Z-0.125000
G01 X255.518000 Y68.401000 Z-0.125000
G01 X256.040000 Y67.892000 Z-0.125000
G01 X256.645000 Y67.509000 Z-0.125000
G01 X258.095000 Y67.130000 Z-0.125000
G01 X259.451000 Y67.196000 Z-0.125000
G01 X260.548000 Y67.616000 Z-0.125000
G01 X261.400000 Y68.399000 Z-0.125000
G01 X262.023000 Y69.553000 Z-0.125000
G01 X262.340000 Y70.382000 Z-0.125000
G01 X264.255000 Y70.382000 Z-0.125000
G01 X266.170000 Y70.382000 Z-0.125000
G01 X266.069000 Y69.875000 Z-0.125000
G01 X265.403000 Y67.915000 Z-0.125000
G01 X264.294000 Y66.219000 Z-0.125000
G01 X262.837000 Y64.902000 Z-0.125000
G01 X261.132000 Y64.078000 Z-0.125000
G01 X259.984000 Y63.831000 Z-0.125000
G01 X258.703000 Y63.715000 Z-0.125000
G01 X257.425000 Y63.735000 Z-0.125000
G01 X256.283000 Y63.896000 Z-0.125000
G01 X256.283000 Y63.896000 Z-0.125000
G00 Z5.000000

(End cutting path id: path8334)


(Start cutting path id: path8334)
(Change tool to Default tool)

G00 Z5.000000
G00 X257.819000 Y63.837000

G01 Z-0.125000 F100.0(Penetrate)
G01 X263.993000 Y70.011000 Z-0.125000 F400.000000
G01 X264.549000 Y70.249000 Z-0.125000
G01 X264.708000 Y70.190000 Z-0.125000
G01 X264.629000 Y70.011000 Z-0.125000
G01 X258.694000 Y64.076000 Z-0.125000
G01 X258.617000 Y63.900000 Z-0.125000
G01 X258.782000 Y63.846000 Z-0.125000
G01 X259.347000 Y64.093000 Z-0.125000
G01 X265.265000 Y70.011000 Z-0.125000
G01 X265.518000 Y70.164000 Z-0.125000
G01 X265.739000 Y70.167000 Z-0.125000
G01 X265.842000 Y70.051000 Z-0.125000
G01 X265.737000 Y69.847000 Z-0.125000
G01 X260.073000 Y64.182000 Z-0.125000
G01 X260.014000 Y64.024000 Z-0.125000
G01 X260.219000 Y64.010000 Z-0.125000
G01 X260.841000 Y64.315000 Z-0.125000
G01 X265.581000 Y69.054000 Z-0.125000
G01 X265.707000 Y69.081000 Z-0.125000
G01 X265.650000 Y68.805000 Z-0.125000
G01 X265.242000 Y68.079000 Z-0.125000
G01 X261.432000 Y64.269000 Z-0.125000
G00 Z5.000000

(End cutting path id: path8334)


(Start cutting path id: path8334)
(Change tool to Default tool)

G00 Z5.000000
G00 X262.699000 Y64.901000

G01 Z-0.125000 F100.0(Penetrate)
G01 X264.764000 Y66.966000 Z-0.125000 F400.000000
G00 Z5.000000

(End cutting path id: path8334)


(Start cutting path id: path8334)
(Change tool to Default tool)

G00 Z5.000000
G00 X266.490000 Y64.327000

G01 Z-0.125000 F100.0(Penetrate)
G01 X268.146000 Y69.120000 Z-0.125000 F400.000000
G01 X271.183000 Y77.687000 Z-0.125000
G01 X272.750000 Y81.847000 Z-0.125000
G01 X273.365000 Y82.016000 Z-0.125000
G01 X275.030000 Y82.029000 Z-0.125000
G01 X277.126000 Y81.978000 Z-0.125000
G01 X277.668000 Y80.426000 Z-0.125000
G01 X280.750000 Y71.683000 Z-0.125000
G01 X283.289000 Y64.333000 Z-0.125000
G01 X281.224000 Y64.174000 Z-0.125000
G01 X279.159000 Y64.174000 Z-0.125000
G01 X278.619000 Y65.954000 Z-0.125000
G01 X278.080000 Y67.735000 Z-0.125000
G01 X274.881000 Y67.785000 Z-0.125000
G01 X271.683000 Y67.835000 Z-0.125000
G01 X271.083000 Y66.005000 Z-0.125000
G01 X270.483000 Y64.174000 Z-0.125000
G01 X268.487000 Y64.174000 Z-0.125000
G01 X266.490000 Y64.327000 Z-0.125000
G01 X266.490000 Y64.327000 Z-0.125000
G00 Z5.000000

(End cutting path id: path8334)


(Start cutting path id: path8334)
(Change tool to Default tool)

G00 Z5.000000
G00 X274.623000 Y67.923000

G01 Z-0.125000 F100.0(Penetrate)
G01 X279.790000 Y73.089000 Z-0.125000 F400.000000
G01 X279.994000 Y73.194000 Z-0.125000
G01 X280.111000 Y73.092000 Z-0.125000
G01 X280.108000 Y72.871000 Z-0.125000
G01 X279.955000 Y72.619000 Z-0.125000
G01 X275.488000 Y68.151000 Z-0.125000
G01 X275.407000 Y67.971000 Z-0.125000
G01 X275.563000 Y67.908000 Z-0.125000
G01 X276.114000 Y68.141000 Z-0.125000
G01 X280.121000 Y72.148000 Z-0.125000
G01 X280.326000 Y72.253000 Z-0.125000
G01 X280.443000 Y72.151000 Z-0.125000
G01 X280.440000 Y71.930000 Z-0.125000
G01 X280.287000 Y71.678000 Z-0.125000
G01 X276.741000 Y68.132000 Z-0.125000
G01 X276.660000 Y67.951000 Z-0.125000
G01 X276.815000 Y67.888000 Z-0.125000
G01 X277.367000 Y68.122000 Z-0.125000
G01 X280.453000 Y71.207000 Z-0.125000
G01 X280.657000 Y71.312000 Z-0.125000
G01 X280.774000 Y71.210000 Z-0.125000
G01 X280.771000 Y70.989000 Z-0.125000
G01 X280.618000 Y70.736000 Z-0.125000
G01 X277.993000 Y68.112000 Z-0.125000
G01 X277.888000 Y67.907000 Z-0.125000
G01 X277.990000 Y67.790000 Z-0.125000
G01 X278.211000 Y67.793000 Z-0.125000
G01 X278.463000 Y67.946000 Z-0.125000
G01 X280.784000 Y70.266000 Z-0.125000
G01 X280.988000 Y70.371000 Z-0.125000
G01 X281.105000 Y70.269000 Z-0.125000
G01 X281.102000 Y70.048000 Z-0.125000
G01 X280.949000 Y69.795000 Z-0.125000
G01 X278.611000 Y67.457000 Z-0.125000
G01 X278.447000 Y66.975000 Z-0.125000
G01 X278.557000 Y66.867000 Z-0.125000
G01 X278.759000 Y66.969000 Z-0.125000
G01 X281.115000 Y69.325000 Z-0.125000
G01 X281.319000 Y69.430000 Z-0.125000
G01 X281.436000 Y69.328000 Z-0.125000
G01 X281.433000 Y69.106000 Z-0.125000
G01 X281.280000 Y68.854000 Z-0.125000
G01 X278.907000 Y66.481000 Z-0.125000
G01 X278.743000 Y65.998000 Z-0.125000
G01 X278.853000 Y65.890000 Z-0.125000
G01 X279.055000 Y65.993000 Z-0.125000
G01 X281.445000 Y68.383000 Z-0.125000
G01 X281.649000 Y68.488000 Z-0.125000
G01 X281.765000 Y68.385000 Z-0.125000
G01 X281.762000 Y68.163000 Z-0.125000
G01 X281.609000 Y67.911000 Z-0.125000
G01 X279.203000 Y65.505000 Z-0.125000
G01 X279.038000 Y65.022000 Z-0.125000
G01 X279.149000 Y64.914000 Z-0.125000
G01 X279.351000 Y65.017000 Z-0.125000
G01 X281.773000 Y67.439000 Z-0.125000
G01 X281.978000 Y67.544000 Z-0.125000
G01 X282.094000 Y67.441000 Z-0.125000
G01 X282.091000 Y67.220000 Z-0.125000
G01 X281.937000 Y66.967000 Z-0.125000
G01 X279.499000 Y64.528000 Z-0.125000
G01 X279.422000 Y64.352000 Z-0.125000
G01 X279.587000 Y64.299000 Z-0.125000
G01 X280.153000 Y64.546000 Z-0.125000
G01 X282.102000 Y66.495000 Z-0.125000
G01 X282.306000 Y66.600000 Z-0.125000
G01 X282.422000 Y66.497000 Z-0.125000
G01 X282.418000 Y66.275000 Z-0.125000
G01 X282.265000 Y66.022000 Z-0.125000
G01 X280.789000 Y64.546000 Z-0.125000
G01 X280.709000 Y64.367000 Z-0.125000
G01 X280.868000 Y64.307000 Z-0.125000
G01 X281.425000 Y64.546000 Z-0.125000
G01 X282.427000 Y65.548000 Z-0.125000
G01 X282.631000 Y65.653000 Z-0.125000
G01 X282.746000 Y65.550000 Z-0.125000
G01 X282.743000 Y65.327000 Z-0.125000
G01 X282.589000 Y65.074000 Z-0.125000
G01 X282.070000 Y64.555000 Z-0.125000
G01 X281.995000 Y64.381000 Z-0.125000
G01 X282.164000 Y64.331000 Z-0.125000
G01 X282.734000 Y64.583000 Z-0.125000
G01 X282.989000 Y64.838000 Z-0.125000
G00 Z5.000000

(End cutting path id: path8334)


(Start cutting path id: path8334)
(Change tool to Default tool)

G00 Z5.000000
G00 X276.898000 Y71.098000

G01 Z-0.125000 F100.0(Penetrate)
G01 X274.940000 Y77.380000 Z-0.125000 F400.000000
G01 X273.799000 Y74.338000 Z-0.125000
G01 X272.700000 Y70.976000 Z-0.125000
G01 X274.798000 Y70.931000 Z-0.125000
G01 X276.898000 Y71.098000 Z-0.125000
G01 X276.898000 Y71.098000 Z-0.125000
G00 Z5.000000

(End cutting path id: path8334)


(Start cutting path id: path8334)
(Change tool to Default tool)

G00 Z5.000000
G00 X275.110000 Y77.311000

G01 Z-0.125000 F100.0(Penetrate)
G01 X277.470000 Y79.672000 Z-0.125000 F400.000000
G01 X277.675000 Y79.777000 Z-0.125000
G01 X277.792000 Y79.675000 Z-0.125000
G01 X277.789000 Y79.454000 Z-0.125000
G01 X277.636000 Y79.201000 Z-0.125000
G01 X275.510000 Y77.076000 Z-0.125000
G01 X275.356000 Y76.822000 Z-0.125000
G01 X275.351000 Y76.598000 Z-0.125000
G01 X275.465000 Y76.494000 Z-0.125000
G01 X275.669000 Y76.598000 Z-0.125000
G01 X277.802000 Y78.731000 Z-0.125000
G01 X278.007000 Y78.836000 Z-0.125000
G01 X278.123000 Y78.734000 Z-0.125000
G01 X278.120000 Y78.513000 Z-0.125000
G01 X277.967000 Y78.261000 Z-0.125000
G01 X275.822000 Y76.115000 Z-0.125000
G01 X275.660000 Y75.635000 Z-0.125000
G01 X275.772000 Y75.529000 Z-0.125000
G01 X275.975000 Y75.632000 Z-0.125000
G01 X278.133000 Y77.790000 Z-0.125000
G01 X278.338000 Y77.896000 Z-0.125000
G01 X278.455000 Y77.794000 Z-0.125000
G01 X278.452000 Y77.572000 Z-0.125000
G01 X278.299000 Y77.320000 Z-0.125000
G01 X276.128000 Y75.149000 Z-0.125000
G01 X275.966000 Y74.669000 Z-0.125000
G01 X276.078000 Y74.563000 Z-0.125000
G01 X276.281000 Y74.666000 Z-0.125000
G01 X278.465000 Y76.850000 Z-0.125000
G01 X278.670000 Y76.955000 Z-0.125000
G01 X278.786000 Y76.853000 Z-0.125000
G01 X278.784000 Y76.632000 Z-0.125000
G01 X278.631000 Y76.379000 Z-0.125000
G01 X276.432000 Y74.180000 Z-0.125000
G01 X276.268000 Y73.698000 Z-0.125000
G01 X276.379000 Y73.591000 Z-0.125000
G01 X276.581000 Y73.694000 Z-0.125000
G01 X278.796000 Y75.909000 Z-0.125000
G01 X279.001000 Y76.014000 Z-0.125000
G01 X279.118000 Y75.912000 Z-0.125000
G01 X279.115000 Y75.691000 Z-0.125000
G01 X278.962000 Y75.439000 Z-0.125000
G01 X276.730000 Y73.207000 Z-0.125000
G01 X276.566000 Y72.725000 Z-0.125000
G01 X276.677000 Y72.617000 Z-0.125000
G01 X276.879000 Y72.720000 Z-0.125000
G01 X279.128000 Y74.968000 Z-0.125000
G01 X279.333000 Y75.074000 Z-0.125000
G01 X279.449000 Y74.972000 Z-0.125000
G01 X279.447000 Y74.750000 Z-0.125000
G01 X279.294000 Y74.498000 Z-0.125000
G01 X277.026000 Y72.231000 Z-0.125000
G01 X276.860000 Y71.746000 Z-0.125000
G01 X276.970000 Y71.637000 Z-0.125000
G01 X277.171000 Y71.739000 Z-0.125000
G01 X279.460000 Y74.028000 Z-0.125000
G01 X279.664000 Y74.133000 Z-0.125000
G01 X279.781000 Y74.031000 Z-0.125000
G01 X279.778000 Y73.810000 Z-0.125000
G01 X279.625000 Y73.557000 Z-0.125000
G01 X274.237000 Y68.169000 Z-0.125000
G01 X273.685000 Y67.935000 Z-0.125000
G01 X273.530000 Y67.998000 Z-0.125000
G01 X273.611000 Y68.179000 Z-0.125000
G01 X276.039000 Y70.608000 Z-0.125000
G01 X276.113000 Y70.781000 Z-0.125000
G01 X275.942000 Y70.829000 Z-0.125000
G01 X275.368000 Y70.572000 Z-0.125000
G01 X272.984000 Y68.189000 Z-0.125000
G01 X272.433000 Y67.955000 Z-0.125000
G01 X272.277000 Y68.018000 Z-0.125000
G01 X272.358000 Y68.199000 Z-0.125000
G01 X274.960000 Y70.801000 Z-0.125000
G00 Z5.000000

(End cutting path id: path8334)


(Start cutting path id: path8334)
(Change tool to Default tool)

G00 Z5.000000
G00 X272.601000 Y81.164000

G01 Z-0.125000 F100.0(Penetrate)
G01 X273.080000 Y81.643000 Z-0.125000 F400.000000
G01 X273.651000 Y81.895000 Z-0.125000
G01 X273.819000 Y81.845000 Z-0.125000
G01 X273.744000 Y81.670000 Z-0.125000
G01 X272.448000 Y80.375000 Z-0.125000
G01 X272.024000 Y79.633000 Z-0.125000
G01 X271.956000 Y79.346000 Z-0.125000
G01 X272.077000 Y79.368000 Z-0.125000
G01 X274.373000 Y81.663000 Z-0.125000
G01 X274.924000 Y81.897000 Z-0.125000
G01 X275.080000 Y81.834000 Z-0.125000
G01 X274.999000 Y81.653000 Z-0.125000
G01 X271.724000 Y78.378000 Z-0.125000
G01 X271.309000 Y77.645000 Z-0.125000
G01 X271.248000 Y77.366000 Z-0.125000
G01 X271.372000 Y77.390000 Z-0.125000
G01 X275.620000 Y81.638000 Z-0.125000
G01 X276.169000 Y81.869000 Z-0.125000
G01 X276.322000 Y81.804000 Z-0.125000
G01 X276.241000 Y81.623000 Z-0.125000
G01 X271.022000 Y76.405000 Z-0.125000
G01 X270.609000 Y75.673000 Z-0.125000
G01 X270.549000 Y75.394000 Z-0.125000
G01 X270.673000 Y75.419000 Z-0.125000
G01 X276.810000 Y81.556000 Z-0.125000
G01 X277.015000 Y81.662000 Z-0.125000
G01 X277.131000 Y81.559000 Z-0.125000
G01 X277.128000 Y81.337000 Z-0.125000
G01 X276.975000 Y81.085000 Z-0.125000
G01 X270.323000 Y74.433000 Z-0.125000
G01 X269.910000 Y73.702000 Z-0.125000
G01 X269.850000 Y73.423000 Z-0.125000
G01 X269.974000 Y73.448000 Z-0.125000
G01 X277.140000 Y80.613000 Z-0.125000
G01 X277.344000 Y80.719000 Z-0.125000
G01 X277.461000 Y80.616000 Z-0.125000
G01 X277.458000 Y80.395000 Z-0.125000
G01 X277.304000 Y80.142000 Z-0.125000
G01 X269.624000 Y72.462000 Z-0.125000
G01 X269.211000 Y71.731000 Z-0.125000
G01 X269.151000 Y71.452000 Z-0.125000
G01 X269.275000 Y71.477000 Z-0.125000
G01 X274.280000 Y76.481000 Z-0.125000
G01 X274.400000 Y76.503000 Z-0.125000
G01 X274.333000 Y76.216000 Z-0.125000
G01 X273.908000 Y75.474000 Z-0.125000
G01 X268.925000 Y70.491000 Z-0.125000
G01 X268.477000 Y69.724000 Z-0.125000
G01 X268.392000 Y69.421000 Z-0.125000
G01 X268.505000 Y69.434000 Z-0.125000
G01 X273.557000 Y74.486000 Z-0.125000
G01 X273.683000 Y74.513000 Z-0.125000
G01 X273.625000 Y74.237000 Z-0.125000
G01 X273.216000 Y73.510000 Z-0.125000
G01 X268.227000 Y68.520000 Z-0.125000
G01 X267.813000 Y67.789000 Z-0.125000
G01 X267.753000 Y67.510000 Z-0.125000
G01 X267.877000 Y67.534000 Z-0.125000
G01 X272.887000 Y72.544000 Z-0.125000
G01 X273.016000 Y72.574000 Z-0.125000
G01 X272.968000 Y72.307000 Z-0.125000
G01 X272.573000 Y71.594000 Z-0.125000
G01 X267.536000 Y66.557000 Z-0.125000
G01 X267.130000 Y65.833000 Z-0.125000
G01 X267.074000 Y65.559000 Z-0.125000
G01 X267.201000 Y65.586000 Z-0.125000
G01 X272.387000 Y70.772000 Z-0.125000
G01 X272.636000 Y70.921000 Z-0.125000
G01 X272.848000 Y70.915000 Z-0.125000
G01 X272.941000 Y70.790000 Z-0.125000
G01 X272.832000 Y70.581000 Z-0.125000
G01 X266.892000 Y64.641000 Z-0.125000
G01 X266.803000 Y64.453000 Z-0.125000
G01 X266.942000 Y64.373000 Z-0.125000
G01 X267.469000 Y64.582000 Z-0.125000
G01 X273.457000 Y70.570000 Z-0.125000
G01 X274.010000 Y70.805000 Z-0.125000
G01 X274.168000 Y70.744000 Z-0.125000
G01 X274.087000 Y70.564000 Z-0.125000
G01 X268.042000 Y64.519000 Z-0.125000
G01 X267.967000 Y64.344000 Z-0.125000
G01 X268.135000 Y64.294000 Z-0.125000
G01 X268.705000 Y64.545000 Z-0.125000
G01 X271.085000 Y66.925000 Z-0.125000
G01 X271.215000 Y66.956000 Z-0.125000
G01 X271.168000 Y66.691000 Z-0.125000
G01 X270.775000 Y65.979000 Z-0.125000
G01 X269.341000 Y64.545000 Z-0.125000
G01 X269.261000 Y64.366000 Z-0.125000
G01 X269.420000 Y64.306000 Z-0.125000
G01 X269.977000 Y64.545000 Z-0.125000
G01 X270.703000 Y65.271000 Z-0.125000
G00 Z5.000000

(End cutting path id: path8334)


(Start cutting path id: path8334)
(Change tool to Default tool)

G00 Z5.000000
G00 X256.789000 Y78.710000

G01 Z-0.125000 F100.0(Penetrate)
G01 X259.986000 Y81.908000 Z-0.125000 F400.000000
G01 X260.486000 Y82.089000 Z-0.125000
G01 X260.606000 Y81.990000 Z-0.125000
G01 X260.509000 Y81.794000 Z-0.125000
G01 X258.006000 Y79.291000 Z-0.125000
G01 X257.940000 Y79.126000 Z-0.125000
G01 X258.130000 Y79.097000 Z-0.125000
G01 X258.731000 Y79.380000 Z-0.125000
G01 X261.001000 Y81.650000 Z-0.125000
G01 X261.253000 Y81.803000 Z-0.125000
G01 X261.474000 Y81.805000 Z-0.125000
G01 X261.575000 Y81.688000 Z-0.125000
G01 X261.470000 Y81.483000 Z-0.125000
G01 X259.337000 Y79.350000 Z-0.125000
G01 X259.244000 Y79.157000 Z-0.125000
G01 X259.372000 Y79.067000 Z-0.125000
G01 X259.885000 Y79.261000 Z-0.125000
G01 X261.912000 Y81.288000 Z-0.125000
G01 X262.156000 Y81.433000 Z-0.125000
G01 X262.359000 Y81.418000 Z-0.125000
G01 X262.443000 Y81.283000 Z-0.125000
G01 X262.329000 Y81.070000 Z-0.125000
G01 X260.373000 Y79.114000 Z-0.125000
G01 X260.264000 Y78.905000 Z-0.125000
G01 X260.358000 Y78.781000 Z-0.125000
G01 X260.571000 Y78.775000 Z-0.125000
G01 X260.820000 Y78.925000 Z-0.125000
G01 X262.721000 Y80.826000 Z-0.125000
G01 X262.958000 Y80.963000 Z-0.125000
G01 X263.143000 Y80.930000 Z-0.125000
G01 X263.210000 Y80.778000 Z-0.125000
G01 X263.088000 Y80.557000 Z-0.125000
G01 X261.211000 Y78.679000 Z-0.125000
G01 X261.086000 Y78.455000 Z-0.125000
G01 X261.145000 Y78.295000 Z-0.125000
G01 X261.323000 Y78.255000 Z-0.125000
G01 X261.556000 Y78.388000 Z-0.125000
G01 X263.435000 Y80.267000 Z-0.125000
G01 X263.665000 Y80.398000 Z-0.125000
G01 X263.837000 Y80.352000 Z-0.125000
G01 X263.890000 Y80.186000 Z-0.125000
G01 X263.762000 Y79.959000 Z-0.125000
G01 X261.854000 Y78.050000 Z-0.125000
G01 X261.714000 Y77.811000 Z-0.125000
G01 X261.741000 Y77.619000 Z-0.125000
G01 X261.887000 Y77.546000 Z-0.125000
G01 X262.105000 Y77.665000 Z-0.125000
G01 X264.072000 Y79.632000 Z-0.125000
G01 X264.296000 Y79.757000 Z-0.125000
G01 X264.456000 Y79.698000 Z-0.125000
G01 X264.497000 Y79.520000 Z-0.125000
G01 X264.363000 Y79.287000 Z-0.125000
G01 X262.313000 Y77.237000 Z-0.125000
G01 X262.160000 Y76.985000 Z-0.125000
G01 X262.157000 Y76.763000 Z-0.125000
G01 X262.273000 Y76.660000 Z-0.125000
G01 X262.477000 Y76.765000 Z-0.125000
G01 X264.636000 Y78.925000 Z-0.125000
G01 X264.855000 Y79.044000 Z-0.125000
G01 X265.002000 Y78.972000 Z-0.125000
G01 X265.030000 Y78.781000 Z-0.125000
G01 X264.891000 Y78.543000 Z-0.125000
G01 X262.843000 Y76.495000 Z-0.125000
G01 X262.761000 Y76.313000 Z-0.125000
G01 X262.914000 Y76.248000 Z-0.125000
G01 X263.463000 Y76.478000 Z-0.125000
G01 X265.120000 Y78.136000 Z-0.125000
G01 X265.331000 Y78.248000 Z-0.125000
G01 X265.461000 Y78.159000 Z-0.125000
G01 X265.473000 Y77.952000 Z-0.125000
G01 X265.326000 Y77.706000 Z-0.125000
G01 X264.082000 Y76.462000 Z-0.125000
G01 X264.000000 Y76.281000 Z-0.125000
G01 X264.154000 Y76.215000 Z-0.125000
G01 X264.702000 Y76.446000 Z-0.125000
G01 X265.503000 Y77.247000 Z-0.125000
G01 X265.703000 Y77.348000 Z-0.125000
G01 X265.809000 Y77.235000 Z-0.125000
G01 X265.638000 Y76.746000 Z-0.125000
G01 X265.218000 Y76.325000 Z-0.125000
G01 X265.214000 Y76.222000 Z-0.125000
G01 X265.393000 Y76.183000 Z-0.125000
G01 X265.838000 Y76.309000 Z-0.125000
G01 X265.972000 Y76.444000 Z-0.125000
G00 Z5.000000

(End cutting path id: path8334)


(Start cutting path id: path8334)
(Change tool to Default tool)

G00 Z5.000000
G00 X251.723000 Y78.733000

G01 Z-0.125000 F100.0(Penetrate)
G01 X253.923000 Y80.933000 Z-0.125000 F400.000000
G01 X254.762000 Y81.453000 Z-0.125000
G01 X255.114000 Y81.587000 Z-0.125000
G01 X255.123000 Y81.496000 Z-0.125000
G01 X251.374000 Y77.747000 Z-0.125000
G01 X250.973000 Y77.028000 Z-0.125000
G01 X250.921000 Y76.758000 Z-0.125000
G01 X251.050000 Y76.787000 Z-0.125000
G01 X256.056000 Y81.793000 Z-0.125000
G01 X256.688000 Y82.107000 Z-0.125000
G01 X256.898000 Y82.099000 Z-0.125000
G01 X256.843000 Y81.943000 Z-0.125000
G01 X250.845000 Y75.946000 Z-0.125000
G01 X250.574000 Y75.357000 Z-0.125000
G01 X250.611000 Y75.175000 Z-0.125000
G01 X250.780000 Y75.245000 Z-0.125000
G01 X257.565000 Y82.029000 Z-0.125000
G01 X258.136000 Y82.283000 Z-0.125000
G01 X258.306000 Y82.234000 Z-0.125000
G01 X258.231000 Y82.060000 Z-0.125000
G01 X250.684000 Y74.512000 Z-0.125000
G01 X250.437000 Y73.948000 Z-0.125000
G01 X250.491000 Y73.784000 Z-0.125000
G01 X250.668000 Y73.861000 Z-0.125000
G01 X258.853000 Y82.046000 Z-0.125000
G01 X259.386000 Y82.260000 Z-0.125000
G01 X259.528000 Y82.184000 Z-0.125000
G01 X259.441000 Y81.997000 Z-0.125000
G01 X250.653000 Y73.210000 Z-0.125000
G01 X250.406000 Y72.644000 Z-0.125000
G01 X250.460000 Y72.479000 Z-0.125000
G01 X250.636000 Y72.556000 Z-0.125000
G01 X254.532000 Y76.453000 Z-0.125000
G01 X254.646000 Y76.467000 Z-0.125000
G01 X254.562000 Y76.164000 Z-0.125000
G01 X254.114000 Y75.398000 Z-0.125000
G01 X250.694000 Y71.978000 Z-0.125000
G01 X250.484000 Y71.451000 Z-0.125000
G01 X250.564000 Y71.311000 Z-0.125000
G01 X250.752000 Y71.400000 Z-0.125000
G01 X253.944000 Y74.592000 Z-0.125000
G01 X254.110000 Y74.658000 Z-0.125000
G01 X254.139000 Y74.470000 Z-0.125000
G01 X253.857000 Y73.869000 Z-0.125000
G01 X250.831000 Y70.843000 Z-0.125000
G01 X250.642000 Y70.336000 Z-0.125000
G01 X250.736000 Y70.212000 Z-0.125000
G01 X250.931000 Y70.307000 Z-0.125000
G01 X253.825000 Y73.201000 Z-0.125000
G01 X254.004000 Y73.281000 Z-0.125000
G01 X254.065000 Y73.123000 Z-0.125000
G01 X253.828000 Y72.568000 Z-0.125000
G01 X251.055000 Y69.795000 Z-0.125000
G01 X250.888000 Y69.310000 Z-0.125000
G01 X250.997000 Y69.201000 Z-0.125000
G01 X251.199000 Y69.303000 Z-0.125000
G01 X253.866000 Y71.970000 Z-0.125000
G01 X254.054000 Y72.058000 Z-0.125000
G01 X254.133000 Y71.919000 Z-0.125000
G01 X253.923000 Y71.391000 Z-0.125000
G01 X251.358000 Y68.826000 Z-0.125000
G01 X251.209000 Y68.578000 Z-0.125000
G01 X251.215000 Y68.365000 Z-0.125000
G01 X251.340000 Y68.272000 Z-0.125000
G01 X251.549000 Y68.381000 Z-0.125000
G01 X254.005000 Y70.837000 Z-0.125000
G01 X254.202000 Y70.935000 Z-0.125000
G01 X254.301000 Y70.815000 Z-0.125000
G01 X254.119000 Y70.315000 Z-0.125000
G01 X251.756000 Y67.952000 Z-0.125000
G01 X251.612000 Y67.709000 Z-0.125000
G01 X251.631000 Y67.508000 Z-0.125000
G01 X251.768000 Y67.427000 Z-0.125000
G01 X251.982000 Y67.542000 Z-0.125000
G01 X254.260000 Y69.819000 Z-0.125000
G01 X254.465000 Y69.925000 Z-0.125000
G01 X254.582000 Y69.824000 Z-0.125000
G01 X254.580000 Y69.603000 Z-0.125000
G01 X254.427000 Y69.351000 Z-0.125000
G01 X252.228000 Y67.152000 Z-0.125000
G01 X252.091000 Y66.916000 Z-0.125000
G01 X252.124000 Y66.730000 Z-0.125000
G01 X252.276000 Y66.663000 Z-0.125000
G01 X252.497000 Y66.785000 Z-0.125000
G01 X254.627000 Y68.914000 Z-0.125000
G01 X254.842000 Y69.030000 Z-0.125000
G01 X254.982000 Y68.951000 Z-0.125000
G01 X255.002000 Y68.753000 Z-0.125000
G01 X254.859000 Y68.511000 Z-0.125000
G01 X252.786000 Y66.438000 Z-0.125000
G01 X252.655000 Y66.207000 Z-0.125000
G01 X252.702000 Y66.035000 Z-0.125000
G01 X252.868000 Y65.982000 Z-0.125000
G01 X253.095000 Y66.110000 Z-0.125000
G01 X255.126000 Y68.141000 Z-0.125000
G01 X255.352000 Y68.268000 Z-0.125000
G01 X255.515000 Y68.212000 Z-0.125000
G01 X255.559000 Y68.038000 Z-0.125000
G01 X255.427000 Y67.807000 Z-0.125000
G01 X253.425000 Y65.805000 Z-0.125000
G01 X253.302000 Y65.582000 Z-0.125000
G01 X253.363000 Y65.425000 Z-0.125000
G01 X253.544000 Y65.387000 Z-0.125000
G01 X253.778000 Y65.522000 Z-0.125000
G01 X255.768000 Y67.512000 Z-0.125000
G01 X256.007000 Y67.651000 Z-0.125000
G01 X256.199000 Y67.624000 Z-0.125000
G01 X256.272000 Y67.478000 Z-0.125000
G01 X256.153000 Y67.260000 Z-0.125000
G01 X254.152000 Y65.259000 Z-0.125000
G01 X254.035000 Y65.043000 Z-0.125000
G01 X254.112000 Y64.901000 Z-0.125000
G01 X254.308000 Y64.878000 Z-0.125000
G01 X254.549000 Y65.020000 Z-0.125000
G01 X256.577000 Y67.048000 Z-0.125000
G01 X256.830000 Y67.202000 Z-0.125000
G01 X257.054000 Y67.207000 Z-0.125000
G01 X257.158000 Y67.092000 Z-0.125000
G01 X257.053000 Y66.888000 Z-0.125000
G01 X254.970000 Y64.805000 Z-0.125000
G01 X254.860000 Y64.596000 Z-0.125000
G01 X254.953000 Y64.470000 Z-0.125000
G01 X255.166000 Y64.464000 Z-0.125000
G01 X255.414000 Y64.613000 Z-0.125000
G01 X257.585000 Y66.784000 Z-0.125000
G01 X258.121000 Y67.001000 Z-0.125000
G01 X258.265000 Y66.927000 Z-0.125000
G01 X258.179000 Y66.742000 Z-0.125000
G01 X255.876000 Y64.439000 Z-0.125000
G01 X255.776000 Y64.239000 Z-0.125000
G01 X255.889000 Y64.134000 Z-0.125000
G01 X256.380000 Y64.306000 Z-0.125000
G01 X258.838000 Y66.765000 Z-0.125000
G01 X259.515000 Y67.123000 Z-0.125000
G01 X259.756000 Y67.146000 Z-0.125000
G01 X259.714000 Y67.005000 Z-0.125000
G01 X256.905000 Y64.195000 Z-0.125000
G01 X256.811000 Y64.002000 Z-0.125000
G01 X256.938000 Y63.911000 Z-0.125000
G01 X257.449000 Y64.103000 Z-0.125000
G01 X263.356000 Y70.011000 Z-0.125000
G01 X263.436000 Y70.189000 Z-0.125000
G01 X263.277000 Y70.249000 Z-0.125000
G01 X262.720000 Y70.011000 Z-0.125000
G01 X262.010000 Y69.301000 Z-0.125000
G00 Z5.000000

(End cutting path id: path8334)


(Start cutting path id: path8334)
(Change tool to Default tool)

G00 Z5.000000
G00 X256.303000 Y92.431000

G01 Z-0.125000 F100.0(Penetrate)
G01 X256.643000 Y94.123000 Z-0.125000 F400.000000
G01 X257.498000 Y95.683000 Z-0.125000
G01 X259.014000 Y97.306000 Z-0.125000
G01 X261.336000 Y99.185000 Z-0.125000
G01 X262.956000 Y100.492000 Z-0.125000
G01 X263.933000 Y101.454000 Z-0.125000
G01 X264.447000 Y102.458000 Z-0.125000
G01 X264.603000 Y103.490000 Z-0.125000
G01 X264.403000 Y104.453900 Z-0.125000
G01 X263.848000 Y105.254500 Z-0.125000
G01 X263.312000 Y105.574600 Z-0.125000
G01 X262.606000 Y105.752800 Z-0.125000
G01 X261.852000 Y105.772500 Z-0.125000
G01 X261.174000 Y105.617000 Z-0.125000
G01 X260.693000 Y105.267300 Z-0.125000
G01 X260.295000 Y104.694000 Z-0.125000
G01 X260.023000 Y103.979500 Z-0.125000
G01 X259.920000 Y103.205900 Z-0.125000
G01 X259.915000 Y102.521000 Z-0.125000
G01 X258.156000 Y102.521000 Z-0.125000
G01 X256.396000 Y102.521000 Z-0.125000
G01 X256.489000 Y103.809600 Z-0.125000
G01 X256.675000 Y104.993700 Z-0.125000
G01 X257.050000 Y106.037800 Z-0.125000
G01 X257.601000 Y106.933100 Z-0.125000
G01 X258.318000 Y107.671000 Z-0.125000
G01 X259.192000 Y108.242900 Z-0.125000
G01 X260.211000 Y108.640000 Z-0.125000
G01 X261.364000 Y108.853700 Z-0.125000
G01 X262.642000 Y108.875300 Z-0.125000
G01 X264.318000 Y108.601500 Z-0.125000
G01 X265.736000 Y107.998200 Z-0.125000
G01 X266.873000 Y107.080400 Z-0.125000
G01 X267.701000 Y105.862900 Z-0.125000
G01 X268.110000 Y104.754300 Z-0.125000
G01 X268.206000 Y103.360500 Z-0.125000
G01 X268.015000 Y101.632000 Z-0.125000
G01 X267.328000 Y100.153000 Z-0.125000
G01 X265.988000 Y98.695000 Z-0.125000
G01 X263.841000 Y97.033000 Z-0.125000
G01 X261.296000 Y95.050000 Z-0.125000
G01 X260.760000 Y94.487000 Z-0.125000
G01 X264.544000 Y94.487000 Z-0.125000
G01 X268.329000 Y94.487000 Z-0.125000
G01 X268.276000 Y92.889000 Z-0.125000
G01 X268.223000 Y91.291000 Z-0.125000
G01 X262.218000 Y91.243000 Z-0.125000
G01 X256.213000 Y91.195000 Z-0.125000
G01 X256.303000 Y92.431000 Z-0.125000
G00 Z5.000000

(End cutting path id: path8334)


(Start cutting path id: path8334)
(Change tool to Default tool)

G00 Z5.000000
G00 X254.779000 Y97.691000

G01 Z-0.125000 F100.0(Penetrate)
G01 X248.335000 Y91.247000 Z-0.125000 F400.000000
G01 X248.252000 Y91.065000 Z-0.125000
G01 X248.403000 Y90.997000 Z-0.125000
G01 X248.948000 Y91.224000 Z-0.125000
G01 X254.474000 Y96.750000 Z-0.125000
G01 X254.637000 Y96.813000 Z-0.125000
G01 X254.660000 Y96.618000 Z-0.125000
G01 X254.369000 Y96.009000 Z-0.125000
G01 X249.601000 Y91.240000 Z-0.125000
G01 X249.527000 Y91.068000 Z-0.125000
G01 X249.700000 Y91.022000 Z-0.125000
G01 X250.276000 Y91.280000 Z-0.125000
G01 X254.205000 Y95.209000 Z-0.125000
G01 X254.341000 Y95.245000 Z-0.125000
G01 X254.305000 Y94.991000 Z-0.125000
G01 X253.928000 Y94.296000 Z-0.125000
G01 X251.044000 Y91.412000 Z-0.125000
G01 X251.034000 Y91.302000 Z-0.125000
G01 X251.345000 Y91.395000 Z-0.125000
G01 X252.123000 Y91.855000 Z-0.125000
G01 X253.809000 Y93.541000 Z-0.125000
G00 Z5.000000

(End cutting path id: path8334)


(Start cutting path id: path8334)
(Change tool to Default tool)

G00 Z5.000000
G00 X250.237000 Y94.275000

G01 Z-0.125000 F100.0(Penetrate)
G01 X250.747000 Y94.962000 Z-0.125000 F400.000000
G01 X251.052000 Y95.943000 Z-0.125000
G01 X251.199000 Y97.490000 Z-0.125000
G01 X251.237000 Y99.874000 Z-0.125000
G01 X251.071000 Y103.694000 Z-0.125000
G01 X250.805000 Y104.674400 Z-0.125000
G01 X250.363000 Y105.366700 Z-0.125000
G01 X249.856000 Y105.754900 Z-0.125000
G01 X249.128000 Y105.936900 Z-0.125000
G01 X248.349000 Y105.925800 Z-0.125000
G01 X247.731000 Y105.547800 Z-0.125000
G01 X247.171000 Y104.927600 Z-0.125000
G01 X246.852000 Y104.013000 Z-0.125000
G01 X246.710000 Y102.447000 Z-0.125000
G01 X246.677000 Y99.874000 Z-0.125000
G01 X246.734000 Y96.782000 Z-0.125000
G01 X246.918000 Y95.360000 Z-0.125000
G01 X247.524000 Y94.386000 Z-0.125000
G01 X248.395000 Y93.842000 Z-0.125000
G01 X249.357000 Y93.786000 Z-0.125000
G01 X249.819000 Y93.959000 Z-0.125000
G01 X250.237000 Y94.275000 Z-0.125000
G01 X250.237000 Y94.275000 Z-0.125000
G00 Z5.000000

(End cutting path id: path8334)


(Start cutting path id: path8334)
(Change tool to Default tool)

G00 Z5.000000
G00 X246.897000 Y91.098000

G01 Z-0.125000 F100.0(Penetrate)
G01 X246.036000 Y91.479000 Z-0.125000 F400.000000
G01 X245.291000 Y91.971000 Z-0.125000
G01 X244.655000 Y92.585000 Z-0.125000
G01 X244.123000 Y93.334000 Z-0.125000
G01 X243.340000 Y95.279000 Z-0.125000
G01 X242.888000 Y97.896000 Z-0.125000
G01 X242.789000 Y100.535000 Z-0.125000
G01 X243.015000 Y103.003000 Z-0.125000
G01 X243.542000 Y105.137500 Z-0.125000
G01 X244.344000 Y106.778900 Z-0.125000
G01 X245.103000 Y107.609400 Z-0.125000
G01 X246.059000 Y108.242200 Z-0.125000
G01 X247.154000 Y108.671900 Z-0.125000
G01 X248.332000 Y108.893100 Z-0.125000
G01 X249.536000 Y108.900300 Z-0.125000
G01 X250.709000 Y108.688100 Z-0.125000
G01 X251.795000 Y108.251000 Z-0.125000
G01 X252.737000 Y107.583600 Z-0.125000
G01 X253.786000 Y106.316000 Z-0.125000
G01 X254.482000 Y104.699800 Z-0.125000
G01 X254.867000 Y102.585000 Z-0.125000
G01 X254.986000 Y99.821000 Z-0.125000
G01 X254.925000 Y97.842000 Z-0.125000
G01 X254.734000 Y96.194000 Z-0.125000
G01 X254.402000 Y94.811000 Z-0.125000
G01 X253.917000 Y93.626000 Z-0.125000
G01 X253.379000 Y92.827000 Z-0.125000
G01 X252.648000 Y92.094000 Z-0.125000
G01 X251.810000 Y91.501000 Z-0.125000
G01 X250.953000 Y91.121000 Z-0.125000
G01 X248.839000 Y90.853000 Z-0.125000
G01 X247.763000 Y90.911000 Z-0.125000
G01 X246.897000 Y91.098000 Z-0.125000
G01 X246.897000 Y91.098000 Z-0.125000
G00 Z5.000000

(End cutting path id: path8334)


(Start cutting path id: path8334)
(Change tool to Default tool)

G00 Z5.000000
G00 X235.452000 Y96.175000

G01 Z-0.125000 F100.0(Penetrate)
G01 X240.512000 Y101.234000 Z-0.125000 F400.000000
G01 X240.654000 Y101.277000 Z-0.125000
G01 X240.631000 Y101.036000 Z-0.125000
G01 X240.274000 Y100.360000 Z-0.125000
G01 X237.796000 Y97.883000 Z-0.125000
G00 Z5.000000

(End cutting path id: path8334)


(Start cutting path id: path8334)
(Change tool to Default tool)

G00 Z5.000000
G00 X232.609000 Y97.778000

G01 Z-0.125000 F100.0(Penetrate)
G01 X230.576000 Y95.745000 Z-0.125000 F400.000000
G01 X230.052000 Y94.903000 Z-0.125000
G01 X229.915000 Y94.548000 Z-0.125000
G01 X230.005000 Y94.538000 Z-0.125000
G01 X240.502000 Y105.034800 Z-0.125000
G01 X240.704000 Y105.137600 Z-0.125000
G01 X240.815000 Y105.029700 Z-0.125000
G01 X240.651000 Y104.547400 Z-0.125000
G01 X229.772000 Y93.669000 Z-0.125000
G01 X229.449000 Y93.027000 Z-0.125000
G01 X229.450000 Y92.810000 Z-0.125000
G01 X229.603000 Y92.863000 Z-0.125000
G01 X240.727000 Y103.987200 Z-0.125000
G01 X240.906000 Y104.067100 Z-0.125000
G01 X240.966000 Y103.908900 Z-0.125000
G01 X240.729000 Y103.353400 Z-0.125000
G01 X229.501000 Y92.126000 Z-0.125000
G01 X229.353000 Y91.879000 Z-0.125000
G01 X229.361000 Y91.668000 Z-0.125000
G01 X229.489000 Y91.577000 Z-0.125000
G01 X229.698000 Y91.687000 Z-0.125000
G01 X240.703000 Y102.692000 Z-0.125000
G01 X240.874000 Y102.763000 Z-0.125000
G01 X240.915000 Y102.586000 Z-0.125000
G01 X240.651000 Y102.003000 Z-0.125000
G01 X230.296000 Y91.649000 Z-0.125000
G01 X230.214000 Y91.467000 Z-0.125000
G01 X230.366000 Y91.401000 Z-0.125000
G01 X230.913000 Y91.630000 Z-0.125000
G01 X233.578000 Y94.295000 Z-0.125000
G01 X234.079000 Y94.477000 Z-0.125000
G01 X234.199000 Y94.379000 Z-0.125000
G01 X234.102000 Y94.183000 Z-0.125000
G01 X231.538000 Y91.618000 Z-0.125000
G01 X231.457000 Y91.438000 Z-0.125000
G01 X231.613000 Y91.376000 Z-0.125000
G01 X232.166000 Y91.610000 Z-0.125000
G01 X234.702000 Y94.146000 Z-0.125000
G01 X235.250000 Y94.376000 Z-0.125000
G01 X235.403000 Y94.311000 Z-0.125000
G01 X235.321000 Y94.129000 Z-0.125000
G01 X232.798000 Y91.606000 Z-0.125000
G01 X232.719000 Y91.427000 Z-0.125000
G01 X232.878000 Y91.368000 Z-0.125000
G01 X233.434000 Y91.606000 Z-0.125000
G01 X235.951000 Y94.123000 Z-0.125000
G01 X236.506000 Y94.359000 Z-0.125000
G01 X236.663000 Y94.298000 Z-0.125000
G01 X236.583000 Y94.119000 Z-0.125000
G01 X234.073000 Y91.608000 Z-0.125000
G01 X233.993000 Y91.429000 Z-0.125000
G01 X234.153000 Y91.370000 Z-0.125000
G01 X234.711000 Y91.610000 Z-0.125000
G01 X237.225000 Y94.124000 Z-0.125000
G01 X237.776000 Y94.358000 Z-0.125000
G01 X237.932000 Y94.295000 Z-0.125000
G01 X237.851000 Y94.115000 Z-0.125000
G01 X235.349000 Y91.612000 Z-0.125000
G01 X235.270000 Y91.434000 Z-0.125000
G01 X235.431000 Y91.376000 Z-0.125000
G01 X235.989000 Y91.617000 Z-0.125000
G01 X238.487000 Y94.115000 Z-0.125000
G01 X239.044000 Y94.354000 Z-0.125000
G01 X239.203000 Y94.294000 Z-0.125000
G01 X239.123000 Y94.115000 Z-0.125000
G01 X236.631000 Y91.622000 Z-0.125000
G01 X236.552000 Y91.444000 Z-0.125000
G01 X236.713000 Y91.387000 Z-0.125000
G01 X237.272000 Y91.627000 Z-0.125000
G01 X239.760000 Y94.115000 Z-0.125000
G01 X240.316000 Y94.354000 Z-0.125000
G01 X240.475000 Y94.294000 Z-0.125000
G01 X240.396000 Y94.115000 Z-0.125000
G01 X237.913000 Y91.633000 Z-0.125000
G01 X237.835000 Y91.455000 Z-0.125000
G01 X237.995000 Y91.397000 Z-0.125000
G01 X238.555000 Y91.638000 Z-0.125000
G01 X240.932000 Y94.015000 Z-0.125000
G01 X241.107000 Y94.091000 Z-0.125000
G01 X241.159000 Y93.924000 Z-0.125000
G01 X240.910000 Y93.357000 Z-0.125000
G01 X239.196000 Y91.643000 Z-0.125000
G01 X239.117000 Y91.465000 Z-0.125000
G01 X239.278000 Y91.407000 Z-0.125000
G01 X239.837000 Y91.648000 Z-0.125000
G01 X240.888000 Y92.699000 Z-0.125000
G01 X241.064000 Y92.775000 Z-0.125000
G01 X241.116000 Y92.608000 Z-0.125000
G01 X240.866000 Y92.041000 Z-0.125000
G01 X240.341000 Y91.515000 Z-0.125000
G01 X240.561000 Y91.417000 Z-0.125000
G01 X240.982000 Y91.520000 Z-0.125000
G01 X241.083000 Y91.621000 Z-0.125000
G00 Z5.000000

(End cutting path id: path8334)


(Start cutting path id: path8334)
(Change tool to Default tool)

G00 Z5.000000
G00 X229.154000 Y91.371000

G01 Z-0.125000 F100.0(Penetrate)
G01 X229.232000 Y92.671000 Z-0.125000 F400.000000
G01 X229.687000 Y94.403000 Z-0.125000
G01 X230.235000 Y95.417000 Z-0.125000
G01 X231.072000 Y96.449000 Z-0.125000
G01 X232.288000 Y97.595000 Z-0.125000
G01 X233.973000 Y98.950000 Z-0.125000
G01 X235.933000 Y100.563000 Z-0.125000
G01 X237.087000 Y101.844000 Z-0.125000
G01 X237.556000 Y102.975000 Z-0.125000
G01 X237.463000 Y104.137600 Z-0.125000
G01 X237.192000 Y104.795100 Z-0.125000
G01 X236.775000 Y105.283100 Z-0.125000
G01 X236.212000 Y105.603700 Z-0.125000
G01 X235.499000 Y105.758900 Z-0.125000
G01 X234.435000 Y105.722400 Z-0.125000
G01 X233.673000 Y105.365500 Z-0.125000
G01 X233.179000 Y104.658900 Z-0.125000
G01 X232.917000 Y103.573100 Z-0.125000
G01 X232.800000 Y102.612000 Z-0.125000
G01 X231.065000 Y102.612000 Z-0.125000
G01 X229.330000 Y102.612000 Z-0.125000
G01 X229.393000 Y103.608900 Z-0.125000
G01 X229.832000 Y105.579200 Z-0.125000
G01 X230.241000 Y106.473000 Z-0.125000
G01 X230.731000 Y107.185200 Z-0.125000
G01 X231.418000 Y107.770400 Z-0.125000
G01 X232.310000 Y108.311400 Z-0.125000
G01 X233.478000 Y108.736600 Z-0.125000
G01 X235.173000 Y108.820900 Z-0.125000
G01 X236.856000 Y108.738300 Z-0.125000
G01 X238.005000 Y108.349300 Z-0.125000
G01 X238.883000 Y107.851400 Z-0.125000
G01 X239.617000 Y107.245200 Z-0.125000
G01 X240.219000 Y106.519300 Z-0.125000
G01 X240.700000 Y105.662500 Z-0.125000
G01 X241.055000 Y104.585100 Z-0.125000
G01 X241.078000 Y103.105000 Z-0.125000
G01 X240.868000 Y101.390000 Z-0.125000
G01 X240.614000 Y100.688000 Z-0.125000
G01 X240.210000 Y100.022000 Z-0.125000
G01 X238.810000 Y98.603000 Z-0.125000
G01 X236.372000 Y96.733000 Z-0.125000
G01 X233.846000 Y94.715000 Z-0.125000
G01 X233.988000 Y94.604000 Z-0.125000
G01 X234.573000 Y94.534000 Z-0.125000
G01 X237.539000 Y94.487000 Z-0.125000
G01 X241.305000 Y94.487000 Z-0.125000
G01 X241.252000 Y92.889000 Z-0.125000
G01 X241.199000 Y91.291000 Z-0.125000
G01 X235.231000 Y91.243000 Z-0.125000
G01 X230.832000 Y91.255000 Z-0.125000
G01 X229.154000 Y91.371000 Z-0.125000
G01 X229.154000 Y91.371000 Z-0.125000
G00 Z5.000000

(End cutting path id: path8334)


(Start cutting path id: path8334)
(Change tool to Default tool)

G00 Z5.000000
G00 X225.240000 Y80.873000

G01 Z-0.125000 F100.0(Penetrate)
G01 X226.058000 Y81.691000 Z-0.125000 F400.000000
G01 X226.608000 Y81.923000 Z-0.125000
G01 X226.762000 Y81.858000 Z-0.125000
G01 X226.680000 Y81.677000 Z-0.125000
G01 X225.114000 Y80.111000 Z-0.125000
G01 X224.696000 Y79.375000 Z-0.125000
G01 X224.632000 Y79.092000 Z-0.125000
G01 X224.755000 Y79.116000 Z-0.125000
G01 X227.301000 Y81.662000 Z-0.125000
G01 X227.850000 Y81.893000 Z-0.125000
G01 X228.004000 Y81.828000 Z-0.125000
G01 X227.922000 Y81.647000 Z-0.125000
G01 X224.399000 Y78.124000 Z-0.125000
G01 X223.984000 Y77.391000 Z-0.125000
G01 X223.922000 Y77.110000 Z-0.125000
G01 X224.046000 Y77.135000 Z-0.125000
G01 X228.544000 Y81.632000 Z-0.125000
G01 X229.093000 Y81.863000 Z-0.125000
G01 X229.247000 Y81.799000 Z-0.125000
G01 X229.165000 Y81.617000 Z-0.125000
G01 X223.693000 Y76.145000 Z-0.125000
G01 X223.277000 Y75.412000 Z-0.125000
G01 X223.216000 Y75.131000 Z-0.125000
G01 X223.339000 Y75.156000 Z-0.125000
G01 X229.609000 Y81.425000 Z-0.125000
G01 X229.814000 Y81.531000 Z-0.125000
G01 X229.930000 Y81.429000 Z-0.125000
G01 X229.928000 Y81.207000 Z-0.125000
G01 X229.775000 Y80.955000 Z-0.125000
G01 X222.986000 Y74.166000 Z-0.125000
G01 X222.571000 Y73.433000 Z-0.125000
G01 X222.509000 Y73.153000 Z-0.125000
G01 X222.633000 Y73.177000 Z-0.125000
G01 X229.941000 Y80.485000 Z-0.125000
G01 X230.145000 Y80.590000 Z-0.125000
G01 X230.262000 Y80.488000 Z-0.125000
G01 X230.259000 Y80.267000 Z-0.125000
G01 X230.106000 Y80.015000 Z-0.125000
G01 X222.282000 Y72.190000 Z-0.125000
G01 X221.869000 Y71.459000 Z-0.125000
G01 X221.809000 Y71.180000 Z-0.125000
G01 X221.933000 Y71.205000 Z-0.125000
G01 X226.979000 Y76.251000 Z-0.125000
G01 X227.099000 Y76.272000 Z-0.125000
G01 X227.029000 Y75.983000 Z-0.125000
G01 X226.602000 Y75.238000 Z-0.125000
G01 X221.584000 Y70.220000 Z-0.125000
G01 X221.171000 Y69.489000 Z-0.125000
G01 X221.111000 Y69.210000 Z-0.125000
G01 X221.235000 Y69.235000 Z-0.125000
G01 X226.240000 Y74.239000 Z-0.125000
G01 X226.368000 Y74.269000 Z-0.125000
G01 X226.318000 Y74.000000 Z-0.125000
G01 X225.919000 Y73.283000 Z-0.125000
G01 X220.886000 Y68.250000 Z-0.125000
G01 X220.441000 Y67.487000 Z-0.125000
G01 X220.359000 Y67.186000 Z-0.125000
G01 X220.473000 Y67.201000 Z-0.125000
G01 X225.600000 Y72.328000 Z-0.125000
G01 X225.729000 Y72.358000 Z-0.125000
G01 X225.679000 Y72.089000 Z-0.125000
G01 X225.281000 Y71.373000 Z-0.125000
G01 X220.193000 Y66.285000 Z-0.125000
G01 X219.776000 Y65.550000 Z-0.125000
G01 X219.712000 Y65.268000 Z-0.125000
G01 X219.835000 Y65.291000 Z-0.125000
G01 X225.112000 Y70.568000 Z-0.125000
G01 X225.664000 Y70.802000 Z-0.125000
G01 X225.820000 Y70.739000 Z-0.125000
G01 X225.739000 Y70.559000 Z-0.125000
G01 X219.765000 Y64.585000 Z-0.125000
G01 X219.684000 Y64.404000 Z-0.125000
G01 X219.838000 Y64.340000 Z-0.125000
G01 X220.389000 Y64.573000 Z-0.125000
G01 X226.375000 Y70.559000 Z-0.125000
G01 X226.932000 Y70.797000 Z-0.125000
G01 X227.091000 Y70.738000 Z-0.125000
G01 X227.011000 Y70.559000 Z-0.125000
G01 X221.029000 Y64.577000 Z-0.125000
G01 X220.952000 Y64.400000 Z-0.125000
G01 X221.115000 Y64.345000 Z-0.125000
G01 X221.678000 Y64.589000 Z-0.125000
G01 X223.785000 Y66.697000 Z-0.125000
G01 X223.915000 Y66.727000 Z-0.125000
G01 X223.865000 Y66.458000 Z-0.125000
G01 X223.467000 Y65.743000 Z-0.125000
G01 X222.331000 Y64.606000 Z-0.125000
G01 X222.254000 Y64.430000 Z-0.125000
G01 X222.418000 Y64.376000 Z-0.125000
G01 X222.983000 Y64.622000 Z-0.125000
G01 X223.388000 Y65.027000 Z-0.125000
G00 Z5.000000

(End cutting path id: path8334)


(Start cutting path id: path8334)
(Change tool to Default tool)

G00 Z5.000000
G00 X228.759000 Y74.081000

G01 Z-0.125000 F100.0(Penetrate)
G01 X227.716000 Y77.412000 Z-0.125000 F400.000000
G01 X227.348000 Y76.562000 Z-0.125000
G01 X226.545000 Y74.262000 Z-0.125000
G01 X225.432000 Y70.931000 Z-0.125000
G01 X227.587000 Y70.931000 Z-0.125000
G01 X229.743000 Y70.931000 Z-0.125000
G01 X228.759000 Y74.081000 Z-0.125000
G00 Z5.000000

(End cutting path id: path8334)


(Start cutting path id: path8334)
(Change tool to Default tool)

G00 Z5.000000
G00 X227.921000 Y77.194000

G01 Z-0.125000 F100.0(Penetrate)
G01 X230.272000 Y79.545000 Z-0.125000 F400.000000
G01 X230.477000 Y79.650000 Z-0.125000
G01 X230.593000 Y79.548000 Z-0.125000
G01 X230.591000 Y79.327000 Z-0.125000
G01 X230.438000 Y79.075000 Z-0.125000
G01 X228.312000 Y76.948000 Z-0.125000
G01 X228.149000 Y76.468000 Z-0.125000
G01 X228.261000 Y76.361000 Z-0.125000
G01 X228.463000 Y76.464000 Z-0.125000
G01 X230.604000 Y78.604000 Z-0.125000
G01 X230.808000 Y78.710000 Z-0.125000
G01 X230.925000 Y78.608000 Z-0.125000
G01 X230.922000 Y78.386000 Z-0.125000
G01 X230.769000 Y78.134000 Z-0.125000
G01 X228.615000 Y75.979000 Z-0.125000
G01 X228.452000 Y75.499000 Z-0.125000
G01 X228.564000 Y75.392000 Z-0.125000
G01 X228.767000 Y75.495000 Z-0.125000
G01 X230.935000 Y77.664000 Z-0.125000
G01 X231.140000 Y77.769000 Z-0.125000
G01 X231.257000 Y77.667000 Z-0.125000
G01 X231.254000 Y77.446000 Z-0.125000
G01 X231.101000 Y77.194000 Z-0.125000
G01 X228.918000 Y75.011000 Z-0.125000
G01 X228.755000 Y74.530000 Z-0.125000
G01 X228.867000 Y74.423000 Z-0.125000
G01 X229.070000 Y74.526000 Z-0.125000
G01 X231.267000 Y76.723000 Z-0.125000
G01 X231.472000 Y76.829000 Z-0.125000
G01 X231.589000 Y76.727000 Z-0.125000
G01 X231.586000 Y76.506000 Z-0.125000
G01 X231.433000 Y76.253000 Z-0.125000
G01 X229.221000 Y74.041000 Z-0.125000
G01 X229.058000 Y73.561000 Z-0.125000
G01 X229.170000 Y73.454000 Z-0.125000
G01 X229.373000 Y73.557000 Z-0.125000
G01 X231.599000 Y75.783000 Z-0.125000
G01 X231.804000 Y75.888000 Z-0.125000
G01 X231.920000 Y75.786000 Z-0.125000
G01 X231.918000 Y75.565000 Z-0.125000
G01 X231.765000 Y75.313000 Z-0.125000
G01 X229.524000 Y73.072000 Z-0.125000
G01 X229.361000 Y72.591000 Z-0.125000
G01 X229.473000 Y72.484000 Z-0.125000
G01 X229.675000 Y72.587000 Z-0.125000
G01 X231.931000 Y74.843000 Z-0.125000
G01 X232.135000 Y74.948000 Z-0.125000
G01 X232.252000 Y74.846000 Z-0.125000
G01 X232.249000 Y74.625000 Z-0.125000
G01 X232.096000 Y74.372000 Z-0.125000
G01 X229.827000 Y72.103000 Z-0.125000
G01 X229.664000 Y71.622000 Z-0.125000
G01 X229.776000 Y71.515000 Z-0.125000
G01 X229.978000 Y71.618000 Z-0.125000
G01 X232.262000 Y73.902000 Z-0.125000
G01 X232.467000 Y74.008000 Z-0.125000
G01 X232.584000 Y73.906000 Z-0.125000
G01 X232.581000 Y73.684000 Z-0.125000
G01 X232.428000 Y73.432000 Z-0.125000
G01 X227.140000 Y68.144000 Z-0.125000
G01 X226.579000 Y67.900000 Z-0.125000
G01 X226.416000 Y67.956000 Z-0.125000
G01 X226.494000 Y68.134000 Z-0.125000
G01 X228.919000 Y70.559000 Z-0.125000
G01 X228.999000 Y70.738000 Z-0.125000
G01 X228.840000 Y70.797000 Z-0.125000
G01 X228.283000 Y70.559000 Z-0.125000
G01 X225.848000 Y68.124000 Z-0.125000
G01 X225.286000 Y67.880000 Z-0.125000
G01 X225.124000 Y67.936000 Z-0.125000
G01 X225.202000 Y68.113000 Z-0.125000
G01 X227.885000 Y70.797000 Z-0.125000
G00 Z5.000000

(End cutting path id: path8334)


(Start cutting path id: path8334)
(Change tool to Default tool)

G00 Z5.000000
G00 X213.671000 Y81.386000

G01 Z-0.125000 F100.0(Penetrate)
G01 X213.983000 Y81.698000 Z-0.125000 F400.000000
G01 X214.540000 Y81.936000 Z-0.125000
G01 X214.699000 Y81.877000 Z-0.125000
G01 X214.619000 Y81.698000 Z-0.125000
G01 X213.905000 Y80.983000 Z-0.125000
G01 X213.663000 Y80.424000 Z-0.125000
G01 X213.721000 Y80.263000 Z-0.125000
G01 X213.900000 Y80.342000 Z-0.125000
G01 X215.256000 Y81.698000 Z-0.125000
G01 X215.812000 Y81.936000 Z-0.125000
G01 X215.971000 Y81.877000 Z-0.125000
G01 X215.892000 Y81.698000 Z-0.125000
G01 X213.894000 Y79.701000 Z-0.125000
G01 X213.653000 Y79.141000 Z-0.125000
G01 X213.711000 Y78.981000 Z-0.125000
G01 X213.889000 Y79.059000 Z-0.125000
G01 X216.528000 Y81.698000 Z-0.125000
G01 X216.753000 Y81.823000 Z-0.125000
G01 X216.913000 Y81.765000 Z-0.125000
G01 X216.954000 Y81.587000 Z-0.125000
G01 X216.821000 Y81.355000 Z-0.125000
G01 X213.884000 Y78.418000 Z-0.125000
G01 X213.643000 Y77.859000 Z-0.125000
G01 X213.701000 Y77.698000 Z-0.125000
G01 X213.879000 Y77.777000 Z-0.125000
G01 X216.821000 Y80.719000 Z-0.125000
G01 X217.000000 Y80.798000 Z-0.125000
G01 X217.060000 Y80.639000 Z-0.125000
G01 X216.821000 Y80.083000 Z-0.125000
G01 X213.874000 Y77.136000 Z-0.125000
G01 X213.633000 Y76.576000 Z-0.125000
G01 X213.691000 Y76.416000 Z-0.125000
G01 X213.869000 Y76.494000 Z-0.125000
G01 X216.821000 Y79.446000 Z-0.125000
G01 X217.000000 Y79.526000 Z-0.125000
G01 X217.060000 Y79.367000 Z-0.125000
G01 X216.821000 Y78.810000 Z-0.125000
G01 X213.864000 Y75.853000 Z-0.125000
G01 X213.623000 Y75.294000 Z-0.125000
G01 X213.681000 Y75.133000 Z-0.125000
G01 X213.859000 Y75.212000 Z-0.125000
G01 X216.821000 Y78.174000 Z-0.125000
G01 X217.000000 Y78.254000 Z-0.125000
G01 X217.060000 Y78.095000 Z-0.125000
G01 X216.821000 Y77.538000 Z-0.125000
G01 X213.854000 Y74.571000 Z-0.125000
G01 X213.613000 Y74.011000 Z-0.125000
G01 X213.671000 Y73.851000 Z-0.125000
G01 X213.849000 Y73.929000 Z-0.125000
G01 X216.822000 Y76.902000 Z-0.125000
G01 X217.000000 Y76.982000 Z-0.125000
G01 X217.060000 Y76.823000 Z-0.125000
G01 X216.822000 Y76.266000 Z-0.125000
G01 X213.844000 Y73.288000 Z-0.125000
G01 X213.603000 Y72.729000 Z-0.125000
G01 X213.661000 Y72.568000 Z-0.125000
G01 X213.839000 Y72.647000 Z-0.125000
G01 X216.822000 Y75.630000 Z-0.125000
G01 X217.001000 Y75.709000 Z-0.125000
G01 X217.060000 Y75.550000 Z-0.125000
G01 X216.822000 Y74.994000 Z-0.125000
G01 X213.834000 Y72.006000 Z-0.125000
G01 X213.592000 Y71.446000 Z-0.125000
G01 X213.650000 Y71.286000 Z-0.125000
G01 X213.829000 Y71.364000 Z-0.125000
G01 X216.822000 Y74.358000 Z-0.125000
G01 X217.001000 Y74.437000 Z-0.125000
G01 X217.060000 Y74.278000 Z-0.125000
G01 X216.822000 Y73.722000 Z-0.125000
G01 X213.585000 Y70.485000 Z-0.125000
G00 Z5.000000

(End cutting path id: path8334)


(Start cutting path id: path8334)
(Change tool to Default tool)

G00 Z5.000000
G00 X202.799000 Y81.332000

G01 Z-0.125000 F100.0(Penetrate)
G01 X203.074000 Y81.607000 Z-0.125000 F400.000000
G01 X203.630000 Y81.846000 Z-0.125000
G01 X203.790000 Y81.786000 Z-0.125000
G01 X203.710000 Y81.607000 Z-0.125000
G01 X203.034000 Y80.931000 Z-0.125000
G01 X202.794000 Y80.373000 Z-0.125000
G01 X202.852000 Y80.213000 Z-0.125000
G01 X203.031000 Y80.292000 Z-0.125000
G01 X204.346000 Y81.607000 Z-0.125000
G01 X204.903000 Y81.846000 Z-0.125000
G01 X205.062000 Y81.786000 Z-0.125000
G01 X204.983000 Y81.607000 Z-0.125000
G01 X203.028000 Y79.652000 Z-0.125000
G01 X202.787000 Y79.094000 Z-0.125000
G01 X202.846000 Y78.934000 Z-0.125000
G01 X203.025000 Y79.013000 Z-0.125000
G01 X205.619000 Y81.607000 Z-0.125000
G01 X206.176000 Y81.846000 Z-0.125000
G01 X206.335000 Y81.786000 Z-0.125000
G01 X206.255000 Y81.607000 Z-0.125000
G01 X203.021000 Y78.373000 Z-0.125000
G01 X202.781000 Y77.815000 Z-0.125000
G01 X202.840000 Y77.655000 Z-0.125000
G01 X203.018000 Y77.734000 Z-0.125000
G01 X206.523000 Y81.239000 Z-0.125000
G01 X206.738000 Y81.355000 Z-0.125000
G01 X206.878000 Y81.275000 Z-0.125000
G01 X206.897000 Y81.076000 Z-0.125000
G01 X206.755000 Y80.834000 Z-0.125000
G01 X203.015000 Y77.094000 Z-0.125000
G01 X202.775000 Y76.536000 Z-0.125000
G01 X202.833000 Y76.376000 Z-0.125000
G01 X203.012000 Y76.455000 Z-0.125000
G01 X206.987000 Y80.430000 Z-0.125000
G01 X207.202000 Y80.545000 Z-0.125000
G01 X207.341000 Y80.466000 Z-0.125000
G01 X207.361000 Y80.267000 Z-0.125000
G01 X207.218000 Y80.025000 Z-0.125000
G01 X203.008000 Y75.815000 Z-0.125000
G01 X202.768000 Y75.257000 Z-0.125000
G01 X202.827000 Y75.097000 Z-0.125000
G01 X203.005000 Y75.176000 Z-0.125000
G01 X207.450000 Y79.620000 Z-0.125000
G01 X207.665000 Y79.736000 Z-0.125000
G01 X207.804000 Y79.657000 Z-0.125000
G01 X207.824000 Y79.458000 Z-0.125000
G01 X207.681000 Y79.216000 Z-0.125000
G01 X203.002000 Y74.536000 Z-0.125000
G01 X202.762000 Y73.978000 Z-0.125000
G01 X202.820000 Y73.818000 Z-0.125000
G01 X202.999000 Y73.897000 Z-0.125000
G01 X207.913000 Y78.811000 Z-0.125000
G01 X208.128000 Y78.927000 Z-0.125000
G01 X208.267000 Y78.847000 Z-0.125000
G01 X208.287000 Y78.648000 Z-0.125000
G01 X208.145000 Y78.406000 Z-0.125000
G01 X202.996000 Y73.257000 Z-0.125000
G01 X202.755000 Y72.699000 Z-0.125000
G01 X202.814000 Y72.539000 Z-0.125000
G01 X202.993000 Y72.618000 Z-0.125000
G01 X205.949000 Y75.575000 Z-0.125000
G01 X206.127000 Y75.653000 Z-0.125000
G01 X206.185000 Y75.493000 Z-0.125000
G01 X205.944000 Y74.933000 Z-0.125000
G01 X202.989000 Y71.978000 Z-0.125000
G01 X202.749000 Y71.420000 Z-0.125000
G01 X202.808000 Y71.260000 Z-0.125000
G01 X202.986000 Y71.339000 Z-0.125000
G01 X205.940000 Y74.292000 Z-0.125000
G01 X206.118000 Y74.371000 Z-0.125000
G01 X206.176000 Y74.210000 Z-0.125000
G01 X205.935000 Y73.651000 Z-0.125000
G01 X202.983000 Y70.699000 Z-0.125000
G01 X202.743000 Y70.141000 Z-0.125000
G01 X202.801000 Y69.981000 Z-0.125000
G01 X202.980000 Y70.060000 Z-0.125000
G01 X205.930000 Y73.010000 Z-0.125000
G01 X206.108000 Y73.089000 Z-0.125000
G01 X206.166000 Y72.928000 Z-0.125000
G01 X205.925000 Y72.369000 Z-0.125000
G01 X202.977000 Y69.420000 Z-0.125000
G01 X202.736000 Y68.862000 Z-0.125000
G01 X202.795000 Y68.702000 Z-0.125000
G01 X202.974000 Y68.781000 Z-0.125000
G01 X205.920000 Y71.728000 Z-0.125000
G01 X206.099000 Y71.806000 Z-0.125000
G01 X206.156000 Y71.646000 Z-0.125000
G01 X205.915000 Y71.087000 Z-0.125000
G01 X202.970000 Y68.141000 Z-0.125000
G01 X202.730000 Y67.583000 Z-0.125000
G01 X202.789000 Y67.423000 Z-0.125000
G01 X202.967000 Y67.502000 Z-0.125000
G01 X205.911000 Y70.445000 Z-0.125000
G01 X206.089000 Y70.524000 Z-0.125000
G01 X206.147000 Y70.363000 Z-0.125000
G01 X205.906000 Y69.804000 Z-0.125000
G01 X202.964000 Y66.862000 Z-0.125000
G01 X202.724000 Y66.304000 Z-0.125000
G01 X202.782000 Y66.144000 Z-0.125000
G01 X202.961000 Y66.223000 Z-0.125000
G01 X205.901000 Y69.163000 Z-0.125000
G01 X206.079000 Y69.242000 Z-0.125000
G01 X206.137000 Y69.081000 Z-0.125000
G01 X205.896000 Y68.522000 Z-0.125000
G01 X202.957000 Y65.583000 Z-0.125000
G01 X202.717000 Y65.025000 Z-0.125000
G01 X202.776000 Y64.865000 Z-0.125000
G01 X202.954000 Y64.944000 Z-0.125000
G01 X205.892000 Y67.881000 Z-0.125000
G01 X206.070000 Y67.960000 Z-0.125000
G01 X206.128000 Y67.799000 Z-0.125000
G01 X205.887000 Y67.240000 Z-0.125000
G01 X203.192000 Y64.545000 Z-0.125000
G01 X203.113000 Y64.367000 Z-0.125000
G01 X203.272000 Y64.307000 Z-0.125000
G01 X203.828000 Y64.545000 Z-0.125000
G01 X205.881000 Y66.599000 Z-0.125000
G01 X206.060000 Y66.677000 Z-0.125000
G01 X206.118000 Y66.517000 Z-0.125000
G01 X205.876000 Y65.958000 Z-0.125000
G01 X204.464000 Y64.545000 Z-0.125000
G01 X204.385000 Y64.367000 Z-0.125000
G01 X204.544000 Y64.307000 Z-0.125000
G01 X205.100000 Y64.545000 Z-0.125000
G01 X205.871000 Y65.316000 Z-0.125000
G01 X206.050000 Y65.395000 Z-0.125000
G01 X206.107000 Y65.234000 Z-0.125000
G01 X205.866000 Y64.675000 Z-0.125000
G01 X205.498000 Y64.307000 Z-0.125000
G00 Z5.000000

(End cutting path id: path8334)


(Start cutting path id: path8334)
(Change tool to Default tool)

G00 Z5.000000
G00 X209.872000 Y45.785000

G01 Z-0.125000 F100.0(Penetrate)
G01 X206.650000 Y42.563000 Z-0.125000 F400.000000
G01 X206.185000 Y41.780000 Z-0.125000
G01 X206.089000 Y41.465000 Z-0.125000
G01 X206.197000 Y41.474000 Z-0.125000
G01 X210.838000 Y46.115000 Z-0.125000
G01 X211.476000 Y46.435000 Z-0.125000
G01 X211.691000 Y46.431000 Z-0.125000
G01 X211.637000 Y46.278000 Z-0.125000
G01 X205.868000 Y40.509000 Z-0.125000
G01 X205.520000 Y39.843000 Z-0.125000
G01 X205.505000 Y39.609000 Z-0.125000
G01 X205.650000 Y39.655000 Z-0.125000
G01 X212.434000 Y46.439000 Z-0.125000
G01 X213.036000 Y46.723000 Z-0.125000
G01 X213.226000 Y46.694000 Z-0.125000
G01 X213.161000 Y46.530000 Z-0.125000
G01 X205.504000 Y38.873000 Z-0.125000
G01 X205.262000 Y38.313000 Z-0.125000
G01 X205.320000 Y38.152000 Z-0.125000
G01 X205.498000 Y38.231000 Z-0.125000
G01 X213.837000 Y46.570000 Z-0.125000
G01 X214.396000 Y46.811000 Z-0.125000
G01 X214.557000 Y46.753000 Z-0.125000
G01 X214.478000 Y46.575000 Z-0.125000
G01 X205.468000 Y37.565000 Z-0.125000
G01 X205.226000 Y37.005000 Z-0.125000
G01 X205.283000 Y36.843000 Z-0.125000
G01 X205.460000 Y36.922000 Z-0.125000
G01 X215.081000 Y46.543000 Z-0.125000
G01 X215.608000 Y46.752000 Z-0.125000
G01 X215.747000 Y46.672000 Z-0.125000
G01 X215.658000 Y46.484000 Z-0.125000
G01 X205.461000 Y36.286000 Z-0.125000
G01 X205.227000 Y35.735000 Z-0.125000
G01 X205.290000 Y35.579000 Z-0.125000
G01 X205.471000 Y35.660000 Z-0.125000
G01 X216.212000 Y46.401000 Z-0.125000
G01 X216.717000 Y46.588000 Z-0.125000
G01 X216.840000 Y46.492000 Z-0.125000
G01 X216.744000 Y46.297000 Z-0.125000
G01 X212.539000 Y42.092000 Z-0.125000
G01 X212.539000 Y41.993000 Z-0.125000
G01 X212.874000 Y42.109000 Z-0.125000
G01 X213.686000 Y42.602000 Z-0.125000
G01 X217.256000 Y46.173000 Z-0.125000
G01 X217.739000 Y46.337000 Z-0.125000
G01 X217.847000 Y46.227000 Z-0.125000
G01 X217.745000 Y46.025000 Z-0.125000
G01 X214.403000 Y42.684000 Z-0.125000
G01 X214.330000 Y42.511000 Z-0.125000
G01 X214.502000 Y42.465000 Z-0.125000
G01 X215.078000 Y42.723000 Z-0.125000
G01 X218.216000 Y45.861000 Z-0.125000
G01 X218.465000 Y46.011000 Z-0.125000
G01 X218.680000 Y46.007000 Z-0.125000
G01 X218.776000 Y45.884000 Z-0.125000
G01 X218.668000 Y45.676000 Z-0.125000
G01 X215.651000 Y42.659000 Z-0.125000
G01 X215.549000 Y42.458000 Z-0.125000
G01 X215.661000 Y42.351000 Z-0.125000
G01 X216.148000 Y42.520000 Z-0.125000
G01 X219.099000 Y45.472000 Z-0.125000
G01 X219.343000 Y45.616000 Z-0.125000
G01 X219.544000 Y45.598000 Z-0.125000
G01 X219.626000 Y45.462000 Z-0.125000
G01 X219.512000 Y45.248000 Z-0.125000
G01 X216.588000 Y42.325000 Z-0.125000
G01 X216.467000 Y42.104000 Z-0.125000
G01 X216.533000 Y41.952000 Z-0.125000
G01 X216.719000 Y41.919000 Z-0.125000
G01 X216.955000 Y42.056000 Z-0.125000
G01 X219.899000 Y44.999000 Z-0.125000
G01 X220.135000 Y45.135000 Z-0.125000
G01 X220.318000 Y45.101000 Z-0.125000
G01 X220.383000 Y44.947000 Z-0.125000
G01 X220.261000 Y44.725000 Z-0.125000
G01 X217.260000 Y41.724000 Z-0.125000
G01 X217.120000 Y41.485000 Z-0.125000
G01 X217.146000 Y41.292000 Z-0.125000
G01 X217.292000 Y41.219000 Z-0.125000
G01 X217.510000 Y41.338000 Z-0.125000
G01 X220.596000 Y44.424000 Z-0.125000
G01 X220.824000 Y44.553000 Z-0.125000
G01 X220.991000 Y44.501000 Z-0.125000
G01 X221.039000 Y44.330000 Z-0.125000
G01 X220.908000 Y44.100000 Z-0.125000
G01 X217.713000 Y40.905000 Z-0.125000
G01 X217.561000 Y40.654000 Z-0.125000
G01 X217.561000 Y40.434000 Z-0.125000
G01 X217.679000 Y40.334000 Z-0.125000
G01 X217.885000 Y40.441000 Z-0.125000
G01 X221.194000 Y43.750000 Z-0.125000
G01 X221.414000 Y43.870000 Z-0.125000
G01 X221.563000 Y43.800000 Z-0.125000
G01 X221.592000 Y43.611000 Z-0.125000
G01 X221.454000 Y43.373000 Z-0.125000
G01 X218.046000 Y39.966000 Z-0.125000
G01 X217.931000 Y39.751000 Z-0.125000
G01 X218.013000 Y39.615000 Z-0.125000
G01 X218.214000 Y39.597000 Z-0.125000
G01 X218.457000 Y39.741000 Z-0.125000
G01 X221.687000 Y42.971000 Z-0.125000
G01 X221.898000 Y43.082000 Z-0.125000
G01 X222.028000 Y42.994000 Z-0.125000
G01 X222.039000 Y42.786000 Z-0.125000
G01 X221.892000 Y42.540000 Z-0.125000
G01 X219.083000 Y39.730000 Z-0.125000
G01 X219.001000 Y39.549000 Z-0.125000
G01 X219.157000 Y39.486000 Z-0.125000
G01 X219.708000 Y39.719000 Z-0.125000
G01 X222.075000 Y42.086000 Z-0.125000
G01 X222.280000 Y42.192000 Z-0.125000
G01 X222.396000 Y42.089000 Z-0.125000
G01 X222.392000 Y41.867000 Z-0.125000
G01 X222.239000 Y41.614000 Z-0.125000
G01 X220.333000 Y39.709000 Z-0.125000
G01 X220.252000 Y39.528000 Z-0.125000
G01 X220.407000 Y39.464000 Z-0.125000
G01 X220.958000 Y39.697000 Z-0.125000
G01 X222.385000 Y41.124000 Z-0.125000
G01 X222.585000 Y41.225000 Z-0.125000
G01 X222.690000 Y41.112000 Z-0.125000
G01 X222.518000 Y40.622000 Z-0.125000
G01 X221.582000 Y39.685000 Z-0.125000
G01 X221.502000 Y39.506000 Z-0.125000
G01 X221.659000 Y39.444000 Z-0.125000
G01 X222.213000 Y39.680000 Z-0.125000
G01 X222.705000 Y40.172000 Z-0.125000
G01 X222.858000 Y40.226000 Z-0.125000
G01 X222.942000 Y40.091000 Z-0.125000
G01 X222.818000 Y39.649000 Z-0.125000
G01 X222.637000 Y39.469000 Z-0.125000
G00 Z5.000000

(End cutting path id: path8334)


(Start cutting path id: path8334)
(Change tool to Default tool)

G00 Z5.000000
G00 X224.986000 Y41.818000

G01 Z-0.125000 F100.0(Penetrate)
G01 X229.093000 Y45.925000 Z-0.125000 F400.000000
G01 X229.788000 Y46.302000 Z-0.125000
G01 X230.042000 Y46.338000 Z-0.125000
G01 X230.006000 Y46.203000 Z-0.125000
G01 X224.856000 Y41.053000 Z-0.125000
G01 X224.454000 Y40.332000 Z-0.125000
G01 X224.401000 Y40.060000 Z-0.125000
G01 X224.528000 Y40.089000 Z-0.125000
G01 X230.866000 Y46.426000 Z-0.125000
G01 X231.471000 Y46.713000 Z-0.125000
G01 X231.664000 Y46.687000 Z-0.125000
G01 X231.599000 Y46.524000 Z-0.125000
G01 X224.361000 Y39.285000 Z-0.125000
G01 X224.076000 Y38.682000 Z-0.125000
G01 X224.104000 Y38.492000 Z-0.125000
G01 X224.268000 Y38.557000 Z-0.125000
G01 X232.279000 Y46.567000 Z-0.125000
G01 X232.843000 Y46.813000 Z-0.125000
G01 X233.007000 Y46.758000 Z-0.125000
G01 X232.929000 Y46.581000 Z-0.125000
G01 X224.240000 Y37.892000 Z-0.125000
G01 X223.989000 Y37.323000 Z-0.125000
G01 X224.041000 Y37.156000 Z-0.125000
G01 X224.216000 Y37.232000 Z-0.125000
G01 X233.587000 Y46.603000 Z-0.125000
G01 X234.124000 Y46.821000 Z-0.125000
G01 X234.269000 Y46.748000 Z-0.125000
G01 X234.183000 Y46.563000 Z-0.125000
G01 X224.205000 Y36.585000 Z-0.125000
G01 X223.970000 Y36.032000 Z-0.125000
G01 X224.032000 Y35.875000 Z-0.125000
G01 X224.211000 Y35.955000 Z-0.125000
G01 X234.788000 Y46.532000 Z-0.125000
G01 X235.323000 Y46.749000 Z-0.125000
G01 X235.467000 Y46.674000 Z-0.125000
G01 X235.380000 Y46.488000 Z-0.125000
G01 X224.239000 Y35.347000 Z-0.125000
G01 X224.027000 Y34.817000 Z-0.125000
G01 X224.105000 Y34.677000 Z-0.125000
G01 X224.293000 Y34.765000 Z-0.125000
G01 X229.785000 Y40.257000 Z-0.125000
G01 X229.875000 Y40.248000 Z-0.125000
G01 X229.740000 Y39.893000 Z-0.125000
G01 X229.217000 Y39.053000 Z-0.125000
G01 X224.386000 Y34.221000 Z-0.125000
G01 X224.209000 Y33.726000 Z-0.125000
G01 X224.311000 Y33.610000 Z-0.125000
G01 X224.509000 Y33.709000 Z-0.125000
G01 X229.001000 Y38.201000 Z-0.125000
G01 X229.161000 Y38.261000 Z-0.125000
G01 X229.179000 Y38.061000 Z-0.125000
G01 X228.880000 Y37.444000 Z-0.125000
G01 X224.648000 Y33.212000 Z-0.125000
G01 X224.494000 Y32.958000 Z-0.125000
G01 X224.488000 Y32.733000 Z-0.125000
G01 X224.601000 Y32.628000 Z-0.125000
G01 X224.804000 Y32.732000 Z-0.125000
G01 X228.834000 Y36.761000 Z-0.125000
G01 X229.012000 Y36.840000 Z-0.125000
G01 X229.071000 Y36.680000 Z-0.125000
G01 X228.832000 Y36.123000 Z-0.125000
G01 X224.979000 Y32.270000 Z-0.125000
G01 X224.829000 Y32.021000 Z-0.125000
G01 X224.835000 Y31.808000 Z-0.125000
G01 X224.960000 Y31.714000 Z-0.125000
G01 X225.168000 Y31.823000 Z-0.125000
G01 X228.868000 Y35.523000 Z-0.125000
G01 X229.058000 Y35.613000 Z-0.125000
G01 X229.141000 Y35.478000 Z-0.125000
G01 X228.938000 Y34.956000 Z-0.125000
G01 X225.374000 Y31.393000 Z-0.125000
G01 X225.229000 Y31.149000 Z-0.125000
G01 X225.246000 Y30.947000 Z-0.125000
G01 X225.382000 Y30.864000 Z-0.125000
G01 X225.595000 Y30.978000 Z-0.125000
G01 X229.035000 Y34.418000 Z-0.125000
G01 X229.233000 Y34.517000 Z-0.125000
G01 X229.334000 Y34.399000 Z-0.125000
G01 X229.156000 Y33.903000 Z-0.125000
G01 X225.835000 Y30.581000 Z-0.125000
G01 X225.696000 Y30.343000 Z-0.125000
G01 X225.724000 Y30.152000 Z-0.125000
G01 X225.871000 Y30.081000 Z-0.125000
G01 X226.089000 Y30.200000 Z-0.125000
G01 X229.300000 Y33.410000 Z-0.125000
G01 X229.505000 Y33.516000 Z-0.125000
G01 X229.624000 Y33.416000 Z-0.125000
G01 X229.623000 Y33.197000 Z-0.125000
G01 X229.471000 Y32.945000 Z-0.125000
G01 X226.360000 Y29.834000 Z-0.125000
G01 X226.226000 Y29.601000 Z-0.125000
G01 X226.265000 Y29.422000 Z-0.125000
G01 X226.424000 Y29.362000 Z-0.125000
G01 X226.648000 Y29.486000 Z-0.125000
G01 X229.670000 Y32.508000 Z-0.125000
G01 X229.885000 Y32.624000 Z-0.125000
G01 X230.024000 Y32.544000 Z-0.125000
G01 X230.043000 Y32.345000 Z-0.125000
G01 X229.900000 Y32.102000 Z-0.125000
G01 X226.953000 Y29.155000 Z-0.125000
G01 X226.824000 Y28.927000 Z-0.125000
G01 X226.875000 Y28.759000 Z-0.125000
G01 X227.045000 Y28.711000 Z-0.125000
G01 X227.274000 Y28.840000 Z-0.125000
G01 X230.163000 Y31.729000 Z-0.125000
G01 X230.388000 Y31.855000 Z-0.125000
G01 X230.550000 Y31.798000 Z-0.125000
G01 X230.593000 Y31.622000 Z-0.125000
G01 X230.461000 Y31.391000 Z-0.125000
G01 X227.612000 Y28.542000 Z-0.125000
G01 X227.489000 Y28.320000 Z-0.125000
G01 X227.552000 Y28.164000 Z-0.125000
G01 X227.735000 Y28.128000 Z-0.125000
G01 X227.970000 Y28.264000 Z-0.125000
G01 X230.798000 Y31.092000 Z-0.125000
G01 X231.036000 Y31.230000 Z-0.125000
G01 X231.225000 Y31.201000 Z-0.125000
G01 X231.295000 Y31.052000 Z-0.125000
G01 X231.175000 Y30.833000 Z-0.125000
G01 X228.345000 Y28.003000 Z-0.125000
G01 X228.227000 Y27.786000 Z-0.125000
G01 X228.302000 Y27.642000 Z-0.125000
G01 X228.497000 Y27.618000 Z-0.125000
G01 X228.737000 Y27.759000 Z-0.125000
G01 X231.596000 Y30.617000 Z-0.125000
G01 X231.848000 Y30.770000 Z-0.125000
G01 X232.069000 Y30.773000 Z-0.125000
G01 X232.171000 Y30.656000 Z-0.125000
G01 X232.065000 Y30.451000 Z-0.125000
G01 X229.151000 Y27.537000 Z-0.125000
G01 X229.040000 Y27.326000 Z-0.125000
G01 X229.129000 Y27.196000 Z-0.125000
G01 X229.337000 Y27.186000 Z-0.125000
G01 X229.584000 Y27.333000 Z-0.125000
G01 X232.583000 Y30.333000 Z-0.125000
G01 X233.121000 Y30.552000 Z-0.125000
G01 X233.266000 Y30.479000 Z-0.125000
G01 X233.181000 Y30.294000 Z-0.125000
G01 X230.036000 Y27.149000 Z-0.125000
G01 X229.931000 Y26.945000 Z-0.125000
G01 X230.036000 Y26.831000 Z-0.125000
G01 X230.259000 Y26.836000 Z-0.125000
G01 X230.513000 Y26.990000 Z-0.125000
G01 X233.786000 Y30.264000 Z-0.125000
G01 X234.378000 Y30.537000 Z-0.125000
G01 X234.561000 Y30.501000 Z-0.125000
G01 X234.492000 Y30.333000 Z-0.125000
G01 X231.010000 Y26.851000 Z-0.125000
G01 X230.913000 Y26.655000 Z-0.125000
G01 X231.033000 Y26.556000 Z-0.125000
G01 X231.533000 Y26.738000 Z-0.125000
G01 X235.716000 Y30.921000 Z-0.125000
G00 Z5.000000

(End cutting path id: path8334)


(Start cutting path id: path8334)
(Change tool to Default tool)

G00 Z5.000000
G00 X235.633000 Y30.957000

G01 Z-0.125000 F100.0(Penetrate)
G01 X236.813000 Y31.792000 Z-0.125000 F400.000000
G01 X237.658000 Y33.033000 Z-0.125000
G01 X238.110000 Y34.537000 Z-0.125000
G01 X238.290000 Y36.315000 Z-0.125000
G01 X238.194000 Y38.121000 Z-0.125000
G01 X237.814000 Y39.709000 Z-0.125000
G01 X237.339000 Y40.659000 Z-0.125000
G01 X236.706000 Y41.434000 Z-0.125000
G01 X235.946000 Y42.024000 Z-0.125000
G01 X235.089000 Y42.419000 Z-0.125000
G01 X234.167000 Y42.610000 Z-0.125000
G01 X233.209000 Y42.585000 Z-0.125000
G01 X232.247000 Y42.336000 Z-0.125000
G01 X231.309000 Y41.852000 Z-0.125000
G01 X230.746000 Y41.372000 Z-0.125000
G01 X230.259000 Y40.743000 Z-0.125000
G01 X229.542000 Y39.125000 Z-0.125000
G01 X229.211000 Y37.185000 Z-0.125000
G01 X229.323000 Y35.106000 Z-0.125000
G01 X229.878000 Y33.124000 Z-0.125000
G01 X230.287000 Y32.354000 Z-0.125000
G01 X230.787000 Y31.730000 Z-0.125000
G01 X231.380000 Y31.247000 Z-0.125000
G01 X232.068000 Y30.905000 Z-0.125000
G01 X232.855000 Y30.700000 Z-0.125000
G01 X233.741000 Y30.631000 Z-0.125000
G01 X234.802000 Y30.708000 Z-0.125000
G01 X235.633000 Y30.957000 Z-0.125000
G01 X235.633000 Y30.957000 Z-0.125000
G00 Z5.000000

(End cutting path id: path8334)


(Start cutting path id: path8334)
(Change tool to Default tool)

G00 Z5.000000
G00 X231.906000 Y26.268000

G01 Z-0.125000 F100.0(Penetrate)
G01 X230.422000 Y26.568000 Z-0.125000 F400.000000
G01 X229.065000 Y27.075000 Z-0.125000
G01 X227.842000 Y27.782000 Z-0.125000
G01 X226.760000 Y28.681000 Z-0.125000
G01 X225.827000 Y29.766000 Z-0.125000
G01 X225.051000 Y31.028000 Z-0.125000
G01 X224.438000 Y32.462000 Z-0.125000
G01 X223.996000 Y34.058000 Z-0.125000
G01 X223.855000 Y35.351000 Z-0.125000
G01 X223.850000 Y37.144000 Z-0.125000
G01 X223.993000 Y39.070000 Z-0.125000
G01 X224.379000 Y40.539000 Z-0.125000
G01 X225.478000 Y42.835000 Z-0.125000
G01 X226.192000 Y43.819000 Z-0.125000
G01 X227.005000 Y44.682000 Z-0.125000
G01 X227.908000 Y45.419000 Z-0.125000
G01 X228.895000 Y46.022000 Z-0.125000
G01 X229.957000 Y46.483000 Z-0.125000
G01 X231.087000 Y46.796000 Z-0.125000
G01 X232.537000 Y46.939000 Z-0.125000
G01 X234.389000 Y46.936000 Z-0.125000
G01 X236.170000 Y46.804000 Z-0.125000
G01 X237.411000 Y46.561000 Z-0.125000
G01 X239.267000 Y45.738000 Z-0.125000
G01 X240.651000 Y44.632000 Z-0.125000
G01 X242.092000 Y42.845000 Z-0.125000
G01 X243.111000 Y40.768000 Z-0.125000
G01 X243.684000 Y38.465000 Z-0.125000
G01 X243.787000 Y36.002000 Z-0.125000
G01 X243.507000 Y33.828000 Z-0.125000
G01 X242.915000 Y31.900000 Z-0.125000
G01 X242.001000 Y30.193000 Z-0.125000
G01 X240.756000 Y28.684000 Z-0.125000
G01 X239.255000 Y27.449000 Z-0.125000
G01 X237.376000 Y26.646000 Z-0.125000
G01 X234.787000 Y26.239000 Z-0.125000
G01 X231.906000 Y26.268000 Z-0.125000
G01 X231.906000 Y26.268000 Z-0.125000
G00 Z5.000000

(End cutting path id: path8334)


(Start cutting path id: path8334)
(Change tool to Default tool)

G00 Z5.000000
G00 X241.899000 Y30.108000

G01 Z-0.125000 F100.0(Penetrate)
G01 X239.343000 Y27.551000 Z-0.125000 F400.000000
G00 Z5.000000

(End cutting path id: path8334)


(Start cutting path id: path8334)
(Change tool to Default tool)

G00 Z5.000000
G00 X245.167000 Y36.534000

G01 Z-0.125000 F100.0(Penetrate)
G01 X245.167000 Y46.284000 Z-0.125000 F400.000000
G01 X247.669000 Y46.334000 Z-0.125000
G01 X250.172000 Y46.384000 Z-0.125000
G01 X250.179000 Y45.049000 Z-0.125000
G01 X250.222000 Y43.951000 Z-0.125000
G01 X250.306000 Y43.921000 Z-0.125000
G01 X250.463000 Y44.132000 Z-0.125000
G01 X251.572000 Y45.350000 Z-0.125000
G01 X252.889000 Y46.267000 Z-0.125000
G01 X254.137000 Y46.703000 Z-0.125000
G01 X255.467000 Y46.902000 Z-0.125000
G01 X256.821000 Y46.878000 Z-0.125000
G01 X258.146000 Y46.646000 Z-0.125000
G01 X259.385000 Y46.219000 Z-0.125000
G01 X260.484000 Y45.611000 Z-0.125000
G01 X261.387000 Y44.838000 Z-0.125000
G01 X262.039000 Y43.913000 Z-0.125000
G01 X262.495000 Y42.864000 Z-0.125000
G01 X262.735000 Y41.461000 Z-0.125000
G01 X262.845000 Y34.249000 Z-0.125000
G01 X262.847000 Y26.784000 Z-0.125000
G01 X260.185000 Y26.784000 Z-0.125000
G01 X257.523000 Y26.784000 Z-0.125000
G01 X257.475000 Y33.582000 Z-0.125000
G01 X257.385000 Y39.422000 Z-0.125000
G01 X257.285000 Y40.482000 Z-0.125000
G01 X257.113000 Y41.008000 Z-0.125000
G01 X256.720000 Y41.616000 Z-0.125000
G01 X256.215000 Y42.037000 Z-0.125000
G01 X255.551000 Y42.297000 Z-0.125000
G01 X254.680000 Y42.425000 Z-0.125000
G01 X253.372000 Y42.382000 Z-0.125000
G01 X252.326000 Y42.028000 Z-0.125000
G01 X251.504000 Y41.343000 Z-0.125000
G01 X250.863000 Y40.301000 Z-0.125000
G01 X250.438000 Y39.378000 Z-0.125000
G01 X250.371000 Y33.081000 Z-0.125000
G01 X250.304000 Y26.784000 Z-0.125000
G01 X247.735000 Y26.784000 Z-0.125000
G01 X245.166000 Y26.784000 Z-0.125000
G01 X245.167000 Y36.534000 Z-0.125000
G00 Z5.000000

(End cutting path id: path8334)


(Start cutting path id: path8334)
(Change tool to Default tool)

G00 Z5.000000
G00 X245.872000 Y46.166000

G01 Z-0.125000 F100.0(Penetrate)
G01 X245.537000 Y45.831000 Z-0.125000 F400.000000
G01 X245.299000 Y45.274000 Z-0.125000
G01 X245.358000 Y45.115000 Z-0.125000
G01 X245.537000 Y45.195000 Z-0.125000
G01 X246.283000 Y45.940000 Z-0.125000
G01 X246.846000 Y46.185000 Z-0.125000
G01 X247.009000 Y46.130000 Z-0.125000
G01 X246.932000 Y45.953000 Z-0.125000
G01 X245.537000 Y44.559000 Z-0.125000
G01 X245.299000 Y44.002000 Z-0.125000
G01 X245.358000 Y43.843000 Z-0.125000
G01 X245.537000 Y43.922000 Z-0.125000
G01 X247.581000 Y45.966000 Z-0.125000
G01 X248.144000 Y46.211000 Z-0.125000
G01 X248.307000 Y46.156000 Z-0.125000
G01 X248.230000 Y45.979000 Z-0.125000
G01 X245.537000 Y43.286000 Z-0.125000
G01 X245.299000 Y42.730000 Z-0.125000
G01 X245.358000 Y42.571000 Z-0.125000
G01 X245.537000 Y42.650000 Z-0.125000
G01 X248.879000 Y45.992000 Z-0.125000
G01 X249.442000 Y46.237000 Z-0.125000
G01 X249.606000 Y46.182000 Z-0.125000
G01 X249.528000 Y46.005000 Z-0.125000
G01 X245.537000 Y42.014000 Z-0.125000
G01 X245.299000 Y41.458000 Z-0.125000
G01 X245.358000 Y41.299000 Z-0.125000
G01 X245.537000 Y41.378000 Z-0.125000
G01 X249.803000 Y45.644000 Z-0.125000
G01 X249.982000 Y45.724000 Z-0.125000
G01 X250.043000 Y45.566000 Z-0.125000
G01 X249.806000 Y45.011000 Z-0.125000
G01 X245.537000 Y40.742000 Z-0.125000
G01 X245.298000 Y40.185000 Z-0.125000
G01 X245.358000 Y40.026000 Z-0.125000
G01 X245.537000 Y40.106000 Z-0.125000
G01 X249.812000 Y44.381000 Z-0.125000
G01 X249.994000 Y44.464000 Z-0.125000
G01 X250.061000 Y44.312000 Z-0.125000
G01 X249.833000 Y43.766000 Z-0.125000
G01 X245.537000 Y39.470000 Z-0.125000
G01 X245.298000 Y38.913000 Z-0.125000
G01 X245.358000 Y38.754000 Z-0.125000
G01 X245.537000 Y38.834000 Z-0.125000
G01 X252.589000 Y45.886000 Z-0.125000
G01 X253.325000 Y46.304000 Z-0.125000
G01 X253.607000 Y46.367000 Z-0.125000
G01 X253.583000 Y46.244000 Z-0.125000
G01 X245.537000 Y38.198000 Z-0.125000
G01 X245.298000 Y37.641000 Z-0.125000
G01 X245.358000 Y37.482000 Z-0.125000
G01 X245.537000 Y37.561000 Z-0.125000
G01 X254.467000 Y46.491000 Z-0.125000
G01 X255.046000 Y46.753000 Z-0.125000
G01 X255.221000 Y46.709000 Z-0.125000
G01 X255.148000 Y46.537000 Z-0.125000
G01 X245.537000 Y36.925000 Z-0.125000
G01 X245.298000 Y36.369000 Z-0.125000
G01 X245.358000 Y36.210000 Z-0.125000
G01 X245.537000 Y36.289000 Z-0.125000
G01 X255.817000 Y46.571000 Z-0.125000
G01 X256.349000 Y46.785000 Z-0.125000
G01 X256.492000 Y46.709000 Z-0.125000
G01 X256.405000 Y46.522000 Z-0.125000
G01 X245.537000 Y35.654000 Z-0.125000
G01 X245.298000 Y35.098000 Z-0.125000
G01 X245.358000 Y34.939000 Z-0.125000
G01 X245.537000 Y35.018000 Z-0.125000
G01 X250.506000 Y39.988000 Z-0.125000
G01 X250.616000 Y39.998000 Z-0.125000
G01 X250.523000 Y39.687000 Z-0.125000
G01 X250.064000 Y38.909000 Z-0.125000
G01 X245.537000 Y34.382000 Z-0.125000
G01 X245.298000 Y33.825000 Z-0.125000
G01 X245.358000 Y33.666000 Z-0.125000
G01 X245.536000 Y33.746000 Z-0.125000
G01 X250.057000 Y38.266000 Z-0.125000
G01 X250.235000 Y38.345000 Z-0.125000
G01 X250.292000 Y38.183000 Z-0.125000
G01 X250.050000 Y37.623000 Z-0.125000
G01 X245.536000 Y33.110000 Z-0.125000
G01 X245.298000 Y32.553000 Z-0.125000
G01 X245.357000 Y32.394000 Z-0.125000
G01 X245.536000 Y32.473000 Z-0.125000
G01 X250.043000 Y36.980000 Z-0.125000
G01 X250.221000 Y37.059000 Z-0.125000
G01 X250.278000 Y36.897000 Z-0.125000
G01 X250.036000 Y36.337000 Z-0.125000
G01 X245.536000 Y31.837000 Z-0.125000
G01 X245.297000 Y31.281000 Z-0.125000
G01 X245.357000 Y31.122000 Z-0.125000
G01 X245.536000 Y31.201000 Z-0.125000
G01 X250.029000 Y35.694000 Z-0.125000
G01 X250.207000 Y35.773000 Z-0.125000
G01 X250.264000 Y35.611000 Z-0.125000
G01 X250.022000 Y35.051000 Z-0.125000
G01 X245.536000 Y30.565000 Z-0.125000
G01 X245.297000 Y30.008000 Z-0.125000
G01 X245.357000 Y29.849000 Z-0.125000
G01 X245.536000 Y29.929000 Z-0.125000
G01 X250.015000 Y34.408000 Z-0.125000
G01 X250.193000 Y34.487000 Z-0.125000
G01 X250.250000 Y34.326000 Z-0.125000
G01 X250.008000 Y33.766000 Z-0.125000
G01 X245.535000 Y29.293000 Z-0.125000
G01 X245.297000 Y28.736000 Z-0.125000
G01 X245.356000 Y28.577000 Z-0.125000
G01 X245.535000 Y28.656000 Z-0.125000
G01 X250.002000 Y33.123000 Z-0.125000
G01 X250.179000 Y33.201000 Z-0.125000
G01 X250.237000 Y33.040000 Z-0.125000
G01 X249.995000 Y32.480000 Z-0.125000
G01 X245.535000 Y28.020000 Z-0.125000
G01 X245.297000 Y27.464000 Z-0.125000
G01 X245.356000 Y27.305000 Z-0.125000
G01 X245.535000 Y27.384000 Z-0.125000
G01 X249.988000 Y31.837000 Z-0.125000
G01 X250.165000 Y31.915000 Z-0.125000
G01 X250.223000 Y31.754000 Z-0.125000
G01 X249.981000 Y31.194000 Z-0.125000
G01 X245.944000 Y27.157000 Z-0.125000
G01 X245.864000 Y26.978000 Z-0.125000
G01 X246.023000 Y26.918000 Z-0.125000
G01 X246.580000 Y27.157000 Z-0.125000
G01 X249.974000 Y30.551000 Z-0.125000
G01 X250.152000 Y30.629000 Z-0.125000
G01 X250.209000 Y30.468000 Z-0.125000
G01 X249.967000 Y29.908000 Z-0.125000
G01 X247.216000 Y27.157000 Z-0.125000
G01 X247.136000 Y26.978000 Z-0.125000
G01 X247.295000 Y26.918000 Z-0.125000
G01 X247.852000 Y27.157000 Z-0.125000
G01 X249.960000 Y29.265000 Z-0.125000
G01 X250.138000 Y29.343000 Z-0.125000
G01 X250.195000 Y29.182000 Z-0.125000
G01 X249.953000 Y28.622000 Z-0.125000
G01 X248.488000 Y27.157000 Z-0.125000
G01 X248.408000 Y26.978000 Z-0.125000
G01 X248.567000 Y26.918000 Z-0.125000
G01 X249.124000 Y27.157000 Z-0.125000
G01 X249.946000 Y27.979000 Z-0.125000
G01 X250.124000 Y28.057000 Z-0.125000
G01 X250.181000 Y27.896000 Z-0.125000
G01 X249.939000 Y27.336000 Z-0.125000
G01 X249.521000 Y26.918000 Z-0.125000
G00 Z5.000000

(End cutting path id: path8334)


(Start cutting path id: path8334)
(Change tool to Default tool)

G00 Z5.000000
G00 X264.482000 Y29.537000

G01 Z-0.125000 F100.0(Penetrate)
G01 X264.433000 Y32.289000 Z-0.125000 F400.000000
G01 X267.227000 Y32.289000 Z-0.125000
G01 X270.021000 Y32.289000 Z-0.125000
G01 X270.021000 Y29.537000 Z-0.125000
G01 X270.021000 Y26.784000 Z-0.125000
G01 X267.276000 Y26.784000 Z-0.125000
G01 X264.532000 Y26.784000 Z-0.125000
G01 X264.482000 Y29.537000 Z-0.125000
G00 Z5.000000

(End cutting path id: path8334)


(Start cutting path id: path8334)
(Change tool to Default tool)

G00 Z5.000000
G00 X264.941000 Y32.158000

G01 Z-0.125000 F100.0(Penetrate)
G01 X264.758000 Y31.974000 Z-0.125000 F400.000000
G01 X264.580000 Y31.478000 Z-0.125000
G01 X264.629000 Y31.309000 Z-0.125000
G01 X264.769000 Y31.350000 Z-0.125000
G01 X265.339000 Y31.919000 Z-0.125000
G01 X265.895000 Y32.158000 Z-0.125000
G01 X266.054000 Y32.098000 Z-0.125000
G01 X265.975000 Y31.919000 Z-0.125000
G01 X264.835000 Y30.780000 Z-0.125000
G01 X264.602000 Y30.229000 Z-0.125000
G01 X264.666000 Y30.073000 Z-0.125000
G01 X264.846000 Y30.155000 Z-0.125000
G01 X266.611000 Y31.919000 Z-0.125000
G01 X267.167000 Y32.158000 Z-0.125000
G01 X267.326000 Y32.098000 Z-0.125000
G01 X267.247000 Y31.919000 Z-0.125000
G01 X264.858000 Y29.530000 Z-0.125000
G01 X264.625000 Y28.979000 Z-0.125000
G01 X264.688000 Y28.824000 Z-0.125000
G01 X264.869000 Y28.905000 Z-0.125000
G01 X267.883000 Y31.919000 Z-0.125000
G01 X268.440000 Y32.158000 Z-0.125000
G01 X268.599000 Y32.098000 Z-0.125000
G01 X268.519000 Y31.919000 Z-0.125000
G01 X264.880000 Y28.280000 Z-0.125000
G01 X264.647000 Y27.729000 Z-0.125000
G01 X264.711000 Y27.574000 Z-0.125000
G01 X264.891000 Y27.655000 Z-0.125000
G01 X269.155000 Y31.919000 Z-0.125000
G01 X269.641000 Y32.087000 Z-0.125000
G01 X269.751000 Y31.979000 Z-0.125000
G01 X269.650000 Y31.778000 Z-0.125000
G01 X265.028000 Y27.156000 Z-0.125000
G01 X264.949000 Y26.977000 Z-0.125000
G01 X265.108000 Y26.918000 Z-0.125000
G01 X265.664000 Y27.156000 Z-0.125000
G01 X269.650000 Y31.142000 Z-0.125000
G01 X269.829000 Y31.221000 Z-0.125000
G01 X269.888000 Y31.062000 Z-0.125000
G01 X269.650000 Y30.506000 Z-0.125000
G01 X266.300000 Y27.156000 Z-0.125000
G01 X266.221000 Y26.977000 Z-0.125000
G01 X266.380000 Y26.918000 Z-0.125000
G01 X266.937000 Y27.156000 Z-0.125000
G01 X269.650000 Y29.869000 Z-0.125000
G01 X269.829000 Y29.949000 Z-0.125000
G01 X269.888000 Y29.790000 Z-0.125000
G01 X269.650000 Y29.233000 Z-0.125000
G01 X267.573000 Y27.156000 Z-0.125000
G01 X267.493000 Y26.977000 Z-0.125000
G01 X267.652000 Y26.918000 Z-0.125000
G01 X268.209000 Y27.156000 Z-0.125000
G01 X269.650000 Y28.597000 Z-0.125000
G01 X269.829000 Y28.677000 Z-0.125000
G01 X269.888000 Y28.518000 Z-0.125000
G01 X269.650000 Y27.961000 Z-0.125000
G01 X268.845000 Y27.156000 Z-0.125000
G01 X268.765000 Y26.977000 Z-0.125000
G01 X268.924000 Y26.918000 Z-0.125000
G01 X269.481000 Y27.156000 Z-0.125000
G01 X269.888000 Y27.564000 Z-0.125000
G00 Z5.000000

(End cutting path id: path8334)


(Start cutting path id: path8334)
(Change tool to Default tool)

G00 Z5.000000
G00 X252.889000 Y42.372000

G01 Z-0.125000 F100.0(Penetrate)
G01 X256.976000 Y46.458000 Z-0.125000 F400.000000
G01 X257.485000 Y46.650000 Z-0.125000
G01 X257.612000 Y46.557000 Z-0.125000
G01 X257.518000 Y46.364000 Z-0.125000
G01 X253.953000 Y42.799000 Z-0.125000
G01 X253.876000 Y42.623000 Z-0.125000
G01 X254.040000 Y42.568000 Z-0.125000
G01 X254.604000 Y42.814000 Z-0.125000
G01 X258.027000 Y46.237000 Z-0.125000
G01 X258.508000 Y46.400000 Z-0.125000
G01 X258.616000 Y46.289000 Z-0.125000
G01 X258.513000 Y46.087000 Z-0.125000
G01 X255.198000 Y42.772000 Z-0.125000
G01 X255.105000 Y42.579000 Z-0.125000
G01 X255.233000 Y42.488000 Z-0.125000
G01 X255.744000 Y42.682000 Z-0.125000
G01 X258.972000 Y45.910000 Z-0.125000
G01 X259.219000 Y46.057000 Z-0.125000
G01 X259.429000 Y46.048000 Z-0.125000
G01 X259.519000 Y45.920000 Z-0.125000
G01 X259.408000 Y45.710000 Z-0.125000
G01 X256.232000 Y42.533000 Z-0.125000
G01 X256.117000 Y42.320000 Z-0.125000
G01 X256.199000 Y42.183000 Z-0.125000
G01 X256.401000 Y42.166000 Z-0.125000
G01 X256.644000 Y42.310000 Z-0.125000
G01 X259.819000 Y45.485000 Z-0.125000
G01 X260.059000 Y45.625000 Z-0.125000
G01 X260.252000 Y45.599000 Z-0.125000
G01 X260.325000 Y45.454000 Z-0.125000
G01 X260.207000 Y45.237000 Z-0.125000
G01 X256.987000 Y42.017000 Z-0.125000
G01 X256.852000 Y41.782000 Z-0.125000
G01 X256.889000 Y41.600000 Z-0.125000
G01 X257.045000 Y41.538000 Z-0.125000
G01 X257.268000 Y41.661000 Z-0.125000
G01 X260.568000 Y44.962000 Z-0.125000
G01 X260.799000 Y45.094000 Z-0.125000
G01 X260.974000 Y45.049000 Z-0.125000
G01 X261.029000 Y44.886000 Z-0.125000
G01 X260.903000 Y44.660000 Z-0.125000
G01 X257.494000 Y41.251000 Z-0.125000
G01 X257.332000 Y40.771000 Z-0.125000
G01 X257.445000 Y40.665000 Z-0.125000
G01 X257.648000 Y40.769000 Z-0.125000
G01 X261.207000 Y44.329000 Z-0.125000
G01 X261.428000 Y44.450000 Z-0.125000
G01 X261.581000 Y44.384000 Z-0.125000
G01 X261.614000 Y44.198000 Z-0.125000
G01 X261.477000 Y43.962000 Z-0.125000
G01 X257.717000 Y40.202000 Z-0.125000
G01 X257.498000 Y39.665000 Z-0.125000
G01 X257.571000 Y39.519000 Z-0.125000
G01 X257.756000 Y39.605000 Z-0.125000
G01 X261.709000 Y43.559000 Z-0.125000
G01 X261.921000 Y43.671000 Z-0.125000
G01 X262.052000 Y43.583000 Z-0.125000
G01 X262.064000 Y43.376000 Z-0.125000
G01 X261.918000 Y43.131000 Z-0.125000
G01 X257.777000 Y38.990000 Z-0.125000
G01 X257.546000 Y38.441000 Z-0.125000
G01 X257.611000 Y38.288000 Z-0.125000
G01 X257.793000 Y38.369000 Z-0.125000
G01 X262.098000 Y42.675000 Z-0.125000
G01 X262.298000 Y42.775000 Z-0.125000
G01 X262.403000 Y42.662000 Z-0.125000
G01 X262.232000 Y42.172000 Z-0.125000
G01 X257.804000 Y37.745000 Z-0.125000
G01 X257.570000 Y37.193000 Z-0.125000
G01 X257.632000 Y37.036000 Z-0.125000
G01 X257.812000 Y37.117000 Z-0.125000
G01 X262.321000 Y41.626000 Z-0.125000
G01 X262.509000 Y41.714000 Z-0.125000
G01 X262.586000 Y41.573000 Z-0.125000
G01 X262.374000 Y41.043000 Z-0.125000
G01 X257.818000 Y36.487000 Z-0.125000
G01 X257.583000 Y35.933000 Z-0.125000
G01 X257.644000 Y35.776000 Z-0.125000
G01 X257.824000 Y35.857000 Z-0.125000
G01 X262.409000 Y40.441000 Z-0.125000
G01 X262.591000 Y40.524000 Z-0.125000
G01 X262.659000 Y40.373000 Z-0.125000
G01 X262.431000 Y39.828000 Z-0.125000
G01 X257.830000 Y35.226000 Z-0.125000
G01 X257.595000 Y34.673000 Z-0.125000
G01 X257.656000 Y34.516000 Z-0.125000
G01 X257.836000 Y34.596000 Z-0.125000
G01 X262.446000 Y39.206000 Z-0.125000
G01 X262.627000 Y39.287000 Z-0.125000
G01 X262.690000 Y39.132000 Z-0.125000
G01 X262.457000 Y38.580000 Z-0.125000
G01 X257.842000 Y33.966000 Z-0.125000
G01 X257.606000 Y33.412000 Z-0.125000
G01 X257.667000 Y33.255000 Z-0.125000
G01 X257.847000 Y33.335000 Z-0.125000
G01 X262.460000 Y37.948000 Z-0.125000
G01 X262.640000 Y38.028000 Z-0.125000
G01 X262.701000 Y37.871000 Z-0.125000
G01 X262.464000 Y37.316000 Z-0.125000
G01 X257.851000 Y32.703000 Z-0.125000
G01 X257.615000 Y32.149000 Z-0.125000
G01 X257.677000 Y31.991000 Z-0.125000
G01 X257.856000 Y32.072000 Z-0.125000
G01 X262.469000 Y36.684000 Z-0.125000
G01 X262.648000 Y36.764000 Z-0.125000
G01 X262.708000 Y36.605000 Z-0.125000
G01 X262.470000 Y36.049000 Z-0.125000
G01 X257.861000 Y31.440000 Z-0.125000
G01 X257.625000 Y30.886000 Z-0.125000
G01 X257.686000 Y30.728000 Z-0.125000
G01 X257.866000 Y30.809000 Z-0.125000
G01 X262.471000 Y35.414000 Z-0.125000
G01 X262.650000 Y35.494000 Z-0.125000
G01 X262.710000 Y35.335000 Z-0.125000
G01 X262.472000 Y34.779000 Z-0.125000
G01 X257.870000 Y30.177000 Z-0.125000
G01 X257.634000 Y29.623000 Z-0.125000
G01 X257.696000 Y29.465000 Z-0.125000
G01 X257.875000 Y29.545000 Z-0.125000
G01 X262.473000 Y34.143000 Z-0.125000
G01 X262.652000 Y34.223000 Z-0.125000
G01 X262.712000 Y34.064000 Z-0.125000
G01 X262.474000 Y33.508000 Z-0.125000
G01 X257.880000 Y28.914000 Z-0.125000
G01 X257.644000 Y28.359000 Z-0.125000
G01 X257.705000 Y28.202000 Z-0.125000
G01 X257.885000 Y28.282000 Z-0.125000
G01 X262.474000 Y32.872000 Z-0.125000
G01 X262.653000 Y32.951000 Z-0.125000
G01 X262.713000 Y32.792000 Z-0.125000
G01 X262.474000 Y32.236000 Z-0.125000
G01 X257.889000 Y27.651000 Z-0.125000
G01 X257.722000 Y27.165000 Z-0.125000
G01 X257.830000 Y27.055000 Z-0.125000
G01 X258.031000 Y27.156000 Z-0.125000
G01 X262.475000 Y31.600000 Z-0.125000
G01 X262.654000 Y31.679000 Z-0.125000
G01 X262.713000 Y31.520000 Z-0.125000
G01 X262.475000 Y30.964000 Z-0.125000
G01 X258.667000 Y27.156000 Z-0.125000
G01 X258.588000 Y26.977000 Z-0.125000
G01 X258.747000 Y26.918000 Z-0.125000
G01 X259.303000 Y27.156000 Z-0.125000
G01 X262.475000 Y30.328000 Z-0.125000
G01 X262.654000 Y30.407000 Z-0.125000
G01 X262.714000 Y30.248000 Z-0.125000
G01 X262.475000 Y29.692000 Z-0.125000
G01 X259.939000 Y27.156000 Z-0.125000
G01 X259.860000 Y26.977000 Z-0.125000
G01 X260.019000 Y26.918000 Z-0.125000
G01 X260.576000 Y27.156000 Z-0.125000
G01 X262.475000 Y29.056000 Z-0.125000
G01 X262.654000 Y29.136000 Z-0.125000
G01 X262.714000 Y28.977000 Z-0.125000
G01 X262.475000 Y28.420000 Z-0.125000
G01 X261.212000 Y27.156000 Z-0.125000
G01 X261.132000 Y26.977000 Z-0.125000
G01 X261.291000 Y26.918000 Z-0.125000
G01 X261.848000 Y27.156000 Z-0.125000
G01 X262.480000 Y27.788000 Z-0.125000
G01 X262.656000 Y27.865000 Z-0.125000
G01 X262.714000 Y27.705000 Z-0.125000
G01 X262.480000 Y27.152000 Z-0.125000
G01 X262.245000 Y26.918000 Z-0.125000
G00 Z5.000000

(End cutting path id: path8334)


(Start cutting path id: path8334)
(Change tool to Default tool)

G00 Z5.000000
G00 X231.626000 Y42.097000

G01 Z-0.125000 F100.0(Penetrate)
G01 X235.957000 Y46.428000 Z-0.125000 F400.000000
G01 X236.472000 Y46.626000 Z-0.125000
G01 X236.603000 Y46.538000 Z-0.125000
G01 X236.511000 Y46.346000 Z-0.125000
G01 X233.031000 Y42.866000 Z-0.125000
G01 X232.968000 Y42.704000 Z-0.125000
G01 X233.162000 Y42.679000 Z-0.125000
G01 X233.770000 Y42.969000 Z-0.125000
G01 X237.028000 Y46.227000 Z-0.125000
G01 X237.280000 Y46.380000 Z-0.125000
G01 X237.501000 Y46.382000 Z-0.125000
G01 X237.602000 Y46.265000 Z-0.125000
G01 X237.496000 Y46.059000 Z-0.125000
G01 X234.417000 Y42.980000 Z-0.125000
G01 X234.323000 Y42.787000 Z-0.125000
G01 X234.450000 Y42.695000 Z-0.125000
G01 X234.961000 Y42.888000 Z-0.125000
G01 X237.951000 Y45.878000 Z-0.125000
G01 X238.199000 Y46.027000 Z-0.125000
G01 X238.410000 Y46.019000 Z-0.125000
G01 X238.502000 Y45.892000 Z-0.125000
G01 X238.392000 Y45.683000 Z-0.125000
G01 X235.460000 Y42.750000 Z-0.125000
G01 X235.351000 Y42.542000 Z-0.125000
G01 X235.445000 Y42.418000 Z-0.125000
G01 X235.659000 Y42.413000 Z-0.125000
G01 X235.907000 Y42.562000 Z-0.125000
G01 X238.812000 Y45.466000 Z-0.125000
G01 X239.052000 Y45.608000 Z-0.125000
G01 X239.248000 Y45.585000 Z-0.125000
G01 X239.324000 Y45.442000 Z-0.125000
G01 X239.207000 Y45.226000 Z-0.125000
G01 X236.316000 Y42.334000 Z-0.125000
G01 X236.195000 Y42.114000 Z-0.125000
G01 X236.264000 Y41.964000 Z-0.125000
G01 X236.451000 Y41.933000 Z-0.125000
G01 X236.688000 Y42.071000 Z-0.125000
G01 X239.576000 Y44.959000 Z-0.125000
G01 X239.809000 Y45.092000 Z-0.125000
G01 X239.988000 Y45.052000 Z-0.125000
G01 X240.047000 Y44.893000 Z-0.125000
G01 X239.923000 Y44.669000 Z-0.125000
G01 X237.028000 Y41.774000 Z-0.125000
G01 X236.897000 Y41.544000 Z-0.125000
G01 X236.942000 Y41.371000 Z-0.125000
G01 X237.107000 Y41.317000 Z-0.125000
G01 X237.334000 Y41.444000 Z-0.125000
G01 X240.252000 Y44.362000 Z-0.125000
G01 X240.480000 Y44.491000 Z-0.125000
G01 X240.648000 Y44.441000 Z-0.125000
G01 X240.698000 Y44.271000 Z-0.125000
G01 X240.568000 Y44.042000 Z-0.125000
G01 X237.609000 Y41.083000 Z-0.125000
G01 X237.468000 Y40.843000 Z-0.125000
G01 X237.492000 Y40.649000 Z-0.125000
G01 X237.636000 Y40.573000 Z-0.125000
G01 X237.853000 Y40.691000 Z-0.125000
G01 X240.870000 Y43.708000 Z-0.125000
G01 X241.094000 Y43.833000 Z-0.125000
G01 X241.252000 Y43.772000 Z-0.125000
G01 X241.291000 Y43.592000 Z-0.125000
G01 X241.157000 Y43.359000 Z-0.125000
G01 X238.065000 Y40.267000 Z-0.125000
G01 X237.913000 Y40.016000 Z-0.125000
G01 X237.914000 Y39.798000 Z-0.125000
G01 X238.033000 Y39.698000 Z-0.125000
G01 X238.239000 Y39.805000 Z-0.125000
G01 X241.430000 Y42.996000 Z-0.125000
G01 X241.649000 Y43.116000 Z-0.125000
G01 X241.797000 Y43.045000 Z-0.125000
G01 X241.826000 Y42.855000 Z-0.125000
G01 X241.687000 Y42.617000 Z-0.125000
G01 X238.383000 Y39.313000 Z-0.125000
G01 X238.201000 Y38.813000 Z-0.125000
G01 X238.300000 Y38.693000 Z-0.125000
G01 X238.497000 Y38.790000 Z-0.125000
G01 X241.930000 Y42.224000 Z-0.125000
G01 X242.144000 Y42.338000 Z-0.125000
G01 X242.281000 Y42.257000 Z-0.125000
G01 X242.299000 Y42.056000 Z-0.125000
G01 X242.155000 Y41.813000 Z-0.125000
G01 X238.579000 Y38.236000 Z-0.125000
G01 X238.368000 Y37.707000 Z-0.125000
G01 X238.446000 Y37.567000 Z-0.125000
G01 X238.634000 Y37.655000 Z-0.125000
G01 X242.367000 Y41.389000 Z-0.125000
G01 X242.577000 Y41.499000 Z-0.125000
G01 X242.704000 Y41.408000 Z-0.125000
G01 X242.712000 Y41.197000 Z-0.125000
G01 X242.564000 Y40.949000 Z-0.125000
G01 X238.662000 Y37.048000 Z-0.125000
G01 X238.420000 Y36.487000 Z-0.125000
G01 X238.477000 Y36.325000 Z-0.125000
G01 X238.654000 Y36.403000 Z-0.125000
G01 X242.744000 Y40.493000 Z-0.125000
G01 X242.948000 Y40.597000 Z-0.125000
G01 X243.062000 Y40.493000 Z-0.125000
G01 X243.058000 Y40.270000 Z-0.125000
G01 X242.904000 Y40.016000 Z-0.125000
G01 X238.607000 Y35.719000 Z-0.125000
G01 X238.324000 Y35.119000 Z-0.125000
G01 X238.353000 Y34.929000 Z-0.125000
G01 X238.518000 Y34.995000 Z-0.125000
G01 X243.045000 Y39.522000 Z-0.125000
G01 X243.243000 Y39.620000 Z-0.125000
G01 X243.345000 Y39.503000 Z-0.125000
G01 X243.167000 Y39.008000 Z-0.125000
G01 X238.351000 Y34.191000 Z-0.125000
G01 X237.845000 Y33.368000 Z-0.125000
G01 X237.722000 Y33.026000 Z-0.125000
G01 X237.817000 Y33.022000 Z-0.125000
G01 X243.269000 Y38.473000 Z-0.125000
G01 X243.460000 Y38.565000 Z-0.125000
G01 X243.547000 Y38.433000 Z-0.125000
G01 X243.348000 Y37.916000 Z-0.125000
G01 X232.081000 Y26.650000 Z-0.125000
G01 X231.993000 Y26.462000 Z-0.125000
G01 X232.132000 Y26.382000 Z-0.125000
G01 X232.660000 Y26.592000 Z-0.125000
G01 X243.402000 Y37.335000 Z-0.125000
G01 X243.585000 Y37.418000 Z-0.125000
G01 X243.654000 Y37.269000 Z-0.125000
G01 X243.429000 Y36.726000 Z-0.125000
G01 X233.269000 Y26.565000 Z-0.125000
G01 X233.190000 Y26.387000 Z-0.125000
G01 X233.349000 Y26.327000 Z-0.125000
G01 X233.906000 Y26.566000 Z-0.125000
G01 X243.426000 Y36.086000 Z-0.125000
G01 X243.599000 Y36.160000 Z-0.125000
G01 X243.646000 Y35.988000 Z-0.125000
G01 X243.390000 Y35.414000 Z-0.125000
G01 X234.562000 Y26.586000 Z-0.125000
G01 X234.490000 Y26.414000 Z-0.125000
G01 X234.663000 Y26.369000 Z-0.125000
G01 X235.241000 Y26.629000 Z-0.125000
G01 X243.320000 Y34.708000 Z-0.125000
G01 X243.491000 Y34.779000 Z-0.125000
G01 X243.532000 Y34.602000 Z-0.125000
G01 X243.267000 Y34.019000 Z-0.125000
G01 X235.945000 Y26.697000 Z-0.125000
G01 X235.882000 Y26.535000 Z-0.125000
G01 X236.078000 Y26.512000 Z-0.125000
G01 X236.688000 Y26.804000 Z-0.125000
G01 X243.027000 Y33.142000 Z-0.125000
G01 X243.162000 Y33.179000 Z-0.125000
G01 X243.127000 Y32.925000 Z-0.125000
G01 X242.750000 Y32.229000 Z-0.125000
G01 X237.455000 Y26.934000 Z-0.125000
G01 X237.440000 Y26.821000 Z-0.125000
G01 X237.743000 Y26.904000 Z-0.125000
G01 X238.508000 Y27.351000 Z-0.125000
G01 X242.560000 Y31.403000 Z-0.125000
G00 Z5.000000

(End cutting path id: path8334)


(Start cutting path id: path8334)
(Change tool to Default tool)

G00 Z5.000000
G00 X227.833000 Y45.302000

G01 Z-0.125000 F100.0(Penetrate)
G01 X225.943000 Y43.411000 Z-0.125000 F400.000000
G00 Z5.000000

(End cutting path id: path8334)


(Start cutting path id: path8334)
(Change tool to Default tool)

G00 Z5.000000
G00 X219.533000 Y33.821000

G01 Z-0.125000 F100.0(Penetrate)
G01 X212.420000 Y26.708000 Z-0.125000 F400.000000
G01 X212.329000 Y26.518000 Z-0.125000
G01 X212.465000 Y26.435000 Z-0.125000
G01 X212.988000 Y26.640000 Z-0.125000
G01 X219.933000 Y33.585000 Z-0.125000
G01 X220.489000 Y33.823000 Z-0.125000
G01 X220.648000 Y33.763000 Z-0.125000
G01 X220.568000 Y33.584000 Z-0.125000
G01 X213.581000 Y26.596000 Z-0.125000
G01 X213.498000 Y26.415000 Z-0.125000
G01 X213.652000 Y26.350000 Z-0.125000
G01 X214.200000 Y26.580000 Z-0.125000
G01 X221.201000 Y33.581000 Z-0.125000
G01 X221.754000 Y33.816000 Z-0.125000
G01 X221.911000 Y33.754000 Z-0.125000
G01 X221.830000 Y33.574000 Z-0.125000
G01 X214.854000 Y26.597000 Z-0.125000
G01 X214.782000 Y26.426000 Z-0.125000
G01 X214.959000 Y26.385000 Z-0.125000
G01 X215.542000 Y26.649000 Z-0.125000
G01 X222.440000 Y33.547000 Z-0.125000
G01 X222.649000 Y33.657000 Z-0.125000
G01 X222.775000 Y33.565000 Z-0.125000
G01 X222.783000 Y33.353000 Z-0.125000
G01 X222.634000 Y33.105000 Z-0.125000
G01 X216.212000 Y26.683000 Z-0.125000
G01 X216.166000 Y26.538000 Z-0.125000
G01 X216.399000 Y26.553000 Z-0.125000
G01 X217.064000 Y26.900000 Z-0.125000
G01 X222.454000 Y32.289000 Z-0.125000
G01 X222.597000 Y32.333000 Z-0.125000
G01 X222.580000 Y32.097000 Z-0.125000
G01 X222.228000 Y31.427000 Z-0.125000
G01 X217.918000 Y27.117000 Z-0.125000
G01 X217.910000 Y27.010000 Z-0.125000
G01 X218.227000 Y27.108000 Z-0.125000
G01 X219.014000 Y27.577000 Z-0.125000
G01 X221.673000 Y30.236000 Z-0.125000
G00 Z5.000000

(End cutting path id: path8334)


(Start cutting path id: path8334)
(Change tool to Default tool)

G00 Z5.000000
G00 X217.667000 Y33.227000

G01 Z-0.125000 F100.0(Penetrate)
G01 X218.039000 Y33.599000 Z-0.125000 F400.000000
G01 X218.586000 Y33.828000 Z-0.125000
G01 X218.738000 Y33.761000 Z-0.125000
G01 X218.655000 Y33.579000 Z-0.125000
G01 X217.350000 Y32.274000 Z-0.125000
G00 Z5.000000

(End cutting path id: path8334)


(Start cutting path id: path8334)
(Change tool to Default tool)

G00 Z5.000000
G00 X212.557000 Y26.286000

G01 Z-0.125000 F100.0(Penetrate)
G01 X211.012000 Y26.588000 Z-0.125000 F400.000000
G01 X209.617000 Y27.123000 Z-0.125000
G01 X208.395000 Y27.879000 Z-0.125000
G01 X207.370000 Y28.845000 Z-0.125000
G01 X206.155000 Y30.867000 Z-0.125000
G01 X205.295000 Y33.206000 Z-0.125000
G01 X205.086000 Y36.359000 Z-0.125000
G01 X205.285000 Y39.461000 Z-0.125000
G01 X205.708000 Y40.942000 Z-0.125000
G01 X206.273000 Y42.265000 Z-0.125000
G01 X206.979000 Y43.429000 Z-0.125000
G01 X207.823000 Y44.432000 Z-0.125000
G01 X208.803000 Y45.271000 Z-0.125000
G01 X209.918000 Y45.946000 Z-0.125000
G01 X211.166000 Y46.454000 Z-0.125000
G01 X212.544000 Y46.793000 Z-0.125000
G01 X214.793000 Y46.943000 Z-0.125000
G01 X217.044000 Y46.658000 Z-0.125000
G01 X219.083000 Y45.985000 Z-0.125000
G01 X220.695000 Y44.973000 Z-0.125000
G01 X221.438000 Y44.202000 Z-0.125000
G01 X222.028000 Y43.299000 Z-0.125000
G01 X222.505000 Y42.189000 Z-0.125000
G01 X222.910000 Y40.796000 Z-0.125000
G01 X223.126000 Y39.870000 Z-0.125000
G01 X223.117000 Y39.600000 Z-0.125000
G01 X222.981000 Y39.431000 Z-0.125000
G01 X222.190000 Y39.309000 Z-0.125000
G01 X220.467000 Y39.332000 Z-0.125000
G01 X217.786000 Y39.378000 Z-0.125000
G01 X217.490000 Y40.254000 Z-0.125000
G01 X217.036000 Y41.237000 Z-0.125000
G01 X216.421000 Y41.887000 Z-0.125000
G01 X215.584000 Y42.248000 Z-0.125000
G01 X214.464000 Y42.362000 Z-0.125000
G01 X213.042000 Y42.172000 Z-0.125000
G01 X211.981000 Y41.554000 Z-0.125000
G01 X211.223000 Y40.455000 Z-0.125000
G01 X210.712000 Y38.822000 Z-0.125000
G01 X210.496000 Y37.098000 Z-0.125000
G01 X210.534000 Y35.323000 Z-0.125000
G01 X210.810000 Y33.660000 Z-0.125000
G01 X211.311000 Y32.275000 Z-0.125000
G01 X211.770000 Y31.653000 Z-0.125000
G01 X212.429000 Y31.113000 Z-0.125000
G01 X213.257000 Y30.713000 Z-0.125000
G01 X214.261000 Y30.621000 Z-0.125000
G01 X215.752000 Y30.828000 Z-0.125000
G01 X216.303000 Y31.094000 Z-0.125000
G01 X216.742000 Y31.475000 Z-0.125000
G01 X217.341000 Y32.533000 Z-0.125000
G01 X217.643000 Y33.627000 Z-0.125000
G01 X217.703000 Y33.812000 Z-0.125000
G01 X218.033000 Y33.910000 Z-0.125000
G01 X220.406000 Y33.957000 Z-0.125000
G01 X222.732000 Y33.912000 Z-0.125000
G01 X223.060000 Y33.825000 Z-0.125000
G01 X223.088000 Y33.665000 Z-0.125000
G01 X222.891000 Y32.789000 Z-0.125000
G01 X222.415000 Y31.390000 Z-0.125000
G01 X221.583000 Y29.931000 Z-0.125000
G01 X220.516000 Y28.592000 Z-0.125000
G01 X219.339000 Y27.555000 Z-0.125000
G01 X218.003000 Y26.878000 Z-0.125000
G01 X216.335000 Y26.424000 Z-0.125000
G01 X214.473000 Y26.218000 Z-0.125000
G01 X212.555000 Y26.286000 Z-0.125000
G01 X212.557000 Y26.286000 Z-0.125000
G00 Z5.000000

(End cutting path id: path8334)


(Start cutting path id: path8334)
(Change tool to Default tool)

G00 Z5.000000
G00 X211.561000 Y41.115000

G01 Z-0.125000 F100.0(Penetrate)
G01 X205.499000 Y35.052000 Z-0.125000 F400.000000
G01 X205.278000 Y34.513000 Z-0.125000
G01 X205.350000 Y34.366000 Z-0.125000
G01 X205.534000 Y34.451000 Z-0.125000
G01 X210.566000 Y39.483000 Z-0.125000
G01 X210.710000 Y39.528000 Z-0.125000
G01 X210.695000 Y39.294000 Z-0.125000
G01 X210.348000 Y38.629000 Z-0.125000
G01 X205.596000 Y33.878000 Z-0.125000
G01 X205.407000 Y33.370000 Z-0.125000
G01 X205.501000 Y33.245000 Z-0.125000
G01 X205.695000 Y33.340000 Z-0.125000
G01 X210.216000 Y37.861000 Z-0.125000
G01 X210.384000 Y37.929000 Z-0.125000
G01 X210.419000 Y37.745000 Z-0.125000
G01 X210.144000 Y37.153000 Z-0.125000
G01 X205.836000 Y32.845000 Z-0.125000
G01 X205.682000 Y32.592000 Z-0.125000
G01 X205.679000 Y32.370000 Z-0.125000
G01 X205.795000 Y32.267000 Z-0.125000
G01 X205.999000 Y32.372000 Z-0.125000
G01 X210.113000 Y36.486000 Z-0.125000
G01 X210.296000 Y36.570000 Z-0.125000
G01 X210.366000 Y36.421000 Z-0.125000
G01 X210.142000 Y35.878000 Z-0.125000
G01 X206.180000 Y31.917000 Z-0.125000
G01 X206.032000 Y31.669000 Z-0.125000
G01 X206.038000 Y31.457000 Z-0.125000
G01 X206.164000 Y31.364000 Z-0.125000
G01 X206.373000 Y31.473000 Z-0.125000
G01 X210.150000 Y35.250000 Z-0.125000
G01 X210.338000 Y35.339000 Z-0.125000
G01 X210.417000 Y35.199000 Z-0.125000
G01 X210.207000 Y34.671000 Z-0.125000
G01 X206.575000 Y31.039000 Z-0.125000
G01 X206.429000 Y30.794000 Z-0.125000
G01 X206.443000 Y30.589000 Z-0.125000
G01 X206.575000 Y30.503000 Z-0.125000
G01 X206.787000 Y30.616000 Z-0.125000
G01 X210.307000 Y34.136000 Z-0.125000
G01 X210.500000 Y34.229000 Z-0.125000
G01 X210.591000 Y34.101000 Z-0.125000
G01 X210.397000 Y33.590000 Z-0.125000
G01 X207.012000 Y30.205000 Z-0.125000
G01 X206.871000 Y29.964000 Z-0.125000
G01 X206.893000 Y29.767000 Z-0.125000
G01 X207.035000 Y29.690000 Z-0.125000
G01 X207.251000 Y29.807000 Z-0.125000
G01 X210.528000 Y33.084000 Z-0.125000
G01 X210.731000 Y33.188000 Z-0.125000
G01 X210.844000 Y33.082000 Z-0.125000
G01 X210.837000 Y32.857000 Z-0.125000
G01 X210.683000 Y32.603000 Z-0.125000
G01 X207.508000 Y29.428000 Z-0.125000
G01 X207.373000 Y29.194000 Z-0.125000
G01 X207.412000 Y29.014000 Z-0.125000
G01 X207.570000 Y28.953000 Z-0.125000
G01 X207.793000 Y29.077000 Z-0.125000
G01 X210.871000 Y32.155000 Z-0.125000
G01 X211.085000 Y32.269000 Z-0.125000
G01 X211.222000 Y32.187000 Z-0.125000
G01 X211.239000 Y31.986000 Z-0.125000
G01 X211.095000 Y31.743000 Z-0.125000
G01 X208.104000 Y28.752000 Z-0.125000
G01 X207.977000 Y28.526000 Z-0.125000
G01 X208.031000 Y28.361000 Z-0.125000
G01 X208.205000 Y28.316000 Z-0.125000
G01 X208.436000 Y28.448000 Z-0.125000
G01 X211.376000 Y31.388000 Z-0.125000
G01 X211.606000 Y31.518000 Z-0.125000
G01 X211.777000 Y31.470000 Z-0.125000
G01 X211.828000 Y31.303000 Z-0.125000
G01 X211.700000 Y31.075000 Z-0.125000
G01 X208.791000 Y28.167000 Z-0.125000
G01 X208.671000 Y27.947000 Z-0.125000
G01 X208.740000 Y27.798000 Z-0.125000
G01 X208.929000 Y27.768000 Z-0.125000
G01 X209.167000 Y27.906000 Z-0.125000
G01 X212.062000 Y30.801000 Z-0.125000
G01 X212.303000 Y30.943000 Z-0.125000
G01 X212.499000 Y30.920000 Z-0.125000
G01 X212.576000 Y30.779000 Z-0.125000
G01 X212.459000 Y30.563000 Z-0.125000
G01 X209.562000 Y27.666000 Z-0.125000
G01 X209.449000 Y27.453000 Z-0.125000
G01 X209.533000 Y27.319000 Z-0.125000
G01 X209.737000 Y27.304000 Z-0.125000
G01 X209.981000 Y27.449000 Z-0.125000
G01 X212.904000 Y30.372000 Z-0.125000
G01 X213.410000 Y30.559000 Z-0.125000
G01 X213.534000 Y30.464000 Z-0.125000
G01 X213.438000 Y30.269000 Z-0.125000
G01 X210.422000 Y27.253000 Z-0.125000
G01 X210.316000 Y27.047000 Z-0.125000
G01 X210.415000 Y26.928000 Z-0.125000
G01 X210.633000 Y26.928000 Z-0.125000
G01 X210.885000 Y27.080000 Z-0.125000
G01 X214.055000 Y30.251000 Z-0.125000
G01 X214.645000 Y30.522000 Z-0.125000
G01 X214.826000 Y30.484000 Z-0.125000
G01 X214.756000 Y30.316000 Z-0.125000
G01 X211.372000 Y26.931000 Z-0.125000
G01 X211.273000 Y26.733000 Z-0.125000
G01 X211.389000 Y26.630000 Z-0.125000
G01 X211.884000 Y26.807000 Z-0.125000
G01 X215.832000 Y30.755000 Z-0.125000
G00 Z5.000000

(End cutting path id: path8334)


(Start cutting path id: path8334)
(Change tool to Default tool)

G00 Z5.000000
G00 X207.486000 Y44.035000

G01 Z-0.125000 F100.0(Penetrate)
G01 X208.215000 Y44.764000 Z-0.125000 F400.000000
G00 Z5.000000

(End cutting path id: path8334)


(Start cutting path id: path8334)
(Change tool to Default tool)

G00 Z5.000000
G00 X198.935000 Y39.303000

G01 Z-0.125000 F100.0(Penetrate)
G01 X193.660000 Y34.028000 Z-0.125000 F400.000000
G01 X193.422000 Y33.471000 Z-0.125000
G01 X193.481000 Y33.312000 Z-0.125000
G01 X193.660000 Y33.392000 Z-0.125000
G01 X198.494000 Y38.225000 Z-0.125000
G01 X198.643000 Y38.275000 Z-0.125000
G01 X198.636000 Y38.050000 Z-0.125000
G01 X198.302000 Y37.397000 Z-0.125000
G01 X193.660000 Y32.756000 Z-0.125000
G01 X193.422000 Y32.199000 Z-0.125000
G01 X193.482000 Y32.040000 Z-0.125000
G01 X193.660000 Y32.120000 Z-0.125000
G01 X198.252000 Y36.711000 Z-0.125000
G01 X198.420000 Y36.780000 Z-0.125000
G01 X198.456000 Y36.597000 Z-0.125000
G01 X198.183000 Y36.006000 Z-0.125000
G01 X193.660000 Y31.484000 Z-0.125000
G01 X193.422000 Y30.927000 Z-0.125000
G01 X193.482000 Y30.768000 Z-0.125000
G01 X193.660000 Y30.848000 Z-0.125000
G01 X198.153000 Y35.340000 Z-0.125000
G01 X198.328000 Y35.416000 Z-0.125000
G01 X198.379000 Y35.248000 Z-0.125000
G01 X198.129000 Y34.680000 Z-0.125000
G01 X193.661000 Y30.211000 Z-0.125000
G01 X193.422000 Y29.655000 Z-0.125000
G01 X193.482000 Y29.496000 Z-0.125000
G01 X193.661000 Y29.575000 Z-0.125000
G01 X198.115000 Y34.029000 Z-0.125000
G01 X198.292000 Y34.107000 Z-0.125000
G01 X198.348000 Y33.944000 Z-0.125000
G01 X198.104000 Y33.382000 Z-0.125000
G01 X193.661000 Y28.939000 Z-0.125000
G01 X193.422000 Y28.383000 Z-0.125000
G01 X193.482000 Y28.224000 Z-0.125000
G01 X193.661000 Y28.303000 Z-0.125000
G01 X198.096000 Y32.739000 Z-0.125000
G01 X198.275000 Y32.818000 Z-0.125000
G01 X198.333000 Y32.658000 Z-0.125000
G01 X198.093000 Y32.100000 Z-0.125000
G01 X193.660000 Y27.667000 Z-0.125000
G01 X193.483000 Y27.172000 Z-0.125000
G01 X193.585000 Y27.055000 Z-0.125000
G01 X193.783000 Y27.154000 Z-0.125000
G01 X198.091000 Y31.461000 Z-0.125000
G01 X198.269000 Y31.541000 Z-0.125000
G01 X198.329000 Y31.381000 Z-0.125000
G01 X198.090000 Y30.824000 Z-0.125000
G01 X194.420000 Y27.154000 Z-0.125000
G01 X194.340000 Y26.975000 Z-0.125000
G01 X194.499000 Y26.916000 Z-0.125000
G01 X195.056000 Y27.154000 Z-0.125000
G01 X198.090000 Y30.188000 Z-0.125000
G01 X198.269000 Y30.268000 Z-0.125000
G01 X198.328000 Y30.109000 Z-0.125000
G01 X198.090000 Y29.552000 Z-0.125000
G01 X195.692000 Y27.154000 Z-0.125000
G01 X195.612000 Y26.975000 Z-0.125000
G01 X195.771000 Y26.916000 Z-0.125000
G01 X196.328000 Y27.154000 Z-0.125000
G01 X198.090000 Y28.916000 Z-0.125000
G01 X198.269000 Y28.995000 Z-0.125000
G01 X198.328000 Y28.836000 Z-0.125000
G01 X198.090000 Y28.280000 Z-0.125000
G01 X196.964000 Y27.154000 Z-0.125000
G01 X196.884000 Y26.975000 Z-0.125000
G01 X197.044000 Y26.916000 Z-0.125000
G01 X197.600000 Y27.154000 Z-0.125000
G01 X198.163000 Y27.717000 Z-0.125000
G01 X198.287000 Y27.742000 Z-0.125000
G01 X198.328000 Y27.564000 Z-0.125000
G01 X198.163000 Y27.081000 Z-0.125000
G01 X197.998000 Y26.916000 Z-0.125000
G00 Z5.000000

(End cutting path id: path8334)


(Start cutting path id: path8334)
(Change tool to Default tool)

G00 Z5.000000
G00 X193.291000 Y36.626000

G01 Z-0.125000 F100.0(Penetrate)
G01 X193.291000 Y46.467000 Z-0.125000 F400.000000
G01 X195.793000 Y46.467000 Z-0.125000
G01 X198.295000 Y46.467000 Z-0.125000
G01 X198.295000 Y44.843000 Z-0.125000
G01 X198.295000 Y43.219000 Z-0.125000
G01 X198.858000 Y44.051000 Z-0.125000
G01 X199.886000 Y45.360000 Z-0.125000
G01 X200.974000 Y46.176000 Z-0.125000
G01 X202.559000 Y46.775000 Z-0.125000
G01 X204.133000 Y46.941000 Z-0.125000
G01 X204.717000 Y46.884000 Z-0.125000
G01 X204.763000 Y44.176000 Z-0.125000
G01 X204.809000 Y41.467000 Z-0.125000
G01 X203.842000 Y41.568000 Z-0.125000
G01 X202.331000 Y41.542000 Z-0.125000
G01 X200.971000 Y41.172000 Z-0.125000
G01 X199.879000 Y40.507000 Z-0.125000
G01 X199.171000 Y39.596000 Z-0.125000
G01 X198.828000 Y38.558000 Z-0.125000
G01 X198.610000 Y37.033000 Z-0.125000
G01 X198.462000 Y31.526000 Z-0.125000
G01 X198.462000 Y26.784000 Z-0.125000
G01 X195.877000 Y26.784000 Z-0.125000
G01 X193.291000 Y26.784000 Z-0.125000
G01 X193.291000 Y36.626000 Z-0.125000
G00 Z5.000000

(End cutting path id: path8334)


(Start cutting path id: path8334)
(Change tool to Default tool)

G00 Z5.000000
G00 X186.452000 Y38.983000

G01 Z-0.125000 F100.0(Penetrate)
G01 X186.279000 Y39.914000 Z-0.125000 F400.000000
G01 X185.804000 Y40.821000 Z-0.125000
G01 X185.092000 Y41.614000 Z-0.125000
G01 X184.205000 Y42.200000 Z-0.125000
G01 X182.545000 Y42.585000 Z-0.125000
G01 X180.956000 Y42.448000 Z-0.125000
G01 X179.647000 Y41.796000 Z-0.125000
G01 X178.661000 Y40.663000 Z-0.125000
G01 X178.045000 Y39.086000 Z-0.125000
G01 X177.938000 Y38.627000 Z-0.125000
G01 X182.195000 Y38.627000 Z-0.125000
G01 X185.911000 Y38.673000 Z-0.125000
G01 X186.382000 Y38.778000 Z-0.125000
G01 X186.452000 Y38.983000 Z-0.125000
G01 X186.452000 Y38.983000 Z-0.125000
G00 Z5.000000

(End cutting path id: path8334)


(Start cutting path id: path8334)
(Change tool to Default tool)

G00 Z5.000000
G00 X184.076000 Y35.257000

G01 Z-0.125000 F100.0(Penetrate)
G01 X190.500000 Y41.681000 Z-0.125000 F400.000000
G01 X190.709000 Y41.791000 Z-0.125000
G01 X190.836000 Y41.699000 Z-0.125000
G01 X190.844000 Y41.488000 Z-0.125000
G01 X190.695000 Y41.240000 Z-0.125000
G01 X184.950000 Y35.495000 Z-0.125000
G01 X184.870000 Y35.316000 Z-0.125000
G01 X185.029000 Y35.256000 Z-0.125000
G01 X185.586000 Y35.494000 Z-0.125000
G01 X190.870000 Y40.778000 Z-0.125000
G01 X191.073000 Y40.882000 Z-0.125000
G01 X191.187000 Y40.777000 Z-0.125000
G01 X191.181000 Y40.553000 Z-0.125000
G01 X191.026000 Y40.299000 Z-0.125000
G01 X186.222000 Y35.494000 Z-0.125000
G01 X186.142000 Y35.316000 Z-0.125000
G01 X186.301000 Y35.256000 Z-0.125000
G01 X186.858000 Y35.494000 Z-0.125000
G01 X191.165000 Y39.801000 Z-0.125000
G01 X191.362000 Y39.900000 Z-0.125000
G01 X191.463000 Y39.782000 Z-0.125000
G01 X191.284000 Y39.285000 Z-0.125000
G01 X187.494000 Y35.494000 Z-0.125000
G01 X187.415000 Y35.316000 Z-0.125000
G01 X187.574000 Y35.256000 Z-0.125000
G01 X188.130000 Y35.494000 Z-0.125000
G01 X191.385000 Y38.749000 Z-0.125000
G01 X191.577000 Y38.841000 Z-0.125000
G01 X191.664000 Y38.710000 Z-0.125000
G01 X191.466000 Y38.194000 Z-0.125000
G01 X188.766000 Y35.494000 Z-0.125000
G01 X188.687000 Y35.316000 Z-0.125000
G01 X188.846000 Y35.256000 Z-0.125000
G01 X189.402000 Y35.494000 Z-0.125000
G01 X191.523000 Y37.615000 Z-0.125000
G01 X191.708000 Y37.700000 Z-0.125000
G01 X191.781000 Y37.555000 Z-0.125000
G01 X191.561000 Y37.017000 Z-0.125000
G01 X190.039000 Y35.494000 Z-0.125000
G01 X189.959000 Y35.316000 Z-0.125000
G01 X190.118000 Y35.256000 Z-0.125000
G01 X190.675000 Y35.494000 Z-0.125000
G01 X191.579000 Y36.399000 Z-0.125000
G01 X191.758000 Y36.479000 Z-0.125000
G01 X191.819000 Y36.321000 Z-0.125000
G01 X191.582000 Y35.766000 Z-0.125000
G01 X191.129000 Y35.313000 Z-0.125000
G01 X191.390000 Y35.256000 Z-0.125000
G01 X191.765000 Y35.313000 Z-0.125000
G01 X191.822000 Y35.370000 Z-0.125000
G00 Z5.000000

(End cutting path id: path8334)


(Start cutting path id: path8334)
(Change tool to Default tool)

G00 Z5.000000
G00 X187.033000 Y32.489000

G01 Z-0.125000 F100.0(Penetrate)
G01 X181.139000 Y26.595000 Z-0.125000 F400.000000
G01 X181.055000 Y26.412000 Z-0.125000
G01 X181.204000 Y26.342000 Z-0.125000
G01 X181.746000 Y26.566000 Z-0.125000
G01 X187.430000 Y32.251000 Z-0.125000
G01 X187.987000 Y32.489000 Z-0.125000
G01 X188.146000 Y32.430000 Z-0.125000
G01 X188.067000 Y32.251000 Z-0.125000
G01 X182.374000 Y26.558000 Z-0.125000
G01 X182.296000 Y26.380000 Z-0.125000
G01 X182.458000 Y26.324000 Z-0.125000
G01 X183.019000 Y26.567000 Z-0.125000
G01 X188.721000 Y32.269000 Z-0.125000
G01 X189.268000 Y32.498000 Z-0.125000
G01 X189.421000 Y32.433000 Z-0.125000
G01 X189.339000 Y32.251000 Z-0.125000
G01 X183.682000 Y26.594000 Z-0.125000
G01 X183.612000 Y26.425000 Z-0.125000
G01 X183.791000 Y26.385000 Z-0.125000
G01 X184.376000 Y26.652000 Z-0.125000
G01 X189.975000 Y32.251000 Z-0.125000
G01 X190.531000 Y32.489000 Z-0.125000
G01 X190.690000 Y32.430000 Z-0.125000
G01 X190.611000 Y32.251000 Z-0.125000
G01 X185.123000 Y26.762000 Z-0.125000
G01 X185.066000 Y26.606000 Z-0.125000
G01 X185.274000 Y26.596000 Z-0.125000
G01 X185.903000 Y26.907000 Z-0.125000
G01 X191.247000 Y32.251000 Z-0.125000
G01 X191.416000 Y32.321000 Z-0.125000
G01 X191.455000 Y32.140000 Z-0.125000
G01 X191.185000 Y31.553000 Z-0.125000
G01 X186.800000 Y27.167000 Z-0.125000
G01 X186.809000 Y27.077000 Z-0.125000
G01 X187.164000 Y27.214000 Z-0.125000
G01 X188.006000 Y27.738000 Z-0.125000
G01 X190.718000 Y30.450000 Z-0.125000
G00 Z5.000000

(End cutting path id: path8334)


(Start cutting path id: path8334)
(Change tool to Default tool)

G00 Z5.000000
G00 X180.447000 Y26.276000

G01 Z-0.125000 F100.0(Penetrate)
G01 X179.099000 Y26.613000 Z-0.125000 F400.000000
G01 X177.850000 Y27.091000 Z-0.125000
G01 X176.712000 Y27.700000 Z-0.125000
G01 X175.693000 Y28.431000 Z-0.125000
G01 X174.804000 Y29.278000 Z-0.125000
G01 X174.055000 Y30.231000 Z-0.125000
G01 X173.456000 Y31.283000 Z-0.125000
G01 X173.016000 Y32.425000 Z-0.125000
G01 X172.713000 Y33.715000 Z-0.125000
G01 X172.544000 Y35.086000 Z-0.125000
G01 X172.591000 Y37.913000 Z-0.125000
G01 X173.125000 Y40.591000 Z-0.125000
G01 X173.564000 Y41.776000 Z-0.125000
G01 X174.113000 Y42.804000 Z-0.125000
G01 X175.009000 Y43.928000 Z-0.125000
G01 X176.164000 Y44.957000 Z-0.125000
G01 X177.480000 Y45.819000 Z-0.125000
G01 X178.862000 Y46.439000 Z-0.125000
G01 X180.174000 Y46.765000 Z-0.125000
G01 X181.658000 Y46.923000 Z-0.125000
G01 X183.190000 Y46.909000 Z-0.125000
G01 X184.648000 Y46.716000 Z-0.125000
G01 X186.309000 Y46.230000 Z-0.125000
G01 X187.768000 Y45.502000 Z-0.125000
G01 X189.019000 Y44.540000 Z-0.125000
G01 X190.056000 Y43.352000 Z-0.125000
G01 X190.874000 Y41.946000 Z-0.125000
G01 X191.466000 Y40.331000 Z-0.125000
G01 X191.828000 Y38.513000 Z-0.125000
G01 X191.953000 Y36.501000 Z-0.125000
G01 X191.956000 Y35.125000 Z-0.125000
G01 X184.867000 Y35.125000 Z-0.125000
G01 X180.381000 Y35.122000 Z-0.125000
G01 X178.293000 Y35.014000 Z-0.125000
G01 X177.886000 Y34.873000 Z-0.125000
G01 X177.764000 Y34.649000 Z-0.125000
G01 X177.956000 Y33.874000 Z-0.125000
G01 X178.452000 Y32.554000 Z-0.125000
G01 X179.197000 Y31.643000 Z-0.125000
G01 X179.916000 Y31.072000 Z-0.125000
G01 X180.579000 Y30.739000 Z-0.125000
G01 X181.363000 Y30.582000 Z-0.125000
G01 X182.448000 Y30.541000 Z-0.125000
G01 X183.910000 Y30.613000 Z-0.125000
G01 X184.840000 Y31.012000 Z-0.125000
G01 X185.509000 Y31.514000 Z-0.125000
G01 X185.982000 Y32.054000 Z-0.125000
G01 X186.318000 Y32.622000 Z-0.125000
G01 X189.045000 Y32.622000 Z-0.125000
G01 X191.773000 Y32.622000 Z-0.125000
G01 X191.546000 Y31.869000 Z-0.125000
G01 X190.869000 Y30.444000 Z-0.125000
G01 X189.824000 Y29.036000 Z-0.125000
G01 X188.463000 Y27.826000 Z-0.125000
G01 X186.913000 Y26.965000 Z-0.125000
G01 X185.121000 Y26.431000 Z-0.125000
G01 X183.032000 Y26.202000 Z-0.125000
G01 X180.446000 Y26.276000 Z-0.125000
G01 X180.447000 Y26.276000 Z-0.125000
G00 Z5.000000

(End cutting path id: path8334)


(Start cutting path id: path8334)
(Change tool to Default tool)

G00 Z5.000000
G00 X177.656000 Y34.561000

G01 Z-0.125000 F100.0(Penetrate)
G01 X174.109000 Y31.015000 Z-0.125000 F400.000000
G01 X173.968000 Y30.775000 Z-0.125000
G01 X173.992000 Y30.580000 Z-0.125000
G01 X174.135000 Y30.504000 Z-0.125000
G01 X174.352000 Y30.622000 Z-0.125000
G01 X177.531000 Y33.801000 Z-0.125000
G01 X177.732000 Y33.903000 Z-0.125000
G01 X177.841000 Y33.792000 Z-0.125000
G01 X177.673000 Y33.307000 Z-0.125000
G01 X174.613000 Y30.247000 Z-0.125000
G01 X174.478000 Y30.012000 Z-0.125000
G01 X174.515000 Y29.830000 Z-0.125000
G01 X174.670000 Y29.767000 Z-0.125000
G01 X174.893000 Y29.891000 Z-0.125000
G01 X177.830000 Y32.828000 Z-0.125000
G01 X178.040000 Y32.938000 Z-0.125000
G01 X178.167000 Y32.847000 Z-0.125000
G01 X178.175000 Y32.636000 Z-0.125000
G01 X178.027000 Y32.389000 Z-0.125000
G01 X175.190000 Y29.552000 Z-0.125000
G01 X175.060000 Y29.323000 Z-0.125000
G01 X175.109000 Y29.152000 Z-0.125000
G01 X175.276000 Y29.101000 Z-0.125000
G01 X175.505000 Y29.230000 Z-0.125000
G01 X178.260000 Y31.985000 Z-0.125000
G01 X178.483000 Y32.109000 Z-0.125000
G01 X178.639000 Y32.047000 Z-0.125000
G01 X178.677000 Y31.865000 Z-0.125000
G01 X178.542000 Y31.631000 Z-0.125000
G01 X175.836000 Y28.925000 Z-0.125000
G01 X175.711000 Y28.701000 Z-0.125000
G01 X175.771000 Y28.542000 Z-0.125000
G01 X175.950000 Y28.503000 Z-0.125000
G01 X176.184000 Y28.637000 Z-0.125000
G01 X178.860000 Y31.313000 Z-0.125000
G01 X179.093000 Y31.447000 Z-0.125000
G01 X179.271000 Y31.406000 Z-0.125000
G01 X179.330000 Y31.246000 Z-0.125000
G01 X179.205000 Y31.022000 Z-0.125000
G01 X176.547000 Y28.364000 Z-0.125000
G01 X176.428000 Y28.146000 Z-0.125000
G01 X176.499000 Y27.998000 Z-0.125000
G01 X176.690000 Y27.970000 Z-0.125000
G01 X176.928000 Y28.109000 Z-0.125000
G01 X179.568000 Y30.749000 Z-0.125000
G01 X179.809000 Y30.890000 Z-0.125000
G01 X180.006000 Y30.869000 Z-0.125000
G01 X180.084000 Y30.728000 Z-0.125000
G01 X179.967000 Y30.512000 Z-0.125000
G01 X177.324000 Y27.869000 Z-0.125000
G01 X177.210000 Y27.655000 Z-0.125000
G01 X177.292000 Y27.519000 Z-0.125000
G01 X177.494000 Y27.502000 Z-0.125000
G01 X177.737000 Y27.646000 Z-0.125000
G01 X180.428000 Y30.337000 Z-0.125000
G01 X180.931000 Y30.522000 Z-0.125000
G01 X181.053000 Y30.425000 Z-0.125000
G01 X180.957000 Y30.230000 Z-0.125000
G01 X178.166000 Y27.438000 Z-0.125000
G01 X178.057000 Y27.230000 Z-0.125000
G01 X178.151000 Y27.106000 Z-0.125000
G01 X178.364000 Y27.100000 Z-0.125000
G01 X178.613000 Y27.250000 Z-0.125000
G01 X181.544000 Y30.181000 Z-0.125000
G01 X182.095000 Y30.414000 Z-0.125000
G01 X182.250000 Y30.350000 Z-0.125000
G01 X182.169000 Y30.170000 Z-0.125000
G01 X179.076000 Y27.076000 Z-0.125000
G01 X178.972000 Y26.873000 Z-0.125000
G01 X179.079000 Y26.761000 Z-0.125000
G01 X179.559000 Y26.923000 Z-0.125000
G01 X182.810000 Y30.174000 Z-0.125000
G01 X183.386000 Y30.432000 Z-0.125000
G01 X183.558000 Y30.386000 Z-0.125000
G01 X183.485000 Y30.213000 Z-0.125000
G01 X180.057000 Y26.786000 Z-0.125000
G01 X179.960000 Y26.589000 Z-0.125000
G01 X180.079000 Y26.489000 Z-0.125000
G01 X180.578000 Y26.670000 Z-0.125000
G01 X184.923000 Y31.015000 Z-0.125000
G00 Z5.000000

(End cutting path id: path8334)


(Start cutting path id: path8334)
(Change tool to Default tool)

G00 Z5.000000
G00 X178.430000 Y40.425000

G01 Z-0.125000 F100.0(Penetrate)
G01 X172.948000 Y34.943000 Z-0.125000 F400.000000
G01 X172.743000 Y34.420000 Z-0.125000
G01 X172.826000 Y34.284000 Z-0.125000
G01 X173.016000 Y34.374000 Z-0.125000
G01 X177.829000 Y39.187000 Z-0.125000
G01 X177.969000 Y39.229000 Z-0.125000
G01 X177.945000 Y38.986000 Z-0.125000
G01 X177.584000 Y38.307000 Z-0.125000
G01 X173.109000 Y33.831000 Z-0.125000
G01 X172.925000 Y33.330000 Z-0.125000
G01 X173.023000 Y33.209000 Z-0.125000
G01 X173.219000 Y33.306000 Z-0.125000
G01 X178.169000 Y38.256000 Z-0.125000
G01 X178.726000 Y38.494000 Z-0.125000
G01 X178.885000 Y38.435000 Z-0.125000
G01 X178.806000 Y38.256000 Z-0.125000
G01 X173.352000 Y32.802000 Z-0.125000
G01 X173.197000 Y32.548000 Z-0.125000
G01 X173.191000 Y32.323000 Z-0.125000
G01 X173.304000 Y32.217000 Z-0.125000
G01 X173.507000 Y32.321000 Z-0.125000
G01 X179.442000 Y38.256000 Z-0.125000
G01 X179.998000 Y38.494000 Z-0.125000
G01 X180.157000 Y38.435000 Z-0.125000
G01 X180.078000 Y38.256000 Z-0.125000
G01 X173.685000 Y31.863000 Z-0.125000
G01 X173.537000 Y31.616000 Z-0.125000
G01 X173.547000 Y31.407000 Z-0.125000
G01 X173.677000 Y31.318000 Z-0.125000
G01 X173.887000 Y31.429000 Z-0.125000
G01 X180.952000 Y38.494000 Z-0.125000
G00 Z5.000000

(End cutting path id: path8334)


(Start cutting path id: path8334)
(Change tool to Default tool)

G00 Z5.000000
G00 X177.107000 Y45.458000

G01 Z-0.125000 F100.0(Penetrate)
G01 X174.029000 Y42.380000 Z-0.125000 F400.000000
G01 X173.630000 Y41.663000 Z-0.125000
G01 X173.579000 Y41.394000 Z-0.125000
G01 X173.708000 Y41.424000 Z-0.125000
G01 X178.217000 Y45.933000 Z-0.125000
G01 X178.937000 Y46.334000 Z-0.125000
G01 X179.208000 Y46.386000 Z-0.125000
G01 X179.179000 Y46.258000 Z-0.125000
G01 X173.404000 Y40.484000 Z-0.125000
G01 X173.046000 Y39.807000 Z-0.125000
G01 X173.023000 Y39.566000 Z-0.125000
G01 X173.164000 Y39.608000 Z-0.125000
G01 X179.951000 Y46.394000 Z-0.125000
G01 X180.558000 Y46.684000 Z-0.125000
G01 X180.752000 Y46.659000 Z-0.125000
G01 X180.689000 Y46.496000 Z-0.125000
G01 X173.058000 Y38.866000 Z-0.125000
G01 X172.773000 Y38.262000 Z-0.125000
G01 X172.801000 Y38.071000 Z-0.125000
G01 X172.965000 Y38.136000 Z-0.125000
G01 X181.380000 Y46.551000 Z-0.125000
G01 X181.944000 Y46.797000 Z-0.125000
G01 X182.109000 Y46.743000 Z-0.125000
G01 X182.032000 Y46.567000 Z-0.125000
G01 X172.907000 Y37.442000 Z-0.125000
G01 X172.655000 Y36.872000 Z-0.125000
G01 X172.705000 Y36.703000 Z-0.125000
G01 X172.880000 Y36.778000 Z-0.125000
G01 X182.655000 Y46.554000 Z-0.125000
G01 X183.193000 Y46.773000 Z-0.125000
G01 X183.338000 Y46.700000 Z-0.125000
G01 X183.253000 Y46.515000 Z-0.125000
G01 X172.855000 Y36.117000 Z-0.125000
G01 X172.642000 Y35.586000 Z-0.125000
G01 X172.719000 Y35.445000 Z-0.125000
G01 X172.906000 Y35.533000 Z-0.125000
G01 X183.819000 Y46.446000 Z-0.125000
G01 X184.330000 Y46.638000 Z-0.125000
G01 X184.457000 Y46.547000 Z-0.125000
G01 X184.363000 Y46.353000 Z-0.125000
G01 X180.569000 Y42.559000 Z-0.125000
G01 X180.531000 Y42.423000 Z-0.125000
G01 X180.783000 Y42.456000 Z-0.125000
G01 X181.475000 Y42.830000 Z-0.125000
G01 X184.879000 Y46.234000 Z-0.125000
G01 X185.365000 Y46.402000 Z-0.125000
G01 X185.476000 Y46.294000 Z-0.125000
G01 X185.375000 Y46.093000 Z-0.125000
G01 X182.242000 Y42.960000 Z-0.125000
G01 X182.161000 Y42.780000 Z-0.125000
G01 X182.317000 Y42.717000 Z-0.125000
G01 X182.868000 Y42.951000 Z-0.125000
G01 X185.850000 Y45.933000 Z-0.125000
G01 X186.100000 Y46.083000 Z-0.125000
G01 X186.317000 Y46.081000 Z-0.125000
G01 X186.414000 Y45.959000 Z-0.125000
G01 X186.306000 Y45.752000 Z-0.125000
G01 X183.421000 Y42.867000 Z-0.125000
G01 X183.324000 Y42.670000 Z-0.125000
G01 X183.443000 Y42.571000 Z-0.125000
G01 X183.943000 Y42.753000 Z-0.125000
G01 X186.743000 Y45.553000 Z-0.125000
G01 X186.987000 Y45.698000 Z-0.125000
G01 X187.189000 Y45.681000 Z-0.125000
G01 X187.272000 Y45.546000 Z-0.125000
G01 X187.158000 Y45.332000 Z-0.125000
G01 X184.420000 Y42.594000 Z-0.125000
G01 X184.306000 Y42.381000 Z-0.125000
G01 X184.391000 Y42.247000 Z-0.125000
G01 X184.594000 Y42.232000 Z-0.125000
G01 X184.838000 Y42.376000 Z-0.125000
G01 X187.554000 Y45.092000 Z-0.125000
G01 X187.792000 Y45.230000 Z-0.125000
G01 X187.981000 Y45.201000 Z-0.125000
G01 X188.051000 Y45.053000 Z-0.125000
G01 X187.931000 Y44.833000 Z-0.125000
G01 X185.218000 Y42.120000 Z-0.125000
G01 X185.092000 Y41.895000 Z-0.125000
G01 X185.150000 Y41.734000 Z-0.125000
G01 X185.327000 Y41.692000 Z-0.125000
G01 X185.559000 Y41.825000 Z-0.125000
G01 X188.291000 Y44.556000 Z-0.125000
G01 X188.523000 Y44.689000 Z-0.125000
G01 X188.700000 Y44.647000 Z-0.125000
G01 X188.757000 Y44.486000 Z-0.125000
G01 X188.632000 Y44.261000 Z-0.125000
G01 X185.870000 Y41.500000 Z-0.125000
G01 X185.735000 Y41.266000 Z-0.125000
G01 X185.772000 Y41.084000 Z-0.125000
G01 X185.928000 Y41.021000 Z-0.125000
G01 X186.151000 Y41.144000 Z-0.125000
G01 X188.955000 Y43.948000 Z-0.125000
G01 X189.181000 Y44.075000 Z-0.125000
G01 X189.345000 Y44.020000 Z-0.125000
G01 X189.390000 Y43.847000 Z-0.125000
G01 X189.258000 Y43.616000 Z-0.125000
G01 X186.394000 Y40.751000 Z-0.125000
G01 X186.247000 Y40.505000 Z-0.125000
G01 X186.257000 Y40.297000 Z-0.125000
G01 X186.387000 Y40.208000 Z-0.125000
G01 X186.598000 Y40.319000 Z-0.125000
G01 X189.543000 Y43.265000 Z-0.125000
G01 X189.764000 Y43.386000 Z-0.125000
G01 X189.915000 Y43.319000 Z-0.125000
G01 X189.948000 Y43.132000 Z-0.125000
G01 X189.810000 Y42.896000 Z-0.125000
G01 X186.751000 Y39.836000 Z-0.125000
G01 X186.536000 Y39.303000 Z-0.125000
G01 X186.612000 Y39.161000 Z-0.125000
G01 X186.798000 Y39.248000 Z-0.125000
G01 X190.060000 Y42.509000 Z-0.125000
G01 X190.275000 Y42.625000 Z-0.125000
G01 X190.414000 Y42.545000 Z-0.125000
G01 X190.434000 Y42.347000 Z-0.125000
G01 X190.291000 Y42.104000 Z-0.125000
G01 X183.684000 Y35.497000 Z-0.125000
G01 X183.128000 Y35.259000 Z-0.125000
G01 X182.969000 Y35.319000 Z-0.125000
G01 X183.049000 Y35.498000 Z-0.125000
G01 X185.909000 Y38.358000 Z-0.125000
G01 X185.976000 Y38.524000 Z-0.125000
G01 X185.789000 Y38.556000 Z-0.125000
G01 X185.192000 Y38.277000 Z-0.125000
G01 X182.413000 Y35.498000 Z-0.125000
G01 X181.855000 Y35.259000 Z-0.125000
G01 X181.696000 Y35.318000 Z-0.125000
G01 X181.775000 Y35.496000 Z-0.125000
G01 X184.544000 Y38.265000 Z-0.125000
G01 X184.623000 Y38.443000 Z-0.125000
G01 X184.462000 Y38.501000 Z-0.125000
G01 X183.904000 Y38.261000 Z-0.125000
G01 X181.137000 Y35.494000 Z-0.125000
G01 X180.579000 Y35.254000 Z-0.125000
G01 X180.419000 Y35.312000 Z-0.125000
G01 X180.498000 Y35.491000 Z-0.125000
G01 X183.267000 Y38.260000 Z-0.125000
G01 X183.346000 Y38.438000 Z-0.125000
G01 X183.186000 Y38.497000 Z-0.125000
G01 X182.629000 Y38.258000 Z-0.125000
G01 X179.851000 Y35.479000 Z-0.125000
G01 X179.280000 Y35.227000 Z-0.125000
G01 X179.111000 Y35.277000 Z-0.125000
G01 X179.187000 Y35.451000 Z-0.125000
G01 X181.991000 Y38.256000 Z-0.125000
G01 X182.071000 Y38.435000 Z-0.125000
G01 X181.912000 Y38.494000 Z-0.125000
G01 X181.355000 Y38.256000 Z-0.125000
G01 X178.145000 Y35.046000 Z-0.125000
G00 Z5.000000

(End cutting path id: path8334)


(Start cutting path id: path8334)
(Change tool to Default tool)

G00 Z5.000000
G00 X168.032000 Y28.119000

G01 Z-0.125000 F100.0(Penetrate)
G01 X169.016000 Y29.103000 Z-0.125000 F400.000000
G00 Z5.000000

(End cutting path id: path8334)


(Start cutting path id: path8334)
(Change tool to Default tool)

G00 Z5.000000
G00 X163.169000 Y30.965000

G01 Z-0.125000 F100.0(Penetrate)
G01 X163.875000 Y31.305000 Z-0.125000 F400.000000
G01 X164.451000 Y31.773000 Z-0.125000
G01 X164.947000 Y32.418000 Z-0.125000
G01 X165.411000 Y33.290000 Z-0.125000
G01 X165.768000 Y34.408000 Z-0.125000
G01 X165.838000 Y36.376000 Z-0.125000
G01 X165.775000 Y38.320000 Z-0.125000
G01 X165.475000 Y39.462000 Z-0.125000
G01 X165.039000 Y40.364000 Z-0.125000
G01 X164.526000 Y41.063000 Z-0.125000
G01 X163.913000 Y41.584000 Z-0.125000
G01 X163.173000 Y41.954000 Z-0.125000
G01 X161.761000 Y42.280000 Z-0.125000
G01 X160.330000 Y42.052000 Z-0.125000
G01 X159.412000 Y41.633000 Z-0.125000
G01 X158.664000 Y40.968000 Z-0.125000
G01 X158.079000 Y40.052000 Z-0.125000
G01 X157.654000 Y38.878000 Z-0.125000
G01 X157.437000 Y36.340000 Z-0.125000
G01 X157.627000 Y33.893000 Z-0.125000
G01 X157.981000 Y32.990000 Z-0.125000
G01 X158.468000 Y32.221000 Z-0.125000
G01 X159.072000 Y31.595000 Z-0.125000
G01 X159.772000 Y31.123000 Z-0.125000
G01 X160.550000 Y30.814000 Z-0.125000
G01 X161.388000 Y30.678000 Z-0.125000
G01 X162.267000 Y30.725000 Z-0.125000
G01 X163.169000 Y30.964000 Z-0.125000
G01 X163.169000 Y30.965000 Z-0.125000
G00 Z5.000000

(End cutting path id: path8334)


(Start cutting path id: path8334)
(Change tool to Default tool)

G00 Z5.000000
G00 X157.358000 Y28.253000

G01 Z-0.125000 F100.0(Penetrate)
G01 X152.800000 Y23.695000 Z-0.125000 F400.000000
G01 X152.562000 Y23.139000 Z-0.125000
G01 X152.622000 Y22.980000 Z-0.125000
G01 X152.800000 Y23.059000 Z-0.125000
G01 X157.085000 Y27.344000 Z-0.125000
G01 X157.264000 Y27.423000 Z-0.125000
G01 X157.324000 Y27.265000 Z-0.125000
G01 X157.086000 Y26.709000 Z-0.125000
G01 X152.800000 Y22.423000 Z-0.125000
G01 X152.562000 Y21.866000 Z-0.125000
G01 X152.622000 Y21.707000 Z-0.125000
G01 X152.800000 Y21.787000 Z-0.125000
G01 X157.085000 Y26.072000 Z-0.125000
G01 X157.264000 Y26.151000 Z-0.125000
G01 X157.323000 Y25.992000 Z-0.125000
G01 X157.085000 Y25.435000 Z-0.125000
G01 X152.801000 Y21.151000 Z-0.125000
G01 X152.562000 Y20.594000 Z-0.125000
G01 X152.622000 Y20.435000 Z-0.125000
G01 X152.801000 Y20.515000 Z-0.125000
G01 X157.084000 Y24.798000 Z-0.125000
G01 X157.262000 Y24.877000 Z-0.125000
G01 X157.322000 Y24.718000 Z-0.125000
G01 X157.083000 Y24.161000 Z-0.125000
G01 X152.801000 Y19.879000 Z-0.125000
G01 X152.685000 Y19.664000 Z-0.125000
G01 X152.766000 Y19.526000 Z-0.125000
G01 X152.965000 Y19.507000 Z-0.125000
G01 X153.208000 Y19.650000 Z-0.125000
G01 X157.082000 Y23.524000 Z-0.125000
G01 X157.260000 Y23.603000 Z-0.125000
G01 X157.319000 Y23.443000 Z-0.125000
G01 X157.079000 Y22.885000 Z-0.125000
G01 X153.843000 Y19.650000 Z-0.125000
G01 X153.764000 Y19.471000 Z-0.125000
G01 X153.923000 Y19.411000 Z-0.125000
G01 X154.480000 Y19.650000 Z-0.125000
G01 X157.076000 Y22.246000 Z-0.125000
G01 X157.255000 Y22.325000 Z-0.125000
G01 X157.313000 Y22.165000 Z-0.125000
G01 X157.073000 Y21.608000 Z-0.125000
G01 X155.115000 Y19.650000 Z-0.125000
G01 X155.036000 Y19.471000 Z-0.125000
G01 X155.195000 Y19.411000 Z-0.125000
G01 X155.751000 Y19.650000 Z-0.125000
G01 X157.070000 Y20.969000 Z-0.125000
G01 X157.249000 Y21.048000 Z-0.125000
G01 X157.308000 Y20.888000 Z-0.125000
G01 X157.067000 Y20.330000 Z-0.125000
G01 X156.387000 Y19.650000 Z-0.125000
G01 X156.308000 Y19.471000 Z-0.125000
G01 X156.467000 Y19.411000 Z-0.125000
G01 X157.023000 Y19.650000 Z-0.125000
G01 X157.303000 Y19.930000 Z-0.125000
G00 Z5.000000

(End cutting path id: path8334)


(Start cutting path id: path8334)
(Change tool to Default tool)

G00 Z5.000000
G00 X152.424000 Y32.878000

G01 Z-0.125000 F100.0(Penetrate)
G01 X152.424000 Y46.477000 Z-0.125000 F400.000000
G01 X154.884000 Y46.431000 Z-0.125000
G01 X157.344000 Y46.385000 Z-0.125000
G01 X157.393000 Y45.166000 Z-0.125000
G01 X157.443000 Y43.947000 Z-0.125000
G01 X158.169000 Y44.755000 Z-0.125000
G01 X159.368000 Y45.767000 Z-0.125000
G01 X160.816000 Y46.461000 Z-0.125000
G01 X162.427000 Y46.807000 Z-0.125000
G01 X164.114000 Y46.776000 Z-0.125000
G01 X165.343000 Y46.548000 Z-0.125000
G01 X166.369000 Y46.203000 Z-0.125000
G01 X167.311000 Y45.688000 Z-0.125000
G01 X168.289000 Y44.950000 Z-0.125000
G01 X169.105000 Y44.140000 Z-0.125000
G01 X169.803000 Y43.180000 Z-0.125000
G01 X170.380000 Y42.085000 Z-0.125000
G01 X170.830000 Y40.869000 Z-0.125000
G01 X171.149000 Y39.547000 Z-0.125000
G01 X171.333000 Y38.135000 Z-0.125000
G01 X171.277000 Y35.097000 Z-0.125000
G01 X170.936000 Y32.992000 Z-0.125000
G01 X170.398000 Y31.274000 Z-0.125000
G01 X169.617000 Y29.835000 Z-0.125000
G01 X168.550000 Y28.566000 Z-0.125000
G01 X167.331000 Y27.545000 Z-0.125000
G01 X166.024000 Y26.836000 Z-0.125000
G01 X164.586000 Y26.423000 Z-0.125000
G01 X162.977000 Y26.287000 Z-0.125000
G01 X161.631000 Y26.384000 Z-0.125000
G01 X160.470000 Y26.697000 Z-0.125000
G01 X159.433000 Y27.249000 Z-0.125000
G01 X158.461000 Y28.063000 Z-0.125000
G01 X157.705000 Y28.743000 Z-0.125000
G01 X157.437000 Y28.823000 Z-0.125000
G01 X157.448000 Y23.908000 Z-0.125000
G01 X157.429000 Y19.279000 Z-0.125000
G01 X154.926000 Y19.279000 Z-0.125000
G01 X152.424000 Y19.279000 Z-0.125000
G01 X152.424000 Y32.878000 Z-0.125000
G00 Z5.000000

(End cutting path id: path8334)


(Start cutting path id: path8334)
(Change tool to Default tool)

G00 Z5.000000
G00 X160.529000 Y42.243000

G01 Z-0.125000 F100.0(Penetrate)
G01 X164.576000 Y46.290000 Z-0.125000 F400.000000
G01 X165.075000 Y46.471000 Z-0.125000
G01 X165.195000 Y46.372000 Z-0.125000
G01 X165.097000 Y46.175000 Z-0.125000
G01 X161.561000 Y42.639000 Z-0.125000
G01 X161.482000 Y42.460000 Z-0.125000
G01 X161.641000 Y42.400000 Z-0.125000
G01 X162.198000 Y42.639000 Z-0.125000
G01 X165.590000 Y46.031000 Z-0.125000
G01 X165.841000 Y46.183000 Z-0.125000
G01 X166.059000 Y46.182000 Z-0.125000
G01 X166.157000 Y46.062000 Z-0.125000
G01 X166.051000 Y45.856000 Z-0.125000
G01 X162.740000 Y42.545000 Z-0.125000
G01 X162.637000 Y42.343000 Z-0.125000
G01 X162.745000 Y42.232000 Z-0.125000
G01 X163.227000 Y42.396000 Z-0.125000
G01 X166.479000 Y45.648000 Z-0.125000
G01 X166.720000 Y45.790000 Z-0.125000
G01 X166.918000 Y45.769000 Z-0.125000
G01 X166.997000 Y45.629000 Z-0.125000
G01 X166.881000 Y45.414000 Z-0.125000
G01 X163.690000 Y42.223000 Z-0.125000
G01 X163.576000 Y42.010000 Z-0.125000
G01 X163.660000 Y41.875000 Z-0.125000
G01 X163.863000 Y41.860000 Z-0.125000
G01 X164.107000 Y42.004000 Z-0.125000
G01 X167.262000 Y45.159000 Z-0.125000
G01 X167.497000 Y45.295000 Z-0.125000
G01 X167.682000 Y45.261000 Z-0.125000
G01 X167.747000 Y45.107000 Z-0.125000
G01 X167.625000 Y44.886000 Z-0.125000
G01 X164.482000 Y41.743000 Z-0.125000
G01 X164.355000 Y41.517000 Z-0.125000
G01 X164.410000 Y41.353000 Z-0.125000
G01 X164.584000 Y41.308000 Z-0.125000
G01 X164.815000 Y41.440000 Z-0.125000
G01 X167.976000 Y44.601000 Z-0.125000
G01 X168.207000 Y44.733000 Z-0.125000
G01 X168.382000 Y44.688000 Z-0.125000
G01 X168.437000 Y44.525000 Z-0.125000
G01 X168.310000 Y44.299000 Z-0.125000
G01 X165.107000 Y41.096000 Z-0.125000
G01 X164.968000 Y40.857000 Z-0.125000
G01 X164.997000 Y40.667000 Z-0.125000
G01 X165.144000 Y40.596000 Z-0.125000
G01 X165.363000 Y40.716000 Z-0.125000
G01 X168.623000 Y43.976000 Z-0.125000
G01 X168.848000 Y44.101000 Z-0.125000
G01 X169.008000 Y44.043000 Z-0.125000
G01 X169.049000 Y43.865000 Z-0.125000
G01 X168.916000 Y43.633000 Z-0.125000
G01 X165.588000 Y40.305000 Z-0.125000
G01 X165.440000 Y40.057000 Z-0.125000
G01 X165.449000 Y39.847000 Z-0.125000
G01 X165.577000 Y39.757000 Z-0.125000
G01 X165.787000 Y39.867000 Z-0.125000
G01 X169.188000 Y43.269000 Z-0.125000
G01 X169.407000 Y43.388000 Z-0.125000
G01 X169.554000 Y43.316000 Z-0.125000
G01 X169.582000 Y43.126000 Z-0.125000
G01 X169.443000 Y42.887000 Z-0.125000
G01 X165.962000 Y39.406000 Z-0.125000
G01 X165.790000 Y38.916000 Z-0.125000
G01 X165.896000 Y38.803000 Z-0.125000
G01 X166.095000 Y38.904000 Z-0.125000
G01 X169.677000 Y42.485000 Z-0.125000
G01 X169.889000 Y42.598000 Z-0.125000
G01 X170.024000 Y42.514000 Z-0.125000
G01 X170.039000 Y42.310000 Z-0.125000
G01 X169.894000 Y42.066000 Z-0.125000
G01 X166.166000 Y38.338000 Z-0.125000
G01 X165.944000 Y37.798000 Z-0.125000
G01 X166.015000 Y37.650000 Z-0.125000
G01 X166.198000 Y37.735000 Z-0.125000
G01 X170.091000 Y41.627000 Z-0.125000
G01 X170.298000 Y41.735000 Z-0.125000
G01 X170.420000 Y41.638000 Z-0.125000
G01 X170.422000 Y41.422000 Z-0.125000
G01 X170.272000 Y41.172000 Z-0.125000
G01 X166.208000 Y37.108000 Z-0.125000
G01 X165.970000 Y36.552000 Z-0.125000
G01 X166.030000 Y36.393000 Z-0.125000
G01 X166.209000 Y36.472000 Z-0.125000
G01 X170.432000 Y40.696000 Z-0.125000
G01 X170.635000 Y40.800000 Z-0.125000
G01 X170.749000 Y40.694000 Z-0.125000
G01 X170.743000 Y40.470000 Z-0.125000
G01 X170.588000 Y40.216000 Z-0.125000
G01 X166.204000 Y35.831000 Z-0.125000
G01 X165.955000 Y35.265000 Z-0.125000
G01 X166.008000 Y35.099000 Z-0.125000
G01 X166.183000 Y35.175000 Z-0.125000
G01 X170.698000 Y39.690000 Z-0.125000
G01 X170.893000 Y39.786000 Z-0.125000
G01 X170.989000 Y39.662000 Z-0.125000
G01 X170.802000 Y39.158000 Z-0.125000
G01 X166.074000 Y34.430000 Z-0.125000
G01 X165.691000 Y33.728000 Z-0.125000
G01 X165.651000 Y33.470000 Z-0.125000
G01 X165.785000 Y33.504000 Z-0.125000
G01 X170.887000 Y38.607000 Z-0.125000
G01 X171.076000 Y38.696000 Z-0.125000
G01 X171.157000 Y38.558000 Z-0.125000
G01 X170.949000 Y38.033000 Z-0.125000
G01 X160.223000 Y27.307000 Z-0.125000
G01 X160.112000 Y27.096000 Z-0.125000
G01 X160.201000 Y26.966000 Z-0.125000
G01 X160.409000 Y26.955000 Z-0.125000
G01 X160.655000 Y27.102000 Z-0.125000
G01 X171.000000 Y37.447000 Z-0.125000
G01 X171.180000 Y37.528000 Z-0.125000
G01 X171.243000 Y37.372000 Z-0.125000
G01 X171.008000 Y36.819000 Z-0.125000
G01 X161.122000 Y26.933000 Z-0.125000
G01 X161.021000 Y26.733000 Z-0.125000
G01 X161.135000 Y26.628000 Z-0.125000
G01 X161.626000 Y26.801000 Z-0.125000
G01 X170.999000 Y36.174000 Z-0.125000
G01 X171.180000 Y36.256000 Z-0.125000
G01 X171.243000 Y36.100000 Z-0.125000
G01 X171.009000 Y35.548000 Z-0.125000
G01 X162.175000 Y26.714000 Z-0.125000
G01 X162.088000 Y26.528000 Z-0.125000
G01 X162.232000 Y26.453000 Z-0.125000
G01 X162.765000 Y26.668000 Z-0.125000
G01 X170.900000 Y34.803000 Z-0.125000
G01 X171.063000 Y34.867000 Z-0.125000
G01 X171.090000 Y34.675000 Z-0.125000
G01 X170.803000 Y34.070000 Z-0.125000
G01 X163.394000 Y26.661000 Z-0.125000
G01 X163.320000 Y26.487000 Z-0.125000
G01 X163.490000 Y26.439000 Z-0.125000
G01 X164.062000 Y26.693000 Z-0.125000
G01 X170.677000 Y33.308000 Z-0.125000
G01 X170.827000 Y33.359000 Z-0.125000
G01 X170.825000 Y33.137000 Z-0.125000
G01 X170.496000 Y32.490000 Z-0.125000
G01 X164.796000 Y26.791000 Z-0.125000
G01 X164.746000 Y26.642000 Z-0.125000
G01 X164.971000 Y26.648000 Z-0.125000
G01 X165.624000 Y26.982000 Z-0.125000
G01 X170.225000 Y31.584000 Z-0.125000
G01 X170.347000 Y31.606000 Z-0.125000
G01 X170.282000 Y31.322000 Z-0.125000
G01 X169.861000 Y30.583000 Z-0.125000
G01 X166.415000 Y27.137000 Z-0.125000
G00 Z5.000000

(End cutting path id: path8334)


(Start cutting path id: path8334)
(Change tool to Default tool)

G00 Z5.000000
G00 X159.656000 Y45.821000

G01 Z-0.125000 F100.0(Penetrate)
G01 X152.794000 Y38.960000 Z-0.125000 F400.000000
G01 X152.556000 Y38.403000 Z-0.125000
G01 X152.615000 Y38.244000 Z-0.125000
G01 X152.794000 Y38.323000 Z-0.125000
G01 X160.543000 Y46.072000 Z-0.125000
G01 X161.221000 Y46.432000 Z-0.125000
G01 X161.463000 Y46.456000 Z-0.125000
G01 X161.422000 Y46.315000 Z-0.125000
G01 X152.794000 Y37.687000 Z-0.125000
G01 X152.556000 Y37.131000 Z-0.125000
G01 X152.615000 Y36.972000 Z-0.125000
G01 X152.794000 Y37.051000 Z-0.125000
G01 X162.177000 Y46.434000 Z-0.125000
G01 X162.750000 Y46.689000 Z-0.125000
G01 X162.920000 Y46.640000 Z-0.125000
G01 X162.845000 Y46.466000 Z-0.125000
G01 X152.794000 Y36.416000 Z-0.125000
G01 X152.556000 Y35.860000 Z-0.125000
G01 X152.615000 Y35.701000 Z-0.125000
G01 X152.794000 Y35.780000 Z-0.125000
G01 X163.462000 Y46.448000 Z-0.125000
G01 X163.984000 Y46.652000 Z-0.125000
G01 X164.119000 Y46.569000 Z-0.125000
G01 X164.029000 Y46.379000 Z-0.125000
G01 X152.794000 Y35.144000 Z-0.125000
G01 X152.556000 Y34.588000 Z-0.125000
G01 X152.615000 Y34.429000 Z-0.125000
G01 X152.794000 Y34.508000 Z-0.125000
G01 X157.477000 Y39.191000 Z-0.125000
G01 X157.622000 Y39.236000 Z-0.125000
G01 X157.606000 Y39.002000 Z-0.125000
G01 X157.259000 Y38.337000 Z-0.125000
G01 X152.794000 Y33.872000 Z-0.125000
G01 X152.541000 Y33.301000 Z-0.125000
G01 X152.590000 Y33.131000 Z-0.125000
G01 X152.765000 Y33.206000 Z-0.125000
G01 X157.125000 Y37.567000 Z-0.125000
G01 X157.298000 Y37.640000 Z-0.125000
G01 X157.344000 Y37.467000 Z-0.125000
G01 X157.085000 Y36.890000 Z-0.125000
G01 X152.794000 Y32.600000 Z-0.125000
G01 X152.556000 Y32.043000 Z-0.125000
G01 X152.616000 Y31.884000 Z-0.125000
G01 X152.794000 Y31.964000 Z-0.125000
G01 X157.069000 Y36.238000 Z-0.125000
G01 X157.248000 Y36.318000 Z-0.125000
G01 X157.309000 Y36.160000 Z-0.125000
G01 X157.072000 Y35.605000 Z-0.125000
G01 X152.795000 Y31.328000 Z-0.125000
G01 X152.556000 Y30.771000 Z-0.125000
G01 X152.616000 Y30.612000 Z-0.125000
G01 X152.795000 Y30.692000 Z-0.125000
G01 X157.093000 Y34.990000 Z-0.125000
G01 X157.278000 Y35.076000 Z-0.125000
G01 X157.352000 Y34.931000 Z-0.125000
G01 X157.133000 Y34.394000 Z-0.125000
G01 X152.795000 Y30.056000 Z-0.125000
G01 X152.556000 Y29.499000 Z-0.125000
G01 X152.616000 Y29.340000 Z-0.125000
G01 X152.795000 Y29.420000 Z-0.125000
G01 X157.210000 Y33.835000 Z-0.125000
G01 X157.411000 Y33.936000 Z-0.125000
G01 X157.518000 Y33.825000 Z-0.125000
G01 X157.349000 Y33.338000 Z-0.125000
G01 X152.795000 Y28.784000 Z-0.125000
G01 X152.556000 Y28.227000 Z-0.125000
G01 X152.616000 Y28.068000 Z-0.125000
G01 X152.795000 Y28.147000 Z-0.125000
G01 X157.531000 Y32.884000 Z-0.125000
G01 X157.744000 Y32.997000 Z-0.125000
G01 X157.878000 Y32.912000 Z-0.125000
G01 X157.892000 Y32.708000 Z-0.125000
G01 X157.747000 Y32.463000 Z-0.125000
G01 X152.795000 Y27.511000 Z-0.125000
G01 X152.556000 Y26.955000 Z-0.125000
G01 X152.616000 Y26.796000 Z-0.125000
G01 X152.795000 Y26.875000 Z-0.125000
G01 X157.995000 Y32.075000 Z-0.125000
G01 X158.218000 Y32.199000 Z-0.125000
G01 X158.374000 Y32.136000 Z-0.125000
G01 X158.410000 Y31.954000 Z-0.125000
G01 X158.275000 Y31.720000 Z-0.125000
G01 X152.795000 Y26.239000 Z-0.125000
G01 X152.556000 Y25.683000 Z-0.125000
G01 X152.616000 Y25.524000 Z-0.125000
G01 X152.795000 Y25.603000 Z-0.125000
G01 X158.588000 Y31.397000 Z-0.125000
G01 X158.822000 Y31.530000 Z-0.125000
G01 X159.000000 Y31.491000 Z-0.125000
G01 X159.060000 Y31.331000 Z-0.125000
G01 X158.935000 Y31.107000 Z-0.125000
G01 X152.795000 Y24.967000 Z-0.125000
G01 X152.557000 Y24.411000 Z-0.125000
G01 X152.616000 Y24.252000 Z-0.125000
G01 X152.795000 Y24.331000 Z-0.125000
G01 X159.318000 Y30.854000 Z-0.125000
G01 X159.563000 Y30.999000 Z-0.125000
G01 X159.767000 Y30.985000 Z-0.125000
G01 X159.853000 Y30.852000 Z-0.125000
G01 X159.740000 Y30.639000 Z-0.125000
G01 X158.115000 Y29.015000 Z-0.125000
G01 X157.989000 Y28.790000 Z-0.125000
G01 X158.046000 Y28.628000 Z-0.125000
G01 X158.222000 Y28.585000 Z-0.125000
G01 X158.454000 Y28.718000 Z-0.125000
G01 X160.205000 Y30.469000 Z-0.125000
G01 X160.703000 Y30.649000 Z-0.125000
G01 X160.822000 Y30.549000 Z-0.125000
G01 X160.724000 Y30.351000 Z-0.125000
G01 X158.780000 Y28.408000 Z-0.125000
G01 X158.652000 Y28.181000 Z-0.125000
G01 X158.706000 Y28.015000 Z-0.125000
G01 X158.878000 Y27.969000 Z-0.125000
G01 X159.109000 Y28.100000 Z-0.125000
G01 X161.308000 Y30.300000 Z-0.125000
G01 X161.887000 Y30.560000 Z-0.125000
G01 X162.061000 Y30.516000 Z-0.125000
G01 X161.989000 Y30.344000 Z-0.125000
G01 X159.455000 Y27.811000 Z-0.125000
G01 X159.334000 Y27.590000 Z-0.125000
G01 X159.402000 Y27.439000 Z-0.125000
G01 X159.589000 Y27.408000 Z-0.125000
G01 X159.826000 Y27.545000 Z-0.125000
G01 X163.106000 Y30.825000 Z-0.125000
G00 Z5.000000

(End cutting path id: path8334)


(Start cutting path id: path8334)
(Change tool to Default tool)

G00 Z5.000000
G00 X152.556000 Y45.719000

G01 Z-0.125000 F100.0(Penetrate)
G01 X152.928000 Y46.092000 Z-0.125000 F400.000000
G01 X153.479000 Y46.325000 Z-0.125000
G01 X153.634000 Y46.261000 Z-0.125000
G01 X153.553000 Y46.080000 Z-0.125000
G01 X152.794000 Y45.322000 Z-0.125000
G01 X152.556000 Y44.765000 Z-0.125000
G01 X152.615000 Y44.606000 Z-0.125000
G01 X152.794000 Y44.686000 Z-0.125000
G01 X154.177000 Y46.069000 Z-0.125000
G01 X154.728000 Y46.301000 Z-0.125000
G01 X154.883000 Y46.238000 Z-0.125000
G01 X154.802000 Y46.057000 Z-0.125000
G01 X152.794000 Y44.050000 Z-0.125000
G01 X152.556000 Y43.493000 Z-0.125000
G01 X152.615000 Y43.334000 Z-0.125000
G01 X152.794000 Y43.414000 Z-0.125000
G01 X155.426000 Y46.045000 Z-0.125000
G01 X155.977000 Y46.278000 Z-0.125000
G01 X156.132000 Y46.214000 Z-0.125000
G01 X156.050000 Y46.034000 Z-0.125000
G01 X152.794000 Y42.778000 Z-0.125000
G01 X152.556000 Y42.221000 Z-0.125000
G01 X152.615000 Y42.062000 Z-0.125000
G01 X152.794000 Y42.141000 Z-0.125000
G01 X156.675000 Y46.022000 Z-0.125000
G01 X156.903000 Y46.151000 Z-0.125000
G01 X157.072000 Y46.100000 Z-0.125000
G01 X157.121000 Y45.931000 Z-0.125000
G01 X156.991000 Y45.702000 Z-0.125000
G01 X152.794000 Y41.505000 Z-0.125000
G01 X152.556000 Y40.949000 Z-0.125000
G01 X152.615000 Y40.790000 Z-0.125000
G01 X152.794000 Y40.869000 Z-0.125000
G01 X157.016000 Y45.091000 Z-0.125000
G01 X157.199000 Y45.174000 Z-0.125000
G01 X157.267000 Y45.024000 Z-0.125000
G01 X157.041000 Y44.479000 Z-0.125000
G01 X152.794000 Y40.233000 Z-0.125000
G01 X152.556000 Y39.677000 Z-0.125000
G01 X152.615000 Y39.517000 Z-0.125000
G01 X152.794000 Y39.597000 Z-0.125000
G01 X157.304000 Y44.106000 Z-0.125000
G00 Z5.000000

(End cutting path id: path8334)


(Start cutting path id: path8334)
(Change tool to Default tool)

G00 Z5.000000
G00 X145.404000 Y46.197000

G01 Z-0.125000 F100.0(Penetrate)
G01 X145.472000 Y46.265000 Z-0.125000 F400.000000
G01 X145.858000 Y46.333000 Z-0.125000
G01 X146.108000 Y46.265000 Z-0.125000
G01 X145.637000 Y45.795000 Z-0.125000
G01 X145.396000 Y45.235000 Z-0.125000
G01 X145.454000 Y45.075000 Z-0.125000
G01 X145.632000 Y45.153000 Z-0.125000
G01 X146.574000 Y46.095000 Z-0.125000
G01 X147.130000 Y46.333000 Z-0.125000
G01 X147.289000 Y46.274000 Z-0.125000
G01 X147.210000 Y46.095000 Z-0.125000
G01 X145.627000 Y44.512000 Z-0.125000
G01 X145.386000 Y43.953000 Z-0.125000
G01 X145.444000 Y43.792000 Z-0.125000
G01 X145.622000 Y43.871000 Z-0.125000
G01 X147.846000 Y46.095000 Z-0.125000
G01 X148.403000 Y46.333000 Z-0.125000
G01 X148.562000 Y46.274000 Z-0.125000
G01 X148.482000 Y46.095000 Z-0.125000
G01 X145.617000 Y43.230000 Z-0.125000
G01 X145.376000 Y42.670000 Z-0.125000
G01 X145.434000 Y42.510000 Z-0.125000
G01 X145.612000 Y42.588000 Z-0.125000
G01 X149.119000 Y46.095000 Z-0.125000
G01 X149.675000 Y46.333000 Z-0.125000
G01 X149.834000 Y46.274000 Z-0.125000
G01 X149.755000 Y46.095000 Z-0.125000
G01 X145.607000 Y41.947000 Z-0.125000
G01 X145.366000 Y41.388000 Z-0.125000
G01 X145.424000 Y41.227000 Z-0.125000
G01 X145.602000 Y41.306000 Z-0.125000
G01 X150.220000 Y45.924000 Z-0.125000
G01 X150.399000 Y46.004000 Z-0.125000
G01 X150.459000 Y45.845000 Z-0.125000
G01 X150.220000 Y45.288000 Z-0.125000
G01 X145.597000 Y40.664000 Z-0.125000
G01 X145.355000 Y40.105000 Z-0.125000
G01 X145.413000 Y39.944000 Z-0.125000
G01 X145.591000 Y40.023000 Z-0.125000
G01 X150.220000 Y44.652000 Z-0.125000
G01 X150.399000 Y44.731000 Z-0.125000
G01 X150.458000 Y44.572000 Z-0.125000
G01 X150.220000 Y44.016000 Z-0.125000
G01 X145.584000 Y39.380000 Z-0.125000
G01 X145.343000 Y38.821000 Z-0.125000
G01 X145.400000 Y38.659000 Z-0.125000
G01 X145.578000 Y38.738000 Z-0.125000
G01 X150.220000 Y43.380000 Z-0.125000
G01 X150.399000 Y43.459000 Z-0.125000
G01 X150.459000 Y43.300000 Z-0.125000
G01 X150.220000 Y42.744000 Z-0.125000
G01 X145.572000 Y38.096000 Z-0.125000
G01 X145.330000 Y37.536000 Z-0.125000
G01 X145.388000 Y37.375000 Z-0.125000
G01 X145.566000 Y37.453000 Z-0.125000
G01 X150.220000 Y42.108000 Z-0.125000
G01 X150.399000 Y42.187000 Z-0.125000
G01 X150.459000 Y42.028000 Z-0.125000
G01 X150.220000 Y41.471000 Z-0.125000
G01 X145.560000 Y36.811000 Z-0.125000
G01 X145.316000 Y36.249000 Z-0.125000
G01 X145.372000 Y36.087000 Z-0.125000
G01 X145.550000 Y36.164000 Z-0.125000
G01 X150.220000 Y40.835000 Z-0.125000
G01 X150.399000 Y40.915000 Z-0.125000
G01 X150.459000 Y40.756000 Z-0.125000
G01 X150.220000 Y40.199000 Z-0.125000
G01 X145.536000 Y35.515000 Z-0.125000
G01 X145.286000 Y34.946000 Z-0.125000
G01 X145.337000 Y34.779000 Z-0.125000
G01 X145.512000 Y34.855000 Z-0.125000
G01 X150.220000 Y39.563000 Z-0.125000
G01 X150.399000 Y39.643000 Z-0.125000
G01 X150.459000 Y39.484000 Z-0.125000
G01 X150.220000 Y38.927000 Z-0.125000
G01 X145.474000 Y34.180000 Z-0.125000
G01 X145.130000 Y33.518000 Z-0.125000
G01 X145.117000 Y33.287000 Z-0.125000
G01 X145.263000 Y33.334000 Z-0.125000
G01 X150.220000 Y38.291000 Z-0.125000
G01 X150.399000 Y38.370000 Z-0.125000
G01 X150.459000 Y38.211000 Z-0.125000
G01 X150.220000 Y37.655000 Z-0.125000
G01 X139.313000 Y26.748000 Z-0.125000
G01 X139.221000 Y26.556000 Z-0.125000
G01 X139.351000 Y26.467000 Z-0.125000
G01 X139.866000 Y26.664000 Z-0.125000
G01 X150.220000 Y37.019000 Z-0.125000
G01 X150.399000 Y37.098000 Z-0.125000
G01 X150.459000 Y36.939000 Z-0.125000
G01 X150.220000 Y36.383000 Z-0.125000
G01 X140.616000 Y26.778000 Z-0.125000
G01 X140.555000 Y26.617000 Z-0.125000
G01 X140.754000 Y26.598000 Z-0.125000
G01 X141.370000 Y26.896000 Z-0.125000
G01 X150.220000 Y35.747000 Z-0.125000
G01 X150.399000 Y35.826000 Z-0.125000
G01 X150.459000 Y35.667000 Z-0.125000
G01 X150.220000 Y35.110000 Z-0.125000
G01 X142.198000 Y27.088000 Z-0.125000
G01 X142.177000 Y26.968000 Z-0.125000
G01 X142.464000 Y27.036000 Z-0.125000
G01 X143.206000 Y27.460000 Z-0.125000
G01 X150.220000 Y34.474000 Z-0.125000
G01 X150.399000 Y34.554000 Z-0.125000
G01 X150.459000 Y34.395000 Z-0.125000
G01 X150.220000 Y33.838000 Z-0.125000
G01 X145.774000 Y29.392000 Z-0.125000
G01 X145.549000 Y28.848000 Z-0.125000
G01 X145.618000 Y28.699000 Z-0.125000
G01 X145.801000 Y28.782000 Z-0.125000
G01 X150.220000 Y33.202000 Z-0.125000
G01 X150.399000 Y33.282000 Z-0.125000
G01 X150.459000 Y33.123000 Z-0.125000
G01 X150.220000 Y32.566000 Z-0.125000
G01 X145.828000 Y28.173000 Z-0.125000
G01 X145.602000 Y27.630000 Z-0.125000
G01 X145.671000 Y27.480000 Z-0.125000
G01 X145.854000 Y27.564000 Z-0.125000
G01 X150.220000 Y31.930000 Z-0.125000
G01 X150.399000 Y32.009000 Z-0.125000
G01 X150.459000 Y31.850000 Z-0.125000
G01 X150.220000 Y31.294000 Z-0.125000
G01 X146.156000 Y27.230000 Z-0.125000
G01 X146.075000 Y27.049000 Z-0.125000
G01 X146.230000 Y26.985000 Z-0.125000
G01 X146.781000 Y27.218000 Z-0.125000
G01 X150.220000 Y30.658000 Z-0.125000
G01 X150.399000 Y30.737000 Z-0.125000
G01 X150.459000 Y30.578000 Z-0.125000
G01 X150.220000 Y30.022000 Z-0.125000
G01 X147.406000 Y27.207000 Z-0.125000
G01 X147.325000 Y27.026000 Z-0.125000
G01 X147.480000 Y26.963000 Z-0.125000
G01 X148.031000 Y27.196000 Z-0.125000
G01 X150.220000 Y29.386000 Z-0.125000
G01 X150.399000 Y29.465000 Z-0.125000
G01 X150.459000 Y29.306000 Z-0.125000
G01 X150.220000 Y28.749000 Z-0.125000
G01 X148.655000 Y27.184000 Z-0.125000
G01 X148.574000 Y27.004000 Z-0.125000
G01 X148.729000 Y26.940000 Z-0.125000
G01 X149.280000 Y27.173000 Z-0.125000
G01 X150.220000 Y28.113000 Z-0.125000
G01 X150.399000 Y28.193000 Z-0.125000
G01 X150.459000 Y28.034000 Z-0.125000
G01 X150.220000 Y27.477000 Z-0.125000
G01 X149.750000 Y27.007000 Z-0.125000
G01 X149.979000 Y26.918000 Z-0.125000
G01 X150.375000 Y26.996000 Z-0.125000
G01 X150.459000 Y27.080000 Z-0.125000
G00 Z5.000000

(End cutting path id: path8334)


(Start cutting path id: path8334)
(Change tool to Default tool)

G00 Z5.000000
G00 X138.379000 Y26.470000

G01 Z-0.125000 F100.0(Penetrate)
G01 X136.638000 Y26.896000 Z-0.125000 F400.000000
G01 X135.242000 Y27.691000 Z-0.125000
G01 X134.168000 Y28.872000 Z-0.125000
G01 X133.396000 Y30.456000 Z-0.125000
G01 X133.179000 Y31.215000 Z-0.125000
G01 X133.058000 Y32.405000 Z-0.125000
G01 X132.947000 Y39.003000 Z-0.125000
G01 X132.878000 Y46.467000 Z-0.125000
G01 X135.562000 Y46.467000 Z-0.125000
G01 X138.245000 Y46.467000 Z-0.125000
G01 X138.246000 Y40.337000 Z-0.125000
G01 X138.368000 Y33.955000 Z-0.125000
G01 X138.560000 Y32.538000 Z-0.125000
G01 X138.878000 Y31.801000 Z-0.125000
G01 X139.550000 Y31.208000 Z-0.125000
G01 X140.459000 Y30.856000 Z-0.125000
G01 X141.533000 Y30.761000 Z-0.125000
G01 X142.700000 Y30.940000 Z-0.125000
G01 X143.344000 Y31.190000 Z-0.125000
G01 X143.900000 Y31.571000 Z-0.125000
G01 X144.773000 Y32.747000 Z-0.125000
G01 X145.001000 Y33.311000 Z-0.125000
G01 X145.124000 Y34.267000 Z-0.125000
G01 X145.220000 Y40.004000 Z-0.125000
G01 X145.272000 Y46.467000 Z-0.125000
G01 X147.930000 Y46.467000 Z-0.125000
G01 X150.588000 Y46.467000 Z-0.125000
G01 X150.588000 Y36.621000 Z-0.125000
G01 X150.588000 Y26.776000 Z-0.125000
G01 X148.045000 Y26.822000 Z-0.125000
G01 X145.501000 Y26.868000 Z-0.125000
G01 X145.452000 Y27.976000 Z-0.125000
G01 X145.403000 Y29.084000 Z-0.125000
G01 X144.607000 Y28.309000 Z-0.125000
G01 X143.795000 Y27.636000 Z-0.125000
G01 X142.889000 Y27.104000 Z-0.125000
G01 X141.889000 Y26.715000 Z-0.125000
G01 X140.798000 Y26.468000 Z-0.125000
G01 X139.547000 Y26.305000 Z-0.125000
G01 X138.379000 Y26.470000 Z-0.125000
G01 X138.379000 Y26.470000 Z-0.125000
G00 Z5.000000

(End cutting path id: path8334)


(Start cutting path id: path8334)
(Change tool to Default tool)

G00 Z5.000000
G00 X130.486000 Y30.006000

G01 Z-0.125000 F100.0(Penetrate)
G01 X128.842000 Y28.362000 Z-0.125000 F400.000000
G00 Z5.000000

(End cutting path id: path8334)


(Start cutting path id: path8334)
(Change tool to Default tool)

G00 Z5.000000
G00 X121.080000 Y26.326000

G01 Z-0.125000 F100.0(Penetrate)
G01 X131.317000 Y36.563000 Z-0.125000 F400.000000
G01 X131.517000 Y36.663000 Z-0.125000
G01 X131.623000 Y36.550000 Z-0.125000
G01 X131.451000 Y36.061000 Z-0.125000
G01 X121.968000 Y26.577000 Z-0.125000
G01 X121.892000 Y26.402000 Z-0.125000
G01 X122.058000 Y26.349000 Z-0.125000
G01 X122.625000 Y26.598000 Z-0.125000
G01 X131.552000 Y35.526000 Z-0.125000
G01 X131.741000 Y35.615000 Z-0.125000
G01 X131.823000 Y35.478000 Z-0.125000
G01 X131.616000 Y34.953000 Z-0.125000
G01 X123.291000 Y26.629000 Z-0.125000
G01 X123.215000 Y26.453000 Z-0.125000
G01 X123.382000 Y26.402000 Z-0.125000
G01 X123.951000 Y26.652000 Z-0.125000
G01 X131.636000 Y34.337000 Z-0.125000
G01 X131.815000 Y34.417000 Z-0.125000
G01 X131.877000 Y34.260000 Z-0.125000
G01 X131.641000 Y33.706000 Z-0.125000
G01 X124.691000 Y26.757000 Z-0.125000
G01 X124.652000 Y26.618000 Z-0.125000
G01 X124.898000 Y26.645000 Z-0.125000
G01 X125.581000 Y27.011000 Z-0.125000
G01 X131.492000 Y32.921000 Z-0.125000
G01 X131.638000 Y32.967000 Z-0.125000
G01 X131.624000 Y32.736000 Z-0.125000
G01 X131.280000 Y32.073000 Z-0.125000
G01 X126.420000 Y27.213000 Z-0.125000
G01 X126.420000 Y27.114000 Z-0.125000
G01 X126.754000 Y27.229000 Z-0.125000
G01 X127.566000 Y27.723000 Z-0.125000
G01 X131.202000 Y31.360000 Z-0.125000
G00 Z5.000000

(End cutting path id: path8334)


(Start cutting path id: path8334)
(Change tool to Default tool)

G00 Z5.000000
G00 X118.812000 Y26.271000

G01 Z-0.125000 F100.0(Penetrate)
G01 X116.992000 Y26.634000 Z-0.125000 F400.000000
G01 X115.285000 Y27.216000 Z-0.125000
G01 X113.777000 Y27.982000 Z-0.125000
G01 X112.554000 Y28.893000 Z-0.125000
G01 X111.550000 Y30.048000 Z-0.125000
G01 X110.759000 Y31.408000 Z-0.125000
G01 X110.241000 Y32.846000 Z-0.125000
G01 X110.055000 Y34.235000 Z-0.125000
G01 X110.055000 Y35.125000 Z-0.125000
G01 X112.724000 Y35.125000 Z-0.125000
G01 X114.742000 Y35.081000 Z-0.125000
G01 X115.393000 Y34.942000 Z-0.125000
G01 X115.660000 Y33.840000 Z-0.125000
G01 X116.011000 Y32.990000 Z-0.125000
G01 X116.527000 Y32.273000 Z-0.125000
G01 X117.203000 Y31.695000 Z-0.125000
G01 X118.033000 Y31.264000 Z-0.125000
G01 X119.319000 Y30.972000 Z-0.125000
G01 X121.002000 Y30.858000 Z-0.125000
G01 X122.701000 Y30.926000 Z-0.125000
G01 X124.030000 Y31.182000 Z-0.125000
G01 X125.095000 Y31.677000 Z-0.125000
G01 X125.833000 Y32.326000 Z-0.125000
G01 X126.263000 Y33.152000 Z-0.125000
G01 X126.402000 Y34.177000 Z-0.125000
G01 X126.348000 Y34.848000 Z-0.125000
G01 X126.146000 Y35.408000 Z-0.125000
G01 X125.734000 Y35.888000 Z-0.125000
G01 X125.051000 Y36.317000 Z-0.125000
G01 X122.631000 Y37.145000 Z-0.125000
G01 X118.395000 Y38.134000 Z-0.125000
G01 X116.444000 Y38.626000 Z-0.125000
G01 X114.802000 Y39.191000 Z-0.125000
G01 X113.467000 Y39.831000 Z-0.125000
G01 X112.437000 Y40.545000 Z-0.125000
G01 X111.534000 Y41.617000 Z-0.125000
G01 X110.870000 Y43.023000 Z-0.125000
G01 X110.487000 Y44.639000 Z-0.125000
G01 X110.430000 Y46.340000 Z-0.125000
G01 X110.603000 Y47.558000 Z-0.125000
G01 X110.944000 Y48.697000 Z-0.125000
G01 X111.445000 Y49.750000 Z-0.125000
G01 X112.101000 Y50.709000 Z-0.125000
G01 X112.904000 Y51.566000 Z-0.125000
G01 X113.850000 Y52.313000 Z-0.125000
G01 X114.932000 Y52.943000 Z-0.125000
G01 X116.143000 Y53.448000 Z-0.125000
G01 X118.153000 Y53.882000 Z-0.125000
G01 X121.064000 Y53.942000 Z-0.125000
G01 X123.433000 Y53.812000 Z-0.125000
G01 X124.950000 Y53.424000 Z-0.125000
G01 X126.648000 Y52.665000 Z-0.125000
G01 X128.147000 Y51.664000 Z-0.125000
G01 X129.369000 Y50.482000 Z-0.125000
G01 X130.240000 Y49.180000 Z-0.125000
G01 X130.835000 Y47.565000 Z-0.125000
G01 X131.071000 Y46.009000 Z-0.125000
G01 X131.073000 Y45.300000 Z-0.125000
G01 X128.445000 Y45.300000 Z-0.125000
G01 X125.818000 Y45.301000 Z-0.125000
G01 X125.513000 Y46.340000 Z-0.125000
G01 X124.829000 Y47.693000 Z-0.125000
G01 X124.318000 Y48.215000 Z-0.125000
G01 X123.694000 Y48.633000 Z-0.125000
G01 X122.107000 Y49.160000 Z-0.125000
G01 X120.068000 Y49.275000 Z-0.125000
G01 X118.551000 Y49.134000 Z-0.125000
G01 X117.461000 Y48.712000 Z-0.125000
G01 X116.657000 Y48.213000 Z-0.125000
G01 X116.120000 Y47.659000 Z-0.125000
G01 X115.820000 Y47.004000 Z-0.125000
G01 X115.726000 Y46.206000 Z-0.125000
G01 X115.915000 Y45.166000 Z-0.125000
G01 X116.598000 Y44.388000 Z-0.125000
G01 X117.951000 Y43.752000 Z-0.125000
G01 X120.147000 Y43.135000 Z-0.125000
G01 X124.661000 Y42.012000 Z-0.125000
G01 X127.339000 Y41.219000 Z-0.125000
G01 X128.876000 Y40.509000 Z-0.125000
G01 X129.968000 Y39.633000 Z-0.125000
G01 X130.697000 Y38.807000 Z-0.125000
G01 X131.268000 Y37.871000 Z-0.125000
G01 X131.679000 Y36.846000 Z-0.125000
G01 X131.925000 Y35.753000 Z-0.125000
G01 X132.004000 Y34.615000 Z-0.125000
G01 X131.912000 Y33.453000 Z-0.125000
G01 X131.647000 Y32.290000 Z-0.125000
G01 X131.205000 Y31.146000 Z-0.125000
G01 X130.326000 Y29.761000 Z-0.125000
G01 X129.108000 Y28.524000 Z-0.125000
G01 X127.662000 Y27.527000 Z-0.125000
G01 X126.097000 Y26.863000 Z-0.125000
G01 X124.659000 Y26.431000 Z-0.125000
G01 X121.936000 Y26.212000 Z-0.125000
G01 X118.812000 Y26.270000 Z-0.125000
G01 X118.812000 Y26.271000 Z-0.125000
G00 Z5.000000

(End cutting path id: path8334)


(Start cutting path id: path8334)
(Change tool to Default tool)

G00 Z5.000000
G00 X115.765000 Y47.097000

G01 Z-0.125000 F100.0(Penetrate)
G01 X111.443000 Y42.774000 Z-0.125000 F400.000000
G01 X111.296000 Y42.528000 Z-0.125000
G01 X111.307000 Y42.320000 Z-0.125000
G01 X111.437000 Y42.231000 Z-0.125000
G01 X111.648000 Y42.343000 Z-0.125000
G01 X115.396000 Y46.091000 Z-0.125000
G01 X115.575000 Y46.170000 Z-0.125000
G01 X115.633000 Y46.010000 Z-0.125000
G01 X115.392000 Y45.451000 Z-0.125000
G01 X111.877000 Y41.936000 Z-0.125000
G01 X111.739000 Y41.699000 Z-0.125000
G01 X111.769000 Y41.510000 Z-0.125000
G01 X111.918000 Y41.441000 Z-0.125000
G01 X112.138000 Y41.561000 Z-0.125000
G01 X115.527000 Y44.950000 Z-0.125000
G01 X115.741000 Y45.065000 Z-0.125000
G01 X115.879000 Y44.984000 Z-0.125000
G01 X115.897000 Y44.783000 Z-0.125000
G01 X115.754000 Y44.541000 Z-0.125000
G01 X112.427000 Y41.214000 Z-0.125000
G01 X112.298000 Y40.985000 Z-0.125000
G01 X112.348000 Y40.817000 Z-0.125000
G01 X112.518000 Y40.768000 Z-0.125000
G01 X112.747000 Y40.898000 Z-0.125000
G01 X116.063000 Y44.213000 Z-0.125000
G01 X116.300000 Y44.351000 Z-0.125000
G01 X116.487000 Y44.319000 Z-0.125000
G01 X116.555000 Y44.169000 Z-0.125000
G01 X116.434000 Y43.948000 Z-0.125000
G01 X113.103000 Y40.618000 Z-0.125000
G01 X112.983000 Y40.398000 Z-0.125000
G01 X113.053000 Y40.250000 Z-0.125000
G01 X113.243000 Y40.221000 Z-0.125000
G01 X113.481000 Y40.359000 Z-0.125000
G01 X116.848000 Y43.726000 Z-0.125000
G01 X117.096000 Y43.875000 Z-0.125000
G01 X117.307000 Y43.867000 Z-0.125000
G01 X117.398000 Y43.740000 Z-0.125000
G01 X117.288000 Y43.531000 Z-0.125000
G01 X113.882000 Y40.124000 Z-0.125000
G01 X113.768000 Y39.911000 Z-0.125000
G01 X113.852000 Y39.777000 Z-0.125000
G01 X114.056000 Y39.761000 Z-0.125000
G01 X114.300000 Y39.906000 Z-0.125000
G01 X117.755000 Y43.361000 Z-0.125000
G01 X118.234000 Y43.522000 Z-0.125000
G01 X118.340000 Y43.410000 Z-0.125000
G01 X118.237000 Y43.207000 Z-0.125000
G01 X114.733000 Y39.704000 Z-0.125000
G01 X114.625000 Y39.496000 Z-0.125000
G01 X114.720000 Y39.372000 Z-0.125000
G01 X114.934000 Y39.367000 Z-0.125000
G01 X115.183000 Y39.517000 Z-0.125000
G01 X118.730000 Y43.064000 Z-0.125000
G01 X119.219000 Y43.235000 Z-0.125000
G01 X119.332000 Y43.130000 Z-0.125000
G01 X119.232000 Y42.930000 Z-0.125000
G01 X115.645000 Y39.343000 Z-0.125000
G01 X115.540000 Y39.139000 Z-0.125000
G01 X115.643000 Y39.023000 Z-0.125000
G01 X115.866000 Y39.027000 Z-0.125000
G01 X116.118000 Y39.180000 Z-0.125000
G01 X119.741000 Y42.803000 Z-0.125000
G01 X120.235000 Y42.978000 Z-0.125000
G01 X120.351000 Y42.876000 Z-0.125000
G01 X120.251000 Y42.677000 Z-0.125000
G01 X116.602000 Y39.028000 Z-0.125000
G01 X116.501000 Y38.827000 Z-0.125000
G01 X116.611000 Y38.718000 Z-0.125000
G01 X117.096000 Y38.886000 Z-0.125000
G01 X120.763000 Y42.552000 Z-0.125000
G01 X121.257000 Y42.728000 Z-0.125000
G01 X121.373000 Y42.626000 Z-0.125000
G01 X121.274000 Y42.427000 Z-0.125000
G01 X117.599000 Y38.752000 Z-0.125000
G01 X117.500000 Y38.554000 Z-0.125000
G01 X117.616000 Y38.451000 Z-0.125000
G01 X118.110000 Y38.627000 Z-0.125000
G01 X121.785000 Y42.302000 Z-0.125000
G01 X122.279000 Y42.479000 Z-0.125000
G01 X122.395000 Y42.376000 Z-0.125000
G01 X122.296000 Y42.178000 Z-0.125000
G01 X118.628000 Y38.510000 Z-0.125000
G01 X118.531000 Y38.313000 Z-0.125000
G01 X118.651000 Y38.214000 Z-0.125000
G01 X119.150000 Y38.395000 Z-0.125000
G01 X122.804000 Y42.049000 Z-0.125000
G01 X123.296000 Y42.223000 Z-0.125000
G01 X123.411000 Y42.119000 Z-0.125000
G01 X123.311000 Y41.920000 Z-0.125000
G01 X119.672000 Y38.281000 Z-0.125000
G01 X119.574000 Y38.084000 Z-0.125000
G01 X119.693000 Y37.984000 Z-0.125000
G01 X120.192000 Y38.165000 Z-0.125000
G01 X123.818000 Y41.791000 Z-0.125000
G01 X124.314000 Y41.969000 Z-0.125000
G01 X124.430000 Y41.867000 Z-0.125000
G01 X124.332000 Y41.669000 Z-0.125000
G01 X120.710000 Y38.047000 Z-0.125000
G01 X120.612000 Y37.850000 Z-0.125000
G01 X120.730000 Y37.749000 Z-0.125000
G01 X121.227000 Y37.928000 Z-0.125000
G01 X124.827000 Y41.528000 Z-0.125000
G01 X125.316000 Y41.698000 Z-0.125000
G01 X125.428000 Y41.592000 Z-0.125000
G01 X125.327000 Y41.392000 Z-0.125000
G01 X121.740000 Y37.805000 Z-0.125000
G01 X121.641000 Y37.607000 Z-0.125000
G01 X121.757000 Y37.504000 Z-0.125000
G01 X122.251000 Y37.679000 Z-0.125000
G01 X125.822000 Y41.250000 Z-0.125000
G01 X126.304000 Y41.415000 Z-0.125000
G01 X126.413000 Y41.304000 Z-0.125000
G01 X126.310000 Y41.102000 Z-0.125000
G01 X122.757000 Y37.550000 Z-0.125000
G01 X122.656000 Y37.350000 Z-0.125000
G01 X122.768000 Y37.243000 Z-0.125000
G01 X123.257000 Y37.413000 Z-0.125000
G01 X126.790000 Y40.947000 Z-0.125000
G01 X127.043000 Y41.100000 Z-0.125000
G01 X127.263000 Y41.102000 Z-0.125000
G01 X127.365000 Y40.985000 Z-0.125000
G01 X127.260000 Y40.780000 Z-0.125000
G01 X123.751000 Y37.271000 Z-0.125000
G01 X123.647000 Y37.068000 Z-0.125000
G01 X123.754000 Y36.956000 Z-0.125000
G01 X124.234000 Y37.118000 Z-0.125000
G01 X127.713000 Y40.598000 Z-0.125000
G01 X127.960000 Y40.745000 Z-0.125000
G01 X128.168000 Y40.735000 Z-0.125000
G01 X128.258000 Y40.605000 Z-0.125000
G01 X128.146000 Y40.395000 Z-0.125000
G01 X124.703000 Y36.951000 Z-0.125000
G01 X124.595000 Y36.744000 Z-0.125000
G01 X124.691000 Y36.621000 Z-0.125000
G01 X124.906000 Y36.617000 Z-0.125000
G01 X125.155000 Y36.767000 Z-0.125000
G01 X128.555000 Y40.167000 Z-0.125000
G01 X128.793000 Y40.305000 Z-0.125000
G01 X128.981000 Y40.275000 Z-0.125000
G01 X129.051000 Y40.126000 Z-0.125000
G01 X128.930000 Y39.906000 Z-0.125000
G01 X125.579000 Y36.555000 Z-0.125000
G01 X125.460000 Y36.336000 Z-0.125000
G01 X125.532000 Y36.190000 Z-0.125000
G01 X125.723000 Y36.163000 Z-0.125000
G01 X125.962000 Y36.302000 Z-0.125000
G01 X129.282000 Y39.622000 Z-0.125000
G01 X129.513000 Y39.753000 Z-0.125000
G01 X129.688000 Y39.709000 Z-0.125000
G01 X129.743000 Y39.546000 Z-0.125000
G01 X129.616000 Y39.320000 Z-0.125000
G01 X126.294000 Y35.997000 Z-0.125000
G01 X126.155000 Y35.759000 Z-0.125000
G01 X126.183000 Y35.568000 Z-0.125000
G01 X126.330000 Y35.497000 Z-0.125000
G01 X126.549000 Y35.616000 Z-0.125000
G01 X129.932000 Y38.999000 Z-0.125000
G01 X130.156000 Y39.125000 Z-0.125000
G01 X130.317000 Y39.066000 Z-0.125000
G01 X130.358000 Y38.889000 Z-0.125000
G01 X130.225000 Y38.656000 Z-0.125000
G01 X126.711000 Y35.143000 Z-0.125000
G01 X126.501000 Y34.614000 Z-0.125000
G01 X126.580000 Y34.474000 Z-0.125000
G01 X126.767000 Y34.563000 Z-0.125000
G01 X130.494000 Y38.289000 Z-0.125000
G01 X130.711000 Y38.407000 Z-0.125000
G01 X130.854000 Y38.331000 Z-0.125000
G01 X130.878000 Y38.137000 Z-0.125000
G01 X130.737000 Y37.896000 Z-0.125000
G01 X126.744000 Y33.904000 Z-0.125000
G01 X126.290000 Y33.132000 Z-0.125000
G01 X126.202000 Y32.825000 Z-0.125000
G01 X126.314000 Y32.837000 Z-0.125000
G01 X130.956000 Y37.479000 Z-0.125000
G01 X131.165000 Y37.589000 Z-0.125000
G01 X131.292000 Y37.498000 Z-0.125000
G01 X131.300000 Y37.286000 Z-0.125000
G01 X131.152000 Y37.039000 Z-0.125000
G01 X120.682000 Y26.569000 Z-0.125000
G01 X120.132000 Y26.337000 Z-0.125000
G01 X119.976000 Y26.400000 Z-0.125000
G01 X120.058000 Y26.581000 Z-0.125000
G01 X124.790000 Y31.313000 Z-0.125000
G01 X124.780000 Y31.403000 Z-0.125000
G01 X124.427000 Y31.268000 Z-0.125000
G01 X123.586000 Y30.746000 Z-0.125000
G01 X119.447000 Y26.607000 Z-0.125000
G01 X118.922000 Y26.400000 Z-0.125000
G01 X118.785000 Y26.481000 Z-0.125000
G01 X118.875000 Y26.670000 Z-0.125000
G01 X122.798000 Y30.593000 Z-0.125000
G01 X122.866000 Y30.761000 Z-0.125000
G01 X122.684000 Y30.797000 Z-0.125000
G01 X122.093000 Y30.525000 Z-0.125000
G01 X118.329000 Y26.761000 Z-0.125000
G01 X117.827000 Y26.576000 Z-0.125000
G01 X117.705000 Y26.673000 Z-0.125000
G01 X117.802000 Y26.869000 Z-0.125000
G01 X121.426000 Y30.494000 Z-0.125000
G01 X121.505000 Y30.672000 Z-0.125000
G01 X121.344000 Y30.729000 Z-0.125000
G01 X120.784000 Y30.488000 Z-0.125000
G01 X117.290000 Y26.994000 Z-0.125000
G01 X116.805000 Y26.826000 Z-0.125000
G01 X116.695000 Y26.935000 Z-0.125000
G01 X116.797000 Y27.136000 Z-0.125000
G01 X120.168000 Y30.508000 Z-0.125000
G01 X120.254000 Y30.693000 Z-0.125000
G01 X120.109000 Y30.767000 Z-0.125000
G01 X119.573000 Y30.548000 Z-0.125000
G01 X116.318000 Y27.294000 Z-0.125000
G01 X116.067000 Y27.142000 Z-0.125000
G01 X115.848000 Y27.141000 Z-0.125000
G01 X115.748000 Y27.260000 Z-0.125000
G01 X115.854000 Y27.466000 Z-0.125000
G01 X118.999000 Y30.610000 Z-0.125000
G01 X119.093000 Y30.804000 Z-0.125000
G01 X118.966000 Y30.896000 Z-0.125000
G01 X118.457000 Y30.705000 Z-0.125000
G01 X115.404000 Y27.652000 Z-0.125000
G01 X115.158000 Y27.505000 Z-0.125000
G01 X114.948000 Y27.514000 Z-0.125000
G01 X114.858000 Y27.643000 Z-0.125000
G01 X114.969000 Y27.853000 Z-0.125000
G01 X117.949000 Y30.833000 Z-0.125000
G01 X118.057000 Y31.040000 Z-0.125000
G01 X117.959000 Y31.160000 Z-0.125000
G01 X117.741000 Y31.162000 Z-0.125000
G01 X117.491000 Y31.011000 Z-0.125000
G01 X114.548000 Y28.068000 Z-0.125000
G01 X114.306000 Y27.926000 Z-0.125000
G01 X114.107000 Y27.945000 Z-0.125000
G01 X114.027000 Y28.084000 Z-0.125000
G01 X114.143000 Y28.299000 Z-0.125000
G01 X117.074000 Y31.230000 Z-0.125000
G01 X117.194000 Y31.449000 Z-0.125000
G01 X117.123000 Y31.597000 Z-0.125000
G01 X116.933000 Y31.626000 Z-0.125000
G01 X116.695000 Y31.487000 Z-0.125000
G01 X113.753000 Y28.546000 Z-0.125000
G01 X113.517000 Y28.408000 Z-0.125000
G01 X113.330000 Y28.440000 Z-0.125000
G01 X113.263000 Y28.591000 Z-0.125000
G01 X113.384000 Y28.812000 Z-0.125000
G01 X116.352000 Y31.780000 Z-0.125000
G01 X116.483000 Y32.011000 Z-0.125000
G01 X116.438000 Y32.184000 Z-0.125000
G01 X116.273000 Y32.238000 Z-0.125000
G01 X116.046000 Y32.111000 Z-0.125000
G01 X113.033000 Y29.097000 Z-0.125000
G01 X112.803000 Y28.966000 Z-0.125000
G01 X112.630000 Y29.012000 Z-0.125000
G01 X112.576000 Y29.177000 Z-0.125000
G01 X112.704000 Y29.404000 Z-0.125000
G01 X115.779000 Y32.480000 Z-0.125000
G01 X115.923000 Y32.722000 Z-0.125000
G01 X115.904000 Y32.923000 Z-0.125000
G01 X115.766000 Y33.004000 Z-0.125000
G01 X115.552000 Y32.888000 Z-0.125000
G01 X112.395000 Y29.732000 Z-0.125000
G01 X112.171000 Y29.607000 Z-0.125000
G01 X112.013000 Y29.667000 Z-0.125000
G01 X111.973000 Y29.847000 Z-0.125000
G01 X112.107000 Y30.080000 Z-0.125000
G01 X115.366000 Y33.339000 Z-0.125000
G01 X115.532000 Y33.823000 Z-0.125000
G01 X115.422000 Y33.931000 Z-0.125000
G01 X115.220000 Y33.829000 Z-0.125000
G01 X111.839000 Y30.448000 Z-0.125000
G01 X111.621000 Y30.329000 Z-0.125000
G01 X111.475000 Y30.402000 Z-0.125000
G01 X111.449000 Y30.594000 Z-0.125000
G01 X111.588000 Y30.833000 Z-0.125000
G01 X115.090000 Y34.335000 Z-0.125000
G01 X115.224000 Y34.568000 Z-0.125000
G01 X115.184000 Y34.747000 Z-0.125000
G01 X115.025000 Y34.806000 Z-0.125000
G01 X114.801000 Y34.682000 Z-0.125000
G01 X111.355000 Y31.236000 Z-0.125000
G01 X111.143000 Y31.123000 Z-0.125000
G01 X111.009000 Y31.208000 Z-0.125000
G01 X110.995000 Y31.412000 Z-0.125000
G01 X111.140000 Y31.657000 Z-0.125000
G01 X114.209000 Y34.726000 Z-0.125000
G01 X114.291000 Y34.908000 Z-0.125000
G01 X114.139000 Y34.975000 Z-0.125000
G01 X113.593000 Y34.746000 Z-0.125000
G01 X110.943000 Y32.096000 Z-0.125000
G01 X110.737000 Y31.990000 Z-0.125000
G01 X110.620000 Y32.091000 Z-0.125000
G01 X110.621000 Y32.311000 Z-0.125000
G01 X110.774000 Y32.563000 Z-0.125000
G01 X112.961000 Y34.751000 Z-0.125000
G01 X113.042000 Y34.930000 Z-0.125000
G01 X112.884000 Y34.991000 Z-0.125000
G01 X112.330000 Y34.755000 Z-0.125000
G01 X110.626000 Y33.051000 Z-0.125000
G01 X110.429000 Y32.954000 Z-0.125000
G01 X110.330000 Y33.073000 Z-0.125000
G01 X110.512000 Y33.573000 Z-0.125000
G01 X111.694000 Y34.755000 Z-0.125000
G01 X111.773000 Y34.933000 Z-0.125000
G01 X111.614000 Y34.993000 Z-0.125000
G01 X111.057000 Y34.755000 Z-0.125000
G01 X110.436000 Y34.134000 Z-0.125000
G01 X110.257000 Y34.054000 Z-0.125000
G01 X110.193000 Y34.209000 Z-0.125000
G01 X110.423000 Y34.757000 Z-0.125000
G01 X110.660000 Y34.993000 Z-0.125000
G00 Z5.000000

(End cutting path id: path8334)


(Start cutting path id: path8334)
(Change tool to Default tool)

G00 Z5.000000
G00 X114.035000 Y52.363000

G01 Z-0.125000 F100.0(Penetrate)
G01 X111.731000 Y50.059000 Z-0.125000 F400.000000
G00 Z5.000000

(End cutting path id: path8334)


(Start cutting path id: path8334)
(Change tool to Default tool)

G00 Z5.000000
G00 X115.264000 Y52.956000

G01 Z-0.125000 F100.0(Penetrate)
G01 X111.314000 Y49.006000 Z-0.125000 F400.000000
G01 X110.944000 Y48.318000 Z-0.125000
G01 X110.913000 Y48.069000 Z-0.125000
G01 X111.051000 Y48.107000 Z-0.125000
G01 X116.067000 Y53.123000 Z-0.125000
G01 X116.743000 Y53.480000 Z-0.125000
G01 X116.983000 Y53.503000 Z-0.125000
G01 X116.941000 Y53.361000 Z-0.125000
G01 X110.857000 Y47.276000 Z-0.125000
G01 X110.590000 Y46.692000 Z-0.125000
G01 X110.630000 Y46.513000 Z-0.125000
G01 X110.800000 Y46.584000 Z-0.125000
G01 X117.700000 Y53.484000 Z-0.125000
G01 X118.304000 Y53.770000 Z-0.125000
G01 X118.496000 Y53.743000 Z-0.125000
G01 X118.432000 Y53.579000 Z-0.125000
G01 X110.783000 Y45.931000 Z-0.125000
G01 X110.558000 Y45.387000 Z-0.125000
G01 X110.626000 Y45.237000 Z-0.125000
G01 X110.809000 Y45.321000 Z-0.125000
G01 X119.103000 Y53.614000 Z-0.125000
G01 X119.645000 Y53.838000 Z-0.125000
G01 X119.794000 Y53.769000 Z-0.125000
G01 X119.710000 Y53.585000 Z-0.125000
G01 X110.879000 Y44.754000 Z-0.125000
G01 X110.690000 Y44.248000 Z-0.125000
G01 X110.784000 Y44.123000 Z-0.125000
G01 X110.979000 Y44.218000 Z-0.125000
G01 X120.341000 Y53.580000 Z-0.125000
G01 X120.891000 Y53.813000 Z-0.125000
G01 X121.046000 Y53.749000 Z-0.125000
G01 X120.965000 Y53.568000 Z-0.125000
G01 X111.105000 Y43.708000 Z-0.125000
G01 X110.950000 Y43.454000 Z-0.125000
G01 X110.945000 Y43.230000 Z-0.125000
G01 X111.058000 Y43.125000 Z-0.125000
G01 X111.262000 Y43.229000 Z-0.125000
G01 X121.583000 Y53.550000 Z-0.125000
G01 X122.128000 Y53.777000 Z-0.125000
G01 X122.278000 Y53.708000 Z-0.125000
G01 X122.195000 Y53.526000 Z-0.125000
G01 X117.759000 Y49.090000 Z-0.125000
G01 X117.746000 Y48.978000 Z-0.125000
G01 X118.053000 Y49.066000 Z-0.125000
G01 X118.824000 Y49.519000 Z-0.125000
G01 X122.789000 Y53.484000 Z-0.125000
G01 X123.311000 Y53.687000 Z-0.125000
G01 X123.445000 Y53.604000 Z-0.125000
G01 X123.355000 Y53.414000 Z-0.125000
G01 X119.510000 Y49.569000 Z-0.125000
G01 X119.442000 Y49.402000 Z-0.125000
G01 X119.627000 Y49.368000 Z-0.125000
G01 X120.221000 Y49.643000 Z-0.125000
G01 X123.884000 Y53.307000 Z-0.125000
G01 X124.367000 Y53.472000 Z-0.125000
G01 X124.476000 Y53.362000 Z-0.125000
G01 X124.373000 Y53.160000 Z-0.125000
G01 X120.871000 Y49.657000 Z-0.125000
G01 X120.785000 Y49.473000 Z-0.125000
G01 X120.931000 Y49.400000 Z-0.125000
G01 X121.469000 Y49.620000 Z-0.125000
G01 X124.845000 Y52.995000 Z-0.125000
G01 X125.095000 Y53.146000 Z-0.125000
G01 X125.311000 Y53.144000 Z-0.125000
G01 X125.408000 Y53.022000 Z-0.125000
G01 X125.301000 Y52.815000 Z-0.125000
G01 X122.060000 Y49.575000 Z-0.125000
G01 X121.966000 Y49.381000 Z-0.125000
G01 X122.093000 Y49.289000 Z-0.125000
G01 X122.602000 Y49.481000 Z-0.125000
G01 X125.740000 Y52.619000 Z-0.125000
G01 X125.985000 Y52.764000 Z-0.125000
G01 X126.191000 Y52.751000 Z-0.125000
G01 X126.277000 Y52.619000 Z-0.125000
G01 X126.164000 Y52.406000 Z-0.125000
G01 X123.110000 Y49.353000 Z-0.125000
G01 X123.005000 Y49.148000 Z-0.125000
G01 X123.106000 Y49.030000 Z-0.125000
G01 X123.327000 Y49.033000 Z-0.125000
G01 X123.579000 Y49.185000 Z-0.125000
G01 X126.573000 Y52.179000 Z-0.125000
G01 X126.813000 Y52.320000 Z-0.125000
G01 X127.009000 Y52.297000 Z-0.125000
G01 X127.084000 Y52.154000 Z-0.125000
G01 X126.967000 Y51.937000 Z-0.125000
G01 X124.011000 Y48.981000 Z-0.125000
G01 X123.893000 Y48.764000 Z-0.125000
G01 X123.968000 Y48.620000 Z-0.125000
G01 X124.162000 Y48.596000 Z-0.125000
G01 X124.402000 Y48.736000 Z-0.125000
G01 X127.347000 Y51.681000 Z-0.125000
G01 X127.583000 Y51.817000 Z-0.125000
G01 X127.768000 Y51.784000 Z-0.125000
G01 X127.834000 Y51.631000 Z-0.125000
G01 X127.712000 Y51.410000 Z-0.125000
G01 X124.757000 Y48.455000 Z-0.125000
G01 X124.627000 Y48.226000 Z-0.125000
G01 X124.676000 Y48.056000 Z-0.125000
G01 X124.844000 Y48.005000 Z-0.125000
G01 X125.072000 Y48.133000 Z-0.125000
G01 X128.062000 Y51.124000 Z-0.125000
G01 X128.293000 Y51.256000 Z-0.125000
G01 X128.468000 Y51.212000 Z-0.125000
G01 X128.524000 Y51.049000 Z-0.125000
G01 X128.397000 Y50.823000 Z-0.125000
G01 X125.346000 Y47.772000 Z-0.125000
G01 X125.204000 Y47.530000 Z-0.125000
G01 X125.225000 Y47.333000 Z-0.125000
G01 X125.366000 Y47.255000 Z-0.125000
G01 X125.582000 Y47.371000 Z-0.125000
G01 X128.716000 Y50.506000 Z-0.125000
G01 X128.942000 Y50.632000 Z-0.125000
G01 X129.106000 Y50.577000 Z-0.125000
G01 X129.150000 Y50.403000 Z-0.125000
G01 X129.018000 Y50.172000 Z-0.125000
G01 X125.774000 Y46.927000 Z-0.125000
G01 X125.612000 Y46.448000 Z-0.125000
G01 X125.725000 Y46.342000 Z-0.125000
G01 X125.928000 Y46.445000 Z-0.125000
G01 X129.300000 Y49.818000 Z-0.125000
G01 X129.520000 Y49.938000 Z-0.125000
G01 X129.669000 Y49.868000 Z-0.125000
G01 X129.699000 Y49.680000 Z-0.125000
G01 X129.561000 Y49.442000 Z-0.125000
G01 X126.073000 Y45.954000 Z-0.125000
G01 X125.949000 Y45.731000 Z-0.125000
G01 X126.011000 Y45.575000 Z-0.125000
G01 X126.193000 Y45.537000 Z-0.125000
G01 X126.427000 Y45.672000 Z-0.125000
G01 X129.797000 Y49.042000 Z-0.125000
G01 X130.009000 Y49.155000 Z-0.125000
G01 X130.140000 Y49.068000 Z-0.125000
G01 X130.153000 Y48.861000 Z-0.125000
G01 X130.007000 Y48.616000 Z-0.125000
G01 X127.063000 Y45.672000 Z-0.125000
G01 X126.984000 Y45.493000 Z-0.125000
G01 X127.143000 Y45.434000 Z-0.125000
G01 X127.699000 Y45.672000 Z-0.125000
G01 X130.192000 Y48.165000 Z-0.125000
G01 X130.396000 Y48.270000 Z-0.125000
G01 X130.512000 Y48.167000 Z-0.125000
G01 X130.508000 Y47.945000 Z-0.125000
G01 X130.355000 Y47.692000 Z-0.125000
G01 X128.335000 Y45.672000 Z-0.125000
G01 X128.256000 Y45.493000 Z-0.125000
G01 X128.415000 Y45.434000 Z-0.125000
G01 X128.971000 Y45.672000 Z-0.125000
G01 X130.492000 Y47.193000 Z-0.125000
G01 X130.689000 Y47.290000 Z-0.125000
G01 X130.787000 Y47.170000 Z-0.125000
G01 X130.604000 Y46.669000 Z-0.125000
G01 X129.607000 Y45.672000 Z-0.125000
G01 X129.528000 Y45.493000 Z-0.125000
G01 X129.687000 Y45.434000 Z-0.125000
G01 X130.243000 Y45.672000 Z-0.125000
G01 X130.773000 Y46.201000 Z-0.125000
G01 X130.887000 Y46.216000 Z-0.125000
G01 X130.930000 Y46.041000 Z-0.125000
G01 X130.790000 Y45.582000 Z-0.125000
G01 X130.641000 Y45.433000 Z-0.125000
G00 Z5.000000

(End cutting path id: path8334)


(Start cutting path id: path8334)
(Change tool to Default tool)

G00 Z5.000000
G00 X133.452000 Y46.335000

G01 Z-0.125000 F100.0(Penetrate)
G01 X133.234000 Y46.117000 Z-0.125000 F400.000000
G01 X133.019000 Y45.583000 Z-0.125000
G01 X133.075000 Y45.421000 Z-0.125000
G01 X133.240000 Y45.486000 Z-0.125000
G01 X133.850000 Y46.096000 Z-0.125000
G01 X134.406000 Y46.335000 Z-0.125000
G01 X134.565000 Y46.275000 Z-0.125000
G01 X134.486000 Y46.096000 Z-0.125000
G01 X133.266000 Y44.876000 Z-0.125000
G01 X133.030000 Y44.323000 Z-0.125000
G01 X133.092000 Y44.166000 Z-0.125000
G01 X133.272000 Y44.246000 Z-0.125000
G01 X135.122000 Y46.096000 Z-0.125000
G01 X135.679000 Y46.335000 Z-0.125000
G01 X135.838000 Y46.275000 Z-0.125000
G01 X135.758000 Y46.096000 Z-0.125000
G01 X133.278000 Y43.616000 Z-0.125000
G01 X133.042000 Y43.062000 Z-0.125000
G01 X133.104000 Y42.905000 Z-0.125000
G01 X133.284000 Y42.986000 Z-0.125000
G01 X136.395000 Y46.096000 Z-0.125000
G01 X136.951000 Y46.335000 Z-0.125000
G01 X137.110000 Y46.275000 Z-0.125000
G01 X137.031000 Y46.096000 Z-0.125000
G01 X133.290000 Y42.355000 Z-0.125000
G01 X133.054000 Y41.802000 Z-0.125000
G01 X133.116000 Y41.645000 Z-0.125000
G01 X133.296000 Y41.725000 Z-0.125000
G01 X137.667000 Y46.096000 Z-0.125000
G01 X137.878000 Y46.208000 Z-0.125000
G01 X138.010000 Y46.121000 Z-0.125000
G01 X138.021000 Y45.914000 Z-0.125000
G01 X137.875000 Y45.668000 Z-0.125000
G01 X133.301000 Y41.095000 Z-0.125000
G01 X133.066000 Y40.541000 Z-0.125000
G01 X133.127000 Y40.384000 Z-0.125000
G01 X133.307000 Y40.464000 Z-0.125000
G01 X137.875000 Y45.032000 Z-0.125000
G01 X138.054000 Y45.112000 Z-0.125000
G01 X138.114000 Y44.953000 Z-0.125000
G01 X137.875000 Y44.396000 Z-0.125000
G01 X133.313000 Y39.834000 Z-0.125000
G01 X133.078000 Y39.280000 Z-0.125000
G01 X133.139000 Y39.123000 Z-0.125000
G01 X133.319000 Y39.204000 Z-0.125000
G01 X137.876000 Y43.760000 Z-0.125000
G01 X138.055000 Y43.840000 Z-0.125000
G01 X138.114000 Y43.681000 Z-0.125000
G01 X137.876000 Y43.124000 Z-0.125000
G01 X133.326000 Y38.575000 Z-0.125000
G01 X133.091000 Y38.022000 Z-0.125000
G01 X133.153000 Y37.865000 Z-0.125000
G01 X133.333000 Y37.945000 Z-0.125000
G01 X137.876000 Y42.488000 Z-0.125000
G01 X138.055000 Y42.568000 Z-0.125000
G01 X138.115000 Y42.409000 Z-0.125000
G01 X137.876000 Y41.852000 Z-0.125000
G01 X133.340000 Y37.316000 Z-0.125000
G01 X133.105000 Y36.763000 Z-0.125000
G01 X133.167000 Y36.606000 Z-0.125000
G01 X133.347000 Y36.687000 Z-0.125000
G01 X137.876000 Y41.216000 Z-0.125000
G01 X138.055000 Y41.296000 Z-0.125000
G01 X138.115000 Y41.137000 Z-0.125000
G01 X137.876000 Y40.580000 Z-0.125000
G01 X133.354000 Y36.058000 Z-0.125000
G01 X133.119000 Y35.505000 Z-0.125000
G01 X133.181000 Y35.348000 Z-0.125000
G01 X133.361000 Y35.429000 Z-0.125000
G01 X137.877000 Y39.945000 Z-0.125000
G01 X138.056000 Y40.025000 Z-0.125000
G01 X138.116000 Y39.866000 Z-0.125000
G01 X137.879000 Y39.310000 Z-0.125000
G01 X133.370000 Y34.801000 Z-0.125000
G01 X133.137000 Y34.251000 Z-0.125000
G01 X133.201000 Y34.096000 Z-0.125000
G01 X133.382000 Y34.178000 Z-0.125000
G01 X137.881000 Y38.676000 Z-0.125000
G01 X138.060000 Y38.756000 Z-0.125000
G01 X138.120000 Y38.598000 Z-0.125000
G01 X137.883000 Y38.042000 Z-0.125000
G01 X133.396000 Y33.556000 Z-0.125000
G01 X133.169000 Y33.010000 Z-0.125000
G01 X133.237000 Y32.859000 Z-0.125000
G01 X133.419000 Y32.942000 Z-0.125000
G01 X137.889000 Y37.412000 Z-0.125000
G01 X138.069000 Y37.493000 Z-0.125000
G01 X138.131000 Y37.336000 Z-0.125000
G01 X137.896000 Y36.783000 Z-0.125000
G01 X133.448000 Y32.335000 Z-0.125000
G01 X133.238000 Y31.807000 Z-0.125000
G01 X133.316000 Y31.667000 Z-0.125000
G01 X133.504000 Y31.755000 Z-0.125000
G01 X137.903000 Y36.154000 Z-0.125000
G01 X138.085000 Y36.236000 Z-0.125000
G01 X138.150000 Y36.083000 Z-0.125000
G01 X137.920000 Y35.535000 Z-0.125000
G01 X133.608000 Y31.223000 Z-0.125000
G01 X133.446000 Y30.742000 Z-0.125000
G01 X133.558000 Y30.636000 Z-0.125000
G01 X133.760000 Y30.739000 Z-0.125000
G01 X137.937000 Y34.916000 Z-0.125000
G01 X138.120000 Y34.999000 Z-0.125000
G01 X138.188000 Y34.849000 Z-0.125000
G01 X137.963000 Y34.305000 Z-0.125000
G01 X133.937000 Y30.280000 Z-0.125000
G01 X133.790000 Y30.033000 Z-0.125000
G01 X133.799000 Y29.824000 Z-0.125000
G01 X133.928000 Y29.734000 Z-0.125000
G01 X134.138000 Y29.845000 Z-0.125000
G01 X137.999000 Y33.705000 Z-0.125000
G01 X138.186000 Y33.793000 Z-0.125000
G01 X138.265000 Y33.653000 Z-0.125000
G01 X138.054000 Y33.124000 Z-0.125000
G01 X134.364000 Y29.434000 Z-0.125000
G01 X134.224000 Y29.195000 Z-0.125000
G01 X134.251000 Y29.003000 Z-0.125000
G01 X134.397000 Y28.931000 Z-0.125000
G01 X134.615000 Y29.049000 Z-0.125000
G01 X138.132000 Y32.566000 Z-0.125000
G01 X138.330000 Y32.665000 Z-0.125000
G01 X138.432000 Y32.549000 Z-0.125000
G01 X138.256000 Y32.054000 Z-0.125000
G01 X134.893000 Y28.691000 Z-0.125000
G01 X134.762000 Y28.461000 Z-0.125000
G01 X134.808000 Y28.288000 Z-0.125000
G01 X134.972000 Y28.234000 Z-0.125000
G01 X135.199000 Y28.361000 Z-0.125000
G01 X138.448000 Y31.611000 Z-0.125000
G01 X138.672000 Y31.734000 Z-0.125000
G01 X138.828000 Y31.673000 Z-0.125000
G01 X138.866000 Y31.492000 Z-0.125000
G01 X138.731000 Y31.257000 Z-0.125000
G01 X135.534000 Y28.060000 Z-0.125000
G01 X135.412000 Y27.838000 Z-0.125000
G01 X135.478000 Y27.686000 Z-0.125000
G01 X135.663000 Y27.653000 Z-0.125000
G01 X135.899000 Y27.789000 Z-0.125000
G01 X139.076000 Y30.966000 Z-0.125000
G01 X139.318000 Y31.108000 Z-0.125000
G01 X139.516000 Y31.088000 Z-0.125000
G01 X139.595000 Y30.948000 Z-0.125000
G01 X139.478000 Y30.732000 Z-0.125000
G01 X136.297000 Y27.551000 Z-0.125000
G01 X136.186000 Y27.340000 Z-0.125000
G01 X136.273000 Y27.209000 Z-0.125000
G01 X136.480000 Y27.197000 Z-0.125000
G01 X136.726000 Y27.344000 Z-0.125000
G01 X139.938000 Y30.555000 Z-0.125000
G01 X140.436000 Y30.735000 Z-0.125000
G01 X140.555000 Y30.636000 Z-0.125000
G01 X140.457000 Y30.438000 Z-0.125000
G01 X137.186000 Y27.167000 Z-0.125000
G01 X137.084000 Y26.966000 Z-0.125000
G01 X137.192000 Y26.856000 Z-0.125000
G01 X137.676000 Y27.022000 Z-0.125000
G01 X141.044000 Y30.389000 Z-0.125000
G01 X141.618000 Y30.645000 Z-0.125000
G01 X141.789000 Y30.598000 Z-0.125000
G01 X141.715000 Y30.424000 Z-0.125000
G01 X138.197000 Y26.907000 Z-0.125000
G01 X138.105000 Y26.715000 Z-0.125000
G01 X138.236000 Y26.627000 Z-0.125000
G01 X138.751000 Y26.824000 Z-0.125000
G01 X142.795000 Y30.869000 Z-0.125000
G00 Z5.000000

(End cutting path id: path8334)


(Start cutting path id: path8334)
(Change tool to Default tool)

G00 Z5.000000
G00 X159.971000 Y71.193000

G01 Z-0.125000 F100.0(Penetrate)
G01 X158.912000 Y74.560000 Z-0.125000 F400.000000
G01 X157.954000 Y77.664000 Z-0.125000
G01 X156.896000 Y74.434000 Z-0.125000
G01 X155.835000 Y71.067000 Z-0.125000
G01 X157.952000 Y70.930000 Z-0.125000
G01 X159.656000 Y70.980000 Z-0.125000
G01 X159.939000 Y71.060000 Z-0.125000
G01 X159.971000 Y71.193000 Z-0.125000
G01 X159.971000 Y71.193000 Z-0.125000
G00 Z5.000000

(End cutting path id: path8334)


(Start cutting path id: path8334)
(Change tool to Default tool)

G00 Z5.000000
G00 X158.169000 Y77.413000

G01 Z-0.125000 F100.0(Penetrate)
G01 X160.511000 Y79.755000 Z-0.125000 F400.000000
G01 X160.715000 Y79.860000 Z-0.125000
G01 X160.832000 Y79.758000 Z-0.125000
G01 X160.829000 Y79.537000 Z-0.125000
G01 X160.676000 Y79.284000 Z-0.125000
G01 X158.558000 Y77.166000 Z-0.125000
G01 X158.394000 Y76.684000 Z-0.125000
G01 X158.505000 Y76.577000 Z-0.125000
G01 X158.708000 Y76.680000 Z-0.125000
G01 X160.841000 Y78.813000 Z-0.125000
G01 X161.046000 Y78.919000 Z-0.125000
G01 X161.162000 Y78.816000 Z-0.125000
G01 X161.159000 Y78.595000 Z-0.125000
G01 X161.006000 Y78.342000 Z-0.125000
G01 X158.858000 Y76.194000 Z-0.125000
G01 X158.694000 Y75.712000 Z-0.125000
G01 X158.805000 Y75.605000 Z-0.125000
G01 X159.008000 Y75.708000 Z-0.125000
G01 X161.172000 Y77.872000 Z-0.125000
G01 X161.376000 Y77.977000 Z-0.125000
G01 X161.493000 Y77.875000 Z-0.125000
G01 X161.490000 Y77.653000 Z-0.125000
G01 X161.337000 Y77.401000 Z-0.125000
G01 X159.158000 Y75.222000 Z-0.125000
G01 X158.994000 Y74.740000 Z-0.125000
G01 X159.106000 Y74.633000 Z-0.125000
G01 X159.308000 Y74.736000 Z-0.125000
G01 X161.502000 Y76.930000 Z-0.125000
G01 X161.707000 Y77.035000 Z-0.125000
G01 X161.823000 Y76.933000 Z-0.125000
G01 X161.820000 Y76.711000 Z-0.125000
G01 X161.667000 Y76.459000 Z-0.125000
G01 X159.459000 Y74.251000 Z-0.125000
G01 X159.296000 Y73.769000 Z-0.125000
G01 X159.407000 Y73.662000 Z-0.125000
G01 X159.610000 Y73.765000 Z-0.125000
G01 X161.832000 Y75.988000 Z-0.125000
G01 X162.037000 Y76.093000 Z-0.125000
G01 X162.154000 Y75.991000 Z-0.125000
G01 X162.151000 Y75.770000 Z-0.125000
G01 X161.998000 Y75.517000 Z-0.125000
G01 X159.761000 Y73.280000 Z-0.125000
G01 X159.598000 Y72.799000 Z-0.125000
G01 X159.709000 Y72.692000 Z-0.125000
G01 X159.912000 Y72.795000 Z-0.125000
G01 X162.163000 Y75.046000 Z-0.125000
G01 X162.368000 Y75.152000 Z-0.125000
G01 X162.484000 Y75.049000 Z-0.125000
G01 X162.481000 Y74.828000 Z-0.125000
G01 X162.328000 Y74.575000 Z-0.125000
G01 X160.065000 Y72.312000 Z-0.125000
G01 X159.910000 Y72.058000 Z-0.125000
G01 X159.904000 Y71.833000 Z-0.125000
G01 X160.016000 Y71.727000 Z-0.125000
G01 X160.219000 Y71.831000 Z-0.125000
G01 X162.493000 Y74.104000 Z-0.125000
G01 X162.698000 Y74.210000 Z-0.125000
G01 X162.814000 Y74.107000 Z-0.125000
G01 X162.812000 Y73.886000 Z-0.125000
G01 X162.658000 Y73.633000 Z-0.125000
G01 X157.222000 Y68.197000 Z-0.125000
G01 X156.666000 Y67.959000 Z-0.125000
G01 X156.507000 Y68.018000 Z-0.125000
G01 X156.586000 Y68.197000 Z-0.125000
G01 X158.966000 Y70.577000 Z-0.125000
G01 X159.044000 Y70.754000 Z-0.125000
G01 X158.881000 Y70.810000 Z-0.125000
G01 X158.318000 Y70.565000 Z-0.125000
G01 X155.950000 Y68.197000 Z-0.125000
G01 X155.394000 Y67.959000 Z-0.125000
G01 X155.235000 Y68.018000 Z-0.125000
G01 X155.314000 Y68.197000 Z-0.125000
G01 X157.914000 Y70.798000 Z-0.125000
G00 Z5.000000

(End cutting path id: path8334)


(Start cutting path id: path8334)
(Change tool to Default tool)

G00 Z5.000000
G00 X155.655000 Y81.260000

G01 Z-0.125000 F100.0(Penetrate)
G01 X156.013000 Y81.618000 Z-0.125000 F400.000000
G01 X156.577000 Y81.865000 Z-0.125000
G01 X156.741000 Y81.810000 Z-0.125000
G01 X156.664000 Y81.634000 Z-0.125000
G01 X155.540000 Y80.510000 Z-0.125000
G01 X155.125000 Y79.777000 Z-0.125000
G01 X155.064000 Y79.496000 Z-0.125000
G01 X155.187000 Y79.521000 Z-0.125000
G01 X157.315000 Y81.649000 Z-0.125000
G01 X157.880000 Y81.895000 Z-0.125000
G01 X158.044000 Y81.841000 Z-0.125000
G01 X157.967000 Y81.664000 Z-0.125000
G01 X154.835000 Y78.532000 Z-0.125000
G01 X154.420000 Y77.799000 Z-0.125000
G01 X154.358000 Y77.518000 Z-0.125000
G01 X154.482000 Y77.543000 Z-0.125000
G01 X158.618000 Y81.679000 Z-0.125000
G01 X159.182000 Y81.925000 Z-0.125000
G01 X159.347000 Y81.871000 Z-0.125000
G01 X159.269000 Y81.694000 Z-0.125000
G01 X154.129000 Y76.554000 Z-0.125000
G01 X153.714000 Y75.821000 Z-0.125000
G01 X153.652000 Y75.540000 Z-0.125000
G01 X153.776000 Y75.565000 Z-0.125000
G01 X159.850000 Y81.639000 Z-0.125000
G01 X160.055000 Y81.744000 Z-0.125000
G01 X160.171000 Y81.642000 Z-0.125000
G01 X160.168000 Y81.420000 Z-0.125000
G01 X160.015000 Y81.168000 Z-0.125000
G01 X153.423000 Y74.576000 Z-0.125000
G01 X153.008000 Y73.843000 Z-0.125000
G01 X152.946000 Y73.562000 Z-0.125000
G01 X153.070000 Y73.587000 Z-0.125000
G01 X160.180000 Y80.697000 Z-0.125000
G01 X160.385000 Y80.802000 Z-0.125000
G01 X160.501000 Y80.700000 Z-0.125000
G01 X160.499000 Y80.479000 Z-0.125000
G01 X160.346000 Y80.226000 Z-0.125000
G01 X152.718000 Y72.598000 Z-0.125000
G01 X152.303000 Y71.866000 Z-0.125000
G01 X152.242000 Y71.586000 Z-0.125000
G01 X152.366000 Y71.610000 Z-0.125000
G01 X157.281000 Y76.526000 Z-0.125000
G01 X157.412000 Y76.557000 Z-0.125000
G01 X157.365000 Y76.291000 Z-0.125000
G01 X156.971000 Y75.580000 Z-0.125000
G01 X152.014000 Y70.622000 Z-0.125000
G01 X151.599000 Y69.890000 Z-0.125000
G01 X151.538000 Y69.610000 Z-0.125000
G01 X151.662000 Y69.634000 Z-0.125000
G01 X156.661000 Y74.634000 Z-0.125000
G01 X156.793000 Y74.666000 Z-0.125000
G01 X156.747000 Y74.401000 Z-0.125000
G01 X156.356000 Y73.692000 Z-0.125000
G01 X151.310000 Y68.646000 Z-0.125000
G01 X150.895000 Y67.913000 Z-0.125000
G01 X150.834000 Y67.633000 Z-0.125000
G01 X150.958000 Y67.658000 Z-0.125000
G01 X156.053000 Y72.754000 Z-0.125000
G01 X156.186000 Y72.786000 Z-0.125000
G01 X156.142000 Y72.525000 Z-0.125000
G01 X155.754000 Y71.818000 Z-0.125000
G01 X150.607000 Y66.671000 Z-0.125000
G01 X150.195000 Y65.941000 Z-0.125000
G01 X150.134000 Y65.662000 Z-0.125000
G01 X150.259000 Y65.687000 Z-0.125000
G01 X155.481000 Y70.909000 Z-0.125000
G01 X155.720000 Y71.049000 Z-0.125000
G01 X155.912000 Y71.022000 Z-0.125000
G01 X155.984000 Y70.875000 Z-0.125000
G01 X155.865000 Y70.657000 Z-0.125000
G01 X149.911000 Y64.703000 Z-0.125000
G01 X149.805000 Y64.498000 Z-0.125000
G01 X149.907000 Y64.380000 Z-0.125000
G01 X150.127000 Y64.382000 Z-0.125000
G01 X150.379000 Y64.535000 Z-0.125000
G01 X156.435000 Y70.590000 Z-0.125000
G01 X156.980000 Y70.818000 Z-0.125000
G01 X157.132000 Y70.751000 Z-0.125000
G01 X157.049000 Y70.568000 Z-0.125000
G01 X151.032000 Y64.552000 Z-0.125000
G01 X150.952000 Y64.372000 Z-0.125000
G01 X151.109000 Y64.311000 Z-0.125000
G01 X151.663000 Y64.546000 Z-0.125000
G01 X154.241000 Y67.125000 Z-0.125000
G01 X154.374000 Y67.158000 Z-0.125000
G01 X154.333000 Y66.898000 Z-0.125000
G01 X153.947000 Y66.194000 Z-0.125000
G01 X152.298000 Y64.545000 Z-0.125000
G01 X152.219000 Y64.366000 Z-0.125000
G01 X152.378000 Y64.307000 Z-0.125000
G01 X152.934000 Y64.545000 Z-0.125000
G01 X153.668000 Y65.279000 Z-0.125000
G01 X153.745000 Y65.256000 Z-0.125000
G01 X153.714000 Y65.007000 Z-0.125000
G01 X153.474000 Y64.449000 Z-0.125000
G01 X153.332000 Y64.307000 Z-0.125000
G00 Z5.000000

(End cutting path id: path8334)


(Start cutting path id: path8334)
(Change tool to Default tool)

G00 Z5.000000
G00 X137.583000 Y77.183000

G01 Z-0.125000 F100.0(Penetrate)
G01 X134.998000 Y74.598000 Z-0.125000 F400.000000
G01 X134.860000 Y74.361000 Z-0.125000
G01 X134.891000 Y74.174000 Z-0.125000
G01 X135.042000 Y74.106000 Z-0.125000
G01 X135.262000 Y74.226000 Z-0.125000
G01 X137.422000 Y76.386000 Z-0.125000
G01 X137.631000 Y76.496000 Z-0.125000
G01 X137.756000 Y76.402000 Z-0.125000
G01 X137.762000 Y76.190000 Z-0.125000
G01 X137.613000 Y75.942000 Z-0.125000
G01 X135.561000 Y73.889000 Z-0.125000
G01 X135.434000 Y73.663000 Z-0.125000
G01 X135.490000 Y73.500000 Z-0.125000
G01 X135.664000 Y73.456000 Z-0.125000
G01 X135.896000 Y73.588000 Z-0.125000
G01 X137.942000 Y75.634000 Z-0.125000
G01 X138.185000 Y75.778000 Z-0.125000
G01 X138.385000 Y75.759000 Z-0.125000
G01 X138.466000 Y75.621000 Z-0.125000
G01 X138.351000 Y75.407000 Z-0.125000
G01 X136.269000 Y73.325000 Z-0.125000
G01 X136.154000 Y73.111000 Z-0.125000
G01 X136.235000 Y72.973000 Z-0.125000
G01 X136.436000 Y72.955000 Z-0.125000
G01 X136.679000 Y73.098000 Z-0.125000
G01 X138.804000 Y75.224000 Z-0.125000
G01 X139.283000 Y75.385000 Z-0.125000
G01 X139.389000 Y75.273000 Z-0.125000
G01 X139.286000 Y75.070000 Z-0.125000
G01 X137.115000 Y72.899000 Z-0.125000
G01 X137.008000 Y72.692000 Z-0.125000
G01 X137.106000 Y72.571000 Z-0.125000
G01 X137.323000 Y72.570000 Z-0.125000
G01 X137.573000 Y72.721000 Z-0.125000
G01 X139.782000 Y74.930000 Z-0.125000
G01 X140.274000 Y75.104000 Z-0.125000
G01 X140.389000 Y75.000000 Z-0.125000
G01 X140.289000 Y74.801000 Z-0.125000
G01 X138.040000 Y72.551000 Z-0.125000
G01 X137.938000 Y72.350000 Z-0.125000
G01 X138.049000 Y72.242000 Z-0.125000
G01 X138.535000 Y72.411000 Z-0.125000
G01 X140.800000 Y74.676000 Z-0.125000
G01 X141.294000 Y74.852000 Z-0.125000
G01 X141.411000 Y74.749000 Z-0.125000
G01 X141.312000 Y74.551000 Z-0.125000
G01 X139.031000 Y72.270000 Z-0.125000
G01 X138.930000 Y72.070000 Z-0.125000
G01 X139.043000 Y71.964000 Z-0.125000
G01 X139.532000 Y72.136000 Z-0.125000
G01 X141.824000 Y74.428000 Z-0.125000
G01 X142.319000 Y74.604000 Z-0.125000
G01 X142.436000 Y74.502000 Z-0.125000
G01 X142.337000 Y74.304000 Z-0.125000
G01 X140.039000 Y72.006000 Z-0.125000
G01 X139.940000 Y71.807000 Z-0.125000
G01 X140.054000 Y71.703000 Z-0.125000
G01 X140.546000 Y71.877000 Z-0.125000
G01 X142.844000 Y74.175000 Z-0.125000
G01 X143.335000 Y74.348000 Z-0.125000
G01 X143.450000 Y74.244000 Z-0.125000
G01 X143.350000 Y74.045000 Z-0.125000
G01 X141.054000 Y71.749000 Z-0.125000
G01 X140.955000 Y71.550000 Z-0.125000
G01 X141.069000 Y71.446000 Z-0.125000
G01 X141.562000 Y71.621000 Z-0.125000
G01 X143.854000 Y73.913000 Z-0.125000
G01 X144.335000 Y74.076000 Z-0.125000
G01 X144.442000 Y73.964000 Z-0.125000
G01 X144.339000 Y73.762000 Z-0.125000
G01 X142.064000 Y71.487000 Z-0.125000
G01 X141.963000 Y71.286000 Z-0.125000
G01 X142.073000 Y71.178000 Z-0.125000
G01 X142.560000 Y71.346000 Z-0.125000
G01 X144.815000 Y73.602000 Z-0.125000
G01 X145.066000 Y73.753000 Z-0.125000
G01 X145.283000 Y73.752000 Z-0.125000
G01 X145.381000 Y73.631000 Z-0.125000
G01 X145.274000 Y73.424000 Z-0.125000
G01 X143.046000 Y71.196000 Z-0.125000
G01 X142.940000 Y70.991000 Z-0.125000
G01 X143.043000 Y70.875000 Z-0.125000
G01 X143.264000 Y70.878000 Z-0.125000
G01 X143.517000 Y71.032000 Z-0.125000
G01 X145.705000 Y73.219000 Z-0.125000
G01 X145.946000 Y73.361000 Z-0.125000
G01 X146.142000 Y73.339000 Z-0.125000
G01 X146.219000 Y73.197000 Z-0.125000
G01 X146.103000 Y72.981000 Z-0.125000
G01 X143.964000 Y70.842000 Z-0.125000
G01 X143.848000 Y70.627000 Z-0.125000
G01 X143.929000 Y70.489000 Z-0.125000
G01 X144.129000 Y70.470000 Z-0.125000
G01 X144.371000 Y70.614000 Z-0.125000
G01 X146.468000 Y72.710000 Z-0.125000
G01 X146.700000 Y72.843000 Z-0.125000
G01 X146.876000 Y72.800000 Z-0.125000
G01 X146.933000 Y72.639000 Z-0.125000
G01 X146.808000 Y72.414000 Z-0.125000
G01 X144.715000 Y70.321000 Z-0.125000
G01 X144.573000 Y70.080000 Z-0.125000
G01 X144.596000 Y69.884000 Z-0.125000
G01 X144.737000 Y69.807000 Z-0.125000
G01 X144.953000 Y69.923000 Z-0.125000
G01 X147.127000 Y72.097000 Z-0.125000
G01 X147.351000 Y72.222000 Z-0.125000
G01 X147.510000 Y72.162000 Z-0.125000
G01 X147.550000 Y71.983000 Z-0.125000
G01 X147.416000 Y71.750000 Z-0.125000
G01 X145.057000 Y69.391000 Z-0.125000
G01 X144.726000 Y68.742000 Z-0.125000
G01 X144.722000 Y68.519000 Z-0.125000
G01 X144.872000 Y68.570000 Z-0.125000
G01 X147.660000 Y71.358000 Z-0.125000
G01 X147.868000 Y71.467000 Z-0.125000
G01 X147.992000 Y71.372000 Z-0.125000
G01 X147.996000 Y71.157000 Z-0.125000
G01 X147.846000 Y70.908000 Z-0.125000
G01 X140.983000 Y64.045000 Z-0.125000
G01 X140.447000 Y63.827000 Z-0.125000
G01 X140.303000 Y63.901000 Z-0.125000
G01 X140.389000 Y64.087000 Z-0.125000
G01 X143.505000 Y67.203000 Z-0.125000
G01 X143.508000 Y67.306000 Z-0.125000
G01 X143.182000 Y67.198000 Z-0.125000
G01 X142.381000 Y66.715000 Z-0.125000
G01 X139.821000 Y64.155000 Z-0.125000
G01 X139.308000 Y63.960000 Z-0.125000
G01 X139.180000 Y64.050000 Z-0.125000
G01 X139.273000 Y64.243000 Z-0.125000
G01 X141.654000 Y66.624000 Z-0.125000
G01 X141.725000 Y66.794000 Z-0.125000
G01 X141.547000 Y66.835000 Z-0.125000
G01 X140.962000 Y66.568000 Z-0.125000
G01 X138.743000 Y64.349000 Z-0.125000
G01 X138.262000 Y64.186000 Z-0.125000
G01 X138.154000 Y64.297000 Z-0.125000
G01 X138.257000 Y64.499000 Z-0.125000
G01 X140.356000 Y66.599000 Z-0.125000
G01 X140.446000 Y66.788000 Z-0.125000
G01 X140.309000 Y66.869000 Z-0.125000
G01 X139.785000 Y66.663000 Z-0.125000
G01 X137.785000 Y64.664000 Z-0.125000
G01 X137.536000 Y64.514000 Z-0.125000
G01 X137.323000 Y64.519000 Z-0.125000
G01 X137.229000 Y64.644000 Z-0.125000
G01 X137.338000 Y64.852000 Z-0.125000
G01 X139.260000 Y66.774000 Z-0.125000
G01 X139.364000 Y66.978000 Z-0.125000
G01 X139.260000 Y67.092000 Z-0.125000
G01 X139.036000 Y67.087000 Z-0.125000
G01 X138.782000 Y66.933000 Z-0.125000
G01 X136.916000 Y65.066000 Z-0.125000
G01 X136.675000 Y64.925000 Z-0.125000
G01 X136.479000 Y64.947000 Z-0.125000
G01 X136.402000 Y65.089000 Z-0.125000
G01 X136.519000 Y65.305000 Z-0.125000
G01 X138.359000 Y67.146000 Z-0.125000
G01 X138.481000 Y67.367000 Z-0.125000
G01 X138.415000 Y67.520000 Z-0.125000
G01 X138.231000 Y67.554000 Z-0.125000
G01 X137.995000 Y67.417000 Z-0.125000
G01 X136.148000 Y65.571000 Z-0.125000
G01 X135.915000 Y65.437000 Z-0.125000
G01 X135.737000 Y65.478000 Z-0.125000
G01 X135.679000 Y65.638000 Z-0.125000
G01 X135.804000 Y65.863000 Z-0.125000
G01 X137.693000 Y67.752000 Z-0.125000
G01 X137.835000 Y67.994000 Z-0.125000
G01 X137.814000 Y68.190000 Z-0.125000
G01 X137.673000 Y68.268000 Z-0.125000
G01 X137.457000 Y68.152000 Z-0.125000
G01 X135.487000 Y66.182000 Z-0.125000
G01 X135.264000 Y66.058000 Z-0.125000
G01 X135.105000 Y66.118000 Z-0.125000
G01 X135.066000 Y66.297000 Z-0.125000
G01 X135.200000 Y66.531000 Z-0.125000
G01 X137.284000 Y68.616000 Z-0.125000
G01 X137.465000 Y69.114000 Z-0.125000
G01 X137.365000 Y69.233000 Z-0.125000
G01 X137.168000 Y69.136000 Z-0.125000
G01 X134.942000 Y66.909000 Z-0.125000
G01 X134.727000 Y66.794000 Z-0.125000
G01 X134.590000 Y66.875000 Z-0.125000
G01 X134.571000 Y67.075000 Z-0.125000
G01 X134.715000 Y67.318000 Z-0.125000
G01 X136.782000 Y69.386000 Z-0.125000
G01 X136.864000 Y69.567000 Z-0.125000
G01 X136.711000 Y69.633000 Z-0.125000
G01 X136.163000 Y69.403000 Z-0.125000
G01 X134.521000 Y67.760000 Z-0.125000
G01 X134.316000 Y67.654000 Z-0.125000
G01 X134.199000 Y67.756000 Z-0.125000
G01 X134.201000 Y67.977000 Z-0.125000
G01 X134.354000 Y68.230000 Z-0.125000
G01 X135.544000 Y69.420000 Z-0.125000
G01 X135.626000 Y69.601000 Z-0.125000
G01 X135.473000 Y69.667000 Z-0.125000
G01 X134.925000 Y69.437000 Z-0.125000
G01 X134.243000 Y68.754000 Z-0.125000
G01 X134.051000 Y68.662000 Z-0.125000
G01 X133.963000 Y68.792000 Z-0.125000
G01 X134.160000 Y69.307000 Z-0.125000
G01 X134.545000 Y69.692000 Z-0.125000
G00 Z5.000000

(End cutting path id: path8334)


(Start cutting path id: path8334)
(Change tool to Default tool)

G00 Z5.000000
G00 X136.786000 Y81.474000

G01 Z-0.125000 F100.0(Penetrate)
G01 X134.992000 Y79.680000 Z-0.125000 F400.000000
G01 X134.588000 Y78.958000 Z-0.125000
G01 X134.533000 Y78.685000 Z-0.125000
G01 X134.660000 Y78.713000 Z-0.125000
G01 X137.604000 Y81.656000 Z-0.125000
G01 X138.246000 Y81.980000 Z-0.125000
G01 X138.463000 Y81.978000 Z-0.125000
G01 X138.410000 Y81.826000 Z-0.125000
G01 X134.551000 Y77.967000 Z-0.125000
G01 X134.289000 Y77.387000 Z-0.125000
G01 X134.332000 Y77.212000 Z-0.125000
G01 X134.504000 Y77.284000 Z-0.125000
G01 X139.128000 Y81.907000 Z-0.125000
G01 X139.703000 Y82.165000 Z-0.125000
G01 X139.875000 Y82.118000 Z-0.125000
G01 X139.801000 Y81.945000 Z-0.125000
G01 X134.490000 Y76.634000 Z-0.125000
G01 X134.270000 Y76.096000 Z-0.125000
G01 X134.342000 Y75.949000 Z-0.125000
G01 X134.527000 Y76.035000 Z-0.125000
G01 X140.449000 Y81.957000 Z-0.125000
G01 X141.005000 Y82.194000 Z-0.125000
G01 X141.163000 Y82.134000 Z-0.125000
G01 X141.083000 Y81.955000 Z-0.125000
G01 X134.619000 Y75.490000 Z-0.125000
G01 X134.465000 Y75.237000 Z-0.125000
G01 X134.461000 Y75.014000 Z-0.125000
G01 X134.576000 Y74.911000 Z-0.125000
G01 X134.780000 Y75.016000 Z-0.125000
G01 X141.698000 Y81.934000 Z-0.125000
G01 X142.235000 Y82.152000 Z-0.125000
G01 X142.380000 Y82.079000 Z-0.125000
G01 X142.294000 Y81.894000 Z-0.125000
G01 X139.770000 Y79.369000 Z-0.125000
G01 X139.712000 Y79.212000 Z-0.125000
G01 X139.920000 Y79.201000 Z-0.125000
G01 X140.547000 Y79.510000 Z-0.125000
G01 X142.858000 Y81.821000 Z-0.125000
G01 X143.362000 Y82.008000 Z-0.125000
G01 X143.485000 Y81.912000 Z-0.125000
G01 X143.389000 Y81.717000 Z-0.125000
G01 X141.183000 Y79.511000 Z-0.125000
G01 X141.096000 Y79.324000 Z-0.125000
G01 X141.239000 Y79.248000 Z-0.125000
G01 X141.772000 Y79.463000 Z-0.125000
G01 X143.882000 Y81.573000 Z-0.125000
G01 X144.131000 Y81.723000 Z-0.125000
G01 X144.346000 Y81.719000 Z-0.125000
G01 X144.441000 Y81.595000 Z-0.125000
G01 X144.332000 Y81.387000 Z-0.125000
G01 X142.314000 Y79.369000 Z-0.125000
G01 X142.212000 Y79.168000 Z-0.125000
G01 X142.322000 Y79.059000 Z-0.125000
G01 X142.807000 Y79.226000 Z-0.125000
G01 X144.746000 Y81.165000 Z-0.125000
G01 X144.985000 Y81.305000 Z-0.125000
G01 X145.177000 Y81.278000 Z-0.125000
G01 X145.249000 Y81.131000 Z-0.125000
G01 X145.130000 Y80.913000 Z-0.125000
G01 X143.241000 Y79.024000 Z-0.125000
G01 X143.121000 Y78.805000 Z-0.125000
G01 X143.191000 Y78.656000 Z-0.125000
G01 X143.381000 Y78.627000 Z-0.125000
G01 X143.619000 Y78.766000 Z-0.125000
G01 X145.488000 Y80.634000 Z-0.125000
G01 X145.718000 Y80.766000 Z-0.125000
G01 X145.892000 Y80.721000 Z-0.125000
G01 X145.947000 Y80.557000 Z-0.125000
G01 X145.820000 Y80.331000 Z-0.125000
G01 X143.935000 Y78.446000 Z-0.125000
G01 X143.796000 Y78.207000 Z-0.125000
G01 X143.823000 Y78.016000 Z-0.125000
G01 X143.969000 Y77.943000 Z-0.125000
G01 X144.187000 Y78.062000 Z-0.125000
G01 X146.113000 Y79.988000 Z-0.125000
G01 X146.334000 Y80.109000 Z-0.125000
G01 X146.485000 Y80.042000 Z-0.125000
G01 X146.517000 Y79.855000 Z-0.125000
G01 X146.380000 Y79.619000 Z-0.125000
G01 X144.369000 Y77.608000 Z-0.125000
G01 X144.192000 Y77.112000 Z-0.125000
G01 X144.293000 Y76.995000 Z-0.125000
G01 X144.491000 Y77.094000 Z-0.125000
G01 X146.625000 Y79.227000 Z-0.125000
G01 X146.839000 Y79.342000 Z-0.125000
G01 X146.976000 Y79.261000 Z-0.125000
G01 X146.995000 Y79.060000 Z-0.125000
G01 X146.851000 Y78.817000 Z-0.125000
G01 X144.996000 Y76.962000 Z-0.125000
G01 X144.916000 Y76.783000 Z-0.125000
G01 X145.075000 Y76.724000 Z-0.125000
G01 X145.632000 Y76.962000 Z-0.125000
G01 X147.061000 Y78.391000 Z-0.125000
G01 X147.269000 Y78.500000 Z-0.125000
G01 X147.391000 Y78.403000 Z-0.125000
G01 X147.394000 Y78.188000 Z-0.125000
G01 X147.244000 Y77.938000 Z-0.125000
G01 X146.268000 Y76.962000 Z-0.125000
G01 X146.189000 Y76.783000 Z-0.125000
G01 X146.348000 Y76.724000 Z-0.125000
G01 X146.904000 Y76.962000 Z-0.125000
G01 X147.408000 Y77.466000 Z-0.125000
G01 X147.600000 Y77.559000 Z-0.125000
G01 X147.700000 Y77.440000 Z-0.125000
G01 X147.532000 Y76.954000 Z-0.125000
G01 X147.302000 Y76.724000 Z-0.125000
G00 Z5.000000

(End cutting path id: path8334)


(Start cutting path id: path8334)
(Change tool to Default tool)

G00 Z5.000000
G00 X143.397000 Y91.702000

G01 Z-0.125000 F100.0(Penetrate)
G01 X137.572000 Y109.028400 Z-0.125000 F400.000000
G01 X139.632000 Y109.094800 Z-0.125000
G01 X141.691000 Y109.094800 Z-0.125000
G01 X143.499000 Y102.704000 Z-0.125000
G01 X145.421000 Y96.313000 Z-0.125000
G01 X147.352000 Y102.703000 Z-0.125000
G01 X149.168000 Y109.093300 Z-0.125000
G01 X151.208000 Y109.093900 Z-0.125000
G01 X153.248000 Y109.094600 Z-0.125000
G01 X150.867000 Y102.110000 Z-0.125000
G01 X147.828000 Y93.163000 Z-0.125000
G01 X147.169000 Y91.200000 Z-0.125000
G01 X145.379000 Y91.200000 Z-0.125000
G01 X143.791000 Y91.263000 Z-0.125000
G01 X143.536000 Y91.412000 Z-0.125000
G01 X143.397000 Y91.702000 Z-0.125000
G01 X143.397000 Y91.702000 Z-0.125000
G00 Z5.000000

(End cutting path id: path8334)


(Start cutting path id: path8334)
(Change tool to Default tool)

G00 Z5.000000
G00 X151.998000 Y93.117000

G01 Z-0.125000 F100.0(Penetrate)
G01 X151.998000 Y95.034000 Z-0.125000 F400.000000
G01 X153.915000 Y95.034000 Z-0.125000
G01 X155.833000 Y95.034000 Z-0.125000
G01 X155.833000 Y93.117000 Z-0.125000
G01 X155.833000 Y91.200000 Z-0.125000
G01 X153.915000 Y91.200000 Z-0.125000
G01 X151.998000 Y91.200000 Z-0.125000
G01 X151.998000 Y93.117000 Z-0.125000
G00 Z5.000000

(End cutting path id: path8334)


(Start cutting path id: path8334)
(Change tool to Default tool)

G00 Z5.000000
G00 X152.759000 Y94.903000

G01 Z-0.125000 F100.0(Penetrate)
G01 X152.369000 Y94.513000 Z-0.125000 F400.000000
G01 X152.130000 Y93.956000 Z-0.125000
G01 X152.190000 Y93.797000 Z-0.125000
G01 X152.369000 Y93.877000 Z-0.125000
G01 X153.156000 Y94.664000 Z-0.125000
G01 X153.713000 Y94.903000 Z-0.125000
G01 X153.872000 Y94.843000 Z-0.125000
G01 X153.792000 Y94.664000 Z-0.125000
G01 X152.369000 Y93.241000 Z-0.125000
G01 X152.130000 Y92.684000 Z-0.125000
G01 X152.190000 Y92.525000 Z-0.125000
G01 X152.369000 Y92.605000 Z-0.125000
G01 X154.428000 Y94.664000 Z-0.125000
G01 X154.985000 Y94.903000 Z-0.125000
G01 X155.144000 Y94.843000 Z-0.125000
G01 X155.065000 Y94.664000 Z-0.125000
G01 X152.369000 Y91.969000 Z-0.125000
G01 X152.227000 Y91.728000 Z-0.125000
G01 X152.250000 Y91.531000 Z-0.125000
G01 X152.391000 Y91.455000 Z-0.125000
G01 X152.608000 Y91.571000 Z-0.125000
G01 X155.462000 Y94.425000 Z-0.125000
G01 X155.641000 Y94.505000 Z-0.125000
G01 X155.700000 Y94.346000 Z-0.125000
G01 X155.462000 Y93.789000 Z-0.125000
G01 X153.244000 Y91.571000 Z-0.125000
G01 X153.164000 Y91.392000 Z-0.125000
G01 X153.323000 Y91.333000 Z-0.125000
G01 X153.880000 Y91.571000 Z-0.125000
G01 X155.462000 Y93.153000 Z-0.125000
G01 X155.641000 Y93.233000 Z-0.125000
G01 X155.700000 Y93.074000 Z-0.125000
G01 X155.462000 Y92.517000 Z-0.125000
G01 X154.516000 Y91.571000 Z-0.125000
G01 X154.436000 Y91.392000 Z-0.125000
G01 X154.595000 Y91.333000 Z-0.125000
G01 X155.152000 Y91.571000 Z-0.125000
G01 X155.625000 Y92.044000 Z-0.125000
G01 X155.700000 Y91.802000 Z-0.125000
G01 X155.625000 Y91.408000 Z-0.125000
G01 X155.550000 Y91.333000 Z-0.125000
G00 Z5.000000

(End cutting path id: path8334)


(Start cutting path id: path8334)
(Change tool to Default tool)

G00 Z5.000000
G00 X150.229000 Y100.641000

G01 Z-0.125000 F100.0(Penetrate)
G01 X143.200000 Y93.613000 Z-0.125000 F400.000000
G01 X143.047000 Y93.360000 Z-0.125000
G01 X143.042000 Y93.137000 Z-0.125000
G01 X143.157000 Y93.034000 Z-0.125000
G01 X143.362000 Y93.138000 Z-0.125000
G01 X149.663000 Y99.439000 Z-0.125000
G01 X149.791000 Y99.468000 Z-0.125000
G01 X149.738000 Y99.196000 Z-0.125000
G01 X149.335000 Y98.476000 Z-0.125000
G01 X143.524000 Y92.665000 Z-0.125000
G01 X143.371000 Y92.412000 Z-0.125000
G01 X143.367000 Y92.190000 Z-0.125000
G01 X143.483000 Y92.087000 Z-0.125000
G01 X143.688000 Y92.192000 Z-0.125000
G01 X149.008000 Y97.513000 Z-0.125000
G01 X149.136000 Y97.541000 Z-0.125000
G01 X149.083000 Y97.270000 Z-0.125000
G01 X148.681000 Y96.549000 Z-0.125000
G01 X143.872000 Y91.740000 Z-0.125000
G01 X143.767000 Y91.536000 Z-0.125000
G01 X143.870000 Y91.420000 Z-0.125000
G01 X144.092000 Y91.423000 Z-0.125000
G01 X144.344000 Y91.577000 Z-0.125000
G01 X148.354000 Y95.586000 Z-0.125000
G01 X148.481000 Y95.614000 Z-0.125000
G01 X148.429000 Y95.343000 Z-0.125000
G01 X148.026000 Y94.623000 Z-0.125000
G01 X144.976000 Y91.572000 Z-0.125000
G01 X144.896000 Y91.393000 Z-0.125000
G01 X145.055000 Y91.333000 Z-0.125000
G01 X145.610000 Y91.570000 Z-0.125000
G01 X147.699000 Y93.659000 Z-0.125000
G01 X147.827000 Y93.688000 Z-0.125000
G01 X147.775000 Y93.417000 Z-0.125000
G01 X147.374000 Y92.697000 Z-0.125000
G01 X146.246000 Y91.570000 Z-0.125000
G01 X146.167000 Y91.391000 Z-0.125000
G01 X146.326000 Y91.332000 Z-0.125000
G01 X146.883000 Y91.570000 Z-0.125000
G01 X147.291000 Y91.979000 Z-0.125000
G00 Z5.000000

(End cutting path id: path8334)


(Start cutting path id: path8334)
(Change tool to Default tool)

G00 Z5.000000
G00 X137.338000 Y99.837000

G01 Z-0.125000 F100.0(Penetrate)
G01 X128.686000 Y91.185000 Z-0.125000 F400.000000
G01 X128.608000 Y91.008000 Z-0.125000
G01 X128.772000 Y90.953000 Z-0.125000
G01 X129.335000 Y91.198000 Z-0.125000
G01 X137.078000 Y98.940000 Z-0.125000
G01 X137.249000 Y99.013000 Z-0.125000
G01 X137.293000 Y98.838000 Z-0.125000
G01 X137.031000 Y98.258000 Z-0.125000
G01 X130.005000 Y91.231000 Z-0.125000
G01 X129.940000 Y91.067000 Z-0.125000
G01 X130.131000 Y91.040000 Z-0.125000
G01 X130.735000 Y91.325000 Z-0.125000
G01 X136.959000 Y97.550000 Z-0.125000
G01 X137.114000 Y97.605000 Z-0.125000
G01 X137.121000 Y97.393000 Z-0.125000
G01 X136.805000 Y96.759000 Z-0.125000
G01 X131.544000 Y91.499000 Z-0.125000
G01 X131.507000 Y91.362000 Z-0.125000
G01 X131.760000 Y91.397000 Z-0.125000
G01 X132.454000 Y91.772000 Z-0.125000
G01 X136.560000 Y95.878000 Z-0.125000
G01 X136.674000 Y95.893000 Z-0.125000
G01 X136.592000 Y95.593000 Z-0.125000
G01 X136.148000 Y94.830000 Z-0.125000
G01 X133.233000 Y91.915000 Z-0.125000
G00 Z5.000000

(End cutting path id: path8334)


(Start cutting path id: path8334)
(Change tool to Default tool)

G00 Z5.000000
G00 X131.269000 Y94.749000

G01 Z-0.125000 F100.0(Penetrate)
G01 X132.301000 Y95.587000 Z-0.125000 F400.000000
G01 X133.027000 Y96.730000 Z-0.125000
G01 X133.463000 Y98.209000 Z-0.125000
G01 X133.622000 Y100.056000 Z-0.125000
G01 X133.561000 Y101.586000 Z-0.125000
G01 X133.326000 Y102.838000 Z-0.125000
G01 X132.895000 Y103.883300 Z-0.125000
G01 X132.247000 Y104.793800 Z-0.125000
G01 X131.329000 Y105.582800 Z-0.125000
G01 X130.287000 Y106.059700 Z-0.125000
G01 X129.178000 Y106.237600 Z-0.125000
G01 X128.062000 Y106.129700 Z-0.125000
G01 X126.998000 Y105.749200 Z-0.125000
G01 X126.045000 Y105.109300 Z-0.125000
G01 X125.262000 Y104.223300 Z-0.125000
G01 X124.707000 Y103.104000 Z-0.125000
G01 X124.428000 Y102.015000 Z-0.125000
G01 X124.297000 Y100.863000 Z-0.125000
G01 X124.448000 Y98.546000 Z-0.125000
G01 X125.095000 Y96.508000 Z-0.125000
G01 X125.584000 Y95.704000 Z-0.125000
G01 X126.173000 Y95.103000 Z-0.125000
G01 X127.371000 Y94.447000 Z-0.125000
G01 X128.690000 Y94.165000 Z-0.125000
G01 X130.025000 Y94.263000 Z-0.125000
G01 X131.269000 Y94.749000 Z-0.125000
G01 X131.269000 Y94.749000 Z-0.125000
G00 Z5.000000

(End cutting path id: path8334)


(Start cutting path id: path8334)
(Change tool to Default tool)

G00 Z5.000000
G00 X126.680000 Y91.094000

G01 Z-0.125000 F100.0(Penetrate)
G01 X125.008000 Y91.704000 Z-0.125000 F400.000000
G01 X123.515000 Y92.651000 Z-0.125000
G01 X122.284000 Y93.869000 Z-0.125000
G01 X121.396000 Y95.292000 Z-0.125000
G01 X120.965000 Y96.433000 Z-0.125000
G01 X120.659000 Y97.675000 Z-0.125000
G01 X120.423000 Y100.320000 Z-0.125000
G01 X120.686000 Y102.942000 Z-0.125000
G01 X121.004000 Y104.155700 Z-0.125000
G01 X121.446000 Y105.256800 Z-0.125000
G01 X122.086000 Y106.303600 Z-0.125000
G01 X122.908000 Y107.230900 Z-0.125000
G01 X123.885000 Y108.024700 Z-0.125000
G01 X124.988000 Y108.671100 Z-0.125000
G01 X126.189000 Y109.155900 Z-0.125000
G01 X127.458000 Y109.465200 Z-0.125000
G01 X128.768000 Y109.585000 Z-0.125000
G01 X130.090000 Y109.501200 Z-0.125000
G01 X131.386000 Y109.244000 Z-0.125000
G01 X132.558000 Y108.864000 Z-0.125000
G01 X133.606000 Y108.359900 Z-0.125000
G01 X134.532000 Y107.730700 Z-0.125000
G01 X135.338000 Y106.975100 Z-0.125000
G01 X136.024000 Y106.092100 Z-0.125000
G01 X136.593000 Y105.080400 Z-0.125000
G01 X137.046000 Y103.939000 Z-0.125000
G01 X137.401000 Y102.422000 Z-0.125000
G01 X137.477000 Y100.238000 Z-0.125000
G01 X137.333000 Y97.862000 Z-0.125000
G01 X136.883000 Y95.949000 Z-0.125000
G01 X136.082000 Y94.377000 Z-0.125000
G01 X134.886000 Y93.022000 Z-0.125000
G01 X133.142000 Y91.817000 Z-0.125000
G01 X131.112000 Y91.075000 Z-0.125000
G01 X128.918000 Y90.825000 Z-0.125000
G01 X126.680000 Y91.094000 Z-0.125000
G01 X126.680000 Y91.094000 Z-0.125000
G00 Z5.000000

(End cutting path id: path8334)


(Start cutting path id: path8334)
(Change tool to Default tool)

G00 Z5.000000
G00 X122.215000 Y80.897000

G01 Z-0.125000 F100.0(Penetrate)
G01 X123.010000 Y81.691000 Z-0.125000 F400.000000
G01 X123.559000 Y81.923000 Z-0.125000
G01 X123.713000 Y81.858000 Z-0.125000
G01 X123.631000 Y81.677000 Z-0.125000
G01 X122.101000 Y80.146000 Z-0.125000
G01 X121.685000 Y79.413000 Z-0.125000
G01 X121.624000 Y79.133000 Z-0.125000
G01 X121.747000 Y79.157000 Z-0.125000
G01 X124.253000 Y81.662000 Z-0.125000
G01 X124.802000 Y81.894000 Z-0.125000
G01 X124.956000 Y81.829000 Z-0.125000
G01 X124.875000 Y81.648000 Z-0.125000
G01 X121.394000 Y78.168000 Z-0.125000
G01 X120.979000 Y77.435000 Z-0.125000
G01 X120.918000 Y77.154000 Z-0.125000
G01 X121.041000 Y77.179000 Z-0.125000
G01 X125.496000 Y81.633000 Z-0.125000
G01 X126.045000 Y81.865000 Z-0.125000
G01 X126.199000 Y81.800000 Z-0.125000
G01 X126.118000 Y81.619000 Z-0.125000
G01 X120.688000 Y76.190000 Z-0.125000
G01 X120.274000 Y75.457000 Z-0.125000
G01 X120.213000 Y75.177000 Z-0.125000
G01 X120.337000 Y75.202000 Z-0.125000
G01 X126.585000 Y81.451000 Z-0.125000
G01 X126.790000 Y81.556000 Z-0.125000
G01 X126.907000 Y81.454000 Z-0.125000
G01 X126.905000 Y81.233000 Z-0.125000
G01 X126.752000 Y80.981000 Z-0.125000
G01 X119.985000 Y74.215000 Z-0.125000
G01 X119.571000 Y73.482000 Z-0.125000
G01 X119.510000 Y73.202000 Z-0.125000
G01 X119.634000 Y73.227000 Z-0.125000
G01 X126.918000 Y80.511000 Z-0.125000
G01 X127.123000 Y80.616000 Z-0.125000
G01 X127.240000 Y80.514000 Z-0.125000
G01 X127.237000 Y80.293000 Z-0.125000
G01 X127.084000 Y80.041000 Z-0.125000
G01 X119.283000 Y72.239000 Z-0.125000
G01 X118.868000 Y71.507000 Z-0.125000
G01 X118.807000 Y71.227000 Z-0.125000
G01 X118.931000 Y71.252000 Z-0.125000
G01 X123.842000 Y76.162000 Z-0.125000
G01 X123.973000 Y76.194000 Z-0.125000
G01 X123.927000 Y75.930000 Z-0.125000
G01 X123.535000 Y75.220000 Z-0.125000
G01 X118.580000 Y70.264000 Z-0.125000
G01 X118.165000 Y69.532000 Z-0.125000
G01 X118.104000 Y69.252000 Z-0.125000
G01 X118.228000 Y69.277000 Z-0.125000
G01 X123.232000 Y74.281000 Z-0.125000
G01 X123.364000 Y74.313000 Z-0.125000
G01 X123.320000 Y74.050000 Z-0.125000
G01 X122.930000 Y73.343000 Z-0.125000
G01 X117.877000 Y68.289000 Z-0.125000
G01 X117.464000 Y67.559000 Z-0.125000
G01 X117.404000 Y67.280000 Z-0.125000
G01 X117.529000 Y67.305000 Z-0.125000
G01 X122.631000 Y72.407000 Z-0.125000
G01 X122.763000 Y72.440000 Z-0.125000
G01 X122.720000 Y72.178000 Z-0.125000
G01 X122.332000 Y71.472000 Z-0.125000
G01 X117.184000 Y66.324000 Z-0.125000
G01 X116.776000 Y65.598000 Z-0.125000
G01 X116.719000 Y65.322000 Z-0.125000
G01 X116.845000 Y65.349000 Z-0.125000
G01 X122.107000 Y70.611000 Z-0.125000
G01 X122.638000 Y70.824000 Z-0.125000
G01 X122.779000 Y70.747000 Z-0.125000
G01 X122.692000 Y70.560000 Z-0.125000
G01 X116.728000 Y64.596000 Z-0.125000
G01 X116.642000 Y64.410000 Z-0.125000
G01 X116.786000 Y64.336000 Z-0.125000
G01 X117.322000 Y64.554000 Z-0.125000
G01 X123.328000 Y70.560000 Z-0.125000
G01 X123.884000 Y70.798000 Z-0.125000
G01 X124.043000 Y70.739000 Z-0.125000
G01 X123.964000 Y70.560000 Z-0.125000
G01 X117.953000 Y64.549000 Z-0.125000
G01 X117.873000 Y64.369000 Z-0.125000
G01 X118.030000 Y64.308000 Z-0.125000
G01 X118.585000 Y64.545000 Z-0.125000
G01 X120.809000 Y66.769000 Z-0.125000
G01 X120.933000 Y66.793000 Z-0.125000
G01 X120.871000 Y66.512000 Z-0.125000
G01 X120.455000 Y65.779000 Z-0.125000
G01 X119.221000 Y64.545000 Z-0.125000
G01 X119.142000 Y64.366000 Z-0.125000
G01 X119.301000 Y64.306000 Z-0.125000
G01 X119.857000 Y64.545000 Z-0.125000
G01 X120.340000 Y65.028000 Z-0.125000
G00 Z5.000000

(End cutting path id: path8334)


(Start cutting path id: path8334)
(Change tool to Default tool)

G00 Z5.000000
G00 X107.311000 Y69.809000

G01 Z-0.125000 F100.0(Penetrate)
G01 X103.979000 Y66.478000 Z-0.125000 F400.000000
G01 X103.740000 Y65.921000 Z-0.125000
G01 X103.800000 Y65.762000 Z-0.125000
G01 X103.979000 Y65.842000 Z-0.125000
G01 X107.072000 Y68.935000 Z-0.125000
G01 X107.251000 Y69.014000 Z-0.125000
G01 X107.311000 Y68.855000 Z-0.125000
G01 X107.072000 Y68.299000 Z-0.125000
G01 X103.979000 Y65.206000 Z-0.125000
G01 X103.740000 Y64.649000 Z-0.125000
G01 X103.800000 Y64.490000 Z-0.125000
G01 X103.979000 Y64.569000 Z-0.125000
G01 X107.072000 Y67.662000 Z-0.125000
G01 X107.252000 Y67.743000 Z-0.125000
G01 X107.315000 Y67.587000 Z-0.125000
G01 X107.081000 Y67.035000 Z-0.125000
G01 X104.591000 Y64.545000 Z-0.125000
G01 X104.512000 Y64.366000 Z-0.125000
G01 X104.671000 Y64.307000 Z-0.125000
G01 X105.227000 Y64.545000 Z-0.125000
G01 X107.072000 Y66.390000 Z-0.125000
G01 X107.251000 Y66.470000 Z-0.125000
G01 X107.311000 Y66.311000 Z-0.125000
G01 X107.072000 Y65.754000 Z-0.125000
G01 X105.848000 Y64.530000 Z-0.125000
G01 X105.771000 Y64.353000 Z-0.125000
G01 X105.935000 Y64.299000 Z-0.125000
G01 X106.500000 Y64.545000 Z-0.125000
G01 X107.104000 Y65.150000 Z-0.125000
G01 X107.259000 Y65.205000 Z-0.125000
G01 X107.311000 Y65.039000 Z-0.125000
G01 X107.104000 Y64.514000 Z-0.125000
G01 X106.897000 Y64.307000 Z-0.125000
G00 Z5.000000

(End cutting path id: path8334)


(Start cutting path id: path8334)
(Change tool to Default tool)

G00 Z5.000000
G00 X103.741000 Y81.506000

G01 Z-0.125000 F100.0(Penetrate)
G01 X103.971000 Y81.736000 Z-0.125000 F400.000000
G01 X104.515000 Y81.962000 Z-0.125000
G01 X104.673000 Y81.901000 Z-0.125000
G01 X104.598000 Y81.726000 Z-0.125000
G01 X103.979000 Y81.108000 Z-0.125000
G01 X103.741000 Y80.551000 Z-0.125000
G01 X103.800000 Y80.392000 Z-0.125000
G01 X103.979000 Y80.472000 Z-0.125000
G01 X105.216000 Y81.709000 Z-0.125000
G01 X105.768000 Y81.942000 Z-0.125000
G01 X105.924000 Y81.879000 Z-0.125000
G01 X105.843000 Y81.699000 Z-0.125000
G01 X103.979000 Y79.835000 Z-0.125000
G01 X103.741000 Y79.279000 Z-0.125000
G01 X103.800000 Y79.120000 Z-0.125000
G01 X103.979000 Y79.199000 Z-0.125000
G01 X106.469000 Y81.689000 Z-0.125000
G01 X107.021000 Y81.923000 Z-0.125000
G01 X107.176000 Y81.860000 Z-0.125000
G01 X107.095000 Y81.679000 Z-0.125000
G01 X103.979000 Y78.563000 Z-0.125000
G01 X103.741000 Y78.006000 Z-0.125000
G01 X103.800000 Y77.847000 Z-0.125000
G01 X103.979000 Y77.927000 Z-0.125000
G01 X107.722000 Y81.669000 Z-0.125000
G01 X108.273000 Y81.903000 Z-0.125000
G01 X108.429000 Y81.840000 Z-0.125000
G01 X108.348000 Y81.659000 Z-0.125000
G01 X103.979000 Y77.291000 Z-0.125000
G01 X103.741000 Y76.734000 Z-0.125000
G01 X103.800000 Y76.575000 Z-0.125000
G01 X103.979000 Y76.654000 Z-0.125000
G01 X108.974000 Y81.649000 Z-0.125000
G01 X109.525000 Y81.882000 Z-0.125000
G01 X109.681000 Y81.819000 Z-0.125000
G01 X109.600000 Y81.639000 Z-0.125000
G01 X103.979000 Y76.018000 Z-0.125000
G01 X103.741000 Y75.462000 Z-0.125000
G01 X103.800000 Y75.303000 Z-0.125000
G01 X103.979000 Y75.382000 Z-0.125000
G01 X110.222000 Y81.625000 Z-0.125000
G01 X110.772000 Y81.857000 Z-0.125000
G01 X110.926000 Y81.792000 Z-0.125000
G01 X110.844000 Y81.611000 Z-0.125000
G01 X108.380000 Y79.147000 Z-0.125000
G01 X108.300000 Y78.967000 Z-0.125000
G01 X108.457000 Y78.906000 Z-0.125000
G01 X109.011000 Y79.142000 Z-0.125000
G01 X111.458000 Y81.589000 Z-0.125000
G01 X111.999000 Y81.812000 Z-0.125000
G01 X112.148000 Y81.742000 Z-0.125000
G01 X112.063000 Y81.558000 Z-0.125000
G01 X109.634000 Y79.129000 Z-0.125000
G01 X109.554000 Y78.949000 Z-0.125000
G01 X109.710000 Y78.886000 Z-0.125000
G01 X110.262000 Y79.121000 Z-0.125000
G01 X112.652000 Y81.510000 Z-0.125000
G01 X113.162000 Y81.702000 Z-0.125000
G01 X113.289000 Y81.611000 Z-0.125000
G01 X113.195000 Y81.418000 Z-0.125000
G01 X110.863000 Y79.086000 Z-0.125000
G01 X110.774000 Y78.897000 Z-0.125000
G01 X110.912000 Y78.816000 Z-0.125000
G01 X111.438000 Y79.024000 Z-0.125000
G01 X113.669000 Y81.255000 Z-0.125000
G01 X113.916000 Y81.403000 Z-0.125000
G01 X114.125000 Y81.393000 Z-0.125000
G01 X114.215000 Y81.265000 Z-0.125000
G01 X114.104000 Y81.054000 Z-0.125000
G01 X111.971000 Y78.921000 Z-0.125000
G01 X111.868000 Y78.719000 Z-0.125000
G01 X111.976000 Y78.608000 Z-0.125000
G01 X112.458000 Y78.772000 Z-0.125000
G01 X114.501000 Y80.815000 Z-0.125000
G01 X114.737000 Y80.952000 Z-0.125000
G01 X114.923000 Y80.919000 Z-0.125000
G01 X114.990000 Y80.767000 Z-0.125000
G01 X114.868000 Y80.546000 Z-0.125000
G01 X112.879000 Y78.557000 Z-0.125000
G01 X112.754000 Y78.333000 Z-0.125000
G01 X112.813000 Y78.173000 Z-0.125000
G01 X112.992000 Y78.133000 Z-0.125000
G01 X113.225000 Y78.267000 Z-0.125000
G01 X115.212000 Y80.254000 Z-0.125000
G01 X115.441000 Y80.383000 Z-0.125000
G01 X115.611000 Y80.335000 Z-0.125000
G01 X115.661000 Y80.167000 Z-0.125000
G01 X115.532000 Y79.938000 Z-0.125000
G01 X113.488000 Y77.894000 Z-0.125000
G01 X113.338000 Y77.644000 Z-0.125000
G01 X113.340000 Y77.428000 Z-0.125000
G01 X113.463000 Y77.332000 Z-0.125000
G01 X113.670000 Y77.440000 Z-0.125000
G01 X115.832000 Y79.601000 Z-0.125000
G01 X116.054000 Y79.724000 Z-0.125000
G01 X116.208000 Y79.660000 Z-0.125000
G01 X116.243000 Y79.476000 Z-0.125000
G01 X116.107000 Y79.241000 Z-0.125000
G01 X113.756000 Y76.889000 Z-0.125000
G01 X113.533000 Y76.349000 Z-0.125000
G01 X113.604000 Y76.201000 Z-0.125000
G01 X113.788000 Y76.285000 Z-0.125000
G01 X116.354000 Y78.852000 Z-0.125000
G01 X116.565000 Y78.963000 Z-0.125000
G01 X116.696000 Y78.875000 Z-0.125000
G01 X116.707000 Y78.668000 Z-0.125000
G01 X116.560000 Y78.421000 Z-0.125000
G01 X113.310000 Y75.172000 Z-0.125000
G00 Z5.000000

(End cutting path id: path8334)


(Start cutting path id: path8334)
(Change tool to Default tool)

G00 Z5.000000
G00 X127.488000 Y79.810000

G01 Z-0.125000 F100.0(Penetrate)
G01 X125.055000 Y77.376000 Z-0.125000 F400.000000
G01 X124.906000 Y77.128000 Z-0.125000
G01 X124.912000 Y76.915000 Z-0.125000
G01 X125.037000 Y76.822000 Z-0.125000
G01 X125.246000 Y76.931000 Z-0.125000
G01 X127.416000 Y79.101000 Z-0.125000
G01 X127.621000 Y79.207000 Z-0.125000
G01 X127.738000 Y79.105000 Z-0.125000
G01 X127.735000 Y78.884000 Z-0.125000
G01 X127.582000 Y78.631000 Z-0.125000
G01 X125.419000 Y76.467000 Z-0.125000
G01 X125.265000 Y76.215000 Z-0.125000
G01 X125.263000 Y75.993000 Z-0.125000
G01 X125.379000 Y75.891000 Z-0.125000
G01 X125.584000 Y75.996000 Z-0.125000
G01 X127.749000 Y78.161000 Z-0.125000
G01 X127.953000 Y78.267000 Z-0.125000
G01 X128.070000 Y78.165000 Z-0.125000
G01 X128.068000 Y77.944000 Z-0.125000
G01 X127.915000 Y77.691000 Z-0.125000
G01 X125.737000 Y75.513000 Z-0.125000
G01 X125.583000 Y75.260000 Z-0.125000
G01 X125.579000 Y75.038000 Z-0.125000
G01 X125.695000 Y74.935000 Z-0.125000
G01 X125.899000 Y75.040000 Z-0.125000
G01 X128.081000 Y77.222000 Z-0.125000
G01 X128.286000 Y77.327000 Z-0.125000
G01 X128.403000 Y77.225000 Z-0.125000
G01 X128.400000 Y77.004000 Z-0.125000
G01 X128.247000 Y76.752000 Z-0.125000
G01 X126.053000 Y74.558000 Z-0.125000
G01 X125.890000 Y74.077000 Z-0.125000
G01 X126.002000 Y73.970000 Z-0.125000
G01 X126.205000 Y74.073000 Z-0.125000
G01 X128.413000 Y76.282000 Z-0.125000
G01 X128.618000 Y76.387000 Z-0.125000
G01 X128.735000 Y76.285000 Z-0.125000
G01 X128.732000 Y76.064000 Z-0.125000
G01 X128.580000 Y75.812000 Z-0.125000
G01 X126.357000 Y73.589000 Z-0.125000
G01 X126.192000 Y73.107000 Z-0.125000
G01 X126.303000 Y72.998000 Z-0.125000
G01 X126.505000 Y73.101000 Z-0.125000
G01 X128.746000 Y75.342000 Z-0.125000
G01 X128.951000 Y75.447000 Z-0.125000
G01 X129.067000 Y75.346000 Z-0.125000
G01 X129.065000 Y75.124000 Z-0.125000
G01 X128.912000 Y74.872000 Z-0.125000
G01 X126.653000 Y72.613000 Z-0.125000
G01 X126.486000 Y72.128000 Z-0.125000
G01 X126.595000 Y72.019000 Z-0.125000
G01 X126.797000 Y72.121000 Z-0.125000
G01 X129.078000 Y74.402000 Z-0.125000
G01 X129.283000 Y74.508000 Z-0.125000
G01 X129.400000 Y74.406000 Z-0.125000
G01 X129.397000 Y74.185000 Z-0.125000
G01 X129.244000 Y73.932000 Z-0.125000
G01 X126.697000 Y71.385000 Z-0.125000
G00 Z5.000000

(End cutting path id: path8334)


(Start cutting path id: path8334)
(Change tool to Default tool)

G00 Z5.000000
G00 X126.357000 Y105.393900

G01 Z-0.125000 F100.0(Penetrate)
G01 X130.059000 Y109.096100 Z-0.125000 F400.000000
G01 X130.566000 Y109.285100 Z-0.125000
G01 X130.691000 Y109.191300 Z-0.125000
G01 X130.596000 Y108.996900 Z-0.125000
G01 X128.040000 Y106.441100 Z-0.125000
G01 X127.983000 Y106.284800 Z-0.125000
G01 X128.192000 Y106.274900 Z-0.125000
G01 X128.821000 Y106.585900 Z-0.125000
G01 X131.113000 Y108.877900 Z-0.125000
G01 X131.598000 Y109.045500 Z-0.125000
G01 X131.709000 Y108.937100 Z-0.125000
G01 X131.607000 Y108.736100 Z-0.125000
G01 X129.479000 Y106.608600 Z-0.125000
G01 X129.390000 Y106.420000 Z-0.125000
G01 X129.528000 Y106.339300 Z-0.125000
G01 X130.054000 Y106.547100 Z-0.125000
G01 X132.081000 Y108.574200 Z-0.125000
G01 X132.331000 Y108.724600 Z-0.125000
G01 X132.547000 Y108.721600 Z-0.125000
G01 X132.643000 Y108.599400 Z-0.125000
G01 X132.535000 Y108.392000 Z-0.125000
G01 X130.567000 Y106.424000 Z-0.125000
G01 X130.461000 Y106.218200 Z-0.125000
G01 X130.561000 Y106.099600 Z-0.125000
G01 X130.780000 Y106.100200 Z-0.125000
G01 X131.032000 Y106.252300 Z-0.125000
G01 X132.966000 Y108.186800 Z-0.125000
G01 X133.209000 Y108.330500 Z-0.125000
G01 X133.410000 Y108.312700 Z-0.125000
G01 X133.492000 Y108.175600 Z-0.125000
G01 X133.377000 Y107.961500 Z-0.125000
G01 X131.456000 Y106.040700 Z-0.125000
G01 X131.338000 Y105.823000 Z-0.125000
G01 X131.411000 Y105.677900 Z-0.125000
G01 X131.604000 Y105.652100 Z-0.125000
G01 X131.844000 Y105.792200 Z-0.125000
G01 X133.767000 Y107.715800 Z-0.125000
G01 X134.004000 Y107.852700 Z-0.125000
G01 X134.190000 Y107.820000 Z-0.125000
G01 X134.256000 Y107.668100 Z-0.125000
G01 X134.135000 Y107.447200 Z-0.125000
G01 X132.196000 Y105.508500 Z-0.125000
G01 X132.067000 Y105.280200 Z-0.125000
G01 X132.118000 Y105.112000 Z-0.125000
G01 X132.287000 Y105.063100 Z-0.125000
G01 X132.516000 Y105.192600 Z-0.125000
G01 X134.482000 Y107.158600 Z-0.125000
G01 X134.712000 Y107.289200 Z-0.125000
G01 X134.884000 Y107.242600 Z-0.125000
G01 X134.937000 Y107.076800 Z-0.125000
G01 X134.809000 Y106.849700 Z-0.125000
G01 X132.808000 Y104.848600 Z-0.125000
G01 X132.671000 Y104.611600 Z-0.125000
G01 X132.702000 Y104.424300 Z-0.125000
G01 X132.853000 Y104.356200 Z-0.125000
G01 X133.073000 Y104.477100 Z-0.125000
G01 X135.114000 Y106.518500 Z-0.125000
G01 X135.338000 Y106.642500 Z-0.125000
G01 X135.495000 Y106.581500 Z-0.125000
G01 X135.534000 Y106.401200 Z-0.125000
G01 X135.399000 Y106.167500 Z-0.125000
G01 X133.307000 Y104.074800 Z-0.125000
G01 X133.159000 Y103.828000 Z-0.125000
G01 X133.169000 Y103.619200 Z-0.125000
G01 X133.298000 Y103.529500 Z-0.125000
G01 X133.509000 Y103.640600 Z-0.125000
G01 X135.665000 Y105.796500 Z-0.125000
G01 X135.881000 Y105.914000 Z-0.125000
G01 X136.025000 Y105.838800 Z-0.125000
G01 X136.049000 Y105.644200 Z-0.125000
G01 X135.908000 Y105.404000 Z-0.125000
G01 X133.671000 Y103.166000 Z-0.125000
G01 X133.498000 Y102.676000 Z-0.125000
G01 X133.603000 Y102.562000 Z-0.125000
G01 X133.802000 Y102.662000 Z-0.125000
G01 X136.133000 Y104.992400 Z-0.125000
G01 X136.344000 Y105.103900 Z-0.125000
G01 X136.474000 Y105.015200 Z-0.125000
G01 X136.484000 Y104.807200 Z-0.125000
G01 X136.337000 Y104.560900 Z-0.125000
G01 X133.897000 Y102.120000 Z-0.125000
G01 X133.689000 Y101.595000 Z-0.125000
G01 X133.770000 Y101.457000 Z-0.125000
G01 X133.959000 Y101.547000 Z-0.125000
G01 X136.522000 Y104.109400 Z-0.125000
G01 X136.727000 Y104.215000 Z-0.125000
G01 X136.844000 Y104.113300 Z-0.125000
G01 X136.842000 Y103.892400 Z-0.125000
G01 X136.689000 Y103.640200 Z-0.125000
G01 X133.987000 Y100.938000 Z-0.125000
G01 X133.751000 Y100.385000 Z-0.125000
G01 X133.813000 Y100.228000 Z-0.125000
G01 X133.993000 Y100.308000 Z-0.125000
G01 X136.836000 Y103.151000 Z-0.125000
G01 X137.034000 Y103.249400 Z-0.125000
G01 X137.135000 Y103.132000 Z-0.125000
G01 X136.957000 Y102.637000 Z-0.125000
G01 X133.969000 Y99.648000 Z-0.125000
G01 X133.697000 Y99.058000 Z-0.125000
G01 X133.734000 Y98.877000 Z-0.125000
G01 X133.903000 Y98.946000 Z-0.125000
G01 X137.052000 Y102.095000 Z-0.125000
G01 X137.236000 Y102.180000 Z-0.125000
G01 X137.305000 Y102.031000 Z-0.125000
G01 X137.081000 Y101.488000 Z-0.125000
G01 X133.725000 Y98.132000 Z-0.125000
G01 X133.399000 Y97.488000 Z-0.125000
G01 X133.399000 Y97.269000 Z-0.125000
G01 X133.550000 Y97.321000 Z-0.125000
G01 X137.100000 Y100.871000 Z-0.125000
G01 X137.280000 Y100.951000 Z-0.125000
G01 X137.341000 Y100.794000 Z-0.125000
G01 X137.105000 Y100.240000 Z-0.125000
G01 X128.118000 Y91.253000 Z-0.125000
G01 X127.601000 Y91.054000 Z-0.125000
G01 X127.470000 Y91.141000 Z-0.125000
G01 X127.561000 Y91.332000 Z-0.125000
G01 X130.341000 Y94.112000 Z-0.125000
G01 X130.375000 Y94.246000 Z-0.125000
G01 X130.116000 Y94.205000 Z-0.125000
G01 X129.414000 Y93.821000 Z-0.125000
G01 X127.034000 Y91.441000 Z-0.125000
G01 X126.544000 Y91.269000 Z-0.125000
G01 X126.431000 Y91.375000 Z-0.125000
G01 X126.531000 Y91.575000 Z-0.125000
G01 X128.737000 Y93.781000 Z-0.125000
G01 X128.824000 Y93.966000 Z-0.125000
G01 X128.680000 Y94.041000 Z-0.125000
G01 X128.146000 Y93.825000 Z-0.125000
G01 X126.057000 Y91.737000 Z-0.125000
G01 X125.808000 Y91.587000 Z-0.125000
G01 X125.594000 Y91.591000 Z-0.125000
G01 X125.498000 Y91.714000 Z-0.125000
G01 X125.607000 Y91.922000 Z-0.125000
G01 X127.612000 Y93.927000 Z-0.125000
G01 X127.714000 Y94.129000 Z-0.125000
G01 X127.605000 Y94.238000 Z-0.125000
G01 X127.121000 Y94.073000 Z-0.125000
G01 X125.177000 Y92.129000 Z-0.125000
G01 X124.935000 Y91.985000 Z-0.125000
G01 X124.734000 Y92.004000 Z-0.125000
G01 X124.653000 Y92.141000 Z-0.125000
G01 X124.768000 Y92.356000 Z-0.125000
G01 X126.674000 Y94.261000 Z-0.125000
G01 X126.788000 Y94.475000 Z-0.125000
G01 X126.706000 Y94.612000 Z-0.125000
G01 X126.505000 Y94.629000 Z-0.125000
G01 X126.261000 Y94.485000 Z-0.125000
G01 X124.378000 Y92.601000 Z-0.125000
G01 X124.141000 Y92.464000 Z-0.125000
G01 X123.953000 Y92.495000 Z-0.125000
G01 X123.885000 Y92.645000 Z-0.125000
G01 X124.006000 Y92.866000 Z-0.125000
G01 X125.881000 Y94.740000 Z-0.125000
G01 X126.007000 Y94.966000 Z-0.125000
G01 X125.949000 Y95.127000 Z-0.125000
G01 X125.773000 Y95.170000 Z-0.125000
G01 X125.541000 Y95.037000 Z-0.125000
G01 X123.652000 Y93.148000 Z-0.125000
G01 X123.421000 Y93.016000 Z-0.125000
G01 X123.246000 Y93.059000 Z-0.125000
G01 X123.190000 Y93.222000 Z-0.125000
G01 X123.316000 Y93.448000 Z-0.125000
G01 X125.246000 Y95.378000 Z-0.125000
G01 X125.384000 Y95.616000 Z-0.125000
G01 X125.355000 Y95.805000 Z-0.125000
G01 X125.206000 Y95.875000 Z-0.125000
G01 X124.987000 Y95.755000 Z-0.125000
G01 X122.998000 Y93.766000 Z-0.125000
G01 X122.773000 Y93.640000 Z-0.125000
G01 X122.610000 Y93.697000 Z-0.125000
G01 X122.567000 Y93.872000 Z-0.125000
G01 X122.700000 Y94.104000 Z-0.125000
G01 X124.761000 Y96.165000 Z-0.125000
G01 X124.909000 Y96.413000 Z-0.125000
G01 X124.901000 Y96.623000 Z-0.125000
G01 X124.773000 Y96.714000 Z-0.125000
G01 X124.563000 Y96.603000 Z-0.125000
G01 X122.420000 Y94.461000 Z-0.125000
G01 X122.201000 Y94.341000 Z-0.125000
G01 X122.053000 Y94.411000 Z-0.125000
G01 X122.023000 Y94.600000 Z-0.125000
G01 X122.162000 Y94.838000 Z-0.125000
G01 X124.391000 Y97.067000 Z-0.125000
G01 X124.556000 Y97.550000 Z-0.125000
G01 X124.445000 Y97.659000 Z-0.125000
G01 X124.244000 Y97.556000 Z-0.125000
G01 X121.926000 Y95.239000 Z-0.125000
G01 X121.715000 Y95.127000 Z-0.125000
G01 X121.584000 Y95.215000 Z-0.125000
G01 X121.572000 Y95.422000 Z-0.125000
G01 X121.719000 Y95.668000 Z-0.125000
G01 X124.122000 Y98.070000 Z-0.125000
G01 X124.312000 Y98.579000 Z-0.125000
G01 X124.219000 Y98.705000 Z-0.125000
G01 X124.026000 Y98.610000 Z-0.125000
G01 X121.533000 Y96.118000 Z-0.125000
G01 X121.328000 Y96.013000 Z-0.125000
G01 X121.212000 Y96.115000 Z-0.125000
G01 X121.216000 Y96.337000 Z-0.125000
G01 X121.369000 Y96.590000 Z-0.125000
G01 X123.957000 Y99.178000 Z-0.125000
G01 X124.177000 Y99.716000 Z-0.125000
G01 X124.104000 Y99.862000 Z-0.125000
G01 X123.920000 Y99.777000 Z-0.125000
G01 X121.210000 Y97.067000 Z-0.125000
G01 X121.014000 Y96.970000 Z-0.125000
G01 X120.916000 Y97.091000 Z-0.125000
G01 X121.099000 Y97.592000 Z-0.125000
G01 X123.918000 Y100.411000 Z-0.125000
G01 X124.194000 Y101.005000 Z-0.125000
G01 X124.160000 Y101.190000 Z-0.125000
G01 X123.993000 Y101.122000 Z-0.125000
G01 X120.995000 Y98.124000 Z-0.125000
G01 X120.799000 Y98.028000 Z-0.125000
G01 X120.703000 Y98.150000 Z-0.125000
G01 X120.889000 Y98.654000 Z-0.125000
G01 X124.065000 Y101.830000 Z-0.125000
G01 X124.457000 Y102.541000 Z-0.125000
G01 X124.503000 Y102.805000 Z-0.125000
G01 X124.372000 Y102.774000 Z-0.125000
G01 X120.608000 Y99.010000 Z-0.125000
G00 Z5.000000

(End cutting path id: path8334)


(Start cutting path id: path8334)
(Change tool to Default tool)

G00 Z5.000000
G00 X123.798000 Y107.923800

G01 Z-0.125000 F100.0(Penetrate)
G01 X122.012000 Y106.137700 Z-0.125000 F400.000000
G00 Z5.000000

(End cutting path id: path8334)


(Start cutting path id: path8334)
(Change tool to Default tool)

G00 Z5.000000
G00 X125.202000 Y108.692000

G01 Z-0.125000 F100.0(Penetrate)
G01 X121.556000 Y105.045600 Z-0.125000 F400.000000
G01 X121.192000 Y104.363600 Z-0.125000
G01 X121.165000 Y104.118300 Z-0.125000
G01 X121.305000 Y104.158600 Z-0.125000
G01 X125.914000 Y108.768300 Z-0.125000
G01 X126.606000 Y109.142400 Z-0.125000
G01 X126.859000 Y109.176000 Z-0.125000
G01 X126.822000 Y109.039400 Z-0.125000
G01 X121.043000 Y103.260900 Z-0.125000
G01 X120.754000 Y102.654000 Z-0.125000
G01 X120.779000 Y102.461000 Z-0.125000
G01 X120.943000 Y102.524000 Z-0.125000
G01 X127.562000 Y109.143700 Z-0.125000
G01 X128.149000 Y109.412700 Z-0.125000
G01 X128.329000 Y109.374000 Z-0.125000
G01 X128.259000 Y109.204700 Z-0.125000
G01 X120.856000 Y101.802000 Z-0.125000
G01 X120.594000 Y101.222000 Z-0.125000
G01 X120.638000 Y101.047000 Z-0.125000
G01 X120.809000 Y101.119000 Z-0.125000
G01 X128.901000 Y109.210900 Z-0.125000
G01 X129.439000 Y109.430400 Z-0.125000
G01 X129.585000 Y109.357700 Z-0.125000
G01 X129.499000 Y109.172900 Z-0.125000
G01 X120.795000 Y100.469000 Z-0.125000
G01 X120.563000 Y99.919000 Z-0.125000
G01 X120.628000 Y99.764000 Z-0.125000
G01 X120.809000 Y99.846000 Z-0.125000
G01 X125.340000 Y104.377800 Z-0.125000
G00 Z5.000000

(End cutting path id: path8334)


(Start cutting path id: path8334)
(Change tool to Default tool)

G00 Z5.000000
G00 X114.514000 Y108.817900

G01 Z-0.125000 F100.0(Penetrate)
G01 X114.586000 Y108.890200 Z-0.125000 F400.000000
G01 X114.977000 Y108.962600 Z-0.125000
G01 X115.222000 Y108.890200 Z-0.125000
G01 X114.752000 Y108.420100 Z-0.125000
G01 X114.514000 Y107.863400 Z-0.125000
G01 X114.573000 Y107.704300 Z-0.125000
G01 X114.752000 Y107.783800 Z-0.125000
G01 X115.692000 Y108.724100 Z-0.125000
G01 X116.249000 Y108.962600 Z-0.125000
G01 X116.408000 Y108.903000 Z-0.125000
G01 X116.329000 Y108.724100 Z-0.125000
G01 X114.752000 Y107.147500 Z-0.125000
G01 X114.513000 Y106.590800 Z-0.125000
G01 X114.573000 Y106.431700 Z-0.125000
G01 X114.752000 Y106.511200 Z-0.125000
G01 X116.965000 Y108.724100 Z-0.125000
G01 X117.521000 Y108.962600 Z-0.125000
G01 X117.680000 Y108.903000 Z-0.125000
G01 X117.601000 Y108.724100 Z-0.125000
G01 X114.752000 Y105.874900 Z-0.125000
G01 X114.513000 Y105.318200 Z-0.125000
G01 X114.572000 Y105.159100 Z-0.125000
G01 X114.751000 Y105.238600 Z-0.125000
G01 X117.663000 Y108.150000 Z-0.125000
G01 X117.841000 Y108.229000 Z-0.125000
G01 X117.900000 Y108.068800 Z-0.125000
G01 X117.660000 Y107.510500 Z-0.125000
G01 X114.752000 Y104.602300 Z-0.125000
G01 X114.513000 Y104.045600 Z-0.125000
G01 X114.572000 Y103.886500 Z-0.125000
G01 X114.751000 Y103.966000 Z-0.125000
G01 X117.656000 Y106.871000 Z-0.125000
G01 X117.835000 Y106.950000 Z-0.125000
G01 X117.893000 Y106.789800 Z-0.125000
G01 X117.653000 Y106.231500 Z-0.125000
G01 X114.751000 Y103.329600 Z-0.125000
G01 X114.513000 Y102.773000 Z-0.125000
G01 X114.572000 Y102.614000 Z-0.125000
G01 X114.751000 Y102.693000 Z-0.125000
G01 X117.650000 Y105.592000 Z-0.125000
G01 X117.828000 Y105.671000 Z-0.125000
G01 X117.887000 Y105.510800 Z-0.125000
G01 X117.647000 Y104.952500 Z-0.125000
G01 X114.751000 Y102.057000 Z-0.125000
G01 X114.513000 Y101.500000 Z-0.125000
G01 X114.572000 Y101.341000 Z-0.125000
G01 X114.751000 Y101.421000 Z-0.125000
G01 X117.644000 Y104.313000 Z-0.125000
G01 X117.822000 Y104.392000 Z-0.125000
G01 X117.880000 Y104.231800 Z-0.125000
G01 X117.641000 Y103.673500 Z-0.125000
G01 X114.751000 Y100.784000 Z-0.125000
G01 X114.513000 Y100.228000 Z-0.125000
G01 X114.572000 Y100.069000 Z-0.125000
G01 X114.751000 Y100.148000 Z-0.125000
G01 X117.637000 Y103.034000 Z-0.125000
G01 X117.816000 Y103.113000 Z-0.125000
G01 X117.874000 Y102.953000 Z-0.125000
G01 X117.634000 Y102.395000 Z-0.125000
G01 X114.751000 Y99.512000 Z-0.125000
G01 X114.513000 Y98.955000 Z-0.125000
G01 X114.572000 Y98.796000 Z-0.125000
G01 X114.751000 Y98.875000 Z-0.125000
G01 X117.631000 Y101.755000 Z-0.125000
G01 X117.809000 Y101.834000 Z-0.125000
G01 X117.868000 Y101.674000 Z-0.125000
G01 X117.628000 Y101.116000 Z-0.125000
G01 X114.751000 Y98.239000 Z-0.125000
G01 X114.513000 Y97.682000 Z-0.125000
G01 X114.572000 Y97.523000 Z-0.125000
G01 X114.751000 Y97.603000 Z-0.125000
G01 X117.624000 Y100.476000 Z-0.125000
G01 X117.807000 Y100.560000 Z-0.125000
G01 X117.876000 Y100.409000 Z-0.125000
G01 X117.650000 Y99.865000 Z-0.125000
G01 X112.624000 Y94.839000 Z-0.125000
G01 X112.481000 Y94.597000 Z-0.125000
G01 X112.501000 Y94.398000 Z-0.125000
G01 X112.640000 Y94.319000 Z-0.125000
G01 X112.855000 Y94.434000 Z-0.125000
G01 X117.618000 Y99.197000 Z-0.125000
G01 X117.796000 Y99.276000 Z-0.125000
G01 X117.854000 Y99.116000 Z-0.125000
G01 X117.615000 Y98.558000 Z-0.125000
G01 X113.087000 Y94.029000 Z-0.125000
G01 X112.944000 Y93.787000 Z-0.125000
G01 X112.964000 Y93.589000 Z-0.125000
G01 X113.103000 Y93.509000 Z-0.125000
G01 X113.318000 Y93.625000 Z-0.125000
G01 X117.611000 Y97.918000 Z-0.125000
G01 X117.790000 Y97.997000 Z-0.125000
G01 X117.848000 Y97.837000 Z-0.125000
G01 X117.608000 Y97.279000 Z-0.125000
G01 X113.549000 Y93.220000 Z-0.125000
G01 X113.407000 Y92.978000 Z-0.125000
G01 X113.427000 Y92.779000 Z-0.125000
G01 X113.566000 Y92.699000 Z-0.125000
G01 X113.781000 Y92.815000 Z-0.125000
G01 X117.605000 Y96.639000 Z-0.125000
G01 X117.783000 Y96.718000 Z-0.125000
G01 X117.842000 Y96.558000 Z-0.125000
G01 X117.602000 Y96.000000 Z-0.125000
G01 X114.012000 Y92.410000 Z-0.125000
G01 X113.870000 Y92.168000 Z-0.125000
G01 X113.890000 Y91.969000 Z-0.125000
G01 X114.029000 Y91.890000 Z-0.125000
G01 X114.244000 Y92.005000 Z-0.125000
G01 X117.598000 Y95.360000 Z-0.125000
G01 X117.777000 Y95.439000 Z-0.125000
G01 X117.835000 Y95.279000 Z-0.125000
G01 X117.595000 Y94.721000 Z-0.125000
G01 X114.537000 Y91.662000 Z-0.125000
G01 X114.457000 Y91.483000 Z-0.125000
G01 X114.616000 Y91.423000 Z-0.125000
G01 X115.173000 Y91.662000 Z-0.125000
G01 X117.592000 Y94.081000 Z-0.125000
G01 X117.770000 Y94.160000 Z-0.125000
G01 X117.829000 Y94.000000 Z-0.125000
G01 X117.589000 Y93.441000 Z-0.125000
G01 X115.809000 Y91.662000 Z-0.125000
G01 X115.730000 Y91.483000 Z-0.125000
G01 X115.889000 Y91.423000 Z-0.125000
G01 X116.446000 Y91.662000 Z-0.125000
G01 X117.586000 Y92.802000 Z-0.125000
G01 X117.764000 Y92.881000 Z-0.125000
G01 X117.822000 Y92.721000 Z-0.125000
G01 X117.583000 Y92.162000 Z-0.125000
G01 X117.013000 Y91.592000 Z-0.125000
G01 X116.985000 Y91.466000 Z-0.125000
G01 X117.162000 Y91.423000 Z-0.125000
G01 X117.649000 Y91.592000 Z-0.125000
G01 X117.818000 Y91.762000 Z-0.125000
G00 Z5.000000

(End cutting path id: path8334)


(Start cutting path id: path8334)
(Change tool to Default tool)

G00 Z5.000000
G00 X109.334000 Y105.546400

G01 Z-0.125000 F100.0(Penetrate)
G01 X107.533000 Y103.745300 Z-0.125000 F400.000000
G01 X107.390000 Y103.503100 Z-0.125000
G01 X107.410000 Y103.304300 Z-0.125000
G01 X107.549000 Y103.224800 Z-0.125000
G01 X107.764000 Y103.340500 Z-0.125000
G01 X109.326000 Y104.902400 Z-0.125000
G01 X109.541000 Y105.018000 Z-0.125000
G01 X109.680000 Y104.938300 Z-0.125000
G01 X109.700000 Y104.739300 Z-0.125000
G01 X109.557000 Y104.497100 Z-0.125000
G01 X107.996000 Y102.936000 Z-0.125000
G01 X107.853000 Y102.693000 Z-0.125000
G01 X107.873000 Y102.495000 Z-0.125000
G01 X108.012000 Y102.415000 Z-0.125000
G01 X108.227000 Y102.531000 Z-0.125000
G01 X109.788000 Y104.091700 Z-0.125000
G01 X110.003000 Y104.207200 Z-0.125000
G01 X110.142000 Y104.127500 Z-0.125000
G01 X110.161000 Y103.928500 Z-0.125000
G01 X110.019000 Y103.686300 Z-0.125000
G01 X108.458000 Y102.126000 Z-0.125000
G01 X108.316000 Y101.884000 Z-0.125000
G01 X108.335000 Y101.685000 Z-0.125000
G01 X108.475000 Y101.606000 Z-0.125000
G01 X108.690000 Y101.721000 Z-0.125000
G01 X110.249000 Y103.280900 Z-0.125000
G01 X110.464000 Y103.396500 Z-0.125000
G01 X110.603000 Y103.316800 Z-0.125000
G01 X110.623000 Y103.118000 Z-0.125000
G01 X110.480000 Y102.876000 Z-0.125000
G01 X108.921000 Y101.316000 Z-0.125000
G01 X108.778000 Y101.074000 Z-0.125000
G01 X108.798000 Y100.875000 Z-0.125000
G01 X108.937000 Y100.796000 Z-0.125000
G01 X109.152000 Y100.912000 Z-0.125000
G01 X110.711000 Y102.470000 Z-0.125000
G01 X110.926000 Y102.586000 Z-0.125000
G01 X111.065000 Y102.506000 Z-0.125000
G01 X111.084000 Y102.307000 Z-0.125000
G01 X110.941000 Y102.065000 Z-0.125000
G01 X109.383000 Y100.507000 Z-0.125000
G01 X109.241000 Y100.265000 Z-0.125000
G01 X109.260000 Y100.066000 Z-0.125000
G01 X109.400000 Y99.986000 Z-0.125000
G01 X109.615000 Y100.102000 Z-0.125000
G01 X111.172000 Y101.659000 Z-0.125000
G01 X111.387000 Y101.775000 Z-0.125000
G01 X111.526000 Y101.695000 Z-0.125000
G01 X111.546000 Y101.496000 Z-0.125000
G01 X111.403000 Y101.254000 Z-0.125000
G01 X109.846000 Y99.697000 Z-0.125000
G01 X109.703000 Y99.455000 Z-0.125000
G01 X109.723000 Y99.256000 Z-0.125000
G01 X109.862000 Y99.177000 Z-0.125000
G01 X110.077000 Y99.292000 Z-0.125000
G01 X111.634000 Y100.849000 Z-0.125000
G01 X111.849000 Y100.964000 Z-0.125000
G01 X111.988000 Y100.884000 Z-0.125000
G01 X112.007000 Y100.685000 Z-0.125000
G01 X111.864000 Y100.443000 Z-0.125000
G01 X110.308000 Y98.887000 Z-0.125000
G01 X110.166000 Y98.645000 Z-0.125000
G01 X110.186000 Y98.446000 Z-0.125000
G01 X110.325000 Y98.367000 Z-0.125000
G01 X110.540000 Y98.483000 Z-0.125000
G01 X112.095000 Y100.038000 Z-0.125000
G01 X112.310000 Y100.153000 Z-0.125000
G01 X112.449000 Y100.074000 Z-0.125000
G01 X112.469000 Y99.875000 Z-0.125000
G01 X112.326000 Y99.632000 Z-0.125000
G01 X110.771000 Y98.078000 Z-0.125000
G01 X110.628000 Y97.836000 Z-0.125000
G01 X110.648000 Y97.637000 Z-0.125000
G01 X110.787000 Y97.557000 Z-0.125000
G01 X111.002000 Y97.673000 Z-0.125000
G01 X112.556000 Y99.227000 Z-0.125000
G01 X112.771000 Y99.343000 Z-0.125000
G01 X112.910000 Y99.263000 Z-0.125000
G01 X112.930000 Y99.064000 Z-0.125000
G01 X112.787000 Y98.822000 Z-0.125000
G01 X111.234000 Y97.268000 Z-0.125000
G01 X111.091000 Y97.026000 Z-0.125000
G01 X111.111000 Y96.827000 Z-0.125000
G01 X111.250000 Y96.748000 Z-0.125000
G01 X111.465000 Y96.863000 Z-0.125000
G01 X113.018000 Y98.416000 Z-0.125000
G01 X113.233000 Y98.532000 Z-0.125000
G01 X113.372000 Y98.452000 Z-0.125000
G01 X113.391000 Y98.253000 Z-0.125000
G01 X113.249000 Y98.011000 Z-0.125000
G01 X111.696000 Y96.458000 Z-0.125000
G01 X111.553000 Y96.216000 Z-0.125000
G01 X111.573000 Y96.017000 Z-0.125000
G01 X111.712000 Y95.938000 Z-0.125000
G01 X111.927000 Y96.054000 Z-0.125000
G01 X113.479000 Y97.606000 Z-0.125000
G01 X113.694000 Y97.721000 Z-0.125000
G01 X113.833000 Y97.641000 Z-0.125000
G01 X113.853000 Y97.442000 Z-0.125000
G01 X113.710000 Y97.200000 Z-0.125000
G01 X112.159000 Y95.649000 Z-0.125000
G01 X112.016000 Y95.407000 Z-0.125000
G01 X112.036000 Y95.208000 Z-0.125000
G01 X112.175000 Y95.128000 Z-0.125000
G01 X112.390000 Y95.244000 Z-0.125000
G01 X114.179000 Y97.033000 Z-0.125000
G00 Z5.000000

(End cutting path id: path8334)


(Start cutting path id: path8334)
(Change tool to Default tool)

G00 Z5.000000
G00 X103.426000 Y100.147000

G01 Z-0.125000 F100.0(Penetrate)
G01 X103.426000 Y109.106800 Z-0.125000 F400.000000
G01 X105.472000 Y109.055200 Z-0.125000
G01 X107.519000 Y109.003600 Z-0.125000
G01 X110.948000 Y102.978000 Z-0.125000
G01 X114.378000 Y96.952000 Z-0.125000
G01 X114.380000 Y103.023000 Z-0.125000
G01 X114.382000 Y109.094900 Z-0.125000
G01 X116.210000 Y109.094900 Z-0.125000
G01 X118.037000 Y109.094900 Z-0.125000
G01 X117.990000 Y100.193000 Z-0.125000
G01 X117.943000 Y91.291000 Z-0.125000
G01 X116.032000 Y91.291000 Z-0.125000
G01 X114.121000 Y91.291000 Z-0.125000
G01 X110.645000 Y97.375000 Z-0.125000
G01 X107.169000 Y103.459700 Z-0.125000
G01 X107.078000 Y97.375000 Z-0.125000
G01 X106.987000 Y91.291000 Z-0.125000
G01 X105.206000 Y91.239000 Z-0.125000
G01 X103.426000 Y91.187000 Z-0.125000
G01 X103.426000 Y100.147000 Z-0.125000
G00 Z5.000000

(End cutting path id: path8334)


(Start cutting path id: path8334)
(Change tool to Default tool)

G00 Z5.000000
G00 X103.558000 Y108.675500

G01 Z-0.125000 F100.0(Penetrate)
G01 X103.702000 Y108.819600 Z-0.125000 F400.000000
G01 X104.157000 Y108.956000 Z-0.125000
G01 X104.334000 Y108.914600 Z-0.125000
G01 X104.323000 Y108.804000 Z-0.125000
G01 X103.796000 Y108.277900 Z-0.125000
G01 X103.558000 Y107.721300 Z-0.125000
G01 X103.618000 Y107.562300 Z-0.125000
G01 X103.796000 Y107.641800 Z-0.125000
G01 X104.849000 Y108.694000 Z-0.125000
G01 X105.397000 Y108.924700 Z-0.125000
G01 X105.551000 Y108.859700 Z-0.125000
G01 X105.469000 Y108.678400 Z-0.125000
G01 X103.796000 Y107.005700 Z-0.125000
G01 X103.558000 Y106.449100 Z-0.125000
G01 X103.618000 Y106.290100 Z-0.125000
G01 X103.796000 Y106.369600 Z-0.125000
G01 X106.090000 Y108.662700 Z-0.125000
G01 X106.638000 Y108.893400 Z-0.125000
G01 X106.792000 Y108.828400 Z-0.125000
G01 X106.710000 Y108.647100 Z-0.125000
G01 X103.796000 Y105.733500 Z-0.125000
G01 X103.558000 Y105.176900 Z-0.125000
G01 X103.618000 Y105.017900 Z-0.125000
G01 X103.796000 Y105.097400 Z-0.125000
G01 X107.250000 Y108.550900 Z-0.125000
G01 X107.465000 Y108.666500 Z-0.125000
G01 X107.604000 Y108.586700 Z-0.125000
G01 X107.624000 Y108.387700 Z-0.125000
G01 X107.481000 Y108.145500 Z-0.125000
G01 X103.796000 Y104.461300 Z-0.125000
G01 X103.558000 Y103.904700 Z-0.125000
G01 X103.618000 Y103.745700 Z-0.125000
G01 X103.796000 Y103.825200 Z-0.125000
G01 X107.711000 Y107.740100 Z-0.125000
G01 X107.926000 Y107.855700 Z-0.125000
G01 X108.065000 Y107.776000 Z-0.125000
G01 X108.085000 Y107.577000 Z-0.125000
G01 X107.942000 Y107.334700 Z-0.125000
G01 X103.796000 Y103.189000 Z-0.125000
G01 X103.558000 Y102.632000 Z-0.125000
G01 X103.618000 Y102.473000 Z-0.125000
G01 X103.796000 Y102.553000 Z-0.125000
G01 X108.173000 Y106.929400 Z-0.125000
G01 X108.388000 Y107.044900 Z-0.125000
G01 X108.527000 Y106.965200 Z-0.125000
G01 X108.546000 Y106.766200 Z-0.125000
G01 X108.404000 Y106.524000 Z-0.125000
G01 X103.796000 Y101.917000 Z-0.125000
G01 X103.558000 Y101.360000 Z-0.125000
G01 X103.618000 Y101.201000 Z-0.125000
G01 X103.796000 Y101.281000 Z-0.125000
G01 X108.634000 Y106.118600 Z-0.125000
G01 X108.849000 Y106.234100 Z-0.125000
G01 X108.988000 Y106.154400 Z-0.125000
G01 X109.008000 Y105.955400 Z-0.125000
G01 X108.865000 Y105.713200 Z-0.125000
G01 X103.796000 Y100.645000 Z-0.125000
G01 X103.558000 Y100.088000 Z-0.125000
G01 X103.618000 Y99.929000 Z-0.125000
G01 X103.796000 Y100.009000 Z-0.125000
G01 X106.795000 Y103.007000 Z-0.125000
G01 X106.973000 Y103.085000 Z-0.125000
G01 X107.029000 Y102.923000 Z-0.125000
G01 X106.785000 Y102.361000 Z-0.125000
G01 X103.796000 Y99.372000 Z-0.125000
G01 X103.558000 Y98.816000 Z-0.125000
G01 X103.617000 Y98.657000 Z-0.125000
G01 X103.796000 Y98.736000 Z-0.125000
G01 X106.775000 Y101.716000 Z-0.125000
G01 X106.953000 Y101.794000 Z-0.125000
G01 X107.009000 Y101.631000 Z-0.125000
G01 X106.765000 Y101.070000 Z-0.125000
G01 X103.796000 Y98.100000 Z-0.125000
G01 X103.557000 Y97.544000 Z-0.125000
G01 X103.617000 Y97.385000 Z-0.125000
G01 X103.796000 Y97.464000 Z-0.125000
G01 X106.756000 Y100.424000 Z-0.125000
G01 X106.933000 Y100.502000 Z-0.125000
G01 X106.989000 Y100.340000 Z-0.125000
G01 X106.746000 Y99.778000 Z-0.125000
G01 X103.796000 Y96.828000 Z-0.125000
G01 X103.557000 Y96.272000 Z-0.125000
G01 X103.617000 Y96.113000 Z-0.125000
G01 X103.796000 Y96.192000 Z-0.125000
G01 X106.736000 Y99.132000 Z-0.125000
G01 X106.913000 Y99.210000 Z-0.125000
G01 X106.970000 Y99.048000 Z-0.125000
G01 X106.726000 Y98.487000 Z-0.125000
G01 X103.795000 Y95.556000 Z-0.125000
G01 X103.557000 Y94.999000 Z-0.125000
G01 X103.616000 Y94.840000 Z-0.125000
G01 X103.795000 Y94.920000 Z-0.125000
G01 X106.716000 Y97.841000 Z-0.125000
G01 X106.894000 Y97.919000 Z-0.125000
G01 X106.950000 Y97.757000 Z-0.125000
G01 X106.706000 Y97.195000 Z-0.125000
G01 X103.795000 Y94.284000 Z-0.125000
G01 X103.557000 Y93.727000 Z-0.125000
G01 X103.616000 Y93.568000 Z-0.125000
G01 X103.795000 Y93.648000 Z-0.125000
G01 X106.697000 Y96.549000 Z-0.125000
G01 X106.874000 Y96.627000 Z-0.125000
G01 X106.930000 Y96.465000 Z-0.125000
G01 X106.687000 Y95.904000 Z-0.125000
G01 X103.795000 Y93.012000 Z-0.125000
G01 X103.556000 Y92.455000 Z-0.125000
G01 X103.616000 Y92.296000 Z-0.125000
G01 X103.795000 Y92.376000 Z-0.125000
G01 X106.677000 Y95.258000 Z-0.125000
G01 X106.854000 Y95.336000 Z-0.125000
G01 X106.911000 Y95.173000 Z-0.125000
G01 X106.667000 Y94.612000 Z-0.125000
G01 X103.794000 Y91.739000 Z-0.125000
G01 X103.689000 Y91.535000 Z-0.125000
G01 X103.792000 Y91.419000 Z-0.125000
G01 X104.014000 Y91.422000 Z-0.125000
G01 X104.266000 Y91.575000 Z-0.125000
G01 X106.657000 Y93.966000 Z-0.125000
G01 X106.835000 Y94.044000 Z-0.125000
G01 X106.891000 Y93.882000 Z-0.125000
G01 X106.647000 Y93.320000 Z-0.125000
G01 X104.921000 Y91.594000 Z-0.125000
G01 X104.838000 Y91.412000 Z-0.125000
G01 X104.990000 Y91.345000 Z-0.125000
G01 X105.535000 Y91.572000 Z-0.125000
G01 X106.638000 Y92.675000 Z-0.125000
G01 X106.815000 Y92.753000 Z-0.125000
G01 X106.871000 Y92.590000 Z-0.125000
G01 X106.628000 Y92.029000 Z-0.125000
G01 X106.097000 Y91.498000 Z-0.125000
G01 X106.321000 Y91.404000 Z-0.125000
G01 X106.752000 Y91.518000 Z-0.125000
G01 X106.856000 Y91.621000 Z-0.125000
G00 Z5.000000

(End cutting path id: path8334)


(Start cutting path id: path8334)
(Change tool to Default tool)

G00 Z5.000000
G00 X138.175000 Y108.942900

G01 Z-0.125000 F100.0(Penetrate)
G01 X138.010000 Y108.778200 Z-0.125000 F400.000000
G01 X137.924000 Y108.373700 Z-0.125000
G01 X138.019000 Y108.250100 Z-0.125000
G01 X138.167000 Y108.298700 Z-0.125000
G01 X138.587000 Y108.718700 Z-0.125000
G01 X139.145000 Y108.959300 Z-0.125000
G01 X139.306000 Y108.901100 Z-0.125000
G01 X139.227000 Y108.722900 Z-0.125000
G01 X138.399000 Y107.895100 Z-0.125000
G01 X138.245000 Y107.641700 Z-0.125000
G01 X138.240000 Y107.417900 Z-0.125000
G01 X138.354000 Y107.313500 Z-0.125000
G01 X138.558000 Y107.417800 Z-0.125000
G01 X139.864000 Y108.724000 Z-0.125000
G01 X140.421000 Y108.962500 Z-0.125000
G01 X140.580000 Y108.902900 Z-0.125000
G01 X140.500000 Y108.724000 Z-0.125000
G01 X138.717000 Y106.940400 Z-0.125000
G01 X138.563000 Y106.686900 Z-0.125000
G01 X138.558000 Y106.463300 Z-0.125000
G01 X138.672000 Y106.359000 Z-0.125000
G01 X138.876000 Y106.463400 Z-0.125000
G01 X141.136000 Y108.724000 Z-0.125000
G01 X141.364000 Y108.851700 Z-0.125000
G01 X141.529000 Y108.798700 Z-0.125000
G01 X141.576000 Y108.626500 Z-0.125000
G01 X141.445000 Y108.396400 Z-0.125000
G01 X139.036000 Y105.987000 Z-0.125000
G01 X138.882000 Y105.733600 Z-0.125000
G01 X138.877000 Y105.510200 Z-0.125000
G01 X138.991000 Y105.406100 Z-0.125000
G01 X139.195000 Y105.510600 Z-0.125000
G01 X141.585000 Y107.900600 Z-0.125000
G01 X141.786000 Y108.002000 Z-0.125000
G01 X141.894000 Y107.891200 Z-0.125000
G01 X141.726000 Y107.404800 Z-0.125000
G01 X139.355000 Y105.034100 Z-0.125000
G01 X139.201000 Y104.780800 Z-0.125000
G01 X139.196000 Y104.557400 Z-0.125000
G01 X139.311000 Y104.453300 Z-0.125000
G01 X139.515000 Y104.557700 Z-0.125000
G01 X141.866000 Y106.909000 Z-0.125000
G01 X142.067000 Y107.010400 Z-0.125000
G01 X142.174000 Y106.899600 Z-0.125000
G01 X142.006000 Y106.413100 Z-0.125000
G01 X139.674000 Y104.081300 Z-0.125000
G01 X139.520000 Y103.828000 Z-0.125000
G01 X139.516000 Y103.604600 Z-0.125000
G01 X139.630000 Y103.500400 Z-0.125000
G01 X139.834000 Y103.604900 Z-0.125000
G01 X142.146000 Y105.917300 Z-0.125000
G01 X142.347000 Y106.018800 Z-0.125000
G01 X142.455000 Y105.908000 Z-0.125000
G01 X142.287000 Y105.421500 Z-0.125000
G01 X139.994000 Y103.128000 Z-0.125000
G01 X139.840000 Y102.875000 Z-0.125000
G01 X139.835000 Y102.652000 Z-0.125000
G01 X139.949000 Y102.548000 Z-0.125000
G01 X140.153000 Y102.652000 Z-0.125000
G01 X142.427000 Y104.925700 Z-0.125000
G01 X142.628000 Y105.027100 Z-0.125000
G01 X142.736000 Y104.916300 Z-0.125000
G01 X142.567000 Y104.429900 Z-0.125000
G01 X140.313000 Y102.176000 Z-0.125000
G01 X140.159000 Y101.922000 Z-0.125000
G01 X140.154000 Y101.699000 Z-0.125000
G01 X140.269000 Y101.595000 Z-0.125000
G01 X140.473000 Y101.699000 Z-0.125000
G01 X142.707000 Y103.934000 Z-0.125000
G01 X142.908000 Y104.035500 Z-0.125000
G01 X143.016000 Y103.924700 Z-0.125000
G01 X142.848000 Y103.438200 Z-0.125000
G01 X140.632000 Y101.223000 Z-0.125000
G01 X140.478000 Y100.970000 Z-0.125000
G01 X140.474000 Y100.746000 Z-0.125000
G01 X140.588000 Y100.642000 Z-0.125000
G01 X140.792000 Y100.747000 Z-0.125000
G01 X142.988000 Y102.942000 Z-0.125000
G01 X143.189000 Y103.044000 Z-0.125000
G01 X143.297000 Y102.933000 Z-0.125000
G01 X143.128000 Y102.447000 Z-0.125000
G01 X140.953000 Y100.271000 Z-0.125000
G01 X140.799000 Y100.018000 Z-0.125000
G01 X140.794000 Y99.794000 Z-0.125000
G01 X140.909000 Y99.691000 Z-0.125000
G01 X141.113000 Y99.795000 Z-0.125000
G01 X143.270000 Y101.952000 Z-0.125000
G01 X143.471000 Y102.054000 Z-0.125000
G01 X143.579000 Y101.943000 Z-0.125000
G01 X143.412000 Y101.458000 Z-0.125000
G01 X141.273000 Y99.319000 Z-0.125000
G01 X141.119000 Y99.066000 Z-0.125000
G01 X141.115000 Y98.843000 Z-0.125000
G01 X141.230000 Y98.739000 Z-0.125000
G01 X141.434000 Y98.844000 Z-0.125000
G01 X143.553000 Y100.963000 Z-0.125000
G01 X143.754000 Y101.065000 Z-0.125000
G01 X143.863000 Y100.955000 Z-0.125000
G01 X143.695000 Y100.469000 Z-0.125000
G01 X141.594000 Y98.368000 Z-0.125000
G01 X141.440000 Y98.115000 Z-0.125000
G01 X141.436000 Y97.892000 Z-0.125000
G01 X141.550000 Y97.788000 Z-0.125000
G01 X141.754000 Y97.892000 Z-0.125000
G01 X143.837000 Y99.974000 Z-0.125000
G01 X144.038000 Y100.077000 Z-0.125000
G01 X144.148000 Y99.967000 Z-0.125000
G01 X143.981000 Y99.483000 Z-0.125000
G01 X141.915000 Y97.416000 Z-0.125000
G01 X141.761000 Y97.163000 Z-0.125000
G01 X141.756000 Y96.940000 Z-0.125000
G01 X141.871000 Y96.836000 Z-0.125000
G01 X142.075000 Y96.941000 Z-0.125000
G01 X144.126000 Y98.992000 Z-0.125000
G01 X144.328000 Y99.094000 Z-0.125000
G01 X144.437000 Y98.985000 Z-0.125000
G01 X144.271000 Y98.501000 Z-0.125000
G01 X142.236000 Y96.465000 Z-0.125000
G01 X142.082000 Y96.212000 Z-0.125000
G01 X142.077000 Y95.989000 Z-0.125000
G01 X142.192000 Y95.885000 Z-0.125000
G01 X142.396000 Y95.989000 Z-0.125000
G01 X144.416000 Y98.009000 Z-0.125000
G01 X144.618000 Y98.112000 Z-0.125000
G01 X144.729000 Y98.005000 Z-0.125000
G01 X144.565000 Y97.523000 Z-0.125000
G01 X142.556000 Y95.514000 Z-0.125000
G01 X142.402000 Y95.260000 Z-0.125000
G01 X142.398000 Y95.037000 Z-0.125000
G01 X142.513000 Y94.933000 Z-0.125000
G01 X142.717000 Y95.038000 Z-0.125000
G01 X144.716000 Y97.037000 Z-0.125000
G01 X144.918000 Y97.140000 Z-0.125000
G01 X145.029000 Y97.032000 Z-0.125000
G01 X144.866000 Y96.551000 Z-0.125000
G01 X142.878000 Y94.563000 Z-0.125000
G01 X142.724000 Y94.310000 Z-0.125000
G01 X142.720000 Y94.087000 Z-0.125000
G01 X142.835000 Y93.983000 Z-0.125000
G01 X143.039000 Y94.088000 Z-0.125000
G01 X145.269000 Y96.318000 Z-0.125000
G00 Z5.000000

(End cutting path id: path8334)


(Start cutting path id: path8334)
(Change tool to Default tool)

G00 Z5.000000
G00 X149.119000 Y108.436800

G01 Z-0.125000 F100.0(Penetrate)
G01 X149.405000 Y108.722600 Z-0.125000 F400.000000
G01 X149.961000 Y108.961200 Z-0.125000
G01 X150.121000 Y108.901700 Z-0.125000
G01 X150.041000 Y108.722800 Z-0.125000
G01 X149.105000 Y107.786700 Z-0.125000
G01 X148.740000 Y107.103800 Z-0.125000
G01 X148.713000 Y106.858000 Z-0.125000
G01 X148.852000 Y106.898000 Z-0.125000
G01 X150.677000 Y108.723000 Z-0.125000
G01 X151.234000 Y108.961700 Z-0.125000
G01 X151.393000 Y108.902100 Z-0.125000
G01 X151.314000 Y108.723200 Z-0.125000
G01 X148.600000 Y106.009400 Z-0.125000
G01 X148.235000 Y105.326500 Z-0.125000
G01 X148.208000 Y105.080700 Z-0.125000
G01 X148.347000 Y105.120700 Z-0.125000
G01 X151.950000 Y108.723500 Z-0.125000
G01 X152.507000 Y108.962100 Z-0.125000
G01 X152.666000 Y108.902500 Z-0.125000
G01 X152.586000 Y108.723700 Z-0.125000
G01 X148.095000 Y104.232100 Z-0.125000
G01 X147.730000 Y103.549200 Z-0.125000
G01 X147.703000 Y103.303400 Z-0.125000
G01 X147.842000 Y103.343500 Z-0.125000
G01 X152.620000 Y108.121000 Z-0.125000
G01 X152.747000 Y108.149100 Z-0.125000
G01 X152.694000 Y107.877000 Z-0.125000
G01 X152.291000 Y107.155900 Z-0.125000
G01 X147.587000 Y102.453000 Z-0.125000
G01 X147.220000 Y101.767000 Z-0.125000
G01 X147.192000 Y101.520000 Z-0.125000
G01 X147.330000 Y101.559000 Z-0.125000
G01 X151.962000 Y106.190800 Z-0.125000
G01 X152.089000 Y106.218900 Z-0.125000
G01 X152.036000 Y105.946800 Z-0.125000
G01 X151.633000 Y105.225700 Z-0.125000
G01 X147.073000 Y100.666000 Z-0.125000
G01 X146.702000 Y99.977000 Z-0.125000
G01 X146.671000 Y99.727000 Z-0.125000
G01 X146.808000 Y99.765000 Z-0.125000
G01 X151.304000 Y104.260500 Z-0.125000
G01 X151.431000 Y104.288600 Z-0.125000
G01 X151.378000 Y104.016500 Z-0.125000
G01 X150.975000 Y103.295400 Z-0.125000
G01 X146.541000 Y98.861000 Z-0.125000
G01 X146.164000 Y98.166000 Z-0.125000
G01 X146.128000 Y97.912000 Z-0.125000
G01 X146.264000 Y97.948000 Z-0.125000
G01 X150.646000 Y102.330000 Z-0.125000
G01 X150.773000 Y102.359000 Z-0.125000
G01 X150.720000 Y102.087000 Z-0.125000
G01 X150.318000 Y101.366000 Z-0.125000
G01 X145.739000 Y96.788000 Z-0.125000
G00 Z5.000000

(End cutting path id: path8334)


(Start cutting path id: path8334)
(Change tool to Default tool)

G00 Z5.000000
G00 X165.079000 Y106.587400

G01 Z-0.125000 F100.0(Penetrate)
G01 X166.200000 Y107.708000 Z-0.125000 F400.000000
G01 X167.026000 Y108.216200 Z-0.125000
G01 X167.371000 Y108.342000 Z-0.125000
G01 X167.375000 Y108.247400 Z-0.125000
G01 X164.730000 Y105.602100 Z-0.125000
G01 X164.370000 Y104.923900 Z-0.125000
G01 X164.346000 Y104.681400 Z-0.125000
G01 X164.487000 Y104.722900 Z-0.125000
G01 X168.177000 Y108.412800 Z-0.125000
G01 X168.747000 Y108.664800 Z-0.125000
G01 X168.915000 Y108.614400 Z-0.125000
G01 X168.840000 Y108.439700 Z-0.125000
G01 X164.318000 Y103.917300 Z-0.125000
G01 X164.018000 Y103.299500 Z-0.125000
G01 X164.035000 Y103.098000 Z-0.125000
G01 X164.195000 Y103.159000 Z-0.125000
G01 X169.486000 Y108.449800 Z-0.125000
G01 X170.041000 Y108.686600 Z-0.125000
G01 X170.199000 Y108.625800 Z-0.125000
G01 X170.119000 Y108.446400 Z-0.125000
G01 X164.115000 Y102.443000 Z-0.125000
G01 X163.850000 Y101.859000 Z-0.125000
G01 X163.891000 Y101.682000 Z-0.125000
G01 X164.062000 Y101.753000 Z-0.125000
G01 X170.732000 Y108.423600 Z-0.125000
G01 X171.252000 Y108.625900 Z-0.125000
G01 X171.386000 Y108.541300 Z-0.125000
G01 X171.296000 Y108.351100 Z-0.125000
G01 X169.014000 Y106.069200 Z-0.125000
G01 X168.979000 Y105.935100 Z-0.125000
G01 X169.237000 Y105.973900 Z-0.125000
G01 X169.936000 Y106.355700 Z-0.125000
G01 X171.774000 Y108.193500 Z-0.125000
G01 X172.019000 Y108.339200 Z-0.125000
G01 X172.224000 Y108.325800 Z-0.125000
G01 X172.310000 Y108.193100 Z-0.125000
G01 X172.198000 Y107.981000 Z-0.125000
G01 X170.499000 Y106.282300 Z-0.125000
G01 X170.390000 Y106.073900 Z-0.125000
G01 X170.484000 Y105.949400 Z-0.125000
G01 X170.698000 Y105.944100 Z-0.125000
G01 X170.946000 Y106.093500 Z-0.125000
G01 X172.600000 Y107.746800 Z-0.125000
G01 X172.837000 Y107.884300 Z-0.125000
G01 X173.024000 Y107.852800 Z-0.125000
G01 X173.092000 Y107.702000 Z-0.125000
G01 X172.971000 Y107.481600 Z-0.125000
G01 X171.319000 Y105.830100 Z-0.125000
G01 X171.188000 Y105.599700 Z-0.125000
G01 X171.234000 Y105.426800 Z-0.125000
G01 X171.399000 Y105.373100 Z-0.125000
G01 X171.626000 Y105.500500 Z-0.125000
G01 X173.309000 Y107.184400 Z-0.125000
G01 X173.537000 Y107.312300 Z-0.125000
G01 X173.703000 Y107.259700 Z-0.125000
G01 X173.750000 Y107.087800 Z-0.125000
G01 X173.619000 Y106.857900 Z-0.125000
G01 X171.869000 Y105.107400 Z-0.125000
G01 X171.718000 Y104.857400 Z-0.125000
G01 X171.721000 Y104.641500 Z-0.125000
G01 X171.843000 Y104.544800 Z-0.125000
G01 X172.050000 Y104.652600 Z-0.125000
G01 X173.900000 Y106.502700 Z-0.125000
G01 X174.118000 Y106.621800 Z-0.125000
G01 X174.265000 Y106.549900 Z-0.125000
G01 X174.293000 Y106.358700 Z-0.125000
G01 X174.153000 Y106.120000 Z-0.125000
G01 X172.184000 Y104.150900 Z-0.125000
G01 X171.994000 Y103.642700 Z-0.125000
G01 X172.087000 Y103.516900 Z-0.125000
G01 X172.281000 Y103.611600 Z-0.125000
G01 X174.378000 Y105.708200 Z-0.125000
G01 X174.588000 Y105.818900 Z-0.125000
G01 X174.716000 Y105.728500 Z-0.125000
G01 X174.725000 Y105.518800 Z-0.125000
G01 X174.577000 Y105.271700 Z-0.125000
G01 X172.347000 Y103.041000 Z-0.125000
G01 X172.132000 Y102.508000 Z-0.125000
G01 X172.208000 Y102.365000 Z-0.125000
G01 X172.394000 Y102.452000 Z-0.125000
G01 X174.754000 Y104.812100 Z-0.125000
G01 X174.957000 Y104.915800 Z-0.125000
G01 X175.070000 Y104.810000 Z-0.125000
G01 X175.063000 Y104.585000 Z-0.125000
G01 X174.909000 Y104.330900 Z-0.125000
G01 X172.422000 Y101.844000 Z-0.125000
G01 X172.191000 Y101.296000 Z-0.125000
G01 X172.257000 Y101.142000 Z-0.125000
G01 X172.438000 Y101.224000 Z-0.125000
G01 X175.043000 Y103.829600 Z-0.125000
G01 X175.241000 Y103.927300 Z-0.125000
G01 X175.340000 Y103.808200 Z-0.125000
G01 X175.160000 Y103.309700 Z-0.125000
G01 X172.445000 Y100.595000 Z-0.125000
G01 X172.208000 Y100.040000 Z-0.125000
G01 X172.268000 Y99.882000 Z-0.125000
G01 X172.447000 Y99.962000 Z-0.125000
G01 X175.258000 Y102.773000 Z-0.125000
G01 X175.450000 Y102.865000 Z-0.125000
G01 X175.538000 Y102.735000 Z-0.125000
G01 X175.341000 Y102.220000 Z-0.125000
G01 X172.441000 Y99.319000 Z-0.125000
G01 X172.197000 Y98.757000 Z-0.125000
G01 X172.253000 Y98.595000 Z-0.125000
G01 X172.430000 Y98.672000 Z-0.125000
G01 X175.410000 Y101.652000 Z-0.125000
G01 X175.596000 Y101.739000 Z-0.125000
G01 X175.672000 Y101.597000 Z-0.125000
G01 X175.458000 Y101.064000 Z-0.125000
G01 X172.405000 Y98.011000 Z-0.125000
G01 X172.144000 Y97.432000 Z-0.125000
G01 X172.188000 Y97.258000 Z-0.125000
G01 X172.360000 Y97.330000 Z-0.125000
G01 X175.487000 Y100.457000 Z-0.125000
G01 X175.668000 Y100.539000 Z-0.125000
G01 X175.733000 Y100.385000 Z-0.125000
G01 X175.501000 Y99.835000 Z-0.125000
G01 X172.283000 Y96.617000 Z-0.125000
G01 X171.927000 Y95.943000 Z-0.125000
G01 X171.907000 Y95.704000 Z-0.125000
G01 X172.049000 Y95.747000 Z-0.125000
G01 X175.501000 Y99.199000 Z-0.125000
G01 X175.676000 Y99.275000 Z-0.125000
G01 X175.727000 Y99.107000 Z-0.125000
G01 X175.476000 Y98.538000 Z-0.125000
G01 X168.325000 Y91.387000 Z-0.125000
G01 X167.842000 Y91.222000 Z-0.125000
G01 X167.734000 Y91.333000 Z-0.125000
G01 X167.837000 Y91.535000 Z-0.125000
G01 X169.697000 Y93.395000 Z-0.125000
G01 X169.780000 Y93.577000 Z-0.125000
G01 X169.626000 Y93.642000 Z-0.125000
G01 X169.078000 Y93.412000 Z-0.125000
G01 X167.384000 Y91.718000 Z-0.125000
G01 X167.140000 Y91.573000 Z-0.125000
G01 X166.936000 Y91.588000 Z-0.125000
G01 X166.852000 Y91.723000 Z-0.125000
G01 X166.966000 Y91.936000 Z-0.125000
G01 X168.595000 Y93.565000 Z-0.125000
G01 X168.713000 Y93.783000 Z-0.125000
G01 X168.639000 Y93.927000 Z-0.125000
G01 X168.445000 Y93.952000 Z-0.125000
G01 X168.206000 Y93.812000 Z-0.125000
G01 X166.578000 Y92.185000 Z-0.125000
G01 X166.344000 Y92.050000 Z-0.125000
G01 X166.162000 Y92.086000 Z-0.125000
G01 X166.100000 Y92.243000 Z-0.125000
G01 X166.223000 Y92.465000 Z-0.125000
G01 X167.881000 Y94.123000 Z-0.125000
G01 X168.019000 Y94.360000 Z-0.125000
G01 X167.988000 Y94.548000 Z-0.125000
G01 X167.838000 Y94.617000 Z-0.125000
G01 X167.618000 Y94.496000 Z-0.125000
G01 X165.900000 Y92.778000 Z-0.125000
G01 X165.675000 Y92.652000 Z-0.125000
G01 X165.514000 Y92.710000 Z-0.125000
G01 X165.473000 Y92.888000 Z-0.125000
G01 X165.606000 Y93.120000 Z-0.125000
G01 X167.423000 Y94.937000 Z-0.125000
G01 X167.595000 Y95.428000 Z-0.125000
G01 X167.490000 Y95.541000 Z-0.125000
G01 X167.291000 Y95.441000 Z-0.125000
G01 X165.344000 Y93.495000 Z-0.125000
G01 X165.129000 Y93.379000 Z-0.125000
G01 X164.989000 Y93.457000 Z-0.125000
G01 X164.968000 Y93.655000 Z-0.125000
G01 X165.110000 Y93.897000 Z-0.125000
G01 X167.199000 Y95.985000 Z-0.125000
G01 X167.416000 Y96.521000 Z-0.125000
G01 X167.342000 Y96.665000 Z-0.125000
G01 X167.156000 Y96.579000 Z-0.125000
G01 X164.903000 Y94.326000 Z-0.125000
G01 X164.696000 Y94.218000 Z-0.125000
G01 X164.574000 Y94.315000 Z-0.125000
G01 X164.571000 Y94.531000 Z-0.125000
G01 X164.722000 Y94.781000 Z-0.125000
G01 X167.101000 Y97.160000 Z-0.125000
G01 X167.328000 Y97.705000 Z-0.125000
G01 X167.261000 Y97.856000 Z-0.125000
G01 X167.078000 Y97.773000 Z-0.125000
G01 X164.566000 Y95.261000 Z-0.125000
G01 X164.366000 Y95.160000 Z-0.125000
G01 X164.260000 Y95.273000 Z-0.125000
G01 X164.430000 Y95.761000 Z-0.125000
G01 X167.066000 Y98.397000 Z-0.125000
G01 X167.302000 Y98.951000 Z-0.125000
G01 X167.241000 Y99.108000 Z-0.125000
G01 X167.061000 Y99.028000 Z-0.125000
G01 X164.319000 Y96.287000 Z-0.125000
G01 X164.124000 Y96.191000 Z-0.125000
G01 X164.028000 Y96.313000 Z-0.125000
G01 X164.214000 Y96.817000 Z-0.125000
G01 X167.056000 Y99.660000 Z-0.125000
G01 X167.297000 Y100.219000 Z-0.125000
G01 X167.239000 Y100.380000 Z-0.125000
G01 X167.061000 Y100.301000 Z-0.125000
G01 X164.153000 Y97.392000 Z-0.125000
G01 X163.965000 Y97.304000 Z-0.125000
G01 X163.885000 Y97.442000 Z-0.125000
G01 X164.094000 Y97.970000 Z-0.125000
G01 X167.065000 Y100.941000 Z-0.125000
G01 X167.311000 Y101.505000 Z-0.125000
G01 X167.257000 Y101.669000 Z-0.125000
G01 X167.080000 Y101.592000 Z-0.125000
G01 X164.057000 Y98.569000 Z-0.125000
G01 X163.874000 Y98.485000 Z-0.125000
G01 X163.804000 Y98.634000 Z-0.125000
G01 X164.028000 Y99.176000 Z-0.125000
G01 X167.109000 Y102.257000 Z-0.125000
G01 X167.378000 Y102.843000 Z-0.125000
G01 X167.339000 Y103.023000 Z-0.125000
G01 X167.169000 Y102.953000 Z-0.125000
G01 X164.019000 Y99.802000 Z-0.125000
G01 X163.840000 Y99.723000 Z-0.125000
G01 X163.780000 Y99.882000 Z-0.125000
G01 X164.019000 Y100.439000 Z-0.125000
G01 X167.258000 Y103.677700 Z-0.125000
G01 X167.755000 Y104.493300 Z-0.125000
G01 X167.874000 Y104.830400 Z-0.125000
G01 X167.776000 Y104.831800 Z-0.125000
G01 X163.781000 Y100.837000 Z-0.125000
G00 Z5.000000

(End cutting path id: path8334)


(Start cutting path id: path8334)
(Change tool to Default tool)

G00 Z5.000000
G00 X171.000000 Y94.260000

G01 Z-0.125000 F100.0(Penetrate)
G01 X171.516000 Y94.948000 Z-0.125000 F400.000000
G01 X171.848000 Y96.010000 Z-0.125000
G01 X172.026000 Y97.600000 Z-0.125000
G01 X172.078000 Y99.873000 Z-0.125000
G01 X172.026000 Y102.146000 Z-0.125000
G01 X171.848000 Y103.736200 Z-0.125000
G01 X171.516000 Y104.797800 Z-0.125000
G01 X171.000000 Y105.485900 Z-0.125000
G01 X170.421000 Y105.847900 Z-0.125000
G01 X169.779000 Y105.993900 Z-0.125000
G01 X169.138000 Y105.920200 Z-0.125000
G01 X168.562000 Y105.623200 Z-0.125000
G01 X167.989000 Y104.978700 Z-0.125000
G01 X167.643000 Y103.980000 Z-0.125000
G01 X167.473000 Y102.365000 Z-0.125000
G01 X167.428000 Y99.873000 Z-0.125000
G01 X167.473000 Y97.381000 Z-0.125000
G01 X167.643000 Y95.766000 Z-0.125000
G01 X167.989000 Y94.768000 Z-0.125000
G01 X168.562000 Y94.123000 Z-0.125000
G01 X169.138000 Y93.826000 Z-0.125000
G01 X169.779000 Y93.752000 Z-0.125000
G01 X170.421000 Y93.898000 Z-0.125000
G01 X171.000000 Y94.260000 Z-0.125000
G01 X171.000000 Y94.260000 Z-0.125000
G00 Z5.000000

(End cutting path id: path8334)


(Start cutting path id: path8334)
(Change tool to Default tool)

G00 Z5.000000
G00 X167.564000 Y91.167000

G01 Z-0.125000 F100.0(Penetrate)
G01 X166.606000 Y91.612000 Z-0.125000 F400.000000
G01 X165.792000 Y92.220000 Z-0.125000
G01 X165.115000 Y93.001000 Z-0.125000
G01 X164.573000 Y93.966000 Z-0.125000
G01 X164.159000 Y95.125000 Z-0.125000
G01 X163.870000 Y96.488000 Z-0.125000
G01 X163.644000 Y99.873000 Z-0.125000
G01 X163.847000 Y103.099000 Z-0.125000
G01 X164.107000 Y104.416700 Z-0.125000
G01 X164.478000 Y105.550300 Z-0.125000
G01 X164.964000 Y106.509600 Z-0.125000
G01 X165.569000 Y107.304400 Z-0.125000
G01 X166.297000 Y107.944500 Z-0.125000
G01 X167.152000 Y108.439400 Z-0.125000
G01 X168.174000 Y108.744800 Z-0.125000
G01 X169.802000 Y108.819400 Z-0.125000
G01 X171.499000 Y108.734000 Z-0.125000
G01 X172.618000 Y108.271600 Z-0.125000
G01 X173.804000 Y107.357000 Z-0.125000
G01 X174.708000 Y106.059800 Z-0.125000
G01 X175.352000 Y104.339600 Z-0.125000
G01 X175.754000 Y102.156000 Z-0.125000
G01 X175.840000 Y98.636000 Z-0.125000
G01 X175.640000 Y96.800000 Z-0.125000
G01 X175.302000 Y95.229000 Z-0.125000
G01 X174.821000 Y93.915000 Z-0.125000
G01 X174.188000 Y92.848000 Z-0.125000
G01 X173.399000 Y92.021000 Z-0.125000
G01 X172.446000 Y91.425000 Z-0.125000
G01 X171.322000 Y91.050000 Z-0.125000
G01 X170.022000 Y90.888000 Z-0.125000
G01 X168.641000 Y90.913000 Z-0.125000
G01 X167.565000 Y91.167000 Z-0.125000
G01 X167.564000 Y91.167000 Z-0.125000
G00 Z5.000000

(End cutting path id: path8334)


(Start cutting path id: path8334)
(Change tool to Default tool)

G00 Z5.000000
G00 X168.747000 Y81.630000

G01 Z-0.125000 F100.0(Penetrate)
G01 X168.900000 Y81.783000 Z-0.125000 F400.000000
G01 X169.372000 Y81.936000 Z-0.125000
G01 X169.552000 Y81.898000 Z-0.125000
G01 X169.536000 Y81.783000 Z-0.125000
G01 X168.986000 Y81.232000 Z-0.125000
G01 X168.747000 Y80.676000 Z-0.125000
G01 X168.807000 Y80.517000 Z-0.125000
G01 X168.986000 Y80.596000 Z-0.125000
G01 X170.087000 Y81.697000 Z-0.125000
G01 X170.643000 Y81.935000 Z-0.125000
G01 X170.802000 Y81.876000 Z-0.125000
G01 X170.722000 Y81.697000 Z-0.125000
G01 X168.986000 Y79.960000 Z-0.125000
G01 X168.747000 Y79.404000 Z-0.125000
G01 X168.807000 Y79.245000 Z-0.125000
G01 X168.986000 Y79.324000 Z-0.125000
G01 X171.358000 Y81.696000 Z-0.125000
G01 X171.914000 Y81.934000 Z-0.125000
G01 X172.073000 Y81.875000 Z-0.125000
G01 X171.993000 Y81.696000 Z-0.125000
G01 X168.986000 Y78.688000 Z-0.125000
G01 X168.747000 Y78.131000 Z-0.125000
G01 X168.807000 Y77.972000 Z-0.125000
G01 X168.986000 Y78.052000 Z-0.125000
G01 X172.628000 Y81.694000 Z-0.125000
G01 X173.183000 Y81.931000 Z-0.125000
G01 X173.341000 Y81.870000 Z-0.125000
G01 X173.261000 Y81.691000 Z-0.125000
G01 X168.986000 Y77.415000 Z-0.125000
G01 X168.747000 Y76.859000 Z-0.125000
G01 X168.807000 Y76.700000 Z-0.125000
G01 X168.986000 Y76.779000 Z-0.125000
G01 X173.888000 Y81.682000 Z-0.125000
G01 X174.439000 Y81.914000 Z-0.125000
G01 X174.594000 Y81.850000 Z-0.125000
G01 X174.512000 Y81.670000 Z-0.125000
G01 X168.986000 Y76.143000 Z-0.125000
G01 X168.747000 Y75.586000 Z-0.125000
G01 X168.807000 Y75.427000 Z-0.125000
G01 X168.986000 Y75.507000 Z-0.125000
G01 X175.131000 Y81.652000 Z-0.125000
G01 X175.674000 Y81.877000 Z-0.125000
G01 X175.823000 Y81.808000 Z-0.125000
G01 X175.739000 Y81.625000 Z-0.125000
G01 X173.267000 Y79.152000 Z-0.125000
G01 X173.187000 Y78.973000 Z-0.125000
G01 X173.346000 Y78.914000 Z-0.125000
G01 X173.903000 Y79.152000 Z-0.125000
G01 X176.337000 Y81.587000 Z-0.125000
G01 X176.869000 Y81.800000 Z-0.125000
G01 X177.010000 Y81.722000 Z-0.125000
G01 X176.922000 Y81.535000 Z-0.125000
G01 X174.539000 Y79.152000 Z-0.125000
G01 X174.458000 Y78.972000 Z-0.125000
G01 X174.615000 Y78.910000 Z-0.125000
G01 X175.168000 Y79.146000 Z-0.125000
G01 X177.490000 Y81.468000 Z-0.125000
G01 X178.002000 Y81.662000 Z-0.125000
G01 X178.130000 Y81.571000 Z-0.125000
G01 X178.037000 Y81.378000 Z-0.125000
G01 X175.785000 Y79.127000 Z-0.125000
G01 X175.700000 Y78.942000 Z-0.125000
G01 X175.846000 Y78.869000 Z-0.125000
G01 X176.384000 Y79.089000 Z-0.125000
G01 X178.557000 Y81.262000 Z-0.125000
G01 X179.041000 Y81.428000 Z-0.125000
G01 X179.150000 Y81.318000 Z-0.125000
G01 X179.048000 Y81.117000 Z-0.125000
G01 X176.946000 Y79.015000 Z-0.125000
G01 X176.848000 Y78.817000 Z-0.125000
G01 X176.966000 Y78.717000 Z-0.125000
G01 X177.463000 Y78.896000 Z-0.125000
G01 X179.502000 Y80.935000 Z-0.125000
G01 X179.747000 Y81.080000 Z-0.125000
G01 X179.950000 Y81.065000 Z-0.125000
G01 X180.034000 Y80.930000 Z-0.125000
G01 X179.920000 Y80.717000 Z-0.125000
G01 X177.920000 Y78.717000 Z-0.125000
G01 X177.804000 Y78.502000 Z-0.125000
G01 X177.883000 Y78.362000 Z-0.125000
G01 X178.082000 Y78.342000 Z-0.125000
G01 X178.324000 Y78.484000 Z-0.125000
G01 X180.303000 Y80.464000 Z-0.125000
G01 X180.537000 Y80.599000 Z-0.125000
G01 X180.720000 Y80.562000 Z-0.125000
G01 X180.783000 Y80.407000 Z-0.125000
G01 X180.659000 Y80.184000 Z-0.125000
G01 X178.682000 Y78.207000 Z-0.125000
G01 X178.553000 Y77.979000 Z-0.125000
G01 X178.605000 Y77.811000 Z-0.125000
G01 X178.775000 Y77.763000 Z-0.125000
G01 X179.004000 Y77.893000 Z-0.125000
G01 X180.994000 Y79.883000 Z-0.125000
G01 X181.223000 Y80.012000 Z-0.125000
G01 X181.391000 Y79.961000 Z-0.125000
G01 X181.440000 Y79.792000 Z-0.125000
G01 X181.311000 Y79.563000 Z-0.125000
G01 X179.286000 Y77.538000 Z-0.125000
G01 X179.144000 Y77.297000 Z-0.125000
G01 X179.165000 Y77.100000 Z-0.125000
G01 X179.306000 Y77.021000 Z-0.125000
G01 X179.521000 Y77.138000 Z-0.125000
G01 X181.603000 Y79.219000 Z-0.125000
G01 X181.824000 Y79.341000 Z-0.125000
G01 X181.975000 Y79.274000 Z-0.125000
G01 X182.008000 Y79.087000 Z-0.125000
G01 X181.871000 Y78.851000 Z-0.125000
G01 X179.705000 Y76.685000 Z-0.125000
G01 X179.532000 Y76.194000 Z-0.125000
G01 X179.637000 Y76.081000 Z-0.125000
G01 X179.836000 Y76.181000 Z-0.125000
G01 X182.117000 Y78.461000 Z-0.125000
G01 X182.331000 Y78.576000 Z-0.125000
G01 X182.468000 Y78.494000 Z-0.125000
G01 X182.486000 Y78.294000 Z-0.125000
G01 X182.343000 Y78.051000 Z-0.125000
G01 X179.939000 Y75.647000 Z-0.125000
G01 X179.735000 Y75.125000 Z-0.125000
G01 X179.818000 Y74.990000 Z-0.125000
G01 X180.008000 Y75.080000 Z-0.125000
G01 X182.545000 Y77.617000 Z-0.125000
G01 X182.753000 Y77.725000 Z-0.125000
G01 X182.875000 Y77.629000 Z-0.125000
G01 X182.878000 Y77.413000 Z-0.125000
G01 X182.727000 Y77.163000 Z-0.125000
G01 X180.052000 Y74.488000 Z-0.125000
G01 X179.830000 Y73.948000 Z-0.125000
G01 X179.901000 Y73.801000 Z-0.125000
G01 X180.085000 Y73.885000 Z-0.125000
G01 X182.897000 Y76.697000 Z-0.125000
G01 X183.096000 Y76.797000 Z-0.125000
G01 X183.202000 Y76.684000 Z-0.125000
G01 X183.030000 Y76.194000 Z-0.125000
G01 X180.106000 Y73.269000 Z-0.125000
G01 X179.869000 Y72.714000 Z-0.125000
G01 X179.929000 Y72.556000 Z-0.125000
G01 X180.109000 Y72.636000 Z-0.125000
G01 X183.148000 Y75.676000 Z-0.125000
G01 X183.342000 Y75.770000 Z-0.125000
G01 X183.434000 Y75.644000 Z-0.125000
G01 X183.244000 Y75.135000 Z-0.125000
G01 X180.070000 Y71.962000 Z-0.125000
G01 X179.723000 Y71.297000 Z-0.125000
G01 X179.708000 Y71.063000 Z-0.125000
G01 X179.854000 Y71.109000 Z-0.125000
G01 X183.318000 Y74.574000 Z-0.125000
G01 X183.504000 Y74.660000 Z-0.125000
G01 X183.580000 Y74.517000 Z-0.125000
G01 X183.365000 Y73.984000 Z-0.125000
G01 X179.433000 Y70.052000 Z-0.125000
G00 Z5.000000

(End cutting path id: path8334)


(Start cutting path id: path8334)
(Change tool to Default tool)

G00 Z5.000000
G00 X186.327000 Y73.122000

G01 Z-0.125000 F100.0(Penetrate)
G01 X186.327000 Y82.069000 Z-0.125000 F400.000000
G01 X192.901000 Y82.069000 Z-0.125000
G01 X199.475000 Y82.069000 Z-0.125000
G01 X199.475000 Y80.335000 Z-0.125000
G01 X199.475000 Y78.600000 Z-0.125000
G01 X194.818000 Y78.600000 Z-0.125000
G01 X190.162000 Y78.600000 Z-0.125000
G01 X190.162000 Y76.865000 Z-0.125000
G01 X190.162000 Y75.130000 Z-0.125000
G01 X194.453000 Y75.130000 Z-0.125000
G01 X198.744000 Y75.130000 Z-0.125000
G01 X198.744000 Y73.487000 Z-0.125000
G01 X198.744000 Y71.844000 Z-0.125000
G01 X194.453000 Y71.844000 Z-0.125000
G01 X190.162000 Y71.844000 Z-0.125000
G01 X190.162000 Y69.652000 Z-0.125000
G01 X190.162000 Y67.461000 Z-0.125000
G01 X195.092000 Y67.461000 Z-0.125000
G01 X200.022000 Y67.461000 Z-0.125000
G01 X200.022000 Y65.818000 Z-0.125000
G01 X200.022000 Y64.174000 Z-0.125000
G01 X193.175000 Y64.174000 Z-0.125000
G01 X186.327000 Y64.174000 Z-0.125000
G01 X186.327000 Y73.122000 Z-0.125000
G00 Z5.000000

(End cutting path id: path8334)


(Start cutting path id: path8334)
(Change tool to Default tool)

G00 Z5.000000
G00 X186.459000 Y74.533000

G01 Z-0.125000 F100.0(Penetrate)
G01 X189.791000 Y77.865000 Z-0.125000 F400.000000
G01 X189.970000 Y77.944000 Z-0.125000
G01 X190.030000 Y77.785000 Z-0.125000
G01 X189.791000 Y77.229000 Z-0.125000
G01 X186.698000 Y74.136000 Z-0.125000
G01 X186.459000 Y73.579000 Z-0.125000
G01 X186.519000 Y73.420000 Z-0.125000
G01 X186.698000 Y73.499000 Z-0.125000
G01 X189.791000 Y76.592000 Z-0.125000
G01 X189.970000 Y76.672000 Z-0.125000
G01 X190.030000 Y76.513000 Z-0.125000
G01 X189.791000 Y75.956000 Z-0.125000
G01 X186.698000 Y72.863000 Z-0.125000
G01 X186.459000 Y72.307000 Z-0.125000
G01 X186.519000 Y72.148000 Z-0.125000
G01 X186.698000 Y72.227000 Z-0.125000
G01 X189.791000 Y75.320000 Z-0.125000
G01 X189.981000 Y75.411000 Z-0.125000
G01 X190.067000 Y75.278000 Z-0.125000
G01 X189.865000 Y74.758000 Z-0.125000
G01 X186.698000 Y71.591000 Z-0.125000
G01 X186.459000 Y71.035000 Z-0.125000
G01 X186.519000 Y70.876000 Z-0.125000
G01 X186.698000 Y70.955000 Z-0.125000
G01 X190.501000 Y74.758000 Z-0.125000
G01 X191.058000 Y74.997000 Z-0.125000
G01 X191.217000 Y74.937000 Z-0.125000
G01 X191.137000 Y74.758000 Z-0.125000
G01 X186.698000 Y70.319000 Z-0.125000
G01 X186.459000 Y69.762000 Z-0.125000
G01 X186.519000 Y69.603000 Z-0.125000
G01 X186.698000 Y69.683000 Z-0.125000
G01 X191.773000 Y74.758000 Z-0.125000
G01 X192.330000 Y74.997000 Z-0.125000
G01 X192.489000 Y74.937000 Z-0.125000
G01 X192.409000 Y74.758000 Z-0.125000
G01 X186.698000 Y69.047000 Z-0.125000
G01 X186.459000 Y68.490000 Z-0.125000
G01 X186.519000 Y68.331000 Z-0.125000
G01 X186.698000 Y68.411000 Z-0.125000
G01 X193.046000 Y74.758000 Z-0.125000
G01 X193.602000 Y74.997000 Z-0.125000
G01 X193.761000 Y74.937000 Z-0.125000
G01 X193.682000 Y74.758000 Z-0.125000
G01 X191.136000 Y72.213000 Z-0.125000
G01 X191.057000 Y72.034000 Z-0.125000
G01 X191.216000 Y71.975000 Z-0.125000
G01 X191.773000 Y72.213000 Z-0.125000
G01 X194.318000 Y74.758000 Z-0.125000
G01 X194.874000 Y74.997000 Z-0.125000
G01 X195.033000 Y74.937000 Z-0.125000
G01 X194.954000 Y74.758000 Z-0.125000
G01 X192.409000 Y72.213000 Z-0.125000
G01 X192.329000 Y72.034000 Z-0.125000
G01 X192.488000 Y71.975000 Z-0.125000
G01 X193.045000 Y72.213000 Z-0.125000
G01 X195.590000 Y74.758000 Z-0.125000
G01 X196.147000 Y74.997000 Z-0.125000
G01 X196.306000 Y74.937000 Z-0.125000
G01 X196.226000 Y74.758000 Z-0.125000
G01 X193.681000 Y72.213000 Z-0.125000
G01 X193.601000 Y72.034000 Z-0.125000
G01 X193.760000 Y71.975000 Z-0.125000
G01 X194.317000 Y72.213000 Z-0.125000
G01 X196.862000 Y74.758000 Z-0.125000
G01 X197.419000 Y74.997000 Z-0.125000
G01 X197.578000 Y74.937000 Z-0.125000
G01 X197.498000 Y74.758000 Z-0.125000
G01 X194.953000 Y72.213000 Z-0.125000
G01 X194.874000 Y72.034000 Z-0.125000
G01 X195.033000 Y71.975000 Z-0.125000
G01 X195.589000 Y72.213000 Z-0.125000
G01 X198.134000 Y74.758000 Z-0.125000
G01 X198.351000 Y74.875000 Z-0.125000
G01 X198.492000 Y74.798000 Z-0.125000
G01 X198.515000 Y74.602000 Z-0.125000
G01 X198.373000 Y74.361000 Z-0.125000
G01 X196.225000 Y72.213000 Z-0.125000
G01 X196.146000 Y72.034000 Z-0.125000
G01 X196.305000 Y71.975000 Z-0.125000
G01 X196.861000 Y72.213000 Z-0.125000
G01 X198.373000 Y73.725000 Z-0.125000
G01 X198.552000 Y73.804000 Z-0.125000
G01 X198.612000 Y73.645000 Z-0.125000
G01 X198.373000 Y73.089000 Z-0.125000
G01 X197.497000 Y72.213000 Z-0.125000
G01 X197.418000 Y72.034000 Z-0.125000
G01 X197.577000 Y71.975000 Z-0.125000
G01 X198.134000 Y72.213000 Z-0.125000
G01 X198.571000 Y72.651000 Z-0.125000
G01 X198.571000 Y72.015000 Z-0.125000
G01 X198.531000 Y71.975000 Z-0.125000
G00 Z5.000000

(End cutting path id: path8334)


(Start cutting path id: path8334)
(Change tool to Default tool)

G00 Z5.000000
G00 X186.462000 Y81.530000

G01 Z-0.125000 F100.0(Penetrate)
G01 X186.665000 Y81.733000 Z-0.125000 F400.000000
G01 X187.186000 Y81.936000 Z-0.125000
G01 X187.354000 Y81.885000 Z-0.125000
G01 X187.301000 Y81.733000 Z-0.125000
G01 X186.701000 Y81.132000 Z-0.125000
G01 X186.462000 Y80.576000 Z-0.125000
G01 X186.522000 Y80.417000 Z-0.125000
G01 X186.701000 Y80.496000 Z-0.125000
G01 X187.901000 Y81.697000 Z-0.125000
G01 X188.458000 Y81.936000 Z-0.125000
G01 X188.617000 Y81.876000 Z-0.125000
G01 X188.537000 Y81.697000 Z-0.125000
G01 X186.701000 Y79.860000 Z-0.125000
G01 X186.462000 Y79.304000 Z-0.125000
G01 X186.522000 Y79.145000 Z-0.125000
G01 X186.701000 Y79.224000 Z-0.125000
G01 X189.174000 Y81.697000 Z-0.125000
G01 X189.730000 Y81.936000 Z-0.125000
G01 X189.889000 Y81.876000 Z-0.125000
G01 X189.810000 Y81.697000 Z-0.125000
G01 X186.701000 Y78.588000 Z-0.125000
G01 X186.462000 Y78.031000 Z-0.125000
G01 X186.522000 Y77.872000 Z-0.125000
G01 X186.701000 Y77.952000 Z-0.125000
G01 X190.446000 Y81.697000 Z-0.125000
G01 X191.002000 Y81.936000 Z-0.125000
G01 X191.161000 Y81.876000 Z-0.125000
G01 X191.082000 Y81.697000 Z-0.125000
G01 X186.701000 Y77.316000 Z-0.125000
G01 X186.462000 Y76.759000 Z-0.125000
G01 X186.522000 Y76.600000 Z-0.125000
G01 X186.701000 Y76.680000 Z-0.125000
G01 X191.718000 Y81.697000 Z-0.125000
G01 X192.275000 Y81.936000 Z-0.125000
G01 X192.434000 Y81.876000 Z-0.125000
G01 X192.354000 Y81.697000 Z-0.125000
G01 X186.701000 Y76.044000 Z-0.125000
G01 X186.462000 Y75.487000 Z-0.125000
G01 X186.522000 Y75.328000 Z-0.125000
G01 X186.701000 Y75.408000 Z-0.125000
G01 X192.990000 Y81.697000 Z-0.125000
G01 X193.547000 Y81.936000 Z-0.125000
G01 X193.706000 Y81.876000 Z-0.125000
G01 X193.626000 Y81.697000 Z-0.125000
G01 X190.898000 Y78.969000 Z-0.125000
G01 X190.819000 Y78.790000 Z-0.125000
G01 X190.978000 Y78.731000 Z-0.125000
G01 X191.535000 Y78.969000 Z-0.125000
G01 X194.262000 Y81.697000 Z-0.125000
G01 X194.819000 Y81.936000 Z-0.125000
G01 X194.978000 Y81.876000 Z-0.125000
G01 X194.898000 Y81.697000 Z-0.125000
G01 X192.171000 Y78.969000 Z-0.125000
G01 X192.091000 Y78.790000 Z-0.125000
G01 X192.250000 Y78.731000 Z-0.125000
G01 X192.807000 Y78.969000 Z-0.125000
G01 X195.535000 Y81.697000 Z-0.125000
G01 X196.091000 Y81.936000 Z-0.125000
G01 X196.250000 Y81.876000 Z-0.125000
G01 X196.171000 Y81.697000 Z-0.125000
G01 X193.443000 Y78.969000 Z-0.125000
G01 X193.363000 Y78.790000 Z-0.125000
G01 X193.522000 Y78.731000 Z-0.125000
G01 X194.079000 Y78.969000 Z-0.125000
G01 X196.807000 Y81.697000 Z-0.125000
G01 X197.363000 Y81.936000 Z-0.125000
G01 X197.522000 Y81.876000 Z-0.125000
G01 X197.443000 Y81.697000 Z-0.125000
G01 X194.715000 Y78.969000 Z-0.125000
G01 X194.636000 Y78.790000 Z-0.125000
G01 X194.795000 Y78.731000 Z-0.125000
G01 X195.351000 Y78.969000 Z-0.125000
G01 X198.079000 Y81.697000 Z-0.125000
G01 X198.636000 Y81.936000 Z-0.125000
G01 X198.795000 Y81.876000 Z-0.125000
G01 X198.715000 Y81.697000 Z-0.125000
G01 X195.987000 Y78.969000 Z-0.125000
G01 X195.908000 Y78.790000 Z-0.125000
G01 X196.067000 Y78.731000 Z-0.125000
G01 X196.623000 Y78.969000 Z-0.125000
G01 X199.106000 Y81.452000 Z-0.125000
G01 X199.285000 Y81.532000 Z-0.125000
G01 X199.345000 Y81.373000 Z-0.125000
G01 X199.106000 Y80.816000 Z-0.125000
G01 X197.259000 Y78.969000 Z-0.125000
G01 X197.180000 Y78.790000 Z-0.125000
G01 X197.339000 Y78.731000 Z-0.125000
G01 X197.896000 Y78.969000 Z-0.125000
G01 X199.106000 Y80.180000 Z-0.125000
G01 X199.285000 Y80.260000 Z-0.125000
G01 X199.345000 Y80.101000 Z-0.125000
G01 X199.106000 Y79.544000 Z-0.125000
G01 X198.501000 Y78.939000 Z-0.125000
G01 X198.445000 Y78.783000 Z-0.125000
G01 X198.611000 Y78.731000 Z-0.125000
G01 X199.137000 Y78.939000 Z-0.125000
G01 X199.345000 Y79.146000 Z-0.125000
G00 Z5.000000

(End cutting path id: path8334)


(Start cutting path id: path8334)
(Change tool to Default tool)

G00 Z5.000000
G00 X199.636000 Y91.086000

G01 Z-0.125000 F100.0(Penetrate)
G01 X198.238000 Y91.794000 Z-0.125000 F400.000000
G01 X197.204000 Y92.752000 Z-0.125000
G01 X196.447000 Y94.116000 Z-0.125000
G01 X195.908000 Y95.852000 Z-0.125000
G01 X195.589000 Y97.833000 Z-0.125000
G01 X195.489000 Y99.936000 Z-0.125000
G01 X195.606000 Y102.035000 Z-0.125000
G01 X195.941000 Y104.004800 Z-0.125000
G01 X196.493000 Y105.721300 Z-0.125000
G01 X197.262000 Y107.059200 Z-0.125000
G01 X198.449000 Y108.065200 Z-0.125000
G01 X200.022000 Y108.694500 Z-0.125000
G01 X201.798000 Y108.901800 Z-0.125000
G01 X203.598000 Y108.641900 Z-0.125000
G01 X204.974000 Y107.969500 Z-0.125000
G01 X206.105000 Y106.842500 Z-0.125000
G01 X206.963000 Y105.297100 Z-0.125000
G01 X207.521000 Y103.369500 Z-0.125000
G01 X207.665000 Y101.824000 Z-0.125000
G01 X207.687000 Y99.726000 Z-0.125000
G01 X207.597000 Y97.606000 Z-0.125000
G01 X207.403000 Y95.996000 Z-0.125000
G01 X207.076000 Y94.771000 Z-0.125000
G01 X206.634000 Y93.715000 Z-0.125000
G01 X206.075000 Y92.826000 Z-0.125000
G01 X205.400000 Y92.102000 Z-0.125000
G01 X204.605000 Y91.543000 Z-0.125000
G01 X203.691000 Y91.148000 Z-0.125000
G01 X202.655000 Y90.914000 Z-0.125000
G01 X201.496000 Y90.842000 Z-0.125000
G01 X199.636000 Y91.086000 Z-0.125000
G01 X199.636000 Y91.086000 Z-0.125000
G00 Z5.000000

(End cutting path id: path8334)


(Start cutting path id: path8334)
(Change tool to Default tool)

G00 Z5.000000
G00 X202.943000 Y94.275000

G01 Z-0.125000 F100.0(Penetrate)
G01 X203.456000 Y94.963000 Z-0.125000 F400.000000
G01 X203.762000 Y95.945000 Z-0.125000
G01 X203.909000 Y97.491000 Z-0.125000
G01 X203.948000 Y99.873000 Z-0.125000
G01 X203.781000 Y103.691800 Z-0.125000
G01 X203.513000 Y104.671800 Z-0.125000
G01 X203.069000 Y105.366300 Z-0.125000
G01 X202.562000 Y105.754500 Z-0.125000
G01 X201.834000 Y105.936600 Z-0.125000
G01 X201.055000 Y105.925400 Z-0.125000
G01 X200.437000 Y105.547400 Z-0.125000
G01 X199.877000 Y104.927200 Z-0.125000
G01 X199.558000 Y104.012600 Z-0.125000
G01 X199.416000 Y102.447000 Z-0.125000
G01 X199.383000 Y99.873000 Z-0.125000
G01 X199.440000 Y96.781000 Z-0.125000
G01 X199.624000 Y95.360000 Z-0.125000
G01 X200.229000 Y94.385000 Z-0.125000
G01 X201.101000 Y93.842000 Z-0.125000
G01 X202.063000 Y93.786000 Z-0.125000
G01 X202.525000 Y93.959000 Z-0.125000
G01 X202.943000 Y94.275000 Z-0.125000
G01 X202.943000 Y94.275000 Z-0.125000
G00 Z5.000000

(End cutting path id: path8334)


(Start cutting path id: path8334)
(Change tool to Default tool)

G00 Z5.000000
G00 X205.103000 Y91.904000

G01 Z-0.125000 F100.0(Penetrate)
G01 X205.954000 Y92.755000 Z-0.125000 F400.000000
G00 Z5.000000

(End cutting path id: path8334)


(Start cutting path id: path8334)
(Change tool to Default tool)

G00 Z5.000000
G00 X212.896000 Y91.080000

G01 Z-0.125000 F100.0(Penetrate)
G01 X211.259000 Y91.818000 Z-0.125000 F400.000000
G01 X210.086000 Y92.812000 Z-0.125000
G01 X209.347000 Y94.099000 Z-0.125000
G01 X209.012000 Y95.714000 Z-0.125000
G01 X208.920000 Y96.860000 Z-0.125000
G01 X210.655000 Y96.860000 Z-0.125000
G01 X212.390000 Y96.860000 Z-0.125000
G01 X212.503000 Y96.037000 Z-0.125000
G01 X212.775000 Y95.057000 Z-0.125000
G01 X213.282000 Y94.342000 Z-0.125000
G01 X214.008000 Y93.905000 Z-0.125000
G01 X214.941000 Y93.757000 Z-0.125000
G01 X215.935000 Y93.959000 Z-0.125000
G01 X216.701000 Y94.531000 Z-0.125000
G01 X217.195000 Y95.418000 Z-0.125000
G01 X217.370000 Y96.566000 Z-0.125000
G01 X217.164000 Y97.540000 Z-0.125000
G01 X216.567000 Y98.262000 Z-0.125000
G01 X215.607000 Y98.712000 Z-0.125000
G01 X214.311000 Y98.868000 Z-0.125000
G01 X213.535000 Y98.869000 Z-0.125000
G01 X213.535000 Y100.238000 Z-0.125000
G01 X213.535000 Y101.608000 Z-0.125000
G01 X214.405000 Y101.608000 Z-0.125000
G01 X215.629000 Y101.826000 Z-0.125000
G01 X216.480000 Y102.432000 Z-0.125000
G01 X216.898000 Y103.354200 Z-0.125000
G01 X216.824000 Y104.519900 Z-0.125000
G01 X216.372000 Y105.339100 Z-0.125000
G01 X215.617000 Y105.844000 Z-0.125000
G01 X214.689000 Y105.985400 Z-0.125000
G01 X213.714000 Y105.714200 Z-0.125000
G01 X213.011000 Y105.086200 Z-0.125000
G01 X212.652000 Y103.927300 Z-0.125000
G01 X212.520000 Y103.160000 Z-0.125000
G01 X210.882000 Y103.160000 Z-0.125000
G01 X209.244000 Y103.160000 Z-0.125000
G01 X209.281000 Y103.963600 Z-0.125000
G01 X209.540000 Y105.363900 Z-0.125000
G01 X210.150000 Y106.621900 Z-0.125000
G01 X211.061000 Y107.661900 Z-0.125000
G01 X212.221000 Y108.408300 Z-0.125000
G01 X213.274000 Y108.720200 Z-0.125000
G01 X214.904000 Y108.808200 Z-0.125000
G01 X216.740000 Y108.674600 Z-0.125000
G01 X218.163000 Y108.224400 Z-0.125000
G01 X219.240000 Y107.424700 Z-0.125000
G01 X220.036000 Y106.242600 Z-0.125000
G01 X220.492000 Y104.779700 Z-0.125000
G01 X220.483000 Y103.327800 Z-0.125000
G01 X220.029000 Y102.020000 Z-0.125000
G01 X219.155000 Y100.988000 Z-0.125000
G01 X218.797000 Y100.654000 Z-0.125000
G01 X218.778000 Y100.514000 Z-0.125000
G01 X219.676000 Y99.918000 Z-0.125000
G01 X220.285000 Y99.230000 Z-0.125000
G01 X220.723000 Y98.408000 Z-0.125000
G01 X220.989000 Y97.491000 Z-0.125000
G01 X221.082000 Y96.515000 Z-0.125000
G01 X221.003000 Y95.519000 Z-0.125000
G01 X220.750000 Y94.539000 Z-0.125000
G01 X220.325000 Y93.612000 Z-0.125000
G01 X219.727000 Y92.776000 Z-0.125000
G01 X218.844000 Y91.954000 Z-0.125000
G01 X217.842000 Y91.379000 Z-0.125000
G01 X216.670000 Y91.031000 Z-0.125000
G01 X215.280000 Y90.889000 Z-0.125000
G01 X213.875000 Y90.917000 Z-0.125000
G01 X212.896000 Y91.080000 Z-0.125000
G01 X212.896000 Y91.080000 Z-0.125000
G00 Z5.000000

(End cutting path id: path8334)


(Start cutting path id: path8334)
(Change tool to Default tool)

G00 Z5.000000
G00 X214.402000 Y91.022000

G01 Z-0.125000 F100.0(Penetrate)
G01 X220.622000 Y97.242000 Z-0.125000 F400.000000
G01 X220.814000 Y97.334000 Z-0.125000
G01 X220.901000 Y97.202000 Z-0.125000
G01 X220.702000 Y96.686000 Z-0.125000
G01 X215.238000 Y91.221000 Z-0.125000
G01 X215.167000 Y91.051000 Z-0.125000
G01 X215.346000 Y91.012000 Z-0.125000
G01 X215.931000 Y91.279000 Z-0.125000
G01 X220.713000 Y96.061000 Z-0.125000
G01 X220.882000 Y96.130000 Z-0.125000
G01 X220.919000 Y95.948000 Z-0.125000
G01 X220.647000 Y95.358000 Z-0.125000
G01 X216.644000 Y91.356000 Z-0.125000
G01 X216.593000 Y91.205000 Z-0.125000
G01 X216.814000 Y91.208000 Z-0.125000
G01 X217.462000 Y91.537000 Z-0.125000
G01 X220.456000 Y94.532000 Z-0.125000
G01 X220.578000 Y94.554000 Z-0.125000
G01 X220.511000 Y94.268000 Z-0.125000
G01 X220.089000 Y93.528000 Z-0.125000
G01 X218.185000 Y91.624000 Z-0.125000
G00 Z5.000000

(End cutting path id: path8334)


(Start cutting path id: path8334)
(Change tool to Default tool)

G00 Z5.000000
G00 X214.036000 Y101.474000

G01 Z-0.125000 F100.0(Penetrate)
G01 X213.852000 Y101.289000 Z-0.125000 F400.000000
G01 X213.667000 Y100.787000 Z-0.125000
G01 X213.713000 Y100.614000 Z-0.125000
G01 X213.852000 Y100.653000 Z-0.125000
G01 X214.438000 Y101.240000 Z-0.125000
G01 X215.112000 Y101.596000 Z-0.125000
G01 X215.352000 Y101.617000 Z-0.125000
G01 X215.309000 Y101.474000 Z-0.125000
G01 X213.906000 Y100.071000 Z-0.125000
G01 X213.667000 Y99.514000 Z-0.125000
G01 X213.727000 Y99.355000 Z-0.125000
G01 X213.906000 Y99.435000 Z-0.125000
G01 X219.894000 Y105.422800 Z-0.125000
G01 X220.095000 Y105.525300 Z-0.125000
G01 X220.206000 Y105.416800 Z-0.125000
G01 X220.040000 Y104.933700 Z-0.125000
G01 X214.344000 Y99.238000 Z-0.125000
G01 X214.263000 Y99.057000 Z-0.125000
G01 X214.418000 Y98.993000 Z-0.125000
G01 X214.968000 Y99.225000 Z-0.125000
G01 X220.136000 Y104.393400 Z-0.125000
G01 X220.321000 Y104.478800 Z-0.125000
G01 X220.393000 Y104.332500 Z-0.125000
G01 X220.173000 Y103.794400 Z-0.125000
G01 X215.532000 Y99.153000 Z-0.125000
G01 X215.433000 Y98.955000 Z-0.125000
G01 X215.548000 Y98.851000 Z-0.125000
G01 X216.041000 Y99.026000 Z-0.125000
G01 X220.112000 Y103.097000 Z-0.125000
G01 X220.268000 Y103.154000 Z-0.125000
G01 X220.279000 Y102.946000 Z-0.125000
G01 X219.970000 Y102.319000 Z-0.125000
G01 X216.494000 Y98.843000 Z-0.125000
G01 X216.377000 Y98.627000 Z-0.125000
G01 X216.454000 Y98.484000 Z-0.125000
G01 X216.649000 Y98.461000 Z-0.125000
G01 X216.890000 Y98.603000 Z-0.125000
G01 X218.451000 Y100.164000 Z-0.125000
G01 X218.696000 Y100.309000 Z-0.125000
G01 X218.901000 Y100.296000 Z-0.125000
G01 X218.987000 Y100.163000 Z-0.125000
G01 X218.874000 Y99.950000 Z-0.125000
G01 X217.218000 Y98.294000 Z-0.125000
G01 X217.079000 Y98.056000 Z-0.125000
G01 X217.109000 Y97.867000 Z-0.125000
G01 X217.257000 Y97.797000 Z-0.125000
G01 X217.477000 Y97.917000 Z-0.125000
G01 X219.234000 Y99.675000 Z-0.125000
G01 X219.465000 Y99.806000 Z-0.125000
G01 X219.639000 Y99.761000 Z-0.125000
G01 X219.693000 Y99.597000 Z-0.125000
G01 X219.566000 Y99.370000 Z-0.125000
G01 X217.655000 Y97.460000 Z-0.125000
G01 X217.449000 Y96.936000 Z-0.125000
G01 X217.532000 Y96.799000 Z-0.125000
G01 X217.721000 Y96.889000 Z-0.125000
G01 X219.857000 Y99.025000 Z-0.125000
G01 X220.075000 Y99.144000 Z-0.125000
G01 X220.221000 Y99.071000 Z-0.125000
G01 X220.248000 Y98.879000 Z-0.125000
G01 X220.108000 Y98.640000 Z-0.125000
G01 X217.706000 Y96.238000 Z-0.125000
G01 X217.288000 Y95.502000 Z-0.125000
G01 X217.225000 Y95.221000 Z-0.125000
G01 X217.348000 Y95.244000 Z-0.125000
G01 X220.320000 Y98.216000 Z-0.125000
G01 X220.525000 Y98.322000 Z-0.125000
G01 X220.643000 Y98.221000 Z-0.125000
G01 X220.642000 Y98.002000 Z-0.125000
G01 X220.490000 Y97.750000 Z-0.125000
G01 X214.035000 Y91.294000 Z-0.125000
G01 X213.516000 Y91.094000 Z-0.125000
G01 X213.383000 Y91.179000 Z-0.125000
G01 X213.474000 Y91.370000 Z-0.125000
G01 X215.828000 Y93.724000 Z-0.125000
G01 X215.859000 Y93.855000 Z-0.125000
G01 X215.595000 Y93.809000 Z-0.125000
G01 X214.886000 Y93.418000 Z-0.125000
G01 X212.981000 Y91.513000 Z-0.125000
G01 X212.730000 Y91.361000 Z-0.125000
G01 X212.512000 Y91.363000 Z-0.125000
G01 X212.414000 Y91.483000 Z-0.125000
G01 X212.521000 Y91.689000 Z-0.125000
G01 X214.248000 Y93.416000 Z-0.125000
G01 X214.347000 Y93.614000 Z-0.125000
G01 X214.229000 Y93.715000 Z-0.125000
G01 X213.733000 Y93.538000 Z-0.125000
G01 X212.083000 Y91.888000 Z-0.125000
G01 X211.840000 Y91.743000 Z-0.125000
G01 X211.638000 Y91.760000 Z-0.125000
G01 X211.555000 Y91.896000 Z-0.125000
G01 X211.669000 Y92.110000 Z-0.125000
G01 X213.300000 Y93.741000 Z-0.125000
G01 X213.423000 Y93.963000 Z-0.125000
G01 X213.359000 Y94.118000 Z-0.125000
G01 X213.176000 Y94.153000 Z-0.125000
G01 X212.941000 Y94.018000 Z-0.125000
G01 X211.281000 Y92.358000 Z-0.125000
G01 X211.046000 Y92.222000 Z-0.125000
G01 X210.864000 Y92.258000 Z-0.125000
G01 X210.800000 Y92.413000 Z-0.125000
G01 X210.923000 Y92.635000 Z-0.125000
G01 X212.647000 Y94.360000 Z-0.125000
G01 X212.790000 Y94.602000 Z-0.125000
G01 X212.770000 Y94.801000 Z-0.125000
G01 X212.631000 Y94.880000 Z-0.125000
G01 X212.416000 Y94.764000 Z-0.125000
G01 X210.596000 Y92.945000 Z-0.125000
G01 X210.372000 Y92.820000 Z-0.125000
G01 X210.211000 Y92.878000 Z-0.125000
G01 X210.170000 Y93.056000 Z-0.125000
G01 X210.304000 Y93.288000 Z-0.125000
G01 X212.245000 Y95.230000 Z-0.125000
G01 X212.429000 Y95.732000 Z-0.125000
G01 X212.332000 Y95.853000 Z-0.125000
G01 X212.136000 Y95.757000 Z-0.125000
G01 X210.048000 Y93.669000 Z-0.125000
G01 X209.835000 Y93.556000 Z-0.125000
G01 X209.701000 Y93.640000 Z-0.125000
G01 X209.687000 Y93.844000 Z-0.125000
G01 X209.832000 Y94.089000 Z-0.125000
G01 X212.059000 Y96.316000 Z-0.125000
G01 X212.166000 Y96.522000 Z-0.125000
G01 X212.066000 Y96.641000 Z-0.125000
G01 X211.846000 Y96.640000 Z-0.125000
G01 X211.595000 Y96.488000 Z-0.125000
G01 X209.656000 Y94.549000 Z-0.125000
G01 X209.455000 Y94.448000 Z-0.125000
G01 X209.349000 Y94.560000 Z-0.125000
G01 X209.519000 Y95.048000 Z-0.125000
G01 X210.959000 Y96.488000 Z-0.125000
G01 X211.040000 Y96.669000 Z-0.125000
G01 X210.885000 Y96.732000 Z-0.125000
G01 X210.334000 Y96.499000 Z-0.125000
G01 X209.420000 Y95.585000 Z-0.125000
G01 X209.233000 Y95.497000 Z-0.125000
G01 X209.154000 Y95.638000 Z-0.125000
G01 X209.366000 Y96.167000 Z-0.125000
G01 X209.821000 Y96.622000 Z-0.125000
G01 X209.607000 Y96.727000 Z-0.125000
G01 X209.185000 Y96.622000 Z-0.125000
G01 X209.080000 Y96.518000 Z-0.125000
G00 Z5.000000

(End cutting path id: path8334)


(Start cutting path id: path8334)
(Change tool to Default tool)

G00 Z5.000000
G00 X214.039000 Y105.930500

G01 Z-0.125000 F100.0(Penetrate)
G01 X216.425000 Y108.316800 Z-0.125000 F400.000000
G01 X216.925000 Y108.498100 Z-0.125000
G01 X217.044000 Y108.399100 Z-0.125000
G01 X216.947000 Y108.202300 Z-0.125000
G01 X215.102000 Y106.357300 Z-0.125000
G01 X215.011000 Y106.166800 Z-0.125000
G01 X215.144000 Y106.081600 Z-0.125000
G01 X215.664000 Y106.283000 Z-0.125000
G01 X217.432000 Y108.051000 Z-0.125000
G01 X217.680000 Y108.200100 Z-0.125000
G01 X217.893000 Y108.194400 Z-0.125000
G01 X217.987000 Y108.069400 Z-0.125000
G01 X217.878000 Y107.860700 Z-0.125000
G01 X216.124000 Y106.107300 Z-0.125000
G01 X216.005000 Y105.888900 Z-0.125000
G01 X216.077000 Y105.742200 Z-0.125000
G01 X216.268000 Y105.714800 Z-0.125000
G01 X216.507000 Y105.854200 Z-0.125000
G01 X218.277000 Y107.624200 Z-0.125000
G01 X218.513000 Y107.760200 Z-0.125000
G01 X218.697000 Y107.725500 Z-0.125000
G01 X218.761000 Y107.571500 Z-0.125000
G01 X218.639000 Y107.349700 Z-0.125000
G01 X216.820000 Y105.531300 Z-0.125000
G01 X216.679000 Y105.290700 Z-0.125000
G01 X216.702000 Y105.095400 Z-0.125000
G01 X216.845000 Y105.019300 Z-0.125000
G01 X217.062000 Y105.136500 Z-0.125000
G01 X218.958000 Y107.033300 Z-0.125000
G01 X219.182000 Y107.157000 Z-0.125000
G01 X219.338000 Y107.095100 Z-0.125000
G01 X219.376000 Y106.914000 Z-0.125000
G01 X219.241000 Y106.679900 Z-0.125000
G01 X217.220000 Y104.658800 Z-0.125000
G01 X217.015000 Y104.135400 Z-0.125000
G01 X217.097000 Y103.999100 Z-0.125000
G01 X217.286000 Y104.089000 Z-0.125000
G01 X219.492000 Y106.294500 Z-0.125000
G01 X219.705000 Y106.408000 Z-0.125000
G01 X219.839000 Y106.323700 Z-0.125000
G01 X219.854000 Y106.120100 Z-0.125000
G01 X219.709000 Y105.875800 Z-0.125000
G01 X216.897000 Y103.064000 Z-0.125000
G00 Z5.000000

(End cutting path id: path8334)


(Start cutting path id: path8334)
(Change tool to Default tool)

G00 Z5.000000
G00 X211.574000 Y107.914200

G01 Z-0.125000 F100.0(Penetrate)
G01 X210.310000 Y106.649900 Z-0.125000 F400.000000
G01 X209.881000 Y105.902700 Z-0.125000
G01 X209.809000 Y105.612600 Z-0.125000
G01 X209.929000 Y105.632600 Z-0.125000
G01 X212.530000 Y108.233500 Z-0.125000
G01 X213.161000 Y108.546700 Z-0.125000
G01 X213.371000 Y108.538300 Z-0.125000
G01 X213.315000 Y108.382700 Z-0.125000
G01 X209.720000 Y104.787400 Z-0.125000
G01 X209.446000 Y104.195600 Z-0.125000
G01 X209.481000 Y104.012400 Z-0.125000
G01 X209.649000 Y104.080900 Z-0.125000
G01 X213.990000 Y108.422000 Z-0.125000
G01 X214.554000 Y108.667600 Z-0.125000
G01 X214.718000 Y108.612800 Z-0.125000
G01 X214.641000 Y108.436100 Z-0.125000
G01 X209.733000 Y103.529000 Z-0.125000
G01 X209.654000 Y103.350100 Z-0.125000
G01 X209.813000 Y103.290500 Z-0.125000
G01 X210.370000 Y103.529000 Z-0.125000
G01 X215.266000 Y108.425300 Z-0.125000
G01 X215.802000 Y108.643700 Z-0.125000
G01 X215.947000 Y108.570200 Z-0.125000
G01 X215.862000 Y108.385000 Z-0.125000
G01 X211.006000 Y103.529000 Z-0.125000
G01 X210.926000 Y103.350100 Z-0.125000
G01 X211.085000 Y103.290500 Z-0.125000
G01 X211.642000 Y103.529000 Z-0.125000
G01 X212.428000 Y104.315500 Z-0.125000
G01 X212.571000 Y104.358800 Z-0.125000
G01 X212.570000 Y104.139700 Z-0.125000
G01 X212.264000 Y103.515000 Z-0.125000
G01 X212.039000 Y103.290500 Z-0.125000
G00 Z5.000000

(End cutting path id: path8334)


(Start cutting path id: path8334)
(Change tool to Default tool)

G00 Z5.000000
G00 X199.432000 Y104.041600

G01 Z-0.125000 F100.0(Penetrate)
G01 X195.867000 Y100.477000 Z-0.125000 F400.000000
G01 X195.627000 Y99.919000 Z-0.125000
G01 X195.686000 Y99.759000 Z-0.125000
G01 X195.865000 Y99.838000 Z-0.125000
G01 X199.098000 Y103.071000 Z-0.125000
G01 X199.270000 Y103.144000 Z-0.125000
G01 X199.316000 Y102.971000 Z-0.125000
G01 X199.056000 Y102.394000 Z-0.125000
G01 X195.864000 Y99.201000 Z-0.125000
G01 X195.651000 Y98.670000 Z-0.125000
G01 X195.728000 Y98.529000 Z-0.125000
G01 X195.915000 Y98.616000 Z-0.125000
G01 X199.037000 Y101.738000 Z-0.125000
G01 X199.213000 Y101.815000 Z-0.125000
G01 X199.268000 Y101.651000 Z-0.125000
G01 X199.022000 Y101.087000 Z-0.125000
G01 X195.968000 Y98.033000 Z-0.125000
G01 X195.764000 Y97.511000 Z-0.125000
G01 X195.847000 Y97.375000 Z-0.125000
G01 X196.037000 Y97.466000 Z-0.125000
G01 X199.019000 Y100.448000 Z-0.125000
G01 X199.197000 Y100.527000 Z-0.125000
G01 X199.256000 Y100.367000 Z-0.125000
G01 X199.016000 Y99.809000 Z-0.125000
G01 X196.122000 Y96.915000 Z-0.125000
G01 X195.934000 Y96.409000 Z-0.125000
G01 X196.029000 Y96.285000 Z-0.125000
G01 X196.223000 Y96.380000 Z-0.125000
G01 X199.017000 Y99.173000 Z-0.125000
G01 X199.196000 Y99.253000 Z-0.125000
G01 X199.257000 Y99.096000 Z-0.125000
G01 X199.020000 Y98.541000 Z-0.125000
G01 X196.341000 Y95.862000 Z-0.125000
G01 X196.170000 Y95.374000 Z-0.125000
G01 X196.277000 Y95.261000 Z-0.125000
G01 X196.477000 Y95.362000 Z-0.125000
G01 X199.027000 Y97.912000 Z-0.125000
G01 X199.209000 Y97.994000 Z-0.125000
G01 X199.273000 Y97.840000 Z-0.125000
G01 X199.042000 Y97.291000 Z-0.125000
G01 X196.631000 Y94.880000 Z-0.125000
G01 X196.479000 Y94.628000 Z-0.125000
G01 X196.479000 Y94.410000 Z-0.125000
G01 X196.598000 Y94.310000 Z-0.125000
G01 X196.804000 Y94.417000 Z-0.125000
G01 X199.065000 Y96.678000 Z-0.125000
G01 X199.250000 Y96.763000 Z-0.125000
G01 X199.322000 Y96.617000 Z-0.125000
G01 X199.102000 Y96.078000 Z-0.125000
G01 X197.002000 Y93.978000 Z-0.125000
G01 X196.857000 Y93.735000 Z-0.125000
G01 X196.874000 Y93.533000 Z-0.125000
G01 X197.010000 Y93.450000 Z-0.125000
G01 X197.224000 Y93.565000 Z-0.125000
G01 X199.167000 Y95.507000 Z-0.125000
G01 X199.365000 Y95.607000 Z-0.125000
G01 X199.468000 Y95.491000 Z-0.125000
G01 X199.292000 Y94.997000 Z-0.125000
G01 X197.474000 Y93.178000 Z-0.125000
G01 X197.339000 Y92.944000 Z-0.125000
G01 X197.376000 Y92.763000 Z-0.125000
G01 X197.532000 Y92.700000 Z-0.125000
G01 X197.755000 Y92.824000 Z-0.125000
G01 X199.500000 Y94.569000 Z-0.125000
G01 X199.721000 Y94.690000 Z-0.125000
G01 X199.872000 Y94.623000 Z-0.125000
G01 X199.904000 Y94.436000 Z-0.125000
G01 X199.767000 Y94.199000 Z-0.125000
G01 X198.079000 Y92.512000 Z-0.125000
G01 X197.955000 Y92.289000 Z-0.125000
G01 X198.017000 Y92.132000 Z-0.125000
G01 X198.199000 Y92.094000 Z-0.125000
G01 X198.433000 Y92.229000 Z-0.125000
G01 X200.087000 Y93.883000 Z-0.125000
G01 X200.326000 Y94.023000 Z-0.125000
G01 X200.517000 Y93.995000 Z-0.125000
G01 X200.589000 Y93.849000 Z-0.125000
G01 X200.470000 Y93.630000 Z-0.125000
G01 X198.814000 Y91.974000 Z-0.125000
G01 X198.699000 Y91.760000 Z-0.125000
G01 X198.779000 Y91.622000 Z-0.125000
G01 X198.979000 Y91.603000 Z-0.125000
G01 X199.222000 Y91.746000 Z-0.125000
G01 X200.925000 Y93.449000 Z-0.125000
G01 X201.454000 Y93.660000 Z-0.125000
G01 X201.593000 Y93.581000 Z-0.125000
G01 X201.505000 Y93.393000 Z-0.125000
G01 X199.662000 Y91.550000 Z-0.125000
G01 X199.555000 Y91.344000 Z-0.125000
G01 X199.655000 Y91.225000 Z-0.125000
G01 X199.874000 Y91.225000 Z-0.125000
G01 X200.125000 Y91.377000 Z-0.125000
G01 X207.291000 Y98.543000 Z-0.125000
G01 X207.465000 Y98.618000 Z-0.125000
G01 X207.515000 Y98.449000 Z-0.125000
G01 X207.261000 Y97.877000 Z-0.125000
G01 X200.676000 Y91.291000 Z-0.125000
G01 X200.587000 Y91.103000 Z-0.125000
G01 X200.725000 Y91.023000 Z-0.125000
G01 X201.251000 Y91.231000 Z-0.125000
G01 X207.214000 Y97.193000 Z-0.125000
G01 X207.382000 Y97.262000 Z-0.125000
G01 X207.418000 Y97.080000 Z-0.125000
G01 X207.146000 Y96.489000 Z-0.125000
G01 X201.830000 Y91.173000 Z-0.125000
G01 X201.761000 Y91.005000 Z-0.125000
G01 X201.945000 Y90.970000 Z-0.125000
G01 X202.537000 Y91.245000 Z-0.125000
G01 X207.029000 Y95.736000 Z-0.125000
G01 X207.174000 Y95.782000 Z-0.125000
G01 X207.159000 Y95.548000 Z-0.125000
G01 X206.812000 Y94.883000 Z-0.125000
G01 X203.245000 Y91.316000 Z-0.125000
G01 X203.211000 Y91.183000 Z-0.125000
G01 X203.471000 Y91.224000 Z-0.125000
G01 X204.174000 Y91.609000 Z-0.125000
G01 X206.726000 Y94.161000 Z-0.125000
G00 Z5.000000

(End cutting path id: path8334)


(Start cutting path id: path8334)
(Change tool to Default tool)

G00 Z5.000000
G00 X198.033000 Y107.734200

G01 Z-0.125000 F100.0(Penetrate)
G01 X197.392000 Y107.092500 Z-0.125000 F400.000000
G01 X196.889000 Y106.271700 Z-0.125000
G01 X196.767000 Y105.931000 Z-0.125000
G01 X196.863000 Y105.927900 Z-0.125000
G01 X199.000000 Y108.064500 Z-0.125000
G01 X199.699000 Y108.446000 Z-0.125000
G01 X199.956000 Y108.484600 Z-0.125000
G01 X199.922000 Y108.350300 Z-0.125000
G01 X196.507000 Y104.935800 Z-0.125000
G01 X196.154000 Y104.265100 Z-0.125000
G01 X196.136000 Y104.027700 Z-0.125000
G01 X196.279000 Y104.071600 Z-0.125000
G01 X200.693000 Y108.485500 Z-0.125000
G01 X201.270000 Y108.744700 Z-0.125000
G01 X201.443000 Y108.699400 Z-0.125000
G01 X201.370000 Y108.526900 Z-0.125000
G01 X196.119000 Y103.276000 Z-0.125000
G01 X195.827000 Y102.666000 Z-0.125000
G01 X195.850000 Y102.469000 Z-0.125000
G01 X196.012000 Y102.532000 Z-0.125000
G01 X201.993000 Y108.513400 Z-0.125000
G01 X202.515000 Y108.717300 Z-0.125000
G01 X202.650000 Y108.633900 Z-0.125000
G01 X202.560000 Y108.444100 Z-0.125000
G01 X195.933000 Y101.818000 Z-0.125000
G01 X195.672000 Y101.239000 Z-0.125000
G01 X195.717000 Y101.064000 Z-0.125000
G01 X195.889000 Y101.137000 Z-0.125000
G01 X203.091000 Y108.339300 Z-0.125000
G01 X203.574000 Y108.504300 Z-0.125000
G01 X203.683000 Y108.394100 Z-0.125000
G01 X203.580000 Y108.192100 Z-0.125000
G01 X201.711000 Y106.323300 Z-0.125000
G01 X201.624000 Y106.137100 Z-0.125000
G01 X201.767000 Y106.061500 Z-0.125000
G01 X202.301000 Y106.276900 Z-0.125000
G01 X204.027000 Y108.003500 Z-0.125000
G01 X204.270000 Y108.146600 Z-0.125000
G01 X204.470000 Y108.127500 Z-0.125000
G01 X204.550000 Y107.989200 Z-0.125000
G01 X204.435000 Y107.774500 Z-0.125000
G01 X202.798000 Y106.137500 Z-0.125000
G01 X202.681000 Y105.921300 Z-0.125000
G01 X202.758000 Y105.779800 Z-0.125000
G01 X202.954000 Y105.757600 Z-0.125000
G01 X203.195000 Y105.899300 Z-0.125000
G01 X204.808000 Y107.512100 Z-0.125000
G01 X205.040000 Y107.644600 Z-0.125000
G01 X205.216000 Y107.602100 Z-0.125000
G01 X205.273000 Y107.440400 Z-0.125000
G01 X205.147000 Y107.215100 Z-0.125000
G01 X203.505000 Y105.572700 Z-0.125000
G01 X203.366000 Y105.334500 Z-0.125000
G01 X203.395000 Y105.144400 Z-0.125000
G01 X203.543000 Y105.073700 Z-0.125000
G01 X203.762000 Y105.193300 Z-0.125000
G01 X205.461000 Y106.892300 Z-0.125000
G01 X205.684000 Y107.016600 Z-0.125000
G01 X205.843000 Y106.956100 Z-0.125000
G01 X205.881000 Y106.776400 Z-0.125000
G01 X205.747000 Y106.542800 Z-0.125000
G01 X203.958000 Y104.753400 Z-0.125000
G01 X203.788000 Y104.265900 Z-0.125000
G01 X203.896000 Y104.154300 Z-0.125000
G01 X204.096000 Y104.255400 Z-0.125000
G01 X206.009000 Y106.168000 Z-0.125000
G01 X206.224000 Y106.284200 Z-0.125000
G01 X206.364000 Y106.205700 Z-0.125000
G01 X206.385000 Y106.008000 Z-0.125000
G01 X206.243000 Y105.766400 Z-0.125000
G01 X204.176000 Y103.699000 Z-0.125000
G01 X203.971000 Y103.176000 Z-0.125000
G01 X204.054000 Y103.040000 Z-0.125000
G01 X204.243000 Y103.131000 Z-0.125000
G01 X206.456000 Y105.342700 Z-0.125000
G01 X206.664000 Y105.451900 Z-0.125000
G01 X206.789000 Y105.358200 Z-0.125000
G01 X206.795000 Y105.145200 Z-0.125000
G01 X206.646000 Y104.896600 Z-0.125000
G01 X204.254000 Y102.505000 Z-0.125000
G01 X204.038000 Y101.971000 Z-0.125000
G01 X204.112000 Y101.827000 Z-0.125000
G01 X204.298000 Y101.913000 Z-0.125000
G01 X206.814000 Y104.428700 Z-0.125000
G01 X207.016000 Y104.531100 Z-0.125000
G01 X207.126000 Y104.422500 Z-0.125000
G01 X206.960000 Y103.939200 Z-0.125000
G01 X204.313000 Y101.292000 Z-0.125000
G01 X204.076000 Y100.737000 Z-0.125000
G01 X204.137000 Y100.579000 Z-0.125000
G01 X204.317000 Y100.659000 Z-0.125000
G01 X207.086000 Y103.428300 Z-0.125000
G01 X207.280000 Y103.523700 Z-0.125000
G01 X207.375000 Y103.399700 Z-0.125000
G01 X207.187000 Y102.894000 Z-0.125000
G01 X204.320000 Y100.026000 Z-0.125000
G01 X204.079000 Y99.467000 Z-0.125000
G01 X204.137000 Y99.307000 Z-0.125000
G01 X204.316000 Y99.386000 Z-0.125000
G01 X207.250000 Y102.320000 Z-0.125000
G01 X207.435000 Y102.406000 Z-0.125000
G01 X207.508000 Y102.260000 Z-0.125000
G01 X207.288000 Y101.723000 Z-0.125000
G01 X204.310000 Y98.744000 Z-0.125000
G01 X204.063000 Y98.179000 Z-0.125000
G01 X204.116000 Y98.013000 Z-0.125000
G01 X204.292000 Y98.090000 Z-0.125000
G01 X207.312000 Y101.110000 Z-0.125000
G01 X207.493000 Y101.192000 Z-0.125000
G01 X207.559000 Y101.039000 Z-0.125000
G01 X207.330000 Y100.492000 Z-0.125000
G01 X204.266000 Y97.428000 Z-0.125000
G01 X204.000000 Y96.844000 Z-0.125000
G01 X204.040000 Y96.666000 Z-0.125000
G01 X204.211000 Y96.737000 Z-0.125000
G01 X207.319000 Y99.845000 Z-0.125000
G01 X207.497000 Y99.923000 Z-0.125000
G01 X207.553000 Y99.761000 Z-0.125000
G01 X207.310000 Y99.200000 Z-0.125000
G01 X203.838000 Y95.727000 Z-0.125000
G00 Z5.000000

(End cutting path id: path8334)


(Start cutting path id: path8334)
(Change tool to Default tool)

G00 Z5.000000
G00 X187.318000 Y96.740000

G01 Z-0.125000 F100.0(Penetrate)
G01 X187.278000 Y98.429000 Z-0.125000 F400.000000
G01 X187.331000 Y99.873000 Z-0.125000
G01 X190.846000 Y99.923000 Z-0.125000
G01 X194.362000 Y99.973000 Z-0.125000
G01 X194.362000 Y98.234000 Z-0.125000
G01 X194.362000 Y96.495000 Z-0.125000
G01 X190.886000 Y96.495000 Z-0.125000
G01 X188.104000 Y96.545000 Z-0.125000
G01 X187.317000 Y96.740000 Z-0.125000
G01 X187.318000 Y96.740000 Z-0.125000
G00 Z5.000000

(End cutting path id: path8334)


(Start cutting path id: path8334)
(Change tool to Default tool)

G00 Z5.000000
G00 X187.434000 Y99.043000

G01 Z-0.125000 F100.0(Penetrate)
G01 X187.905000 Y99.514000 Z-0.125000 F400.000000
G01 X188.466000 Y99.757000 Z-0.125000
G01 X188.628000 Y99.700000 Z-0.125000
G01 X188.550000 Y99.523000 Z-0.125000
G01 X187.649000 Y98.622000 Z-0.125000
G01 X187.404000 Y98.059000 Z-0.125000
G01 X187.460000 Y97.896000 Z-0.125000
G01 X187.637000 Y97.974000 Z-0.125000
G01 X189.195000 Y99.532000 Z-0.125000
G01 X189.756000 Y99.775000 Z-0.125000
G01 X189.919000 Y99.719000 Z-0.125000
G01 X189.840000 Y99.541000 Z-0.125000
G01 X187.650000 Y97.351000 Z-0.125000
G01 X187.511000 Y97.112000 Z-0.125000
G01 X187.538000 Y96.921000 Z-0.125000
G01 X187.685000 Y96.849000 Z-0.125000
G01 X187.903000 Y96.968000 Z-0.125000
G01 X190.519000 Y99.583000 Z-0.125000
G01 X191.063000 Y99.810000 Z-0.125000
G01 X191.214000 Y99.742000 Z-0.125000
G01 X191.131000 Y99.559000 Z-0.125000
G01 X188.481000 Y96.909000 Z-0.125000
G01 X188.398000 Y96.727000 Z-0.125000
G01 X188.548000 Y96.659000 Z-0.125000
G01 X189.093000 Y96.885000 Z-0.125000
G01 X191.776000 Y99.568000 Z-0.125000
G01 X192.337000 Y99.811000 Z-0.125000
G01 X192.499000 Y99.755000 Z-0.125000
G01 X192.421000 Y99.577000 Z-0.125000
G01 X189.719000 Y96.875000 Z-0.125000
G01 X189.639000 Y96.695000 Z-0.125000
G01 X189.796000 Y96.634000 Z-0.125000
G01 X190.351000 Y96.871000 Z-0.125000
G01 X193.066000 Y99.587000 Z-0.125000
G01 X193.628000 Y99.830000 Z-0.125000
G01 X193.790000 Y99.773000 Z-0.125000
G01 X193.712000 Y99.596000 Z-0.125000
G01 X190.983000 Y96.867000 Z-0.125000
G01 X190.903000 Y96.688000 Z-0.125000
G01 X191.062000 Y96.628000 Z-0.125000
G01 X191.618000 Y96.866000 Z-0.125000
G01 X193.992000 Y99.240000 Z-0.125000
G01 X194.171000 Y99.320000 Z-0.125000
G01 X194.231000 Y99.161000 Z-0.125000
G01 X193.992000 Y98.604000 Z-0.125000
G01 X192.254000 Y96.866000 Z-0.125000
G01 X192.174000 Y96.687000 Z-0.125000
G01 X192.334000 Y96.627000 Z-0.125000
G01 X192.890000 Y96.866000 Z-0.125000
G01 X193.992000 Y97.968000 Z-0.125000
G01 X194.171000 Y98.048000 Z-0.125000
G01 X194.231000 Y97.889000 Z-0.125000
G01 X193.992000 Y97.332000 Z-0.125000
G01 X193.441000 Y96.781000 Z-0.125000
G01 X193.425000 Y96.666000 Z-0.125000
G01 X193.606000 Y96.627000 Z-0.125000
G01 X194.077000 Y96.781000 Z-0.125000
G01 X194.231000 Y96.934000 Z-0.125000
G00 Z5.000000

(End cutting path id: path8334)


(Start cutting path id: path8334)
(Change tool to Default tool)

G00 Z5.000000
G00 X180.849000 Y97.220000

G01 Z-0.125000 F100.0(Penetrate)
G01 X180.849000 Y103.239600 Z-0.125000 F400.000000
G01 X178.795000 Y103.291200 Z-0.125000
G01 X176.741000 Y103.342800 Z-0.125000
G01 X176.741000 Y104.621000 Z-0.125000
G01 X176.741000 Y105.899200 Z-0.125000
G01 X177.928000 Y106.003400 Z-0.125000
G01 X179.254000 Y106.249300 Z-0.125000
G01 X180.266000 Y106.724300 Z-0.125000
G01 X180.960000 Y107.425200 Z-0.125000
G01 X181.330000 Y108.349000 Z-0.125000
G01 X181.443000 Y108.912100 Z-0.125000
G01 X182.972000 Y108.912100 Z-0.125000
G01 X184.501000 Y108.912100 Z-0.125000
G01 X184.501000 Y100.056000 Z-0.125000
G01 X184.501000 Y91.200000 Z-0.125000
G01 X182.675000 Y91.200000 Z-0.125000
G01 X180.849000 Y91.200000 Z-0.125000
G01 X180.849000 Y97.220000 Z-0.125000
G00 Z5.000000

(End cutting path id: path8334)


(Start cutting path id: path8334)
(Change tool to Default tool)

G00 Z5.000000
G00 X175.664000 Y98.089000

G01 Z-0.125000 F100.0(Penetrate)
G01 X168.863000 Y91.287000 Z-0.125000 F400.000000
G01 X168.777000 Y91.102000 Z-0.125000
G01 X168.922000 Y91.029000 Z-0.125000
G01 X169.459000 Y91.248000 Z-0.125000
G01 X175.347000 Y97.136000 Z-0.125000
G01 X175.509000 Y97.198000 Z-0.125000
G01 X175.531000 Y97.001000 Z-0.125000
G01 X175.237000 Y96.390000 Z-0.125000
G01 X170.101000 Y91.254000 Z-0.125000
G01 X170.028000 Y91.082000 Z-0.125000
G01 X170.203000 Y91.038000 Z-0.125000
G01 X170.782000 Y91.299000 Z-0.125000
G01 X175.141000 Y95.657000 Z-0.125000
G01 X175.273000 Y95.691000 Z-0.125000
G01 X175.231000 Y95.430000 Z-0.125000
G01 X174.845000 Y94.725000 Z-0.125000
G01 X171.538000 Y91.419000 Z-0.125000
G01 X171.503000 Y91.284000 Z-0.125000
G01 X171.761000 Y91.323000 Z-0.125000
G01 X172.461000 Y91.705000 Z-0.125000
G01 X174.679000 Y93.924000 Z-0.125000
G00 Z5.000000

(End cutting path id: path8334)


(Start cutting path id: path8334)
(Change tool to Default tool)

G00 Z5.000000
G00 X177.004000 Y105.789700

G01 Z-0.125000 F100.0(Penetrate)
G01 X176.938000 Y105.724000 Z-0.125000 F400.000000
G01 X176.872000 Y105.340300 Z-0.125000
G01 X176.938000 Y105.087900 Z-0.125000
G01 X177.463000 Y105.612400 Z-0.125000
G01 X178.059000 Y105.890400 Z-0.125000
G01 X178.245000 Y105.857900 Z-0.125000
G01 X178.177000 Y105.691300 Z-0.125000
G01 X177.111000 Y104.624700 Z-0.125000
G01 X176.872000 Y104.068100 Z-0.125000
G01 X176.932000 Y103.909100 Z-0.125000
G01 X177.111000 Y103.988600 Z-0.125000
G01 X179.220000 Y106.098100 Z-0.125000
G00 Z5.000000

(End cutting path id: path8334)


(Start cutting path id: path8334)
(Change tool to Default tool)

G00 Z5.000000
G00 X181.464000 Y108.341500

G01 Z-0.125000 F100.0(Penetrate)
G01 X181.683000 Y108.560800 Z-0.125000 F400.000000
G01 X182.220000 Y108.780000 Z-0.125000
G01 X182.384000 Y108.725200 Z-0.125000
G01 X182.319000 Y108.560800 Z-0.125000
G01 X177.460000 Y103.701700 Z-0.125000
G01 X177.378000 Y103.520400 Z-0.125000
G01 X177.532000 Y103.455400 Z-0.125000
G01 X178.081000 Y103.686100 Z-0.125000
G01 X182.936000 Y108.541500 Z-0.125000
G01 X183.493000 Y108.780000 Z-0.125000
G01 X183.652000 Y108.720400 Z-0.125000
G01 X183.572000 Y108.541500 Z-0.125000
G01 X178.701000 Y103.670500 Z-0.125000
G01 X178.619000 Y103.489200 Z-0.125000
G01 X178.773000 Y103.424200 Z-0.125000
G01 X179.322000 Y103.654900 Z-0.125000
G01 X184.130000 Y108.463100 Z-0.125000
G01 X184.309000 Y108.542600 Z-0.125000
G01 X184.368000 Y108.383600 Z-0.125000
G01 X184.130000 Y107.827000 Z-0.125000
G01 X179.942000 Y103.639400 Z-0.125000
G01 X179.860000 Y103.458000 Z-0.125000
G01 X180.014000 Y103.393000 Z-0.125000
G01 X180.563000 Y103.623800 Z-0.125000
G01 X184.130000 Y107.190900 Z-0.125000
G01 X184.309000 Y107.270400 Z-0.125000
G01 X184.368000 Y107.111400 Z-0.125000
G01 X184.130000 Y106.554800 Z-0.125000
G01 X181.171000 Y103.596000 Z-0.125000
G01 X180.957000 Y103.064000 Z-0.125000
G01 X181.033000 Y102.921000 Z-0.125000
G01 X181.219000 Y103.008000 Z-0.125000
G01 X184.130000 Y105.918700 Z-0.125000
G01 X184.309000 Y105.998200 Z-0.125000
G01 X184.368000 Y105.839200 Z-0.125000
G01 X184.130000 Y105.282600 Z-0.125000
G01 X181.219000 Y102.372000 Z-0.125000
G01 X180.981000 Y101.816000 Z-0.125000
G01 X181.041000 Y101.657000 Z-0.125000
G01 X181.219000 Y101.736000 Z-0.125000
G01 X184.130000 Y104.646500 Z-0.125000
G01 X184.309000 Y104.726000 Z-0.125000
G01 X184.368000 Y104.567000 Z-0.125000
G01 X184.130000 Y104.010400 Z-0.125000
G01 X181.219000 Y101.100000 Z-0.125000
G01 X180.981000 Y100.543000 Z-0.125000
G01 X181.041000 Y100.384000 Z-0.125000
G01 X181.219000 Y100.464000 Z-0.125000
G01 X184.130000 Y103.374300 Z-0.125000
G01 X184.309000 Y103.453800 Z-0.125000
G01 X184.368000 Y103.294800 Z-0.125000
G01 X184.130000 Y102.738000 Z-0.125000
G01 X181.219000 Y99.828000 Z-0.125000
G01 X180.981000 Y99.271000 Z-0.125000
G01 X181.041000 Y99.112000 Z-0.125000
G01 X181.219000 Y99.192000 Z-0.125000
G01 X184.130000 Y102.102000 Z-0.125000
G01 X184.309000 Y102.182000 Z-0.125000
G01 X184.368000 Y102.023000 Z-0.125000
G01 X184.130000 Y101.466000 Z-0.125000
G01 X181.219000 Y98.556000 Z-0.125000
G01 X180.981000 Y97.999000 Z-0.125000
G01 X181.041000 Y97.840000 Z-0.125000
G01 X181.219000 Y97.920000 Z-0.125000
G01 X184.130000 Y100.830000 Z-0.125000
G01 X184.309000 Y100.909000 Z-0.125000
G01 X184.368000 Y100.750000 Z-0.125000
G01 X184.130000 Y100.194000 Z-0.125000
G01 X181.219000 Y97.283000 Z-0.125000
G01 X180.981000 Y96.727000 Z-0.125000
G01 X181.041000 Y96.568000 Z-0.125000
G01 X181.219000 Y96.647000 Z-0.125000
G01 X184.130000 Y99.558000 Z-0.125000
G01 X184.309000 Y99.637000 Z-0.125000
G01 X184.368000 Y99.478000 Z-0.125000
G01 X184.130000 Y98.922000 Z-0.125000
G01 X181.219000 Y96.011000 Z-0.125000
G01 X180.981000 Y95.455000 Z-0.125000
G01 X181.041000 Y95.296000 Z-0.125000
G01 X181.219000 Y95.375000 Z-0.125000
G01 X184.130000 Y98.285000 Z-0.125000
G01 X184.309000 Y98.365000 Z-0.125000
G01 X184.368000 Y98.206000 Z-0.125000
G01 X184.130000 Y97.649000 Z-0.125000
G01 X181.219000 Y94.739000 Z-0.125000
G01 X180.981000 Y94.182000 Z-0.125000
G01 X181.041000 Y94.023000 Z-0.125000
G01 X181.219000 Y94.103000 Z-0.125000
G01 X184.130000 Y97.013000 Z-0.125000
G01 X184.309000 Y97.093000 Z-0.125000
G01 X184.368000 Y96.934000 Z-0.125000
G01 X184.130000 Y96.377000 Z-0.125000
G01 X181.219000 Y93.467000 Z-0.125000
G01 X180.981000 Y92.910000 Z-0.125000
G01 X181.041000 Y92.751000 Z-0.125000
G01 X181.219000 Y92.831000 Z-0.125000
G01 X184.130000 Y95.741000 Z-0.125000
G01 X184.309000 Y95.821000 Z-0.125000
G01 X184.368000 Y95.662000 Z-0.125000
G01 X184.130000 Y95.105000 Z-0.125000
G01 X181.219000 Y92.195000 Z-0.125000
G01 X180.987000 Y91.644000 Z-0.125000
G01 X181.051000 Y91.489000 Z-0.125000
G01 X181.232000 Y91.571000 Z-0.125000
G01 X184.130000 Y94.469000 Z-0.125000
G01 X184.309000 Y94.548000 Z-0.125000
G01 X184.368000 Y94.389000 Z-0.125000
G01 X184.130000 Y93.833000 Z-0.125000
G01 X181.868000 Y91.571000 Z-0.125000
G01 X181.788000 Y91.392000 Z-0.125000
G01 X181.947000 Y91.332000 Z-0.125000
G01 X182.504000 Y91.571000 Z-0.125000
G01 X184.130000 Y93.197000 Z-0.125000
G01 X184.309000 Y93.276000 Z-0.125000
G01 X184.368000 Y93.117000 Z-0.125000
G01 X184.130000 Y92.561000 Z-0.125000
G01 X183.140000 Y91.571000 Z-0.125000
G01 X183.060000 Y91.392000 Z-0.125000
G01 X183.219000 Y91.332000 Z-0.125000
G01 X183.776000 Y91.571000 Z-0.125000
G01 X184.271000 Y92.066000 Z-0.125000
G01 X184.368000 Y91.845000 Z-0.125000
G01 X184.271000 Y91.430000 Z-0.125000
G01 X184.173000 Y91.332000 Z-0.125000
G00 Z5.000000

(End cutting path id: path8334)


(Start cutting path id: path8334)
(Change tool to Default tool)

G00 Z5.000000
G00 X193.422000 Y45.875000

G01 Z-0.125000 F100.0(Penetrate)
G01 X193.652000 Y46.105000 Z-0.125000 F400.000000
G01 X194.199000 Y46.334000 Z-0.125000
G01 X194.360000 Y46.277000 Z-0.125000
G01 X194.288000 Y46.105000 Z-0.125000
G01 X193.661000 Y45.478000 Z-0.125000
G01 X193.422000 Y44.921000 Z-0.125000
G01 X193.482000 Y44.762000 Z-0.125000
G01 X193.661000 Y44.842000 Z-0.125000
G01 X194.915000 Y46.096000 Z-0.125000
G01 X195.471000 Y46.334000 Z-0.125000
G01 X195.630000 Y46.274000 Z-0.125000
G01 X195.551000 Y46.096000 Z-0.125000
G01 X193.661000 Y44.205000 Z-0.125000
G01 X193.422000 Y43.649000 Z-0.125000
G01 X193.482000 Y43.490000 Z-0.125000
G01 X193.661000 Y43.569000 Z-0.125000
G01 X196.187000 Y46.096000 Z-0.125000
G01 X196.743000 Y46.334000 Z-0.125000
G01 X196.903000 Y46.274000 Z-0.125000
G01 X196.823000 Y46.096000 Z-0.125000
G01 X193.661000 Y42.933000 Z-0.125000
G01 X193.422000 Y42.377000 Z-0.125000
G01 X193.482000 Y42.218000 Z-0.125000
G01 X193.661000 Y42.297000 Z-0.125000
G01 X197.459000 Y46.096000 Z-0.125000
G01 X197.711000 Y46.248000 Z-0.125000
G01 X197.930000 Y46.248000 Z-0.125000
G01 X198.030000 Y46.129000 Z-0.125000
G01 X197.923000 Y45.924000 Z-0.125000
G01 X193.661000 Y41.661000 Z-0.125000
G01 X193.422000 Y41.104000 Z-0.125000
G01 X193.482000 Y40.945000 Z-0.125000
G01 X193.661000 Y41.025000 Z-0.125000
G01 X197.923000 Y45.287000 Z-0.125000
G01 X198.102000 Y45.367000 Z-0.125000
G01 X198.162000 Y45.208000 Z-0.125000
G01 X197.923000 Y44.651000 Z-0.125000
G01 X193.661000 Y40.389000 Z-0.125000
G01 X193.422000 Y39.832000 Z-0.125000
G01 X193.482000 Y39.673000 Z-0.125000
G01 X193.661000 Y39.753000 Z-0.125000
G01 X197.923000 Y44.015000 Z-0.125000
G01 X198.102000 Y44.095000 Z-0.125000
G01 X198.162000 Y43.936000 Z-0.125000
G01 X197.923000 Y43.379000 Z-0.125000
G01 X193.661000 Y39.117000 Z-0.125000
G01 X193.422000 Y38.560000 Z-0.125000
G01 X193.482000 Y38.401000 Z-0.125000
G01 X193.661000 Y38.481000 Z-0.125000
G01 X201.201000 Y46.020000 Z-0.125000
G01 X201.958000 Y46.459000 Z-0.125000
G01 X202.254000 Y46.537000 Z-0.125000
G01 X202.237000 Y46.421000 Z-0.125000
G01 X193.661000 Y37.844000 Z-0.125000
G01 X193.422000 Y37.288000 Z-0.125000
G01 X193.482000 Y37.129000 Z-0.125000
G01 X193.661000 Y37.208000 Z-0.125000
G01 X202.978000 Y46.526000 Z-0.125000
G01 X203.563000 Y46.793000 Z-0.125000
G01 X203.742000 Y46.753000 Z-0.125000
G01 X203.672000 Y46.583000 Z-0.125000
G01 X193.661000 Y36.572000 Z-0.125000
G01 X193.422000 Y36.016000 Z-0.125000
G01 X193.482000 Y35.857000 Z-0.125000
G01 X193.661000 Y35.936000 Z-0.125000
G01 X204.258000 Y46.533000 Z-0.125000
G01 X204.452000 Y46.628000 Z-0.125000
G01 X204.546000 Y46.503000 Z-0.125000
G01 X204.356000 Y45.996000 Z-0.125000
G01 X193.661000 Y35.300000 Z-0.125000
G01 X193.422000 Y34.744000 Z-0.125000
G01 X193.482000 Y34.585000 Z-0.125000
G01 X193.661000 Y34.664000 Z-0.125000
G01 X204.367000 Y45.370000 Z-0.125000
G01 X204.547000 Y45.451000 Z-0.125000
G01 X204.611000 Y45.296000 Z-0.125000
G01 X204.377000 Y44.745000 Z-0.125000
G01 X200.998000 Y41.365000 Z-0.125000
G01 X200.991000 Y41.258000 Z-0.125000
G01 X201.308000 Y41.357000 Z-0.125000
G01 X202.095000 Y41.826000 Z-0.125000
G01 X204.388000 Y44.119000 Z-0.125000
G01 X204.569000 Y44.200000 Z-0.125000
G01 X204.632000 Y44.045000 Z-0.125000
G01 X204.399000 Y43.494000 Z-0.125000
G01 X202.849000 Y41.944000 Z-0.125000
G01 X202.773000 Y41.769000 Z-0.125000
G01 X202.941000 Y41.718000 Z-0.125000
G01 X203.510000 Y41.969000 Z-0.125000
G01 X204.409000 Y42.868000 Z-0.125000
G01 X204.590000 Y42.949000 Z-0.125000
G01 X204.653000 Y42.794000 Z-0.125000
G01 X204.420000 Y42.243000 Z-0.125000
G01 X203.984000 Y41.807000 Z-0.125000
G01 X203.992000 Y41.715000 Z-0.125000
G01 X204.162000 Y41.667000 Z-0.125000
G01 X204.560000 Y41.746000 Z-0.125000
G01 X204.669000 Y41.856000 Z-0.125000
G00 Z5.000000

(End cutting path id: path8334)


(Start cutting path id: path8334)
(Change tool to Default tool)

G00 Z5.000000
G00 X233.058000 Y104.588600

G01 Z-0.125000 F100.0(Penetrate)
G01 X231.453000 Y102.983000 Z-0.125000 F400.000000
G01 X231.373000 Y102.804000 Z-0.125000
G01 X231.532000 Y102.745000 Z-0.125000
G01 X232.089000 Y102.983000 Z-0.125000
G01 X232.693000 Y103.587500 Z-0.125000
G01 X232.765000 Y103.559900 Z-0.125000
G01 X232.762000 Y103.338500 Z-0.125000
G01 X232.601000 Y102.860000 Z-0.125000
G01 X232.486000 Y102.745000 Z-0.125000
G00 Z5.000000

(End cutting path id: path8334)


(Start cutting path id: path8334)
(Change tool to Default tool)

G00 Z5.000000
G00 X230.141000 Y106.124700

G01 Z-0.125000 F100.0(Penetrate)
G01 X231.989000 Y107.972100 Z-0.125000 F400.000000
G01 X232.707000 Y108.372400 Z-0.125000
G01 X232.977000 Y108.423900 Z-0.125000
G01 X232.948000 Y108.295600 Z-0.125000
G01 X230.051000 Y105.398400 Z-0.125000
G01 X229.718000 Y104.747800 Z-0.125000
G01 X229.713000 Y104.524200 Z-0.125000
G01 X229.863000 Y104.574400 Z-0.125000
G01 X233.707000 Y108.418400 Z-0.125000
G01 X234.278000 Y108.671200 Z-0.125000
G01 X234.447000 Y108.621300 Z-0.125000
G01 X234.372000 Y108.446800 Z-0.125000
G01 X229.769000 Y103.844100 Z-0.125000
G01 X229.509000 Y103.266300 Z-0.125000
G01 X229.554000 Y103.093000 Z-0.125000
G01 X229.726000 Y103.166000 Z-0.125000
G01 X235.011000 Y108.449700 Z-0.125000
G01 X235.563000 Y108.684500 Z-0.125000
G01 X235.720000 Y108.622200 Z-0.125000
G01 X235.639000 Y108.442100 Z-0.125000
G01 X230.180000 Y102.983000 Z-0.125000
G01 X230.101000 Y102.804000 Z-0.125000
G01 X230.260000 Y102.745000 Z-0.125000
G01 X230.816000 Y102.983000 Z-0.125000
G01 X236.248000 Y108.414600 Z-0.125000
G01 X236.761000 Y108.609900 Z-0.125000
G01 X236.890000 Y108.520600 Z-0.125000
G01 X236.797000 Y108.328200 Z-0.125000
G01 X234.520000 Y106.050500 Z-0.125000
G01 X234.455000 Y105.886200 Z-0.125000
G01 X234.646000 Y105.858800 Z-0.125000
G01 X235.249000 Y106.144200 Z-0.125000
G01 X237.282000 Y108.177200 Z-0.125000
G01 X237.531000 Y108.326100 Z-0.125000
G01 X237.743000 Y108.319900 Z-0.125000
G01 X237.836000 Y108.194400 Z-0.125000
G01 X237.727000 Y107.985500 Z-0.125000
G01 X235.835000 Y106.094000 Z-0.125000
G01 X235.742000 Y105.901100 Z-0.125000
G01 X235.870000 Y105.810500 Z-0.125000
G01 X236.382000 Y106.004100 Z-0.125000
G01 X238.147000 Y107.769800 Z-0.125000
G01 X238.388000 Y107.910700 Z-0.125000
G01 X238.582000 Y107.886700 Z-0.125000
G01 X238.658000 Y107.743500 Z-0.125000
G01 X238.540000 Y107.526600 Z-0.125000
G01 X236.828000 Y105.814600 Z-0.125000
G01 X236.706000 Y105.593300 Z-0.125000
G01 X236.772000 Y105.440400 Z-0.125000
G01 X236.957000 Y105.406800 Z-0.125000
G01 X237.193000 Y105.543300 Z-0.125000
G01 X238.906000 Y107.256600 Z-0.125000
G01 X239.138000 Y107.388800 Z-0.125000
G01 X239.313000 Y107.345800 Z-0.125000
G01 X239.370000 Y107.183500 Z-0.125000
G01 X239.244000 Y106.957900 Z-0.125000
G01 X237.485000 Y105.199400 Z-0.125000
G01 X237.341000 Y104.956000 Z-0.125000
G01 X237.358000 Y104.754300 Z-0.125000
G01 X237.494000 Y104.672000 Z-0.125000
G01 X237.708000 Y104.786300 Z-0.125000
G01 X239.552000 Y106.629700 Z-0.125000
G01 X239.774000 Y106.752700 Z-0.125000
G01 X239.929000 Y106.689300 Z-0.125000
G01 X239.965000 Y106.506600 Z-0.125000
G01 X239.830000 Y106.271800 Z-0.125000
G01 X237.860000 Y104.301900 Z-0.125000
G01 X237.652000 Y103.776500 Z-0.125000
G01 X237.734000 Y103.638900 Z-0.125000
G01 X237.922000 Y103.728100 Z-0.125000
G01 X240.078000 Y105.884400 Z-0.125000
G01 X240.292000 Y105.998300 Z-0.125000
G01 X240.427000 Y105.914900 Z-0.125000
G01 X240.443000 Y105.712300 Z-0.125000
G01 X240.299000 Y105.468400 Z-0.125000
G01 X237.611000 Y102.781000 Z-0.125000
G00 Z5.000000

(End cutting path id: path8334)


(Start cutting path id: path8334)
(Change tool to Default tool)

G00 Z5.000000
G00 X244.077000 Y106.065100

G01 Z-0.125000 F100.0(Penetrate)
G01 X246.016000 Y108.004400 Z-0.125000 F400.000000
G01 X246.722000 Y108.392400 Z-0.125000
G01 X246.984000 Y108.435500 Z-0.125000
G01 X246.951000 Y108.303300 Z-0.125000
G01 X243.879000 Y105.231100 Z-0.125000
G01 X243.509000 Y104.543200 Z-0.125000
G01 X243.479000 Y104.293800 Z-0.125000
G01 X243.616000 Y104.332300 Z-0.125000
G01 X247.765000 Y108.480500 Z-0.125000
G01 X248.353000 Y108.751200 Z-0.125000
G01 X248.535000 Y108.713700 Z-0.125000
G01 X248.465000 Y108.544900 Z-0.125000
G01 X243.446000 Y103.525800 Z-0.125000
G01 X243.128000 Y102.890000 Z-0.125000
G01 X243.134000 Y102.677000 Z-0.125000
G01 X243.288000 Y102.731000 Z-0.125000
G01 X249.097000 Y108.540700 Z-0.125000
G01 X249.625000 Y108.750300 Z-0.125000
G01 X249.764000 Y108.670700 Z-0.125000
G01 X249.675000 Y108.482800 Z-0.125000
G01 X243.240000 Y102.048000 Z-0.125000
G01 X242.976000 Y101.466000 Z-0.125000
G01 X243.019000 Y101.290000 Z-0.125000
G01 X243.190000 Y101.361000 Z-0.125000
G01 X250.209000 Y108.380400 Z-0.125000
G01 X250.695000 Y108.548400 Z-0.125000
G01 X250.805000 Y108.440200 Z-0.125000
G01 X250.704000 Y108.239200 Z-0.125000
G01 X248.804000 Y106.339300 Z-0.125000
G01 X248.719000 Y106.154800 Z-0.125000
G01 X248.866000 Y106.083100 Z-0.125000
G01 X249.405000 Y106.304000 Z-0.125000
G01 X251.160000 Y108.059200 Z-0.125000
G01 X251.405000 Y108.204800 Z-0.125000
G01 X251.610000 Y108.191200 Z-0.125000
G01 X251.696000 Y108.058400 Z-0.125000
G01 X251.583000 Y107.846200 Z-0.125000
G01 X249.933000 Y106.195800 Z-0.125000
G01 X249.821000 Y105.985200 Z-0.125000
G01 X249.911000 Y105.855800 Z-0.125000
G01 X250.119000 Y105.845600 Z-0.125000
G01 X250.366000 Y105.992800 Z-0.125000
G01 X251.974000 Y107.601400 Z-0.125000
G01 X252.209000 Y107.736300 Z-0.125000
G01 X252.390000 Y107.699200 Z-0.125000
G01 X252.452000 Y107.542800 Z-0.125000
G01 X252.329000 Y107.319900 Z-0.125000
G01 X250.704000 Y105.694500 Z-0.125000
G01 X250.567000 Y105.458700 Z-0.125000
G01 X250.601000 Y105.273700 Z-0.125000
G01 X250.754000 Y105.208100 Z-0.125000
G01 X250.975000 Y105.330000 Z-0.125000
G01 X252.655000 Y107.009900 Z-0.125000
G01 X252.881000 Y107.136800 Z-0.125000
G01 X253.045000 Y107.081900 Z-0.125000
G01 X253.090000 Y106.907800 Z-0.125000
G01 X252.958000 Y106.676800 Z-0.125000
G01 X251.191000 Y104.910100 Z-0.125000
G01 X251.037000 Y104.656300 Z-0.125000
G01 X251.031000 Y104.431700 Z-0.125000
G01 X251.144000 Y104.326500 Z-0.125000
G01 X251.348000 Y104.430400 Z-0.125000
G01 X253.229000 Y106.317900 Z-0.125000
G01 X253.447000 Y106.436300 Z-0.125000
G01 X253.592000 Y106.362700 Z-0.125000
G01 X253.618000 Y106.169900 Z-0.125000
G01 X253.478000 Y105.930500 Z-0.125000
G01 X251.448000 Y103.900400 Z-0.125000
G01 X251.244000 Y103.378300 Z-0.125000
G01 X251.327000 Y103.243100 Z-0.125000
G01 X251.517000 Y103.333400 Z-0.125000
G01 X253.699000 Y105.515400 Z-0.125000
G01 X253.908000 Y105.625100 Z-0.125000
G01 X254.034000 Y105.532500 Z-0.125000
G01 X254.041000 Y105.320700 Z-0.125000
G01 X253.892000 Y105.072600 Z-0.125000
G01 X251.557000 Y102.738000 Z-0.125000
G01 X251.330000 Y102.193000 Z-0.125000
G01 X251.398000 Y102.042000 Z-0.125000
G01 X251.581000 Y102.125000 Z-0.125000
G01 X254.058000 Y104.602600 Z-0.125000
G01 X254.259000 Y104.704000 Z-0.125000
G01 X254.367000 Y104.593100 Z-0.125000
G01 X254.198000 Y104.106500 Z-0.125000
G01 X251.562000 Y101.470000 Z-0.125000
G01 X251.344000 Y100.934000 Z-0.125000
G01 X251.418000 Y100.789000 Z-0.125000
G01 X251.603000 Y100.875000 Z-0.125000
G01 X254.314000 Y103.585800 Z-0.125000
G01 X254.507000 Y103.679900 Z-0.125000
G01 X254.599000 Y103.552800 Z-0.125000
G01 X254.407000 Y103.043000 Z-0.125000
G01 X251.607000 Y100.243000 Z-0.125000
G01 X251.368000 Y99.685000 Z-0.125000
G01 X251.426000 Y99.525000 Z-0.125000
G01 X251.605000 Y99.605000 Z-0.125000
G01 X254.480000 Y102.479000 Z-0.125000
G01 X254.667000 Y102.567000 Z-0.125000
G01 X254.746000 Y102.427000 Z-0.125000
G01 X254.534000 Y101.897000 Z-0.125000
G01 X251.601000 Y98.964000 Z-0.125000
G01 X251.355000 Y98.400000 Z-0.125000
G01 X251.410000 Y98.236000 Z-0.125000
G01 X251.587000 Y98.314000 Z-0.125000
G01 X254.572000 Y101.300000 Z-0.125000
G01 X254.755000 Y101.383000 Z-0.125000
G01 X254.823000 Y101.233000 Z-0.125000
G01 X254.597000 Y100.689000 Z-0.125000
G01 X251.566000 Y97.658000 Z-0.125000
G01 X251.292000 Y97.065000 Z-0.125000
G01 X251.327000 Y96.882000 Z-0.125000
G01 X251.495000 Y96.950000 Z-0.125000
G01 X254.610000 Y100.066000 Z-0.125000
G01 X254.790000 Y100.146000 Z-0.125000
G01 X254.851000 Y99.988000 Z-0.125000
G01 X254.613000 Y99.433000 Z-0.125000
G01 X251.430000 Y96.250000 Z-0.125000
G01 X251.024000 Y95.526000 Z-0.125000
G01 X250.969000 Y95.252000 Z-0.125000
G01 X251.096000 Y95.280000 Z-0.125000
G01 X254.605000 Y98.788000 Z-0.125000
G01 X254.780000 Y98.865000 Z-0.125000
G01 X254.832000 Y98.698000 Z-0.125000
G01 X254.583000 Y98.130000 Z-0.125000
G01 X247.769000 Y91.316000 Z-0.125000
G01 X247.273000 Y91.138000 Z-0.125000
G01 X247.155000 Y91.239000 Z-0.125000
G01 X247.254000 Y91.437000 Z-0.125000
G01 X249.379000 Y93.563000 Z-0.125000
G01 X249.430000 Y93.713000 Z-0.125000
G01 X249.208000 Y93.710000 Z-0.125000
G01 X248.560000 Y93.380000 Z-0.125000
G01 X246.793000 Y91.613000 Z-0.125000
G01 X246.547000 Y91.466000 Z-0.125000
G01 X246.339000 Y91.477000 Z-0.125000
G01 X246.251000 Y91.607000 Z-0.125000
G01 X246.362000 Y91.818000 Z-0.125000
G01 X248.047000 Y93.503000 Z-0.125000
G01 X248.159000 Y93.715000 Z-0.125000
G01 X248.071000 Y93.845000 Z-0.125000
G01 X247.864000 Y93.857000 Z-0.125000
G01 X247.618000 Y93.710000 Z-0.125000
G01 X245.964000 Y92.056000 Z-0.125000
G01 X245.727000 Y91.919000 Z-0.125000
G01 X245.542000 Y91.952000 Z-0.125000
G01 X245.475000 Y92.104000 Z-0.125000
G01 X245.596000 Y92.324000 Z-0.125000
G01 X247.261000 Y93.989000 Z-0.125000
G01 X247.393000 Y94.220000 Z-0.125000
G01 X247.348000 Y94.394000 Z-0.125000
G01 X247.184000 Y94.449000 Z-0.125000
G01 X246.958000 Y94.322000 Z-0.125000
G01 X245.260000 Y92.625000 Z-0.125000
G01 X245.034000 Y92.497000 Z-0.125000
G01 X244.869000 Y92.552000 Z-0.125000
G01 X244.824000 Y92.725000 Z-0.125000
G01 X244.956000 Y92.956000 Z-0.125000
G01 X246.713000 Y94.713000 Z-0.125000
G01 X246.863000 Y94.963000 Z-0.125000
G01 X246.860000 Y95.178000 Z-0.125000
G01 X246.737000 Y95.274000 Z-0.125000
G01 X246.530000 Y95.166000 Z-0.125000
G01 X244.681000 Y93.318000 Z-0.125000
G01 X244.464000 Y93.200000 Z-0.125000
G01 X244.320000 Y93.274000 Z-0.125000
G01 X244.295000 Y93.468000 Z-0.125000
G01 X244.436000 Y93.708000 Z-0.125000
G01 X246.431000 Y95.703000 Z-0.125000
G01 X246.644000 Y96.234000 Z-0.125000
G01 X246.566000 Y96.375000 Z-0.125000
G01 X246.379000 Y96.288000 Z-0.125000
G01 X244.218000 Y94.127000 Z-0.125000
G01 X244.009000 Y94.017000 Z-0.125000
G01 X243.884000 Y94.110000 Z-0.125000
G01 X243.877000 Y94.323000 Z-0.125000
G01 X244.026000 Y94.571000 Z-0.125000
G01 X246.348000 Y96.892000 Z-0.125000
G01 X246.577000 Y97.439000 Z-0.125000
G01 X246.510000 Y97.592000 Z-0.125000
G01 X246.328000 Y97.509000 Z-0.125000
G01 X243.857000 Y95.038000 Z-0.125000
G01 X243.656000 Y94.936000 Z-0.125000
G01 X243.546000 Y95.045000 Z-0.125000
G01 X243.712000 Y95.529000 Z-0.125000
G01 X246.316000 Y98.133000 Z-0.125000
G01 X246.551000 Y98.686000 Z-0.125000
G01 X246.489000 Y98.843000 Z-0.125000
G01 X246.309000 Y98.762000 Z-0.125000
G01 X243.588000 Y96.041000 Z-0.125000
G01 X243.392000 Y95.945000 Z-0.125000
G01 X243.296000 Y96.067000 Z-0.125000
G01 X243.481000 Y96.570000 Z-0.125000
G01 X246.307000 Y99.396000 Z-0.125000
G01 X246.546000 Y99.953000 Z-0.125000
G01 X246.487000 Y100.112000 Z-0.125000
G01 X246.308000 Y100.033000 Z-0.125000
G01 X243.390000 Y97.115000 Z-0.125000
G01 X243.199000 Y97.024000 Z-0.125000
G01 X243.113000 Y97.157000 Z-0.125000
G01 X243.314000 Y97.675000 Z-0.125000
G01 X246.311000 Y100.672000 Z-0.125000
G01 X246.553000 Y101.233000 Z-0.125000
G01 X246.496000 Y101.394000 Z-0.125000
G01 X246.318000 Y101.316000 Z-0.125000
G01 X243.227000 Y98.225000 Z-0.125000
G01 X243.044000 Y98.141000 Z-0.125000
G01 X242.975000 Y98.290000 Z-0.125000
G01 X243.199000 Y98.833000 Z-0.125000
G01 X246.333000 Y101.967000 Z-0.125000
G01 X246.583000 Y102.535000 Z-0.125000
G01 X246.532000 Y102.703000 Z-0.125000
G01 X246.357000 Y102.627000 Z-0.125000
G01 X243.168000 Y99.438000 Z-0.125000
G01 X242.987000 Y99.356000 Z-0.125000
G01 X242.922000 Y99.510000 Z-0.125000
G01 X243.153000 Y100.059000 Z-0.125000
G01 X246.462000 Y103.367900 Z-0.125000
G01 X246.743000 Y103.967300 Z-0.125000
G01 X246.713000 Y104.155700 Z-0.125000
G01 X246.548000 Y104.089600 Z-0.125000
G01 X242.919000 Y100.461000 Z-0.125000
G00 Z5.000000

(End cutting path id: path8334)


(Start cutting path id: path8334)
(Change tool to Default tool)

G00 Z5.000000
G00 X258.444000 Y107.716500

G01 Z-0.125000 F100.0(Penetrate)
G01 X257.780000 Y107.053000 Z-0.125000 F400.000000
G01 X257.255000 Y106.209500 Z-0.125000
G01 X257.117000 Y105.853100 Z-0.125000
G01 X257.206000 Y105.843000 Z-0.125000
G01 X259.448000 Y108.085300 Z-0.125000
G01 X260.142000 Y108.461000 Z-0.125000
G01 X260.396000 Y108.495700 Z-0.125000
G01 X260.359000 Y108.359700 Z-0.125000
G01 X256.990000 Y104.990900 Z-0.125000
G01 X256.695000 Y104.377600 Z-0.125000
G01 X256.716000 Y104.179500 Z-0.125000
G01 X256.877000 Y104.241300 Z-0.125000
G01 X261.116000 Y108.480900 Z-0.125000
G01 X261.691000 Y108.737600 Z-0.125000
G01 X261.862000 Y108.690400 Z-0.125000
G01 X261.789000 Y108.517200 Z-0.125000
G01 X256.823000 Y103.551600 Z-0.125000
G01 X256.572000 Y102.983000 Z-0.125000
G01 X256.623000 Y102.815000 Z-0.125000
G01 X256.799000 Y102.891000 Z-0.125000
G01 X262.410000 Y108.502400 Z-0.125000
G01 X262.938000 Y108.712600 Z-0.125000
G01 X263.078000 Y108.633500 Z-0.125000
G01 X262.989000 Y108.445800 Z-0.125000
G01 X257.435000 Y102.891000 Z-0.125000
G01 X257.355000 Y102.712000 Z-0.125000
G01 X257.514000 Y102.652000 Z-0.125000
G01 X258.071000 Y102.891000 Z-0.125000
G01 X263.535000 Y108.355500 Z-0.125000
G01 X264.030000 Y108.532600 Z-0.125000
G01 X264.147000 Y108.430700 Z-0.125000
G01 X264.049000 Y108.232600 Z-0.125000
G01 X261.946000 Y106.130000 Z-0.125000
G01 X261.869000 Y105.953600 Z-0.125000
G01 X262.034000 Y105.899600 Z-0.125000
G01 X262.598000 Y106.146300 Z-0.125000
G01 X264.525000 Y108.073400 Z-0.125000
G01 X264.774000 Y108.222800 Z-0.125000
G01 X264.987000 Y108.217400 Z-0.125000
G01 X265.082000 Y108.092800 Z-0.125000
G01 X264.972000 Y107.884400 Z-0.125000
G01 X263.156000 Y106.067500 Z-0.125000
G01 X263.052000 Y105.865000 Z-0.125000
G01 X263.159000 Y105.753300 Z-0.125000
G01 X263.640000 Y105.916200 Z-0.125000
G01 X265.390000 Y107.666200 Z-0.125000
G01 X265.630000 Y107.806100 Z-0.125000
G01 X265.822000 Y107.779800 Z-0.125000
G01 X265.895000 Y107.634400 Z-0.125000
G01 X265.777000 Y107.416400 Z-0.125000
G01 X264.052000 Y105.691600 Z-0.125000
G01 X263.923000 Y105.463600 Z-0.125000
G01 X263.974000 Y105.296100 Z-0.125000
G01 X264.145000 Y105.247800 Z-0.125000
G01 X264.374000 Y105.377600 Z-0.125000
G01 X266.132000 Y107.136100 Z-0.125000
G01 X266.363000 Y107.266700 Z-0.125000
G01 X266.535000 Y107.220300 Z-0.125000
G01 X266.588000 Y107.054500 Z-0.125000
G01 X266.460000 Y106.827400 Z-0.125000
G01 X264.635000 Y105.003000 Z-0.125000
G01 X264.486000 Y104.754000 Z-0.125000
G01 X264.491000 Y104.540000 Z-0.125000
G01 X264.615000 Y104.445400 Z-0.125000
G01 X264.823000 Y104.554200 Z-0.125000
G01 X266.759000 Y106.490300 Z-0.125000
G01 X266.979000 Y106.611300 Z-0.125000
G01 X267.130000 Y106.543600 Z-0.125000
G01 X267.162000 Y106.356600 Z-0.125000
G01 X267.025000 Y106.119900 Z-0.125000
G01 X264.952000 Y104.047300 Z-0.125000
G01 X264.719000 Y103.496200 Z-0.125000
G01 X264.782000 Y103.340900 Z-0.125000
G01 X264.963000 Y103.422100 Z-0.125000
G01 X267.260000 Y105.719500 Z-0.125000
G01 X267.472000 Y105.831800 Z-0.125000
G01 X267.604000 Y105.744900 Z-0.125000
G01 X267.616000 Y105.538800 Z-0.125000
G01 X267.470000 Y105.293300 Z-0.125000
G01 X264.460000 Y102.283000 Z-0.125000
G00 Z5.000000

(End cutting path id: path8334)


(Start cutting path id: path8334)
(Change tool to Default tool)

G00 Z5.000000
G00 X266.631000 Y99.364000

G01 Z-0.125000 F100.0(Penetrate)
G01 X266.069000 Y98.802000 Z-0.125000 F400.000000
G00 Z5.000000

(End cutting path id: path8334)


(Start cutting path id: path8334)
(Change tool to Default tool)

G00 Z5.000000
G00 X263.789000 Y97.159000

G01 Z-0.125000 F100.0(Penetrate)
G01 X267.791000 Y101.161000 Z-0.125000 F400.000000
G00 Z5.000000

(End cutting path id: path8334)


(Start cutting path id: path8334)
(Change tool to Default tool)

G00 Z5.000000
G00 X271.639000 Y101.192000

G01 Z-0.125000 F100.0(Penetrate)
G01 X278.975000 Y108.528000 Z-0.125000 F400.000000
G01 X279.540000 Y108.774900 Z-0.125000
G01 X279.704000 Y108.720900 Z-0.125000
G01 X279.627000 Y108.544600 Z-0.125000
G01 X270.648000 Y99.565000 Z-0.125000
G00 Z5.000000

(End cutting path id: path8334)


(Start cutting path id: path8334)
(Change tool to Default tool)

G00 Z5.000000
G00 X272.542000 Y98.279000

G01 Z-0.125000 F100.0(Penetrate)
G01 X270.148000 Y95.886000 Z-0.125000 F400.000000
G01 X270.022000 Y95.660000 Z-0.125000
G01 X270.079000 Y95.498000 Z-0.125000
G01 X270.254000 Y95.455000 Z-0.125000
G01 X270.486000 Y95.587000 Z-0.125000
G01 X272.483000 Y97.585000 Z-0.125000
G01 X273.040000 Y97.823000 Z-0.125000
G01 X273.199000 Y97.764000 Z-0.125000
G01 X273.120000 Y97.585000 Z-0.125000
G01 X271.122000 Y95.587000 Z-0.125000
G01 X271.043000 Y95.408000 Z-0.125000
G01 X271.202000 Y95.349000 Z-0.125000
G01 X271.758000 Y95.587000 Z-0.125000
G01 X273.756000 Y97.585000 Z-0.125000
G01 X274.312000 Y97.823000 Z-0.125000
G01 X274.471000 Y97.764000 Z-0.125000
G01 X274.392000 Y97.585000 Z-0.125000
G01 X272.394000 Y95.587000 Z-0.125000
G01 X272.315000 Y95.408000 Z-0.125000
G01 X272.474000 Y95.349000 Z-0.125000
G01 X273.030000 Y95.587000 Z-0.125000
G01 X275.028000 Y97.585000 Z-0.125000
G01 X275.584000 Y97.823000 Z-0.125000
G01 X275.743000 Y97.764000 Z-0.125000
G01 X275.664000 Y97.585000 Z-0.125000
G01 X273.667000 Y95.587000 Z-0.125000
G01 X273.587000 Y95.408000 Z-0.125000
G01 X273.746000 Y95.349000 Z-0.125000
G01 X274.303000 Y95.587000 Z-0.125000
G01 X279.814000 Y101.099000 Z-0.125000
G01 X279.993000 Y101.179000 Z-0.125000
G01 X280.053000 Y101.020000 Z-0.125000
G01 X279.814000 Y100.463000 Z-0.125000
G01 X274.939000 Y95.587000 Z-0.125000
G01 X274.859000 Y95.408000 Z-0.125000
G01 X275.018000 Y95.349000 Z-0.125000
G01 X275.575000 Y95.587000 Z-0.125000
G01 X279.814000 Y99.827000 Z-0.125000
G01 X279.993000 Y99.906000 Z-0.125000
G01 X280.053000 Y99.747000 Z-0.125000
G01 X279.814000 Y99.191000 Z-0.125000
G01 X276.211000 Y95.587000 Z-0.125000
G01 X276.131000 Y95.408000 Z-0.125000
G01 X276.290000 Y95.349000 Z-0.125000
G01 X276.847000 Y95.587000 Z-0.125000
G01 X279.814000 Y98.555000 Z-0.125000
G01 X279.993000 Y98.634000 Z-0.125000
G01 X280.053000 Y98.475000 Z-0.125000
G01 X279.814000 Y97.919000 Z-0.125000
G01 X276.903000 Y95.007000 Z-0.125000
G01 X276.664000 Y94.450000 Z-0.125000
G01 X276.724000 Y94.291000 Z-0.125000
G01 X276.903000 Y94.371000 Z-0.125000
G01 X280.117000 Y97.585000 Z-0.125000
G01 X280.673000 Y97.823000 Z-0.125000
G01 X280.832000 Y97.764000 Z-0.125000
G01 X280.753000 Y97.585000 Z-0.125000
G01 X276.903000 Y93.735000 Z-0.125000
G01 X276.667000 Y93.181000 Z-0.125000
G01 X276.729000 Y93.024000 Z-0.125000
G01 X276.909000 Y93.105000 Z-0.125000
G01 X281.389000 Y97.585000 Z-0.125000
G01 X281.636000 Y97.732000 Z-0.125000
G01 X281.844000 Y97.722000 Z-0.125000
G01 X281.934000 Y97.593000 Z-0.125000
G01 X281.823000 Y97.383000 Z-0.125000
G01 X276.927000 Y92.486000 Z-0.125000
G01 X276.708000 Y91.949000 Z-0.125000
G01 X276.781000 Y91.804000 Z-0.125000
G01 X276.966000 Y91.890000 Z-0.125000
G01 X279.814000 Y94.738000 Z-0.125000
G01 X279.993000 Y94.818000 Z-0.125000
G01 X280.053000 Y94.659000 Z-0.125000
G01 X279.814000 Y94.102000 Z-0.125000
G01 X277.333000 Y91.620000 Z-0.125000
G01 X277.248000 Y91.436000 Z-0.125000
G01 X277.395000 Y91.364000 Z-0.125000
G01 X277.934000 Y91.585000 Z-0.125000
G01 X279.814000 Y93.466000 Z-0.125000
G01 X279.993000 Y93.545000 Z-0.125000
G01 X280.053000 Y93.386000 Z-0.125000
G01 X279.814000 Y92.830000 Z-0.125000
G01 X278.557000 Y91.572000 Z-0.125000
G01 X278.477000 Y91.393000 Z-0.125000
G01 X278.635000 Y91.333000 Z-0.125000
G01 X279.191000 Y91.570000 Z-0.125000
G01 X279.821000 Y92.200000 Z-0.125000
G01 X279.995000 Y92.275000 Z-0.125000
G01 X280.053000 Y92.115000 Z-0.125000
G01 X279.821000 Y91.564000 Z-0.125000
G01 X279.588000 Y91.332000 Z-0.125000
G00 Z5.000000

(End cutting path id: path8334)


(Start cutting path id: path8334)
(Change tool to Default tool)

G00 Z5.000000
G00 X276.655000 Y91.322000

G01 Z-0.125000 F100.0(Penetrate)
G01 X276.533000 Y93.330000 Z-0.125000 F400.000000
G01 X276.533000 Y95.217000 Z-0.125000
G01 X273.155000 Y95.217000 Z-0.125000
G01 X269.777000 Y95.217000 Z-0.125000
G01 X269.784000 Y96.815000 Z-0.125000
G01 X269.791000 Y98.413000 Z-0.125000
G01 X272.961000 Y103.616700 Z-0.125000
G01 X276.131000 Y108.820900 Z-0.125000
G01 X278.159000 Y108.872500 Z-0.125000
G01 X280.186000 Y108.924100 Z-0.125000
G01 X280.186000 Y103.440100 Z-0.125000
G01 X280.186000 Y97.956000 Z-0.125000
G01 X281.191000 Y97.956000 Z-0.125000
G01 X282.195000 Y97.956000 Z-0.125000
G01 X282.195000 Y96.587000 Z-0.125000
G01 X282.195000 Y95.217000 Z-0.125000
G01 X281.191000 Y95.217000 Z-0.125000
G01 X280.186000 Y95.217000 Z-0.125000
G01 X280.186000 Y93.208000 Z-0.125000
G01 X280.186000 Y91.200000 Z-0.125000
G01 X278.482000 Y91.200000 Z-0.125000
G01 X276.656000 Y91.321000 Z-0.125000
G01 X276.655000 Y91.322000 Z-0.125000
G00 Z5.000000

(End cutting path id: path8334)


(Start cutting path id: path8334)
(Change tool to Default tool)

G00 Z5.000000
G00 X280.425000 Y95.349000

G01 Z-0.125000 F100.0(Penetrate)
G01 X281.823000 Y96.747000 Z-0.125000 F400.000000
G01 X282.002000 Y96.827000 Z-0.125000
G01 X282.062000 Y96.668000 Z-0.125000
G01 X281.823000 Y96.111000 Z-0.125000
G01 X281.243000 Y95.531000 Z-0.125000
G01 X281.206000 Y95.395000 Z-0.125000
G01 X281.379000 Y95.349000 Z-0.125000
G01 X281.879000 Y95.531000 Z-0.125000
G01 X282.062000 Y95.714000 Z-0.125000
G00 Z5.000000

(End cutting path id: path8334)


(Start cutting path id: path8334)
(Change tool to Default tool)

G00 Z5.000000
G00 X276.621000 Y100.558000

G01 Z-0.125000 F100.0(Penetrate)
G01 X276.685000 Y104.108200 Z-0.125000 F400.000000
G01 X276.624000 Y105.056100 Z-0.125000
G01 X275.072000 Y102.380000 Z-0.125000
G01 X273.014000 Y98.830000 Z-0.125000
G01 X272.508000 Y97.956000 Z-0.125000
G01 X274.502000 Y97.956000 Z-0.125000
G01 X276.495000 Y97.956000 Z-0.125000
G01 X276.621000 Y100.558000 Z-0.125000
G00 Z5.000000

(End cutting path id: path8334)


(Start cutting path id: path8334)
(Change tool to Default tool)

G00 Z5.000000
G00 X274.296000 Y101.305000

G01 Z-0.125000 F100.0(Penetrate)
G01 X270.131000 Y97.140000 Z-0.125000 F400.000000
G01 X269.903000 Y96.594000 Z-0.125000
G01 X269.969000 Y96.442000 Z-0.125000
G01 X270.152000 Y96.525000 Z-0.125000
G01 X273.418000 Y99.792000 Z-0.125000
G00 Z5.000000

(End cutting path id: path8334)


(Start cutting path id: path8334)
(Change tool to Default tool)

G00 Z5.000000
G00 X273.622000 Y104.447900

G01 Z-0.125000 F100.0(Penetrate)
G01 X277.669000 Y108.494800 Z-0.125000 F400.000000
G01 X278.234000 Y108.741600 Z-0.125000
G01 X278.399000 Y108.687700 Z-0.125000
G01 X278.322000 Y108.511400 Z-0.125000
G01 X272.631000 Y102.820000 Z-0.125000
G00 Z5.000000

(End cutting path id: path8334)


(Start cutting path id: path8334)
(Change tool to Default tool)

G00 Z5.000000
G00 X276.052000 Y104.333200

G01 Z-0.125000 F100.0(Penetrate)
G01 X270.160000 Y98.441000 Z-0.125000 F400.000000
G01 X269.920000 Y97.883000 Z-0.125000
G01 X269.979000 Y97.723000 Z-0.125000
G01 X270.157000 Y97.803000 Z-0.125000
G01 X275.173000 Y102.819000 Z-0.125000
G00 Z5.000000

(End cutting path id: path8334)


(Start cutting path id: path8334)
(Change tool to Default tool)

G00 Z5.000000
G00 X275.606000 Y107.703300

G01 Z-0.125000 F100.0(Penetrate)
G01 X276.364000 Y108.461600 Z-0.125000 F400.000000
G01 X276.929000 Y108.708400 Z-0.125000
G01 X277.093000 Y108.654500 Z-0.125000
G01 X277.017000 Y108.478200 Z-0.125000
G01 X274.614000 Y106.075600 Z-0.125000
G00 Z5.000000

(End cutting path id: path8334)


(Start cutting path id: path8334)
(Change tool to Default tool)

G00 Z5.000000
G00 X280.054000 Y108.334800

G01 Z-0.125000 F100.0(Penetrate)
G01 X276.996000 Y105.277300 Z-0.125000 F400.000000
G01 X276.777000 Y104.739900 Z-0.125000
G01 X276.850000 Y104.594100 Z-0.125000
G01 X277.035000 Y104.679600 Z-0.125000
G01 X279.815000 Y107.460200 Z-0.125000
G01 X279.994000 Y107.539700 Z-0.125000
G01 X280.054000 Y107.380600 Z-0.125000
G01 X279.815000 Y106.824100 Z-0.125000
G01 X277.063000 Y104.071400 Z-0.125000
G01 X276.826000 Y103.516900 Z-0.125000
G01 X276.887000 Y103.359300 Z-0.125000
G01 X277.067000 Y103.439500 Z-0.125000
G01 X279.815000 Y106.188000 Z-0.125000
G01 X279.994000 Y106.267500 Z-0.125000
G01 X280.054000 Y106.108400 Z-0.125000
G01 X279.815000 Y105.551900 Z-0.125000
G01 X277.059000 Y102.796000 Z-0.125000
G01 X276.812000 Y102.231000 Z-0.125000
G01 X276.866000 Y102.066000 Z-0.125000
G01 X277.042000 Y102.143000 Z-0.125000
G01 X279.815000 Y104.915800 Z-0.125000
G01 X279.994000 Y104.995300 Z-0.125000
G01 X280.054000 Y104.836200 Z-0.125000
G01 X279.815000 Y104.279700 Z-0.125000
G01 X277.019000 Y101.484000 Z-0.125000
G01 X276.767000 Y100.914000 Z-0.125000
G01 X276.818000 Y100.746000 Z-0.125000
G01 X276.992000 Y100.821000 Z-0.125000
G01 X279.815000 Y103.643600 Z-0.125000
G01 X279.994000 Y103.723100 Z-0.125000
G01 X280.054000 Y103.564000 Z-0.125000
G01 X279.815000 Y103.007000 Z-0.125000
G01 X276.960000 Y100.153000 Z-0.125000
G01 X276.705000 Y99.580000 Z-0.125000
G01 X276.754000 Y99.410000 Z-0.125000
G01 X276.928000 Y99.484000 Z-0.125000
G01 X279.815000 Y102.371000 Z-0.125000
G01 X279.994000 Y102.451000 Z-0.125000
G01 X280.054000 Y102.292000 Z-0.125000
G01 X279.815000 Y101.735000 Z-0.125000
G01 X276.657000 Y98.577000 Z-0.125000
G00 Z5.000000

(End cutting path id: path8334)


(Start cutting path id: path8334)
(Change tool to Default tool)

G00 Z5.000000
G00 X261.253000 Y99.077000

G01 Z-0.125000 F100.0(Penetrate)
G01 X257.378000 Y95.202000 Z-0.125000 F400.000000
G01 X256.879000 Y94.385000 Z-0.125000
G01 X256.760000 Y94.047000 Z-0.125000
G01 X256.858000 Y94.045000 Z-0.125000
G01 X267.647000 Y104.834600 Z-0.125000
G01 X267.845000 Y104.932800 Z-0.125000
G01 X267.946000 Y104.815100 Z-0.125000
G01 X267.767000 Y104.318500 Z-0.125000
G01 X256.749000 Y93.300000 Z-0.125000
G01 X256.469000 Y92.702000 Z-0.125000
G01 X256.501000 Y92.515000 Z-0.125000
G01 X256.667000 Y92.582000 Z-0.125000
G01 X267.820000 Y103.735100 Z-0.125000
G01 X268.001000 Y103.816700 Z-0.125000
G01 X268.065000 Y103.662400 Z-0.125000
G01 X267.834000 Y103.113000 Z-0.125000
G01 X256.617000 Y91.896000 Z-0.125000
G01 X256.486000 Y91.666000 Z-0.125000
G01 X256.533000 Y91.494000 Z-0.125000
G01 X256.699000 Y91.441000 Z-0.125000
G01 X256.926000 Y91.568000 Z-0.125000
G01 X267.809000 Y102.452000 Z-0.125000
G01 X267.975000 Y102.518000 Z-0.125000
G01 X268.004000 Y102.328000 Z-0.125000
G01 X267.721000 Y101.728000 Z-0.125000
G01 X257.568000 Y91.574000 Z-0.125000
G01 X257.489000 Y91.396000 Z-0.125000
G01 X257.650000 Y91.338000 Z-0.125000
G01 X258.209000 Y91.579000 Z-0.125000
G01 X260.746000 Y94.116000 Z-0.125000
G01 X261.302000 Y94.354000 Z-0.125000
G01 X261.461000 Y94.295000 Z-0.125000
G01 X261.382000 Y94.116000 Z-0.125000
G01 X258.851000 Y91.585000 Z-0.125000
G01 X258.772000 Y91.406000 Z-0.125000
G01 X258.933000 Y91.349000 Z-0.125000
G01 X259.492000 Y91.590000 Z-0.125000
G01 X262.018000 Y94.116000 Z-0.125000
G01 X262.574000 Y94.354000 Z-0.125000
G01 X262.733000 Y94.294000 Z-0.125000
G01 X262.654000 Y94.116000 Z-0.125000
G01 X260.133000 Y91.595000 Z-0.125000
G01 X260.054000 Y91.417000 Z-0.125000
G01 X260.215000 Y91.359000 Z-0.125000
G01 X260.774000 Y91.600000 Z-0.125000
G01 X263.290000 Y94.115000 Z-0.125000
G01 X263.847000 Y94.354000 Z-0.125000
G01 X264.006000 Y94.294000 Z-0.125000
G01 X263.926000 Y94.115000 Z-0.125000
G01 X261.416000 Y91.605000 Z-0.125000
G01 X261.337000 Y91.427000 Z-0.125000
G01 X261.498000 Y91.369000 Z-0.125000
G01 X262.057000 Y91.610000 Z-0.125000
G01 X264.562000 Y94.115000 Z-0.125000
G01 X265.119000 Y94.354000 Z-0.125000
G01 X265.278000 Y94.294000 Z-0.125000
G01 X265.198000 Y94.115000 Z-0.125000
G01 X262.698000 Y91.615000 Z-0.125000
G01 X262.619000 Y91.437000 Z-0.125000
G01 X262.780000 Y91.379000 Z-0.125000
G01 X263.339000 Y91.620000 Z-0.125000
G01 X265.834000 Y94.115000 Z-0.125000
G01 X266.391000 Y94.354000 Z-0.125000
G01 X266.550000 Y94.294000 Z-0.125000
G01 X266.471000 Y94.115000 Z-0.125000
G01 X263.981000 Y91.625000 Z-0.125000
G01 X263.902000 Y91.447000 Z-0.125000
G01 X264.063000 Y91.389000 Z-0.125000
G01 X264.622000 Y91.630000 Z-0.125000
G01 X267.107000 Y94.115000 Z-0.125000
G01 X267.663000 Y94.353000 Z-0.125000
G01 X267.822000 Y94.294000 Z-0.125000
G01 X267.743000 Y94.115000 Z-0.125000
G01 X265.263000 Y91.635000 Z-0.125000
G01 X265.184000 Y91.457000 Z-0.125000
G01 X265.345000 Y91.399000 Z-0.125000
G01 X265.904000 Y91.640000 Z-0.125000
G01 X267.939000 Y93.675000 Z-0.125000
G01 X268.114000 Y93.751000 Z-0.125000
G01 X268.167000 Y93.585000 Z-0.125000
G01 X267.917000 Y93.017000 Z-0.125000
G01 X266.546000 Y91.645000 Z-0.125000
G01 X266.467000 Y91.467000 Z-0.125000
G01 X266.628000 Y91.409000 Z-0.125000
G01 X267.187000 Y91.650000 Z-0.125000
G01 X267.896000 Y92.359000 Z-0.125000
G01 X268.071000 Y92.435000 Z-0.125000
G01 X268.123000 Y92.269000 Z-0.125000
G01 X267.874000 Y91.701000 Z-0.125000
G01 X267.590000 Y91.417000 Z-0.125000
G00 Z5.000000

(End cutting path id: path8334)


(Start cutting path id: path8334)
(Change tool to Default tool)

G00 Z5.000000
G00 X259.925000 Y104.108800

G01 Z-0.125000 F100.0(Penetrate)
G01 X258.707000 Y102.891000 Z-0.125000 F400.000000
G01 X258.627000 Y102.712000 Z-0.125000
G01 X258.786000 Y102.653000 Z-0.125000
G01 X259.343000 Y102.891000 Z-0.125000
G01 X259.787000 Y103.334900 Z-0.125000
G00 Z5.000000

(End cutting path id: path8334)


(Start cutting path id: path8334)
(Change tool to Default tool)

G00 Z5.000000
G00 X255.022000 Y120.688200

G01 Z-0.125000 F100.0(Penetrate)
G01 X257.944000 Y121.186700 Z-0.125000 F400.000000
G01 X260.736000 Y121.901300 Z-0.125000
G01 X263.469000 Y122.854100 Z-0.125000
G01 X266.216000 Y124.067000 Z-0.125000
G01 X269.513000 Y125.878100 Z-0.125000
G01 X272.552000 Y127.968300 Z-0.125000
G01 X275.325000 Y130.313600 Z-0.125000
G01 X277.823000 Y132.889500 Z-0.125000
G01 X280.037000 Y135.672000 Z-0.125000
G01 X281.960000 Y138.636700 Z-0.125000
G01 X283.583000 Y141.759500 Z-0.125000
G01 X284.897000 Y145.016100 Z-0.125000
G01 X285.894000 Y148.382300 Z-0.125000
G01 X286.566000 Y151.833800 Z-0.125000
G01 X286.903000 Y155.346500 Z-0.125000
G01 X286.898000 Y158.896100 Z-0.125000
G01 X286.543000 Y162.458300 Z-0.125000
G01 X285.828000 Y166.009000 Z-0.125000
G01 X284.745000 Y169.523900 Z-0.125000
G01 X283.285000 Y172.978800 Z-0.125000
G01 X281.748000 Y175.855800 Z-0.125000
G01 X280.016000 Y178.489900 Z-0.125000
G01 X278.019000 Y180.978600 Z-0.125000
G01 X275.685000 Y183.419400 Z-0.125000
G01 X273.288000 Y185.560500 Z-0.125000
G01 X270.764000 Y187.456600 Z-0.125000
G01 X268.115000 Y189.106700 Z-0.125000
G01 X265.344000 Y190.510000 Z-0.125000
G01 X262.452000 Y191.665600 Z-0.125000
G01 X259.440000 Y192.572800 Z-0.125000
G01 X256.312000 Y193.230780 Z-0.125000
G01 X253.068000 Y193.638590 Z-0.125000
G01 X237.524000 Y193.779290 Z-0.125000
G01 X191.349000 Y193.774740 Z-0.125000
G01 X154.386000 Y193.728530 Z-0.125000
G01 X136.324000 Y193.611270 Z-0.125000
G01 X132.027000 Y193.484220 Z-0.125000
G01 X129.631000 Y193.289290 Z-0.125000
G01 X128.193000 Y193.009800 Z-0.125000
G01 X126.773000 Y192.628900 Z-0.125000
G01 X124.422000 Y191.946900 Z-0.125000
G01 X122.136000 Y191.111100 Z-0.125000
G01 X119.920000 Y190.127800 Z-0.125000
G01 X117.781000 Y189.003300 Z-0.125000
G01 X115.725000 Y187.743700 Z-0.125000
G01 X113.759000 Y186.355400 Z-0.125000
G01 X111.889000 Y184.844500 Z-0.125000
G01 X110.121000 Y183.217300 Z-0.125000
G01 X108.462000 Y181.480100 Z-0.125000
G01 X106.918000 Y179.639100 Z-0.125000
G01 X105.495000 Y177.700500 Z-0.125000
G01 X104.200000 Y175.670700 Z-0.125000
G01 X103.039000 Y173.555700 Z-0.125000
G01 X102.019000 Y171.361900 Z-0.125000
G01 X101.146000 Y169.095600 Z-0.125000
G01 X100.426000 Y166.762900 Z-0.125000
G01 X99.695300 Y163.525400 Z-0.125000
G01 X99.257000 Y160.280400 Z-0.125000
G01 X99.109500 Y157.039300 Z-0.125000
G01 X99.252000 Y153.813100 Z-0.125000
G01 X99.683300 Y150.613300 Z-0.125000
G01 X100.402000 Y147.451000 Z-0.125000
G01 X101.408000 Y144.337500 Z-0.125000
G01 X102.700000 Y141.284100 Z-0.125000
G01 X104.951000 Y137.239000 Z-0.125000
G01 X107.673000 Y133.544500 Z-0.125000
G01 X110.819000 Y130.234100 Z-0.125000
G01 X114.344000 Y127.341600 Z-0.125000
G01 X118.200000 Y124.900700 Z-0.125000
G01 X122.341000 Y122.944900 Z-0.125000
G01 X126.720000 Y121.508100 Z-0.125000
G01 X131.290000 Y120.623800 Z-0.125000
G01 X192.755000 Y120.438900 Z-0.125000
G01 X242.871000 Y120.467300 Z-0.125000
G01 X251.906000 Y120.546700 Z-0.125000
G01 X255.022000 Y120.688200 Z-0.125000
G01 X255.022000 Y120.688200 Z-0.125000
G00 Z5.000000

(End cutting path id: path8334)


(Start cutting path id: path8334)
(Change tool to Default tool)

G00 Z5.000000
G00 X267.563000 Y123.196500

G01 Z-0.125000 F100.0(Penetrate)
G01 X271.163000 Y126.796300 Z-0.125000 F400.000000
G00 Z5.000000

(End cutting path id: path8334)


(Start cutting path id: path8334)
(Change tool to Default tool)

G00 Z5.000000
G00 X272.343000 Y126.068300

G01 Z-0.125000 F100.0(Penetrate)
G01 X281.518000 Y135.243300 Z-0.125000 F400.000000
G00 Z5.000000

(End cutting path id: path8334)


(Start cutting path id: path8334)
(Change tool to Default tool)

G00 Z5.000000
G00 X282.428000 Y136.788900

G01 Z-0.125000 F100.0(Penetrate)
G01 X270.486000 Y124.846900 Z-0.125000 F400.000000
G00 Z5.000000

(End cutting path id: path8334)


(Start cutting path id: path8334)
(Change tool to Default tool)

G00 Z5.000000
G00 X269.461000 Y125.730800

G01 Z-0.125000 F100.0(Penetrate)
G01 X266.344000 Y122.613900 Z-0.125000 F400.000000
G00 Z5.000000

(End cutting path id: path8334)


(Start cutting path id: path8334)
(Change tool to Default tool)

G00 Z5.000000
G00 X268.939000 Y123.936500

G01 Z-0.125000 F100.0(Penetrate)
G01 X274.587000 Y129.584500 Z-0.125000 F400.000000
G00 Z5.000000

(End cutting path id: path8334)


(Start cutting path id: path8334)
(Change tool to Default tool)

G00 Z5.000000
G00 X279.485000 Y132.574100

G01 Z-0.125000 F100.0(Penetrate)
G01 X274.594000 Y127.682900 Z-0.125000 F400.000000
G00 Z5.000000

(End cutting path id: path8334)


(Start cutting path id: path8334)
(Change tool to Default tool)

G00 Z5.000000
G00 X283.355000 Y138.352900

G01 Z-0.125000 F100.0(Penetrate)
G01 X277.319000 Y132.316200 Z-0.125000 F400.000000
G00 Z5.000000

(End cutting path id: path8334)


(Start cutting path id: path8334)
(Change tool to Default tool)

G00 Z5.000000
G00 X282.546000 Y139.451700

G01 Z-0.125000 F100.0(Penetrate)
G01 X284.997000 Y141.902600 Z-0.125000 F400.000000
G01 X285.094000 Y141.900200 Z-0.125000
G01 X284.973000 Y141.560900 Z-0.125000
G01 X284.472000 Y140.742100 Z-0.125000
G01 X281.657000 Y137.927000 Z-0.125000
G00 Z5.000000

(End cutting path id: path8334)


(Start cutting path id: path8334)
(Change tool to Default tool)

G00 Z5.000000
G00 X284.099000 Y139.731500

G01 Z-0.125000 F100.0(Penetrate)
G01 X280.131000 Y135.763600 Z-0.125000 F400.000000
G00 Z5.000000

(End cutting path id: path8334)


(Start cutting path id: path8334)
(Change tool to Default tool)

G00 Z5.000000
G00 X254.983000 Y135.425100

G01 Z-0.125000 F100.0(Penetrate)
G01 X258.383000 Y138.825200 Z-0.125000 F400.000000
G00 Z5.000000

(End cutting path id: path8334)


(Start cutting path id: path8334)
(Change tool to Default tool)

G00 Z5.000000
G00 X247.700000 Y143.999500

G01 Z-0.125000 F100.0(Penetrate)
G01 X248.769000 Y144.523400 Z-0.125000 F400.000000
G01 X249.500000 Y145.276400 Z-0.125000
G01 X249.921000 Y146.297400 Z-0.125000
G01 X250.056000 Y147.625400 Z-0.125000
G01 X249.999000 Y148.609600 Z-0.125000
G01 X249.804000 Y149.353000 Z-0.125000
G01 X249.430000 Y149.948800 Z-0.125000
G01 X248.837000 Y150.490200 Z-0.125000
G01 X248.167000 Y151.001800 Z-0.125000
G01 X229.983000 Y151.052900 Z-0.125000
G01 X211.385000 Y151.002600 Z-0.125000
G01 X210.807000 Y150.711100 Z-0.125000
G01 X210.183000 Y150.176800 Z-0.125000
G01 X209.649000 Y149.537100 Z-0.125000
G01 X209.340000 Y148.929500 Z-0.125000
G01 X209.169000 Y147.362400 Z-0.125000
G01 X209.502000 Y145.936000 Z-0.125000
G01 X210.277000 Y144.789700 Z-0.125000
G01 X210.812000 Y144.365300 Z-0.125000
G01 X211.435000 Y144.063300 Z-0.125000
G01 X212.486000 Y143.931700 Z-0.125000
G01 X215.295000 Y143.851800 Z-0.125000
G01 X229.622000 Y143.797000 Z-0.125000
G01 X243.262000 Y143.838400 Z-0.125000
G01 X247.700000 Y143.999500 Z-0.125000
G01 X247.700000 Y143.999500 Z-0.125000
G00 Z5.000000

(End cutting path id: path8334)


(Start cutting path id: path8334)
(Change tool to Default tool)

G00 Z5.000000
G00 X249.916000 Y149.436300

G01 Z-0.125000 F100.0(Penetrate)
G01 X256.777000 Y156.297600 Z-0.125000 F400.000000
G01 X257.003000 Y156.423500 Z-0.125000
G01 X257.164000 Y156.366600 Z-0.125000
G01 X257.207000 Y156.190500 Z-0.125000
G01 X257.074000 Y155.958600 Z-0.125000
G01 X250.310000 Y149.193800 Z-0.125000
G01 X250.115000 Y148.681100 Z-0.125000
G01 X250.205000 Y148.552300 Z-0.125000
G01 X250.397000 Y148.645600 Z-0.125000
G01 X257.366000 Y155.614500 Z-0.125000
G01 X257.591000 Y155.739600 Z-0.125000
G01 X257.751000 Y155.680900 Z-0.125000
G01 X257.791000 Y155.503000 Z-0.125000
G01 X257.658000 Y155.270300 Z-0.125000
G01 X250.425000 Y148.036900 Z-0.125000
G01 X250.180000 Y147.474500 Z-0.125000
G01 X250.236000 Y147.311500 Z-0.125000
G01 X250.413000 Y147.389200 Z-0.125000
G01 X257.948000 Y154.923800 Z-0.125000
G01 X258.171000 Y155.047800 Z-0.125000
G01 X258.329000 Y154.986600 Z-0.125000
G01 X258.367000 Y154.806300 Z-0.125000
G01 X258.233000 Y154.572500 Z-0.125000
G01 X250.038000 Y146.377600 Z-0.125000
G00 Z5.000000

(End cutting path id: path8334)


(Start cutting path id: path8334)
(Change tool to Default tool)

G00 Z5.000000
G00 X238.278000 Y151.161800

G01 Z-0.125000 F100.0(Penetrate)
G01 X259.353000 Y172.236700 Z-0.125000 F400.000000
G01 X259.564000 Y172.348300 Z-0.125000
G01 X259.695000 Y172.260000 Z-0.125000
G01 X259.706000 Y172.052400 Z-0.125000
G01 X259.559000 Y171.806200 Z-0.125000
G01 X239.151000 Y151.398500 Z-0.125000
G01 X239.072000 Y151.219300 Z-0.125000
G01 X239.230000 Y151.159100 Z-0.125000
G01 X239.786000 Y151.396700 Z-0.125000
G01 X259.753000 Y171.363800 Z-0.125000
G01 X259.960000 Y171.471600 Z-0.125000
G01 X260.082000 Y171.374900 Z-0.125000
G01 X260.085000 Y171.159000 Z-0.125000
G01 X259.934000 Y170.909000 Z-0.125000
G01 X240.420000 Y151.394900 Z-0.125000
G01 X240.340000 Y151.215700 Z-0.125000
G01 X240.499000 Y151.155500 Z-0.125000
G01 X241.054000 Y151.393100 Z-0.125000
G01 X260.102000 Y170.441300 Z-0.125000
G01 X260.306000 Y170.545000 Z-0.125000
G01 X260.418000 Y170.439100 Z-0.125000
G01 X260.412000 Y170.214000 Z-0.125000
G01 X260.257000 Y169.959900 Z-0.125000
G01 X241.689000 Y151.391300 Z-0.125000
G01 X241.609000 Y151.212200 Z-0.125000
G01 X241.767000 Y151.151900 Z-0.125000
G01 X242.323000 Y151.389500 Z-0.125000
G01 X260.412000 Y169.478100 Z-0.125000
G01 X260.606000 Y169.573500 Z-0.125000
G01 X260.701000 Y169.449200 Z-0.125000
G01 X260.513000 Y168.943200 Z-0.125000
G01 X242.957000 Y151.387800 Z-0.125000
G01 X242.877000 Y151.208600 Z-0.125000
G01 X243.036000 Y151.148300 Z-0.125000
G01 X243.592000 Y151.386000 Z-0.125000
G01 X260.606000 Y168.400400 Z-0.125000
G01 X260.796000 Y168.490800 Z-0.125000
G01 X260.879000 Y168.355700 Z-0.125000
G01 X260.676000 Y167.833900 Z-0.125000
G01 X244.226000 Y151.384300 Z-0.125000
G01 X244.147000 Y151.205100 Z-0.125000
G01 X244.305000 Y151.144800 Z-0.125000
G01 X244.861000 Y151.382500 Z-0.125000
G01 X260.730000 Y167.252000 Z-0.125000
G01 X260.915000 Y167.337500 Z-0.125000
G01 X260.988000 Y167.191700 Z-0.125000
G01 X260.769000 Y166.654300 Z-0.125000
G01 X245.495000 Y151.380700 Z-0.125000
G01 X245.415000 Y151.201500 Z-0.125000
G01 X245.574000 Y151.141200 Z-0.125000
G01 X246.129000 Y151.378900 Z-0.125000
G01 X260.786000 Y166.036000 Z-0.125000
G01 X260.966000 Y166.115800 Z-0.125000
G01 X261.026000 Y165.957400 Z-0.125000
G01 X260.788000 Y165.401700 Z-0.125000
G01 X246.764000 Y151.377200 Z-0.125000
G01 X246.684000 Y151.198000 Z-0.125000
G01 X246.842000 Y151.137700 Z-0.125000
G01 X247.398000 Y151.375400 Z-0.125000
G01 X260.766000 Y164.743300 Z-0.125000
G01 X260.937000 Y164.815200 Z-0.125000
G01 X260.980000 Y164.639500 Z-0.125000
G01 X260.718000 Y164.058600 Z-0.125000
G01 X248.032000 Y151.373600 Z-0.125000
G01 X247.938000 Y151.179800 Z-0.125000
G01 X248.064000 Y151.087500 Z-0.125000
G01 X248.573000 Y151.278500 Z-0.125000
G01 X260.619000 Y163.324000 Z-0.125000
G01 X260.780000 Y163.385800 Z-0.125000
G01 X260.801000 Y163.187700 Z-0.125000
G01 X260.505000 Y162.574300 Z-0.125000
G01 X248.934000 Y151.003300 Z-0.125000
G01 X248.811000 Y150.781000 Z-0.125000
G01 X248.875000 Y150.625900 Z-0.125000
G01 X249.058000 Y150.590200 Z-0.125000
G01 X249.293000 Y150.725700 Z-0.125000
G01 X260.092000 Y161.525500 Z-0.125000
G01 X260.196000 Y161.529400 Z-0.125000
G01 X260.089000 Y161.204100 Z-0.125000
G01 X259.609000 Y160.405600 Z-0.125000
G01 X249.628000 Y150.425100 Z-0.125000
G01 X249.495000 Y150.192200 Z-0.125000
G01 X249.535000 Y150.013800 Z-0.125000
G01 X249.695000 Y149.954700 Z-0.125000
G01 X249.919000 Y150.079600 Z-0.125000
G01 X259.276000 Y159.436800 Z-0.125000
G00 Z5.000000

(End cutting path id: path8334)


(Start cutting path id: path8334)
(Change tool to Default tool)

G00 Z5.000000
G00 X248.353000 Y162.612700

G01 Z-0.125000 F100.0(Penetrate)
G01 X249.154000 Y163.103300 Z-0.125000 F400.000000
G01 X249.647000 Y163.714700 Z-0.125000
G01 X249.895000 Y164.573600 Z-0.125000
G01 X249.964000 Y165.806800 Z-0.125000
G01 X249.885000 Y167.319500 Z-0.125000
G01 X249.436000 Y168.156700 Z-0.125000
G01 X248.833000 Y168.747500 Z-0.125000
G01 X248.124000 Y169.195900 Z-0.125000
G01 X247.310000 Y169.390200 Z-0.125000
G01 X244.956000 Y169.488000 Z-0.125000
G01 X229.358000 Y169.493800 Z-0.125000
G01 X211.378000 Y169.444600 Z-0.125000
G01 X210.676000 Y168.886200 Z-0.125000
G01 X210.038000 Y168.249000 Z-0.125000
G01 X209.559000 Y167.495400 Z-0.125000
G01 X209.259000 Y166.665500 Z-0.125000
G01 X209.157000 Y165.799500 Z-0.125000
G01 X209.459000 Y164.271300 Z-0.125000
G01 X209.782000 Y163.602300 Z-0.125000
G01 X210.177000 Y163.111800 Z-0.125000
G01 X210.517000 Y162.810200 Z-0.125000
G01 X210.934000 Y162.586800 Z-0.125000
G01 X213.036000 Y162.328100 Z-0.125000
G01 X229.592000 Y162.232900 Z-0.125000
G01 X245.373000 Y162.280400 Z-0.125000
G01 X247.602000 Y162.393500 Z-0.125000
G01 X248.353000 Y162.612700 Z-0.125000
G01 X248.353000 Y162.612700 Z-0.125000
G00 Z5.000000

(End cutting path id: path8334)


(Start cutting path id: path8334)
(Change tool to Default tool)

G00 Z5.000000
G00 X238.548000 Y132.980200

G01 Z-0.125000 F100.0(Penetrate)
G01 X259.012000 Y153.443500 Z-0.125000 F400.000000
G01 X259.228000 Y153.560100 Z-0.125000
G01 X259.369000 Y153.482700 Z-0.125000
G01 X259.391000 Y153.286000 Z-0.125000
G01 X259.249000 Y153.044800 Z-0.125000
G01 X239.423000 Y133.218500 Z-0.125000
G01 X239.343000 Y133.039500 Z-0.125000
G01 X239.502000 Y132.979800 Z-0.125000
G01 X240.059000 Y133.218200 Z-0.125000
G01 X259.469000 Y152.632900 Z-0.125000
G01 X259.681000 Y152.744900 Z-0.125000
G01 X259.812000 Y152.657300 Z-0.125000
G01 X259.824000 Y152.450500 Z-0.125000
G01 X259.677000 Y152.204700 Z-0.125000
G01 X240.692000 Y133.219400 Z-0.125000
G01 X240.613000 Y133.040900 Z-0.125000
G01 X240.772000 Y132.981900 Z-0.125000
G01 X241.330000 Y133.221400 Z-0.125000
G01 X259.871000 Y151.762500 Z-0.125000
G01 X260.078000 Y151.870000 Z-0.125000
G01 X260.199000 Y151.772500 Z-0.125000
G01 X260.201000 Y151.555800 Z-0.125000
G01 X260.050000 Y151.305500 Z-0.125000
G01 X241.968000 Y133.223500 Z-0.125000
G01 X241.889000 Y133.045000 Z-0.125000
G01 X242.049000 Y132.986100 Z-0.125000
G01 X242.606000 Y133.225600 Z-0.125000
G01 X260.213000 Y150.832500 Z-0.125000
G01 X260.415000 Y150.934800 Z-0.125000
G01 X260.525000 Y150.825900 Z-0.125000
G01 X260.359000 Y150.342300 Z-0.125000
G01 X243.245000 Y133.227800 Z-0.125000
G01 X243.165000 Y133.049200 Z-0.125000
G01 X243.325000 Y132.990300 Z-0.125000
G01 X243.883000 Y133.229900 Z-0.125000
G01 X260.488000 Y149.835100 Z-0.125000
G01 X260.683000 Y149.931100 Z-0.125000
G01 X260.779000 Y149.808500 Z-0.125000
G01 X260.594000 Y149.304800 Z-0.125000
G01 X244.524000 Y133.234600 Z-0.125000
G01 X244.445000 Y133.056800 Z-0.125000
G01 X244.607000 Y132.999500 Z-0.125000
G01 X245.166000 Y133.241300 Z-0.125000
G01 X260.678000 Y148.753300 Z-0.125000
G01 X260.867000 Y148.842500 Z-0.125000
G01 X260.948000 Y148.704700 Z-0.125000
G01 X260.740000 Y148.179000 Z-0.125000
G01 X245.809000 Y133.248100 Z-0.125000
G01 X245.731000 Y133.070200 Z-0.125000
G01 X245.892000 Y133.012900 Z-0.125000
G01 X246.452000 Y133.254800 Z-0.125000
G01 X260.777000 Y147.579600 Z-0.125000
G01 X260.957000 Y147.660600 Z-0.125000
G01 X261.020000 Y147.504800 Z-0.125000
G01 X260.786000 Y146.953000 Z-0.125000
G01 X247.101000 Y133.267400 Z-0.125000
G01 X247.024000 Y133.091200 Z-0.125000
G01 X247.189000 Y133.037600 Z-0.125000
G01 X247.754000 Y133.284800 Z-0.125000
G01 X260.766000 Y146.296400 Z-0.125000
G01 X260.937000 Y146.368300 Z-0.125000
G01 X260.980000 Y146.192500 Z-0.125000
G01 X260.717000 Y145.611500 Z-0.125000
G01 X248.417000 Y133.311100 Z-0.125000
G01 X248.344000 Y133.139100 Z-0.125000
G01 X248.518000 Y133.094500 Z-0.125000
G01 X249.097000 Y133.355000 Z-0.125000
G01 X260.646000 Y144.904500 Z-0.125000
G01 X260.808000 Y144.966500 Z-0.125000
G01 X260.829000 Y144.768900 Z-0.125000
G01 X260.534000 Y144.156200 Z-0.125000
G01 X249.824000 Y133.446300 Z-0.125000
G01 X249.776000 Y133.298500 Z-0.125000
G01 X250.003000 Y133.307600 Z-0.125000
G01 X250.660000 Y133.645900 Z-0.125000
G01 X260.359000 Y143.345300 Z-0.125000
G01 X260.494000 Y143.380700 Z-0.125000
G01 X260.457000 Y143.124700 Z-0.125000
G01 X260.077000 Y142.427100 Z-0.125000
G01 X251.580000 Y133.930000 Z-0.125000
G01 X251.564000 Y133.814700 Z-0.125000
G01 X251.863000 Y133.894900 Z-0.125000
G01 X252.623000 Y134.336900 Z-0.125000
G01 X259.654000 Y141.367400 Z-0.125000
G01 X259.759000 Y141.373100 Z-0.125000
G01 X259.656000 Y141.051500 Z-0.125000
G01 X259.181000 Y140.258500 Z-0.125000
G01 X253.586000 Y134.663600 Z-0.125000
G00 Z5.000000

(End cutting path id: path8334)


(Start cutting path id: path8334)
(Change tool to Default tool)

G00 Z5.000000
G00 X209.792000 Y133.018100

G01 Z-0.125000 F100.0(Penetrate)
G01 X207.366000 Y133.725800 Z-0.125000 F400.000000
G01 X205.148000 Y134.819200 Z-0.125000
G01 X203.173000 Y136.255400 Z-0.125000
G01 X201.475000 Y137.991500 Z-0.125000
G01 X200.090000 Y139.984700 Z-0.125000
G01 X199.055000 Y142.192000 Z-0.125000
G01 X198.403000 Y144.570600 Z-0.125000
G01 X198.171000 Y147.077700 Z-0.125000
G01 X198.340000 Y149.371000 Z-0.125000
G01 X198.879000 Y151.468800 Z-0.125000
G01 X199.807000 Y153.425500 Z-0.125000
G01 X201.145000 Y155.295600 Z-0.125000
G01 X202.230000 Y156.587300 Z-0.125000
G01 X201.204000 Y157.720500 Z-0.125000
G01 X200.363000 Y158.809000 Z-0.125000
G01 X199.578000 Y160.117700 Z-0.125000
G01 X198.921000 Y161.515300 Z-0.125000
G01 X198.460000 Y162.870900 Z-0.125000
G01 X198.225000 Y164.358200 Z-0.125000
G01 X198.166000 Y166.173000 Z-0.125000
G01 X198.277000 Y168.025900 Z-0.125000
G01 X198.554000 Y169.627200 Z-0.125000
G01 X199.174000 Y171.499000 Z-0.125000
G01 X200.016000 Y173.243100 Z-0.125000
G01 X201.067000 Y174.844100 Z-0.125000
G01 X202.311000 Y176.287000 Z-0.125000
G01 X203.733000 Y177.556800 Z-0.125000
G01 X205.318000 Y178.638100 Z-0.125000
G01 X207.052000 Y179.516000 Z-0.125000
G01 X208.920000 Y180.175200 Z-0.125000
G01 X210.036000 Y180.407000 Z-0.125000
G01 X212.469000 Y180.532800 Z-0.125000
G01 X228.508000 Y180.636200 Z-0.125000
G01 X242.520000 Y180.632300 Z-0.125000
G01 X248.354000 Y180.502600 Z-0.125000
G01 X250.524000 Y180.083100 Z-0.125000
G01 X252.572000 Y179.353600 Z-0.125000
G01 X254.471000 Y178.338200 Z-0.125000
G01 X256.192000 Y177.060900 Z-0.125000
G01 X257.708000 Y175.545400 Z-0.125000
G01 X258.991000 Y173.815800 Z-0.125000
G01 X260.013000 Y171.895900 Z-0.125000
G01 X260.746000 Y169.809800 Z-0.125000
G01 X261.025000 Y168.284500 Z-0.125000
G01 X261.153000 Y166.504600 Z-0.125000
G01 X261.124000 Y164.737800 Z-0.125000
G01 X260.930000 Y163.251500 Z-0.125000
G01 X260.481000 Y161.789900 Z-0.125000
G01 X259.801000 Y160.251400 Z-0.125000
G01 X258.976000 Y158.806700 Z-0.125000
G01 X258.091000 Y157.626800 Z-0.125000
G01 X257.158000 Y156.582600 Z-0.125000
G01 X258.190000 Y155.366200 Z-0.125000
G01 X259.576000 Y153.394300 Z-0.125000
G01 X260.532000 Y151.259700 Z-0.125000
G01 X261.054000 Y148.973300 Z-0.125000
G01 X261.137000 Y146.545700 Z-0.125000
G01 X260.997000 Y144.972400 Z-0.125000
G01 X260.741000 Y143.617000 Z-0.125000
G01 X260.329000 Y142.320500 Z-0.125000
G01 X259.721000 Y140.923900 Z-0.125000
G01 X258.957000 Y139.538000 Z-0.125000
G01 X258.048000 Y138.255000 Z-0.125000
G01 X257.006000 Y137.083600 Z-0.125000
G01 X255.841000 Y136.032400 Z-0.125000
G01 X254.563000 Y135.109900 Z-0.125000
G01 X253.184000 Y134.324800 Z-0.125000
G01 X251.714000 Y133.685600 Z-0.125000
G01 X250.163000 Y133.200900 Z-0.125000
G01 X248.974000 Y132.992700 Z-0.125000
G01 X246.334000 Y132.885200 Z-0.125000
G01 X229.620000 Y132.852800 Z-0.125000
G01 X209.791000 Y133.018100 Z-0.125000
G01 X209.792000 Y133.018100 Z-0.125000
G00 Z5.000000

(End cutting path id: path8334)


(Start cutting path id: path8334)
(Change tool to Default tool)

G00 Z5.000000
G00 X199.915000 Y153.508400

G01 Z-0.125000 F100.0(Penetrate)
G01 X209.538000 Y163.131100 Z-0.125000 F400.000000
G01 X209.763000 Y163.256800 Z-0.125000
G01 X209.924000 Y163.199500 Z-0.125000
G01 X209.966000 Y163.022900 Z-0.125000
G01 X209.834000 Y162.790900 Z-0.125000
G01 X199.624000 Y152.581000 Z-0.125000
G01 X199.170000 Y151.808700 Z-0.125000
G01 X199.081000 Y151.501400 Z-0.125000
G01 X199.192000 Y151.513500 Z-0.125000
G01 X210.170000 Y162.490800 Z-0.125000
G01 X210.411000 Y162.632900 Z-0.125000
G01 X210.608000 Y162.611500 Z-0.125000
G01 X210.686000 Y162.470900 Z-0.125000
G01 X210.570000 Y162.255100 Z-0.125000
G01 X198.919000 Y150.604300 Z-0.125000
G01 X198.595000 Y149.962100 Z-0.125000
G01 X198.596000 Y149.744100 Z-0.125000
G01 X198.748000 Y149.796800 Z-0.125000
G01 X211.069000 Y162.117500 Z-0.125000
G01 X211.587000 Y162.317800 Z-0.125000
G01 X211.720000 Y162.231800 Z-0.125000
G01 X211.628000 Y162.041000 Z-0.125000
G01 X198.635000 Y149.047700 Z-0.125000
G01 X198.366000 Y148.461000 Z-0.125000
G01 X198.405000 Y148.281200 Z-0.125000
G01 X198.575000 Y148.351300 Z-0.125000
G01 X212.215000 Y161.991200 Z-0.125000
G01 X212.754000 Y162.212400 Z-0.125000
G01 X212.901000 Y162.140800 Z-0.125000
G01 X212.816000 Y161.956500 Z-0.125000
G01 X198.548000 Y147.688300 Z-0.125000
G01 X198.310000 Y147.132400 Z-0.125000
G01 X198.370000 Y146.973900 Z-0.125000
G01 X198.549000 Y147.053600 Z-0.125000
G01 X213.430000 Y161.935100 Z-0.125000
G01 X213.978000 Y162.164900 Z-0.125000
G01 X214.131000 Y162.099200 Z-0.125000
G01 X214.049000 Y161.917600 Z-0.125000
G01 X198.575000 Y146.444300 Z-0.125000
G01 X198.362000 Y145.912900 Z-0.125000
G01 X198.439000 Y145.771200 Z-0.125000
G01 X198.626000 Y145.858600 Z-0.125000
G01 X214.672000 Y161.905000 Z-0.125000
G01 X215.224000 Y162.138500 Z-0.125000
G01 X215.379000 Y162.075400 Z-0.125000
G01 X215.298000 Y161.895000 Z-0.125000
G01 X198.698000 Y145.294300 Z-0.125000
G01 X198.505000 Y144.783200 Z-0.125000
G01 X198.596000 Y144.655500 Z-0.125000
G01 X198.789000 Y144.749200 Z-0.125000
G01 X215.927000 Y161.887900 Z-0.125000
G01 X216.480000 Y162.123000 Z-0.125000
G01 X216.637000 Y162.061000 Z-0.125000
G01 X216.557000 Y161.881100 Z-0.125000
G01 X198.897000 Y144.221800 Z-0.125000
G01 X198.723000 Y143.729100 Z-0.125000
G01 X198.826000 Y143.613900 Z-0.125000
G01 X199.025000 Y143.713400 Z-0.125000
G01 X217.189000 Y161.877300 Z-0.125000
G01 X217.744000 Y162.114000 Z-0.125000
G01 X217.901000 Y162.053100 Z-0.125000
G01 X217.821000 Y161.873600 Z-0.125000
G01 X199.169000 Y143.220400 Z-0.125000
G01 X199.014000 Y142.966700 Z-0.125000
G01 X199.009000 Y142.742400 Z-0.125000
G01 X199.122000 Y142.637500 Z-0.125000
G01 X199.326000 Y142.741600 Z-0.125000
G01 X218.455000 Y161.870400 Z-0.125000
G01 X219.011000 Y162.108400 Z-0.125000
G01 X219.169000 Y162.048400 Z-0.125000
G01 X219.090000 Y161.869300 Z-0.125000
G01 X199.496000 Y142.275900 Z-0.125000
G01 X199.346000 Y142.026200 Z-0.125000
G01 X199.349000 Y141.810800 Z-0.125000
G01 X199.472000 Y141.714600 Z-0.125000
G01 X199.679000 Y141.822700 Z-0.125000
G01 X219.725000 Y161.868200 Z-0.125000
G01 X220.281000 Y162.106200 Z-0.125000
G01 X220.439000 Y162.046200 Z-0.125000
G01 X220.360000 Y161.867100 Z-0.125000
G01 X199.874000 Y141.381400 Z-0.125000
G01 X199.728000 Y141.136000 Z-0.125000
G01 X199.741000 Y140.930200 Z-0.125000
G01 X199.873000 Y140.843600 Z-0.125000
G01 X200.085000 Y140.956100 Z-0.125000
G01 X221.233000 Y162.104600 Z-0.125000
G00 Z5.000000

(End cutting path id: path8334)


(Start cutting path id: path8334)
(Change tool to Default tool)

G00 Z5.000000
G00 X209.560000 Y167.606000

G01 Z-0.125000 F100.0(Penetrate)
G01 X200.861000 Y158.906700 Z-0.125000 F400.000000
G01 X200.724000 Y158.670500 Z-0.125000
G01 X200.757000 Y158.484900 Z-0.125000
G01 X200.910000 Y158.418600 Z-0.125000
G01 X201.131000 Y158.540200 Z-0.125000
G01 X208.925000 Y166.334500 Z-0.125000
G01 X209.082000 Y166.392300 Z-0.125000
G01 X209.094000 Y166.185500 Z-0.125000
G01 X208.786000 Y165.559400 Z-0.125000
G01 X201.417000 Y158.190500 Z-0.125000
G01 X201.285000 Y157.959000 Z-0.125000
G01 X201.328000 Y157.783600 Z-0.125000
G01 X201.491000 Y157.727500 Z-0.125000
G01 X201.716000 Y157.853800 Z-0.125000
G01 X208.835000 Y164.972500 Z-0.125000
G01 X209.032000 Y165.069600 Z-0.125000
G01 X209.130000 Y164.949300 Z-0.125000
G01 X208.948000 Y164.449100 Z-0.125000
G01 X202.019000 Y157.519900 Z-0.125000
G01 X201.887000 Y157.288800 Z-0.125000
G01 X201.931000 Y157.114400 Z-0.125000
G01 X202.095000 Y157.059300 Z-0.125000
G01 X202.321000 Y157.186000 Z-0.125000
G01 X209.103000 Y163.968300 Z-0.125000
G01 X209.313000 Y164.078700 Z-0.125000
G01 X209.440000 Y163.987500 Z-0.125000
G01 X209.449000 Y163.777000 Z-0.125000
G01 X209.301000 Y163.529600 Z-0.125000
G01 X202.391000 Y156.619500 Z-0.125000
G00 Z5.000000

(End cutting path id: path8334)


(Start cutting path id: path8334)
(Change tool to Default tool)

G00 Z5.000000
G00 X199.716000 Y172.392400

G01 Z-0.125000 F100.0(Penetrate)
G01 X206.288000 Y178.963900 Z-0.125000 F400.000000
G01 X207.027000 Y179.385600 Z-0.125000
G01 X207.312000 Y179.451800 Z-0.125000
G01 X207.290000 Y179.330100 Z-0.125000
G01 X199.332000 Y171.372700 Z-0.125000
G01 X198.942000 Y170.664300 Z-0.125000
G01 X198.897000 Y170.400900 Z-0.125000
G01 X199.029000 Y170.433000 Z-0.125000
G01 X208.272000 Y179.675800 Z-0.125000
G01 X208.955000 Y180.040700 Z-0.125000
G01 X209.201000 Y180.068000 Z-0.125000
G01 X209.161000 Y179.928600 Z-0.125000
G01 X198.820000 Y169.588400 Z-0.125000
G01 X198.536000 Y168.985600 Z-0.125000
G01 X198.564000 Y168.794800 Z-0.125000
G01 X198.728000 Y168.859900 Z-0.125000
G01 X209.915000 Y180.046800 Z-0.125000
G01 X210.519000 Y180.332800 Z-0.125000
G01 X210.711000 Y180.305700 Z-0.125000
G01 X210.646000 Y180.141700 Z-0.125000
G01 X198.635000 Y168.131300 Z-0.125000
G01 X198.364000 Y167.541400 Z-0.125000
G01 X198.400000 Y167.359600 Z-0.125000
G01 X198.569000 Y167.428700 Z-0.125000
G01 X211.310000 Y180.169500 Z-0.125000
G01 X211.858000 Y180.399900 Z-0.125000
G01 X212.012000 Y180.334700 Z-0.125000
G01 X211.930000 Y180.153200 Z-0.125000
G01 X198.546000 Y166.769400 Z-0.125000
G01 X198.302000 Y166.207900 Z-0.125000
G01 X198.358000 Y166.045500 Z-0.125000
G01 X198.536000 Y166.123400 Z-0.125000
G01 X212.580000 Y180.167500 Z-0.125000
G01 X213.142000 Y180.411200 Z-0.125000
G01 X213.304000 Y180.355100 Z-0.125000
G01 X213.226000 Y180.177800 Z-0.125000
G01 X198.544000 Y165.495800 Z-0.125000
G01 X198.321000 Y164.954800 Z-0.125000
G01 X198.392000 Y164.806500 Z-0.125000
G01 X198.575000 Y164.890800 Z-0.125000
G01 X213.873000 Y180.188200 Z-0.125000
G01 X214.435000 Y180.431800 Z-0.125000
G01 X214.597000 Y180.375700 Z-0.125000
G01 X214.519000 Y180.198400 Z-0.125000
G01 X198.626000 Y164.305700 Z-0.125000
G01 X198.426000 Y163.786900 Z-0.125000
G01 X198.511000 Y163.653800 Z-0.125000
G01 X198.702000 Y163.745200 Z-0.125000
G01 X215.160000 Y180.203500 Z-0.125000
G01 X215.719000 Y180.444500 Z-0.125000
G01 X215.880000 Y180.386600 Z-0.125000
G01 X215.801000 Y180.208500 Z-0.125000
G01 X198.795000 Y163.202100 Z-0.125000
G01 X198.640000 Y162.948000 Z-0.125000
G01 X198.634000 Y162.722800 Z-0.125000
G01 X198.747000 Y162.617000 Z-0.125000
G01 X198.950000 Y162.720700 Z-0.125000
G01 X216.443000 Y180.213600 Z-0.125000
G01 X217.002000 Y180.454600 Z-0.125000
G01 X217.163000 Y180.396700 Z-0.125000
G01 X217.084000 Y180.218600 Z-0.125000
G01 X199.112000 Y162.246400 Z-0.125000
G01 X198.960000 Y161.995800 Z-0.125000
G01 X198.962000 Y161.778400 Z-0.125000
G01 X199.082000 Y161.680300 Z-0.125000
G01 X199.289000 Y161.787500 Z-0.125000
G01 X217.725000 Y180.223900 Z-0.125000
G01 X218.283000 Y180.463700 Z-0.125000
G01 X218.443000 Y180.404900 Z-0.125000
G01 X218.364000 Y180.226400 Z-0.125000
G01 X199.481000 Y161.343300 Z-0.125000
G01 X199.334000 Y161.096700 Z-0.125000
G01 X199.344000 Y160.888300 Z-0.125000
G01 X199.473000 Y160.799100 Z-0.125000
G01 X199.684000 Y160.910400 Z-0.125000
G01 X219.002000 Y180.228900 Z-0.125000
G01 X219.560000 Y180.468700 Z-0.125000
G01 X219.720000 Y180.409900 Z-0.125000
G01 X219.641000 Y180.231400 Z-0.125000
G01 X199.898000 Y160.488100 Z-0.125000
G01 X199.754000 Y160.244800 Z-0.125000
G01 X199.771000 Y160.043500 Z-0.125000
G01 X199.908000 Y159.961500 Z-0.125000
G01 X200.122000 Y160.076100 Z-0.125000
G01 X220.280000 Y180.234000 Z-0.125000
G01 X220.837000 Y180.473700 Z-0.125000
G01 X220.997000 Y180.415000 Z-0.125000
G01 X220.918000 Y180.236500 Z-0.125000
G01 X200.357000 Y159.675600 Z-0.125000
G01 X200.217000 Y159.435700 Z-0.125000
G01 X200.242000 Y159.242000 Z-0.125000
G01 X200.386000 Y159.167600 Z-0.125000
G01 X200.603000 Y159.285600 Z-0.125000
G01 X221.557000 Y180.239000 Z-0.125000
G01 X222.115000 Y180.478800 Z-0.125000
G01 X222.275000 Y180.420000 Z-0.125000
G01 X222.195000 Y180.241500 Z-0.125000
G01 X211.770000 Y169.815900 Z-0.125000
G01 X211.691000 Y169.637200 Z-0.125000
G01 X211.850000 Y169.578200 Z-0.125000
G01 X212.408000 Y169.817600 Z-0.125000
G01 X222.834000 Y180.244000 Z-0.125000
G01 X223.392000 Y180.483800 Z-0.125000
G01 X223.552000 Y180.425000 Z-0.125000
G01 X223.473000 Y180.246500 Z-0.125000
G01 X213.046000 Y169.819300 Z-0.125000
G01 X212.966000 Y169.640700 Z-0.125000
G01 X213.126000 Y169.581700 Z-0.125000
G01 X213.683000 Y169.821000 Z-0.125000
G01 X224.111000 Y180.249000 Z-0.125000
G01 X224.669000 Y180.488700 Z-0.125000
G01 X224.829000 Y180.430000 Z-0.125000
G01 X224.750000 Y180.251500 Z-0.125000
G01 X214.321000 Y169.822800 Z-0.125000
G01 X214.242000 Y169.644100 Z-0.125000
G01 X214.402000 Y169.585100 Z-0.125000
G01 X214.959000 Y169.824500 Z-0.125000
G01 X225.388000 Y180.253900 Z-0.125000
G01 X225.946000 Y180.493700 Z-0.125000
G01 X226.106000 Y180.434900 Z-0.125000
G01 X226.027000 Y180.256400 Z-0.125000
G01 X215.597000 Y169.826200 Z-0.125000
G01 X215.518000 Y169.647600 Z-0.125000
G01 X215.677000 Y169.588500 Z-0.125000
G01 X216.235000 Y169.827900 Z-0.125000
G01 X226.666000 Y180.258900 Z-0.125000
G01 X227.224000 Y180.498700 Z-0.125000
G01 X227.383000 Y180.439900 Z-0.125000
G01 X227.304000 Y180.261400 Z-0.125000
G01 X216.873000 Y169.829600 Z-0.125000
G01 X216.793000 Y169.651000 Z-0.125000
G01 X216.953000 Y169.592000 Z-0.125000
G01 X217.510000 Y169.831300 Z-0.125000
G01 X227.943000 Y180.263900 Z-0.125000
G01 X228.500000 Y180.503300 Z-0.125000
G01 X228.660000 Y180.444300 Z-0.125000
G01 X228.581000 Y180.265700 Z-0.125000
G01 X218.148000 Y169.833100 Z-0.125000
G01 X218.069000 Y169.654400 Z-0.125000
G01 X218.229000 Y169.595400 Z-0.125000
G01 X218.786000 Y169.834800 Z-0.125000
G01 X229.218000 Y180.266700 Z-0.125000
G01 X229.775000 Y180.505800 Z-0.125000
G01 X229.935000 Y180.446500 Z-0.125000
G01 X229.855000 Y180.267800 Z-0.125000
G01 X219.424000 Y169.836500 Z-0.125000
G01 X219.345000 Y169.657900 Z-0.125000
G01 X219.504000 Y169.598800 Z-0.125000
G01 X220.062000 Y169.838200 Z-0.125000
G01 X230.492000 Y180.268900 Z-0.125000
G01 X231.050000 Y180.508000 Z-0.125000
G01 X231.209000 Y180.448700 Z-0.125000
G01 X231.130000 Y180.270000 Z-0.125000
G01 X220.700000 Y169.839900 Z-0.125000
G01 X220.620000 Y169.661300 Z-0.125000
G01 X220.780000 Y169.602300 Z-0.125000
G01 X221.338000 Y169.841600 Z-0.125000
G01 X231.767000 Y180.271000 Z-0.125000
G01 X232.324000 Y180.510100 Z-0.125000
G01 X232.483000 Y180.450900 Z-0.125000
G01 X232.404000 Y180.272100 Z-0.125000
G01 X221.975000 Y169.843400 Z-0.125000
G01 X221.896000 Y169.664700 Z-0.125000
G01 X222.056000 Y169.605700 Z-0.125000
G01 X222.613000 Y169.845100 Z-0.125000
G01 X233.041000 Y180.273200 Z-0.125000
G01 X233.598000 Y180.512300 Z-0.125000
G01 X233.758000 Y180.453000 Z-0.125000
G01 X233.679000 Y180.274300 Z-0.125000
G01 X223.251000 Y169.847300 Z-0.125000
G01 X223.172000 Y169.668600 Z-0.125000
G01 X223.331000 Y169.609600 Z-0.125000
G01 X223.889000 Y169.849000 Z-0.125000
G01 X234.316000 Y180.275800 Z-0.125000
G01 X234.873000 Y180.514900 Z-0.125000
G01 X235.032000 Y180.455600 Z-0.125000
G01 X234.953000 Y180.276900 Z-0.125000
G01 X224.527000 Y169.850700 Z-0.125000
G01 X224.447000 Y169.672100 Z-0.125000
G01 X224.607000 Y169.613000 Z-0.125000
G01 X225.165000 Y169.852400 Z-0.125000
G01 X235.590000 Y180.278000 Z-0.125000
G01 X236.147000 Y180.517100 Z-0.125000
G01 X236.307000 Y180.457900 Z-0.125000
G01 X236.228000 Y180.279300 Z-0.125000
G01 X225.802000 Y169.854100 Z-0.125000
G01 X225.723000 Y169.675500 Z-0.125000
G01 X225.883000 Y169.616500 Z-0.125000
G01 X226.440000 Y169.855800 Z-0.125000
G01 X236.863000 Y180.278200 Z-0.125000
G01 X237.419000 Y180.516300 Z-0.125000
G01 X237.577000 Y180.456300 Z-0.125000
G01 X237.498000 Y180.277300 Z-0.125000
G01 X227.078000 Y169.857600 Z-0.125000
G01 X226.999000 Y169.679000 Z-0.125000
G01 X227.158000 Y169.619900 Z-0.125000
G01 X227.716000 Y169.859300 Z-0.125000
G01 X238.133000 Y180.276300 Z-0.125000
G01 X238.689000 Y180.514300 Z-0.125000
G01 X238.848000 Y180.454400 Z-0.125000
G01 X238.768000 Y180.275300 Z-0.125000
G01 X228.354000 Y169.861000 Z-0.125000
G01 X228.275000 Y169.682400 Z-0.125000
G01 X228.434000 Y169.623400 Z-0.125000
G01 X228.992000 Y169.862700 Z-0.125000
G01 X239.403000 Y180.274300 Z-0.125000
G01 X239.959000 Y180.511600 Z-0.125000
G01 X240.117000 Y180.451100 Z-0.125000
G01 X240.037000 Y180.271800 Z-0.125000
G01 X229.629000 Y169.864500 Z-0.125000
G01 X229.550000 Y169.685800 Z-0.125000
G01 X229.710000 Y169.626600 Z-0.125000
G01 X230.267000 Y169.865800 Z-0.125000
G01 X240.670000 Y180.268900 Z-0.125000
G01 X241.225000 Y180.505900 Z-0.125000
G01 X241.383000 Y180.445300 Z-0.125000
G01 X241.303000 Y180.265900 Z-0.125000
G01 X230.904000 Y169.867100 Z-0.125000
G01 X230.825000 Y169.688400 Z-0.125000
G01 X230.984000 Y169.629200 Z-0.125000
G01 X231.542000 Y169.868400 Z-0.125000
G01 X241.936000 Y180.262900 Z-0.125000
G01 X242.491000 Y180.499300 Z-0.125000
G01 X242.648000 Y180.438200 Z-0.125000
G01 X242.568000 Y180.258600 Z-0.125000
G01 X232.179000 Y169.869600 Z-0.125000
G01 X232.100000 Y169.690900 Z-0.125000
G01 X232.259000 Y169.631700 Z-0.125000
G01 X232.816000 Y169.870900 Z-0.125000
G01 X243.198000 Y180.252800 Z-0.125000
G01 X243.752000 Y180.488400 Z-0.125000
G01 X243.909000 Y180.426800 Z-0.125000
G01 X243.829000 Y180.247000 Z-0.125000
G01 X233.454000 Y169.872300 Z-0.125000
G01 X233.374000 Y169.693500 Z-0.125000
G01 X233.534000 Y169.634400 Z-0.125000
G01 X234.091000 Y169.873600 Z-0.125000
G01 X244.459000 Y180.241700 Z-0.125000
G01 X245.011000 Y180.475000 Z-0.125000
G01 X245.166000 Y180.411800 Z-0.125000
G01 X245.085000 Y180.231300 Z-0.125000
G01 X234.729000 Y169.875000 Z-0.125000
G01 X234.649000 Y169.696300 Z-0.125000
G01 X234.809000 Y169.637100 Z-0.125000
G01 X235.366000 Y169.876300 Z-0.125000
G01 X245.711000 Y180.221000 Z-0.125000
G01 X246.261000 Y180.453600 Z-0.125000
G01 X246.416000 Y180.389900 Z-0.125000
G01 X246.335000 Y180.209200 Z-0.125000
G01 X236.003000 Y169.877500 Z-0.125000
G01 X235.924000 Y169.698800 Z-0.125000
G01 X236.084000 Y169.639700 Z-0.125000
G01 X236.641000 Y169.878800 Z-0.125000
G01 X246.952000 Y180.190500 Z-0.125000
G01 X247.498000 Y180.418300 Z-0.125000
G01 X247.650000 Y180.351200 Z-0.125000
G01 X247.567000 Y180.169000 Z-0.125000
G01 X237.278000 Y169.880100 Z-0.125000
G01 X237.199000 Y169.701400 Z-0.125000
G01 X237.358000 Y169.642200 Z-0.125000
G01 X237.916000 Y169.881400 Z-0.125000
G01 X248.159000 Y180.124700 Z-0.125000
G01 X248.676000 Y180.324300 Z-0.125000
G01 X248.809000 Y180.237800 Z-0.125000
G01 X248.717000 Y180.046700 Z-0.125000
G01 X238.553000 Y169.882700 Z-0.125000
G01 X238.474000 Y169.704000 Z-0.125000
G01 X238.633000 Y169.644800 Z-0.125000
G01 X239.190000 Y169.884000 Z-0.125000
G01 X249.257000 Y179.950200 Z-0.125000
G01 X249.756000 Y180.131900 Z-0.125000
G01 X249.876000 Y180.033200 Z-0.125000
G01 X249.779000 Y179.836500 Z-0.125000
G01 X239.815000 Y169.873000 Z-0.125000
G01 X239.738000 Y169.695800 Z-0.125000
G01 X239.900000 Y169.639800 Z-0.125000
G01 X240.462000 Y169.883800 Z-0.125000
G01 X250.285000 Y179.706800 Z-0.125000
G01 X250.769000 Y179.872900 Z-0.125000
G01 X250.879000 Y179.763500 Z-0.125000
G01 X250.777000 Y179.562000 Z-0.125000
G01 X241.097000 Y169.882700 Z-0.125000
G01 X241.018000 Y169.703600 Z-0.125000
G01 X241.176000 Y169.643600 Z-0.125000
G01 X241.732000 Y169.881600 Z-0.125000
G01 X251.254000 Y179.403200 Z-0.125000
G01 X251.505000 Y179.554900 Z-0.125000
G01 X251.723000 Y179.554600 Z-0.125000
G01 X251.822000 Y179.435000 Z-0.125000
G01 X251.716000 Y179.228800 Z-0.125000
G01 X242.367000 Y169.880400 Z-0.125000
G01 X242.288000 Y169.701300 Z-0.125000
G01 X242.446000 Y169.641300 Z-0.125000
G01 X243.002000 Y169.879300 Z-0.125000
G01 X252.165000 Y179.042600 Z-0.125000
G01 X252.413000 Y179.190500 Z-0.125000
G01 X252.623000 Y179.181800 Z-0.125000
G01 X252.714000 Y179.053900 Z-0.125000
G01 X252.603000 Y178.844000 Z-0.125000
G01 X243.632000 Y169.873200 Z-0.125000
G01 X243.552000 Y169.693400 Z-0.125000
G01 X243.709000 Y169.631800 Z-0.125000
G01 X244.262000 Y169.867400 Z-0.125000
G01 X253.029000 Y178.633700 Z-0.125000
G01 X253.272000 Y178.778000 Z-0.125000
G01 X253.475000 Y178.761400 Z-0.125000
G01 X253.557000 Y178.625600 Z-0.125000
G01 X253.443000 Y178.412100 Z-0.125000
G01 X244.893000 Y169.861600 Z-0.125000
G01 X244.812000 Y169.681300 Z-0.125000
G01 X244.968000 Y169.618400 Z-0.125000
G01 X245.520000 Y169.852200 Z-0.125000
G01 X253.847000 Y178.179500 Z-0.125000
G01 X254.087000 Y178.320500 Z-0.125000
G01 X254.282000 Y178.296500 Z-0.125000
G01 X254.357000 Y178.153300 Z-0.125000
G01 X254.240000 Y177.936400 Z-0.125000
G01 X246.141000 Y169.837900 Z-0.125000
G01 X246.057000 Y169.654000 Z-0.125000
G01 X246.205000 Y169.583400 Z-0.125000
G01 X246.745000 Y169.806000 Z-0.125000
G01 X254.622000 Y177.682900 Z-0.125000
G01 X254.859000 Y177.820400 Z-0.125000
G01 X255.047000 Y177.788900 Z-0.125000
G01 X255.114000 Y177.638200 Z-0.125000
G01 X254.994000 Y177.417900 Z-0.125000
G01 X247.354000 Y169.778000 Z-0.125000
G01 X247.263000 Y169.588200 Z-0.125000
G01 X247.398000 Y169.504600 Z-0.125000
G01 X247.920000 Y169.708300 Z-0.125000
G01 X255.354000 Y177.142400 Z-0.125000
G01 X255.588000 Y177.276700 Z-0.125000
G01 X255.768000 Y177.238300 Z-0.125000
G01 X255.829000 Y177.080500 Z-0.125000
G01 X255.705000 Y176.857100 Z-0.125000
G01 X248.407000 Y169.559200 Z-0.125000
G01 X248.292000 Y169.344800 Z-0.125000
G01 X248.373000 Y169.207100 Z-0.125000
G01 X248.573000 Y169.188700 Z-0.125000
G01 X248.816000 Y169.332200 Z-0.125000
G01 X256.046000 Y176.562000 Z-0.125000
G01 X256.277000 Y176.693300 Z-0.125000
G01 X256.450000 Y176.648300 Z-0.125000
G01 X256.505000 Y176.483900 Z-0.125000
G01 X256.377000 Y176.257400 Z-0.125000
G01 X249.184000 Y169.064300 Z-0.125000
G01 X249.058000 Y168.838600 Z-0.125000
G01 X249.114000 Y168.676000 Z-0.125000
G01 X249.289000 Y168.632700 Z-0.125000
G01 X249.521000 Y168.764800 Z-0.125000
G01 X256.699000 Y175.943200 Z-0.125000
G01 X256.927000 Y176.071500 Z-0.125000
G01 X257.094000 Y176.019800 Z-0.125000
G01 X257.142000 Y175.848900 Z-0.125000
G01 X257.012000 Y175.619400 Z-0.125000
G01 X249.817000 Y168.424900 Z-0.125000
G01 X249.679000 Y168.187000 Z-0.125000
G01 X249.708000 Y167.997600 Z-0.125000
G01 X249.856000 Y167.927400 Z-0.125000
G01 X250.076000 Y168.047300 Z-0.125000
G01 X257.312000 Y175.283900 Z-0.125000
G01 X257.537000 Y175.408900 Z-0.125000
G01 X257.696000 Y175.349900 Z-0.125000
G01 X257.737000 Y175.171700 Z-0.125000
G01 X257.603000 Y174.938900 Z-0.125000
G01 X250.253000 Y167.588200 Z-0.125000
G01 X250.048000 Y167.065600 Z-0.125000
G01 X250.131000 Y166.930000 Z-0.125000
G01 X250.321000 Y167.020100 Z-0.125000
G01 X257.885000 Y174.584000 Z-0.125000
G01 X258.106000 Y174.706000 Z-0.125000
G01 X258.259000 Y174.640200 Z-0.125000
G01 X258.292000 Y174.455300 Z-0.125000
G01 X258.156000 Y174.219400 Z-0.125000
G01 X250.333000 Y166.396800 Z-0.125000
G01 X250.095000 Y165.840400 Z-0.125000
G01 X250.155000 Y165.681500 Z-0.125000
G01 X250.334000 Y165.761100 Z-0.125000
G01 X258.417000 Y173.844700 Z-0.125000
G01 X258.636000 Y173.963500 Z-0.125000
G01 X258.782000 Y173.890800 Z-0.125000
G01 X258.808000 Y173.698900 Z-0.125000
G01 X258.669000 Y173.459800 Z-0.125000
G01 X250.300000 Y165.091200 Z-0.125000
G01 X249.947000 Y164.420300 Z-0.125000
G01 X249.928000 Y164.182700 Z-0.125000
G01 X250.071000 Y164.226500 Z-0.125000
G01 X258.909000 Y173.064000 Z-0.125000
G01 X259.123000 Y173.179100 Z-0.125000
G01 X259.261000 Y173.098500 Z-0.125000
G01 X259.280000 Y172.898600 Z-0.125000
G01 X259.137000 Y172.655900 Z-0.125000
G01 X237.883000 Y151.402200 Z-0.125000
G01 X237.328000 Y151.164600 Z-0.125000
G01 X237.169000 Y151.224800 Z-0.125000
G01 X237.249000 Y151.404000 Z-0.125000
G01 X248.065000 Y162.220100 Z-0.125000
G01 X248.120000 Y162.374200 Z-0.125000
G01 X247.906000 Y162.379300 Z-0.125000
G01 X247.270000 Y162.061300 Z-0.125000
G01 X236.615000 Y151.405800 Z-0.125000
G01 X236.059000 Y151.168200 Z-0.125000
G01 X235.900000 Y151.228400 Z-0.125000
G01 X235.980000 Y151.407600 Z-0.125000
G01 X246.527000 Y161.953900 Z-0.125000
G01 X246.602000 Y162.128600 Z-0.125000
G01 X246.434000 Y162.179100 Z-0.125000
G01 X245.864000 Y161.927300 Z-0.125000
G01 X235.346000 Y151.409400 Z-0.125000
G01 X234.790000 Y151.171700 Z-0.125000
G01 X234.632000 Y151.232000 Z-0.125000
G01 X234.712000 Y151.411200 Z-0.125000
G01 X245.212000 Y161.911500 Z-0.125000
G01 X245.290000 Y162.089000 Z-0.125000
G01 X245.128000 Y162.145500 Z-0.125000
G01 X244.567000 Y161.902400 Z-0.125000
G01 X234.077000 Y151.412900 Z-0.125000
G01 X233.522000 Y151.175200 Z-0.125000
G01 X233.363000 Y151.235500 Z-0.125000
G01 X233.443000 Y151.414700 Z-0.125000
G01 X243.923000 Y161.894400 Z-0.125000
G01 X244.001000 Y162.072000 Z-0.125000
G01 X243.839000 Y162.128900 Z-0.125000
G01 X243.279000 Y161.886300 Z-0.125000
G01 X232.809000 Y151.416400 Z-0.125000
G01 X232.253000 Y151.178800 Z-0.125000
G01 X232.095000 Y151.239100 Z-0.125000
G01 X232.174000 Y151.418200 Z-0.125000
G01 X242.637000 Y161.880600 Z-0.125000
G01 X242.716000 Y162.059100 Z-0.125000
G01 X242.556000 Y162.117700 Z-0.125000
G01 X241.998000 Y161.877800 Z-0.125000
G01 X231.540000 Y151.420100 Z-0.125000
G01 X230.984000 Y151.182400 Z-0.125000
G01 X230.826000 Y151.242700 Z-0.125000
G01 X230.906000 Y151.421900 Z-0.125000
G01 X241.359000 Y161.875000 Z-0.125000
G01 X241.438000 Y162.053500 Z-0.125000
G01 X241.278000 Y162.112100 Z-0.125000
G01 X240.720000 Y161.872200 Z-0.125000
G01 X230.272000 Y151.423700 Z-0.125000
G01 X229.715000 Y151.185700 Z-0.125000
G01 X229.557000 Y151.245700 Z-0.125000
G01 X229.636000 Y151.424700 Z-0.125000
G01 X240.081000 Y161.869300 Z-0.125000
G01 X240.160000 Y162.048000 Z-0.125000
G01 X240.001000 Y162.107000 Z-0.125000
G01 X239.443000 Y161.867500 Z-0.125000
G01 X229.001000 Y151.425800 Z-0.125000
G01 X228.445000 Y151.187700 Z-0.125000
G01 X228.287000 Y151.247700 Z-0.125000
G01 X228.366000 Y151.426800 Z-0.125000
G01 X238.807000 Y161.867100 Z-0.125000
G01 X238.886000 Y162.046000 Z-0.125000
G01 X238.727000 Y162.105500 Z-0.125000
G01 X238.170000 Y161.866800 Z-0.125000
G01 X227.731000 Y151.427800 Z-0.125000
G01 X227.175000 Y151.189800 Z-0.125000
G01 X227.017000 Y151.249800 Z-0.125000
G01 X227.096000 Y151.428800 Z-0.125000
G01 X237.534000 Y161.866500 Z-0.125000
G01 X237.613000 Y162.045300 Z-0.125000
G01 X237.454000 Y162.104900 Z-0.125000
G01 X236.897000 Y161.866100 Z-0.125000
G01 X226.461000 Y151.429900 Z-0.125000
G01 X225.905000 Y151.191900 Z-0.125000
G01 X225.746000 Y151.251900 Z-0.125000
G01 X225.826000 Y151.430900 Z-0.125000
G01 X236.261000 Y161.865800 Z-0.125000
G01 X236.340000 Y162.044600 Z-0.125000
G01 X236.181000 Y162.104100 Z-0.125000
G01 X235.625000 Y161.865400 Z-0.125000
G01 X225.191000 Y151.432000 Z-0.125000
G01 X224.635000 Y151.194000 Z-0.125000
G01 X224.476000 Y151.253900 Z-0.125000
G01 X224.556000 Y151.433000 Z-0.125000
G01 X234.988000 Y161.865000 Z-0.125000
G01 X235.068000 Y162.043900 Z-0.125000
G01 X234.908000 Y162.103400 Z-0.125000
G01 X234.352000 Y161.864700 Z-0.125000
G01 X223.921000 Y151.434000 Z-0.125000
G01 X223.365000 Y151.196000 Z-0.125000
G01 X223.206000 Y151.256000 Z-0.125000
G01 X223.286000 Y151.435000 Z-0.125000
G01 X233.715000 Y161.864300 Z-0.125000
G01 X233.795000 Y162.043200 Z-0.125000
G01 X233.635000 Y162.102700 Z-0.125000
G01 X233.079000 Y161.864000 Z-0.125000
G01 X222.650000 Y151.434800 Z-0.125000
G01 X222.093000 Y151.196000 Z-0.125000
G01 X221.933000 Y151.255400 Z-0.125000
G01 X222.013000 Y151.434200 Z-0.125000
G01 X232.442000 Y161.863600 Z-0.125000
G01 X232.522000 Y162.042500 Z-0.125000
G01 X232.363000 Y162.102000 Z-0.125000
G01 X231.806000 Y161.863300 Z-0.125000
G01 X221.376000 Y151.433700 Z-0.125000
G01 X220.819000 Y151.194900 Z-0.125000
G01 X220.660000 Y151.254300 Z-0.125000
G01 X220.739000 Y151.433100 Z-0.125000
G01 X231.169000 Y161.863100 Z-0.125000
G01 X231.249000 Y162.041900 Z-0.125000
G01 X231.090000 Y162.101400 Z-0.125000
G01 X230.533000 Y161.862700 Z-0.125000
G01 X220.103000 Y151.432500 Z-0.125000
G01 X219.546000 Y151.193600 Z-0.125000
G01 X219.387000 Y151.253000 Z-0.125000
G01 X219.466000 Y151.431800 Z-0.125000
G01 X229.897000 Y161.862400 Z-0.125000
G01 X229.978000 Y162.043000 Z-0.125000
G01 X229.822000 Y162.106400 Z-0.125000
G01 X229.271000 Y161.873300 Z-0.125000
G01 X218.829000 Y151.431200 Z-0.125000
G01 X218.272000 Y151.192400 Z-0.125000
G01 X218.113000 Y151.251800 Z-0.125000
G01 X218.193000 Y151.430600 Z-0.125000
G01 X228.624000 Y161.862200 Z-0.125000
G01 X228.704000 Y162.041100 Z-0.125000
G01 X228.545000 Y162.100700 Z-0.125000
G01 X227.988000 Y161.862200 Z-0.125000
G01 X217.556000 Y151.430000 Z-0.125000
G01 X216.998000 Y151.190400 Z-0.125000
G01 X216.838000 Y151.249300 Z-0.125000
G01 X216.918000 Y151.427900 Z-0.125000
G01 X227.352000 Y161.862200 Z-0.125000
G01 X227.431000 Y162.041100 Z-0.125000
G01 X227.272000 Y162.100800 Z-0.125000
G01 X226.716000 Y161.862300 Z-0.125000
G01 X216.278000 Y151.424500 Z-0.125000
G01 X215.720000 Y151.184300 Z-0.125000
G01 X215.560000 Y151.242700 Z-0.125000
G01 X215.639000 Y151.421100 Z-0.125000
G01 X226.080000 Y161.862300 Z-0.125000
G01 X226.159000 Y162.041200 Z-0.125000
G01 X226.000000 Y162.100900 Z-0.125000
G01 X225.444000 Y161.862400 Z-0.125000
G01 X214.999000 Y151.417800 Z-0.125000
G01 X214.441000 Y151.177500 Z-0.125000
G01 X214.281000 Y151.236000 Z-0.125000
G01 X214.360000 Y151.414400 Z-0.125000
G01 X224.808000 Y161.862400 Z-0.125000
G01 X224.887000 Y162.041300 Z-0.125000
G01 X224.728000 Y162.100900 Z-0.125000
G01 X224.172000 Y161.862400 Z-0.125000
G01 X213.720000 Y151.411000 Z-0.125000
G01 X213.161000 Y151.170200 Z-0.125000
G01 X213.001000 Y151.228200 Z-0.125000
G01 X213.080000 Y151.406400 Z-0.125000
G01 X223.536000 Y161.862500 Z-0.125000
G01 X223.620000 Y162.046200 Z-0.125000
G01 X223.472000 Y162.116500 Z-0.125000
G01 X222.930000 Y161.893400 Z-0.125000
G01 X212.434000 Y151.397500 Z-0.125000
G01 X211.872000 Y151.153000 Z-0.125000
G01 X211.709000 Y151.208500 Z-0.125000
G01 X211.786000 Y151.385600 Z-0.125000
G01 X222.265000 Y161.863800 Z-0.125000
G01 X222.344000 Y162.042900 Z-0.125000
G01 X222.186000 Y162.102900 Z-0.125000
G01 X221.630000 Y161.864900 Z-0.125000
G01 X200.306000 Y140.540700 Z-0.125000
G01 X200.163000 Y140.298500 Z-0.125000
G01 X200.183000 Y140.099600 Z-0.125000
G01 X200.322000 Y140.020100 Z-0.125000
G01 X200.537000 Y140.135700 Z-0.125000
G01 X209.002000 Y148.601000 Z-0.125000
G01 X209.157000 Y148.656300 Z-0.125000
G01 X209.163000 Y148.443900 Z-0.125000
G01 X208.847000 Y147.809600 Z-0.125000
G01 X200.778000 Y139.740700 Z-0.125000
G01 X200.638000 Y139.502000 Z-0.125000
G01 X200.666000 Y139.311000 Z-0.125000
G01 X200.813000 Y139.239200 Z-0.125000
G01 X201.032000 Y139.358400 Z-0.125000
G01 X208.798000 Y147.125300 Z-0.125000
G01 X208.988000 Y147.215500 Z-0.125000
G01 X209.071000 Y147.080000 Z-0.125000
G01 X208.867000 Y146.557700 Z-0.125000
G01 X201.296000 Y138.986800 Z-0.125000
G01 X201.160000 Y138.751300 Z-0.125000
G01 X201.194000 Y138.567100 Z-0.125000
G01 X201.348000 Y138.502200 Z-0.125000
G01 X201.570000 Y138.624500 Z-0.125000
G01 X208.993000 Y146.048200 Z-0.125000
G01 X209.200000 Y146.155000 Z-0.125000
G01 X209.319000 Y146.056100 Z-0.125000
G01 X209.320000 Y145.837900 Z-0.125000
G01 X209.168000 Y145.586900 Z-0.125000
G01 X201.853000 Y138.271200 Z-0.125000
G01 X201.720000 Y138.038900 Z-0.125000
G01 X201.761000 Y137.861900 Z-0.125000
G01 X201.922000 Y137.804100 Z-0.125000
G01 X202.147000 Y137.929600 Z-0.125000
G01 X209.386000 Y145.168800 Z-0.125000
G01 X209.606000 Y145.289000 Z-0.125000
G01 X209.755000 Y145.219500 Z-0.125000
G01 X209.785000 Y145.030600 Z-0.125000
G01 X209.647000 Y144.793000 Z-0.125000
G01 X202.452000 Y137.598600 Z-0.125000
G01 X202.322000 Y137.369300 Z-0.125000
G01 X202.371000 Y137.198900 Z-0.125000
G01 X202.538000 Y137.147800 Z-0.125000
G01 X202.766000 Y137.276400 Z-0.125000
G01 X209.946000 Y144.456500 Z-0.125000
G01 X210.179000 Y144.589600 Z-0.125000
G01 X210.356000 Y144.548400 Z-0.125000
G01 X210.414000 Y144.388000 Z-0.125000
G01 X210.289000 Y144.163300 Z-0.125000
G01 X203.089000 Y136.962900 Z-0.125000
G01 X202.962000 Y136.736900 Z-0.125000
G01 X203.017000 Y136.573600 Z-0.125000
G01 X203.192000 Y136.529500 Z-0.125000
G01 X203.423000 Y136.661300 Z-0.125000
G01 X210.676000 Y143.913700 Z-0.125000
G01 X210.922000 Y144.061000 Z-0.125000
G01 X211.131000 Y144.050900 Z-0.125000
G01 X211.220000 Y143.921700 Z-0.125000
G01 X211.109000 Y143.711100 Z-0.125000
G01 X203.768000 Y136.370000 Z-0.125000
G01 X203.644000 Y136.147000 Z-0.125000
G01 X203.706000 Y135.990400 Z-0.125000
G01 X203.888000 Y135.953000 Z-0.125000
G01 X204.122000 Y136.087800 Z-0.125000
G01 X211.644000 Y143.609500 Z-0.125000
G01 X212.176000 Y143.824000 Z-0.125000
G01 X212.319000 Y143.747900 Z-0.125000
G01 X212.232000 Y143.561500 Z-0.125000
G01 X204.485000 Y135.814600 Z-0.125000
G01 X204.365000 Y135.594900 Z-0.125000
G01 X204.434000 Y135.445600 Z-0.125000
G01 X204.622000 Y135.415500 Z-0.125000
G01 X204.860000 Y135.553700 Z-0.125000
G01 X212.840000 Y143.533500 Z-0.125000
G01 X213.386000 Y143.762100 Z-0.125000
G01 X213.539000 Y143.695700 Z-0.125000
G01 X213.456000 Y143.513700 Z-0.125000
G01 X205.246000 Y135.303700 Z-0.125000
G01 X205.129000 Y135.087300 Z-0.125000
G01 X205.206000 Y134.945100 Z-0.125000
G01 X205.401000 Y134.922100 Z-0.125000
G01 X205.642000 Y135.063500 Z-0.125000
G01 X214.079000 Y143.500900 Z-0.125000
G01 X214.630000 Y143.733100 Z-0.125000
G01 X214.784000 Y143.669100 Z-0.125000
G01 X214.703000 Y143.488200 Z-0.125000
G01 X206.048000 Y134.833200 Z-0.125000
G01 X205.934000 Y134.620300 Z-0.125000
G01 X206.019000 Y134.485800 Z-0.125000
G01 X206.222000 Y134.470600 Z-0.125000
G01 X206.466000 Y134.615500 Z-0.125000
G01 X215.329000 Y143.478200 Z-0.125000
G01 X215.882000 Y143.713400 Z-0.125000
G01 X216.039000 Y143.651500 Z-0.125000
G01 X215.958000 Y143.471600 Z-0.125000
G01 X206.898000 Y134.410900 Z-0.125000
G01 X206.788000 Y134.201800 Z-0.125000
G01 X206.881000 Y134.075600 Z-0.125000
G01 X207.092000 Y134.068800 Z-0.125000
G01 X207.340000 Y134.217500 Z-0.125000
G01 X216.588000 Y143.465000 Z-0.125000
G01 X217.141000 Y143.700200 Z-0.125000
G01 X217.298000 Y143.638300 Z-0.125000
G01 X217.217000 Y143.458400 Z-0.125000
G01 X207.795000 Y134.035900 Z-0.125000
G01 X207.689000 Y133.830400 Z-0.125000
G01 X207.789000 Y133.712300 Z-0.125000
G01 X208.009000 Y133.713400 Z-0.125000
G01 X208.261000 Y133.865800 Z-0.125000
G01 X217.849000 Y143.454100 Z-0.125000
G01 X218.404000 Y143.691000 Z-0.125000
G01 X218.562000 Y143.630300 Z-0.125000
G01 X218.482000 Y143.450800 Z-0.125000
G01 X208.745000 Y133.713900 Z-0.125000
G01 X208.644000 Y133.513400 Z-0.125000
G01 X208.756000 Y133.406400 Z-0.125000
G01 X209.243000 Y133.575900 Z-0.125000
G01 X219.115000 Y143.447500 Z-0.125000
G01 X219.670000 Y143.684400 Z-0.125000
G01 X219.828000 Y143.623600 Z-0.125000
G01 X219.748000 Y143.444200 Z-0.125000
G01 X209.756000 Y133.453000 Z-0.125000
G01 X209.661000 Y133.258200 Z-0.125000
G01 X209.785000 Y133.163800 Z-0.125000
G01 X210.291000 Y133.351600 Z-0.125000
G01 X220.398000 Y143.458200 Z-0.125000
G01 X220.945000 Y143.687400 Z-0.125000
G01 X221.098000 Y143.621300 Z-0.125000
G01 X221.015000 Y143.439500 Z-0.125000
G01 X210.927000 Y133.351300 Z-0.125000
G01 X210.845000 Y133.170200 Z-0.125000
G01 X210.999000 Y133.105700 Z-0.125000
G01 X211.549000 Y133.337200 Z-0.125000
G01 X221.650000 Y143.438500 Z-0.125000
G01 X222.206000 Y143.676600 Z-0.125000
G01 X222.365000 Y143.616600 Z-0.125000
G01 X222.285000 Y143.437500 Z-0.125000
G01 X212.174000 Y133.326000 Z-0.125000
G01 X212.093000 Y133.145700 Z-0.125000
G01 X212.249000 Y133.083100 Z-0.125000
G01 X212.801000 Y133.317200 Z-0.125000
G01 X222.920000 Y143.436400 Z-0.125000
G01 X223.476000 Y143.674500 Z-0.125000
G01 X223.635000 Y143.614500 Z-0.125000
G01 X223.555000 Y143.435400 Z-0.125000
G01 X213.428000 Y133.308400 Z-0.125000
G01 X213.348000 Y133.128300 Z-0.125000
G01 X213.504000 Y133.066200 Z-0.125000
G01 X214.057000 Y133.301000 Z-0.125000
G01 X224.191000 Y143.434400 Z-0.125000
G01 X224.747000 Y143.672400 Z-0.125000
G01 X224.905000 Y143.612400 Z-0.125000
G01 X224.826000 Y143.433400 Z-0.125000
G01 X214.687000 Y133.294800 Z-0.125000
G01 X214.607000 Y133.115000 Z-0.125000
G01 X214.764000 Y133.053200 Z-0.125000
G01 X215.317000 Y133.288600 Z-0.125000
G01 X225.461000 Y143.432300 Z-0.125000
G01 X226.017000 Y143.670400 Z-0.125000
G01 X226.176000 Y143.610400 Z-0.125000
G01 X226.096000 Y143.431300 Z-0.125000
G01 X215.947000 Y133.282500 Z-0.125000
G01 X215.867000 Y133.102900 Z-0.125000
G01 X216.024000 Y133.041600 Z-0.125000
G01 X216.578000 Y133.277900 Z-0.125000
G01 X226.731000 Y143.430400 Z-0.125000
G01 X227.287000 Y143.668400 Z-0.125000
G01 X227.446000 Y143.608400 Z-0.125000
G01 X227.366000 Y143.429400 Z-0.125000
G01 X217.211000 Y133.274100 Z-0.125000
G01 X217.131000 Y133.094600 Z-0.125000
G01 X217.288000 Y133.033700 Z-0.125000
G01 X217.843000 Y133.270300 Z-0.125000
G01 X228.001000 Y143.428400 Z-0.125000
G01 X228.557000 Y143.666400 Z-0.125000
G01 X228.716000 Y143.606400 Z-0.125000
G01 X228.636000 Y143.427400 Z-0.125000
G01 X218.475000 Y133.266500 Z-0.125000
G01 X218.395000 Y133.087000 Z-0.125000
G01 X218.553000 Y133.026100 Z-0.125000
G01 X219.108000 Y133.262700 Z-0.125000
G01 X229.296000 Y143.451100 Z-0.125000
G01 X229.840000 Y143.677400 Z-0.125000
G01 X229.991000 Y143.609400 Z-0.125000
G01 X229.908000 Y143.426700 Z-0.125000
G01 X219.740000 Y133.258900 Z-0.125000
G01 X219.660000 Y133.079400 Z-0.125000
G01 X219.818000 Y133.018400 Z-0.125000
G01 X220.372000 Y133.255100 Z-0.125000
G01 X230.544000 Y143.427300 Z-0.125000
G01 X231.101000 Y143.666100 Z-0.125000
G01 X231.261000 Y143.606700 Z-0.125000
G01 X231.181000 Y143.427900 Z-0.125000
G01 X221.005000 Y133.251300 Z-0.125000
G01 X220.924000 Y133.071800 Z-0.125000
G01 X221.082000 Y133.010800 Z-0.125000
G01 X221.637000 Y133.247500 Z-0.125000
G01 X231.818000 Y143.428400 Z-0.125000
G01 X232.375000 Y143.667300 Z-0.125000
G01 X232.534000 Y143.607800 Z-0.125000
G01 X232.454000 Y143.429000 Z-0.125000
G01 X222.269000 Y133.243700 Z-0.125000
G01 X222.189000 Y133.064400 Z-0.125000
G01 X222.348000 Y133.004100 Z-0.125000
G01 X222.903000 Y133.241700 Z-0.125000
G01 X233.091000 Y143.429600 Z-0.125000
G01 X233.648000 Y143.668500 Z-0.125000
G01 X233.807000 Y143.609000 Z-0.125000
G01 X233.728000 Y143.430200 Z-0.125000
G01 X223.538000 Y133.240000 Z-0.125000
G01 X223.458000 Y133.060900 Z-0.125000
G01 X223.616000 Y133.000700 Z-0.125000
G01 X224.172000 Y133.238400 Z-0.125000
G01 X234.364000 Y143.430800 Z-0.125000
G01 X234.921000 Y143.669700 Z-0.125000
G01 X235.081000 Y143.610200 Z-0.125000
G01 X235.001000 Y143.431400 Z-0.125000
G01 X224.807000 Y133.236700 Z-0.125000
G01 X224.727000 Y133.057500 Z-0.125000
G01 X224.885000 Y132.997300 Z-0.125000
G01 X225.441000 Y133.235100 Z-0.125000
G01 X235.638000 Y143.431900 Z-0.125000
G01 X236.195000 Y143.670700 Z-0.125000
G01 X236.354000 Y143.611300 Z-0.125000
G01 X236.275000 Y143.432500 Z-0.125000
G01 X226.075000 Y133.233400 Z-0.125000
G01 X225.996000 Y133.054300 Z-0.125000
G01 X226.154000 Y132.994100 Z-0.125000
G01 X226.710000 Y133.231800 Z-0.125000
G01 X236.911000 Y143.433100 Z-0.125000
G01 X237.468000 Y143.672000 Z-0.125000
G01 X237.627000 Y143.612600 Z-0.125000
G01 X237.548000 Y143.433800 Z-0.125000
G01 X227.344000 Y133.230200 Z-0.125000
G01 X227.265000 Y133.051000 Z-0.125000
G01 X227.423000 Y132.990800 Z-0.125000
G01 X227.979000 Y133.228600 Z-0.125000
G01 X238.187000 Y143.436600 Z-0.125000
G01 X238.745000 Y143.676500 Z-0.125000
G01 X238.905000 Y143.617800 Z-0.125000
G01 X238.826000 Y143.439400 Z-0.125000
G01 X228.613000 Y133.226800 Z-0.125000
G01 X228.534000 Y133.047700 Z-0.125000
G01 X228.692000 Y132.987500 Z-0.125000
G01 X229.248000 Y133.225200 Z-0.125000
G01 X239.465000 Y143.442200 Z-0.125000
G01 X240.023000 Y143.682100 Z-0.125000
G01 X240.183000 Y143.623500 Z-0.125000
G01 X240.104000 Y143.445000 Z-0.125000
G01 X229.882000 Y133.223600 Z-0.125000
G01 X229.803000 Y133.044700 Z-0.125000
G01 X229.962000 Y132.985000 Z-0.125000
G01 X230.518000 Y133.223400 Z-0.125000
G01 X240.743000 Y143.448500 Z-0.125000
G01 X241.303000 Y143.689700 Z-0.125000
G01 X241.463000 Y143.631900 Z-0.125000
G01 X241.385000 Y143.453900 Z-0.125000
G01 X231.154000 Y133.223200 Z-0.125000
G01 X231.074000 Y133.044300 Z-0.125000
G01 X231.233000 Y132.984500 Z-0.125000
G01 X231.790000 Y133.222900 Z-0.125000
G01 X242.026000 Y143.459200 Z-0.125000
G01 X242.585000 Y143.700500 Z-0.125000
G01 X242.746000 Y143.642700 Z-0.125000
G01 X242.668000 Y143.464600 Z-0.125000
G01 X232.426000 Y133.222600 Z-0.125000
G01 X232.346000 Y133.043700 Z-0.125000
G01 X232.505000 Y132.984000 Z-0.125000
G01 X233.062000 Y133.222400 Z-0.125000
G01 X243.311000 Y143.471800 Z-0.125000
G01 X243.872000 Y143.715200 Z-0.125000
G01 X244.035000 Y143.658900 Z-0.125000
G01 X243.957000 Y143.481400 Z-0.125000
G01 X233.697000 Y133.222100 Z-0.125000
G01 X233.618000 Y133.043200 Z-0.125000
G01 X233.777000 Y132.983400 Z-0.125000
G01 X234.333000 Y133.221900 Z-0.125000
G01 X244.603000 Y143.491100 Z-0.125000
G01 X245.166000 Y143.736600 Z-0.125000
G01 X245.330000 Y143.681700 Z-0.125000
G01 X245.253000 Y143.505000 Z-0.125000
G01 X234.969000 Y133.221600 Z-0.125000
G01 X234.890000 Y133.042700 Z-0.125000
G01 X235.049000 Y132.983000 Z-0.125000
G01 X235.605000 Y133.221400 Z-0.125000
G01 X245.906000 Y143.522500 Z-0.125000
G01 X246.474000 Y143.772700 Z-0.125000
G01 X246.641000 Y143.721000 Z-0.125000
G01 X246.566000 Y143.545800 Z-0.125000
G01 X236.241000 Y133.221100 Z-0.125000
G01 X236.161000 Y133.042200 Z-0.125000
G01 X236.320000 Y132.982500 Z-0.125000
G01 X236.877000 Y133.220900 Z-0.125000
G01 X247.253000 Y143.597200 Z-0.125000
G01 X248.094000 Y144.120400 Z-0.125000
G01 X248.449000 Y144.256400 Z-0.125000
G01 X248.458000 Y144.166400 Z-0.125000
G01 X237.513000 Y133.220700 Z-0.125000
G01 X237.433000 Y133.041700 Z-0.125000
G01 X237.592000 Y132.982000 Z-0.125000
G01 X238.148000 Y133.220400 Z-0.125000
G01 X258.760000 Y153.832100 Z-0.125000
G01 X258.898000 Y154.069800 Z-0.125000
G01 X258.869000 Y154.258700 Z-0.125000
G01 X258.720000 Y154.328300 Z-0.125000
G01 X258.500000 Y154.208200 Z-0.125000
G01 X249.446000 Y145.153800 Z-0.125000
G00 Z5.000000

(End cutting path id: path8334)


(Start cutting path id: path8334)
(Change tool to Default tool)

G00 Z5.000000
G00 X205.228000 Y178.540300

G01 Z-0.125000 F100.0(Penetrate)
G01 X200.401000 Y173.713900 Z-0.125000 F400.000000
G00 Z5.000000

(End cutting path id: path8334)


(Start cutting path id: path8334)
(Change tool to Default tool)

G00 Z5.000000
G00 X202.568000 Y176.514900

G01 Z-0.125000 F100.0(Penetrate)
G01 X202.082000 Y176.028900 Z-0.125000 F400.000000
G00 Z5.000000

(End cutting path id: path8334)


(Start cutting path id: path8334)
(Change tool to Default tool)

G00 Z5.000000
G00 X175.634000 Y166.758200

G01 Z-0.125000 F100.0(Penetrate)
G01 X186.672000 Y177.795200 Z-0.125000 F400.000000
G01 X186.850000 Y177.873900 Z-0.125000
G01 X186.907000 Y177.712900 Z-0.125000
G01 X186.666000 Y177.153500 Z-0.125000
G01 X177.324000 Y167.811900 Z-0.125000
G01 X177.294000 Y167.682400 Z-0.125000
G01 X177.562000 Y167.731500 Z-0.125000
G01 X178.276000 Y168.128200 Z-0.125000
G01 X186.660000 Y176.511800 Z-0.125000
G01 X186.838000 Y176.590500 Z-0.125000
G01 X186.896000 Y176.429500 Z-0.125000
G01 X186.654000 Y175.870100 Z-0.125000
G01 X179.280000 Y168.495800 Z-0.125000
G01 X179.234000 Y168.351100 Z-0.125000
G01 X179.469000 Y168.366800 Z-0.125000
G01 X180.135000 Y168.714900 Z-0.125000
G01 X186.648000 Y175.228400 Z-0.125000
G01 X186.826000 Y175.307100 Z-0.125000
G01 X186.884000 Y175.146100 Z-0.125000
G01 X186.642000 Y174.586700 Z-0.125000
G01 X180.946000 Y168.890400 Z-0.125000
G01 X180.890000 Y168.735000 Z-0.125000
G01 X181.101000 Y168.727000 Z-0.125000
G01 X181.732000 Y169.040700 Z-0.125000
G01 X186.637000 Y173.945000 Z-0.125000
G01 X186.815000 Y174.023700 Z-0.125000
G01 X186.872000 Y173.862700 Z-0.125000
G01 X186.631000 Y173.303300 Z-0.125000
G01 X182.466000 Y169.138200 Z-0.125000
G01 X182.408000 Y168.981700 Z-0.125000
G01 X182.617000 Y168.971400 Z-0.125000
G01 X183.245000 Y169.281700 Z-0.125000
G01 X186.625000 Y172.661600 Z-0.125000
G01 X186.803000 Y172.740300 Z-0.125000
G01 X186.861000 Y172.579300 Z-0.125000
G01 X186.619000 Y172.019900 Z-0.125000
G01 X183.971000 Y169.371600 Z-0.125000
G01 X183.903000 Y169.204800 Z-0.125000
G01 X184.089000 Y169.171700 Z-0.125000
G01 X184.684000 Y169.448800 Z-0.125000
G01 X186.614000 Y171.378200 Z-0.125000
G01 X186.792000 Y171.456900 Z-0.125000
G01 X186.849000 Y171.295900 Z-0.125000
G01 X186.608000 Y170.736500 Z-0.125000
G01 X185.363000 Y169.492100 Z-0.125000
G01 X185.293000 Y169.322800 Z-0.125000
G01 X185.473000 Y169.284100 Z-0.125000
G01 X186.060000 Y169.553000 Z-0.125000
G01 X186.676000 Y170.168800 Z-0.125000
G01 X186.798000 Y170.192000 Z-0.125000
G01 X186.838000 Y170.012500 Z-0.125000
G01 X186.670000 Y169.527100 Z-0.125000
G01 X186.505000 Y169.362500 Z-0.125000
G00 Z5.000000

(End cutting path id: path8334)


(Start cutting path id: path8334)
(Change tool to Default tool)

G00 Z5.000000
G00 X172.202000 Y164.597200

G01 Z-0.125000 F100.0(Penetrate)
G01 X186.683000 Y179.078600 Z-0.125000 F400.000000
G01 X186.861000 Y179.157300 Z-0.125000
G01 X186.919000 Y178.996300 Z-0.125000
G01 X186.677000 Y178.436900 Z-0.125000
G01 X174.005000 Y165.765100 Z-0.125000
G00 Z5.000000

(End cutting path id: path8334)


(Start cutting path id: path8334)
(Change tool to Default tool)

G00 Z5.000000
G00 X167.840000 Y174.865700

G01 Z-0.125000 F100.0(Penetrate)
G01 X126.178000 Y133.204100 Z-0.125000 F400.000000
G01 X126.097000 Y133.023100 Z-0.125000
G01 X126.251000 Y132.958800 Z-0.125000
G01 X126.801000 Y133.190600 Z-0.125000
G01 X169.225000 Y175.614900 Z-0.125000
G00 Z5.000000

(End cutting path id: path8334)


(Start cutting path id: path8334)
(Change tool to Default tool)

G00 Z5.000000
G00 X170.712000 Y176.466000

G01 Z-0.125000 F100.0(Penetrate)
G01 X127.464000 Y133.217600 Z-0.125000 F400.000000
G01 X127.390000 Y133.044300 Z-0.125000
G01 X127.561000 Y132.996900 Z-0.125000
G01 X128.136000 Y133.253200 Z-0.125000
G01 X171.746000 Y176.863500 Z-0.125000
G01 X172.560000 Y177.360000 Z-0.125000
G01 X172.897000 Y177.477600 Z-0.125000
G01 X172.898000 Y177.379300 Z-0.125000
G01 X128.829000 Y133.310700 Z-0.125000
G01 X128.762000 Y133.144400 Z-0.125000
G01 X128.949000 Y133.112600 Z-0.125000
G01 X129.546000 Y133.391700 Z-0.125000
G01 X173.941000 Y177.786100 Z-0.125000
G01 X174.668000 Y178.194800 Z-0.125000
G01 X174.944000 Y178.252200 Z-0.125000
G01 X174.917000 Y178.126500 Z-0.125000
G01 X130.289000 Y133.498000 Z-0.125000
G01 X130.230000 Y133.340000 Z-0.125000
G01 X130.435000 Y133.326300 Z-0.125000
G01 X131.059000 Y133.631600 Z-0.125000
G01 X175.841000 Y178.413800 Z-0.125000
G01 X176.520000 Y178.774800 Z-0.125000
G01 X176.763000 Y178.799300 Z-0.125000
G01 X176.722000 Y178.658600 Z-0.125000
G01 X131.858000 Y133.795000 Z-0.125000
G01 X131.809000 Y133.646700 Z-0.125000
G01 X132.035000 Y133.654400 Z-0.125000
G01 X132.690000 Y133.990800 Z-0.125000
G01 X177.568000 Y178.869000 Z-0.125000
G01 X178.216000 Y179.198600 Z-0.125000
G01 X178.437000 Y179.201500 Z-0.125000
G01 X178.386000 Y179.051100 Z-0.125000
G01 X133.558000 Y134.222400 Z-0.125000
G01 X133.509000 Y134.074600 Z-0.125000
G01 X133.737000 Y134.083300 Z-0.125000
G01 X134.393000 Y134.421300 Z-0.125000
G01 X179.246000 Y179.275000 Z-0.125000
G01 X179.834000 Y179.544200 Z-0.125000
G01 X180.014000 Y179.505600 Z-0.125000
G01 X179.944000 Y179.336300 Z-0.125000
G01 X135.433000 Y134.825200 Z-0.125000
G01 X135.412000 Y134.705000 Z-0.125000
G01 X135.700000 Y134.774700 Z-0.125000
G01 X136.445000 Y135.201300 Z-0.125000
G01 X180.696000 Y179.452800 Z-0.125000
G01 X181.304000 Y179.742900 Z-0.125000
G01 X181.499000 Y179.718700 Z-0.125000
G01 X181.435000 Y179.555900 Z-0.125000
G01 X137.512000 Y135.632800 Z-0.125000
G01 X137.517000 Y135.537800 Z-0.125000
G01 X137.860000 Y135.662800 Z-0.125000
G01 X138.686000 Y136.170000 Z-0.125000
G01 X182.154000 Y179.638700 Z-0.125000
G01 X182.748000 Y179.914100 Z-0.125000
G01 X182.932000 Y179.879800 Z-0.125000
G01 X182.864000 Y179.712500 Z-0.125000
G01 X139.718000 Y136.566500 Z-0.125000
G00 Z5.000000

(End cutting path id: path8334)


(Start cutting path id: path8334)
(Change tool to Default tool)

G00 Z5.000000
G00 X141.011000 Y137.223400

G01 Z-0.125000 F100.0(Penetrate)
G01 X183.567000 Y179.778600 Z-0.125000 F400.000000
G01 X184.148000 Y180.041600 Z-0.125000
G01 X184.323000 Y179.998800 Z-0.125000
G01 X184.252000 Y179.827500 Z-0.125000
G01 X142.696000 Y138.272000 Z-0.125000
G00 Z5.000000

(End cutting path id: path8334)


(Start cutting path id: path8334)
(Change tool to Default tool)

G00 Z5.000000
G00 X144.480000 Y139.420100

G01 Z-0.125000 F100.0(Penetrate)
G01 X184.935000 Y179.874700 Z-0.125000 F400.000000
G01 X185.512000 Y180.134000 Z-0.125000
G01 X185.686000 Y180.088700 Z-0.125000
G01 X185.613000 Y179.916300 Z-0.125000
G01 X146.900000 Y141.203400 Z-0.125000
G00 Z5.000000

(End cutting path id: path8334)


(Start cutting path id: path8334)
(Change tool to Default tool)

G00 Z5.000000
G00 X150.621000 Y144.288800

G01 Z-0.125000 F100.0(Penetrate)
G01 X186.290000 Y179.957900 Z-0.125000 F400.000000
G01 X186.531000 Y180.099700 Z-0.125000
G01 X186.728000 Y180.077600 Z-0.125000
G01 X186.805000 Y179.936300 Z-0.125000
G01 X186.689000 Y179.720300 Z-0.125000
G01 X169.632000 Y162.663900 Z-0.125000
G00 Z5.000000

(End cutting path id: path8334)


(Start cutting path id: path8334)
(Change tool to Default tool)

G00 Z5.000000
G00 X163.205000 Y171.503400

G01 Z-0.125000 F100.0(Penetrate)
G01 X125.161000 Y133.459000 Z-0.125000 F400.000000
G01 X125.042000 Y133.240200 Z-0.125000
G01 X125.113000 Y133.092900 Z-0.125000
G01 X125.304000 Y133.064800 Z-0.125000
G01 X125.542000 Y133.203900 Z-0.125000
G01 X165.958000 Y173.619600 Z-0.125000
G00 Z5.000000

(End cutting path id: path8334)


(Start cutting path id: path8334)
(Change tool to Default tool)

G00 Z5.000000
G00 X140.462000 Y150.032600

G01 Z-0.125000 F100.0(Penetrate)
G01 X125.161000 Y134.731200 Z-0.125000 F400.000000
G01 X124.922000 Y134.174600 Z-0.125000
G01 X124.982000 Y134.015600 Z-0.125000
G01 X125.161000 Y134.095100 Z-0.125000
G01 X159.408000 Y168.342400 Z-0.125000
G00 Z5.000000

(End cutting path id: path8334)


(Start cutting path id: path8334)
(Change tool to Default tool)

G00 Z5.000000
G00 X136.135000 Y146.977200

G01 Z-0.125000 F100.0(Penetrate)
G01 X125.161000 Y136.003400 Z-0.125000 F400.000000
G01 X124.922000 Y135.446800 Z-0.125000
G01 X124.982000 Y135.287800 Z-0.125000
G01 X125.161000 Y135.367300 Z-0.125000
G01 X138.112000 Y148.318200 Z-0.125000
G00 Z5.000000

(End cutting path id: path8334)


(Start cutting path id: path8334)
(Change tool to Default tool)

G00 Z5.000000
G00 X125.151000 Y143.626300

G01 Z-0.125000 F100.0(Penetrate)
G01 X125.037000 Y143.512200 Z-0.125000 F400.000000
G01 X124.922000 Y143.080000 Z-0.125000
G01 X124.951000 Y142.889900 Z-0.125000
G01 X125.037000 Y142.876100 Z-0.125000
G01 X125.622000 Y143.462000 Z-0.125000
G01 X126.216000 Y143.737600 Z-0.125000
G01 X126.401000 Y143.703500 Z-0.125000
G01 X126.333000 Y143.536200 Z-0.125000
G01 X125.161000 Y142.364400 Z-0.125000
G01 X124.922000 Y141.807800 Z-0.125000
G01 X124.982000 Y141.648800 Z-0.125000
G01 X125.161000 Y141.728300 Z-0.125000
G01 X127.046000 Y143.613000 Z-0.125000
G01 X127.652000 Y143.901500 Z-0.125000
G01 X127.846000 Y143.876300 Z-0.125000
G01 X127.782000 Y143.713000 Z-0.125000
G01 X125.161000 Y141.092200 Z-0.125000
G01 X124.922000 Y140.535600 Z-0.125000
G01 X124.982000 Y140.376600 Z-0.125000
G01 X125.161000 Y140.456100 Z-0.125000
G01 X128.541000 Y143.836100 Z-0.125000
G01 X129.213000 Y144.190200 Z-0.125000
G01 X129.452000 Y144.210100 Z-0.125000
G01 X129.408000 Y144.067300 Z-0.125000
G01 X125.161000 Y139.820000 Z-0.125000
G01 X124.922000 Y139.263400 Z-0.125000
G01 X124.982000 Y139.104400 Z-0.125000
G01 X125.161000 Y139.183900 Z-0.125000
G01 X130.181000 Y144.204100 Z-0.125000
G01 X130.870000 Y144.575400 Z-0.125000
G01 X131.121000 Y144.606900 Z-0.125000
G01 X131.083000 Y144.469500 Z-0.125000
G01 X125.161000 Y138.547800 Z-0.125000
G01 X124.922000 Y137.991200 Z-0.125000
G01 X124.982000 Y137.832200 Z-0.125000
G01 X125.161000 Y137.911700 Z-0.125000
G01 X132.138000 Y144.888600 Z-0.125000
G01 X132.885000 Y145.317800 Z-0.125000
G01 X133.175000 Y145.389300 Z-0.125000
G01 X133.155000 Y145.270000 Z-0.125000
G01 X125.161000 Y137.275600 Z-0.125000
G01 X124.922000 Y136.719000 Z-0.125000
G01 X124.982000 Y136.560000 Z-0.125000
G01 X125.161000 Y136.639500 Z-0.125000
G01 X134.677000 Y146.155400 Z-0.125000
G00 Z5.000000

(End cutting path id: path8334)


(Start cutting path id: path8334)
(Change tool to Default tool)

G00 Z5.000000
G00 X124.790000 Y138.277200

G01 Z-0.125000 F100.0(Penetrate)
G01 X124.790000 Y143.721600 Z-0.125000 F400.000000
G01 X126.844000 Y143.936300 Z-0.125000
G01 X128.802000 Y144.213800 Z-0.125000
G01 X130.650000 Y144.641900 Z-0.125000
G01 X132.449000 Y145.251400 Z-0.125000
G01 X134.259000 Y146.072900 Z-0.125000
G01 X136.140000 Y147.137100 Z-0.125000
G01 X138.152000 Y148.474600 Z-0.125000
G01 X142.808000 Y152.092200 Z-0.125000
G01 X147.313000 Y156.284400 Z-0.125000
G01 X154.508000 Y163.603600 Z-0.125000
G01 X158.514000 Y167.572900 Z-0.125000
G01 X162.312000 Y170.909200 Z-0.125000
G01 X166.042000 Y173.724600 Z-0.125000
G01 X169.839000 Y176.131500 Z-0.125000
G01 X173.125000 Y177.755600 Z-0.125000
G01 X176.675000 Y178.961300 Z-0.125000
G01 X180.600000 Y179.778100 Z-0.125000
G01 X185.006000 Y180.235500 Z-0.125000
G01 X187.063000 Y180.361800 Z-0.125000
G01 X187.015000 Y174.811900 Z-0.125000
G01 X186.966000 Y169.262000 Z-0.125000
G01 X185.049000 Y169.127500 Z-0.125000
G01 X181.176000 Y168.611900 Z-0.125000
G01 X177.952000 Y167.785900 Z-0.125000
G01 X176.067000 Y166.927100 Z-0.125000
G01 X173.918000 Y165.664600 Z-0.125000
G01 X171.525000 Y164.011100 Z-0.125000
G01 X168.908000 Y161.979200 Z-0.125000
G01 X164.374000 Y157.798800 Z-0.125000
G01 X158.113000 Y151.379100 Z-0.125000
G01 X153.107000 Y146.407100 Z-0.125000
G01 X148.066000 Y142.055100 Z-0.125000
G01 X143.221000 Y138.508500 Z-0.125000
G01 X140.944000 Y137.095200 Z-0.125000
G01 X138.804000 Y135.952900 Z-0.125000
G01 X135.645000 Y134.606200 Z-0.125000
G01 X132.508000 Y133.629900 Z-0.125000
G01 X129.438000 Y133.035100 Z-0.125000
G01 X126.479000 Y132.833500 Z-0.125000
G01 X124.790000 Y132.832800 Z-0.125000
G01 X124.790000 Y138.277200 Z-0.125000
G00 Z5.000000

(End cutting path id: path8334)


(Start cutting path id: path8334)
(Change tool to Default tool)

G00 Z5.000000
G00 X131.546000 Y119.079600

G01 Z-0.125000 F100.0(Penetrate)
G01 X128.899000 Y119.519200 Z-0.125000 F400.000000
G01 X126.232000 Y120.110300 Z-0.125000
G01 X123.638000 Y120.881200 Z-0.125000
G01 X121.126000 Y121.825300 Z-0.125000
G01 X118.701000 Y122.936400 Z-0.125000
G01 X116.371000 Y124.208100 Z-0.125000
G01 X114.143000 Y125.634200 Z-0.125000
G01 X112.023000 Y127.208100 Z-0.125000
G01 X110.018000 Y128.923700 Z-0.125000
G01 X108.136000 Y130.774500 Z-0.125000
G01 X106.383000 Y132.754200 Z-0.125000
G01 X104.766000 Y134.856500 Z-0.125000
G01 X103.292000 Y137.075100 Z-0.125000
G01 X101.968000 Y139.403500 Z-0.125000
G01 X100.801000 Y141.835400 Z-0.125000
G01 X99.797100 Y144.364500 Z-0.125000
G01 X98.964400 Y146.984500 Z-0.125000
G01 X98.059400 Y151.267200 Z-0.125000
G01 X97.662900 Y155.748000 Z-0.125000
G01 X97.779200 Y160.291600 Z-0.125000
G01 X98.412300 Y164.762400 Z-0.125000
G01 X99.515900 Y168.932700 Z-0.125000
G01 X101.080000 Y172.925100 Z-0.125000
G01 X103.079000 Y176.704300 Z-0.125000
G01 X105.484000 Y180.234900 Z-0.125000
G01 X108.269000 Y183.481400 Z-0.125000
G01 X111.406000 Y186.408600 Z-0.125000
G01 X114.869000 Y188.981000 Z-0.125000
G01 X118.631000 Y191.163300 Z-0.125000
G01 X121.227000 Y192.369200 Z-0.125000
G01 X123.826000 Y193.341520 Z-0.125000
G01 X126.577000 Y194.129300 Z-0.125000
G01 X129.629000 Y194.781670 Z-0.125000
G01 X131.820000 Y195.186610 Z-0.125000
G01 X191.440000 Y195.247330 Z-0.125000
G01 X238.182000 Y195.247280 Z-0.125000
G01 X253.486000 Y195.099050 Z-0.125000
G01 X256.933000 Y194.644400 Z-0.125000
G01 X260.303000 Y193.886200 Z-0.125000
G01 X263.575000 Y192.833500 Z-0.125000
G01 X266.731000 Y191.495300 Z-0.125000
G01 X269.752000 Y189.880800 Z-0.125000
G01 X272.620000 Y187.998800 Z-0.125000
G01 X275.314000 Y185.858600 Z-0.125000
G01 X277.817000 Y183.469100 Z-0.125000
G01 X279.773000 Y181.259400 Z-0.125000
G01 X281.535000 Y178.931100 Z-0.125000
G01 X283.102000 Y176.496600 Z-0.125000
G01 X284.471000 Y173.968000 Z-0.125000
G01 X285.640000 Y171.357800 Z-0.125000
G01 X286.608000 Y168.678200 Z-0.125000
G01 X287.373000 Y165.941600 Z-0.125000
G01 X287.932000 Y163.160300 Z-0.125000
G01 X288.283000 Y160.346500 Z-0.125000
G01 X288.425000 Y157.512600 Z-0.125000
G01 X288.355000 Y154.670900 Z-0.125000
G01 X288.072000 Y151.833600 Z-0.125000
G01 X287.573000 Y149.013200 Z-0.125000
G01 X286.856000 Y146.222000 Z-0.125000
G01 X285.920000 Y143.472100 Z-0.125000
G01 X284.762000 Y140.776000 Z-0.125000
G01 X282.556000 Y136.744900 Z-0.125000
G01 X279.957000 Y133.076900 Z-0.125000
G01 X276.984000 Y129.785400 Z-0.125000
G01 X273.652000 Y126.883800 Z-0.125000
G01 X269.980000 Y124.385600 Z-0.125000
G01 X265.986000 Y122.304300 Z-0.125000
G01 X261.686000 Y120.653100 Z-0.125000
G01 X257.097000 Y119.445600 Z-0.125000
G01 X255.260000 Y119.064100 Z-0.125000
G01 X193.723000 Y119.037500 Z-0.125000
G01 X131.546000 Y119.079500 Z-0.125000
G01 X131.546000 Y119.079600 Z-0.125000
G00 Z5.000000

(End cutting path id: path8334)


(Start cutting path id: path8334)
(Change tool to Default tool)

G00 Z5.000000
G00 X103.792000 Y175.064600

G01 Z-0.125000 F100.0(Penetrate)
G01 X100.995000 Y172.267400 Z-0.125000 F400.000000
G01 X100.569000 Y171.523100 Z-0.125000
G01 X100.500000 Y171.235100 Z-0.125000
G01 X100.620000 Y171.256000 Z-0.125000
G01 X102.638000 Y173.274100 Z-0.125000
G01 X102.741000 Y173.278000 Z-0.125000
G01 X102.635000 Y172.952600 Z-0.125000
G01 X102.154000 Y172.153900 Z-0.125000
G01 X100.249000 Y170.248600 Z-0.125000
G01 X99.826400 Y169.508200 Z-0.125000
G01 X99.759600 Y169.222700 Z-0.125000
G01 X99.881000 Y169.244800 Z-0.125000
G01 X101.675000 Y171.038300 Z-0.125000
G01 X101.779000 Y171.043500 Z-0.125000
G01 X101.675000 Y170.721000 Z-0.125000
G01 X101.199000 Y169.926700 Z-0.125000
G01 X99.643700 Y168.371300 Z-0.125000
G01 X99.275500 Y167.685100 Z-0.125000
G01 X99.246000 Y167.436900 Z-0.125000
G01 X99.384300 Y167.475900 Z-0.125000
G01 X100.767000 Y168.858900 Z-0.125000
G01 X100.898000 Y168.889900 Z-0.125000
G01 X100.850000 Y168.624000 Z-0.125000
G01 X100.457000 Y167.912100 Z-0.125000
G01 X99.156400 Y166.611800 Z-0.125000
G01 X98.817400 Y165.954800 Z-0.125000
G01 X98.807900 Y165.726700 Z-0.125000
G01 X98.955400 Y165.774800 Z-0.125000
G01 X100.222000 Y167.041700 Z-0.125000
G01 X100.358000 Y167.078300 Z-0.125000
G01 X100.324000 Y166.825100 Z-0.125000
G01 X99.948200 Y166.131500 Z-0.125000
G01 X98.777800 Y164.961000 Z-0.125000
G01 X98.464400 Y164.329600 Z-0.125000
G01 X98.472600 Y164.119200 Z-0.125000
G01 X98.628200 Y164.175300 Z-0.125000
G01 X99.739200 Y165.286300 Z-0.125000
G01 X99.889400 Y165.337200 Z-0.125000
G01 X99.886000 Y165.115100 Z-0.125000
G01 X99.555700 Y164.466800 Z-0.125000
G01 X98.496100 Y163.407100 Z-0.125000
G01 X98.202800 Y162.795800 Z-0.125000
G01 X98.224800 Y162.599100 Z-0.125000
G01 X98.386600 Y162.661500 Z-0.125000
G01 X99.395500 Y163.670500 Z-0.125000
G01 X99.552700 Y163.728300 Z-0.125000
G01 X99.564600 Y163.521500 Z-0.125000
G01 X99.256500 Y162.895400 Z-0.125000
G01 X98.292900 Y161.931800 Z-0.125000
G01 X97.997300 Y161.318100 Z-0.125000
G01 X98.017700 Y161.119800 Z-0.125000
G01 X98.178700 Y161.181500 Z-0.125000
G01 X99.137000 Y162.139700 Z-0.125000
G01 X99.300000 Y162.203400 Z-0.125000
G01 X99.324700 Y162.009400 Z-0.125000
G01 X99.035400 Y161.402000 Z-0.125000
G01 X98.149300 Y160.515900 Z-0.125000
G01 X97.885800 Y159.934400 Z-0.125000
G01 X97.928300 Y159.758200 Z-0.125000
G01 X98.099400 Y159.829900 Z-0.125000
G01 X98.950300 Y160.680800 Z-0.125000
G01 X99.118000 Y160.749100 Z-0.125000
G01 X99.152900 Y160.565400 Z-0.125000
G01 X98.878500 Y159.972900 Z-0.125000
G01 X98.061600 Y159.156000 Z-0.125000
G01 X97.809900 Y158.586300 Z-0.125000
G01 X97.860500 Y158.418200 Z-0.125000
G01 X98.035300 Y158.493600 Z-0.125000
G01 X98.825900 Y159.284200 Z-0.125000
G01 X98.998600 Y159.357600 Z-0.125000
G01 X99.044800 Y159.185100 Z-0.125000
G01 X98.786600 Y158.608900 Z-0.125000
G01 X98.019900 Y157.842100 Z-0.125000
G01 X97.778300 Y157.282500 Z-0.125000
G01 X97.835800 Y157.121400 Z-0.125000
G01 X98.013800 Y157.199900 Z-0.125000
G01 X98.759800 Y157.945900 Z-0.125000
G01 X98.936300 Y158.023100 Z-0.125000
G01 X98.990700 Y157.858800 Z-0.125000
G01 X98.744600 Y157.294600 Z-0.125000
G01 X98.019800 Y156.569900 Z-0.125000
G01 X97.789000 Y156.021000 Z-0.125000
G01 X97.854000 Y155.867300 Z-0.125000
G01 X98.035300 Y155.949200 Z-0.125000
G01 X98.740200 Y156.654200 Z-0.125000
G01 X98.920200 Y156.734700 Z-0.125000
G01 X98.982100 Y156.578000 Z-0.125000
G01 X98.746800 Y156.024700 Z-0.125000
G01 X98.059900 Y155.337700 Z-0.125000
G01 X97.838100 Y154.797900 Z-0.125000
G01 X97.909200 Y154.650300 Z-0.125000
G01 X98.093300 Y154.735000 Z-0.125000
G01 X98.766400 Y155.408100 Z-0.125000
G01 X98.949700 Y155.492100 Z-0.125000
G01 X99.019200 Y155.342800 Z-0.125000
G01 X98.794900 Y154.800500 Z-0.125000
G01 X98.135300 Y154.140900 Z-0.125000
G01 X97.921900 Y153.609400 Z-0.125000
G01 X97.998800 Y153.467700 Z-0.125000
G01 X98.185500 Y153.555100 Z-0.125000
G01 X98.831900 Y154.201400 Z-0.125000
G01 X99.018000 Y154.288100 Z-0.125000
G01 X99.093400 Y154.144900 Z-0.125000
G01 X98.877900 Y153.611300 Z-0.125000
G01 X98.243900 Y152.977300 Z-0.125000
G01 X98.038400 Y152.453800 Z-0.125000
G01 X98.120800 Y152.317500 Z-0.125000
G01 X98.310000 Y152.407400 Z-0.125000
G01 X98.935000 Y153.032400 Z-0.125000
G01 X99.124000 Y153.121900 Z-0.125000
G01 X99.205700 Y152.985000 Z-0.125000
G01 X98.999300 Y152.460500 Z-0.125000
G01 X98.383900 Y151.845200 Z-0.125000
G01 X98.186100 Y151.329300 Z-0.125000
G01 X98.273700 Y151.198200 Z-0.125000
G01 X98.465300 Y151.290500 Z-0.125000
G01 X99.069200 Y151.894300 Z-0.125000
G01 X99.260900 Y151.986700 Z-0.125000
G01 X99.348900 Y151.855900 Z-0.125000
G01 X99.151500 Y151.340500 Z-0.125000
G01 X98.554100 Y150.743100 Z-0.125000
G01 X98.363600 Y150.234600 Z-0.125000
G01 X98.456300 Y150.108600 Z-0.125000
G01 X98.650200 Y150.203100 Z-0.125000
G01 X99.239800 Y150.792700 Z-0.125000
G01 X99.433400 Y150.887000 Z-0.125000
G01 X99.525400 Y150.760300 Z-0.125000
G01 X99.333900 Y150.250700 Z-0.125000
G01 X98.753300 Y149.670200 Z-0.125000
G01 X98.569900 Y149.168700 Z-0.125000
G01 X98.667400 Y149.047500 Z-0.125000
G01 X98.863600 Y149.144300 Z-0.125000
G01 X99.436500 Y149.717200 Z-0.125000
G01 X99.632600 Y149.813900 Z-0.125000
G01 X99.729900 Y149.692600 Z-0.125000
G01 X99.546200 Y149.190800 Z-0.125000
G01 X98.980700 Y148.625400 Z-0.125000
G01 X98.804200 Y148.130800 Z-0.125000
G01 X98.906500 Y148.014400 Z-0.125000
G01 X99.104800 Y148.113300 Z-0.125000
G01 X99.660800 Y148.669300 Z-0.125000
G01 X99.858900 Y148.768000 Z-0.125000
G01 X99.960700 Y148.651200 Z-0.125000
G01 X99.783600 Y148.156000 Z-0.125000
G01 X99.235700 Y147.608100 Z-0.125000
G01 X99.066000 Y147.120400 Z-0.125000
G01 X99.173000 Y147.008700 Z-0.125000
G01 X99.373400 Y147.109700 Z-0.125000
G01 X99.912400 Y147.648700 Z-0.125000
G01 X100.112000 Y147.748900 Z-0.125000
G01 X100.217000 Y147.635400 Z-0.125000
G01 X100.045000 Y147.145000 Z-0.125000
G01 X99.515800 Y146.616000 Z-0.125000
G01 X99.352200 Y146.134400 Z-0.125000
G01 X99.463400 Y146.026900 Z-0.125000
G01 X99.665700 Y146.129800 Z-0.125000
G01 X100.187000 Y146.651300 Z-0.125000
G01 X100.389000 Y146.753600 Z-0.125000
G01 X100.499000 Y146.644800 Z-0.125000
G01 X100.333000 Y146.161300 Z-0.125000
G01 X99.820000 Y145.648000 Z-0.125000
G01 X99.665900 Y145.394500 Z-0.125000
G01 X99.660800 Y145.170800 Z-0.125000
G01 X99.775000 Y145.066300 Z-0.125000
G01 X99.978700 Y145.170600 Z-0.125000
G01 X100.484000 Y145.676000 Z-0.125000
G01 X100.688000 Y145.780300 Z-0.125000
G01 X100.802000 Y145.675800 Z-0.125000
G01 X100.797000 Y145.452000 Z-0.125000
G01 X100.643000 Y145.198400 Z-0.125000
G01 X100.139000 Y144.694500 Z-0.125000
G01 X99.987000 Y144.443400 Z-0.125000
G01 X99.987100 Y144.224900 Z-0.125000
G01 X100.106000 Y144.125600 Z-0.125000
G01 X100.313000 Y144.232300 Z-0.125000
G01 X100.804000 Y144.724000 Z-0.125000
G01 X101.010000 Y144.829800 Z-0.125000
G01 X101.127000 Y144.728700 Z-0.125000
G01 X101.125000 Y144.508300 Z-0.125000
G01 X100.973000 Y144.256300 Z-0.125000
G01 X100.487000 Y143.770300 Z-0.125000
G01 X100.336000 Y143.519900 Z-0.125000
G01 X100.337000 Y143.302900 Z-0.125000
G01 X100.458000 Y143.205200 Z-0.125000
G01 X100.665000 Y143.312600 Z-0.125000
G01 X101.146000 Y143.793300 Z-0.125000
G01 X101.352000 Y143.900500 Z-0.125000
G01 X101.473000 Y143.802200 Z-0.125000
G01 X101.474000 Y143.584700 Z-0.125000
G01 X101.323000 Y143.334000 Z-0.125000
G01 X100.849000 Y142.860500 Z-0.125000
G01 X100.700000 Y142.611700 Z-0.125000
G01 X100.705000 Y142.398300 Z-0.125000
G01 X100.830000 Y142.304200 Z-0.125000
G01 X101.038000 Y142.413200 Z-0.125000
G01 X101.507000 Y142.882000 Z-0.125000
G01 X101.715000 Y142.990700 Z-0.125000
G01 X101.839000 Y142.895800 Z-0.125000
G01 X101.843000 Y142.681600 Z-0.125000
G01 X101.693000 Y142.432400 Z-0.125000
G01 X101.231000 Y141.969900 Z-0.125000
G01 X101.083000 Y141.722300 Z-0.125000
G01 X101.090000 Y141.511600 Z-0.125000
G01 X101.218000 Y141.420200 Z-0.125000
G01 X101.427000 Y141.530400 Z-0.125000
G01 X101.886000 Y141.989400 Z-0.125000
G01 X102.096000 Y142.099700 Z-0.125000
G01 X102.223000 Y142.008300 Z-0.125000
G01 X102.231000 Y141.797600 Z-0.125000
G01 X102.083000 Y141.550000 Z-0.125000
G01 X101.630000 Y141.097500 Z-0.125000
G01 X101.484000 Y140.851500 Z-0.125000
G01 X101.495000 Y140.644200 Z-0.125000
G01 X101.626000 Y140.556200 Z-0.125000
G01 X101.837000 Y140.668000 Z-0.125000
G01 X102.284000 Y141.114900 Z-0.125000
G01 X102.495000 Y141.226600 Z-0.125000
G01 X102.625000 Y141.138300 Z-0.125000
G01 X102.637000 Y140.930800 Z-0.125000
G01 X102.490000 Y140.684600 Z-0.125000
G01 X102.047000 Y140.242100 Z-0.125000
G01 X101.902000 Y139.997500 Z-0.125000
G01 X101.917000 Y139.793300 Z-0.125000
G01 X102.050000 Y139.708400 Z-0.125000
G01 X102.263000 Y139.821600 Z-0.125000
G01 X102.700000 Y140.259000 Z-0.125000
G01 X102.913000 Y140.372100 Z-0.125000
G01 X103.046000 Y140.287000 Z-0.125000
G01 X103.061000 Y140.082500 Z-0.125000
G01 X102.915000 Y139.837800 Z-0.125000
G01 X102.483000 Y139.405400 Z-0.125000
G01 X102.339000 Y139.162000 Z-0.125000
G01 X102.356000 Y138.960500 Z-0.125000
G01 X102.492000 Y138.878300 Z-0.125000
G01 X102.706000 Y138.992700 Z-0.125000
G01 X103.134000 Y139.420900 Z-0.125000
G01 X103.348000 Y139.535500 Z-0.125000
G01 X103.485000 Y139.453700 Z-0.125000
G01 X103.503000 Y139.252700 Z-0.125000
G01 X103.359000 Y139.009500 Z-0.125000
G01 X102.934000 Y138.584200 Z-0.125000
G01 X102.791000 Y138.342300 Z-0.125000
G01 X102.812000 Y138.144000 Z-0.125000
G01 X102.951000 Y138.065000 Z-0.125000
G01 X103.167000 Y138.180900 Z-0.125000
G01 X103.588000 Y138.602400 Z-0.125000
G01 X103.803000 Y138.718400 Z-0.125000
G01 X103.943000 Y138.639500 Z-0.125000
G01 X103.964000 Y138.441300 Z-0.125000
G01 X103.821000 Y138.199400 Z-0.125000
G01 X103.403000 Y137.780900 Z-0.125000
G01 X103.261000 Y137.540000 Z-0.125000
G01 X103.284000 Y137.344100 Z-0.125000
G01 X103.426000 Y137.267300 Z-0.125000
G01 X103.642000 Y137.384300 Z-0.125000
G01 X104.058000 Y137.800500 Z-0.125000
G01 X104.275000 Y137.917700 Z-0.125000
G01 X104.418000 Y137.841600 Z-0.125000
G01 X104.441000 Y137.646200 Z-0.125000
G01 X104.300000 Y137.405500 Z-0.125000
G01 X103.887000 Y136.993400 Z-0.125000
G01 X103.747000 Y136.754000 Z-0.125000
G01 X103.773000 Y136.561100 Z-0.125000
G01 X103.918000 Y136.487500 Z-0.125000
G01 X104.136000 Y136.605800 Z-0.125000
G01 X104.546000 Y137.016000 Z-0.125000
G01 X104.764000 Y137.134700 Z-0.125000
G01 X104.910000 Y137.061800 Z-0.125000
G01 X104.936000 Y136.869600 Z-0.125000
G01 X104.797000 Y136.630400 Z-0.125000
G01 X104.388000 Y136.221400 Z-0.125000
G01 X104.249000 Y135.983300 Z-0.125000
G01 X104.277000 Y135.793200 Z-0.125000
G01 X104.425000 Y135.722500 Z-0.125000
G01 X104.644000 Y135.842100 Z-0.125000
G01 X105.051000 Y136.248800 Z-0.125000
G01 X105.270000 Y136.368600 Z-0.125000
G01 X105.419000 Y136.298400 Z-0.125000
G01 X105.448000 Y136.108900 Z-0.125000
G01 X105.309000 Y135.871000 Z-0.125000
G01 X104.905000 Y135.466600 Z-0.125000
G01 X104.767000 Y135.229500 Z-0.125000
G01 X104.798000 Y135.041800 Z-0.125000
G01 X104.949000 Y134.973500 Z-0.125000
G01 X105.169000 Y135.094200 Z-0.125000
G01 X105.572000 Y135.497000 Z-0.125000
G01 X105.792000 Y135.618300 Z-0.125000
G01 X105.944000 Y135.551200 Z-0.125000
G01 X105.976000 Y135.364800 Z-0.125000
G01 X105.839000 Y135.128200 Z-0.125000
G01 X105.437000 Y134.726200 Z-0.125000
G01 X105.300000 Y134.490500 Z-0.125000
G01 X105.335000 Y134.305800 Z-0.125000
G01 X105.488000 Y134.240400 Z-0.125000
G01 X105.709000 Y134.362500 Z-0.125000
G01 X106.110000 Y134.763200 Z-0.125000
G01 X106.332000 Y134.885600 Z-0.125000
G01 X106.486000 Y134.821100 Z-0.125000
G01 X106.521000 Y134.637200 Z-0.125000
G01 X106.385000 Y134.401900 Z-0.125000
G01 X105.985000 Y134.001900 Z-0.125000
G01 X105.849000 Y133.767200 Z-0.125000
G01 X105.886000 Y133.585000 Z-0.125000
G01 X106.041000 Y133.522000 Z-0.125000
G01 X106.264000 Y133.645100 Z-0.125000
G01 X106.663000 Y134.044300 Z-0.125000
G01 X106.886000 Y134.168000 Z-0.125000
G01 X107.043000 Y134.106100 Z-0.125000
G01 X107.081000 Y133.924900 Z-0.125000
G01 X106.946000 Y133.690800 Z-0.125000
G01 X106.548000 Y133.293100 Z-0.125000
G01 X106.414000 Y133.059600 Z-0.125000
G01 X106.453000 Y132.880000 Z-0.125000
G01 X106.611000 Y132.819700 Z-0.125000
G01 X106.835000 Y132.944000 Z-0.125000
G01 X107.233000 Y133.342000 Z-0.125000
G01 X107.457000 Y133.466900 Z-0.125000
G01 X107.617000 Y133.407900 Z-0.125000
G01 X107.657000 Y133.229600 Z-0.125000
G01 X107.524000 Y132.996700 Z-0.125000
G01 X107.126000 Y132.598400 Z-0.125000
G01 X106.993000 Y132.366300 Z-0.125000
G01 X107.035000 Y132.189600 Z-0.125000
G01 X107.196000 Y132.132200 Z-0.125000
G01 X107.421000 Y132.257900 Z-0.125000
G01 X107.819000 Y132.655200 Z-0.125000
G01 X108.044000 Y132.781300 Z-0.125000
G01 X108.206000 Y132.724700 Z-0.125000
G01 X108.249000 Y132.548900 Z-0.125000
G01 X108.117000 Y132.317200 Z-0.125000
G01 X107.720000 Y131.920300 Z-0.125000
G01 X107.588000 Y131.689100 Z-0.125000
G01 X107.632000 Y131.514500 Z-0.125000
G01 X107.795000 Y131.459100 Z-0.125000
G01 X108.021000 Y131.585700 Z-0.125000
G01 X108.419000 Y131.983700 Z-0.125000
G01 X108.646000 Y132.111200 Z-0.125000
G01 X108.811000 Y132.057600 Z-0.125000
G01 X108.857000 Y131.884700 Z-0.125000
G01 X108.726000 Y131.654300 Z-0.125000
G01 X108.328000 Y131.256600 Z-0.125000
G01 X108.198000 Y131.026700 Z-0.125000
G01 X108.245000 Y130.855000 Z-0.125000
G01 X108.411000 Y130.802500 Z-0.125000
G01 X108.638000 Y130.930500 Z-0.125000
G01 X109.036000 Y131.328500 Z-0.125000
G01 X109.264000 Y131.457100 Z-0.125000
G01 X109.432000 Y131.405900 Z-0.125000
G01 X109.480000 Y131.235500 Z-0.125000
G01 X109.350000 Y131.006300 Z-0.125000
G01 X108.951000 Y130.607300 Z-0.125000
G01 X108.822000 Y130.378700 Z-0.125000
G01 X108.872000 Y130.209700 Z-0.125000
G01 X109.041000 Y130.160000 Z-0.125000
G01 X109.269000 Y130.289200 Z-0.125000
G01 X109.668000 Y130.687700 Z-0.125000
G01 X109.897000 Y130.817500 Z-0.125000
G01 X110.067000 Y130.769300 Z-0.125000
G01 X110.118000 Y130.601800 Z-0.125000
G01 X109.990000 Y130.373900 Z-0.125000
G01 X109.590000 Y129.974400 Z-0.125000
G01 X109.462000 Y129.746800 Z-0.125000
G01 X109.514000 Y129.580000 Z-0.125000
G01 X109.685000 Y129.532400 Z-0.125000
G01 X109.915000 Y129.662600 Z-0.125000
G01 X110.316000 Y130.063700 Z-0.125000
G01 X110.546000 Y130.194700 Z-0.125000
G01 X110.719000 Y130.149000 Z-0.125000
G01 X110.773000 Y129.984000 Z-0.125000
G01 X110.645000 Y129.757200 Z-0.125000
G01 X110.244000 Y129.355500 Z-0.125000
G01 X110.117000 Y129.129200 Z-0.125000
G01 X110.172000 Y128.965300 Z-0.125000
G01 X110.346000 Y128.920600 Z-0.125000
G01 X110.576000 Y129.052200 Z-0.125000
G01 X110.979000 Y129.454200 Z-0.125000
G01 X111.210000 Y129.586400 Z-0.125000
G01 X111.386000 Y129.543200 Z-0.125000
G01 X111.442000 Y129.380800 Z-0.125000
G01 X111.316000 Y129.155100 Z-0.125000
G01 X110.912000 Y128.751800 Z-0.125000
G01 X110.786000 Y128.526600 Z-0.125000
G01 X110.844000 Y128.365200 Z-0.125000
G01 X111.020000 Y128.323100 Z-0.125000
G01 X111.252000 Y128.455700 Z-0.125000
G01 X111.657000 Y128.860700 Z-0.125000
G01 X111.890000 Y128.994100 Z-0.125000
G01 X112.068000 Y128.953800 Z-0.125000
G01 X112.127000 Y128.794100 Z-0.125000
G01 X112.002000 Y128.569800 Z-0.125000
G01 X111.596000 Y128.163900 Z-0.125000
G01 X111.472000 Y127.939800 Z-0.125000
G01 X111.532000 Y127.780900 Z-0.125000
G01 X111.711000 Y127.741200 Z-0.125000
G01 X111.944000 Y127.875000 Z-0.125000
G01 X112.351000 Y128.282500 Z-0.125000
G01 X112.585000 Y128.417100 Z-0.125000
G01 X112.766000 Y128.379200 Z-0.125000
G01 X112.828000 Y128.222100 Z-0.125000
G01 X112.704000 Y127.998900 Z-0.125000
G01 X112.295000 Y127.590000 Z-0.125000
G01 X112.172000 Y127.367300 Z-0.125000
G01 X112.234000 Y127.211300 Z-0.125000
G01 X112.416000 Y127.174700 Z-0.125000
G01 X112.651000 Y127.309800 Z-0.125000
G01 X113.061000 Y127.719600 Z-0.125000
G01 X113.296000 Y127.855500 Z-0.125000
G01 X113.480000 Y127.820600 Z-0.125000
G01 X113.544000 Y127.666400 Z-0.125000
G01 X113.422000 Y127.444600 Z-0.125000
G01 X113.010000 Y127.032600 Z-0.125000
G01 X112.887000 Y126.810900 Z-0.125000
G01 X112.952000 Y126.657100 Z-0.125000
G01 X113.136000 Y126.622600 Z-0.125000
G01 X113.372000 Y126.758800 Z-0.125000
G01 X113.786000 Y127.173200 Z-0.125000
G01 X114.023000 Y127.310300 Z-0.125000
G01 X114.209000 Y127.277900 Z-0.125000
G01 X114.276000 Y127.126300 Z-0.125000
G01 X114.155000 Y126.905600 Z-0.125000
G01 X113.740000 Y126.490300 Z-0.125000
G01 X113.619000 Y126.270000 Z-0.125000
G01 X113.686000 Y126.119100 Z-0.125000
G01 X113.874000 Y126.087600 Z-0.125000
G01 X114.110000 Y126.225000 Z-0.125000
G01 X114.527000 Y126.641700 Z-0.125000
G01 X114.765000 Y126.780100 Z-0.125000
G01 X114.954000 Y126.750600 Z-0.125000
G01 X115.024000 Y126.601800 Z-0.125000
G01 X114.904000 Y126.382400 Z-0.125000
G01 X114.484000 Y125.962900 Z-0.125000
G01 X114.365000 Y125.743800 Z-0.125000
G01 X114.435000 Y125.595900 Z-0.125000
G01 X114.625000 Y125.567200 Z-0.125000
G01 X114.864000 Y125.706000 Z-0.125000
G01 X115.285000 Y126.127300 Z-0.125000
G01 X115.524000 Y126.266900 Z-0.125000
G01 X115.716000 Y126.240200 Z-0.125000
G01 X115.788000 Y126.094200 Z-0.125000
G01 X115.670000 Y125.876000 Z-0.125000
G01 X115.246000 Y125.452800 Z-0.125000
G01 X115.128000 Y125.234800 Z-0.125000
G01 X115.201000 Y125.089300 Z-0.125000
G01 X115.393000 Y125.063000 Z-0.125000
G01 X115.633000 Y125.202900 Z-0.125000
G01 X116.058000 Y125.628700 Z-0.125000
G01 X116.299000 Y125.769500 Z-0.125000
G01 X116.493000 Y125.745400 Z-0.125000
G01 X116.569000 Y125.602100 Z-0.125000
G01 X116.451000 Y125.385200 Z-0.125000
G01 X116.023000 Y124.957500 Z-0.125000
G01 X115.906000 Y124.741000 Z-0.125000
G01 X115.982000 Y124.598600 Z-0.125000
G01 X116.178000 Y124.575400 Z-0.125000
G01 X116.419000 Y124.716700 Z-0.125000
G01 X116.848000 Y125.146300 Z-0.125000
G01 X117.090000 Y125.288600 Z-0.125000
G01 X117.288000 Y125.267700 Z-0.125000
G01 X117.366000 Y125.127500 Z-0.125000
G01 X117.250000 Y124.912000 Z-0.125000
G01 X116.817000 Y124.479300 Z-0.125000
G01 X116.701000 Y124.263900 Z-0.125000
G01 X116.780000 Y124.124000 Z-0.125000
G01 X116.978000 Y124.103300 Z-0.125000
G01 X117.220000 Y124.245700 Z-0.125000
G01 X117.656000 Y124.681600 Z-0.125000
G01 X117.899000 Y124.825200 Z-0.125000
G01 X118.099000 Y124.807100 Z-0.125000
G01 X118.181000 Y124.669600 Z-0.125000
G01 X118.066000 Y124.455400 Z-0.125000
G01 X117.628000 Y124.017700 Z-0.125000
G01 X117.513000 Y123.803700 Z-0.125000
G01 X117.595000 Y123.666900 Z-0.125000
G01 X117.796000 Y123.649300 Z-0.125000
G01 X118.040000 Y123.793200 Z-0.125000
G01 X118.480000 Y124.233300 Z-0.125000
G01 X118.724000 Y124.378100 Z-0.125000
G01 X118.927000 Y124.362900 Z-0.125000
G01 X119.011000 Y124.228300 Z-0.125000
G01 X118.898000 Y124.015400 Z-0.125000
G01 X118.455000 Y123.572200 Z-0.125000
G01 X118.342000 Y123.359700 Z-0.125000
G01 X118.426000 Y123.225900 Z-0.125000
G01 X118.631000 Y123.211500 Z-0.125000
G01 X118.875000 Y123.356700 Z-0.125000
G01 X119.322000 Y123.803100 Z-0.125000
G01 X119.567000 Y123.949400 Z-0.125000
G01 X119.774000 Y123.937500 Z-0.125000
G01 X119.862000 Y123.806300 Z-0.125000
G01 X119.750000 Y123.594900 Z-0.125000
G01 X119.300000 Y123.145600 Z-0.125000
G01 X119.188000 Y122.934300 Z-0.125000
G01 X119.276000 Y122.803400 Z-0.125000
G01 X119.483000 Y122.791700 Z-0.125000
G01 X119.729000 Y122.938200 Z-0.125000
G01 X120.182000 Y123.391100 Z-0.125000
G01 X120.429000 Y123.538800 Z-0.125000
G01 X120.639000 Y123.529900 Z-0.125000
G01 X120.729000 Y123.401800 Z-0.125000
G01 X120.619000 Y123.191700 Z-0.125000
G01 X120.162000 Y122.735100 Z-0.125000
G01 X120.052000 Y122.525400 Z-0.125000
G01 X120.143000 Y122.398000 Z-0.125000
G01 X120.353000 Y122.389800 Z-0.125000
G01 X120.601000 Y122.537900 Z-0.125000
G01 X121.060000 Y122.996900 Z-0.125000
G01 X121.308000 Y123.146100 Z-0.125000
G01 X121.521000 Y123.140300 Z-0.125000
G01 X121.615000 Y123.015300 Z-0.125000
G01 X121.506000 Y122.806700 Z-0.125000
G01 X121.044000 Y122.344700 Z-0.125000
G01 X120.935000 Y122.136200 Z-0.125000
G01 X121.029000 Y122.011500 Z-0.125000
G01 X121.242000 Y122.006100 Z-0.125000
G01 X121.491000 Y122.155500 Z-0.125000
G01 X121.958000 Y122.622400 Z-0.125000
G01 X122.208000 Y122.773300 Z-0.125000
G01 X122.424000 Y122.771100 Z-0.125000
G01 X122.522000 Y122.649700 Z-0.125000
G01 X122.414000 Y122.442800 Z-0.125000
G01 X121.943000 Y121.971700 Z-0.125000
G01 X121.836000 Y121.764900 Z-0.125000
G01 X121.933000 Y121.643900 Z-0.125000
G01 X122.150000 Y121.642200 Z-0.125000
G01 X122.401000 Y121.793200 Z-0.125000
G01 X122.875000 Y122.268000 Z-0.125000
G01 X123.127000 Y122.420400 Z-0.125000
G01 X123.347000 Y122.421700 Z-0.125000
G01 X123.448000 Y122.303700 Z-0.125000
G01 X123.342000 Y122.098200 Z-0.125000
G01 X122.863000 Y121.619100 Z-0.125000
G01 X122.756000 Y121.413600 Z-0.125000
G01 X122.857000 Y121.295400 Z-0.125000
G01 X123.077000 Y121.296400 Z-0.125000
G01 X123.328000 Y121.448700 Z-0.125000
G01 X123.813000 Y121.933600 Z-0.125000
G01 X124.067000 Y122.087500 Z-0.125000
G01 X124.290000 Y122.092400 Z-0.125000
G01 X124.394000 Y121.977900 Z-0.125000
G01 X124.290000 Y121.774100 Z-0.125000
G01 X123.802000 Y121.285800 Z-0.125000
G01 X123.697000 Y121.082200 Z-0.125000
G01 X123.802000 Y120.968100 Z-0.125000
G01 X124.026000 Y120.973400 Z-0.125000
G01 X124.279000 Y121.127600 Z-0.125000
G01 X124.772000 Y121.620000 Z-0.125000
G01 X125.254000 Y121.784600 Z-0.125000
G01 X125.363000 Y121.674200 Z-0.125000
G01 X125.260000 Y121.472200 Z-0.125000
G01 X124.762000 Y120.974000 Z-0.125000
G01 X124.659000 Y120.771800 Z-0.125000
G01 X124.767000 Y120.660800 Z-0.125000
G01 X125.249000 Y120.824600 Z-0.125000
G01 X125.754000 Y121.330100 Z-0.125000
G01 X126.242000 Y121.500400 Z-0.125000
G01 X126.355000 Y121.393800 Z-0.125000
G01 X126.254000 Y121.193600 Z-0.125000
G01 X125.743000 Y120.683200 Z-0.125000
G01 X125.642000 Y120.483000 Z-0.125000
G01 X125.755000 Y120.376500 Z-0.125000
G01 X126.243000 Y120.546900 Z-0.125000
G01 X126.759000 Y121.063100 Z-0.125000
G01 X127.254000 Y121.239400 Z-0.125000
G01 X127.370000 Y121.136900 Z-0.125000
G01 X127.271000 Y120.938600 Z-0.125000
G01 X126.748000 Y120.415800 Z-0.125000
G01 X126.649000 Y120.217300 Z-0.125000
G01 X126.765000 Y120.114400 Z-0.125000
G01 X127.259000 Y120.290100 Z-0.125000
G01 X127.789000 Y120.820300 Z-0.125000
G01 X128.289000 Y121.003000 Z-0.125000
G01 X128.410000 Y120.904900 Z-0.125000
G01 X128.313000 Y120.708500 Z-0.125000
G01 X127.775000 Y120.170800 Z-0.125000
G01 X127.678000 Y119.974300 Z-0.125000
G01 X127.799000 Y119.876100 Z-0.125000
G01 X128.299000 Y120.058600 Z-0.125000
G01 X128.844000 Y120.603400 Z-0.125000
G01 X129.351000 Y120.792700 Z-0.125000
G01 X129.477000 Y120.699300 Z-0.125000
G01 X129.382000 Y120.505000 Z-0.125000
G01 X128.829000 Y119.952300 Z-0.125000
G01 X128.734000 Y119.757700 Z-0.125000
G01 X128.858000 Y119.663600 Z-0.125000
G01 X129.365000 Y119.852100 Z-0.125000
G01 X129.927000 Y120.413800 Z-0.125000
G01 X130.441000 Y120.610400 Z-0.125000
G01 X130.571000 Y120.521900 Z-0.125000
G01 X130.479000 Y120.329900 Z-0.125000
G01 X129.906000 Y119.757000 Z-0.125000
G01 X129.812000 Y119.563200 Z-0.125000
G01 X129.938000 Y119.470900 Z-0.125000
G01 X130.447000 Y119.661900 Z-0.125000
G01 X131.038000 Y120.253400 Z-0.125000
G01 X131.585000 Y120.481900 Z-0.125000
G01 X131.737000 Y120.415400 Z-0.125000
G01 X131.654000 Y120.233300 Z-0.125000
G01 X130.991000 Y119.569900 Z-0.125000
G01 X130.898000 Y119.377700 Z-0.125000
G01 X131.028000 Y119.288900 Z-0.125000
G01 X131.542000 Y119.485000 Z-0.125000
G01 X132.280000 Y120.223200 Z-0.125000
G01 X132.833000 Y120.458200 Z-0.125000
G01 X132.990000 Y120.396100 Z-0.125000
G01 X132.909000 Y120.216000 Z-0.125000
G01 X132.140000 Y119.446900 Z-0.125000
G01 X132.060000 Y119.267100 Z-0.125000
G01 X132.217000 Y119.205400 Z-0.125000
G01 X132.770000 Y119.440900 Z-0.125000
G01 X133.540000 Y120.210500 Z-0.125000
G01 X134.094000 Y120.446400 Z-0.125000
G01 X134.251000 Y120.384900 Z-0.125000
G01 X134.171000 Y120.205100 Z-0.125000
G01 X133.402000 Y119.436500 Z-0.125000
G01 X133.322000 Y119.257300 Z-0.125000
G01 X133.481000 Y119.197000 Z-0.125000
G01 X134.036000 Y119.434600 Z-0.125000
G01 X134.801000 Y120.199700 Z-0.125000
G01 X135.355000 Y120.435500 Z-0.125000
G01 X135.512000 Y120.374000 Z-0.125000
G01 X135.432000 Y120.194300 Z-0.125000
G01 X134.670000 Y119.432700 Z-0.125000
G01 X134.591000 Y119.253500 Z-0.125000
G01 X134.749000 Y119.193200 Z-0.125000
G01 X135.305000 Y119.430800 Z-0.125000
G01 X136.063000 Y120.188900 Z-0.125000
G01 X136.617000 Y120.425500 Z-0.125000
G01 X136.775000 Y120.364600 Z-0.125000
G01 X136.695000 Y120.185100 Z-0.125000
G01 X135.939000 Y119.428900 Z-0.125000
G01 X135.859000 Y119.249700 Z-0.125000
G01 X136.017000 Y119.189400 Z-0.125000
G01 X136.573000 Y119.427000 Z-0.125000
G01 X137.328000 Y120.181800 Z-0.125000
G01 X137.883000 Y120.418700 Z-0.125000
G01 X138.041000 Y120.357900 Z-0.125000
G01 X137.961000 Y120.178500 Z-0.125000
G01 X137.208000 Y119.425600 Z-0.125000
G01 X137.128000 Y119.246600 Z-0.125000
G01 X137.287000 Y119.186700 Z-0.125000
G01 X137.843000 Y119.424900 Z-0.125000
G01 X138.593000 Y120.175200 Z-0.125000
G01 X139.148000 Y120.412100 Z-0.125000
G01 X139.306000 Y120.351400 Z-0.125000
G01 X139.226000 Y120.171900 Z-0.125000
G01 X138.478000 Y119.424100 Z-0.125000
G01 X138.399000 Y119.245100 Z-0.125000
G01 X138.558000 Y119.185200 Z-0.125000
G01 X139.114000 Y119.423400 Z-0.125000
G01 X139.859000 Y120.168600 Z-0.125000
G01 X140.414000 Y120.405500 Z-0.125000
G01 X140.572000 Y120.344800 Z-0.125000
G01 X140.492000 Y120.165300 Z-0.125000
G01 X139.749000 Y119.422600 Z-0.125000
G01 X139.670000 Y119.243600 Z-0.125000
G01 X139.828000 Y119.183700 Z-0.125000
G01 X140.384000 Y119.421800 Z-0.125000
G01 X141.125000 Y120.162100 Z-0.125000
G01 X141.680000 Y120.399000 Z-0.125000
G01 X141.838000 Y120.338200 Z-0.125000
G01 X141.758000 Y120.158800 Z-0.125000
G01 X141.020000 Y119.421000 Z-0.125000
G01 X140.940000 Y119.242000 Z-0.125000
G01 X141.099000 Y119.182100 Z-0.125000
G01 X141.655000 Y119.420300 Z-0.125000
G01 X142.391000 Y120.156200 Z-0.125000
G01 X142.947000 Y120.393600 Z-0.125000
G01 X143.105000 Y120.333200 Z-0.125000
G01 X143.025000 Y120.153900 Z-0.125000
G01 X142.291000 Y119.419500 Z-0.125000
G01 X142.211000 Y119.240500 Z-0.125000
G01 X142.370000 Y119.180600 Z-0.125000
G01 X142.926000 Y119.418700 Z-0.125000
G01 X143.659000 Y120.151700 Z-0.125000
G01 X144.214000 Y120.389100 Z-0.125000
G01 X144.373000 Y120.328700 Z-0.125000
G01 X144.293000 Y120.149400 Z-0.125000
G01 X143.561000 Y119.417900 Z-0.125000
G01 X143.482000 Y119.238900 Z-0.125000
G01 X143.640000 Y119.179000 Z-0.125000
G01 X144.197000 Y119.417200 Z-0.125000
G01 X144.926000 Y120.147100 Z-0.125000
G01 X145.482000 Y120.384500 Z-0.125000
G01 X145.640000 Y120.324100 Z-0.125000
G01 X145.560000 Y120.144800 Z-0.125000
G01 X144.832000 Y119.416600 Z-0.125000
G01 X144.752000 Y119.237500 Z-0.125000
G01 X144.911000 Y119.177600 Z-0.125000
G01 X145.467000 Y119.415800 Z-0.125000
G01 X146.194000 Y120.142700 Z-0.125000
G01 X146.750000 Y120.380200 Z-0.125000
G01 X146.908000 Y120.319700 Z-0.125000
G01 X146.828000 Y120.140400 Z-0.125000
G01 X146.103000 Y119.415000 Z-0.125000
G01 X146.023000 Y119.236000 Z-0.125000
G01 X146.182000 Y119.176100 Z-0.125000
G01 X146.738000 Y119.414200 Z-0.125000
G01 X147.462000 Y120.138200 Z-0.125000
G01 X148.017000 Y120.375600 Z-0.125000
G01 X148.176000 Y120.315200 Z-0.125000
G01 X148.096000 Y120.135900 Z-0.125000
G01 X147.373000 Y119.413400 Z-0.125000
G01 X147.294000 Y119.234400 Z-0.125000
G01 X147.452000 Y119.174500 Z-0.125000
G01 X148.009000 Y119.412700 Z-0.125000
G01 X148.730000 Y120.133600 Z-0.125000
G01 X149.285000 Y120.371000 Z-0.125000
G01 X149.443000 Y120.310600 Z-0.125000
G01 X149.363000 Y120.131300 Z-0.125000
G01 X148.644000 Y119.411900 Z-0.125000
G01 X148.564000 Y119.232900 Z-0.125000
G01 X148.723000 Y119.173000 Z-0.125000
G01 X149.279000 Y119.411200 Z-0.125000
G01 X149.998000 Y120.130000 Z-0.125000
G01 X150.554000 Y120.367800 Z-0.125000
G01 X150.713000 Y120.307700 Z-0.125000
G01 X150.633000 Y120.128600 Z-0.125000
G01 X149.915000 Y119.410400 Z-0.125000
G01 X149.835000 Y119.231400 Z-0.125000
G01 X149.994000 Y119.171600 Z-0.125000
G01 X150.550000 Y119.409800 Z-0.125000
G01 X151.268000 Y120.127200 Z-0.125000
G01 X151.823000 Y120.365100 Z-0.125000
G01 X151.982000 Y120.304900 Z-0.125000
G01 X151.902000 Y120.125800 Z-0.125000
G01 X151.186000 Y119.409600 Z-0.125000
G01 X151.107000 Y119.230700 Z-0.125000
G01 X151.266000 Y119.170900 Z-0.125000
G01 X151.822000 Y119.409400 Z-0.125000
G01 X152.537000 Y120.124400 Z-0.125000
G01 X153.093000 Y120.362300 Z-0.125000
G01 X153.252000 Y120.302200 Z-0.125000
G01 X153.172000 Y120.123000 Z-0.125000
G01 X152.458000 Y119.409100 Z-0.125000
G01 X152.378000 Y119.230200 Z-0.125000
G01 X152.537000 Y119.170500 Z-0.125000
G01 X153.094000 Y119.408900 Z-0.125000
G01 X153.807000 Y120.121700 Z-0.125000
G01 X154.362000 Y120.359500 Z-0.125000
G01 X154.521000 Y120.299400 Z-0.125000
G01 X154.441000 Y120.120300 Z-0.125000
G01 X153.730000 Y119.408700 Z-0.125000
G01 X153.650000 Y119.229800 Z-0.125000
G01 X153.809000 Y119.170100 Z-0.125000
G01 X154.366000 Y119.408500 Z-0.125000
G01 X155.076000 Y120.118900 Z-0.125000
G01 X155.632000 Y120.356800 Z-0.125000
G01 X155.790000 Y120.296600 Z-0.125000
G01 X155.711000 Y120.117500 Z-0.125000
G01 X155.001000 Y119.408300 Z-0.125000
G01 X154.922000 Y119.229300 Z-0.125000
G01 X155.081000 Y119.169600 Z-0.125000
G01 X155.637000 Y119.408100 Z-0.125000
G01 X156.345000 Y120.116100 Z-0.125000
G01 X156.901000 Y120.354000 Z-0.125000
G01 X157.060000 Y120.293900 Z-0.125000
G01 X156.980000 Y120.114700 Z-0.125000
G01 X156.273000 Y119.407800 Z-0.125000
G01 X156.194000 Y119.228900 Z-0.125000
G01 X156.353000 Y119.169200 Z-0.125000
G01 X156.909000 Y119.407600 Z-0.125000
G01 X157.615000 Y120.113400 Z-0.125000
G01 X158.171000 Y120.351200 Z-0.125000
G01 X158.329000 Y120.291100 Z-0.125000
G01 X158.250000 Y120.112000 Z-0.125000
G01 X157.545000 Y119.407400 Z-0.125000
G01 X157.466000 Y119.228400 Z-0.125000
G01 X157.624000 Y119.168700 Z-0.125000
G01 X158.181000 Y119.407200 Z-0.125000
G01 X158.884000 Y120.110600 Z-0.125000
G01 X159.440000 Y120.348500 Z-0.125000
G01 X159.599000 Y120.288400 Z-0.125000
G01 X159.519000 Y120.109200 Z-0.125000
G01 X158.817000 Y119.406900 Z-0.125000
G01 X158.737000 Y119.228000 Z-0.125000
G01 X158.896000 Y119.168300 Z-0.125000
G01 X159.453000 Y119.406700 Z-0.125000
G01 X160.154000 Y120.107900 Z-0.125000
G01 X160.710000 Y120.345700 Z-0.125000
G01 X160.868000 Y120.285600 Z-0.125000
G01 X160.789000 Y120.106500 Z-0.125000
G01 X160.089000 Y119.406500 Z-0.125000
G01 X160.009000 Y119.227500 Z-0.125000
G01 X160.168000 Y119.167800 Z-0.125000
G01 X160.725000 Y119.406300 Z-0.125000
G01 X161.423000 Y120.105100 Z-0.125000
G01 X161.979000 Y120.342900 Z-0.125000
G01 X162.138000 Y120.282800 Z-0.125000
G01 X162.058000 Y120.103700 Z-0.125000
G01 X161.360000 Y119.406000 Z-0.125000
G01 X161.281000 Y119.227100 Z-0.125000
G01 X161.440000 Y119.167400 Z-0.125000
G01 X161.996000 Y119.405800 Z-0.125000
G01 X162.693000 Y120.102300 Z-0.125000
G01 X163.249000 Y120.340200 Z-0.125000
G01 X163.407000 Y120.280100 Z-0.125000
G01 X163.328000 Y120.100900 Z-0.125000
G01 X162.632000 Y119.405600 Z-0.125000
G01 X162.553000 Y119.226700 Z-0.125000
G01 X162.712000 Y119.167000 Z-0.125000
G01 X163.268000 Y119.405400 Z-0.125000
G01 X163.962000 Y120.099600 Z-0.125000
G01 X164.518000 Y120.337400 Z-0.125000
G01 X164.677000 Y120.277300 Z-0.125000
G01 X164.597000 Y120.098200 Z-0.125000
G01 X163.904000 Y119.405200 Z-0.125000
G01 X163.824000 Y119.226200 Z-0.125000
G01 X163.983000 Y119.166500 Z-0.125000
G01 X164.540000 Y119.404900 Z-0.125000
G01 X165.232000 Y120.096800 Z-0.125000
G01 X165.788000 Y120.334600 Z-0.125000
G01 X165.946000 Y120.274500 Z-0.125000
G01 X165.867000 Y120.095400 Z-0.125000
G01 X165.176000 Y119.404700 Z-0.125000
G01 X165.096000 Y119.225800 Z-0.125000
G01 X165.255000 Y119.166100 Z-0.125000
G01 X165.812000 Y119.404500 Z-0.125000
G01 X166.501000 Y120.094000 Z-0.125000
G01 X167.057000 Y120.331900 Z-0.125000
G01 X167.216000 Y120.271800 Z-0.125000
G01 X167.136000 Y120.092600 Z-0.125000
G01 X166.448000 Y119.404300 Z-0.125000
G01 X166.368000 Y119.225300 Z-0.125000
G01 X166.527000 Y119.165600 Z-0.125000
G01 X167.084000 Y119.404100 Z-0.125000
G01 X167.771000 Y120.091300 Z-0.125000
G01 X168.327000 Y120.329100 Z-0.125000
G01 X168.485000 Y120.269000 Z-0.125000
G01 X168.405000 Y120.089900 Z-0.125000
G01 X167.719000 Y119.403800 Z-0.125000
G01 X167.640000 Y119.224900 Z-0.125000
G01 X167.799000 Y119.165200 Z-0.125000
G01 X168.355000 Y119.403600 Z-0.125000
G01 X169.041000 Y120.088800 Z-0.125000
G01 X169.597000 Y120.327100 Z-0.125000
G01 X169.756000 Y120.267200 Z-0.125000
G01 X169.676000 Y120.088200 Z-0.125000
G01 X168.991000 Y119.403400 Z-0.125000
G01 X168.912000 Y119.224500 Z-0.125000
G01 X169.071000 Y119.164800 Z-0.125000
G01 X169.627000 Y119.403200 Z-0.125000
G01 X170.312000 Y120.087700 Z-0.125000
G01 X170.868000 Y120.325900 Z-0.125000
G01 X171.027000 Y120.266100 Z-0.125000
G01 X170.947000 Y120.087100 Z-0.125000
G01 X170.263000 Y119.403100 Z-0.125000
G01 X170.184000 Y119.224200 Z-0.125000
G01 X170.343000 Y119.164700 Z-0.125000
G01 X170.899000 Y119.403300 Z-0.125000
G01 X171.583000 Y120.086500 Z-0.125000
G01 X172.139000 Y120.324800 Z-0.125000
G01 X172.298000 Y120.264900 Z-0.125000
G01 X172.218000 Y120.085900 Z-0.125000
G01 X171.536000 Y119.403400 Z-0.125000
G01 X171.456000 Y119.224500 Z-0.125000
G01 X171.615000 Y119.164900 Z-0.125000
G01 X172.172000 Y119.403500 Z-0.125000
G01 X172.854000 Y120.085400 Z-0.125000
G01 X173.410000 Y120.323600 Z-0.125000
G01 X173.569000 Y120.263800 Z-0.125000
G01 X173.489000 Y120.084800 Z-0.125000
G01 X172.808000 Y119.403600 Z-0.125000
G01 X172.729000 Y119.224700 Z-0.125000
G01 X172.888000 Y119.165200 Z-0.125000
G01 X173.444000 Y119.403800 Z-0.125000
G01 X174.125000 Y120.084200 Z-0.125000
G01 X174.681000 Y120.322500 Z-0.125000
G01 X174.840000 Y120.262600 Z-0.125000
G01 X174.760000 Y120.083600 Z-0.125000
G01 X174.080000 Y119.403900 Z-0.125000
G01 X174.001000 Y119.225000 Z-0.125000
G01 X174.160000 Y119.165400 Z-0.125000
G01 X174.717000 Y119.404000 Z-0.125000
G01 X175.396000 Y120.083000 Z-0.125000
G01 X175.952000 Y120.321300 Z-0.125000
G01 X176.111000 Y120.261500 Z-0.125000
G01 X176.031000 Y120.082500 Z-0.125000
G01 X175.353000 Y119.404100 Z-0.125000
G01 X175.273000 Y119.225200 Z-0.125000
G01 X175.433000 Y119.165600 Z-0.125000
G01 X175.989000 Y119.404200 Z-0.125000
G01 X176.667000 Y120.081900 Z-0.125000
G01 X177.223000 Y120.320100 Z-0.125000
G01 X177.382000 Y120.260300 Z-0.125000
G01 X177.302000 Y120.081300 Z-0.125000
G01 X176.625000 Y119.404400 Z-0.125000
G01 X176.546000 Y119.225500 Z-0.125000
G01 X176.705000 Y119.165900 Z-0.125000
G01 X177.262000 Y119.404500 Z-0.125000
G01 X177.938000 Y120.080700 Z-0.125000
G01 X178.494000 Y120.319000 Z-0.125000
G01 X178.653000 Y120.259200 Z-0.125000
G01 X178.573000 Y120.080200 Z-0.125000
G01 X177.898000 Y119.404600 Z-0.125000
G01 X177.818000 Y119.225700 Z-0.125000
G01 X177.977000 Y119.166100 Z-0.125000
G01 X178.534000 Y119.404700 Z-0.125000
G01 X179.209000 Y120.079600 Z-0.125000
G01 X179.765000 Y120.317800 Z-0.125000
G01 X179.924000 Y120.258000 Z-0.125000
G01 X179.844000 Y120.079000 Z-0.125000
G01 X179.170000 Y119.404900 Z-0.125000
G01 X179.091000 Y119.226000 Z-0.125000
G01 X179.250000 Y119.166400 Z-0.125000
G01 X179.807000 Y119.405000 Z-0.125000
G01 X180.480000 Y120.078400 Z-0.125000
G01 X181.036000 Y120.316700 Z-0.125000
G01 X181.195000 Y120.256800 Z-0.125000
G01 X181.115000 Y120.077800 Z-0.125000
G01 X180.443000 Y119.405100 Z-0.125000
G01 X180.363000 Y119.226200 Z-0.125000
G01 X180.522000 Y119.166600 Z-0.125000
G01 X181.079000 Y119.405200 Z-0.125000
G01 X181.751000 Y120.077300 Z-0.125000
G01 X182.307000 Y120.315500 Z-0.125000
G01 X182.466000 Y120.255700 Z-0.125000
G01 X182.387000 Y120.076700 Z-0.125000
G01 X181.715000 Y119.405400 Z-0.125000
G01 X181.636000 Y119.226500 Z-0.125000
G01 X181.795000 Y119.166900 Z-0.125000
G01 X182.351000 Y119.405500 Z-0.125000
G01 X183.022000 Y120.076100 Z-0.125000
G01 X183.578000 Y120.314400 Z-0.125000
G01 X183.737000 Y120.254500 Z-0.125000
G01 X183.658000 Y120.075500 Z-0.125000
G01 X182.988000 Y119.405600 Z-0.125000
G01 X182.908000 Y119.226700 Z-0.125000
G01 X183.067000 Y119.167100 Z-0.125000
G01 X183.624000 Y119.405700 Z-0.125000
G01 X184.293000 Y120.075000 Z-0.125000
G01 X184.849000 Y120.313200 Z-0.125000
G01 X185.008000 Y120.253400 Z-0.125000
G01 X184.929000 Y120.074400 Z-0.125000
G01 X184.260000 Y119.405900 Z-0.125000
G01 X184.181000 Y119.227000 Z-0.125000
G01 X184.340000 Y119.167400 Z-0.125000
G01 X184.896000 Y119.406000 Z-0.125000
G01 X185.564000 Y120.073800 Z-0.125000
G01 X186.120000 Y120.312000 Z-0.125000
G01 X186.279000 Y120.252200 Z-0.125000
G01 X186.200000 Y120.073200 Z-0.125000
G01 X185.533000 Y119.406100 Z-0.125000
G01 X185.453000 Y119.227200 Z-0.125000
G01 X185.612000 Y119.167600 Z-0.125000
G01 X186.169000 Y119.406200 Z-0.125000
G01 X186.835000 Y120.072600 Z-0.125000
G01 X187.391000 Y120.310900 Z-0.125000
G01 X187.550000 Y120.251100 Z-0.125000
G01 X187.471000 Y120.072100 Z-0.125000
G01 X186.805000 Y119.406400 Z-0.125000
G01 X186.726000 Y119.227500 Z-0.125000
G01 X186.885000 Y119.167900 Z-0.125000
G01 X187.441000 Y119.406500 Z-0.125000
G01 X188.106000 Y120.071500 Z-0.125000
G01 X188.663000 Y120.309700 Z-0.125000
G01 X188.821000 Y120.249900 Z-0.125000
G01 X188.742000 Y120.070900 Z-0.125000
G01 X188.077000 Y119.406600 Z-0.125000
G01 X187.998000 Y119.227700 Z-0.125000
G01 X188.157000 Y119.168100 Z-0.125000
G01 X188.714000 Y119.406700 Z-0.125000
G01 X189.377000 Y120.070300 Z-0.125000
G01 X189.934000 Y120.308600 Z-0.125000
G01 X190.092000 Y120.248700 Z-0.125000
G01 X190.013000 Y120.069800 Z-0.125000
G01 X189.350000 Y119.406900 Z-0.125000
G01 X189.270000 Y119.228000 Z-0.125000
G01 X189.429000 Y119.168400 Z-0.125000
G01 X189.986000 Y119.407000 Z-0.125000
G01 X190.648000 Y120.069200 Z-0.125000
G01 X191.205000 Y120.307400 Z-0.125000
G01 X191.363000 Y120.247600 Z-0.125000
G01 X191.284000 Y120.068600 Z-0.125000
G01 X190.622000 Y119.407100 Z-0.125000
G01 X190.543000 Y119.228200 Z-0.125000
G01 X190.702000 Y119.168600 Z-0.125000
G01 X191.259000 Y119.407200 Z-0.125000
G01 X191.919000 Y120.068000 Z-0.125000
G01 X192.476000 Y120.306300 Z-0.125000
G01 X192.635000 Y120.246500 Z-0.125000
G01 X192.555000 Y120.067500 Z-0.125000
G01 X191.895000 Y119.407300 Z-0.125000
G01 X191.815000 Y119.228500 Z-0.125000
G01 X191.974000 Y119.168900 Z-0.125000
G01 X192.531000 Y119.407500 Z-0.125000
G01 X193.191000 Y120.067400 Z-0.125000
G01 X193.748000 Y120.305900 Z-0.125000
G01 X193.907000 Y120.246300 Z-0.125000
G01 X193.827000 Y120.067400 Z-0.125000
G01 X193.167000 Y119.407600 Z-0.125000
G01 X193.088000 Y119.228700 Z-0.125000
G01 X193.247000 Y119.169100 Z-0.125000
G01 X193.803000 Y119.407700 Z-0.125000
G01 X194.463000 Y120.067300 Z-0.125000
G01 X195.020000 Y120.305800 Z-0.125000
G01 X195.179000 Y120.246200 Z-0.125000
G01 X195.099000 Y120.067200 Z-0.125000
G01 X194.440000 Y119.408000 Z-0.125000
G01 X194.360000 Y119.229100 Z-0.125000
G01 X194.519000 Y119.169600 Z-0.125000
G01 X195.076000 Y119.408200 Z-0.125000
G01 X195.735000 Y120.067200 Z-0.125000
G01 X196.292000 Y120.305700 Z-0.125000
G01 X196.451000 Y120.246000 Z-0.125000
G01 X196.371000 Y120.067100 Z-0.125000
G01 X195.713000 Y119.408500 Z-0.125000
G01 X195.633000 Y119.229600 Z-0.125000
G01 X195.792000 Y119.170100 Z-0.125000
G01 X196.349000 Y119.408800 Z-0.125000
G01 X197.007000 Y120.067100 Z-0.125000
G01 X197.564000 Y120.305600 Z-0.125000
G01 X197.723000 Y120.245900 Z-0.125000
G01 X197.643000 Y120.067000 Z-0.125000
G01 X196.985000 Y119.409100 Z-0.125000
G01 X196.906000 Y119.230200 Z-0.125000
G01 X197.065000 Y119.170700 Z-0.125000
G01 X197.622000 Y119.409300 Z-0.125000
G01 X198.279000 Y120.067000 Z-0.125000
G01 X198.836000 Y120.305500 Z-0.125000
G01 X198.995000 Y120.245800 Z-0.125000
G01 X198.915000 Y120.066900 Z-0.125000
G01 X198.258000 Y119.409600 Z-0.125000
G01 X198.179000 Y119.230700 Z-0.125000
G01 X198.338000 Y119.171200 Z-0.125000
G01 X198.894000 Y119.409900 Z-0.125000
G01 X199.551000 Y120.066900 Z-0.125000
G01 X200.108000 Y120.305400 Z-0.125000
G01 X200.267000 Y120.245700 Z-0.125000
G01 X200.187000 Y120.066800 Z-0.125000
G01 X199.531000 Y119.410200 Z-0.125000
G01 X199.451000 Y119.231300 Z-0.125000
G01 X199.610000 Y119.171800 Z-0.125000
G01 X200.167000 Y119.410400 Z-0.125000
G01 X200.824000 Y120.066700 Z-0.125000
G01 X201.380000 Y120.305300 Z-0.125000
G01 X201.539000 Y120.245600 Z-0.125000
G01 X201.460000 Y120.066700 Z-0.125000
G01 X200.804000 Y119.410700 Z-0.125000
G01 X200.724000 Y119.231800 Z-0.125000
G01 X200.883000 Y119.172300 Z-0.125000
G01 X201.440000 Y119.411000 Z-0.125000
G01 X202.096000 Y120.066600 Z-0.125000
G01 X202.652000 Y120.305100 Z-0.125000
G01 X202.811000 Y120.245500 Z-0.125000
G01 X202.732000 Y120.066600 Z-0.125000
G01 X202.076000 Y119.411300 Z-0.125000
G01 X201.997000 Y119.232400 Z-0.125000
G01 X202.156000 Y119.172900 Z-0.125000
G01 X202.713000 Y119.411500 Z-0.125000
G01 X203.368000 Y120.066500 Z-0.125000
G01 X203.924000 Y120.305000 Z-0.125000
G01 X204.083000 Y120.245400 Z-0.125000
G01 X204.004000 Y120.066500 Z-0.125000
G01 X203.349000 Y119.411800 Z-0.125000
G01 X203.270000 Y119.233000 Z-0.125000
G01 X203.429000 Y119.173400 Z-0.125000
G01 X203.985000 Y119.412100 Z-0.125000
G01 X204.640000 Y120.066400 Z-0.125000
G01 X205.196000 Y120.304900 Z-0.125000
G01 X205.355000 Y120.245300 Z-0.125000
G01 X205.276000 Y120.066300 Z-0.125000
G01 X204.622000 Y119.412400 Z-0.125000
G01 X204.542000 Y119.233500 Z-0.125000
G01 X204.702000 Y119.174000 Z-0.125000
G01 X205.258000 Y119.412600 Z-0.125000
G01 X205.912000 Y120.066300 Z-0.125000
G01 X206.468000 Y120.304800 Z-0.125000
G01 X206.627000 Y120.245100 Z-0.125000
G01 X206.548000 Y120.066200 Z-0.125000
G01 X205.895000 Y119.412900 Z-0.125000
G01 X205.815000 Y119.234100 Z-0.125000
G01 X205.974000 Y119.174500 Z-0.125000
G01 X206.531000 Y119.413200 Z-0.125000
G01 X207.184000 Y120.066200 Z-0.125000
G01 X207.741000 Y120.304700 Z-0.125000
G01 X207.900000 Y120.245000 Z-0.125000
G01 X207.820000 Y120.066100 Z-0.125000
G01 X207.167000 Y119.413500 Z-0.125000
G01 X207.088000 Y119.234600 Z-0.125000
G01 X207.247000 Y119.175100 Z-0.125000
G01 X207.804000 Y119.413700 Z-0.125000
G01 X208.456000 Y120.066100 Z-0.125000
G01 X209.013000 Y120.304600 Z-0.125000
G01 X209.172000 Y120.244900 Z-0.125000
G01 X209.092000 Y120.066000 Z-0.125000
G01 X208.440000 Y119.414000 Z-0.125000
G01 X208.361000 Y119.235200 Z-0.125000
G01 X208.520000 Y119.175600 Z-0.125000
G01 X209.077000 Y119.414300 Z-0.125000
G01 X209.728000 Y120.066000 Z-0.125000
G01 X210.285000 Y120.304500 Z-0.125000
G01 X210.444000 Y120.244800 Z-0.125000
G01 X210.364000 Y120.065900 Z-0.125000
G01 X209.713000 Y119.414600 Z-0.125000
G01 X209.633000 Y119.235700 Z-0.125000
G01 X209.793000 Y119.176200 Z-0.125000
G01 X210.349000 Y119.414800 Z-0.125000
G01 X211.000000 Y120.065800 Z-0.125000
G01 X211.557000 Y120.304400 Z-0.125000
G01 X211.716000 Y120.244700 Z-0.125000
G01 X211.636000 Y120.065800 Z-0.125000
G01 X210.986000 Y119.415100 Z-0.125000
G01 X210.906000 Y119.236300 Z-0.125000
G01 X211.065000 Y119.176700 Z-0.125000
G01 X211.622000 Y119.415400 Z-0.125000
G01 X212.272000 Y120.065700 Z-0.125000
G01 X212.829000 Y120.304200 Z-0.125000
G01 X212.988000 Y120.244600 Z-0.125000
G01 X212.908000 Y120.065700 Z-0.125000
G01 X212.258000 Y119.415700 Z-0.125000
G01 X212.179000 Y119.236800 Z-0.125000
G01 X212.338000 Y119.177300 Z-0.125000
G01 X212.895000 Y119.415900 Z-0.125000
G01 X213.544000 Y120.065600 Z-0.125000
G01 X214.101000 Y120.304100 Z-0.125000
G01 X214.260000 Y120.244500 Z-0.125000
G01 X214.180000 Y120.065600 Z-0.125000
G01 X213.531000 Y119.416200 Z-0.125000
G01 X213.452000 Y119.237400 Z-0.125000
G01 X213.611000 Y119.177800 Z-0.125000
G01 X214.168000 Y119.416500 Z-0.125000
G01 X214.817000 Y120.065500 Z-0.125000
G01 X215.373000 Y120.304000 Z-0.125000
G01 X215.532000 Y120.244400 Z-0.125000
G01 X215.453000 Y120.065400 Z-0.125000
G01 X214.804000 Y119.416800 Z-0.125000
G01 X214.724000 Y119.237900 Z-0.125000
G01 X214.884000 Y119.178400 Z-0.125000
G01 X215.440000 Y119.417000 Z-0.125000
G01 X216.089000 Y120.065400 Z-0.125000
G01 X216.645000 Y120.303900 Z-0.125000
G01 X216.804000 Y120.244300 Z-0.125000
G01 X216.725000 Y120.065300 Z-0.125000
G01 X216.077000 Y119.417300 Z-0.125000
G01 X215.997000 Y119.238500 Z-0.125000
G01 X216.156000 Y119.178900 Z-0.125000
G01 X216.713000 Y119.417600 Z-0.125000
G01 X217.361000 Y120.065300 Z-0.125000
G01 X217.917000 Y120.303800 Z-0.125000
G01 X218.076000 Y120.244100 Z-0.125000
G01 X217.997000 Y120.065200 Z-0.125000
G01 X217.349000 Y119.417900 Z-0.125000
G01 X217.270000 Y119.239000 Z-0.125000
G01 X217.429000 Y119.179500 Z-0.125000
G01 X217.986000 Y119.418100 Z-0.125000
G01 X218.633000 Y120.065200 Z-0.125000
G01 X219.189000 Y120.303700 Z-0.125000
G01 X219.348000 Y120.244000 Z-0.125000
G01 X219.269000 Y120.065100 Z-0.125000
G01 X218.622000 Y119.418400 Z-0.125000
G01 X218.543000 Y119.239600 Z-0.125000
G01 X218.702000 Y119.180000 Z-0.125000
G01 X219.259000 Y119.418700 Z-0.125000
G01 X219.905000 Y120.065100 Z-0.125000
G01 X220.461000 Y120.303600 Z-0.125000
G01 X220.620000 Y120.243900 Z-0.125000
G01 X220.541000 Y120.065000 Z-0.125000
G01 X219.895000 Y119.419000 Z-0.125000
G01 X219.815000 Y119.240100 Z-0.125000
G01 X219.975000 Y119.180600 Z-0.125000
G01 X220.531000 Y119.419200 Z-0.125000
G01 X221.177000 Y120.064900 Z-0.125000
G01 X221.734000 Y120.303500 Z-0.125000
G01 X221.893000 Y120.243800 Z-0.125000
G01 X221.813000 Y120.064900 Z-0.125000
G01 X221.168000 Y119.419500 Z-0.125000
G01 X221.088000 Y119.240700 Z-0.125000
G01 X221.247000 Y119.181100 Z-0.125000
G01 X221.804000 Y119.419800 Z-0.125000
G01 X222.449000 Y120.064800 Z-0.125000
G01 X223.006000 Y120.303300 Z-0.125000
G01 X223.165000 Y120.243700 Z-0.125000
G01 X223.085000 Y120.064800 Z-0.125000
G01 X222.440000 Y119.420100 Z-0.125000
G01 X222.361000 Y119.241200 Z-0.125000
G01 X222.520000 Y119.181700 Z-0.125000
G01 X223.077000 Y119.420300 Z-0.125000
G01 X223.721000 Y120.064700 Z-0.125000
G01 X224.278000 Y120.303400 Z-0.125000
G01 X224.437000 Y120.243800 Z-0.125000
G01 X224.357000 Y120.064900 Z-0.125000
G01 X223.713000 Y119.420600 Z-0.125000
G01 X223.634000 Y119.241800 Z-0.125000
G01 X223.793000 Y119.182200 Z-0.125000
G01 X224.350000 Y119.420900 Z-0.125000
G01 X224.994000 Y120.065600 Z-0.125000
G01 X225.551000 Y120.304400 Z-0.125000
G01 X225.710000 Y120.245000 Z-0.125000
G01 X225.631000 Y120.066200 Z-0.125000
G01 X224.986000 Y119.421200 Z-0.125000
G01 X224.906000 Y119.242300 Z-0.125000
G01 X225.066000 Y119.182800 Z-0.125000
G01 X225.622000 Y119.421400 Z-0.125000
G01 X226.268000 Y120.066800 Z-0.125000
G01 X226.825000 Y120.305700 Z-0.125000
G01 X226.984000 Y120.246200 Z-0.125000
G01 X226.904000 Y120.067400 Z-0.125000
G01 X226.259000 Y119.421700 Z-0.125000
G01 X226.179000 Y119.242900 Z-0.125000
G01 X226.338000 Y119.183300 Z-0.125000
G01 X226.895000 Y119.422000 Z-0.125000
G01 X227.541000 Y120.068100 Z-0.125000
G01 X228.098000 Y120.306900 Z-0.125000
G01 X228.257000 Y120.247500 Z-0.125000
G01 X228.178000 Y120.068700 Z-0.125000
G01 X227.531000 Y119.422300 Z-0.125000
G01 X227.452000 Y119.243400 Z-0.125000
G01 X227.611000 Y119.183900 Z-0.125000
G01 X228.168000 Y119.422500 Z-0.125000
G01 X228.815000 Y120.069300 Z-0.125000
G01 X229.371000 Y120.308200 Z-0.125000
G01 X229.531000 Y120.248700 Z-0.125000
G01 X229.451000 Y120.069900 Z-0.125000
G01 X228.804000 Y119.422800 Z-0.125000
G01 X228.725000 Y119.244000 Z-0.125000
G01 X228.884000 Y119.184400 Z-0.125000
G01 X229.441000 Y119.423100 Z-0.125000
G01 X230.088000 Y120.070600 Z-0.125000
G01 X230.645000 Y120.309400 Z-0.125000
G01 X230.804000 Y120.250000 Z-0.125000
G01 X230.725000 Y120.071200 Z-0.125000
G01 X230.077000 Y119.423400 Z-0.125000
G01 X229.997000 Y119.244500 Z-0.125000
G01 X230.157000 Y119.185000 Z-0.125000
G01 X230.713000 Y119.423600 Z-0.125000
G01 X231.361000 Y120.071800 Z-0.125000
G01 X231.918000 Y120.310700 Z-0.125000
G01 X232.078000 Y120.251200 Z-0.125000
G01 X231.998000 Y120.072400 Z-0.125000
G01 X231.350000 Y119.423900 Z-0.125000
G01 X231.270000 Y119.245100 Z-0.125000
G01 X231.429000 Y119.185500 Z-0.125000
G01 X231.986000 Y119.424200 Z-0.125000
G01 X232.635000 Y120.073100 Z-0.125000
G01 X233.192000 Y120.311900 Z-0.125000
G01 X233.351000 Y120.252500 Z-0.125000
G01 X233.272000 Y120.073700 Z-0.125000
G01 X232.622000 Y119.424500 Z-0.125000
G01 X232.543000 Y119.245600 Z-0.125000
G01 X232.702000 Y119.186100 Z-0.125000
G01 X233.259000 Y119.424700 Z-0.125000
G01 X233.908000 Y120.074300 Z-0.125000
G01 X234.465000 Y120.313200 Z-0.125000
G01 X234.625000 Y120.253700 Z-0.125000
G01 X234.545000 Y120.074900 Z-0.125000
G01 X233.895000 Y119.425000 Z-0.125000
G01 X233.816000 Y119.246200 Z-0.125000
G01 X233.975000 Y119.186600 Z-0.125000
G01 X234.532000 Y119.425300 Z-0.125000
G01 X235.183000 Y120.076200 Z-0.125000
G01 X235.740000 Y120.315600 Z-0.125000
G01 X235.900000 Y120.256600 Z-0.125000
G01 X235.820000 Y120.077900 Z-0.125000
G01 X235.168000 Y119.425600 Z-0.125000
G01 X235.088000 Y119.246700 Z-0.125000
G01 X235.248000 Y119.187200 Z-0.125000
G01 X235.804000 Y119.425900 Z-0.125000
G01 X236.458000 Y120.079600 Z-0.125000
G01 X237.016000 Y120.319000 Z-0.125000
G01 X237.175000 Y120.259900 Z-0.125000
G01 X237.096000 Y120.081300 Z-0.125000
G01 X236.441000 Y119.426100 Z-0.125000
G01 X236.361000 Y119.247300 Z-0.125000
G01 X236.520000 Y119.187700 Z-0.125000
G01 X237.077000 Y119.426400 Z-0.125000
G01 X237.734000 Y120.083000 Z-0.125000
G01 X238.291000 Y120.322400 Z-0.125000
G01 X238.451000 Y120.263300 Z-0.125000
G01 X238.371000 Y120.084700 Z-0.125000
G01 X237.713000 Y119.426700 Z-0.125000
G01 X237.634000 Y119.247900 Z-0.125000
G01 X237.793000 Y119.188300 Z-0.125000
G01 X238.350000 Y119.427000 Z-0.125000
G01 X239.009000 Y120.086400 Z-0.125000
G01 X239.567000 Y120.325800 Z-0.125000
G01 X239.726000 Y120.266700 Z-0.125000
G01 X239.647000 Y120.088100 Z-0.125000
G01 X238.986000 Y119.427300 Z-0.125000
G01 X238.907000 Y119.248400 Z-0.125000
G01 X239.066000 Y119.188900 Z-0.125000
G01 X239.623000 Y119.427600 Z-0.125000
G01 X240.285000 Y120.089800 Z-0.125000
G01 X240.842000 Y120.329100 Z-0.125000
G01 X241.002000 Y120.270100 Z-0.125000
G01 X240.923000 Y120.091500 Z-0.125000
G01 X240.259000 Y119.427800 Z-0.125000
G01 X240.179000 Y119.249000 Z-0.125000
G01 X240.339000 Y119.189400 Z-0.125000
G01 X240.895000 Y119.428100 Z-0.125000
G01 X241.560000 Y120.093100 Z-0.125000
G01 X242.118000 Y120.332500 Z-0.125000
G01 X242.277000 Y120.273500 Z-0.125000
G01 X242.198000 Y120.094800 Z-0.125000
G01 X241.532000 Y119.428400 Z-0.125000
G01 X241.452000 Y119.249600 Z-0.125000
G01 X241.611000 Y119.190000 Z-0.125000
G01 X242.168000 Y119.428700 Z-0.125000
G01 X242.837000 Y120.097200 Z-0.125000
G01 X243.395000 Y120.337700 Z-0.125000
G01 X243.555000 Y120.279300 Z-0.125000
G01 X243.477000 Y120.101000 Z-0.125000
G01 X242.804000 Y119.428900 Z-0.125000
G01 X242.725000 Y119.250100 Z-0.125000
G01 X242.884000 Y119.190500 Z-0.125000
G01 X243.441000 Y119.429200 Z-0.125000
G01 X244.116000 Y120.104800 Z-0.125000
G01 X244.675000 Y120.345300 Z-0.125000
G01 X244.835000 Y120.287000 Z-0.125000
G01 X244.756000 Y120.108600 Z-0.125000
G01 X244.077000 Y119.429500 Z-0.125000
G01 X243.998000 Y119.250600 Z-0.125000
G01 X244.157000 Y119.191100 Z-0.125000
G01 X244.714000 Y119.429700 Z-0.125000
G01 X245.396000 Y120.112500 Z-0.125000
G01 X245.955000 Y120.352900 Z-0.125000
G01 X246.115000 Y120.294600 Z-0.125000
G01 X246.036000 Y120.116300 Z-0.125000
G01 X245.350000 Y119.430000 Z-0.125000
G01 X245.271000 Y119.251100 Z-0.125000
G01 X245.430000 Y119.191600 Z-0.125000
G01 X245.986000 Y119.430300 Z-0.125000
G01 X246.676000 Y120.120100 Z-0.125000
G01 X247.235000 Y120.360500 Z-0.125000
G01 X247.395000 Y120.302200 Z-0.125000
G01 X247.316000 Y120.123900 Z-0.125000
G01 X246.623000 Y119.430500 Z-0.125000
G01 X246.543000 Y119.251600 Z-0.125000
G01 X246.702000 Y119.192100 Z-0.125000
G01 X247.259000 Y119.430800 Z-0.125000
G01 X247.956000 Y120.127700 Z-0.125000
G01 X248.516000 Y120.369300 Z-0.125000
G01 X248.677000 Y120.311800 Z-0.125000
G01 X248.598000 Y120.133900 Z-0.125000
G01 X247.895000 Y119.431100 Z-0.125000
G01 X247.816000 Y119.252200 Z-0.125000
G01 X247.975000 Y119.192700 Z-0.125000
G01 X248.532000 Y119.431400 Z-0.125000
G01 X249.241000 Y120.140800 Z-0.125000
G01 X249.801000 Y120.382800 Z-0.125000
G01 X249.963000 Y120.325600 Z-0.125000
G01 X249.884000 Y120.147700 Z-0.125000
G01 X249.168000 Y119.431600 Z-0.125000
G01 X249.089000 Y119.252800 Z-0.125000
G01 X249.248000 Y119.193200 Z-0.125000
G01 X249.805000 Y119.431900 Z-0.125000
G01 X250.530000 Y120.156900 Z-0.125000
G01 X251.091000 Y120.400700 Z-0.125000
G01 X251.254000 Y120.344600 Z-0.125000
G01 X251.176000 Y120.167300 Z-0.125000
G01 X250.441000 Y119.432200 Z-0.125000
G01 X250.362000 Y119.253300 Z-0.125000
G01 X250.521000 Y119.193800 Z-0.125000
G01 X251.077000 Y119.432400 Z-0.125000
G01 X251.824000 Y120.179000 Z-0.125000
G01 X252.388000 Y120.425400 Z-0.125000
G01 X252.553000 Y120.371300 Z-0.125000
G01 X252.476000 Y120.194800 Z-0.125000
G01 X251.714000 Y119.432700 Z-0.125000
G01 X251.634000 Y119.253900 Z-0.125000
G01 X251.793000 Y119.194300 Z-0.125000
G01 X252.350000 Y119.433000 Z-0.125000
G01 X253.131000 Y120.214300 Z-0.125000
G01 X253.701000 Y120.465800 Z-0.125000
G01 X253.869000 Y120.415100 Z-0.125000
G01 X253.793000 Y120.240200 Z-0.125000
G01 X252.986000 Y119.433300 Z-0.125000
G01 X252.907000 Y119.254400 Z-0.125000
G01 X253.066000 Y119.194900 Z-0.125000
G01 X253.623000 Y119.433500 Z-0.125000
G01 X254.475000 Y120.285200 Z-0.125000
G01 X255.076000 Y120.568300 Z-0.125000
G01 X255.265000 Y120.539300 Z-0.125000
G01 X255.200000 Y120.374300 Z-0.125000
G01 X254.259000 Y119.433800 Z-0.125000
G01 X254.180000 Y119.255000 Z-0.125000
G01 X254.339000 Y119.195400 Z-0.125000
G01 X254.896000 Y119.434100 Z-0.125000
G01 X255.949000 Y120.487900 Z-0.125000
G01 X256.572000 Y120.792400 Z-0.125000
G01 X256.776000 Y120.778100 Z-0.125000
G01 X256.717000 Y120.619800 Z-0.125000
G01 X255.532000 Y119.434400 Z-0.125000
G01 X255.480000 Y119.283400 Z-0.125000
G01 X255.701000 Y119.285300 Z-0.125000
G01 X256.347000 Y119.613400 Z-0.125000
G01 X257.506000 Y120.772300 Z-0.125000
G01 X258.162000 Y121.110700 Z-0.125000
G01 X258.390000 Y121.119700 Z-0.125000
G01 X258.342000 Y120.972000 Z-0.125000
G01 X257.150000 Y119.780000 Z-0.125000
G01 X257.098000 Y119.628900 Z-0.125000
G01 X257.318000 Y119.630500 Z-0.125000
G01 X257.964000 Y119.958000 Z-0.125000
G01 X259.157000 Y121.151200 Z-0.125000
G01 X259.833000 Y121.508700 Z-0.125000
G01 X260.074000 Y121.530900 Z-0.125000
G01 X260.031000 Y121.389200 Z-0.125000
G01 X258.792000 Y120.149900 Z-0.125000
G01 X258.745000 Y120.003900 Z-0.125000
G01 X258.977000 Y120.016800 Z-0.125000
G01 X259.639000 Y120.360900 Z-0.125000
G01 X260.941000 Y121.662600 Z-0.125000
G01 X261.654000 Y122.057300 Z-0.125000
G01 X261.920000 Y122.105100 Z-0.125000
G01 X261.889000 Y121.975000 Z-0.125000
G01 X260.520000 Y120.605600 Z-0.125000
G01 X260.482000 Y120.468000 Z-0.125000
G01 X260.732000 Y120.499200 Z-0.125000
G01 X261.420000 Y120.869900 Z-0.125000
G01 X262.895000 Y122.344500 Z-0.125000
G01 X263.662000 Y122.793800 Z-0.125000
G01 X263.966000 Y122.879000 Z-0.125000
G01 X263.952000 Y122.766000 Z-0.125000
G01 X262.361000 Y121.174100 Z-0.125000
G01 X262.334000 Y121.048600 Z-0.125000
G01 X262.611000 Y121.106300 Z-0.125000
G01 X263.338000 Y121.515500 Z-0.125000
G01 X265.207000 Y123.384200 Z-0.125000
G01 X265.992000 Y123.851600 Z-0.125000
G01 X266.309000 Y123.949300 Z-0.125000
G01 X266.301000 Y123.841900 Z-0.125000
G01 X264.360000 Y121.901800 Z-0.125000
G01 X264.350000 Y121.791800 Z-0.125000
G01 X264.661000 Y121.883900 Z-0.125000
G01 X265.438000 Y122.343000 Z-0.125000
G01 X267.860000 Y124.765700 Z-0.125000
G00 Z5.000000

(End cutting path id: path8334)


(Start cutting path id: path8334)
(Change tool to Default tool)

G00 Z5.000000
G00 X119.367000 Y190.003000

G01 Z-0.125000 F100.0(Penetrate)
G01 X121.606000 Y192.241700 Z-0.125000 F400.000000
G01 X122.356000 Y192.674300 Z-0.125000
G01 X122.649000 Y192.748000 Z-0.125000
G01 X122.630000 Y192.629700 Z-0.125000
G01 X120.766000 Y190.766000 Z-0.125000
G01 X120.762000 Y190.662200 Z-0.125000
G01 X121.086000 Y190.767800 Z-0.125000
G01 X121.883000 Y191.246700 Z-0.125000
G01 X123.606000 Y192.970100 Z-0.125000
G01 X124.308000 Y193.353260 Z-0.125000
G01 X124.566000 Y193.393030 Z-0.125000
G01 X124.532000 Y193.259310 Z-0.125000
G01 X122.996000 Y191.723400 Z-0.125000
G01 X122.976000 Y191.604500 Z-0.125000
G01 X123.267000 Y191.676700 Z-0.125000
G01 X124.015000 Y192.107000 Z-0.125000
G01 X125.423000 Y193.514440 Z-0.125000
G01 X126.093000 Y193.867000 Z-0.125000
G01 X126.331000 Y193.885760 Z-0.125000
G01 X126.287000 Y193.742490 Z-0.125000
G01 X124.966000 Y192.421300 Z-0.125000
G01 X124.930000 Y192.285900 Z-0.125000
G01 X125.185000 Y192.321900 Z-0.125000
G01 X125.880000 Y192.699600 Z-0.125000
G01 X127.122000 Y193.941180 Z-0.125000
G01 X127.768000 Y194.269310 Z-0.125000
G01 X127.989000 Y194.271260 Z-0.125000
G01 X127.937000 Y194.120350 Z-0.125000
G01 X126.753000 Y192.936400 Z-0.125000
G01 X126.710000 Y192.793400 Z-0.125000
G01 X126.947000 Y192.812700 Z-0.125000
G01 X127.619000 Y193.166000 Z-0.125000
G01 X128.736000 Y194.283090 Z-0.125000
G01 X129.367000 Y194.596510 Z-0.125000
G01 X129.578000 Y194.588360 Z-0.125000
G01 X129.522000 Y194.432860 Z-0.125000
G01 X128.490000 Y193.401140 Z-0.125000
G01 X128.437000 Y193.248920 Z-0.125000
G01 X128.655000 Y193.248000 Z-0.125000
G01 X129.297000 Y193.571930 Z-0.125000
G01 X130.302000 Y194.577060 Z-0.125000
G01 X130.931000 Y194.887700 Z-0.125000
G01 X131.139000 Y194.877630 Z-0.125000
G01 X131.082000 Y194.721260 Z-0.125000
G01 X130.043000 Y193.681630 Z-0.125000
G01 X129.975000 Y193.514190 Z-0.125000
G01 X130.159000 Y193.479770 Z-0.125000
G01 X130.752000 Y193.754980 Z-0.125000
G01 X131.813000 Y194.816030 Z-0.125000
G01 X132.370000 Y195.054890 Z-0.125000
G01 X132.529000 Y194.995480 Z-0.125000
G01 X132.450000 Y194.816680 Z-0.125000
G01 X131.441000 Y193.807570 Z-0.125000
G01 X131.368000 Y193.634810 Z-0.125000
G01 X131.540000 Y193.588670 Z-0.125000
G01 X132.116000 Y193.846850 Z-0.125000
G01 X133.087000 Y194.817330 Z-0.125000
G01 X133.644000 Y195.056190 Z-0.125000
G01 X133.803000 Y194.996780 Z-0.125000
G01 X133.724000 Y194.817970 Z-0.125000
G01 X132.783000 Y193.877760 Z-0.125000
G01 X132.708000 Y193.702860 Z-0.125000
G01 X132.876000 Y193.652040 Z-0.125000
G01 X133.445000 Y193.903400 Z-0.125000
G01 X134.360000 Y194.818620 Z-0.125000
G01 X134.917000 Y195.057490 Z-0.125000
G01 X135.076000 Y194.998070 Z-0.125000
G01 X134.997000 Y194.819270 Z-0.125000
G01 X134.103000 Y193.925610 Z-0.125000
G01 X134.026000 Y193.749060 Z-0.125000
G01 X134.190000 Y193.694600 Z-0.125000
G01 X134.755000 Y193.940660 Z-0.125000
G01 X135.634000 Y194.819920 Z-0.125000
G01 X136.191000 Y195.058780 Z-0.125000
G01 X136.350000 Y194.999370 Z-0.125000
G01 X136.271000 Y194.820570 Z-0.125000
G01 X135.406000 Y193.955590 Z-0.125000
G01 X135.328000 Y193.779020 Z-0.125000
G01 X135.493000 Y193.724520 Z-0.125000
G01 X136.057000 Y193.970530 Z-0.125000
G01 X136.907000 Y194.821220 Z-0.125000
G01 X137.464000 Y195.060080 Z-0.125000
G01 X137.623000 Y195.000670 Z-0.125000
G01 X137.544000 Y194.821870 Z-0.125000
G01 X136.706000 Y193.984080 Z-0.125000
G01 X136.628000 Y193.806560 Z-0.125000
G01 X136.790000 Y193.749970 Z-0.125000
G01 X137.351000 Y193.992930 Z-0.125000
G01 X138.181000 Y194.822520 Z-0.125000
G01 X138.738000 Y195.061380 Z-0.125000
G01 X138.897000 Y195.001970 Z-0.125000
G01 X138.818000 Y194.823170 Z-0.125000
G01 X137.996000 Y194.001780 Z-0.125000
G01 X137.918000 Y193.824260 Z-0.125000
G01 X138.080000 Y193.767670 Z-0.125000
G01 X138.641000 Y194.010630 Z-0.125000
G01 X139.454000 Y194.823820 Z-0.125000
G01 X140.011000 Y195.062680 Z-0.125000
G01 X140.170000 Y195.003270 Z-0.125000
G01 X140.091000 Y194.824470 Z-0.125000
G01 X139.286000 Y194.019480 Z-0.125000
G01 X139.208000 Y193.841770 Z-0.125000
G01 X139.369000 Y193.784770 Z-0.125000
G01 X139.930000 Y194.027130 Z-0.125000
G01 X140.728000 Y194.825110 Z-0.125000
G01 X141.285000 Y195.063980 Z-0.125000
G01 X141.444000 Y195.004560 Z-0.125000
G01 X141.365000 Y194.825760 Z-0.125000
G01 X140.571000 Y194.032370 Z-0.125000
G01 X140.492000 Y193.854290 Z-0.125000
G01 X140.653000 Y193.796460 Z-0.125000
G01 X141.212000 Y194.037620 Z-0.125000
G01 X142.001000 Y194.826420 Z-0.125000
G01 X142.558000 Y195.065280 Z-0.125000
G01 X142.717000 Y195.005870 Z-0.125000
G01 X142.638000 Y194.827060 Z-0.125000
G01 X141.854000 Y194.042870 Z-0.125000
G01 X141.775000 Y193.864790 Z-0.125000
G01 X141.936000 Y193.806950 Z-0.125000
G01 X142.495000 Y194.048110 Z-0.125000
G01 X143.275000 Y194.827710 Z-0.125000
G01 X143.832000 Y195.066570 Z-0.125000
G01 X143.991000 Y195.007160 Z-0.125000
G01 X143.912000 Y194.828360 Z-0.125000
G01 X143.137000 Y194.053360 Z-0.125000
G01 X143.058000 Y193.875270 Z-0.125000
G01 X143.219000 Y193.817440 Z-0.125000
G01 X143.778000 Y194.058600 Z-0.125000
G01 X144.548000 Y194.829000 Z-0.125000
G01 X145.105000 Y195.067860 Z-0.125000
G01 X145.264000 Y195.008450 Z-0.125000
G01 X145.185000 Y194.829650 Z-0.125000
G01 X144.417000 Y194.061450 Z-0.125000
G01 X144.338000 Y193.883030 Z-0.125000
G01 X144.498000 Y193.824460 Z-0.125000
G01 X145.056000 Y194.064560 Z-0.125000
G01 X145.822000 Y194.830300 Z-0.125000
G01 X146.379000 Y195.069160 Z-0.125000
G01 X146.538000 Y195.009750 Z-0.125000
G01 X146.459000 Y194.830950 Z-0.125000
G01 X145.695000 Y194.067660 Z-0.125000
G01 X145.616000 Y193.889250 Z-0.125000
G01 X145.776000 Y193.830680 Z-0.125000
G01 X146.334000 Y194.070770 Z-0.125000
G01 X147.095000 Y194.831600 Z-0.125000
G01 X147.652000 Y195.070460 Z-0.125000
G01 X147.811000 Y195.011050 Z-0.125000
G01 X147.732000 Y194.832250 Z-0.125000
G01 X146.974000 Y194.073880 Z-0.125000
G01 X146.895000 Y193.895460 Z-0.125000
G01 X147.055000 Y193.836900 Z-0.125000
G01 X147.613000 Y194.076990 Z-0.125000
G01 X148.369000 Y194.832900 Z-0.125000
G01 X148.926000 Y195.071760 Z-0.125000
G01 X149.085000 Y195.012350 Z-0.125000
G01 X149.006000 Y194.833550 Z-0.125000
G01 X148.252000 Y194.080100 Z-0.125000
G01 X148.173000 Y193.901600 Z-0.125000
G01 X148.333000 Y193.842860 Z-0.125000
G01 X148.891000 Y194.082700 Z-0.125000
G01 X149.642000 Y194.834200 Z-0.125000
G01 X150.199000 Y195.073060 Z-0.125000
G01 X150.358000 Y195.013650 Z-0.125000
G01 X150.279000 Y194.834850 Z-0.125000
G01 X149.529000 Y194.084560 Z-0.125000
G01 X149.450000 Y193.905940 Z-0.125000
G01 X149.609000 Y193.846950 Z-0.125000
G01 X150.167000 Y194.086420 Z-0.125000
G01 X150.916000 Y194.835500 Z-0.125000
G01 X151.473000 Y195.074370 Z-0.125000
G01 X151.632000 Y195.014950 Z-0.125000
G01 X151.553000 Y194.836150 Z-0.125000
G01 X150.805000 Y194.088270 Z-0.125000
G01 X150.725000 Y193.909660 Z-0.125000
G01 X150.885000 Y193.850660 Z-0.125000
G01 X151.443000 Y194.090130 Z-0.125000
G01 X152.189000 Y194.836800 Z-0.125000
G01 X152.746000 Y195.075670 Z-0.125000
G01 X152.905000 Y195.016260 Z-0.125000
G01 X152.826000 Y194.837450 Z-0.125000
G01 X152.081000 Y194.091990 Z-0.125000
G01 X152.001000 Y193.913370 Z-0.125000
G01 X152.161000 Y193.854380 Z-0.125000
G01 X152.719000 Y194.093850 Z-0.125000
G01 X153.463000 Y194.838110 Z-0.125000
G01 X154.020000 Y195.076970 Z-0.125000
G01 X154.179000 Y195.017560 Z-0.125000
G01 X154.100000 Y194.838760 Z-0.125000
G01 X153.356000 Y194.095700 Z-0.125000
G01 X153.277000 Y193.917090 Z-0.125000
G01 X153.437000 Y193.858100 Z-0.125000
G01 X153.994000 Y194.097560 Z-0.125000
G01 X154.736000 Y194.839410 Z-0.125000
G01 X155.293000 Y195.078270 Z-0.125000
G01 X155.452000 Y195.018860 Z-0.125000
G01 X155.373000 Y194.840060 Z-0.125000
G01 X154.632000 Y194.099420 Z-0.125000
G01 X154.553000 Y193.920670 Z-0.125000
G01 X154.712000 Y193.861360 Z-0.125000
G01 X155.269000 Y194.100370 Z-0.125000
G01 X156.010000 Y194.840710 Z-0.125000
G01 X156.567000 Y195.079570 Z-0.125000
G01 X156.726000 Y195.020160 Z-0.125000
G01 X156.647000 Y194.841360 Z-0.125000
G01 X155.906000 Y194.101330 Z-0.125000
G01 X155.827000 Y193.922580 Z-0.125000
G01 X155.986000 Y193.863280 Z-0.125000
G01 X156.544000 Y194.102300 Z-0.125000
G01 X157.283000 Y194.842000 Z-0.125000
G01 X157.840000 Y195.080870 Z-0.125000
G01 X157.999000 Y195.021460 Z-0.125000
G01 X157.920000 Y194.842650 Z-0.125000
G01 X157.181000 Y194.103260 Z-0.125000
G01 X157.101000 Y193.924510 Z-0.125000
G01 X157.261000 Y193.865200 Z-0.125000
G01 X157.818000 Y194.104220 Z-0.125000
G01 X158.557000 Y194.843300 Z-0.125000
G01 X159.114000 Y195.082160 Z-0.125000
G01 X159.273000 Y195.022750 Z-0.125000
G01 X159.194000 Y194.843950 Z-0.125000
G01 X158.455000 Y194.105180 Z-0.125000
G01 X158.375000 Y193.926430 Z-0.125000
G01 X158.535000 Y193.867130 Z-0.125000
G01 X159.092000 Y194.106150 Z-0.125000
G01 X159.830000 Y194.844600 Z-0.125000
G01 X160.387000 Y195.083460 Z-0.125000
G01 X160.546000 Y195.024050 Z-0.125000
G01 X160.467000 Y194.845250 Z-0.125000
G01 X159.729000 Y194.107110 Z-0.125000
G01 X159.650000 Y193.928350 Z-0.125000
G01 X159.809000 Y193.869050 Z-0.125000
G01 X160.366000 Y194.108070 Z-0.125000
G01 X161.104000 Y194.845900 Z-0.125000
G01 X161.661000 Y195.084760 Z-0.125000
G01 X161.820000 Y195.025350 Z-0.125000
G01 X161.741000 Y194.846540 Z-0.125000
G01 X161.003000 Y194.109030 Z-0.125000
G01 X160.924000 Y193.930280 Z-0.125000
G01 X161.083000 Y193.870980 Z-0.125000
G01 X161.640000 Y194.109990 Z-0.125000
G01 X162.377000 Y194.847190 Z-0.125000
G01 X162.934000 Y195.086060 Z-0.125000
G01 X163.093000 Y195.026640 Z-0.125000
G01 X163.014000 Y194.847840 Z-0.125000
G01 X162.277000 Y194.110960 Z-0.125000
G01 X162.198000 Y193.932200 Z-0.125000
G01 X162.357000 Y193.872900 Z-0.125000
G01 X162.914000 Y194.111920 Z-0.125000
G01 X163.651000 Y194.848490 Z-0.125000
G01 X164.208000 Y195.087350 Z-0.125000
G01 X164.367000 Y195.027940 Z-0.125000
G01 X164.288000 Y194.849140 Z-0.125000
G01 X163.551000 Y194.112880 Z-0.125000
G01 X163.472000 Y193.934130 Z-0.125000
G01 X163.631000 Y193.874820 Z-0.125000
G01 X164.188000 Y194.113840 Z-0.125000
G01 X164.924000 Y194.849790 Z-0.125000
G01 X165.481000 Y195.088650 Z-0.125000
G01 X165.640000 Y195.029240 Z-0.125000
G01 X165.561000 Y194.850440 Z-0.125000
G01 X164.825000 Y194.114810 Z-0.125000
G01 X164.746000 Y193.936050 Z-0.125000
G01 X164.905000 Y193.876750 Z-0.125000
G01 X165.462000 Y194.115770 Z-0.125000
G01 X166.198000 Y194.851080 Z-0.125000
G01 X166.755000 Y195.089950 Z-0.125000
G01 X166.914000 Y195.030540 Z-0.125000
G01 X166.835000 Y194.851730 Z-0.125000
G01 X166.100000 Y194.116730 Z-0.125000
G01 X166.020000 Y193.937980 Z-0.125000
G01 X166.180000 Y193.878670 Z-0.125000
G01 X166.737000 Y194.117690 Z-0.125000
G01 X167.471000 Y194.852380 Z-0.125000
G01 X168.028000 Y195.091250 Z-0.125000
G01 X168.187000 Y195.031830 Z-0.125000
G01 X168.108000 Y194.853030 Z-0.125000
G01 X167.374000 Y194.118660 Z-0.125000
G01 X167.294000 Y193.939900 Z-0.125000
G01 X167.454000 Y193.880600 Z-0.125000
G01 X168.011000 Y194.119620 Z-0.125000
G01 X168.745000 Y194.853680 Z-0.125000
G01 X169.302000 Y195.092540 Z-0.125000
G01 X169.461000 Y195.033130 Z-0.125000
G01 X169.382000 Y194.854330 Z-0.125000
G01 X168.648000 Y194.120580 Z-0.125000
G01 X168.568000 Y193.941830 Z-0.125000
G01 X168.728000 Y193.882520 Z-0.125000
G01 X169.285000 Y194.121540 Z-0.125000
G01 X170.018000 Y194.854980 Z-0.125000
G01 X170.575000 Y195.093840 Z-0.125000
G01 X170.734000 Y195.034430 Z-0.125000
G01 X170.655000 Y194.855630 Z-0.125000
G01 X169.922000 Y194.122500 Z-0.125000
G01 X169.843000 Y193.943730 Z-0.125000
G01 X170.002000 Y193.884380 Z-0.125000
G01 X170.559000 Y194.123340 Z-0.125000
G01 X171.292000 Y194.856280 Z-0.125000
G01 X171.849000 Y195.095140 Z-0.125000
G01 X172.008000 Y195.035730 Z-0.125000
G01 X171.929000 Y194.856920 Z-0.125000
G01 X171.196000 Y194.124010 Z-0.125000
G01 X171.116000 Y193.945210 Z-0.125000
G01 X171.275000 Y193.885810 Z-0.125000
G01 X171.832000 Y194.124690 Z-0.125000
G01 X172.565000 Y194.857570 Z-0.125000
G01 X173.122000 Y195.096440 Z-0.125000
G01 X173.281000 Y195.037020 Z-0.125000
G01 X173.202000 Y194.858220 Z-0.125000
G01 X172.469000 Y194.125360 Z-0.125000
G01 X172.390000 Y193.946560 Z-0.125000
G01 X172.549000 Y193.887160 Z-0.125000
G01 X173.106000 Y194.126040 Z-0.125000
G01 X173.839000 Y194.858870 Z-0.125000
G01 X174.396000 Y195.097730 Z-0.125000
G01 X174.555000 Y195.038320 Z-0.125000
G01 X174.476000 Y194.859520 Z-0.125000
G01 X173.743000 Y194.126710 Z-0.125000
G01 X173.663000 Y193.947910 Z-0.125000
G01 X173.823000 Y193.888510 Z-0.125000
G01 X174.380000 Y194.127380 Z-0.125000
G01 X175.112000 Y194.860170 Z-0.125000
G01 X175.669000 Y195.099030 Z-0.125000
G01 X175.828000 Y195.039620 Z-0.125000
G01 X175.749000 Y194.860820 Z-0.125000
G01 X175.016000 Y194.128060 Z-0.125000
G01 X174.937000 Y193.949260 Z-0.125000
G01 X175.096000 Y193.889860 Z-0.125000
G01 X175.653000 Y194.128730 Z-0.125000
G01 X176.386000 Y194.861460 Z-0.125000
G01 X176.943000 Y195.100330 Z-0.125000
G01 X177.102000 Y195.040910 Z-0.125000
G01 X177.023000 Y194.862110 Z-0.125000
G01 X176.290000 Y194.129410 Z-0.125000
G01 X176.210000 Y193.950610 Z-0.125000
G01 X176.370000 Y193.891210 Z-0.125000
G01 X176.927000 Y194.130080 Z-0.125000
G01 X177.659000 Y194.862760 Z-0.125000
G01 X178.216000 Y195.101620 Z-0.125000
G01 X178.375000 Y195.042210 Z-0.125000
G01 X178.296000 Y194.863410 Z-0.125000
G01 X177.563000 Y194.130760 Z-0.125000
G01 X177.484000 Y193.951960 Z-0.125000
G01 X177.643000 Y193.892560 Z-0.125000
G01 X178.200000 Y194.131430 Z-0.125000
G01 X178.933000 Y194.864060 Z-0.125000
G01 X179.490000 Y195.102920 Z-0.125000
G01 X179.649000 Y195.043510 Z-0.125000
G01 X179.570000 Y194.864710 Z-0.125000
G01 X178.837000 Y194.132110 Z-0.125000
G01 X178.758000 Y193.953310 Z-0.125000
G01 X178.917000 Y193.893910 Z-0.125000
G01 X179.474000 Y194.132780 Z-0.125000
G01 X180.206000 Y194.865360 Z-0.125000
G01 X180.763000 Y195.104220 Z-0.125000
G01 X180.922000 Y195.044810 Z-0.125000
G01 X180.843000 Y194.866000 Z-0.125000
G01 X180.110000 Y194.133460 Z-0.125000
G01 X180.031000 Y193.954660 Z-0.125000
G01 X180.190000 Y193.895260 Z-0.125000
G01 X180.747000 Y194.134130 Z-0.125000
G01 X181.480000 Y194.866650 Z-0.125000
G01 X182.037000 Y195.105520 Z-0.125000
G01 X182.196000 Y195.046100 Z-0.125000
G01 X182.117000 Y194.867300 Z-0.125000
G01 X181.384000 Y194.134800 Z-0.125000
G01 X181.305000 Y193.956010 Z-0.125000
G01 X181.464000 Y193.896600 Z-0.125000
G01 X182.021000 Y194.135480 Z-0.125000
G01 X182.753000 Y194.867950 Z-0.125000
G01 X183.310000 Y195.106810 Z-0.125000
G01 X183.469000 Y195.047400 Z-0.125000
G01 X183.390000 Y194.868600 Z-0.125000
G01 X182.658000 Y194.136150 Z-0.125000
G01 X182.578000 Y193.957360 Z-0.125000
G01 X182.737000 Y193.897950 Z-0.125000
G01 X183.294000 Y194.136830 Z-0.125000
G01 X184.027000 Y194.869250 Z-0.125000
G01 X184.584000 Y195.108110 Z-0.125000
G01 X184.743000 Y195.048700 Z-0.125000
G01 X184.664000 Y194.869900 Z-0.125000
G01 X183.931000 Y194.137500 Z-0.125000
G01 X183.852000 Y193.958700 Z-0.125000
G01 X184.011000 Y193.899300 Z-0.125000
G01 X184.568000 Y194.138180 Z-0.125000
G01 X185.300000 Y194.870540 Z-0.125000
G01 X185.857000 Y195.109410 Z-0.125000
G01 X186.016000 Y195.049990 Z-0.125000
G01 X185.937000 Y194.871190 Z-0.125000
G01 X185.205000 Y194.138850 Z-0.125000
G01 X185.125000 Y193.960050 Z-0.125000
G01 X185.285000 Y193.900650 Z-0.125000
G01 X185.841000 Y194.139520 Z-0.125000
G01 X186.574000 Y194.871840 Z-0.125000
G01 X187.131000 Y195.110700 Z-0.125000
G01 X187.290000 Y195.051290 Z-0.125000
G01 X187.211000 Y194.872490 Z-0.125000
G01 X186.478000 Y194.140200 Z-0.125000
G01 X186.399000 Y193.961400 Z-0.125000
G01 X186.558000 Y193.902000 Z-0.125000
G01 X187.115000 Y194.140870 Z-0.125000
G01 X187.847000 Y194.873140 Z-0.125000
G01 X188.404000 Y195.112000 Z-0.125000
G01 X188.563000 Y195.052590 Z-0.125000
G01 X188.484000 Y194.873790 Z-0.125000
G01 X187.752000 Y194.141550 Z-0.125000
G01 X187.672000 Y193.962750 Z-0.125000
G01 X187.832000 Y193.903350 Z-0.125000
G01 X188.389000 Y194.142220 Z-0.125000
G01 X189.121000 Y194.874430 Z-0.125000
G01 X189.678000 Y195.113300 Z-0.125000
G01 X189.837000 Y195.053890 Z-0.125000
G01 X189.758000 Y194.875080 Z-0.125000
G01 X189.025000 Y194.142870 Z-0.125000
G01 X188.946000 Y193.964070 Z-0.125000
G01 X189.105000 Y193.904670 Z-0.125000
G01 X189.662000 Y194.143540 Z-0.125000
G01 X190.394000 Y194.875700 Z-0.125000
G01 X190.951000 Y195.114570 Z-0.125000
G01 X191.110000 Y195.055160 Z-0.125000
G01 X191.031000 Y194.876350 Z-0.125000
G01 X190.299000 Y194.144220 Z-0.125000
G01 X190.219000 Y193.965420 Z-0.125000
G01 X190.379000 Y193.906020 Z-0.125000
G01 X190.936000 Y194.144890 Z-0.125000
G01 X191.668000 Y194.876810 Z-0.125000
G01 X192.224000 Y195.115550 Z-0.125000
G01 X192.384000 Y195.056050 Z-0.125000
G01 X192.304000 Y194.877200 Z-0.125000
G01 X191.572000 Y194.145570 Z-0.125000
G01 X191.493000 Y193.966740 Z-0.125000
G01 X191.652000 Y193.907260 Z-0.125000
G01 X192.209000 Y194.146030 Z-0.125000
G01 X192.941000 Y194.877600 Z-0.125000
G01 X193.497000 Y195.116330 Z-0.125000
G01 X193.657000 Y195.056830 Z-0.125000
G01 X193.577000 Y194.877990 Z-0.125000
G01 X192.846000 Y194.146480 Z-0.125000
G01 X192.766000 Y193.967650 Z-0.125000
G01 X192.925000 Y193.908170 Z-0.125000
G01 X193.482000 Y194.146930 Z-0.125000
G01 X194.214000 Y194.878380 Z-0.125000
G01 X194.770000 Y195.117110 Z-0.125000
G01 X194.930000 Y195.057610 Z-0.125000
G01 X194.850000 Y194.878770 Z-0.125000
G01 X194.119000 Y194.147380 Z-0.125000
G01 X194.039000 Y193.968550 Z-0.125000
G01 X194.198000 Y193.909070 Z-0.125000
G01 X194.755000 Y194.147840 Z-0.125000
G01 X195.487000 Y194.879160 Z-0.125000
G01 X196.043000 Y195.117890 Z-0.125000
G01 X196.202000 Y195.058390 Z-0.125000
G01 X196.123000 Y194.879550 Z-0.125000
G01 X195.392000 Y194.148290 Z-0.125000
G01 X195.312000 Y193.969460 Z-0.125000
G01 X195.472000 Y193.909980 Z-0.125000
G01 X196.028000 Y194.148740 Z-0.125000
G01 X196.760000 Y194.879940 Z-0.125000
G01 X197.316000 Y195.118680 Z-0.125000
G01 X197.475000 Y195.059180 Z-0.125000
G01 X197.396000 Y194.880330 Z-0.125000
G01 X196.665000 Y194.149200 Z-0.125000
G01 X196.585000 Y193.970360 Z-0.125000
G01 X196.745000 Y193.910890 Z-0.125000
G01 X197.301000 Y194.149650 Z-0.125000
G01 X198.033000 Y194.880720 Z-0.125000
G01 X198.589000 Y195.119460 Z-0.125000
G01 X198.748000 Y195.059960 Z-0.125000
G01 X198.669000 Y194.881110 Z-0.125000
G01 X197.938000 Y194.150100 Z-0.125000
G01 X197.859000 Y193.971270 Z-0.125000
G01 X198.018000 Y193.911790 Z-0.125000
G01 X198.575000 Y194.150560 Z-0.125000
G01 X199.305000 Y194.881510 Z-0.125000
G01 X199.862000 Y195.120240 Z-0.125000
G01 X200.021000 Y195.060740 Z-0.125000
G01 X199.942000 Y194.881900 Z-0.125000
G01 X199.211000 Y194.151010 Z-0.125000
G01 X199.132000 Y193.972180 Z-0.125000
G01 X199.291000 Y193.912700 Z-0.125000
G01 X199.848000 Y194.151460 Z-0.125000
G01 X200.578000 Y194.882290 Z-0.125000
G01 X201.135000 Y195.121020 Z-0.125000
G01 X201.294000 Y195.061520 Z-0.125000
G01 X201.215000 Y194.882680 Z-0.125000
G01 X200.484000 Y194.151920 Z-0.125000
G01 X200.405000 Y193.973080 Z-0.125000
G01 X200.564000 Y193.913600 Z-0.125000
G01 X201.121000 Y194.152370 Z-0.125000
G01 X201.851000 Y194.883070 Z-0.125000
G01 X202.408000 Y195.121800 Z-0.125000
G01 X202.567000 Y195.062300 Z-0.125000
G01 X202.488000 Y194.883460 Z-0.125000
G01 X201.757000 Y194.152820 Z-0.125000
G01 X201.678000 Y193.973990 Z-0.125000
G01 X201.837000 Y193.914510 Z-0.125000
G01 X202.394000 Y194.153270 Z-0.125000
G01 X203.124000 Y194.883850 Z-0.125000
G01 X203.681000 Y195.122590 Z-0.125000
G01 X203.840000 Y195.063090 Z-0.125000
G01 X203.761000 Y194.884240 Z-0.125000
G01 X203.030000 Y194.153730 Z-0.125000
G01 X202.951000 Y193.974890 Z-0.125000
G01 X203.110000 Y193.915420 Z-0.125000
G01 X203.667000 Y194.154180 Z-0.125000
G01 X204.397000 Y194.884640 Z-0.125000
G01 X204.954000 Y195.123370 Z-0.125000
G01 X205.113000 Y195.063870 Z-0.125000
G01 X205.034000 Y194.885030 Z-0.125000
G01 X204.304000 Y194.154630 Z-0.125000
G01 X204.224000 Y193.975800 Z-0.125000
G01 X204.383000 Y193.916320 Z-0.125000
G01 X204.940000 Y194.155090 Z-0.125000
G01 X205.670000 Y194.885420 Z-0.125000
G01 X206.227000 Y195.124150 Z-0.125000
G01 X206.386000 Y195.064650 Z-0.125000
G01 X206.307000 Y194.885810 Z-0.125000
G01 X205.577000 Y194.155540 Z-0.125000
G01 X205.497000 Y193.976710 Z-0.125000
G01 X205.656000 Y193.917230 Z-0.125000
G01 X206.213000 Y194.155990 Z-0.125000
G01 X206.943000 Y194.886200 Z-0.125000
G01 X207.500000 Y195.124930 Z-0.125000
G01 X207.659000 Y195.065430 Z-0.125000
G01 X207.580000 Y194.886590 Z-0.125000
G01 X206.850000 Y194.156440 Z-0.125000
G01 X206.770000 Y193.977610 Z-0.125000
G01 X206.929000 Y193.918130 Z-0.125000
G01 X207.486000 Y194.156900 Z-0.125000
G01 X208.216000 Y194.886980 Z-0.125000
G01 X208.773000 Y195.125710 Z-0.125000
G01 X208.932000 Y195.066210 Z-0.125000
G01 X208.853000 Y194.887370 Z-0.125000
G01 X208.123000 Y194.157350 Z-0.125000
G01 X208.043000 Y193.978520 Z-0.125000
G01 X208.203000 Y193.919040 Z-0.125000
G01 X208.759000 Y194.157800 Z-0.125000
G01 X209.489000 Y194.887760 Z-0.125000
G01 X210.046000 Y195.126500 Z-0.125000
G01 X210.205000 Y195.067000 Z-0.125000
G01 X210.126000 Y194.888150 Z-0.125000
G01 X209.396000 Y194.158260 Z-0.125000
G01 X209.317000 Y193.979420 Z-0.125000
G01 X209.476000 Y193.919940 Z-0.125000
G01 X210.033000 Y194.158710 Z-0.125000
G01 X210.762000 Y194.888550 Z-0.125000
G01 X211.319000 Y195.127280 Z-0.125000
G01 X211.478000 Y195.067780 Z-0.125000
G01 X211.399000 Y194.888940 Z-0.125000
G01 X210.669000 Y194.159160 Z-0.125000
G01 X210.590000 Y193.980330 Z-0.125000
G01 X210.749000 Y193.920850 Z-0.125000
G01 X211.306000 Y194.159620 Z-0.125000
G01 X212.035000 Y194.889330 Z-0.125000
G01 X212.592000 Y195.128060 Z-0.125000
G01 X212.751000 Y195.068560 Z-0.125000
G01 X212.672000 Y194.889720 Z-0.125000
G01 X211.942000 Y194.160070 Z-0.125000
G01 X211.863000 Y193.981240 Z-0.125000
G01 X212.022000 Y193.921760 Z-0.125000
G01 X212.579000 Y194.160520 Z-0.125000
G01 X213.308000 Y194.890110 Z-0.125000
G01 X213.865000 Y195.128840 Z-0.125000
G01 X214.024000 Y195.069340 Z-0.125000
G01 X213.945000 Y194.890500 Z-0.125000
G01 X213.215000 Y194.160970 Z-0.125000
G01 X213.136000 Y193.982140 Z-0.125000
G01 X213.295000 Y193.922660 Z-0.125000
G01 X213.852000 Y194.161430 Z-0.125000
G01 X214.581000 Y194.890890 Z-0.125000
G01 X215.138000 Y195.129620 Z-0.125000
G01 X215.297000 Y195.070120 Z-0.125000
G01 X215.218000 Y194.891280 Z-0.125000
G01 X214.488000 Y194.161880 Z-0.125000
G01 X214.409000 Y193.983050 Z-0.125000
G01 X214.568000 Y193.923570 Z-0.125000
G01 X215.125000 Y194.162330 Z-0.125000
G01 X215.854000 Y194.891670 Z-0.125000
G01 X216.411000 Y195.130410 Z-0.125000
G01 X216.570000 Y195.070910 Z-0.125000
G01 X216.491000 Y194.892070 Z-0.125000
G01 X215.762000 Y194.162790 Z-0.125000
G01 X215.682000 Y193.983950 Z-0.125000
G01 X215.841000 Y193.924470 Z-0.125000
G01 X216.398000 Y194.163240 Z-0.125000
G01 X217.127000 Y194.892460 Z-0.125000
G01 X217.684000 Y195.131190 Z-0.125000
G01 X217.843000 Y195.071690 Z-0.125000
G01 X217.764000 Y194.892850 Z-0.125000
G01 X217.035000 Y194.163690 Z-0.125000
G01 X216.955000 Y193.984860 Z-0.125000
G01 X217.114000 Y193.925380 Z-0.125000
G01 X217.671000 Y194.164150 Z-0.125000
G01 X218.400000 Y194.893240 Z-0.125000
G01 X218.957000 Y195.131990 Z-0.125000
G01 X219.116000 Y195.072510 Z-0.125000
G01 X219.037000 Y194.893670 Z-0.125000
G01 X218.308000 Y194.164600 Z-0.125000
G01 X218.228000 Y193.985770 Z-0.125000
G01 X218.387000 Y193.926290 Z-0.125000
G01 X218.944000 Y194.165050 Z-0.125000
G01 X219.673000 Y194.893420 Z-0.125000
G01 X220.229000 Y195.131830 Z-0.125000
G01 X220.388000 Y195.072110 Z-0.125000
G01 X220.309000 Y194.893170 Z-0.125000
G01 X219.580000 Y194.164860 Z-0.125000
G01 X219.501000 Y193.985930 Z-0.125000
G01 X219.660000 Y193.926230 Z-0.125000
G01 X220.216000 Y194.164680 Z-0.125000
G01 X220.944000 Y194.892920 Z-0.125000
G01 X221.501000 Y195.131330 Z-0.125000
G01 X221.660000 Y195.071610 Z-0.125000
G01 X221.580000 Y194.892670 Z-0.125000
G01 X220.852000 Y194.164490 Z-0.125000
G01 X220.772000 Y193.985560 Z-0.125000
G01 X220.931000 Y193.925860 Z-0.125000
G01 X221.488000 Y194.164300 Z-0.125000
G01 X222.216000 Y194.892420 Z-0.125000
G01 X222.773000 Y195.130830 Z-0.125000
G01 X222.931000 Y195.071110 Z-0.125000
G01 X222.852000 Y194.892170 Z-0.125000
G01 X222.124000 Y194.164120 Z-0.125000
G01 X222.044000 Y193.985190 Z-0.125000
G01 X222.203000 Y193.925490 Z-0.125000
G01 X222.760000 Y194.163930 Z-0.125000
G01 X223.488000 Y194.891920 Z-0.125000
G01 X224.044000 Y195.130330 Z-0.125000
G01 X224.203000 Y195.070610 Z-0.125000
G01 X224.124000 Y194.891670 Z-0.125000
G01 X223.396000 Y194.163750 Z-0.125000
G01 X223.316000 Y193.984820 Z-0.125000
G01 X223.475000 Y193.925120 Z-0.125000
G01 X224.032000 Y194.163560 Z-0.125000
G01 X224.759000 Y194.891420 Z-0.125000
G01 X225.316000 Y195.129830 Z-0.125000
G01 X225.475000 Y195.070110 Z-0.125000
G01 X225.395000 Y194.891170 Z-0.125000
G01 X224.668000 Y194.163380 Z-0.125000
G01 X224.588000 Y193.984440 Z-0.125000
G01 X224.747000 Y193.924750 Z-0.125000
G01 X225.303000 Y194.163190 Z-0.125000
G01 X226.031000 Y194.890920 Z-0.125000
G01 X226.588000 Y195.129330 Z-0.125000
G01 X226.747000 Y195.069610 Z-0.125000
G01 X226.667000 Y194.890670 Z-0.125000
G01 X225.939000 Y194.163010 Z-0.125000
G01 X225.860000 Y193.984070 Z-0.125000
G01 X226.019000 Y193.924380 Z-0.125000
G01 X226.575000 Y194.162820 Z-0.125000
G01 X227.303000 Y194.890420 Z-0.125000
G01 X227.859000 Y195.128830 Z-0.125000
G01 X228.018000 Y195.069110 Z-0.125000
G01 X227.939000 Y194.890170 Z-0.125000
G01 X227.211000 Y194.162640 Z-0.125000
G01 X227.132000 Y193.983700 Z-0.125000
G01 X227.291000 Y193.924000 Z-0.125000
G01 X227.847000 Y194.162450 Z-0.125000
G01 X228.575000 Y194.889920 Z-0.125000
G01 X229.131000 Y195.128330 Z-0.125000
G01 X229.290000 Y195.068610 Z-0.125000
G01 X229.210000 Y194.889670 Z-0.125000
G01 X228.483000 Y194.162260 Z-0.125000
G01 X228.403000 Y193.983330 Z-0.125000
G01 X228.562000 Y193.923630 Z-0.125000
G01 X229.119000 Y194.162080 Z-0.125000
G01 X229.846000 Y194.889090 Z-0.125000
G01 X230.402000 Y195.127130 Z-0.125000
G01 X230.561000 Y195.067160 Z-0.125000
G01 X230.481000 Y194.888100 Z-0.125000
G01 X229.754000 Y194.161450 Z-0.125000
G01 X229.675000 Y193.982410 Z-0.125000
G01 X229.833000 Y193.922470 Z-0.125000
G01 X230.390000 Y194.160560 Z-0.125000
G01 X231.116000 Y194.887110 Z-0.125000
G01 X231.672000 Y195.125160 Z-0.125000
G01 X231.831000 Y195.065180 Z-0.125000
G01 X231.751000 Y194.886120 Z-0.125000
G01 X231.025000 Y194.159660 Z-0.125000
G01 X230.945000 Y193.980610 Z-0.125000
G01 X231.104000 Y193.920670 Z-0.125000
G01 X231.660000 Y194.158760 Z-0.125000
G01 X232.386000 Y194.885140 Z-0.125000
G01 X232.943000 Y195.123180 Z-0.125000
G01 X233.101000 Y195.063200 Z-0.125000
G01 X233.022000 Y194.884150 Z-0.125000
G01 X232.295000 Y194.157860 Z-0.125000
G01 X232.216000 Y193.978820 Z-0.125000
G01 X232.374000 Y193.918880 Z-0.125000
G01 X232.930000 Y194.156970 Z-0.125000
G01 X233.657000 Y194.883160 Z-0.125000
G01 X234.213000 Y195.121200 Z-0.125000
G01 X234.371000 Y195.061230 Z-0.125000
G01 X234.292000 Y194.882170 Z-0.125000
G01 X233.566000 Y194.156070 Z-0.125000
G01 X233.486000 Y193.977020 Z-0.125000
G01 X233.645000 Y193.917080 Z-0.125000
G01 X234.201000 Y194.155170 Z-0.125000
G01 X234.927000 Y194.881180 Z-0.125000
G01 X235.483000 Y195.119220 Z-0.125000
G01 X235.642000 Y195.059250 Z-0.125000
G01 X235.562000 Y194.880190 Z-0.125000
G01 X234.836000 Y194.154270 Z-0.125000
G01 X234.756000 Y193.975230 Z-0.125000
G01 X234.915000 Y193.915280 Z-0.125000
G01 X235.471000 Y194.153370 Z-0.125000
G01 X236.197000 Y194.879200 Z-0.125000
G01 X236.753000 Y195.117240 Z-0.125000
G01 X236.912000 Y195.057270 Z-0.125000
G01 X236.832000 Y194.878210 Z-0.125000
G01 X236.106000 Y194.152480 Z-0.125000
G01 X236.027000 Y193.973430 Z-0.125000
G01 X236.186000 Y193.913490 Z-0.125000
G01 X236.742000 Y194.151580 Z-0.125000
G01 X237.467000 Y194.877220 Z-0.125000
G01 X238.023000 Y195.115110 Z-0.125000
G01 X238.182000 Y195.055040 Z-0.125000
G01 X238.102000 Y194.875930 Z-0.125000
G01 X237.377000 Y194.150680 Z-0.125000
G01 X237.297000 Y193.971570 Z-0.125000
G01 X237.456000 Y193.911470 Z-0.125000
G01 X238.012000 Y194.149330 Z-0.125000
G01 X238.736000 Y194.873730 Z-0.125000
G01 X239.291000 Y195.111160 Z-0.125000
G01 X239.450000 Y195.050770 Z-0.125000
G01 X239.370000 Y194.871520 Z-0.125000
G01 X238.646000 Y194.147280 Z-0.125000
G01 X238.566000 Y193.968060 Z-0.125000
G01 X238.724000 Y193.907720 Z-0.125000
G01 X239.280000 Y194.145230 Z-0.125000
G01 X240.004000 Y194.869310 Z-0.125000
G01 X240.559000 Y195.106740 Z-0.125000
G01 X240.718000 Y195.046350 Z-0.125000
G01 X240.638000 Y194.867100 Z-0.125000
G01 X239.914000 Y194.143180 Z-0.125000
G01 X239.834000 Y193.963950 Z-0.125000
G01 X239.992000 Y193.903610 Z-0.125000
G01 X240.548000 Y194.141130 Z-0.125000
G01 X241.272000 Y194.864890 Z-0.125000
G01 X241.827000 Y195.102330 Z-0.125000
G01 X241.985000 Y195.041930 Z-0.125000
G01 X241.905000 Y194.862680 Z-0.125000
G01 X241.182000 Y194.139070 Z-0.125000
G01 X241.102000 Y193.959850 Z-0.125000
G01 X241.260000 Y193.899510 Z-0.125000
G01 X241.816000 Y194.137020 Z-0.125000
G01 X242.539000 Y194.860470 Z-0.125000
G01 X243.095000 Y195.097910 Z-0.125000
G01 X243.253000 Y195.037520 Z-0.125000
G01 X243.173000 Y194.858270 Z-0.125000
G01 X242.450000 Y194.134970 Z-0.125000
G01 X242.370000 Y193.955750 Z-0.125000
G01 X242.528000 Y193.895410 Z-0.125000
G01 X243.084000 Y194.132920 Z-0.125000
G01 X243.807000 Y194.856060 Z-0.125000
G01 X244.363000 Y195.093350 Z-0.125000
G01 X244.521000 Y195.032850 Z-0.125000
G01 X244.441000 Y194.853560 Z-0.125000
G01 X243.718000 Y194.130870 Z-0.125000
G01 X243.635000 Y193.948760 Z-0.125000
G01 X243.787000 Y193.882060 Z-0.125000
G01 X244.334000 Y194.110320 Z-0.125000
G01 X245.072000 Y194.849170 Z-0.125000
G01 X245.627000 Y195.085510 Z-0.125000
G01 X245.784000 Y195.024370 Z-0.125000
G01 X245.704000 Y194.844780 Z-0.125000
G01 X244.984000 Y194.124400 Z-0.125000
G01 X244.904000 Y193.944860 Z-0.125000
G01 X245.061000 Y193.883820 Z-0.125000
G01 X245.616000 Y194.120310 Z-0.125000
G01 X246.336000 Y194.840380 Z-0.125000
G01 X246.890000 Y195.076730 Z-0.125000
G01 X247.048000 Y195.015580 Z-0.125000
G01 X246.968000 Y194.835990 Z-0.125000
G01 X246.248000 Y194.116220 Z-0.125000
G01 X246.168000 Y193.936680 Z-0.125000
G01 X246.325000 Y193.875640 Z-0.125000
G01 X246.880000 Y194.112130 Z-0.125000
G01 X247.599000 Y194.831600 Z-0.125000
G01 X248.154000 Y195.067940 Z-0.125000
G01 X248.311000 Y195.006800 Z-0.125000
G01 X248.231000 Y194.827210 Z-0.125000
G01 X247.512000 Y194.108050 Z-0.125000
G01 X247.432000 Y193.928500 Z-0.125000
G01 X247.589000 Y193.867460 Z-0.125000
G01 X248.144000 Y194.103960 Z-0.125000
G01 X248.867000 Y194.827500 Z-0.125000
G01 X249.418000 Y195.060170 Z-0.125000
G01 X249.573000 Y194.996510 Z-0.125000
G01 X249.492000 Y194.815770 Z-0.125000
G01 X248.776000 Y194.099870 Z-0.125000
G01 X248.695000 Y193.919990 Z-0.125000
G01 X248.852000 Y193.858210 Z-0.125000
G01 X249.406000 Y194.093620 Z-0.125000
G01 X250.120000 Y194.808310 Z-0.125000
G01 X250.673000 Y195.042710 Z-0.125000
G01 X250.829000 Y194.980220 Z-0.125000
G01 X250.748000 Y194.800030 Z-0.125000
G01 X250.035000 Y194.086690 Z-0.125000
G01 X249.954000 Y193.906700 Z-0.125000
G01 X250.111000 Y193.844680 Z-0.125000
G01 X250.664000 Y194.079750 Z-0.125000
G01 X251.373000 Y194.788990 Z-0.125000
G01 X251.924000 Y195.021290 Z-0.125000
G01 X252.078000 Y194.957370 Z-0.125000
G01 X251.997000 Y194.776520 Z-0.125000
G01 X251.290000 Y194.069270 Z-0.125000
G01 X251.209000 Y193.888760 Z-0.125000
G01 X251.364000 Y193.825590 Z-0.125000
G01 X251.916000 Y194.058990 Z-0.125000
G01 X252.646000 Y194.789460 Z-0.125000
G01 X253.173000 Y194.998270 Z-0.125000
G01 X253.311000 Y194.918200 Z-0.125000
G01 X253.223000 Y194.730010 Z-0.125000
G01 X252.535000 Y194.042550 Z-0.125000
G01 X252.452000 Y193.859790 Z-0.125000
G01 X252.602000 Y193.791660 Z-0.125000
G01 X253.147000 Y194.017840 Z-0.125000
G01 X253.802000 Y194.673460 Z-0.125000
G01 X254.328000 Y194.880860 Z-0.125000
G01 X254.465000 Y194.799820 Z-0.125000
G01 X254.376000 Y194.611180 Z-0.125000
G01 X253.734000 Y193.969230 Z-0.125000
G01 X253.645000 Y193.781180 Z-0.125000
G01 X253.784000 Y193.701420 Z-0.125000
G01 X254.312000 Y193.910690 Z-0.125000
G01 X254.944000 Y194.543170 Z-0.125000
G01 X255.461000 Y194.741800 Z-0.125000
G01 X255.592000 Y194.654730 Z-0.125000
G01 X255.500000 Y194.463360 Z-0.125000
G01 X254.882000 Y193.844790 Z-0.125000
G01 X254.791000 Y193.654210 Z-0.125000
G01 X254.924000 Y193.568880 Z-0.125000
G01 X255.443000 Y193.770050 Z-0.125000
G01 X256.052000 Y194.378850 Z-0.125000
G01 X256.568000 Y194.576390 Z-0.125000
G01 X256.698000 Y194.488580 Z-0.125000
G01 X256.606000 Y194.296860 Z-0.125000
G01 X255.999000 Y193.689710 Z-0.125000
G01 X255.906000 Y193.497330 Z-0.125000
G01 X256.035000 Y193.408070 Z-0.125000
G01 X256.549000 Y193.603510 Z-0.125000
G01 X257.133000 Y194.187980 Z-0.125000
G01 X257.638000 Y194.374330 Z-0.125000
G01 X257.761000 Y194.278820 Z-0.125000
G01 X257.665000 Y194.083610 Z-0.125000
G01 X257.089000 Y193.507860 Z-0.125000
G01 X256.994000 Y193.313210 Z-0.125000
G01 X257.118000 Y193.218950 Z-0.125000
G01 X257.625000 Y193.407110 Z-0.125000
G01 X258.189000 Y193.971780 Z-0.125000
G01 X258.687000 Y194.151040 Z-0.125000
G01 X258.805000 Y194.050660 Z-0.125000
G01 X258.707000 Y193.853230 Z-0.125000
G01 X258.155000 Y193.301350 Z-0.125000
G01 X258.057000 Y193.104400 Z-0.125000
G01 X258.177000 Y193.005200 Z-0.125000
G01 X258.676000 Y193.186100 Z-0.125000
G01 X259.221000 Y193.730950 Z-0.125000
G01 X259.711000 Y193.903690 Z-0.125000
G01 X259.825000 Y193.798830 Z-0.125000
G01 X259.725000 Y193.599360 Z-0.125000
G01 X259.192000 Y193.066200 Z-0.125000
G01 X259.093000 Y192.867800 Z-0.125000
G01 X259.209000 Y192.765300 Z-0.125000
G01 X259.704000 Y192.941600 Z-0.125000
G01 X260.226000 Y193.464010 Z-0.125000
G01 X260.712000 Y193.632010 Z-0.125000
G01 X260.823000 Y193.523890 Z-0.125000
G01 X260.721000 Y193.322940 Z-0.125000
G01 X260.206000 Y192.807900 Z-0.125000
G01 X260.105000 Y192.607500 Z-0.125000
G01 X260.217000 Y192.500400 Z-0.125000
G01 X260.704000 Y192.670000 Z-0.125000
G01 X261.209000 Y193.175100 Z-0.125000
G01 X261.691000 Y193.338310 Z-0.125000
G01 X261.798000 Y193.226860 Z-0.125000
G01 X261.695000 Y193.024400 Z-0.125000
G01 X261.197000 Y192.527200 Z-0.125000
G01 X261.094000 Y192.324700 Z-0.125000
G01 X261.201000 Y192.213100 Z-0.125000
G01 X261.683000 Y192.376200 Z-0.125000
G01 X262.171000 Y192.865100 Z-0.125000
G01 X262.424000 Y193.018600 Z-0.125000
G01 X262.647000 Y193.022500 Z-0.125000
G01 X262.750000 Y192.907000 Z-0.125000
G01 X262.645000 Y192.702700 Z-0.125000
G01 X262.164000 Y192.221300 Z-0.125000
G01 X262.059000 Y192.017300 Z-0.125000
G01 X262.163000 Y191.902600 Z-0.125000
G01 X262.386000 Y191.907000 Z-0.125000
G01 X262.639000 Y192.060900 Z-0.125000
G01 X263.113000 Y192.534600 Z-0.125000
G01 X263.364000 Y192.686400 Z-0.125000
G01 X263.583000 Y192.686400 Z-0.125000
G01 X263.682000 Y192.567100 Z-0.125000
G01 X263.576000 Y192.361100 Z-0.125000
G01 X263.108000 Y191.893600 Z-0.125000
G01 X263.002000 Y191.688000 Z-0.125000
G01 X263.102000 Y191.569600 Z-0.125000
G01 X263.322000 Y191.570500 Z-0.125000
G01 X263.573000 Y191.722700 Z-0.125000
G01 X264.044000 Y192.192900 Z-0.125000
G01 X264.292000 Y192.341600 Z-0.125000
G01 X264.504000 Y192.335000 Z-0.125000
G01 X264.597000 Y192.209100 Z-0.125000
G01 X264.487000 Y192.000100 Z-0.125000
G01 X264.032000 Y191.545300 Z-0.125000
G01 X263.924000 Y191.337800 Z-0.125000
G01 X264.020000 Y191.215400 Z-0.125000
G01 X264.236000 Y191.212200 Z-0.125000
G01 X264.486000 Y191.362600 Z-0.125000
G01 X264.937000 Y191.813800 Z-0.125000
G01 X265.185000 Y191.962400 Z-0.125000
G01 X265.397000 Y191.955500 Z-0.125000
G01 X265.489000 Y191.829400 Z-0.125000
G01 X265.379000 Y191.620200 Z-0.125000
G01 X264.936000 Y191.176800 Z-0.125000
G01 X264.826000 Y190.967600 Z-0.125000
G01 X264.918000 Y190.841200 Z-0.125000
G01 X265.130000 Y190.834100 Z-0.125000
G01 X265.378000 Y190.982600 Z-0.125000
G01 X265.819000 Y191.423700 Z-0.125000
G01 X266.066000 Y191.571100 Z-0.125000
G01 X266.275000 Y191.561400 Z-0.125000
G01 X266.364000 Y191.432500 Z-0.125000
G01 X266.253000 Y191.222000 Z-0.125000
G01 X265.817000 Y190.785400 Z-0.125000
G01 X265.706000 Y190.574900 Z-0.125000
G01 X265.795000 Y190.445800 Z-0.125000
G01 X266.004000 Y190.436100 Z-0.125000
G01 X266.251000 Y190.583400 Z-0.125000
G01 X266.683000 Y191.015700 Z-0.125000
G01 X266.929000 Y191.161800 Z-0.125000
G01 X267.135000 Y191.149400 Z-0.125000
G01 X267.222000 Y191.017700 Z-0.125000
G01 X267.109000 Y190.806000 Z-0.125000
G01 X266.679000 Y190.375200 Z-0.125000
G01 X266.566000 Y190.163300 Z-0.125000
G01 X266.653000 Y190.031100 Z-0.125000
G01 X266.858000 Y190.018200 Z-0.125000
G01 X267.104000 Y190.164100 Z-0.125000
G01 X267.530000 Y190.590100 Z-0.125000
G01 X267.774000 Y190.735000 Z-0.125000
G01 X267.978000 Y190.719900 Z-0.125000
G01 X268.062000 Y190.585500 Z-0.125000
G01 X267.948000 Y190.372700 Z-0.125000
G01 X267.522000 Y189.946500 Z-0.125000
G01 X267.408000 Y189.732900 Z-0.125000
G01 X267.491000 Y189.597200 Z-0.125000
G01 X267.693000 Y189.580700 Z-0.125000
G01 X267.937000 Y189.724900 Z-0.125000
G01 X268.359000 Y190.147200 Z-0.125000
G01 X268.602000 Y190.290700 Z-0.125000
G01 X268.802000 Y190.272500 Z-0.125000
G01 X268.883000 Y190.135000 Z-0.125000
G01 X268.769000 Y189.920700 Z-0.125000
G01 X268.347000 Y189.499500 Z-0.125000
G01 X268.232000 Y189.284400 Z-0.125000
G01 X268.311000 Y189.145200 Z-0.125000
G01 X268.510000 Y189.125100 Z-0.125000
G01 X268.752000 Y189.267800 Z-0.125000
G01 X269.171000 Y189.687500 Z-0.125000
G01 X269.413000 Y189.829600 Z-0.125000
G01 X269.610000 Y189.808300 Z-0.125000
G01 X269.688000 Y189.667700 Z-0.125000
G01 X269.572000 Y189.452000 Z-0.125000
G01 X269.154000 Y189.033700 Z-0.125000
G01 X269.037000 Y188.817300 Z-0.125000
G01 X269.113000 Y188.675000 Z-0.125000
G01 X269.309000 Y188.651900 Z-0.125000
G01 X269.549000 Y188.793300 Z-0.125000
G01 X269.967000 Y189.211200 Z-0.125000
G01 X270.207000 Y189.351900 Z-0.125000
G01 X270.402000 Y189.327600 Z-0.125000
G01 X270.477000 Y189.184000 Z-0.125000
G01 X270.359000 Y188.966900 Z-0.125000
G01 X269.942000 Y188.549400 Z-0.125000
G01 X269.823000 Y188.331800 Z-0.125000
G01 X269.897000 Y188.186900 Z-0.125000
G01 X270.090000 Y188.161400 Z-0.125000
G01 X270.330000 Y188.301600 Z-0.125000
G01 X270.747000 Y188.718600 Z-0.125000
G01 X270.986000 Y188.858000 Z-0.125000
G01 X271.177000 Y188.830700 Z-0.125000
G01 X271.249000 Y188.684100 Z-0.125000
G01 X271.130000 Y188.465700 Z-0.125000
G01 X270.713000 Y188.048200 Z-0.125000
G01 X270.593000 Y187.829400 Z-0.125000
G01 X270.665000 Y187.682100 Z-0.125000
G01 X270.855000 Y187.654000 Z-0.125000
G01 X271.094000 Y187.793100 Z-0.125000
G01 X271.510000 Y188.209900 Z-0.125000
G01 X271.748000 Y188.348000 Z-0.125000
G01 X271.936000 Y188.317800 Z-0.125000
G01 X272.006000 Y188.168300 Z-0.125000
G01 X271.885000 Y187.948500 Z-0.125000
G01 X271.467000 Y187.530500 Z-0.125000
G01 X271.346000 Y187.310300 Z-0.125000
G01 X271.414000 Y187.159700 Z-0.125000
G01 X271.602000 Y187.128400 Z-0.125000
G01 X271.839000 Y187.266000 Z-0.125000
G01 X272.258000 Y187.685300 Z-0.125000
G01 X272.494000 Y187.822100 Z-0.125000
G01 X272.680000 Y187.789000 Z-0.125000
G01 X272.746000 Y187.636700 Z-0.125000
G01 X272.625000 Y187.415700 Z-0.125000
G01 X272.205000 Y186.996600 Z-0.125000
G01 X272.083000 Y186.775000 Z-0.125000
G01 X272.148000 Y186.621400 Z-0.125000
G01 X272.333000 Y186.587000 Z-0.125000
G01 X272.568000 Y186.723200 Z-0.125000
G01 X272.990000 Y187.145100 Z-0.125000
G01 X273.225000 Y187.280600 Z-0.125000
G01 X273.408000 Y187.244700 Z-0.125000
G01 X273.471000 Y187.089500 Z-0.125000
G01 X273.348000 Y186.867200 Z-0.125000
G01 X272.928000 Y186.446900 Z-0.125000
G01 X272.804000 Y186.223900 Z-0.125000
G01 X272.866000 Y186.067300 Z-0.125000
G01 X273.048000 Y186.030000 Z-0.125000
G01 X273.282000 Y186.164800 Z-0.125000
G01 X273.706000 Y186.588500 Z-0.125000
G01 X273.939000 Y186.722900 Z-0.125000
G01 X274.120000 Y186.684500 Z-0.125000
G01 X274.181000 Y186.526800 Z-0.125000
G01 X274.057000 Y186.303300 Z-0.125000
G01 X273.634000 Y185.881100 Z-0.125000
G01 X273.510000 Y185.656900 Z-0.125000
G01 X273.569000 Y185.497500 Z-0.125000
G01 X273.747000 Y185.457500 Z-0.125000
G01 X273.980000 Y185.591100 Z-0.125000
G01 X274.406000 Y186.016600 Z-0.125000
G01 X274.639000 Y186.149800 Z-0.125000
G01 X274.816000 Y186.108900 Z-0.125000
G01 X274.875000 Y185.948700 Z-0.125000
G01 X274.750000 Y185.724100 Z-0.125000
G01 X274.325000 Y185.299000 Z-0.125000
G01 X274.199000 Y185.073800 Z-0.125000
G01 X274.256000 Y184.912100 Z-0.125000
G01 X274.432000 Y184.869700 Z-0.125000
G01 X274.664000 Y185.002300 Z-0.125000
G01 X275.091000 Y185.429400 Z-0.125000
G01 X275.322000 Y185.561500 Z-0.125000
G01 X275.498000 Y185.518100 Z-0.125000
G01 X275.554000 Y185.355400 Z-0.125000
G01 X275.427000 Y185.129600 Z-0.125000
G01 X275.000000 Y184.702100 Z-0.125000
G01 X274.873000 Y184.475800 Z-0.125000
G01 X274.928000 Y184.311900 Z-0.125000
G01 X275.102000 Y184.267200 Z-0.125000
G01 X275.333000 Y184.398700 Z-0.125000
G01 X275.761000 Y184.827000 Z-0.125000
G01 X275.991000 Y184.957900 Z-0.125000
G01 X276.164000 Y184.912000 Z-0.125000
G01 X276.217000 Y184.746900 Z-0.125000
G01 X276.090000 Y184.520000 Z-0.125000
G01 X275.661000 Y184.090700 Z-0.125000
G01 X275.533000 Y183.863300 Z-0.125000
G01 X275.585000 Y183.697200 Z-0.125000
G01 X275.757000 Y183.650300 Z-0.125000
G01 X275.987000 Y183.780700 Z-0.125000
G01 X276.415000 Y184.209500 Z-0.125000
G01 X276.645000 Y184.339300 Z-0.125000
G01 X276.815000 Y184.290900 Z-0.125000
G01 X276.866000 Y184.123200 Z-0.125000
G01 X276.737000 Y183.895200 Z-0.125000
G01 X276.307000 Y183.465200 Z-0.125000
G01 X276.178000 Y183.237000 Z-0.125000
G01 X276.229000 Y183.068700 Z-0.125000
G01 X276.398000 Y183.019700 Z-0.125000
G01 X276.627000 Y183.149200 Z-0.125000
G01 X277.055000 Y183.576800 Z-0.125000
G01 X277.283000 Y183.705500 Z-0.125000
G01 X277.451000 Y183.654600 Z-0.125000
G01 X277.499000 Y183.484400 Z-0.125000
G01 X277.370000 Y183.255200 Z-0.125000
G01 X276.942000 Y182.827400 Z-0.125000
G01 X276.812000 Y182.598100 Z-0.125000
G01 X276.860000 Y182.427600 Z-0.125000
G01 X277.028000 Y182.376400 Z-0.125000
G01 X277.255000 Y182.504900 Z-0.125000
G01 X277.680000 Y182.929400 Z-0.125000
G01 X277.907000 Y183.057000 Z-0.125000
G01 X278.072000 Y183.003800 Z-0.125000
G01 X278.118000 Y182.831300 Z-0.125000
G01 X277.988000 Y182.601100 Z-0.125000
G01 X277.563000 Y182.176600 Z-0.125000
G01 X277.432000 Y181.946100 Z-0.125000
G01 X277.478000 Y181.773100 Z-0.125000
G01 X277.643000 Y181.719400 Z-0.125000
G01 X277.869000 Y181.846800 Z-0.125000
G01 X278.289000 Y182.266700 Z-0.125000
G01 X278.515000 Y182.393000 Z-0.125000
G01 X278.678000 Y182.337000 Z-0.125000
G01 X278.721000 Y182.161600 Z-0.125000
G01 X278.589000 Y181.930100 Z-0.125000
G01 X278.171000 Y181.511800 Z-0.125000
G01 X278.038000 Y181.280200 Z-0.125000
G01 X278.081000 Y181.104500 Z-0.125000
G01 X278.243000 Y181.048000 Z-0.125000
G01 X278.469000 Y181.174200 Z-0.125000
G01 X278.884000 Y181.589600 Z-0.125000
G01 X279.109000 Y181.714600 Z-0.125000
G01 X279.268000 Y181.655600 Z-0.125000
G01 X279.309000 Y181.477300 Z-0.125000
G01 X279.175000 Y181.244500 Z-0.125000
G01 X278.763000 Y180.832200 Z-0.125000
G01 X278.630000 Y180.599200 Z-0.125000
G01 X278.670000 Y180.420600 Z-0.125000
G01 X278.829000 Y180.361300 Z-0.125000
G01 X279.053000 Y180.486100 Z-0.125000
G01 X279.464000 Y180.897100 Z-0.125000
G01 X279.687000 Y181.020900 Z-0.125000
G01 X279.844000 Y180.959300 Z-0.125000
G01 X279.882000 Y180.778300 Z-0.125000
G01 X279.747000 Y180.544300 Z-0.125000
G01 X279.340000 Y180.136900 Z-0.125000
G01 X279.205000 Y179.902500 Z-0.125000
G01 X279.242000 Y179.720800 Z-0.125000
G01 X279.398000 Y179.658400 Z-0.125000
G01 X279.621000 Y179.781800 Z-0.125000
G01 X280.028000 Y180.188400 Z-0.125000
G01 X280.250000 Y180.311200 Z-0.125000
G01 X280.405000 Y180.247400 Z-0.125000
G01 X280.440000 Y180.064400 Z-0.125000
G01 X280.305000 Y179.829400 Z-0.125000
G01 X279.900000 Y179.424800 Z-0.125000
G01 X279.764000 Y179.189000 Z-0.125000
G01 X279.798000 Y179.004100 Z-0.125000
G01 X279.951000 Y178.938600 Z-0.125000
G01 X280.172000 Y179.060600 Z-0.125000
G01 X280.576000 Y179.464900 Z-0.125000
G01 X280.797000 Y179.586400 Z-0.125000
G01 X280.949000 Y179.519900 Z-0.125000
G01 X280.982000 Y179.334100 Z-0.125000
G01 X280.845000 Y179.097900 Z-0.125000
G01 X280.441000 Y178.694000 Z-0.125000
G01 X280.304000 Y178.456900 Z-0.125000
G01 X280.335000 Y178.269400 Z-0.125000
G01 X280.485000 Y178.201200 Z-0.125000
G01 X280.706000 Y178.321900 Z-0.125000
G01 X281.110000 Y178.726500 Z-0.125000
G01 X281.330000 Y178.846600 Z-0.125000
G01 X281.479000 Y178.777100 Z-0.125000
G01 X281.509000 Y178.588300 Z-0.125000
G01 X281.370000 Y178.350700 Z-0.125000
G01 X280.965000 Y177.945400 Z-0.125000
G01 X280.826000 Y177.707200 Z-0.125000
G01 X280.855000 Y177.516900 Z-0.125000
G01 X281.002000 Y177.446000 Z-0.125000
G01 X281.221000 Y177.565500 Z-0.125000
G01 X281.628000 Y177.972200 Z-0.125000
G01 X281.846000 Y178.091200 Z-0.125000
G01 X281.993000 Y178.018800 Z-0.125000
G01 X282.020000 Y177.827200 Z-0.125000
G01 X281.880000 Y177.588300 Z-0.125000
G01 X281.471000 Y177.179000 Z-0.125000
G01 X281.331000 Y176.939300 Z-0.125000
G01 X281.356000 Y176.746100 Z-0.125000
G01 X281.501000 Y176.672100 Z-0.125000
G01 X281.718000 Y176.790200 Z-0.125000
G01 X282.129000 Y177.200900 Z-0.125000
G01 X282.346000 Y177.318900 Z-0.125000
G01 X282.490000 Y177.244400 Z-0.125000
G01 X282.515000 Y177.050600 Z-0.125000
G01 X282.375000 Y176.810700 Z-0.125000
G01 X281.959000 Y176.394700 Z-0.125000
G01 X281.817000 Y176.153500 Z-0.125000
G01 X281.839000 Y175.956800 Z-0.125000
G01 X281.980000 Y175.879300 Z-0.125000
G01 X282.196000 Y175.995900 Z-0.125000
G01 X282.614000 Y176.414200 Z-0.125000
G01 X282.830000 Y176.530700 Z-0.125000
G01 X282.971000 Y176.453100 Z-0.125000
G01 X282.993000 Y176.256100 Z-0.125000
G01 X282.851000 Y176.014800 Z-0.125000
G01 X282.429000 Y175.592600 Z-0.125000
G01 X282.286000 Y175.349900 Z-0.125000
G01 X282.304000 Y175.149800 Z-0.125000
G01 X282.442000 Y175.069000 Z-0.125000
G01 X282.656000 Y175.184100 Z-0.125000
G01 X283.084000 Y175.611900 Z-0.125000
G01 X283.299000 Y175.726900 Z-0.125000
G01 X283.437000 Y175.646000 Z-0.125000
G01 X283.455000 Y175.445900 Z-0.125000
G01 X283.312000 Y175.203100 Z-0.125000
G01 X282.882000 Y174.773500 Z-0.125000
G01 X282.737000 Y174.529200 Z-0.125000
G01 X282.752000 Y174.325800 Z-0.125000
G01 X282.887000 Y174.241600 Z-0.125000
G01 X283.100000 Y174.355200 Z-0.125000
G01 X283.536000 Y174.791300 Z-0.125000
G01 X283.749000 Y174.905200 Z-0.125000
G01 X283.885000 Y174.821900 Z-0.125000
G01 X283.901000 Y174.619300 Z-0.125000
G01 X283.756000 Y174.375400 Z-0.125000
G01 X283.316000 Y173.935400 Z-0.125000
G01 X283.170000 Y173.690000 Z-0.125000
G01 X283.183000 Y173.484100 Z-0.125000
G01 X283.315000 Y173.397500 Z-0.125000
G01 X283.527000 Y173.509900 Z-0.125000
G01 X283.971000 Y173.953900 Z-0.125000
G01 X284.183000 Y174.066500 Z-0.125000
G01 X284.315000 Y173.980100 Z-0.125000
G01 X284.328000 Y173.774500 Z-0.125000
G01 X284.182000 Y173.529200 Z-0.125000
G01 X283.734000 Y173.080900 Z-0.125000
G01 X283.587000 Y172.834200 Z-0.125000
G01 X283.597000 Y172.625600 Z-0.125000
G01 X283.726000 Y172.536200 Z-0.125000
G01 X283.936000 Y172.647400 Z-0.125000
G01 X284.389000 Y173.100000 Z-0.125000
G01 X284.599000 Y173.211000 Z-0.125000
G01 X284.728000 Y173.121200 Z-0.125000
G01 X284.738000 Y172.912100 Z-0.125000
G01 X284.590000 Y172.665300 Z-0.125000
G01 X284.135000 Y172.209700 Z-0.125000
G01 X283.986000 Y171.961600 Z-0.125000
G01 X283.993000 Y171.749800 Z-0.125000
G01 X284.119000 Y171.657300 Z-0.125000
G01 X284.328000 Y171.767000 Z-0.125000
G01 X284.788000 Y172.227000 Z-0.125000
G01 X284.997000 Y172.336700 Z-0.125000
G01 X285.123000 Y172.244200 Z-0.125000
G01 X285.130000 Y172.032400 Z-0.125000
G01 X284.982000 Y171.784300 Z-0.125000
G01 X284.517000 Y171.319600 Z-0.125000
G01 X284.367000 Y171.070100 Z-0.125000
G01 X284.371000 Y170.855100 Z-0.125000
G01 X284.493000 Y170.759400 Z-0.125000
G01 X284.701000 Y170.867700 Z-0.125000
G01 X285.169000 Y171.335600 Z-0.125000
G01 X285.377000 Y171.443800 Z-0.125000
G01 X285.499000 Y171.347900 Z-0.125000
G01 X285.503000 Y171.132700 Z-0.125000
G01 X285.353000 Y170.883100 Z-0.125000
G01 X284.880000 Y170.410100 Z-0.125000
G01 X284.728000 Y170.159100 Z-0.125000
G01 X284.728000 Y169.940800 Z-0.125000
G01 X284.848000 Y169.841800 Z-0.125000
G01 X285.054000 Y169.948600 Z-0.125000
G01 X285.532000 Y170.426500 Z-0.125000
G01 X285.738000 Y170.533000 Z-0.125000
G01 X285.857000 Y170.433300 Z-0.125000
G01 X285.857000 Y170.214400 Z-0.125000
G01 X285.705000 Y169.963100 Z-0.125000
G01 X285.222000 Y169.480200 Z-0.125000
G01 X285.069000 Y169.227700 Z-0.125000
G01 X285.066000 Y169.006100 Z-0.125000
G01 X285.182000 Y168.903700 Z-0.125000
G01 X285.387000 Y169.009000 Z-0.125000
G01 X285.873000 Y169.495600 Z-0.125000
G01 X286.078000 Y169.601000 Z-0.125000
G01 X286.195000 Y169.498900 Z-0.125000
G01 X286.192000 Y169.277600 Z-0.125000
G01 X286.039000 Y169.025200 Z-0.125000
G01 X285.543000 Y168.529400 Z-0.125000
G01 X285.389000 Y168.275300 Z-0.125000
G01 X285.382000 Y168.050200 Z-0.125000
G01 X285.495000 Y167.944400 Z-0.125000
G01 X285.698000 Y168.048100 Z-0.125000
G01 X286.196000 Y168.545600 Z-0.125000
G01 X286.398000 Y168.649000 Z-0.125000
G01 X286.511000 Y168.542400 Z-0.125000
G01 X286.348000 Y168.062200 Z-0.125000
G01 X285.843000 Y167.556600 Z-0.125000
G01 X285.675000 Y167.071200 Z-0.125000
G01 X285.784000 Y166.961200 Z-0.125000
G01 X285.985000 Y167.062900 Z-0.125000
G01 X286.496000 Y167.574100 Z-0.125000
G01 X286.698000 Y167.676000 Z-0.125000
G01 X286.806000 Y167.566000 Z-0.125000
G01 X286.639000 Y167.080800 Z-0.125000
G01 X286.119000 Y166.560900 Z-0.125000
G01 X285.945000 Y166.069000 Z-0.125000
G01 X286.050000 Y165.954500 Z-0.125000
G01 X286.249000 Y166.054200 Z-0.125000
G01 X286.775000 Y166.580300 Z-0.125000
G01 X286.974000 Y166.680200 Z-0.125000
G01 X287.079000 Y166.566000 Z-0.125000
G01 X286.905000 Y166.074700 Z-0.125000
G01 X286.372000 Y165.541400 Z-0.125000
G01 X286.191000 Y165.042600 Z-0.125000
G01 X286.291000 Y164.923300 Z-0.125000
G01 X286.487000 Y165.020800 Z-0.125000
G01 X287.031000 Y165.564000 Z-0.125000
G01 X287.228000 Y165.662100 Z-0.125000
G01 X287.329000 Y165.543900 Z-0.125000
G01 X287.150000 Y165.046800 Z-0.125000
G01 X286.600000 Y164.496900 Z-0.125000
G01 X286.412000 Y163.990700 Z-0.125000
G01 X286.506000 Y163.866300 Z-0.125000
G01 X286.700000 Y163.961600 Z-0.125000
G01 X287.261000 Y164.522400 Z-0.125000
G01 X287.457000 Y164.618400 Z-0.125000
G01 X287.553000 Y164.495800 Z-0.125000
G01 X287.367000 Y163.992200 Z-0.125000
G01 X286.797000 Y163.422300 Z-0.125000
G01 X286.603000 Y162.910200 Z-0.125000
G01 X286.693000 Y162.781800 Z-0.125000
G01 X286.886000 Y162.875200 Z-0.125000
G01 X287.467000 Y163.455900 Z-0.125000
G01 X287.661000 Y163.550100 Z-0.125000
G01 X287.752000 Y163.423200 Z-0.125000
G01 X287.560000 Y162.913300 Z-0.125000
G01 X286.967000 Y162.319400 Z-0.125000
G01 X286.766000 Y161.800500 Z-0.125000
G01 X286.851000 Y161.667400 Z-0.125000
G01 X287.042000 Y161.758700 Z-0.125000
G01 X287.645000 Y162.361900 Z-0.125000
G01 X287.836000 Y162.453600 Z-0.125000
G01 X287.923000 Y162.321400 Z-0.125000
G01 X287.723000 Y161.803800 Z-0.125000
G01 X287.106000 Y161.186800 Z-0.125000
G01 X286.896000 Y160.658700 Z-0.125000
G01 X286.975000 Y160.519300 Z-0.125000
G01 X287.163000 Y160.607700 Z-0.125000
G01 X287.794000 Y161.238600 Z-0.125000
G01 X287.983000 Y161.328000 Z-0.125000
G01 X288.064000 Y161.190900 Z-0.125000
G01 X287.858000 Y160.666100 Z-0.125000
G01 X287.214000 Y160.022400 Z-0.125000
G01 X286.994000 Y159.484600 Z-0.125000
G01 X287.067000 Y159.338400 Z-0.125000
G01 X287.251000 Y159.423800 Z-0.125000
G01 X287.914000 Y160.086100 Z-0.125000
G01 X288.100000 Y160.172700 Z-0.125000
G01 X288.175000 Y160.029500 Z-0.125000
G01 X287.960000 Y159.495800 Z-0.125000
G01 X287.281000 Y158.817600 Z-0.125000
G01 X287.054000 Y158.272200 Z-0.125000
G01 X287.121000 Y158.120800 Z-0.125000
G01 X287.304000 Y158.203800 Z-0.125000
G01 X287.997000 Y158.897200 Z-0.125000
G01 X288.180000 Y158.981200 Z-0.125000
G01 X288.250000 Y158.832000 Z-0.125000
G01 X288.026000 Y158.289700 Z-0.125000
G01 X287.312000 Y157.576100 Z-0.125000
G01 X287.073000 Y157.018700 Z-0.125000
G01 X287.132000 Y156.859200 Z-0.125000
G01 X287.310000 Y156.938400 Z-0.125000
G01 X288.045000 Y157.673000 Z-0.125000
G01 X288.225000 Y157.754100 Z-0.125000
G01 X288.288000 Y157.598300 Z-0.125000
G01 X288.055000 Y157.046600 Z-0.125000
G01 X287.299000 Y156.291000 Z-0.125000
G01 X287.050000 Y155.723400 Z-0.125000
G01 X287.102000 Y155.556900 Z-0.125000
G01 X287.277000 Y155.633000 Z-0.125000
G01 X288.054000 Y156.409800 Z-0.125000
G01 X288.233000 Y156.489200 Z-0.125000
G01 X288.292000 Y156.329900 Z-0.125000
G01 X288.053000 Y155.773000 Z-0.125000
G01 X287.237000 Y154.956500 Z-0.125000
G01 X286.973000 Y154.374300 Z-0.125000
G01 X287.015000 Y154.197600 Z-0.125000
G01 X287.186000 Y154.269100 Z-0.125000
G01 X288.020000 Y155.103600 Z-0.125000
G01 X288.193000 Y155.177500 Z-0.125000
G01 X288.241000 Y155.006000 Z-0.125000
G01 X287.984000 Y154.431300 Z-0.125000
G01 X287.121000 Y153.568300 Z-0.125000
G01 X286.843000 Y152.972000 Z-0.125000
G01 X286.875000 Y152.785600 Z-0.125000
G01 X287.041000 Y152.852700 Z-0.125000
G01 X287.935000 Y153.746000 Z-0.125000
G01 X288.104000 Y153.815700 Z-0.125000
G01 X288.142000 Y153.635100 Z-0.125000
G01 X287.872000 Y153.047000 Z-0.125000
G01 X286.946000 Y152.121100 Z-0.125000
G01 X286.648000 Y151.505100 Z-0.125000
G01 X286.667000 Y151.305200 Z-0.125000
G01 X286.827000 Y151.366100 Z-0.125000
G01 X287.794000 Y152.333300 Z-0.125000
G01 X287.959000 Y152.398200 Z-0.125000
G01 X287.986000 Y152.207000 Z-0.125000
G01 X287.701000 Y151.603700 Z-0.125000
G01 X286.691000 Y150.594000 Z-0.125000
G01 X286.374000 Y149.958700 Z-0.125000
G01 X286.379000 Y149.745600 Z-0.125000
G01 X286.534000 Y149.800600 Z-0.125000
G01 X287.590000 Y150.857200 Z-0.125000
G01 X287.752000 Y150.919100 Z-0.125000
G01 X287.773000 Y150.721500 Z-0.125000
G01 X287.478000 Y150.108700 Z-0.125000
G01 X286.353000 Y148.983600 Z-0.125000
G01 X286.011000 Y148.323400 Z-0.125000
G01 X285.999000 Y148.093100 Z-0.125000
G01 X286.146000 Y148.140300 Z-0.125000
G01 X287.308000 Y149.302600 Z-0.125000
G01 X287.460000 Y149.355000 Z-0.125000
G01 X287.460000 Y149.136400 Z-0.125000
G01 X287.135000 Y148.493200 Z-0.125000
G01 X285.909000 Y147.267300 Z-0.125000
G01 X285.535000 Y146.575400 Z-0.125000
G01 X285.501000 Y146.323400 Z-0.125000
G01 X285.638000 Y146.360600 Z-0.125000
G01 X286.937000 Y147.659500 Z-0.125000
G01 X287.081000 Y147.703900 Z-0.125000
G01 X287.063000 Y147.467700 Z-0.125000
G01 X286.712000 Y146.798800 Z-0.125000
G01 X285.249000 Y145.335500 Z-0.125000
G01 X284.875000 Y144.643500 Z-0.125000
G01 X284.842000 Y144.391300 Z-0.125000
G01 X284.978000 Y144.428500 Z-0.125000
G01 X286.471000 Y145.921100 Z-0.125000
G01 X286.601000 Y145.952100 Z-0.125000
G01 X286.554000 Y145.686300 Z-0.125000
G01 X286.160000 Y144.974400 Z-0.125000
G01 X284.564000 Y143.377800 Z-0.125000
G01 X284.085000 Y142.581500 Z-0.125000
G01 X283.980000 Y142.257600 Z-0.125000
G01 X284.084000 Y142.262200 Z-0.125000
G01 X285.827000 Y144.004900 Z-0.125000
G01 X285.945000 Y144.023900 Z-0.125000
G01 X285.872000 Y143.731700 Z-0.125000
G01 X285.439000 Y142.981300 Z-0.125000
G01 X283.283000 Y140.825400 Z-0.125000
G00 Z5.000000

(End cutting path id: path8334)


(Start cutting path id: path8334)
(Change tool to Default tool)

G00 Z5.000000
G00 X118.292000 Y190.836200

G01 Z-0.125000 F100.0(Penetrate)
G01 X114.302000 Y186.846300 Z-0.125000 F400.000000
G00 Z5.000000

(End cutting path id: path8334)


(Start cutting path id: path8334)
(Change tool to Default tool)

G00 Z5.000000
G00 X116.294000 Y188.202200

G01 Z-0.125000 F100.0(Penetrate)
G01 X119.329000 Y191.237500 Z-0.125000 F400.000000
G01 X120.156000 Y191.746600 Z-0.125000
G01 X120.501000 Y191.872900 Z-0.125000
G01 X120.507000 Y191.778600 Z-0.125000
G01 X117.853000 Y189.124900 Z-0.125000
G00 Z5.000000

(End cutting path id: path8334)


(Start cutting path id: path8334)
(Change tool to Default tool)

G00 Z5.000000
G00 X116.889000 Y190.069400

G01 Z-0.125000 F100.0(Penetrate)
G01 X102.669000 Y175.848900 Z-0.125000 F400.000000
G00 Z5.000000

(End cutting path id: path8334)


(Start cutting path id: path8334)
(Change tool to Default tool)

G00 Z5.000000
G00 X102.046000 Y174.590700

G01 Z-0.125000 F100.0(Penetrate)
G01 X106.069000 Y178.612800 Z-0.125000 F400.000000
G00 Z5.000000

(End cutting path id: path8334)


(Start cutting path id: path8334)
(Change tool to Default tool)

G00 Z5.000000
G00 X104.983000 Y179.435100

G01 Z-0.125000 F100.0(Penetrate)
G01 X113.195000 Y187.647400 Z-0.125000 F400.000000
G00 Z5.000000

(End cutting path id: path8334)


(Start cutting path id: path8334)
(Change tool to Default tool)

G00 Z5.000000
G00 X115.252000 Y189.068400

G01 Z-0.125000 F100.0(Penetrate)
G01 X103.805000 Y177.621500 Z-0.125000 F400.000000
G00 Z5.000000

(End cutting path id: path8334)


(Start cutting path id: path8334)
(Change tool to Default tool)

G00 Z5.000000
G00 X104.714000 Y176.622200

G01 Z-0.125000 F100.0(Penetrate)
G01 X101.418000 Y173.326000 Z-0.125000 F400.000000
G00 Z5.000000

(End cutting path id: path8334)


(Start cutting path id: path8334)
(Change tool to Default tool)

G00 Z5.000000
G00 X107.669000 Y182.757500

G01 Z-0.125000 F100.0(Penetrate)
G01 X110.511000 Y185.599900 Z-0.125000 F400.000000
G00 Z5.000000

(End cutting path id: path8334)


(Start cutting path id: path8334)
(Change tool to Default tool)

G00 Z5.000000
G00 X79.923500 Y176.639600

G01 Z-0.125000 F100.0(Penetrate)
G01 X59.371400 Y156.087500 Z-0.125000 F400.000000
G01 X59.279000 Y155.895800 Z-0.125000
G01 X59.409800 Y155.807900 Z-0.125000
G01 X59.925400 Y156.005400 Z-0.125000
G01 X80.806900 Y176.886900 Z-0.125000
G01 X81.299100 Y177.061100 Z-0.125000
G01 X81.413800 Y176.957100 Z-0.125000
G01 X81.314200 Y176.758100 Z-0.125000
G01 X60.493700 Y155.937600 Z-0.125000
G01 X60.407200 Y155.751700 Z-0.125000
G01 X60.550900 Y155.676700 Z-0.125000
G01 X61.085100 Y155.893000 Z-0.125000
G01 X81.525500 Y176.333300 Z-0.125000
G01 X81.716800 Y176.425200 Z-0.125000
G01 X81.803800 Y176.293600 Z-0.125000
G01 X81.605100 Y175.776800 Z-0.125000
G01 X61.693700 Y155.865400 Z-0.125000
G01 X61.613700 Y155.686000 Z-0.125000
G01 X61.771600 Y155.625300 Z-0.125000
G01 X62.326600 Y155.862100 Z-0.125000
G01 X81.605900 Y175.141500 Z-0.125000
G01 X81.777300 Y175.213600 Z-0.125000
G01 X81.820700 Y175.038200 Z-0.125000
G01 X81.558400 Y174.457900 Z-0.125000
G01 X62.942600 Y155.842100 Z-0.125000
G01 X62.871900 Y155.672100 Z-0.125000
G01 X63.050500 Y155.632000 Z-0.125000
G01 X63.635500 Y155.898900 Z-0.125000
G01 X81.480700 Y173.744100 Z-0.125000
G01 X81.643500 Y173.807500 Z-0.125000
G01 X81.667700 Y173.613100 Z-0.125000
G01 X81.377700 Y173.005000 Z-0.125000
G01 X64.319900 Y155.947200 Z-0.125000
G01 X64.250700 Y155.778600 Z-0.125000
G01 X64.432400 Y155.741600 Z-0.125000
G01 X65.021900 Y156.013100 Z-0.125000
G01 X81.258000 Y172.249200 Z-0.125000
G01 X81.417100 Y172.308900 Z-0.125000
G01 X81.433200 Y172.106400 Z-0.125000
G01 X81.131400 Y171.486500 Z-0.125000
G01 X65.743100 Y156.098300 Z-0.125000
G01 X65.680300 Y155.936000 Z-0.125000
G01 X65.876000 Y155.913100 Z-0.125000
G01 X66.485900 Y156.205000 Z-0.125000
G01 X81.019400 Y170.738400 Z-0.125000
G01 X81.162900 Y170.782600 Z-0.125000
G01 X81.144800 Y170.545800 Z-0.125000
G01 X80.793200 Y169.876100 Z-0.125000
G01 X67.180400 Y156.263300 Z-0.125000
G01 X67.127100 Y156.110600 Z-0.125000
G01 X67.343800 Y156.108600 Z-0.125000
G01 X67.984300 Y156.431100 Z-0.125000
G01 X80.551300 Y168.998100 Z-0.125000
G01 X80.687200 Y169.034600 Z-0.125000
G01 X80.652200 Y168.781000 Z-0.125000
G01 X80.276000 Y168.086700 Z-0.125000
G01 X68.894100 Y156.704800 Z-0.125000
G01 X68.854600 Y156.566000 Z-0.125000
G01 X69.101700 Y156.594300 Z-0.125000
G01 X69.786300 Y156.960900 Z-0.125000
G01 X80.132900 Y167.307500 Z-0.125000
G00 Z5.000000

(End cutting path id: path8334)


(Start cutting path id: path8334)
(Change tool to Default tool)

G00 Z5.000000
G00 X77.784100 Y163.050400

G01 Z-0.125000 F100.0(Penetrate)
G01 X74.015200 Y159.281500 Z-0.125000 F400.000000
G00 Z5.000000

(End cutting path id: path8334)


(Start cutting path id: path8334)
(Change tool to Default tool)

G00 Z5.000000
G00 X70.530800 Y157.069300

G01 Z-0.125000 F100.0(Penetrate)
G01 X79.296900 Y165.835400 Z-0.125000 F400.000000
G01 X79.386900 Y165.826000 Z-0.125000
G01 X79.251000 Y165.471400 Z-0.125000
G01 X78.727900 Y164.630300 Z-0.125000
G01 X71.993600 Y157.896000 Z-0.125000
G00 Z5.000000

(End cutting path id: path8334)


(Start cutting path id: path8334)
(Change tool to Default tool)

G00 Z5.000000
G00 X73.069900 Y171.058200

G01 Z-0.125000 F100.0(Penetrate)
G01 X58.266800 Y156.255100 Z-0.125000 F400.000000
G01 X58.174200 Y156.063100 Z-0.125000
G01 X58.304400 Y155.974700 Z-0.125000
G01 X58.819100 Y156.171300 Z-0.125000
G01 X77.529100 Y174.881300 Z-0.125000
G00 Z5.000000

(End cutting path id: path8334)


(Start cutting path id: path8334)
(Change tool to Default tool)

G00 Z5.000000
G00 X60.383100 Y186.996000

G01 Z-0.125000 F100.0(Penetrate)
G01 X66.490200 Y193.103100 Z-0.125000 F400.000000
G01 X66.683200 Y193.196700 Z-0.125000
G01 X66.773800 Y193.068700 Z-0.125000
G01 X66.580400 Y192.557200 Z-0.125000
G01 X65.470700 Y191.447500 Z-0.125000
G00 Z5.000000

(End cutting path id: path8334)


(Start cutting path id: path8334)
(Change tool to Default tool)

G00 Z5.000000
G00 X65.261800 Y193.782990

G01 Z-0.125000 F100.0(Penetrate)
G01 X29.487500 Y158.008700 Z-0.125000 F400.000000
G01 X29.353400 Y157.775200 Z-0.125000
G01 X29.392200 Y157.595400 Z-0.125000
G01 X29.550300 Y157.534800 Z-0.125000
G01 X29.774000 Y157.659100 Z-0.125000
G01 X65.564600 Y193.449710 Z-0.125000
G01 X66.053000 Y193.620050 Z-0.125000
G01 X66.165100 Y193.513530 Z-0.125000
G01 X66.064300 Y193.313320 Z-0.125000
G01 X30.079100 Y157.328100 Z-0.125000
G01 X29.949700 Y157.099200 Z-0.125000
G01 X29.998900 Y156.929800 Z-0.125000
G01 X30.167300 Y156.879600 Z-0.125000
G01 X30.395700 Y157.008600 Z-0.125000
G01 X55.569600 Y182.182500 Z-0.125000
G01 X55.787200 Y182.300700 Z-0.125000
G01 X55.931900 Y182.226700 Z-0.125000
G01 X55.957300 Y182.033400 Z-0.125000
G01 X55.817000 Y181.793800 Z-0.125000
G01 X30.720400 Y156.697200 Z-0.125000
G01 X30.593500 Y156.470900 Z-0.125000
G01 X30.648100 Y156.306800 Z-0.125000
G01 X30.822000 Y156.262000 Z-0.125000
G01 X31.052800 Y156.393500 Z-0.125000
G01 X56.088200 Y181.428900 Z-0.125000
G01 X56.311400 Y181.552700 Z-0.125000
G01 X56.468300 Y181.491000 Z-0.125000
G01 X56.506000 Y181.310000 Z-0.125000
G01 X56.371300 Y181.075900 Z-0.125000
G01 X31.387100 Y156.091700 Z-0.125000
G01 X31.260300 Y155.865500 Z-0.125000
G01 X31.315200 Y155.701800 Z-0.125000
G01 X31.489500 Y155.657400 Z-0.125000
G01 X31.720500 Y155.789000 Z-0.125000
G01 X56.654700 Y180.723200 Z-0.125000
G01 X56.878700 Y180.847800 Z-0.125000
G01 X57.037700 Y180.788100 Z-0.125000
G01 X57.077400 Y180.609200 Z-0.125000
G01 X56.943700 Y180.376100 Z-0.125000
G01 X32.048200 Y155.480600 Z-0.125000
G01 X31.919200 Y155.252200 Z-0.125000
G01 X31.969400 Y155.083700 Z-0.125000
G01 X32.138800 Y155.034500 Z-0.125000
G01 X32.367600 Y155.163900 Z-0.125000
G01 X57.234400 Y180.030600 Z-0.125000
G01 X57.458700 Y180.155600 Z-0.125000
G01 X57.618200 Y180.096500 Z-0.125000
G01 X57.658500 Y179.918100 Z-0.125000
G01 X57.525100 Y179.685200 Z-0.125000
G01 X32.680800 Y154.841000 Z-0.125000
G01 X32.549900 Y154.610700 Z-0.125000
G01 X32.596000 Y154.438100 Z-0.125000
G01 X32.761300 Y154.384700 Z-0.125000
G01 X32.988200 Y154.512300 Z-0.125000
G01 X57.820100 Y179.344200 Z-0.125000
G01 X58.045200 Y179.469800 Z-0.125000
G01 X58.206300 Y179.412300 Z-0.125000
G01 X58.248100 Y179.235500 Z-0.125000
G01 X58.115300 Y179.003300 Z-0.125000
G01 X33.290800 Y154.178800 Z-0.125000
G01 X33.158700 Y153.947300 Z-0.125000
G01 X33.202000 Y153.771900 Z-0.125000
G01 X33.364500 Y153.715800 Z-0.125000
G01 X33.590200 Y153.842000 Z-0.125000
G01 X58.410500 Y178.662400 Z-0.125000
G01 X58.635900 Y178.788400 Z-0.125000
G01 X58.797800 Y178.731600 Z-0.125000
G01 X58.840400 Y178.555500 Z-0.125000
G01 X58.707900 Y178.323700 Z-0.125000
G01 X33.886700 Y153.502400 Z-0.125000
G01 X33.753400 Y153.269800 Z-0.125000
G01 X33.794200 Y153.092000 Z-0.125000
G01 X33.954300 Y153.033400 Z-0.125000
G01 X34.178900 Y153.158600 Z-0.125000
G01 X59.006300 Y177.986000 Z-0.125000
G01 X59.231800 Y178.112100 Z-0.125000
G01 X59.394000 Y178.055600 Z-0.125000
G01 X59.436900 Y177.879900 Z-0.125000
G01 X59.304600 Y177.648200 Z-0.125000
G01 X34.468700 Y152.812200 Z-0.125000
G01 X34.334700 Y152.578900 Z-0.125000
G01 X34.374000 Y152.399500 Z-0.125000
G01 X34.532600 Y152.339400 Z-0.125000
G01 X34.756400 Y152.463900 Z-0.125000
G01 X59.603300 Y177.310700 Z-0.125000
G01 X59.829200 Y177.437300 Z-0.125000
G01 X59.992200 Y177.381600 Z-0.125000
G01 X60.036000 Y177.206800 Z-0.125000
G01 X59.904100 Y176.975500 Z-0.125000
G01 X35.040500 Y152.111800 Z-0.125000
G01 X34.905600 Y151.877600 Z-0.125000
G01 X34.942900 Y151.696300 Z-0.125000
G01 X35.099500 Y151.634200 Z-0.125000
G01 X35.322500 Y151.757700 Z-0.125000
G01 X60.205000 Y176.640200 Z-0.125000
G01 X60.430900 Y176.766800 Z-0.125000
G01 X60.593900 Y176.711200 Z-0.125000
G01 X60.637700 Y176.536300 Z-0.125000
G01 X60.505800 Y176.305000 Z-0.125000
G01 X35.602700 Y151.401900 Z-0.125000
G01 X35.467000 Y151.166800 Z-0.125000
G01 X35.502300 Y150.983500 Z-0.125000
G01 X35.657000 Y150.919400 Z-0.125000
G01 X35.879000 Y151.042100 Z-0.125000
G01 X60.807300 Y175.970300 Z-0.125000
G01 X61.033500 Y176.097200 Z-0.125000
G01 X61.197300 Y176.042300 Z-0.125000
G01 X61.241900 Y175.868200 Z-0.125000
G01 X61.110300 Y175.637300 Z-0.125000
G01 X36.153700 Y150.680700 Z-0.125000
G01 X36.017400 Y150.444900 Z-0.125000
G01 X36.051300 Y150.260300 Z-0.125000
G01 X36.204600 Y150.194800 Z-0.125000
G01 X36.426000 Y150.316900 Z-0.125000
G01 X61.413400 Y175.304200 Z-0.125000
G01 X61.639600 Y175.431100 Z-0.125000
G01 X61.803400 Y175.376300 Z-0.125000
G01 X61.848000 Y175.202100 Z-0.125000
G01 X61.716400 Y174.971200 Z-0.125000
G01 X36.694900 Y149.949600 Z-0.125000
G01 X36.557700 Y149.713100 Z-0.125000
G01 X36.589800 Y149.526500 Z-0.125000
G01 X36.741200 Y149.459200 Z-0.125000
G01 X36.961800 Y149.580400 Z-0.125000
G01 X62.020100 Y174.638800 Z-0.125000
G01 X62.246700 Y174.766000 Z-0.125000
G01 X62.411200 Y174.711800 Z-0.125000
G01 X62.456500 Y174.538400 Z-0.125000
G01 X62.325300 Y174.307800 Z-0.125000
G01 X37.225600 Y149.208200 Z-0.125000
G01 X37.087300 Y148.970500 Z-0.125000
G01 X37.117100 Y148.781600 Z-0.125000
G01 X37.266100 Y148.712000 Z-0.125000
G01 X37.485600 Y148.832100 Z-0.125000
G01 X62.630400 Y173.976900 Z-0.125000
G01 X62.857000 Y174.104100 Z-0.125000
G01 X63.021500 Y174.049900 Z-0.125000
G01 X63.066800 Y173.876500 Z-0.125000
G01 X62.935600 Y173.645900 Z-0.125000
G01 X37.743000 Y148.453400 Z-0.125000
G01 X37.603800 Y148.214700 Z-0.125000
G01 X37.631400 Y148.023700 Z-0.125000
G01 X37.778200 Y147.951900 Z-0.125000
G01 X37.996800 Y148.071100 Z-0.125000
G01 X63.241400 Y173.315700 Z-0.125000
G01 X63.468400 Y173.443200 Z-0.125000
G01 X63.633700 Y173.389900 Z-0.125000
G01 X63.679700 Y173.217200 Z-0.125000
G01 X63.548800 Y172.986900 Z-0.125000
G01 X38.248000 Y147.686100 Z-0.125000
G01 X38.108300 Y147.447000 Z-0.125000
G01 X38.134900 Y147.255000 Z-0.125000
G01 X38.280800 Y147.182200 Z-0.125000
G01 X38.498900 Y147.300900 Z-0.125000
G01 X63.856100 Y172.658200 Z-0.125000
G01 X64.083100 Y172.785700 Z-0.125000
G01 X64.248300 Y172.732400 Z-0.125000
G01 X64.294400 Y172.559700 Z-0.125000
G01 X64.163500 Y172.329400 Z-0.125000
G01 X38.749800 Y146.915700 Z-0.125000
G01 X38.610100 Y146.676600 Z-0.125000
G01 X38.636700 Y146.484600 Z-0.125000
G01 X38.782500 Y146.411800 Z-0.125000
G01 X39.000700 Y146.530500 Z-0.125000
G01 X64.472100 Y172.001900 Z-0.125000
G01 X64.699400 Y172.129800 Z-0.125000
G01 X64.865500 Y172.077300 Z-0.125000
G01 X64.912400 Y171.905600 Z-0.125000
G01 X64.781900 Y171.675700 Z-0.125000
G01 X39.251600 Y146.145300 Z-0.125000
G01 X39.111800 Y145.906200 Z-0.125000
G01 X39.138500 Y145.714200 Z-0.125000
G01 X39.284300 Y145.641400 Z-0.125000
G01 X39.502400 Y145.760100 Z-0.125000
G01 X65.091800 Y171.349400 Z-0.125000
G01 X65.319100 Y171.477400 Z-0.125000
G01 X65.485300 Y171.424900 Z-0.125000
G01 X65.532100 Y171.253100 Z-0.125000
G01 X65.401700 Y171.023200 Z-0.125000
G01 X39.753300 Y145.374900 Z-0.125000
G01 X39.613600 Y145.135800 Z-0.125000
G01 X39.640300 Y144.943800 Z-0.125000
G01 X39.786100 Y144.871000 Z-0.125000
G01 X40.004200 Y144.989700 Z-0.125000
G01 X65.714400 Y170.699800 Z-0.125000
G01 X65.942200 Y170.828200 Z-0.125000
G01 X66.109400 Y170.776800 Z-0.125000
G01 X66.157400 Y170.606100 Z-0.125000
G01 X66.027400 Y170.376700 Z-0.125000
G01 X40.255100 Y144.604500 Z-0.125000
G01 X40.115400 Y144.365400 Z-0.125000
G01 X40.142100 Y144.173300 Z-0.125000
G01 X40.287900 Y144.100600 Z-0.125000
G01 X40.506000 Y144.219300 Z-0.125000
G01 X66.340400 Y170.053700 Z-0.125000
G01 X66.568700 Y170.182600 Z-0.125000
G01 X66.736900 Y170.132200 Z-0.125000
G01 X66.785900 Y169.962500 Z-0.125000
G01 X66.656400 Y169.733500 Z-0.125000
G01 X40.756900 Y143.834100 Z-0.125000
G01 X40.617200 Y143.595000 Z-0.125000
G01 X40.643800 Y143.402900 Z-0.125000
G01 X40.789700 Y143.330200 Z-0.125000
G01 X41.007800 Y143.448900 Z-0.125000
G01 X66.973900 Y169.415000 Z-0.125000
G01 X67.202500 Y169.544100 Z-0.125000
G01 X67.371200 Y169.494200 Z-0.125000
G01 X67.420800 Y169.325100 Z-0.125000
G01 X67.291500 Y169.096400 Z-0.125000
G01 X41.020200 Y142.825100 Z-0.125000
G00 Z5.000000

(End cutting path id: path8334)


(Start cutting path id: path8334)
(Change tool to Default tool)

G00 Z5.000000
G00 X44.021900 Y145.190700

G01 Z-0.125000 F100.0(Penetrate)
G01 X67.615400 Y168.784200 Z-0.125000 F400.000000
G01 X67.845100 Y168.914500 Z-0.125000
G01 X68.016400 Y168.867200 Z-0.125000
G01 X68.068500 Y168.700600 Z-0.125000
G01 X67.940400 Y168.473100 Z-0.125000
G01 X48.213000 Y148.745700 Z-0.125000
G00 Z5.000000

(End cutting path id: path8334)


(Start cutting path id: path8334)
(Change tool to Default tool)

G00 Z5.000000
G00 X54.801500 Y154.698200

G01 Z-0.125000 F100.0(Penetrate)
G01 X68.272100 Y168.168700 Z-0.125000 F400.000000
G01 X68.505600 Y168.302800 Z-0.125000
G01 X68.685300 Y168.263800 Z-0.125000
G01 X68.745700 Y168.105600 Z-0.125000
G01 X68.621300 Y167.881900 Z-0.125000
G01 X57.162200 Y156.422700 Z-0.125000
G01 X57.069600 Y156.230700 Z-0.125000
G01 X57.199800 Y156.142300 Z-0.125000
G01 X57.714500 Y156.338900 Z-0.125000
G01 X69.759500 Y168.383900 Z-0.125000
G00 Z5.000000

(End cutting path id: path8334)


(Start cutting path id: path8334)
(Change tool to Default tool)

G00 Z5.000000
G00 X53.581600 Y191.644300

G01 Z-0.125000 F100.0(Penetrate)
G01 X45.728600 Y183.791300 Z-0.125000 F400.000000
G01 X45.209800 Y182.954400 Z-0.125000
G01 X45.076700 Y182.602700 Z-0.125000
G01 X45.168000 Y182.594600 Z-0.125000
G01 X54.548600 Y191.975200 Z-0.125000
G01 X55.317400 Y192.425900 Z-0.125000
G01 X55.622300 Y192.512200 Z-0.125000
G01 X55.609100 Y192.399600 Z-0.125000
G01 X44.851900 Y181.642400 Z-0.125000
G01 X44.447400 Y180.919800 Z-0.125000
G01 X44.392900 Y180.646700 Z-0.125000
G01 X44.519900 Y180.674300 Z-0.125000
G01 X56.564100 Y192.718500 Z-0.125000
G01 X57.258700 Y193.095000 Z-0.125000
G01 X57.512600 Y193.130300 Z-0.125000
G01 X57.476200 Y192.994500 Z-0.125000
G01 X44.277800 Y179.796100 Z-0.125000
G01 X43.940000 Y179.140300 Z-0.125000
G01 X43.931400 Y178.913000 Z-0.125000
G01 X44.079300 Y178.961600 Z-0.125000
G01 X58.293700 Y193.175900 Z-0.125000
G01 X58.925500 Y193.489660 Z-0.125000
G01 X59.136200 Y193.481710 Z-0.125000
G01 X59.080200 Y193.326310 Z-0.125000
G01 X43.909900 Y178.156000 Z-0.125000
G01 X43.598400 Y177.526500 Z-0.125000
G01 X43.607900 Y177.317300 Z-0.125000
G01 X43.764000 Y177.374000 Z-0.125000
G01 X59.833100 Y193.443070 Z-0.125000
G01 X60.439900 Y193.731900 Z-0.125000
G01 X60.633500 Y193.706840 Z-0.125000
G01 X60.569700 Y193.543650 Z-0.125000
G01 X43.639400 Y176.613300 Z-0.125000
G01 X43.334900 Y175.990700 Z-0.125000
G01 X43.349100 Y175.786300 Z-0.125000
G01 X43.507400 Y175.845200 Z-0.125000
G01 X61.254900 Y193.592680 Z-0.125000
G01 X61.832800 Y193.852570 Z-0.125000
G01 X62.006500 Y193.807620 Z-0.125000
G01 X61.933700 Y193.635390 Z-0.125000
G01 X43.464200 Y175.165900 Z-0.125000
G01 X43.182000 Y174.565600 Z-0.125000
G01 X43.211600 Y174.376600 Z-0.125000
G01 X43.376900 Y174.442500 Z-0.125000
G01 X62.592700 Y193.658310 Z-0.125000
G01 X63.151000 Y193.898580 Z-0.125000
G01 X63.311200 Y193.840140 Z-0.125000
G01 X63.232300 Y193.661770 Z-0.125000
G01 X43.407600 Y173.837100 Z-0.125000
G01 X43.206800 Y173.318200 Z-0.125000
G01 X43.292400 Y173.185200 Z-0.125000
G01 X43.483100 Y173.276500 Z-0.125000
G01 X63.851700 Y193.645110 Z-0.125000
G01 X64.389000 Y193.864360 Z-0.125000
G01 X64.534800 Y193.791460 Z-0.125000
G01 X64.449200 Y193.606530 Z-0.125000
G01 X43.003400 Y172.160700 Z-0.125000
G00 Z5.000000

(End cutting path id: path8334)


(Start cutting path id: path8334)
(Change tool to Default tool)

G00 Z5.000000
G00 X31.617600 Y161.411000

G01 Z-0.125000 F100.0(Penetrate)
G01 X29.082300 Y158.875700 Z-0.125000 F400.000000
G01 X28.919300 Y158.394600 Z-0.125000
G01 X29.030900 Y158.287500 Z-0.125000
G01 X29.233400 Y158.390700 Z-0.125000
G01 X36.481700 Y165.639000 Z-0.125000
G00 Z5.000000

(End cutting path id: path8334)


(Start cutting path id: path8334)
(Change tool to Default tool)

G00 Z5.000000
G00 X37.671400 Y147.724200

G01 Z-0.125000 F100.0(Penetrate)
G01 X34.395800 Y152.166000 Z-0.125000 F400.000000
G01 X32.701700 Y154.131300 Z-0.125000
G01 X31.251000 Y155.582400 Z-0.125000
G01 X29.845100 Y156.893100 Z-0.125000
G01 X29.020300 Y157.861000 Z-0.125000
G01 X28.721900 Y158.567400 Z-0.125000
G01 X28.895200 Y159.094000 Z-0.125000
G01 X36.496100 Y165.817700 Z-0.125000
G01 X39.977300 Y168.860800 Z-0.125000
G01 X42.034700 Y170.880100 Z-0.125000
G01 X42.969200 Y172.212400 Z-0.125000
G01 X43.109200 Y172.726200 Z-0.125000
G01 X43.081200 Y173.194400 Z-0.125000
G01 X43.037100 Y174.113600 Z-0.125000
G01 X43.153300 Y175.523500 Z-0.125000
G01 X43.775800 Y179.047300 Z-0.125000
G01 X44.563500 Y181.657700 Z-0.125000
G01 X45.661000 Y184.069300 Z-0.125000
G01 X47.050900 Y186.264500 Z-0.125000
G01 X48.715900 Y188.225600 Z-0.125000
G01 X50.638800 Y189.934800 Z-0.125000
G01 X52.802200 Y191.374400 Z-0.125000
G01 X55.188800 Y192.526800 Z-0.125000
G01 X57.781400 Y193.374280 Z-0.125000
G01 X60.885200 Y193.911540 Z-0.125000
G01 X63.882600 Y194.027040 Z-0.125000
G01 X66.143400 Y193.741210 Z-0.125000
G01 X66.800500 Y193.454170 Z-0.125000
G01 X67.037100 Y193.074500 Z-0.125000
G01 X65.400700 Y191.329700 Z-0.125000
G01 X61.466400 Y187.810800 Z-0.125000
G01 X57.532100 Y184.300200 Z-0.125000
G01 X55.895700 Y182.575200 Z-0.125000
G01 X56.437100 Y181.740900 Z-0.125000
G01 X57.870200 Y180.002500 Z-0.125000
G01 X62.265200 Y175.065400 Z-0.125000
G01 X66.787500 Y170.267200 Z-0.125000
G01 X68.379700 Y168.702600 Z-0.125000
G01 X69.143900 Y168.111500 Z-0.125000
G01 X71.232800 Y169.577900 Z-0.125000
G01 X75.378800 Y173.103600 Z-0.125000
G01 X79.288700 Y176.352100 Z-0.125000
G01 X80.536100 Y177.098100 Z-0.125000
G01 X81.371400 Y177.244100 Z-0.125000
G01 X81.648400 Y177.088700 Z-0.125000
G01 X81.839200 Y176.779100 Z-0.125000
G01 X81.984300 Y175.692200 Z-0.125000
G01 X81.851200 Y173.972400 Z-0.125000
G01 X81.484700 Y171.608800 Z-0.125000
G01 X80.987400 Y169.434400 Z-0.125000
G01 X80.272900 Y167.370600 Z-0.125000
G01 X79.342700 Y165.419600 Z-0.125000
G01 X78.198300 Y163.583600 Z-0.125000
G01 X76.841300 Y161.864700 Z-0.125000
G01 X75.273100 Y160.265200 Z-0.125000
G01 X73.495300 Y158.787000 Z-0.125000
G01 X71.509400 Y157.432500 Z-0.125000
G01 X70.474400 Y156.919000 Z-0.125000
G01 X69.167000 Y156.467800 Z-0.125000
G01 X66.015500 Y155.794400 Z-0.125000
G01 X62.616600 Y155.495500 Z-0.125000
G01 X59.532000 Y155.654600 Z-0.125000
G01 X56.584300 Y156.101900 Z-0.125000
G01 X50.605800 Y150.801500 Z-0.125000
G01 X42.833700 Y144.026600 Z-0.125000
G01 X41.040200 Y142.552100 Z-0.125000
G01 X37.671400 Y147.724200 Z-0.125000
G00 Z5.000000

(End cutting path id: path8334)


(Start cutting path id: path8334)
(Change tool to Default tool)

G00 Z5.000000
G00 X16.491600 Y131.654700

G01 Z-0.125000 F100.0(Penetrate)
G01 X32.914300 Y148.077400 Z-0.125000 F400.000000
G01 X33.136000 Y148.199700 Z-0.125000
G01 X33.289900 Y148.134900 Z-0.125000
G01 X33.324500 Y147.950900 Z-0.125000
G01 X33.188400 Y147.715400 Z-0.125000
G01 X17.762900 Y132.289900 Z-0.125000
G01 X17.732900 Y132.160400 Z-0.125000
G01 X18.000800 Y132.209700 Z-0.125000
G01 X18.715700 Y132.606600 Z-0.125000
G01 X33.460200 Y147.351000 Z-0.125000
G01 X33.680900 Y147.472400 Z-0.125000
G01 X33.832600 Y147.405400 Z-0.125000
G01 X33.865000 Y147.219200 Z-0.125000
G01 X33.728000 Y146.982700 Z-0.125000
G01 X19.501100 Y132.755900 Z-0.125000
G01 X19.426800 Y132.582100 Z-0.125000
G01 X19.597200 Y132.533900 Z-0.125000
G01 X20.170300 Y132.788900 Z-0.125000
G01 X33.991400 Y146.610000 Z-0.125000
G01 X34.211100 Y146.730400 Z-0.125000
G01 X34.360600 Y146.661200 Z-0.125000
G01 X34.390800 Y146.472700 Z-0.125000
G01 X34.252700 Y146.235300 Z-0.125000
G01 X20.893900 Y132.876400 Z-0.125000
G01 X20.815200 Y132.698300 Z-0.125000
G01 X20.976000 Y132.640500 Z-0.125000
G01 X21.535100 Y132.881600 Z-0.125000
G01 X34.507800 Y145.854200 Z-0.125000
G01 X34.726500 Y145.973600 Z-0.125000
G01 X34.873800 Y145.902200 Z-0.125000
G01 X34.901900 Y145.711600 Z-0.125000
G01 X34.762800 Y145.473200 Z-0.125000
G01 X22.144500 Y132.854900 Z-0.125000
G01 X22.056300 Y132.667300 Z-0.125000
G01 X22.196300 Y132.588600 Z-0.125000
G01 X22.725200 Y132.799500 Z-0.125000
G01 X35.009100 Y145.083400 Z-0.125000
G01 X35.226600 Y145.201400 Z-0.125000
G01 X35.371000 Y145.127200 Z-0.125000
G01 X35.396200 Y144.933700 Z-0.125000
G01 X35.255800 Y144.694000 Z-0.125000
G01 X23.279900 Y132.718100 Z-0.125000
G01 X23.184000 Y132.522800 Z-0.125000
G01 X23.306900 Y132.427000 Z-0.125000
G01 X23.810900 Y132.612900 Z-0.125000
G01 X35.495300 Y144.297400 Z-0.125000
G01 X35.711500 Y144.414100 Z-0.125000
G01 X35.853000 Y144.337000 Z-0.125000
G01 X35.875300 Y144.140600 Z-0.125000
G01 X35.733600 Y143.899500 Z-0.125000
G01 X24.319900 Y132.485800 Z-0.125000
G01 X24.217300 Y132.283900 Z-0.125000
G01 X24.325700 Y132.173600 Z-0.125000
G01 X24.808500 Y132.338400 Z-0.125000
G01 X35.966100 Y143.496000 Z-0.125000
G01 X36.180900 Y143.611400 Z-0.125000
G01 X36.319600 Y143.531400 Z-0.125000
G01 X36.338900 Y143.332100 Z-0.125000
G01 X36.195900 Y143.089700 Z-0.125000
G01 X25.278000 Y132.171800 Z-0.125000
G01 X25.169600 Y131.964000 Z-0.125000
G01 X25.265200 Y131.840900 Z-0.125000
G01 X25.480000 Y131.837100 Z-0.125000
G01 X25.729500 Y131.987100 Z-0.125000
G01 X36.421300 Y142.679000 Z-0.125000
G01 X36.634800 Y142.793100 Z-0.125000
G01 X36.770500 Y142.710100 Z-0.125000
G01 X36.786900 Y142.507900 Z-0.125000
G01 X36.642600 Y142.264200 Z-0.125000
G01 X26.161500 Y131.783100 Z-0.125000
G01 X26.048100 Y131.570300 Z-0.125000
G01 X26.132700 Y131.436200 Z-0.125000
G01 X26.336500 Y131.421400 Z-0.125000
G01 X26.581000 Y131.566400 Z-0.125000
G01 X36.860700 Y141.846100 Z-0.125000
G01 X37.072800 Y141.958900 Z-0.125000
G01 X37.205500 Y141.872900 Z-0.125000
G01 X37.219000 Y141.667700 Z-0.125000
G01 X37.073300 Y141.422700 Z-0.125000
G01 X26.980600 Y131.330000 Z-0.125000
G01 X26.861800 Y131.111700 Z-0.125000
G01 X26.934300 Y130.965600 Z-0.125000
G01 X27.126100 Y130.938700 Z-0.125000
G01 X27.365000 Y131.078300 Z-0.125000
G01 X37.283800 Y140.997100 Z-0.125000
G01 X37.494600 Y141.108500 Z-0.125000
G01 X37.624400 Y141.019600 Z-0.125000
G01 X37.634900 Y140.811400 Z-0.125000
G01 X37.487800 Y140.565000 Z-0.125000
G01 X27.734600 Y130.811700 Z-0.125000
G01 X27.611200 Y130.588900 Z-0.125000
G01 X27.673600 Y130.432700 Z-0.125000
G01 X27.855300 Y130.395700 Z-0.125000
G01 X28.089600 Y130.530700 Z-0.125000
G01 X37.690500 Y140.131600 Z-0.125000
G01 X37.899900 Y140.241600 Z-0.125000
G01 X38.026700 Y140.149700 Z-0.125000
G01 X38.034100 Y139.938500 Z-0.125000
G01 X37.885700 Y139.690700 Z-0.125000
G01 X28.430500 Y130.235400 Z-0.125000
G01 X28.302700 Y130.008200 Z-0.125000
G01 X28.355400 Y129.842300 Z-0.125000
G01 X28.527400 Y129.795600 Z-0.125000
G01 X28.757300 Y129.926200 Z-0.125000
G01 X38.081000 Y139.249800 Z-0.125000
G01 X38.288900 Y139.358300 Z-0.125000
G01 X38.412400 Y139.263200 Z-0.125000
G01 X38.416600 Y139.048700 Z-0.125000
G01 X38.266700 Y138.799500 Z-0.125000
G01 X29.069200 Y129.602000 Z-0.125000
G01 X28.936500 Y129.369900 Z-0.125000
G01 X28.978600 Y129.193300 Z-0.125000
G01 X29.140000 Y129.136000 Z-0.125000
G01 X29.365100 Y129.261800 Z-0.125000
G01 X38.453100 Y138.349700 Z-0.125000
G01 X38.659700 Y138.456900 Z-0.125000
G01 X38.780300 Y138.358800 Z-0.125000
G01 X38.781600 Y138.141500 Z-0.125000
G01 X38.630400 Y137.890900 Z-0.125000
G01 X29.647100 Y128.907700 Z-0.125000
G01 X29.510100 Y128.671300 Z-0.125000
G01 X29.542600 Y128.485100 Z-0.125000
G01 X29.694400 Y128.418200 Z-0.125000
G01 X29.915200 Y128.539600 Z-0.125000
G01 X38.807700 Y137.432200 Z-0.125000
G01 X39.013000 Y137.538000 Z-0.125000
G01 X39.130500 Y137.436900 Z-0.125000
G01 X39.128800 Y137.216500 Z-0.125000
G01 X38.976200 Y136.964600 Z-0.125000
G01 X30.169100 Y128.157400 Z-0.125000
G01 X30.027600 Y127.916600 Z-0.125000
G01 X30.050300 Y127.720600 Z-0.125000
G01 X30.192300 Y127.643900 Z-0.125000
G01 X30.408600 Y127.760900 Z-0.125000
G01 X39.144400 Y136.496700 Z-0.125000
G01 X39.348300 Y136.601100 Z-0.125000
G01 X39.462700 Y136.496800 Z-0.125000
G01 X39.457800 Y136.273300 Z-0.125000
G01 X39.303800 Y136.019900 Z-0.125000
G01 X30.633600 Y127.349700 Z-0.125000
G01 X30.487100 Y127.103800 Z-0.125000
G01 X30.498700 Y126.896800 Z-0.125000
G01 X30.629600 Y126.809000 Z-0.125000
G01 X30.840900 Y126.920900 Z-0.125000
G01 X39.462800 Y135.542800 Z-0.125000
G01 X39.665100 Y135.645700 Z-0.125000
G01 X39.776200 Y135.538200 Z-0.125000
G01 X39.612600 Y135.056500 Z-0.125000
G01 X31.032200 Y126.476100 Z-0.125000
G01 X30.880700 Y126.225200 Z-0.125000
G01 X30.881300 Y126.007200 Z-0.125000
G01 X31.001200 Y125.908400 Z-0.125000
G01 X31.207500 Y126.015300 Z-0.125000
G01 X39.762100 Y134.569900 Z-0.125000
G01 X39.962800 Y134.671300 Z-0.125000
G01 X40.070600 Y134.560300 Z-0.125000
G01 X39.902000 Y134.073700 Z-0.125000
G01 X31.366100 Y125.537800 Z-0.125000
G01 X31.198100 Y125.051800 Z-0.125000
G01 X31.306300 Y124.941300 Z-0.125000
G01 X31.507200 Y125.042800 Z-0.125000
G01 X40.041800 Y133.577400 Z-0.125000
G01 X40.241000 Y133.677200 Z-0.125000
G01 X40.345100 Y133.562700 Z-0.125000
G01 X40.171300 Y133.070800 Z-0.125000
G01 X31.629900 Y124.529400 Z-0.125000
G01 X31.442900 Y124.024400 Z-0.125000
G01 X31.538000 Y123.900900 Z-0.125000
G01 X31.733100 Y123.996500 Z-0.125000
G01 X40.313200 Y132.576700 Z-0.125000
G01 X40.508800 Y132.672800 Z-0.125000
G01 X40.605100 Y132.550400 Z-0.125000
G01 X40.419800 Y132.047100 Z-0.125000
G01 X31.815500 Y123.442800 Z-0.125000
G01 X31.607100 Y122.916400 Z-0.125000
G01 X31.687500 Y122.778100 Z-0.125000
G01 X31.875800 Y122.867000 Z-0.125000
G01 X40.537100 Y131.528300 Z-0.125000
G01 X40.733200 Y131.625000 Z-0.125000
G01 X40.830500 Y131.503600 Z-0.125000
G01 X40.646800 Y131.001900 Z-0.125000
G01 X31.915100 Y122.270200 Z-0.125000
G01 X31.688200 Y121.725200 Z-0.125000
G01 X31.755800 Y121.574200 Z-0.125000
G01 X31.938300 Y121.657300 Z-0.125000
G01 X40.752200 Y130.471200 Z-0.125000
G01 X40.946600 Y130.566200 Z-0.125000
G01 X41.040200 Y130.441200 Z-0.125000
G01 X40.851200 Y129.934200 Z-0.125000
G01 X31.918800 Y121.001700 Z-0.125000
G01 X31.680000 Y120.444800 Z-0.125000
G01 X31.739400 Y120.285600 Z-0.125000
G01 X31.918200 Y120.365000 Z-0.125000
G01 X40.944100 Y129.390900 Z-0.125000
G01 X41.136800 Y129.484200 Z-0.125000
G01 X41.226700 Y129.355500 Z-0.125000
G01 X41.032300 Y128.843000 Z-0.125000
G01 X31.867800 Y119.678500 Z-0.125000
G01 X31.585800 Y119.078400 Z-0.125000
G01 X31.615500 Y118.889500 Z-0.125000
G01 X31.780800 Y118.955500 Z-0.125000
G01 X41.111800 Y128.286400 Z-0.125000
G01 X41.302700 Y128.378000 Z-0.125000
G01 X41.388800 Y128.245400 Z-0.125000
G01 X41.188700 Y127.727300 Z-0.125000
G01 X31.616500 Y118.155000 Z-0.125000
G01 X31.291100 Y117.511600 Z-0.125000
G01 X31.291000 Y117.292800 Z-0.125000
G01 X31.442800 Y117.345200 Z-0.125000
G01 X41.254100 Y127.156500 Z-0.125000
G01 X41.442800 Y127.245800 Z-0.125000
G01 X41.523800 Y127.108200 Z-0.125000
G01 X41.316400 Y126.582700 Z-0.125000
G01 X30.812100 Y116.078400 Z-0.125000
G00 Z5.000000

(End cutting path id: path8334)


(Start cutting path id: path8334)
(Change tool to Default tool)

G00 Z5.000000
G00 X42.121800 Y105.124500

G01 Z-0.125000 F100.0(Penetrate)
G01 X42.359600 Y105.362300 Z-0.125000 F400.000000
G01 X42.593000 Y105.496400 Z-0.125000
G01 X42.773700 Y105.458400 Z-0.125000
G01 X42.835500 Y105.301500 Z-0.125000
G01 X42.712200 Y105.078900 Z-0.125000
G01 X41.324200 Y103.690900 Z-0.125000
G00 Z5.000000

(End cutting path id: path8334)


(Start cutting path id: path8334)
(Change tool to Default tool)

G00 Z5.000000
G00 X40.616000 Y102.346000

G01 Z-0.125000 F100.0(Penetrate)
G01 X43.058700 Y104.789100 Z-0.125000 F400.000000
G01 X43.291600 Y104.922700 Z-0.125000
G01 X43.470200 Y104.882600 Z-0.125000
G01 X43.529400 Y104.723200 Z-0.125000
G01 X43.404600 Y104.498900 Z-0.125000
G01 X39.946400 Y101.041000 Z-0.125000
G00 Z5.000000

(End cutting path id: path8334)


(Start cutting path id: path8334)
(Change tool to Default tool)

G00 Z5.000000
G00 X39.099600 Y99.558000

G01 Z-0.125000 F100.0(Penetrate)
G01 X43.747800 Y104.206000 Z-0.125000 F400.000000
G01 X43.980200 Y104.339100 Z-0.125000
G01 X44.157700 Y104.297900 Z-0.125000
G01 X44.215900 Y104.137400 Z-0.125000
G01 X44.090500 Y103.912700 Z-0.125000
G01 X38.069900 Y97.892000 Z-0.125000
G00 Z5.000000

(End cutting path id: path8334)


(Start cutting path id: path8334)
(Change tool to Default tool)

G00 Z5.000000
G00 X36.802000 Y95.988000

G01 Z-0.125000 F100.0(Penetrate)
G01 X44.432400 Y103.618500 Z-0.125000 F400.000000
G01 X44.664500 Y103.751100 Z-0.125000
G01 X44.841000 Y103.709000 Z-0.125000
G01 X44.898200 Y103.547500 Z-0.125000
G01 X44.772400 Y103.322400 Z-0.125000
G01 X34.508400 Y93.058000 Z-0.125000
G00 Z5.000000

(End cutting path id: path8334)


(Start cutting path id: path8334)
(Change tool to Default tool)

G00 Z5.000000
G00 X27.051100 Y89.418000

G01 Z-0.125000 F100.0(Penetrate)
G01 X17.631300 Y79.998000 Z-0.125000 F400.000000
G01 X17.520000 Y79.787000 Z-0.125000
G01 X17.609100 Y79.658000 Z-0.125000
G01 X17.817400 Y79.647000 Z-0.125000
G01 X18.063900 Y79.794000 Z-0.125000
G01 X26.463800 Y88.194000 Z-0.125000
G01 X26.637800 Y88.269000 Z-0.125000
G01 X26.686500 Y88.099000 Z-0.125000
G01 X26.432100 Y87.527000 Z-0.125000
G01 X18.523100 Y79.618000 Z-0.125000
G01 X18.420500 Y79.416000 Z-0.125000
G01 X18.528700 Y79.305000 Z-0.125000
G01 X19.011400 Y79.470000 Z-0.125000
G01 X26.454500 Y86.913000 Z-0.125000
G01 X26.641300 Y87.000000 Z-0.125000
G01 X26.718100 Y86.858000 Z-0.125000
G01 X26.504700 Y86.327000 Z-0.125000
G01 X19.539000 Y79.361000 Z-0.125000
G01 X19.448500 Y79.171000 Z-0.125000
G01 X19.583500 Y79.088000 Z-0.125000
G01 X20.105200 Y79.291000 Z-0.125000
G01 X26.558500 Y85.745000 Z-0.125000
G01 X26.745100 Y85.832000 Z-0.125000
G01 X26.821600 Y85.690000 Z-0.125000
G01 X26.607700 Y85.158000 Z-0.125000
G01 X20.718500 Y79.268000 Z-0.125000
G01 X20.646200 Y79.097000 Z-0.125000
G01 X20.821300 Y79.053000 Z-0.125000
G01 X21.401200 Y79.315000 Z-0.125000
G01 X26.642600 Y84.556000 Z-0.125000
G01 X26.821200 Y84.636000 Z-0.125000
G01 X26.880100 Y84.476000 Z-0.125000
G01 X26.640400 Y83.918000 Z-0.125000
G01 X22.161200 Y79.439000 Z-0.125000
G01 X22.122100 Y79.300000 Z-0.125000
G01 X22.370000 Y79.330000 Z-0.125000
G01 X23.055800 Y79.697000 Z-0.125000
G01 X26.548700 Y83.190000 Z-0.125000
G01 X26.656700 Y83.199000 Z-0.125000
G01 X26.560400 Y82.884000 Z-0.125000
G01 X26.095000 Y82.101000 Z-0.125000
G01 X24.106700 Y80.112000 Z-0.125000
G00 Z5.000000

(End cutting path id: path8334)


(Start cutting path id: path8334)
(Change tool to Default tool)

G00 Z5.000000
G00 X12.815700 Y86.632000

G01 Z-0.125000 F100.0(Penetrate)
G01 X5.554610 Y79.371000 Z-0.125000 F400.000000
G01 X5.475130 Y79.192000 Z-0.125000
G01 X5.634240 Y79.133000 Z-0.125000
G01 X6.190950 Y79.371000 Z-0.125000
G01 X12.310700 Y85.491000 Z-0.125000
G01 X12.447900 Y85.529000 Z-0.125000
G01 X12.416000 Y85.278000 Z-0.125000
G01 X12.044200 Y84.588000 Z-0.125000
G01 X6.869230 Y79.414000 Z-0.125000
G01 X6.796120 Y79.241000 Z-0.125000
G01 X6.969230 Y79.195000 Z-0.125000
G01 X7.546310 Y79.455000 Z-0.125000
G01 X11.771600 Y83.680000 Z-0.125000
G01 X11.891900 Y83.701000 Z-0.125000
G01 X11.822700 Y83.413000 Z-0.125000
G01 X11.396800 Y82.669000 Z-0.125000
G01 X8.482550 Y79.755000 Z-0.125000
G01 X8.470240 Y79.643000 Z-0.125000
G01 X8.777100 Y79.731000 Z-0.125000
G01 X9.548720 Y80.185000 Z-0.125000
G01 X11.148600 Y81.785000 Z-0.125000
G00 Z5.000000

(End cutting path id: path8334)


(Start cutting path id: path8334)
(Change tool to Default tool)

G00 Z5.000000
G00 X-18.324600 Y128.007500

G01 Z-0.125000 F100.0(Penetrate)
G01 X-29.753900 Y116.578200 Z-0.125000 F400.000000
G01 X-29.972000 Y116.042000 Z-0.125000
G01 X-29.898400 Y115.897000 Z-0.125000
G01 X-29.713100 Y115.982900 Z-0.125000
G01 X-19.860700 Y125.835200 Z-0.125000
G01 X-19.744900 Y125.851600 Z-0.125000
G01 X-19.824200 Y125.553800 Z-0.125000
G01 X-20.264700 Y124.795200 Z-0.125000
G01 X-29.661400 Y115.398500 Z-0.125000
G01 X-29.867600 Y114.874200 Z-0.125000
G01 X-29.785700 Y114.737400 Z-0.125000
G01 X-29.596700 Y114.827100 Z-0.125000
G01 X-20.385700 Y124.038100 Z-0.125000
G01 X-20.216600 Y124.107800 Z-0.125000
G01 X-20.178500 Y123.927200 Z-0.125000
G01 X-20.448400 Y123.339300 Z-0.125000
G01 X-29.514100 Y114.273600 Z-0.125000
G01 X-29.703500 Y113.766100 Z-0.125000
G01 X-29.610100 Y113.640800 Z-0.125000
G01 X-29.415900 Y113.735700 Z-0.125000
G01 X-20.476300 Y122.675300 Z-0.125000
G01 X-20.299500 Y122.752700 Z-0.125000
G01 X-20.244500 Y122.589000 Z-0.125000
G01 X-20.489800 Y122.025700 Z-0.125000
G01 X-29.303700 Y113.211800 Z-0.125000
G01 X-29.479800 Y112.717600 Z-0.125000
G01 X-29.377200 Y112.601500 Z-0.125000
G01 X-29.178800 Y112.700500 Z-0.125000
G01 X-20.494100 Y121.385200 Z-0.125000
G01 X-20.315900 Y121.464100 Z-0.125000
G01 X-20.257800 Y121.303500 Z-0.125000
G01 X-20.498400 Y120.744800 Z-0.125000
G01 X-29.043200 Y112.200000 Z-0.125000
G01 X-29.207500 Y111.717700 Z-0.125000
G01 X-29.096900 Y111.609600 Z-0.125000
G01 X-28.894800 Y111.712300 Z-0.125000
G01 X-20.495200 Y120.111900 Z-0.125000
G01 X-20.315700 Y120.192000 Z-0.125000
G01 X-20.254800 Y120.034200 Z-0.125000
G01 X-20.491600 Y119.479500 Z-0.125000
G01 X-28.740500 Y111.230500 Z-0.125000
G01 X-28.894600 Y110.977000 Z-0.125000
G01 X-28.899700 Y110.753300 Z-0.125000
G01 X-28.785500 Y110.648800 Z-0.125000
G01 X-28.581800 Y110.753200 Z-0.125000
G01 X-20.481700 Y118.853200 Z-0.125000
G01 X-20.299400 Y118.936200 Z-0.125000
G01 X-20.232200 Y118.784700 Z-0.125000
G01 X-20.459700 Y118.239100 Z-0.125000
G01 X-28.416800 Y110.282000 Z-0.125000
G01 X-28.569600 Y110.029800 Z-0.125000
G01 X-28.572000 Y109.808800 Z-0.125000
G01 X-28.455000 Y109.707100 Z-0.125000
G01 X-28.250100 Y109.812600 Z-0.125000
G01 X-20.419900 Y117.642800 Z-0.125000
G01 X-20.230700 Y117.732700 Z-0.125000
G01 X-20.148300 Y117.596300 Z-0.125000
G01 X-20.353900 Y117.072700 Z-0.125000
G01 X-28.080900 Y109.345700 Z-0.125000
G01 X-28.233100 Y109.094200 Z-0.125000
G01 X-28.233800 Y108.874700 Z-0.125000
G01 X-28.115300 Y108.774600 Z-0.125000
G01 X-27.909700 Y108.880900 Z-0.125000
G01 X-20.245300 Y116.545200 Z-0.125000
G01 X-20.041900 Y116.649300 Z-0.125000
G01 X-19.928300 Y116.544200 Z-0.125000
G01 X-19.933900 Y116.319900 Z-0.125000
G01 X-20.088300 Y116.066100 Z-0.125000
G01 X-27.736800 Y108.417600 Z-0.125000
G01 X-27.888700 Y108.166300 Z-0.125000
G01 X-27.888900 Y107.947500 Z-0.125000
G01 X-27.769800 Y107.847900 Z-0.125000
G01 X-27.563900 Y107.954400 Z-0.125000
G01 X-19.893600 Y115.624700 Z-0.125000
G01 X-19.676400 Y115.742500 Z-0.125000
G01 X-19.532700 Y115.667600 Z-0.125000
G01 X-19.508200 Y115.473400 Z-0.125000
G01 X-19.648900 Y115.233300 Z-0.125000
G01 X-27.386900 Y107.495300 Z-0.125000
G01 X-27.537900 Y107.244900 Z-0.125000
G01 X-27.536200 Y107.027900 Z-0.125000
G01 X-27.415300 Y106.930200 Z-0.125000
G01 X-27.208500 Y107.037600 Z-0.125000
G01 X-19.375000 Y114.871100 Z-0.125000
G01 X-19.150200 Y114.996500 Z-0.125000
G01 X-18.989500 Y114.938600 Z-0.125000
G01 X-18.948100 Y114.761300 Z-0.125000
G01 X-19.081100 Y114.529000 Z-0.125000
G01 X-27.029600 Y106.580400 Z-0.125000
G01 X-27.179600 Y106.331100 Z-0.125000
G01 X-27.175600 Y106.116400 Z-0.125000
G01 X-27.052300 Y106.021000 Z-0.125000
G01 X-26.844500 Y106.129400 Z-0.125000
G01 X-18.774500 Y114.199400 Z-0.125000
G01 X-18.546600 Y114.327900 Z-0.125000
G01 X-18.379100 Y114.276700 Z-0.125000
G01 X-18.331000 Y114.106300 Z-0.125000
G01 X-18.460900 Y113.877000 Z-0.125000
G01 X-26.659400 Y105.678400 Z-0.125000
G01 X-26.808800 Y105.429600 Z-0.125000
G01 X-26.803300 Y105.216400 Z-0.125000
G01 X-26.678600 Y105.122500 Z-0.125000
G01 X-26.470100 Y105.231600 Z-0.125000
G01 X-18.142300 Y113.559400 Z-0.125000
G01 X-17.912800 Y113.689500 Z-0.125000
G01 X-17.741800 Y113.641900 Z-0.125000
G01 X-17.690100 Y113.474900 Z-0.125000
G01 X-17.818300 Y113.247300 Z-0.125000
G01 X-26.277300 Y104.788300 Z-0.125000
G01 X-26.425900 Y104.540300 Z-0.125000
G01 X-26.418900 Y104.328700 Z-0.125000
G01 X-26.292600 Y104.236300 Z-0.125000
G01 X-26.083400 Y104.346100 Z-0.125000
G01 X-17.483400 Y112.946100 Z-0.125000
G01 X-17.250600 Y113.079500 Z-0.125000
G01 X-17.072500 Y113.038900 Z-0.125000
G01 X-17.013700 Y112.879100 Z-0.125000
G01 X-17.138800 Y112.654600 Z-0.125000
G01 X-25.881700 Y103.911700 Z-0.125000
G01 X-26.029100 Y103.665000 Z-0.125000
G01 X-26.019400 Y103.456000 Z-0.125000
G01 X-25.890400 Y103.366300 Z-0.125000
G01 X-25.680000 Y103.477300 Z-0.125000
G01 X-16.782000 Y112.375300 Z-0.125000
G01 X-16.545000 Y112.512900 Z-0.125000
G01 X-16.357300 Y112.481900 Z-0.125000
G01 X-16.289000 Y112.331600 Z-0.125000
G01 X-16.409700 Y112.111500 Z-0.125000
G01 X-25.470500 Y103.051000 Z-0.125000
G01 X-25.616400 Y102.805000 Z-0.125000
G01 X-25.603300 Y102.600000 Z-0.125000
G01 X-25.471000 Y102.514000 Z-0.125000
G01 X-25.259000 Y102.626000 Z-0.125000
G01 X-16.017900 Y111.867200 Z-0.125000
G01 X-15.773300 Y112.012500 Z-0.125000
G01 X-15.569100 Y111.998000 Z-0.125000
G01 X-15.484100 Y111.864300 Z-0.125000
G01 X-15.597300 Y111.651700 Z-0.125000
G01 X-25.043400 Y102.206000 Z-0.125000
G01 X-25.187700 Y101.962000 Z-0.125000
G01 X-25.171100 Y101.760000 Z-0.125000
G01 X-25.035300 Y101.677000 Z-0.125000
G01 X-24.821800 Y101.791000 Z-0.125000
G01 X-15.128600 Y111.484300 Z-0.125000
G01 X-14.575400 Y111.719400 Z-0.125000
G01 X-14.418700 Y111.657500 Z-0.125000
G01 X-14.499300 Y111.477500 Z-0.125000
G01 X-24.595300 Y101.382000 Z-0.125000
G01 X-24.738000 Y101.139000 Z-0.125000
G01 X-24.718100 Y100.941000 Z-0.125000
G01 X-24.578900 Y100.861000 Z-0.125000
G01 X-24.363800 Y100.977000 Z-0.125000
G01 X-6.532910 Y118.807800 Z-0.125000
G01 X-6.519670 Y118.920400 Z-0.125000
G01 X-6.824500 Y118.834200 Z-0.125000
G01 X-7.593170 Y118.383600 Z-0.125000
G01 X-13.294600 Y112.682200 Z-0.125000
G01 X-13.458000 Y112.618200 Z-0.125000
G01 X-13.483400 Y112.811500 Z-0.125000
G01 X-13.195100 Y113.417800 Z-0.125000
G01 X-8.581220 Y118.031700 Z-0.125000
G01 X-8.556600 Y118.155700 Z-0.125000
G01 X-8.836400 Y118.094600 Z-0.125000
G01 X-9.568650 Y117.680400 Z-0.125000
G01 X-13.029500 Y114.219500 Z-0.125000
G01 X-13.120300 Y114.228100 Z-0.125000
G01 X-12.986200 Y114.580900 Z-0.125000
G01 X-12.465700 Y115.419400 Z-0.125000
G01 X-10.920900 Y116.964200 Z-0.125000
G00 Z5.000000

(End cutting path id: path8334)


(Start cutting path id: path8334)
(Change tool to Default tool)

G00 Z5.000000
G00 X-37.683000 Y149.369600

G01 Z-0.125000 F100.0(Penetrate)
G01 X-45.079800 Y156.099700 Z-0.125000 F400.000000
G01 X-48.020300 Y155.653400 Z-0.125000
G01 X-50.788400 Y155.446000 Z-0.125000
G01 X-53.572400 Y155.637500 Z-0.125000
G01 X-56.309800 Y156.201700 Z-0.125000
G01 X-58.937900 Y157.112100 Z-0.125000
G01 X-61.394300 Y158.342500 Z-0.125000
G01 X-63.616400 Y159.866500 Z-0.125000
G01 X-65.541500 Y161.657700 Z-0.125000
G01 X-67.107200 Y163.689800 Z-0.125000
G01 X-68.096600 Y165.497500 Z-0.125000
G01 X-68.962500 Y167.557300 Z-0.125000
G01 X-69.676600 Y169.733000 Z-0.125000
G01 X-70.210700 Y171.888400 Z-0.125000
G01 X-70.536700 Y173.887600 Z-0.125000
G01 X-70.626300 Y175.594100 Z-0.125000
G01 X-70.451400 Y176.872000 Z-0.125000
G01 X-70.255900 Y177.307700 Z-0.125000
G01 X-69.983800 Y177.585100 Z-0.125000
G01 X-69.420800 Y177.435600 Z-0.125000
G01 X-68.337300 Y176.750700 Z-0.125000
G01 X-65.232300 Y174.217100 Z-0.125000
G01 X-59.394900 Y168.946000 Z-0.125000
G01 X-57.701000 Y167.418600 Z-0.125000
G01 X-51.202700 Y174.712600 Z-0.125000
G01 X-44.531700 Y182.458500 Z-0.125000
G01 X-44.936300 Y183.044800 Z-0.125000
G01 X-46.165500 Y184.307100 Z-0.125000
G01 X-50.335700 Y188.117200 Z-0.125000
G01 X-56.312300 Y193.324000 Z-0.125000
G01 X-53.785200 Y193.870900 Z-0.125000
G01 X-52.476900 Y194.046860 Z-0.125000
G01 X-50.994800 Y194.060490 Z-0.125000
G01 X-47.713700 Y193.642670 Z-0.125000
G01 X-44.351800 Y192.701300 Z-0.125000
G01 X-41.318700 Y191.320200 Z-0.125000
G01 X-39.274000 Y189.939900 Z-0.125000
G01 X-37.427000 Y188.284700 Z-0.125000
G01 X-35.800100 Y186.393600 Z-0.125000
G01 X-34.415900 Y184.305400 Z-0.125000
G01 X-33.296800 Y182.059100 Z-0.125000
G01 X-32.465200 Y179.693500 Z-0.125000
G01 X-31.943700 Y177.247500 Z-0.125000
G01 X-31.754700 Y174.760000 Z-0.125000
G01 X-31.734800 Y171.716100 Z-0.125000
G01 X-24.345300 Y165.162300 Z-0.125000
G01 X-16.955700 Y158.608600 Z-0.125000
G01 X-21.065200 Y154.348600 Z-0.125000
G01 X-24.592100 Y150.233100 Z-0.125000
G01 X-26.151100 Y148.119600 Z-0.125000
G01 X-27.300900 Y146.320300 Z-0.125000
G01 X-28.928500 Y143.671700 Z-0.125000
G01 X-29.856000 Y142.595700 Z-0.125000
G01 X-32.331800 Y144.603900 Z-0.125000
G01 X-37.681800 Y149.369600 Z-0.125000
G01 X-37.683000 Y149.369600 Z-0.125000
G00 Z5.000000

(End cutting path id: path8334)


(Start cutting path id: path8334)
(Change tool to Default tool)

G00 Z5.000000
G00 X50.070700 Y189.405600

G01 Z-0.125000 F100.0(Penetrate)
G01 X47.535800 Y186.870700 Z-0.125000 F400.000000
G00 Z5.000000

(End cutting path id: path8334)


(Start cutting path id: path8334)
(Change tool to Default tool)

G00 Z5.000000
G00 X52.190900 Y190.889700

G01 Z-0.125000 F100.0(Penetrate)
G01 X46.442800 Y185.141500 Z-0.125000 F400.000000
G00 Z5.000000

(End cutting path id: path8334)


(Footer)
M5
G00 X0.0000 Y0.0000
M2
(Using default footer. To add your own footer create file "footer" in the output dir.)
(end)
%