%
(Header)
(Generated by gcodetools from Inkscape.)
(Using default header. To add your own header create file "header" in the output dir.)
M3
(Header end.)
G21 (All units in mm)

(Start cutting path id: path2)
(Change tool to Default tool)

G00 Z5.000000
G00 X-33.460200 Y126.053200

G01 Z-0.125000 F100.0(Penetrate)
G01 X-33.645300 Y125.868100 Z-0.125000 F400.000000
G01 X-33.830400 Y125.230800 Z-0.125000
G01 X-33.784200 Y124.966300 Z-0.125000
G01 X-33.645300 Y124.963800 Z-0.125000
G01 X-32.895100 Y125.714100 Z-0.125000
G01 X-32.499400 Y125.968400 Z-0.125000
G01 X-32.103800 Y126.053200 Z-0.125000
G01 X-31.877700 Y125.968400 Z-0.125000
G01 X-31.990800 Y125.714100 Z-0.125000
G01 X-33.491300 Y124.213500 Z-0.125000
G01 X-33.745700 Y123.817900 Z-0.125000
G01 X-33.830400 Y123.422200 Z-0.125000
G01 X-33.745700 Y123.196200 Z-0.125000
G01 X-33.491300 Y123.309200 Z-0.125000
G01 X-31.086500 Y125.714100 Z-0.125000
G01 X-30.690800 Y125.968400 Z-0.125000
G01 X-30.295200 Y126.053200 Z-0.125000
G01 X-30.069100 Y125.968400 Z-0.125000
G01 X-30.182100 Y125.714100 Z-0.125000
G01 X-33.491300 Y122.404900 Z-0.125000
G01 X-33.745700 Y122.009300 Z-0.125000
G01 X-33.830400 Y121.613600 Z-0.125000
G01 X-33.745700 Y121.387500 Z-0.125000
G01 X-33.491300 Y121.500600 Z-0.125000
G01 X-29.277800 Y125.714100 Z-0.125000
G01 X-28.882200 Y125.968400 Z-0.125000
G01 X-28.486600 Y126.053200 Z-0.125000
G01 X-28.260500 Y125.968400 Z-0.125000
G01 X-28.373500 Y125.714100 Z-0.125000
G01 X-33.491300 Y120.596300 Z-0.125000
G01 X-33.745700 Y120.200600 Z-0.125000
G01 X-33.830400 Y119.805000 Z-0.125000
G01 X-33.745700 Y119.578900 Z-0.125000
G01 X-33.491300 Y119.692000 Z-0.125000
G01 X-27.469200 Y125.714100 Z-0.125000
G01 X-27.073600 Y125.968400 Z-0.125000
G01 X-26.678000 Y126.053200 Z-0.125000
G01 X-26.451900 Y125.968400 Z-0.125000
G01 X-26.564900 Y125.714100 Z-0.125000
G01 X-33.491300 Y118.787700 Z-0.125000
G01 X-33.745700 Y118.392000 Z-0.125000
G01 X-33.830400 Y117.996400 Z-0.125000
G01 X-33.745700 Y117.770300 Z-0.125000
G01 X-33.491300 Y117.883400 Z-0.125000
G01 X-25.660600 Y125.714100 Z-0.125000
G01 X-25.265000 Y125.968400 Z-0.125000
G01 X-24.869400 Y126.053200 Z-0.125000
G01 X-24.643300 Y125.968400 Z-0.125000
G01 X-24.756300 Y125.714100 Z-0.125000
G01 X-33.491300 Y116.979100 Z-0.125000
G01 X-33.745700 Y116.583400 Z-0.125000
G01 X-33.830400 Y116.187800 Z-0.125000
G01 X-33.745700 Y115.961700 Z-0.125000
G01 X-33.491300 Y116.074800 Z-0.125000
G01 X-23.852000 Y125.714100 Z-0.125000
G01 X-23.456400 Y125.968400 Z-0.125000
G01 X-23.060800 Y126.053200 Z-0.125000
G01 X-22.834700 Y125.968400 Z-0.125000
G01 X-22.947700 Y125.714100 Z-0.125000
G01 X-33.491300 Y115.170500 Z-0.125000
G01 X-33.745700 Y114.774800 Z-0.125000
G01 X-33.830400 Y114.379200 Z-0.125000
G01 X-33.745700 Y114.153100 Z-0.125000
G01 X-33.491300 Y114.266200 Z-0.125000
G01 X-22.014600 Y125.742900 Z-0.125000
G01 X-21.729900 Y125.886300 Z-0.125000
G01 X-21.578200 Y125.727200 Z-0.125000
G01 X-21.596100 Y125.398400 Z-0.125000
G01 X-21.820000 Y125.033200 Z-0.125000
G01 X-33.491300 Y113.361900 Z-0.125000
G01 X-33.745700 Y112.966200 Z-0.125000
G01 X-33.830400 Y112.570600 Z-0.125000
G01 X-33.745700 Y112.344500 Z-0.125000
G01 X-33.491300 Y112.457600 Z-0.125000
G01 X-21.625300 Y124.323500 Z-0.125000
G01 X-21.340200 Y124.467400 Z-0.125000
G01 X-21.187600 Y124.309200 Z-0.125000
G01 X-21.204500 Y123.981400 Z-0.125000
G01 X-21.428000 Y123.616600 Z-0.125000
G01 X-33.491300 Y111.553200 Z-0.125000
G01 X-33.745700 Y111.157600 Z-0.125000
G01 X-33.830400 Y110.762000 Z-0.125000
G01 X-33.745700 Y110.535900 Z-0.125000
G01 X-33.491300 Y110.648900 Z-0.125000
G01 X-21.224400 Y122.915900 Z-0.125000
G01 X-20.938200 Y123.060700 Z-0.125000
G01 X-20.783500 Y122.904700 Z-0.125000
G01 X-20.798200 Y122.579000 Z-0.125000
G01 X-21.020800 Y122.215200 Z-0.125000
G01 X-33.491300 Y109.744600 Z-0.125000
G01 X-33.745700 Y109.349000 Z-0.125000
G01 X-33.830400 Y108.953400 Z-0.125000
G01 X-33.745700 Y108.727300 Z-0.125000
G01 X-33.491300 Y108.840300 Z-0.125000
G01 X-20.813200 Y121.518500 Z-0.125000
G01 X-20.526400 Y121.664000 Z-0.125000
G01 X-20.370100 Y121.509400 Z-0.125000
G01 X-20.383400 Y121.185300 Z-0.125000
G01 X-20.605200 Y120.822100 Z-0.125000
G01 X-33.491300 Y107.936000 Z-0.125000
G01 X-33.745700 Y107.540400 Z-0.125000
G01 X-33.830400 Y107.144800 Z-0.125000
G01 X-33.745700 Y106.918700 Z-0.125000
G01 X-33.491300 Y107.031700 Z-0.125000
G01 X-20.397300 Y120.125800 Z-0.125000
G01 X-20.110500 Y120.271300 Z-0.125000
G01 X-19.954200 Y120.116700 Z-0.125000
G01 X-19.967500 Y119.792500 Z-0.125000
G01 X-20.189400 Y119.429400 Z-0.125000
G01 X-33.491300 Y106.127400 Z-0.125000
G01 X-33.745700 Y105.731800 Z-0.125000
G01 X-33.830400 Y105.336200 Z-0.125000
G01 X-33.745700 Y105.110100 Z-0.125000
G01 X-33.491300 Y105.223100 Z-0.125000
G01 X-19.980200 Y118.734300 Z-0.125000
G01 X-19.693000 Y118.880100 Z-0.125000
G01 X-19.536000 Y118.726300 Z-0.125000
G01 X-19.548500 Y118.403000 Z-0.125000
G01 X-19.770000 Y118.040200 Z-0.125000
G01 X-24.748800 Y113.061300 Z-0.125000
G01 X-24.973800 Y112.695100 Z-0.125000
G01 X-24.993900 Y112.364100 Z-0.125000
G01 X-24.844500 Y112.202700 Z-0.125000
G01 X-24.560700 Y112.345100 Z-0.125000
G01 X-19.559700 Y117.346200 Z-0.125000
G01 X-19.272500 Y117.492000 Z-0.125000
G01 X-19.115500 Y117.338200 Z-0.125000
G01 X-19.128000 Y117.014900 Z-0.125000
G01 X-19.349400 Y116.652100 Z-0.125000
G01 X-24.384000 Y111.617500 Z-0.125000
G01 X-24.612000 Y111.248200 Z-0.125000
G01 X-24.638900 Y110.910500 Z-0.125000
G01 X-24.496200 Y110.742400 Z-0.125000
G01 X-24.215500 Y110.881700 Z-0.125000
G01 X-19.139200 Y115.958100 Z-0.125000
G01 X-18.852000 Y116.103900 Z-0.125000
G01 X-18.695000 Y115.950100 Z-0.125000
G01 X-18.707500 Y115.626800 Z-0.125000
G01 X-18.928900 Y115.264000 Z-0.125000
G01 X-24.049000 Y110.143900 Z-0.125000
G01 X-24.277500 Y109.774100 Z-0.125000
G01 X-24.305500 Y109.435300 Z-0.125000
G01 X-24.163900 Y109.266000 Z-0.125000
G01 X-23.883700 Y109.404900 Z-0.125000
G01 X-18.718700 Y114.569900 Z-0.125000
G01 X-18.431500 Y114.715800 Z-0.125000
G01 X-18.274500 Y114.562000 Z-0.125000
G01 X-18.287000 Y114.238700 Z-0.125000
G01 X-18.508400 Y113.875900 Z-0.125000
G01 X-23.713400 Y108.670900 Z-0.125000
G01 X-23.940100 Y108.303000 Z-0.125000
G01 X-23.964000 Y107.968200 Z-0.125000
G01 X-23.818400 Y107.802900 Z-0.125000
G01 X-23.536400 Y107.943600 Z-0.125000
G01 X-18.298200 Y113.181800 Z-0.125000
G01 X-18.011000 Y113.327700 Z-0.125000
G01 X-17.854000 Y113.173900 Z-0.125000
G01 X-17.866500 Y112.850600 Z-0.125000
G01 X-18.087900 Y112.487800 Z-0.125000
G01 X-23.346900 Y107.228900 Z-0.125000
G01 X-23.571100 Y106.863300 Z-0.125000
G01 X-23.589700 Y106.533900 Z-0.125000
G01 X-23.438800 Y106.374000 Z-0.125000
G01 X-23.154300 Y106.517100 Z-0.125000
G01 X-17.877700 Y111.793700 Z-0.125000
G01 X-17.590500 Y111.939600 Z-0.125000
G01 X-17.433400 Y111.785800 Z-0.125000
G01 X-17.446000 Y111.462500 Z-0.125000
G01 X-17.667400 Y111.099700 Z-0.125000
G01 X-22.949400 Y105.817700 Z-0.125000
G01 X-23.171700 Y105.454100 Z-0.125000
G01 X-23.186100 Y105.128900 Z-0.125000
G01 X-23.030800 Y104.973300 Z-0.125000
G01 X-22.744500 Y105.118300 Z-0.125000
G01 X-17.457200 Y110.405600 Z-0.125000
G01 X-17.170000 Y110.551500 Z-0.125000
G01 X-17.012900 Y110.397700 Z-0.125000
G01 X-17.025400 Y110.074400 Z-0.125000
G01 X-17.246900 Y109.711600 Z-0.125000
G01 X-22.533000 Y104.425500 Z-0.125000
G01 X-22.754000 Y104.063200 Z-0.125000
G01 X-22.765500 Y103.740900 Z-0.125000
G01 X-22.607400 Y103.588100 Z-0.125000
G01 X-22.319800 Y103.734400 Z-0.125000
G01 X-17.036700 Y109.017600 Z-0.125000
G01 X-16.749500 Y109.163500 Z-0.125000
G01 X-16.592400 Y109.009700 Z-0.125000
G01 X-16.604900 Y108.686300 Z-0.125000
G01 X-16.826400 Y108.323500 Z-0.125000
G01 X-22.117700 Y103.032000 Z-0.125000
G01 X-22.336400 Y102.672000 Z-0.125000
G01 X-22.342600 Y102.355000 Z-0.125000
G01 X-22.179300 Y102.208000 Z-0.125000
G01 X-21.889300 Y102.356000 Z-0.125000
G01 X-16.616100 Y107.629500 Z-0.125000
G01 X-16.328900 Y107.775400 Z-0.125000
G01 X-16.171900 Y107.621600 Z-0.125000
G01 X-16.184400 Y107.298200 Z-0.125000
G01 X-16.405900 Y106.935400 Z-0.125000
G01 X-21.671500 Y101.670000 Z-0.125000
G01 X-21.891800 Y101.308000 Z-0.125000
G01 X-21.901700 Y100.987000 Z-0.125000
G01 X-21.742100 Y100.836000 Z-0.125000
G01 X-21.453700 Y100.983000 Z-0.125000
G01 X-16.195600 Y106.241400 Z-0.125000
G01 X-15.908400 Y106.387300 Z-0.125000
G01 X-15.751300 Y106.233500 Z-0.125000
G01 X-15.763800 Y105.910100 Z-0.125000
G01 X-15.985300 Y105.547400 Z-0.125000
G01 X-21.235800 Y100.297000 Z-0.125000
G01 X-21.455700 Y99.936000 Z-0.125000
G01 X-21.464600 Y99.616000 Z-0.125000
G01 X-21.304000 Y99.466000 Z-0.125000
G01 X-21.015200 Y99.613000 Z-0.125000
G01 X-15.775100 Y104.853300 Z-0.125000
G01 X-15.487900 Y104.999200 Z-0.125000
G01 X-15.330800 Y104.845400 Z-0.125000
G01 X-15.343300 Y104.522100 Z-0.125000
G01 X-15.564800 Y104.159300 Z-0.125000
G01 X-20.794500 Y98.930000 Z-0.125000
G01 X-21.014400 Y98.568000 Z-0.125000
G01 X-21.023300 Y98.249000 Z-0.125000
G01 X-20.862700 Y98.098000 Z-0.125000
G01 X-20.573900 Y98.246000 Z-0.125000
G01 X-15.354500 Y103.465300 Z-0.125000
G01 X-15.067300 Y103.611100 Z-0.125000
G01 X-14.910300 Y103.457300 Z-0.125000
G01 X-14.922800 Y103.134000 Z-0.125000
G01 X-15.144300 Y102.771000 Z-0.125000
G01 X-20.353300 Y97.562000 Z-0.125000
G01 X-20.573100 Y97.201000 Z-0.125000
G01 X-20.582100 Y96.881000 Z-0.125000
G01 X-20.421400 Y96.731000 Z-0.125000
G01 X-20.132600 Y96.879000 Z-0.125000
G01 X-14.934000 Y102.077000 Z-0.125000
G01 X-14.647100 Y102.223000 Z-0.125000
G01 X-14.490600 Y102.068000 Z-0.125000
G01 X-14.503600 Y101.745000 Z-0.125000
G01 X-14.725400 Y101.381000 Z-0.125000
G01 X-19.912000 Y96.195000 Z-0.125000
G01 X-20.131900 Y95.834000 Z-0.125000
G01 X-20.140800 Y95.514000 Z-0.125000
G01 X-19.980200 Y95.364000 Z-0.125000
G01 X-19.691400 Y95.511000 Z-0.125000
G01 X-14.517300 Y100.685000 Z-0.125000
G01 X-14.230400 Y100.831000 Z-0.125000
G01 X-14.074100 Y100.676000 Z-0.125000
G01 X-14.087400 Y100.352000 Z-0.125000
G01 X-14.309200 Y99.989000 Z-0.125000
G01 X-19.470700 Y94.828000 Z-0.125000
G01 X-19.690600 Y94.466000 Z-0.125000
G01 X-19.699500 Y94.147000 Z-0.125000
G01 X-19.538900 Y93.996000 Z-0.125000
G01 X-19.250100 Y94.144000 Z-0.125000
G01 X-14.101100 Y99.293000 Z-0.125000
G01 X-13.814300 Y99.438000 Z-0.125000
G01 X-13.658200 Y99.284000 Z-0.125000
G01 X-13.671600 Y98.959000 Z-0.125000
G01 X-13.893500 Y98.596000 Z-0.125000
G01 X-19.029500 Y93.460000 Z-0.125000
G01 X-19.249300 Y93.099000 Z-0.125000
G01 X-19.258300 Y92.779000 Z-0.125000
G01 X-19.097600 Y92.629000 Z-0.125000
G01 X-18.808800 Y92.777000 Z-0.125000
G01 X-13.689100 Y97.896000 Z-0.125000
G01 X-13.402800 Y98.041000 Z-0.125000
G01 X-13.247700 Y97.885000 Z-0.125000
G01 X-13.262200 Y97.560000 Z-0.125000
G01 X-13.484600 Y97.196000 Z-0.125000
G01 X-18.587800 Y92.093000 Z-0.125000
G01 X-18.807600 Y91.732000 Z-0.125000
G01 X-18.816300 Y91.413000 Z-0.125000
G01 X-18.655500 Y91.263000 Z-0.125000
G01 X-18.366500 Y91.410000 Z-0.125000
G01 X-13.280300 Y96.496000 Z-0.125000
G01 X-12.992600 Y96.643000 Z-0.125000
G01 X-12.834500 Y96.490000 Z-0.125000
G01 X-12.846000 Y96.168000 Z-0.125000
G01 X-13.067000 Y95.805000 Z-0.125000
G01 X-18.145300 Y90.727000 Z-0.125000
G01 X-18.365000 Y90.366000 Z-0.125000
G01 X-18.373800 Y90.047000 Z-0.125000
G01 X-18.212900 Y89.897000 Z-0.125000
G01 X-17.924000 Y90.044000 Z-0.125000
G01 X-12.830800 Y95.137000 Z-0.125000
G01 X-12.534200 Y95.293000 Z-0.125000
G01 X-12.356500 Y95.159000 Z-0.125000
G01 X-12.348400 Y94.857000 Z-0.125000
G01 X-12.560500 Y94.503000 Z-0.125000
G01 X-17.702700 Y89.361000 Z-0.125000
G01 X-17.922500 Y89.000000 Z-0.125000
G01 X-17.931200 Y88.680000 Z-0.125000
G01 X-17.770400 Y88.530000 Z-0.125000
G01 X-17.481500 Y88.678000 Z-0.125000
G01 X-1.908170 Y104.251400 Z-0.125000
G01 X-1.430800 Y105.180900 Z-0.125000
G01 X-1.420530 Y105.502000 Z-0.125000
G01 X-1.631660 Y105.432200 Z-0.125000
G01 X-10.768200 Y96.296000 Z-0.125000
G01 X-10.960100 Y96.245000 Z-0.125000
G01 X-10.907400 Y96.609000 Z-0.125000
G01 X-10.368200 Y97.600000 Z-0.125000
G01 X-1.272000 Y106.696100 Z-0.125000
G01 X-0.768936 Y107.651400 Z-0.125000
G01 X-0.741002 Y107.990100 Z-0.125000
G01 X-0.944103 Y107.928300 Z-0.125000
G01 X-10.024800 Y98.848000 Z-0.125000
G01 X-10.225000 Y98.789000 Z-0.125000
G01 X-10.190800 Y99.134000 Z-0.125000
G01 X-9.678580 Y100.098000 Z-0.125000
G01 X-0.660708 Y109.116000 Z-0.125000
G01 X-0.192991 Y110.035900 Z-0.125000
G01 X-0.189355 Y110.350400 Z-0.125000
G01 X-0.403502 Y110.277500 Z-0.125000
G01 X-9.327360 Y101.354000 Z-0.125000
G01 X-9.526810 Y101.296000 Z-0.125000
G01 X-9.490860 Y101.642000 Z-0.125000
G01 X-8.976140 Y102.609000 Z-0.125000
G01 X0.227774 Y111.813100 Z-0.125000
G00 Z5.000000

(End cutting path id: path2)


(Start cutting path id: path2)
(Change tool to Default tool)

G00 Z5.000000
G00 X-2.071110 Y103.184000

G01 Z-0.125000 F100.0(Penetrate)
G01 X-17.260200 Y87.995000 Z-0.125000 F400.000000
G01 X-17.480000 Y87.634000 Z-0.125000
G01 X-17.488700 Y87.314000 Z-0.125000
G01 X-17.327900 Y87.164000 Z-0.125000
G01 X-17.038900 Y87.312000 Z-0.125000
G01 X-2.818210 Y101.533000 Z-0.125000
G01 X-2.628860 Y101.581000 Z-0.125000
G01 X-2.687050 Y101.212000 Z-0.125000
G01 X-3.234120 Y100.212000 Z-0.125000
G01 X-16.817700 Y86.629000 Z-0.125000
G01 X-17.037400 Y86.268000 Z-0.125000
G01 X-17.046200 Y85.948000 Z-0.125000
G01 X-16.885300 Y85.798000 Z-0.125000
G01 X-16.596400 Y85.946000 Z-0.125000
G01 X-3.654970 Y98.887000 Z-0.125000
G01 X-3.467240 Y98.934000 Z-0.125000
G01 X-3.529010 Y98.561000 Z-0.125000
G01 X-4.081280 Y97.557000 Z-0.125000
G01 X-16.375100 Y85.263000 Z-0.125000
G01 X-16.594900 Y84.902000 Z-0.125000
G01 X-16.603600 Y84.582000 Z-0.125000
G01 X-16.442800 Y84.432000 Z-0.125000
G01 X-16.153900 Y84.580000 Z-0.125000
G01 X-4.507580 Y96.226000 Z-0.125000
G01 X-4.320810 Y96.272000 Z-0.125000
G01 X-4.384660 Y95.897000 Z-0.125000
G01 X-4.939970 Y94.889000 Z-0.125000
G01 X-15.865800 Y83.964000 Z-0.125000
G01 X-15.978700 Y83.709000 Z-0.125000
G01 X-15.752300 Y83.625000 Z-0.125000
G01 X-15.356400 Y83.710000 Z-0.125000
G01 X-14.960600 Y83.964000 Z-0.125000
G01 X-5.372440 Y93.553000 Z-0.125000
G01 X-5.185680 Y93.598000 Z-0.125000
G01 X-5.249560 Y93.223000 Z-0.125000
G01 X-5.804910 Y92.216000 Z-0.125000
G01 X-14.055400 Y83.965000 Z-0.125000
G01 X-14.168300 Y83.711000 Z-0.125000
G01 X-13.942000 Y83.627000 Z-0.125000
G01 X-13.546000 Y83.712000 Z-0.125000
G01 X-13.150200 Y83.966000 Z-0.125000
G01 X-6.239350 Y90.877000 Z-0.125000
G01 X-6.052900 Y90.922000 Z-0.125000
G01 X-6.117470 Y90.547000 Z-0.125000
G01 X-6.673830 Y89.538000 Z-0.125000
G01 X-12.245100 Y83.967000 Z-0.125000
G01 X-12.358000 Y83.713000 Z-0.125000
G01 X-12.131600 Y83.628000 Z-0.125000
G01 X-11.735600 Y83.714000 Z-0.125000
G01 X-11.339900 Y83.968000 Z-0.125000
G01 X-7.108300 Y88.200000 Z-0.125000
G01 X-6.921850 Y88.245000 Z-0.125000
G01 X-6.986420 Y87.869000 Z-0.125000
G01 X-7.542770 Y86.861000 Z-0.125000
G01 X-10.434700 Y83.969000 Z-0.125000
G01 X-10.547600 Y83.715000 Z-0.125000
G01 X-10.321200 Y83.630000 Z-0.125000
G01 X-9.925250 Y83.715000 Z-0.125000
G01 X-9.529480 Y83.970000 Z-0.125000
G01 X-7.977250 Y85.522000 Z-0.125000
G01 X-7.790800 Y85.567000 Z-0.125000
G01 X-7.855370 Y85.192000 Z-0.125000
G01 X-8.411720 Y84.183000 Z-0.125000
G01 X-8.963390 Y83.632000 Z-0.125000
G00 Z5.000000

(End cutting path id: path2)


(Start cutting path id: path2)
(Change tool to Default tool)

G00 Z5.000000
G00 X16.844100 Y84.030000

G01 Z-0.125000 F100.0(Penetrate)
G01 X15.141300 Y85.159000 Z-0.125000 F400.000000
G01 X13.864600 Y86.543000 Z-0.125000
G01 X13.311900 Y87.430000 Z-0.125000
G01 X12.974900 Y88.281000 Z-0.125000
G01 X12.686000 Y90.828000 Z-0.125000
G01 X12.729900 Y93.379000 Z-0.125000
G01 X12.949300 Y94.280000 Z-0.125000
G01 X13.342100 Y95.209000 Z-0.125000
G01 X14.232300 Y96.691000 Z-0.125000
G01 X15.396300 Y98.012000 Z-0.125000
G01 X16.845300 Y99.178000 Z-0.125000
G01 X18.590800 Y100.194000 Z-0.125000
G01 X20.644200 Y101.067000 Z-0.125000
G01 X23.016800 Y101.801000 Z-0.125000
G01 X25.720100 Y102.403000 Z-0.125000
G01 X28.765400 Y102.879000 Z-0.125000
G01 X32.097000 Y103.306600 Z-0.125000
G01 X32.010700 Y104.676700 Z-0.125000
G01 X31.725300 Y105.926600 Z-0.125000
G01 X31.036500 Y106.932900 Z-0.125000
G01 X30.471100 Y107.415600 Z-0.125000
G01 X29.814300 Y107.678300 Z-0.125000
G01 X27.089900 Y107.791000 Z-0.125000
G01 X24.814700 Y107.623500 Z-0.125000
G01 X22.748200 Y107.145000 Z-0.125000
G01 X20.798000 Y106.325700 Z-0.125000
G01 X18.871600 Y105.135800 Z-0.125000
G01 X17.779000 Y104.357800 Z-0.125000
G01 X16.750700 Y105.562400 Z-0.125000
G01 X14.804200 Y108.125300 Z-0.125000
G01 X13.886100 Y109.483500 Z-0.125000
G01 X14.925700 Y110.328800 Z-0.125000
G01 X16.797900 Y111.605300 Z-0.125000
G01 X18.990800 Y112.686600 Z-0.125000
G01 X21.417300 Y113.555500 Z-0.125000
G01 X23.990400 Y114.194800 Z-0.125000
G01 X26.623000 Y114.587000 Z-0.125000
G01 X29.228000 Y114.715200 Z-0.125000
G01 X31.718500 Y114.561900 Z-0.125000
G01 X34.007400 Y114.109900 Z-0.125000
G01 X36.140300 Y113.271800 Z-0.125000
G01 X37.014600 Y112.676600 Z-0.125000
G01 X37.918400 Y111.874000 Z-0.125000
G01 X38.801700 Y110.959200 Z-0.125000
G01 X39.483500 Y110.037900 Z-0.125000
G01 X39.993900 Y108.952300 Z-0.125000
G01 X40.362800 Y107.545000 Z-0.125000
G01 X40.795900 Y103.134000 Z-0.125000
G01 X41.022600 Y95.545000 Z-0.125000
G01 X41.267900 Y87.687000 Z-0.125000
G01 X41.534400 Y84.060000 Z-0.125000
G01 X41.568800 Y83.725000 Z-0.125000
G01 X41.075000 Y83.540000 Z-0.125000
G01 X37.263300 Y83.446000 Z-0.125000
G01 X32.710700 Y83.446000 Z-0.125000
G01 X32.491500 Y84.542000 Z-0.125000
G01 X32.272300 Y86.646000 Z-0.125000
G01 X32.211400 Y87.358000 Z-0.125000
G01 X32.065100 Y87.654000 Z-0.125000
G01 X30.496400 Y86.489000 Z-0.125000
G01 X28.574100 Y85.058000 Z-0.125000
G01 X26.615000 Y84.069000 Z-0.125000
G01 X24.472300 Y83.466000 Z-0.125000
G01 X21.999100 Y83.192000 Z-0.125000
G01 X20.174900 Y83.131000 Z-0.125000
G01 X18.965800 Y83.209000 Z-0.125000
G01 X17.984600 Y83.488000 Z-0.125000
G01 X16.844100 Y84.030000 Z-0.125000
G01 X16.844100 Y84.030000 Z-0.125000
G00 Z5.000000

(End cutting path id: path2)


(Start cutting path id: path2)
(Change tool to Default tool)

G00 Z5.000000
G00 X23.400700 Y83.441000

G01 Z-0.125000 F100.0(Penetrate)
G01 X40.372800 Y100.413000 Z-0.125000 F400.000000
G01 X40.631600 Y100.530000 Z-0.125000
G01 X40.726200 Y100.314000 Z-0.125000
G01 X40.651200 Y99.928000 Z-0.125000
G01 X40.401300 Y99.537000 Z-0.125000
G01 X24.857200 Y83.993000 Z-0.125000
G01 X24.783000 Y83.777000 Z-0.125000
G01 X25.094400 Y83.778000 Z-0.125000
G01 X26.009900 Y84.241000 Z-0.125000
G01 X40.423000 Y98.654000 Z-0.125000
G01 X40.680700 Y98.771000 Z-0.125000
G01 X40.772800 Y98.552000 Z-0.125000
G01 X40.695300 Y98.164000 Z-0.125000
G01 X40.444200 Y97.771000 Z-0.125000
G01 X27.162400 Y84.490000 Z-0.125000
G00 Z5.000000

(End cutting path id: path2)


(Start cutting path id: path2)
(Change tool to Default tool)

G00 Z5.000000
G00 X29.131600 Y85.554000

G01 Z-0.125000 F100.0(Penetrate)
G01 X40.465400 Y96.888000 Z-0.125000 F400.000000
G01 X40.723100 Y97.005000 Z-0.125000
G01 X40.815100 Y96.786000 Z-0.125000
G01 X40.737700 Y96.397000 Z-0.125000
G01 X40.486600 Y96.005000 Z-0.125000
G01 X32.577500 Y88.096000 Z-0.125000
G01 X32.353600 Y87.731000 Z-0.125000
G01 X32.335800 Y87.402000 Z-0.125000
G01 X32.487700 Y87.243000 Z-0.125000
G01 X32.772500 Y87.387000 Z-0.125000
G01 X40.507800 Y95.122000 Z-0.125000
G01 X40.765400 Y95.238000 Z-0.125000
G01 X40.857400 Y95.019000 Z-0.125000
G01 X40.779800 Y94.631000 Z-0.125000
G01 X40.528700 Y94.239000 Z-0.125000
G01 X32.806300 Y86.516000 Z-0.125000
G01 X32.564500 Y86.133000 Z-0.125000
G01 X32.507400 Y85.765000 Z-0.125000
G01 X32.619800 Y85.567000 Z-0.125000
G01 X32.886700 Y85.692000 Z-0.125000
G01 X40.549600 Y93.355000 Z-0.125000
G01 X40.807600 Y93.472000 Z-0.125000
G01 X40.900500 Y93.254000 Z-0.125000
G01 X40.823800 Y92.866000 Z-0.125000
G01 X40.573200 Y92.474000 Z-0.125000
G01 X33.006400 Y84.908000 Z-0.125000
G01 X32.775700 Y84.536000 Z-0.125000
G01 X32.742700 Y84.192000 Z-0.125000
G01 X32.879300 Y84.018000 Z-0.125000
G01 X33.157200 Y84.154000 Z-0.125000
G01 X40.598500 Y91.595000 Z-0.125000
G01 X40.856900 Y91.713000 Z-0.125000
G01 X40.950800 Y91.496000 Z-0.125000
G01 X40.875100 Y91.109000 Z-0.125000
G01 X40.624900 Y90.718000 Z-0.125000
G01 X33.870100 Y83.963000 Z-0.125000
G01 X33.757100 Y83.708000 Z-0.125000
G01 X33.983200 Y83.624000 Z-0.125000
G01 X34.378800 Y83.708000 Z-0.125000
G01 X34.774400 Y83.963000 Z-0.125000
G01 X40.654800 Y89.843000 Z-0.125000
G01 X40.913800 Y89.961000 Z-0.125000
G01 X41.008900 Y89.745000 Z-0.125000
G01 X40.934400 Y89.360000 Z-0.125000
G01 X40.684700 Y88.969000 Z-0.125000
G01 X35.678700 Y83.963000 Z-0.125000
G01 X35.565700 Y83.708000 Z-0.125000
G01 X35.791800 Y83.624000 Z-0.125000
G01 X36.187400 Y83.708000 Z-0.125000
G01 X36.583000 Y83.963000 Z-0.125000
G01 X40.720400 Y88.100000 Z-0.125000
G01 X40.981300 Y88.220000 Z-0.125000
G01 X41.080600 Y88.008000 Z-0.125000
G01 X41.010200 Y87.627000 Z-0.125000
G01 X40.762400 Y87.238000 Z-0.125000
G01 X37.487300 Y83.963000 Z-0.125000
G01 X37.374600 Y83.709000 Z-0.125000
G01 X37.601300 Y83.624000 Z-0.125000
G01 X37.997500 Y83.710000 Z-0.125000
G01 X38.393400 Y83.964000 Z-0.125000
G01 X40.799100 Y86.369000 Z-0.125000
G01 X41.060800 Y86.490000 Z-0.125000
G01 X41.161900 Y86.280000 Z-0.125000
G01 X41.093400 Y85.901000 Z-0.125000
G01 X40.846500 Y85.513000 Z-0.125000
G01 X39.302600 Y83.969000 Z-0.125000
G01 X39.187700 Y83.713000 Z-0.125000
G01 X39.409700 Y83.624000 Z-0.125000
G01 X39.801200 Y83.704000 Z-0.125000
G01 X40.194900 Y83.957000 Z-0.125000
G01 X41.025300 Y84.787000 Z-0.125000
G01 X41.218200 Y84.839000 Z-0.125000
G01 X41.298100 Y84.608000 Z-0.125000
G01 X41.254800 Y84.254000 Z-0.125000
G01 X41.078400 Y83.936000 Z-0.125000
G01 X40.832200 Y83.690000 Z-0.125000
G00 Z5.000000

(End cutting path id: path2)


(Start cutting path id: path2)
(Change tool to Default tool)

G00 Z5.000000
G00 X29.469600 Y90.623000

G01 Z-0.125000 F100.0(Penetrate)
G01 X30.964600 Y91.483000 Z-0.125000 F400.000000
G01 X31.810600 Y92.363000 Z-0.125000
G01 X32.186800 Y93.570000 Z-0.125000
G01 X32.272300 Y95.410000 Z-0.125000
G01 X32.191800 Y97.383000 Z-0.125000
G01 X31.998400 Y98.303000 Z-0.125000
G01 X30.901600 Y98.304000 Z-0.125000
G01 X28.836500 Y97.957000 Z-0.125000
G01 X26.548400 Y97.415000 Z-0.125000
G01 X24.782800 Y96.831000 Z-0.125000
G01 X23.304700 Y96.026000 Z-0.125000
G01 X22.247700 Y95.107000 Z-0.125000
G01 X21.612800 Y94.075000 Z-0.125000
G01 X21.400900 Y92.931000 Z-0.125000
G01 X21.486400 Y92.014000 Z-0.125000
G01 X21.760500 Y91.274000 Z-0.125000
G01 X22.249300 Y90.665000 Z-0.125000
G01 X22.979000 Y90.140000 Z-0.125000
G01 X24.198500 Y89.869000 Z-0.125000
G01 X26.034300 Y89.885000 Z-0.125000
G01 X27.965200 Y90.150000 Z-0.125000
G01 X29.469600 Y90.623000 Z-0.125000
G01 X29.469600 Y90.623000 Z-0.125000
G00 Z5.000000

(End cutting path id: path2)


(Start cutting path id: path2)
(Change tool to Default tool)

G00 Z5.000000
G00 X21.555900 Y94.256000

G01 Z-0.125000 F100.0(Penetrate)
G01 X14.323200 Y87.023000 Z-0.125000 F400.000000
G01 X14.130200 Y86.689000 Z-0.125000
G01 X14.180500 Y86.428000 Z-0.125000
G01 X14.400300 Y86.337000 Z-0.125000
G01 X14.716000 Y86.512000 Z-0.125000
G01 X20.888200 Y92.684000 Z-0.125000
G01 X21.150200 Y92.804000 Z-0.125000
G01 X21.251900 Y92.595000 Z-0.125000
G01 X21.183900 Y92.216000 Z-0.125000
G01 X20.937300 Y91.828000 Z-0.125000
G01 X15.150800 Y86.042000 Z-0.125000
G01 X14.970300 Y85.720000 Z-0.125000
G01 X15.048100 Y85.487000 Z-0.125000
G01 X15.295400 Y85.424000 Z-0.125000
G01 X15.623600 Y85.611000 Z-0.125000
G01 X21.134800 Y91.122000 Z-0.125000
G01 X21.440900 Y91.287000 Z-0.125000
G01 X21.639700 Y91.175000 Z-0.125000
G01 X21.669000 Y90.893000 Z-0.125000
G01 X21.466400 Y90.549000 Z-0.125000
G01 X16.135600 Y85.218000 Z-0.125000
G01 X15.966400 Y84.908000 Z-0.125000
G01 X16.068800 Y84.699000 Z-0.125000
G01 X16.340800 Y84.660000 Z-0.125000
G01 X16.680300 Y84.859000 Z-0.125000
G01 X21.911500 Y90.090000 Z-0.125000
G01 X22.248500 Y90.285000 Z-0.125000
G01 X22.515100 Y90.241000 Z-0.125000
G01 X22.612100 Y90.027000 Z-0.125000
G01 X22.440400 Y89.714000 Z-0.125000
G01 X17.257200 Y84.531000 Z-0.125000
G01 X17.096900 Y84.230000 Z-0.125000
G01 X17.219000 Y84.041000 Z-0.125000
G01 X17.510600 Y84.022000 Z-0.125000
G01 X17.859000 Y84.229000 Z-0.125000
G01 X23.086300 Y89.456000 Z-0.125000
G01 X23.465400 Y89.694000 Z-0.125000
G01 X23.824800 Y89.742000 Z-0.125000
G01 X24.014700 Y89.621000 Z-0.125000
G01 X23.885100 Y89.351000 Z-0.125000
G01 X18.488700 Y83.954000 Z-0.125000
G01 X18.341600 Y83.666000 Z-0.125000
G01 X18.492800 Y83.506000 Z-0.125000
G01 X18.813500 Y83.516000 Z-0.125000
G01 X19.175000 Y83.736000 Z-0.125000
G01 X24.766300 Y89.327000 Z-0.125000
G01 X25.168400 Y89.588000 Z-0.125000
G01 X25.578300 Y89.687000 Z-0.125000
G01 X25.818600 Y89.617000 Z-0.125000
G01 X25.712100 Y89.369000 Z-0.125000
G01 X19.975400 Y83.633000 Z-0.125000
G01 X19.866000 Y83.382000 Z-0.125000
G01 X20.100100 Y83.305000 Z-0.125000
G01 X20.503800 Y83.398000 Z-0.125000
G01 X20.903100 Y83.656000 Z-0.125000
G01 X26.723400 Y89.476000 Z-0.125000
G01 X27.149900 Y89.762000 Z-0.125000
G01 X27.613500 Y89.914000 Z-0.125000
G01 X27.907500 Y89.897000 Z-0.125000
G01 X27.825300 Y89.674000 Z-0.125000
G01 X21.838400 Y83.687000 Z-0.125000
G01 X21.733200 Y83.441000 Z-0.125000
G01 X21.976500 Y83.373000 Z-0.125000
G01 X22.389300 Y83.475000 Z-0.125000
G01 X22.792700 Y83.737000 Z-0.125000
G01 X29.489200 Y90.434000 Z-0.125000
G00 Z5.000000

(End cutting path id: path2)


(Start cutting path id: path2)
(Change tool to Default tool)

G00 Z5.000000
G00 X31.218700 Y103.015000

G01 Z-0.125000 F100.0(Penetrate)
G01 X25.827300 Y97.623000 Z-0.125000 F400.000000
G01 X25.756800 Y97.411000 Z-0.125000
G01 X26.076500 Y97.420000 Z-0.125000
G01 X27.004000 Y97.896000 Z-0.125000
G01 X38.884200 Y109.776000 Z-0.125000
G01 X39.190000 Y109.940400 Z-0.125000
G01 X39.387800 Y109.827400 Z-0.125000
G01 X39.416100 Y109.544800 Z-0.125000
G01 X39.213100 Y109.200600 Z-0.125000
G01 X28.297400 Y98.285000 Z-0.125000
G01 X28.222200 Y98.068000 Z-0.125000
G01 X28.531600 Y98.067000 Z-0.125000
G01 X29.010600 Y98.235000 Z-0.125000
G01 X29.444100 Y98.527000 Z-0.125000
G01 X39.482800 Y108.565900 Z-0.125000
G01 X39.770200 Y108.712100 Z-0.125000
G01 X39.927900 Y108.558900 Z-0.125000
G01 X39.916000 Y108.236200 Z-0.125000
G01 X39.694800 Y107.873700 Z-0.125000
G01 X30.545900 Y98.725000 Z-0.125000
G01 X30.453100 Y98.491000 Z-0.125000
G01 X30.723700 Y98.450000 Z-0.125000
G01 X31.163900 Y98.580000 Z-0.125000
G01 X31.579700 Y98.854000 Z-0.125000
G01 X39.857600 Y107.132000 Z-0.125000
G01 X40.131300 Y107.264500 Z-0.125000
G01 X40.258900 Y107.081200 Z-0.125000
G01 X40.216800 Y106.728300 Z-0.125000
G01 X39.981900 Y106.352100 Z-0.125000
G01 X32.427100 Y98.797000 Z-0.125000
G01 X32.209700 Y98.439000 Z-0.125000
G01 X32.206200 Y98.124000 Z-0.125000
G01 X32.372300 Y97.979000 Z-0.125000
G01 X32.663600 Y98.129000 Z-0.125000
G01 X40.076500 Y105.542400 Z-0.125000
G01 X40.342700 Y105.667300 Z-0.125000
G01 X40.453600 Y105.467300 Z-0.125000
G01 X40.394900 Y105.097800 Z-0.125000
G01 X40.152500 Y104.714000 Z-0.125000
G01 X32.742100 Y97.304000 Z-0.125000
G01 X32.490100 Y96.910000 Z-0.125000
G01 X32.410600 Y96.520000 Z-0.125000
G01 X32.500700 Y96.299000 Z-0.125000
G01 X32.757400 Y96.415000 Z-0.125000
G01 X40.215500 Y103.872700 Z-0.125000
G01 X40.477600 Y103.993600 Z-0.125000
G01 X40.579700 Y103.784800 Z-0.125000
G01 X40.512200 Y103.406500 Z-0.125000
G01 X40.265700 Y103.019000 Z-0.125000
G01 X32.787500 Y95.540000 Z-0.125000
G01 X32.529600 Y95.141000 Z-0.125000
G01 X32.436900 Y94.738000 Z-0.125000
G01 X32.513800 Y94.504000 Z-0.125000
G01 X32.764600 Y94.613000 Z-0.125000
G01 X40.306500 Y102.155000 Z-0.125000
G01 X40.566700 Y102.274000 Z-0.125000
G01 X40.664300 Y102.061000 Z-0.125000
G01 X40.592300 Y101.678000 Z-0.125000
G01 X40.343800 Y101.288000 Z-0.125000
G01 X32.322000 Y93.266000 Z-0.125000
G00 Z5.000000

(End cutting path id: path2)


(Start cutting path id: path2)
(Change tool to Default tool)

G00 Z5.000000
G00 X18.036000 Y99.779000

G01 Z-0.125000 F100.0(Penetrate)
G01 X13.879500 Y95.622000 Z-0.125000 F400.000000
G01 X13.219300 Y94.510000 Z-0.125000
G01 X13.083400 Y94.063000 Z-0.125000
G01 X13.116700 Y93.994000 Z-0.125000
G01 X13.237400 Y94.076000 Z-0.125000
G01 X19.304900 Y100.143000 Z-0.125000
G01 X20.385700 Y100.772000 Z-0.125000
G01 X20.810900 Y100.886000 Z-0.125000
G01 X20.788300 Y100.723000 Z-0.125000
G01 X13.188700 Y93.123000 Z-0.125000
G01 X12.931800 Y92.725000 Z-0.125000
G01 X12.841400 Y92.324000 Z-0.125000
G01 X12.920500 Y92.092000 Z-0.125000
G01 X13.172300 Y92.202000 Z-0.125000
G01 X22.085100 Y101.115000 Z-0.125000
G01 X23.039000 Y101.617000 Z-0.125000
G01 X23.376900 Y101.644000 Z-0.125000
G01 X23.314700 Y101.440000 Z-0.125000
G01 X13.162100 Y91.288000 Z-0.125000
G01 X12.919700 Y90.904000 Z-0.125000
G01 X12.861200 Y90.535000 Z-0.125000
G01 X12.972200 Y90.335000 Z-0.125000
G01 X13.238500 Y90.460000 Z-0.125000
G01 X24.558500 Y101.780000 Z-0.125000
G01 X24.976600 Y102.057000 Z-0.125000
G01 X25.421700 Y102.191000 Z-0.125000
G01 X25.697200 Y102.156000 Z-0.125000
G01 X25.606600 Y101.924000 Z-0.125000
G01 X13.312500 Y89.630000 Z-0.125000
G01 X13.078000 Y89.254000 Z-0.125000
G01 X13.036900 Y88.902000 Z-0.125000
G01 X13.165300 Y88.719000 Z-0.125000
G01 X13.439400 Y88.852000 Z-0.125000
G01 X26.749300 Y102.162000 Z-0.125000
G01 X27.161800 Y102.433000 Z-0.125000
G01 X27.594500 Y102.555000 Z-0.125000
G01 X27.857700 Y102.507000 Z-0.125000
G01 X27.761500 Y102.270000 Z-0.125000
G01 X13.659700 Y88.168000 Z-0.125000
G01 X13.453700 Y87.821000 Z-0.125000
G01 X13.475300 Y87.532000 Z-0.125000
G01 X13.666500 Y87.412000 Z-0.125000
G01 X13.969200 Y87.573000 Z-0.125000
G01 X28.804300 Y102.409000 Z-0.125000
G01 X29.220800 Y102.684000 Z-0.125000
G01 X29.662200 Y102.814000 Z-0.125000
G01 X29.934100 Y102.775000 Z-0.125000
G01 X29.841900 Y102.542000 Z-0.125000
G01 X23.717100 Y96.417000 Z-0.125000
G00 Z5.000000

(End cutting path id: path2)


(Start cutting path id: path2)
(Change tool to Default tool)

G00 Z5.000000
G00 X21.373500 Y106.734000

G01 Z-0.125000 F100.0(Penetrate)
G01 X28.838700 Y114.199300 Z-0.125000 F400.000000
G01 X29.231000 Y114.450300 Z-0.125000
G01 X29.619300 Y114.527700 Z-0.125000
G01 X29.838000 Y114.435600 Z-0.125000
G01 X29.721600 Y114.177900 Z-0.125000
G01 X23.190000 Y107.646300 Z-0.125000
G01 X23.135900 Y107.450900 Z-0.125000
G01 X23.491600 Y107.495700 Z-0.125000
G01 X24.471400 Y108.023400 Z-0.125000
G01 X30.573500 Y114.125500 Z-0.125000
G01 X30.956000 Y114.366700 Z-0.125000
G01 X31.322700 Y114.422600 Z-0.125000
G01 X31.519900 Y114.308800 Z-0.125000
G01 X31.393700 Y114.041300 Z-0.125000
G01 X25.544000 Y108.191600 Z-0.125000
G01 X25.444200 Y107.950600 Z-0.125000
G01 X25.699500 Y107.895000 Z-0.125000
G01 X26.124400 Y108.009000 Z-0.125000
G01 X26.533300 Y108.276600 Z-0.125000
G01 X32.178300 Y113.921600 Z-0.125000
G01 X32.550500 Y114.152500 Z-0.125000
G01 X32.894500 Y114.185700 Z-0.125000
G01 X33.069000 Y114.049300 Z-0.125000
G01 X32.932500 Y113.771500 Z-0.125000
G01 X27.469800 Y108.308800 Z-0.125000
G01 X27.357200 Y108.054900 Z-0.125000
G01 X27.584300 Y107.971100 Z-0.125000
G01 X27.981000 Y108.056800 Z-0.125000
G01 X28.377100 Y108.311500 Z-0.125000
G01 X33.654600 Y113.589000 Z-0.125000
G01 X34.016800 Y113.809800 Z-0.125000
G01 X34.338700 Y113.820900 Z-0.125000
G01 X34.491100 Y113.662400 Z-0.125000
G01 X34.344600 Y113.374600 Z-0.125000
G01 X29.238100 Y108.268200 Z-0.125000
G01 X29.112900 Y108.001600 Z-0.125000
G01 X29.312000 Y107.889900 Z-0.125000
G01 X29.680800 Y107.947800 Z-0.125000
G01 X30.064200 Y108.189900 Z-0.125000
G01 X34.999400 Y113.125100 Z-0.125000
G01 X35.349200 Y113.333600 Z-0.125000
G01 X35.643900 Y113.317400 Z-0.125000
G01 X35.769000 Y113.131700 Z-0.125000
G01 X35.610100 Y112.831500 Z-0.125000
G01 X30.766100 Y107.987500 Z-0.125000
G01 X30.592800 Y107.672900 Z-0.125000
G01 X30.686200 Y107.455500 Z-0.125000
G01 X30.949300 Y107.407600 Z-0.125000
G01 X31.284600 Y107.601700 Z-0.125000
G01 X36.171000 Y112.488100 Z-0.125000
G01 X36.505600 Y112.681400 Z-0.125000
G01 X36.766900 Y112.631800 Z-0.125000
G01 X36.858600 Y112.412700 Z-0.125000
G01 X36.684500 Y112.097300 Z-0.125000
G01 X31.731400 Y107.144200 Z-0.125000
G01 X31.534000 Y106.805500 Z-0.125000
G01 X31.574600 Y106.535200 Z-0.125000
G01 X31.784700 Y106.434500 Z-0.125000
G01 X32.096000 Y106.604500 Z-0.125000
G01 X37.167200 Y111.675700 Z-0.125000
G01 X37.493800 Y111.861000 Z-0.125000
G01 X37.737500 Y111.794000 Z-0.125000
G01 X37.811700 Y111.557400 Z-0.125000
G01 X37.629600 Y111.233800 Z-0.125000
G01 X32.360700 Y105.964800 Z-0.125000
G01 X32.129500 Y105.592300 Z-0.125000
G01 X32.095600 Y105.247600 Z-0.125000
G01 X32.231300 Y105.072500 Z-0.125000
G01 X32.508800 Y105.208700 Z-0.125000
G01 X38.076100 Y110.776000 Z-0.125000
G01 X38.396900 Y110.955500 Z-0.125000
G01 X38.628000 Y110.875700 Z-0.125000
G01 X38.689600 Y110.626400 Z-0.125000
G01 X38.501700 Y110.297300 Z-0.125000
G01 X32.229700 Y104.025200 Z-0.125000
G00 Z5.000000

(End cutting path id: path2)


(Start cutting path id: path2)
(Change tool to Default tool)

G00 Z5.000000
G00 X44.546500 Y104.838700

G01 Z-0.125000 F100.0(Penetrate)
G01 X44.546500 Y126.230800 Z-0.125000 F400.000000
G01 X49.105400 Y126.230800 Z-0.125000
G01 X53.664400 Y126.230800 Z-0.125000
G01 X53.664400 Y114.482700 Z-0.125000
G01 X53.741700 Y106.188800 Z-0.125000
G01 X53.927400 Y102.746000 Z-0.125000
G01 X54.869700 Y103.710000 Z-0.125000
G01 X59.567300 Y109.485400 Z-0.125000
G01 X63.585500 Y114.307400 Z-0.125000
G01 X68.268900 Y114.307400 Z-0.125000
G01 X71.576600 Y114.246800 Z-0.125000
G01 X72.952300 Y114.101000 Z-0.125000
G01 X68.063900 Y108.320600 Z-0.125000
G01 X63.175400 Y102.746000 Z-0.125000
G01 X67.741100 Y94.412000 Z-0.125000
G01 X72.980300 Y84.917000 Z-0.125000
G01 X73.653700 Y83.602000 Z-0.125000
G01 X69.137700 Y83.447000 Z-0.125000
G01 X65.600800 Y83.549000 Z-0.125000
G01 X64.692000 Y83.686000 Z-0.125000
G01 X64.281100 Y83.885000 Z-0.125000
G01 X59.439200 Y92.740000 Z-0.125000
G01 X57.669500 Y96.010000 Z-0.125000
G01 X56.063400 Y94.465000 Z-0.125000
G01 X54.102800 Y92.359000 Z-0.125000
G01 X53.906900 Y91.909000 Z-0.125000
G01 X53.770400 Y90.998000 Z-0.125000
G01 X53.664400 Y87.680000 Z-0.125000
G01 X53.664400 Y83.447000 Z-0.125000
G01 X49.105400 Y83.447000 Z-0.125000
G01 X44.546500 Y83.447000 Z-0.125000
G01 X44.546500 Y104.838700 Z-0.125000
G00 Z5.000000

(End cutting path id: path2)


(Start cutting path id: path2)
(Change tool to Default tool)

G00 Z5.000000
G00 X53.595100 Y91.028000

G01 Z-0.125000 F100.0(Penetrate)
G01 X46.530900 Y83.964000 Z-0.125000 F400.000000
G01 X46.417900 Y83.710000 Z-0.125000
G01 X46.643900 Y83.625000 Z-0.125000
G01 X47.039600 Y83.710000 Z-0.125000
G01 X47.435200 Y83.964000 Z-0.125000
G01 X53.193600 Y89.723000 Z-0.125000
G01 X53.443200 Y89.831000 Z-0.125000
G01 X53.517600 Y89.594000 Z-0.125000
G01 X53.422400 Y89.188000 Z-0.125000
G01 X53.163300 Y88.788000 Z-0.125000
G01 X48.339500 Y83.964000 Z-0.125000
G01 X48.226500 Y83.710000 Z-0.125000
G01 X48.452600 Y83.625000 Z-0.125000
G01 X48.848200 Y83.710000 Z-0.125000
G01 X49.243800 Y83.964000 Z-0.125000
G01 X53.151000 Y87.871000 Z-0.125000
G01 X53.404800 Y87.984000 Z-0.125000
G01 X53.488400 Y87.757000 Z-0.125000
G01 X53.402500 Y87.360000 Z-0.125000
G01 X53.147600 Y86.964000 Z-0.125000
G01 X50.148100 Y83.964000 Z-0.125000
G01 X50.035000 Y83.710000 Z-0.125000
G01 X50.261100 Y83.625000 Z-0.125000
G01 X50.656700 Y83.710000 Z-0.125000
G01 X51.052400 Y83.964000 Z-0.125000
G01 X53.147600 Y86.059000 Z-0.125000
G01 X53.401900 Y86.172000 Z-0.125000
G01 X53.486700 Y85.946000 Z-0.125000
G01 X53.401900 Y85.551000 Z-0.125000
G01 X53.147600 Y85.155000 Z-0.125000
G01 X51.956700 Y83.964000 Z-0.125000
G01 X51.843600 Y83.710000 Z-0.125000
G01 X52.069700 Y83.625000 Z-0.125000
G01 X52.465300 Y83.710000 Z-0.125000
G01 X52.861000 Y83.964000 Z-0.125000
G01 X53.486700 Y84.590000 Z-0.125000
G00 Z5.000000

(End cutting path id: path2)


(Start cutting path id: path2)
(Change tool to Default tool)

G00 Z5.000000
G00 X63.481400 Y101.818000

G01 Z-0.125000 F100.0(Penetrate)
G01 X58.137900 Y96.475000 Z-0.125000 F400.000000
G01 X57.934200 Y96.130000 Z-0.125000
G01 X57.960800 Y95.845000 Z-0.125000
G01 X58.156900 Y95.731000 Z-0.125000
G01 X58.461800 Y95.894000 Z-0.125000
G01 X63.462300 Y100.895000 Z-0.125000
G01 X63.766700 Y101.058000 Z-0.125000
G01 X63.961500 Y100.942000 Z-0.125000
G01 X63.986700 Y100.656000 Z-0.125000
G01 X63.782400 Y100.311000 Z-0.125000
G01 X58.781800 Y95.310000 Z-0.125000
G01 X58.576800 Y94.964000 Z-0.125000
G01 X58.600700 Y94.677000 Z-0.125000
G01 X58.794100 Y94.559000 Z-0.125000
G01 X59.097800 Y94.722000 Z-0.125000
G01 X64.102400 Y99.726000 Z-0.125000
G01 X64.406800 Y99.889000 Z-0.125000
G01 X64.601600 Y99.773000 Z-0.125000
G01 X64.626800 Y99.488000 Z-0.125000
G01 X64.422500 Y99.142000 Z-0.125000
G01 X59.413700 Y94.133000 Z-0.125000
G01 X59.208800 Y93.787000 Z-0.125000
G01 X59.232600 Y93.500000 Z-0.125000
G01 X59.426000 Y93.383000 Z-0.125000
G01 X59.729700 Y93.545000 Z-0.125000
G01 X64.742500 Y98.558000 Z-0.125000
G01 X65.046900 Y98.721000 Z-0.125000
G01 X65.241700 Y98.605000 Z-0.125000
G01 X65.266900 Y98.319000 Z-0.125000
G01 X65.062600 Y97.974000 Z-0.125000
G01 X60.045400 Y92.956000 Z-0.125000
G01 X59.840300 Y92.610000 Z-0.125000
G01 X59.863800 Y92.323000 Z-0.125000
G01 X60.056900 Y92.205000 Z-0.125000
G01 X60.360500 Y92.367000 Z-0.125000
G01 X65.382600 Y97.389000 Z-0.125000
G01 X65.687000 Y97.552000 Z-0.125000
G01 X65.881800 Y97.436000 Z-0.125000
G01 X65.907000 Y97.151000 Z-0.125000
G01 X65.702700 Y96.805000 Z-0.125000
G01 X60.675600 Y91.778000 Z-0.125000
G01 X60.470500 Y91.432000 Z-0.125000
G01 X60.494100 Y91.144000 Z-0.125000
G01 X60.687200 Y91.027000 Z-0.125000
G01 X60.990800 Y91.189000 Z-0.125000
G01 X66.022700 Y96.221000 Z-0.125000
G01 X66.327100 Y96.384000 Z-0.125000
G01 X66.521900 Y96.268000 Z-0.125000
G01 X66.547100 Y95.982000 Z-0.125000
G01 X66.342800 Y95.636000 Z-0.125000
G01 X61.305900 Y90.600000 Z-0.125000
G01 X61.100800 Y90.253000 Z-0.125000
G01 X61.124300 Y89.966000 Z-0.125000
G01 X61.317400 Y89.848000 Z-0.125000
G01 X61.621000 Y90.010000 Z-0.125000
G01 X66.662800 Y95.052000 Z-0.125000
G01 X66.967100 Y95.215000 Z-0.125000
G01 X67.161900 Y95.099000 Z-0.125000
G01 X67.187200 Y94.814000 Z-0.125000
G01 X66.982900 Y94.468000 Z-0.125000
G01 X61.936100 Y89.421000 Z-0.125000
G01 X61.731000 Y89.075000 Z-0.125000
G01 X61.754600 Y88.788000 Z-0.125000
G01 X61.947700 Y88.670000 Z-0.125000
G01 X62.251300 Y88.832000 Z-0.125000
G01 X67.303000 Y93.884000 Z-0.125000
G01 X67.607500 Y94.047000 Z-0.125000
G01 X67.802500 Y93.931000 Z-0.125000
G01 X67.828000 Y93.646000 Z-0.125000
G01 X67.623700 Y93.300000 Z-0.125000
G01 X62.567700 Y88.244000 Z-0.125000
G01 X62.362900 Y87.898000 Z-0.125000
G01 X62.387200 Y87.612000 Z-0.125000
G01 X62.580900 Y87.494000 Z-0.125000
G01 X62.884800 Y87.657000 Z-0.125000
G01 X67.944500 Y92.717000 Z-0.125000
G01 X68.248900 Y92.880000 Z-0.125000
G01 X68.443900 Y92.764000 Z-0.125000
G01 X68.469400 Y92.479000 Z-0.125000
G01 X68.265200 Y92.133000 Z-0.125000
G01 X63.201800 Y87.070000 Z-0.125000
G01 X62.997000 Y86.724000 Z-0.125000
G01 X63.021200 Y86.437000 Z-0.125000
G01 X63.215000 Y86.320000 Z-0.125000
G01 X63.518900 Y86.482000 Z-0.125000
G01 X68.585900 Y91.550000 Z-0.125000
G01 X68.890400 Y91.713000 Z-0.125000
G01 X69.085400 Y91.597000 Z-0.125000
G01 X69.110900 Y91.311000 Z-0.125000
G01 X68.906600 Y90.966000 Z-0.125000
G01 X63.837300 Y85.897000 Z-0.125000
G01 X63.633300 Y85.551000 Z-0.125000
G01 X63.659100 Y85.266000 Z-0.125000
G01 X63.854500 Y85.151000 Z-0.125000
G01 X64.159200 Y85.314000 Z-0.125000
G01 X69.227400 Y90.382000 Z-0.125000
G01 X69.531800 Y90.546000 Z-0.125000
G01 X69.726800 Y90.430000 Z-0.125000
G01 X69.752300 Y90.144000 Z-0.125000
G01 X69.548100 Y89.799000 Z-0.125000
G01 X64.491000 Y84.742000 Z-0.125000
G01 X64.301400 Y84.411000 Z-0.125000
G01 X64.359000 Y84.158000 Z-0.125000
G01 X64.586200 Y84.074000 Z-0.125000
G01 X64.905200 Y84.252000 Z-0.125000
G01 X69.868800 Y89.215000 Z-0.125000
G01 X70.173300 Y89.378000 Z-0.125000
G01 X70.368300 Y89.263000 Z-0.125000
G01 X70.393800 Y88.977000 Z-0.125000
G01 X70.189500 Y88.632000 Z-0.125000
G01 X65.658100 Y84.100000 Z-0.125000
G01 X65.533800 Y83.835000 Z-0.125000
G01 X65.735200 Y83.725000 Z-0.125000
G01 X66.106100 Y83.785000 Z-0.125000
G01 X66.490500 Y84.028000 Z-0.125000
G01 X70.510300 Y88.048000 Z-0.125000
G01 X70.814900 Y88.211000 Z-0.125000
G01 X71.010400 Y88.096000 Z-0.125000
G01 X71.036300 Y87.811000 Z-0.125000
G01 X70.832200 Y87.466000 Z-0.125000
G01 X67.356700 Y83.990000 Z-0.125000
G01 X67.240800 Y83.733000 Z-0.125000
G01 X67.460600 Y83.642000 Z-0.125000
G01 X67.849900 Y83.720000 Z-0.125000
G01 X68.242600 Y83.972000 Z-0.125000
G01 X71.155400 Y86.884000 Z-0.125000
G01 X71.460200 Y87.048000 Z-0.125000
G01 X71.656000 Y86.933000 Z-0.125000
G01 X71.682400 Y86.648000 Z-0.125000
G01 X71.478500 Y86.303000 Z-0.125000
G01 X69.140300 Y83.965000 Z-0.125000
G01 X69.027600 Y83.711000 Z-0.125000
G01 X69.254500 Y83.627000 Z-0.125000
G01 X69.650800 Y83.713000 Z-0.125000
G01 X70.046800 Y83.968000 Z-0.125000
G01 X71.801700 Y85.723000 Z-0.125000
G01 X72.106500 Y85.887000 Z-0.125000
G01 X72.302300 Y85.772000 Z-0.125000
G01 X72.328600 Y85.487000 Z-0.125000
G01 X72.124800 Y85.142000 Z-0.125000
G01 X70.957500 Y83.975000 Z-0.125000
G01 X70.847100 Y83.723000 Z-0.125000
G01 X71.079000 Y83.644000 Z-0.125000
G01 X71.480500 Y83.735000 Z-0.125000
G01 X71.878800 Y83.992000 Z-0.125000
G01 X72.451000 Y84.564000 Z-0.125000
G01 X72.753800 Y84.725000 Z-0.125000
G01 X72.949600 Y84.610000 Z-0.125000
G01 X72.977400 Y84.327000 Z-0.125000
G01 X72.776100 Y83.985000 Z-0.125000
G01 X72.440000 Y83.648000 Z-0.125000
G00 Z5.000000

(End cutting path id: path2)


(Start cutting path id: path2)
(Change tool to Default tool)

G00 Z5.000000
G00 X82.947000 Y83.281000

G01 Z-0.125000 F100.0(Penetrate)
G01 X80.970800 Y83.852000 Z-0.125000 F400.000000
G01 X79.200500 Y84.615000 Z-0.125000
G01 X77.597900 Y85.590000 Z-0.125000
G01 X76.125000 Y86.796000 Z-0.125000
G01 X75.024300 Y87.955000 Z-0.125000
G01 X74.099800 Y89.215000 Z-0.125000
G01 X73.346400 Y90.593000 Z-0.125000
G01 X72.758800 Y92.104000 Z-0.125000
G01 X72.332000 Y93.765000 Z-0.125000
G01 X72.060700 Y95.591000 Z-0.125000
G01 X71.939800 Y97.600000 Z-0.125000
G01 X71.964100 Y99.807000 Z-0.125000
G01 X72.083900 Y101.917000 Z-0.125000
G01 X72.288900 Y103.411400 Z-0.125000
G01 X72.662600 Y104.691100 Z-0.125000
G01 X73.288700 Y106.157000 Z-0.125000
G01 X74.396500 Y108.156400 Z-0.125000
G01 X75.752500 Y109.907800 Z-0.125000
G01 X77.337000 Y111.399700 Z-0.125000
G01 X79.130300 Y112.621000 Z-0.125000
G01 X81.112700 Y113.560300 Z-0.125000
G01 X83.264600 Y114.206300 Z-0.125000
G01 X85.566100 Y114.547900 Z-0.125000
G01 X87.997500 Y114.573600 Z-0.125000
G01 X90.907900 Y114.204400 Z-0.125000
G01 X93.435300 Y113.427000 Z-0.125000
G01 X95.591000 Y112.228800 Z-0.125000
G01 X97.386100 Y110.596600 Z-0.125000
G01 X98.832100 Y108.517800 Z-0.125000
G01 X99.940000 Y105.979300 Z-0.125000
G01 X100.721000 Y102.968000 Z-0.125000
G01 X101.187000 Y99.472000 Z-0.125000
G01 X101.441000 Y96.422000 Z-0.125000
G01 X91.026500 Y96.422000 Z-0.125000
G01 X80.611800 Y96.422000 Z-0.125000
G01 X80.850600 Y95.282000 Z-0.125000
G01 X81.223000 Y93.887000 Z-0.125000
G01 X81.719100 Y92.678000 Z-0.125000
G01 X82.342700 Y91.651000 Z-0.125000
G01 X83.097400 Y90.802000 Z-0.125000
G01 X83.986900 Y90.127000 Z-0.125000
G01 X85.015000 Y89.625000 Z-0.125000
G01 X86.185400 Y89.291000 Z-0.125000
G01 X87.501800 Y89.121000 Z-0.125000
G01 X89.563600 Y89.163000 Z-0.125000
G01 X91.581500 Y89.552000 Z-0.125000
G01 X93.538500 Y90.283000 Z-0.125000
G01 X95.417700 Y91.351000 Z-0.125000
G01 X96.782900 Y92.137000 Z-0.125000
G01 X97.470600 Y92.282000 Z-0.125000
G01 X99.219100 Y89.619000 Z-0.125000
G01 X100.762000 Y87.268000 Z-0.125000
G01 X99.931600 Y86.672000 Z-0.125000
G01 X98.076400 Y85.497000 Z-0.125000
G01 X96.082700 Y84.525000 Z-0.125000
G01 X93.981500 Y83.760000 Z-0.125000
G01 X91.803900 Y83.211000 Z-0.125000
G01 X89.580600 Y82.882000 Z-0.125000
G01 X87.342700 Y82.780000 Z-0.125000
G01 X85.121200 Y82.911000 Z-0.125000
G01 X82.947000 Y83.281000 Z-0.125000
G01 X82.947000 Y83.281000 Z-0.125000
G00 Z5.000000

(End cutting path id: path2)


(Start cutting path id: path2)
(Change tool to Default tool)

G00 Z5.000000
G00 X80.475700 Y96.205000

G01 Z-0.125000 F100.0(Penetrate)
G01 X74.337100 Y90.066000 Z-0.125000 F400.000000
G01 X74.136700 Y89.725000 Z-0.125000
G01 X74.170700 Y89.448000 Z-0.125000
G01 X74.374300 Y89.340000 Z-0.125000
G01 X74.682600 Y89.507000 Z-0.125000
G01 X80.293200 Y95.118000 Z-0.125000
G01 X80.573900 Y95.257000 Z-0.125000
G01 X80.716600 Y95.089000 Z-0.125000
G01 X80.689800 Y94.752000 Z-0.125000
G01 X80.461800 Y94.382000 Z-0.125000
G01 X75.053900 Y88.974000 Z-0.125000
G01 X74.861700 Y88.641000 Z-0.125000
G01 X74.913500 Y88.382000 Z-0.125000
G01 X75.134900 Y88.292000 Z-0.125000
G01 X75.451300 Y88.468000 Z-0.125000
G01 X80.657800 Y93.674000 Z-0.125000
G01 X80.948800 Y93.824000 Z-0.125000
G01 X81.114400 Y93.678000 Z-0.125000
G01 X81.110400 Y93.364000 Z-0.125000
G01 X80.892700 Y93.005000 Z-0.125000
G01 X75.873100 Y87.985000 Z-0.125000
G01 X75.688000 Y87.659000 Z-0.125000
G01 X75.755600 Y87.415000 Z-0.125000
G01 X75.992700 Y87.342000 Z-0.125000
G01 X76.316400 Y87.524000 Z-0.125000
G01 X81.166400 Y92.374000 Z-0.125000
G01 X81.469900 Y92.536000 Z-0.125000
G01 X81.662800 Y92.418000 Z-0.125000
G01 X81.686100 Y92.131000 Z-0.125000
G01 X81.481000 Y91.784000 Z-0.125000
G01 X76.782800 Y87.086000 Z-0.125000
G01 X76.604200 Y86.766000 Z-0.125000
G01 X76.685900 Y86.537000 Z-0.125000
G01 X76.937300 Y86.478000 Z-0.125000
G01 X77.267300 Y86.666000 Z-0.125000
G01 X81.838400 Y91.237000 Z-0.125000
G01 X82.155700 Y91.413000 Z-0.125000
G01 X82.379000 Y91.326000 Z-0.125000
G01 X82.432700 Y91.069000 Z-0.125000
G01 X82.241400 Y90.736000 Z-0.125000
G01 X77.774400 Y86.269000 Z-0.125000
G01 X77.602600 Y85.956000 Z-0.125000
G01 X77.699600 Y85.742000 Z-0.125000
G01 X77.966100 Y85.698000 Z-0.125000
G01 X78.303100 Y85.894000 Z-0.125000
G01 X82.692800 Y90.283000 Z-0.125000
G01 X83.025300 Y90.475000 Z-0.125000
G01 X83.282200 Y90.421000 Z-0.125000
G01 X83.369500 Y90.197000 Z-0.125000
G01 X83.193400 Y89.879000 Z-0.125000
G01 X78.854400 Y85.541000 Z-0.125000
G01 X78.690200 Y85.235000 Z-0.125000
G01 X78.803900 Y85.038000 Z-0.125000
G01 X79.087100 Y85.010000 Z-0.125000
G01 X79.431600 Y85.213000 Z-0.125000
G01 X83.744800 Y89.527000 Z-0.125000
G01 X84.093600 Y89.734000 Z-0.125000
G01 X84.386100 Y89.716000 Z-0.125000
G01 X84.509100 Y89.528000 Z-0.125000
G01 X84.349200 Y89.227000 Z-0.125000
G01 X80.031600 Y84.909000 Z-0.125000
G01 X79.875400 Y84.612000 Z-0.125000
G01 X80.006500 Y84.432000 Z-0.125000
G01 X80.307200 Y84.422000 Z-0.125000
G01 X80.659600 Y84.633000 Z-0.125000
G01 X85.010400 Y88.984000 Z-0.125000
G01 X85.377100 Y89.209000 Z-0.125000
G01 X85.709000 Y89.230000 Z-0.125000
G01 X85.871300 Y89.082000 Z-0.125000
G01 X85.729300 Y88.798000 Z-0.125000
G01 X81.311000 Y84.380000 Z-0.125000
G01 X81.162700 Y84.090000 Z-0.125000
G01 X81.311000 Y83.928000 Z-0.125000
G01 X81.628900 Y83.935000 Z-0.125000
G01 X81.989200 Y84.154000 Z-0.125000
G01 X86.501100 Y88.666000 Z-0.125000
G01 X86.885900 Y88.909000 Z-0.125000
G01 X87.257800 Y88.970000 Z-0.125000
G01 X87.460000 Y88.862000 Z-0.125000
G01 X87.336200 Y88.596000 Z-0.125000
G01 X82.691300 Y83.952000 Z-0.125000
G01 X82.548800 Y83.668000 Z-0.125000
G01 X82.710000 Y83.518000 Z-0.125000
G01 X83.040700 Y83.538000 Z-0.125000
G01 X83.406900 Y83.763000 Z-0.125000
G01 X88.226700 Y88.583000 Z-0.125000
G01 X88.631400 Y88.846000 Z-0.125000
G01 X89.046900 Y88.951000 Z-0.125000
G01 X89.292900 Y88.886000 Z-0.125000
G01 X89.188900 Y88.641000 Z-0.125000
G01 X84.169800 Y83.621000 Z-0.125000
G01 X84.036800 Y83.347000 Z-0.125000
G01 X84.219100 Y83.219000 Z-0.125000
G01 X84.570900 Y83.260000 Z-0.125000
G01 X84.946600 Y83.494000 Z-0.125000
G01 X90.248500 Y88.796000 Z-0.125000
G01 X91.186700 Y89.282000 Z-0.125000
G01 X91.513800 Y89.298000 Z-0.125000
G01 X91.446600 Y89.090000 Z-0.125000
G01 X85.755800 Y83.399000 Z-0.125000
G01 X85.632200 Y83.134000 Z-0.125000
G01 X85.834900 Y83.026000 Z-0.125000
G01 X86.207200 Y83.087000 Z-0.125000
G01 X86.592200 Y83.331000 Z-0.125000
G01 X93.415300 Y90.154000 Z-0.125000
G00 Z5.000000

(End cutting path id: path2)


(Start cutting path id: path2)
(Change tool to Default tool)

G00 Z5.000000
G00 X95.336700 Y91.171000

G01 Z-0.125000 F100.0(Penetrate)
G01 X87.466500 Y83.301000 Z-0.125000 F400.000000
G01 X87.350600 Y83.043000 Z-0.125000
G01 X87.570500 Y82.952000 Z-0.125000
G01 X87.959900 Y83.031000 Z-0.125000
G01 X88.352700 Y83.282000 Z-0.125000
G01 X96.880300 Y91.810000 Z-0.125000
G01 X97.202500 Y91.991000 Z-0.125000
G01 X97.436700 Y91.914000 Z-0.125000
G01 X97.501300 Y91.668000 Z-0.125000
G01 X97.314800 Y91.340000 Z-0.125000
G01 X89.324100 Y83.350000 Z-0.125000
G01 X89.225800 Y83.110000 Z-0.125000
G01 X89.484200 Y83.057000 Z-0.125000
G01 X89.912100 Y83.175000 Z-0.125000
G01 X90.322500 Y83.444000 Z-0.125000
G01 X97.673200 Y90.794000 Z-0.125000
G01 X97.983600 Y90.963000 Z-0.125000
G01 X98.191600 Y90.861000 Z-0.125000
G01 X98.230000 Y90.588000 Z-0.125000
G01 X98.031700 Y90.249000 Z-0.125000
G01 X91.375000 Y83.592000 Z-0.125000
G01 X91.295400 Y83.371000 Z-0.125000
G01 X91.595000 Y83.360000 Z-0.125000
G01 X92.064200 Y83.518000 Z-0.125000
G01 X92.493300 Y83.806000 Z-0.125000
G01 X98.390100 Y89.703000 Z-0.125000
G01 X98.700400 Y89.872000 Z-0.125000
G01 X98.908400 Y89.769000 Z-0.125000
G01 X98.946900 Y89.496000 Z-0.125000
G01 X98.748500 Y89.157000 Z-0.125000
G01 X93.693600 Y84.102000 Z-0.125000
G01 X93.635100 Y83.902000 Z-0.125000
G01 X93.981200 Y83.937000 Z-0.125000
G01 X94.947000 Y84.451000 Z-0.125000
G01 X99.106900 Y88.611000 Z-0.125000
G01 X99.417300 Y88.780000 Z-0.125000
G01 X99.625300 Y88.677000 Z-0.125000
G01 X99.663700 Y88.405000 Z-0.125000
G01 X99.465400 Y88.065000 Z-0.125000
G01 X96.479300 Y85.079000 Z-0.125000
G01 X96.397800 Y84.959000 Z-0.125000
G01 X96.467900 Y84.926000 Z-0.125000
G01 X96.917400 Y85.065000 Z-0.125000
G01 X98.033700 Y85.729000 Z-0.125000
G01 X99.919500 Y87.615000 Z-0.125000
G01 X100.158000 Y87.712000 Z-0.125000
G01 X100.342000 Y87.585000 Z-0.125000
G01 X100.404000 Y87.337000 Z-0.125000
G01 X100.278000 Y87.069000 Z-0.125000
G01 X100.034000 Y86.825000 Z-0.125000
G00 Z5.000000

(End cutting path id: path2)


(Start cutting path id: path2)
(Change tool to Default tool)

G00 Z5.000000
G00 X103.462000 Y87.830000

G01 Z-0.125000 F100.0(Penetrate)
G01 X103.462000 Y92.214000 Z-0.125000 F400.000000
G01 X108.372000 Y92.214000 Z-0.125000
G01 X113.282000 Y92.214000 Z-0.125000
G01 X113.282000 Y87.830000 Z-0.125000
G01 X113.282000 Y83.447000 Z-0.125000
G01 X108.372000 Y83.447000 Z-0.125000
G01 X103.462000 Y83.447000 Z-0.125000
G01 X103.462000 Y87.830000 Z-0.125000
G00 Z5.000000

(End cutting path id: path2)


(Start cutting path id: path2)
(Change tool to Default tool)

G00 Z5.000000
G00 X103.640000 Y91.336000

G01 Z-0.125000 F100.0(Penetrate)
G01 X104.002000 Y91.697000 Z-0.125000 F400.000000
G01 X104.397000 Y91.951000 Z-0.125000
G01 X104.793000 Y92.036000 Z-0.125000
G01 X105.019000 Y91.951000 Z-0.125000
G01 X104.906000 Y91.697000 Z-0.125000
G01 X103.980000 Y90.771000 Z-0.125000
G01 X103.725000 Y90.375000 Z-0.125000
G01 X103.640000 Y89.979000 Z-0.125000
G01 X103.725000 Y89.753000 Z-0.125000
G01 X103.980000 Y89.866000 Z-0.125000
G01 X105.810000 Y91.697000 Z-0.125000
G01 X106.206000 Y91.951000 Z-0.125000
G01 X106.602000 Y92.036000 Z-0.125000
G01 X106.828000 Y91.951000 Z-0.125000
G01 X106.715000 Y91.697000 Z-0.125000
G01 X103.980000 Y88.962000 Z-0.125000
G01 X103.725000 Y88.566000 Z-0.125000
G01 X103.640000 Y88.171000 Z-0.125000
G01 X103.725000 Y87.945000 Z-0.125000
G01 X103.980000 Y88.058000 Z-0.125000
G01 X107.619000 Y91.697000 Z-0.125000
G01 X108.015000 Y91.951000 Z-0.125000
G01 X108.410000 Y92.036000 Z-0.125000
G01 X108.636000 Y91.951000 Z-0.125000
G01 X108.523000 Y91.697000 Z-0.125000
G01 X103.980000 Y87.153000 Z-0.125000
G01 X103.725000 Y86.758000 Z-0.125000
G01 X103.640000 Y86.362000 Z-0.125000
G01 X103.725000 Y86.136000 Z-0.125000
G01 X103.980000 Y86.249000 Z-0.125000
G01 X109.428000 Y91.697000 Z-0.125000
G01 X109.823000 Y91.951000 Z-0.125000
G01 X110.219000 Y92.036000 Z-0.125000
G01 X110.445000 Y91.951000 Z-0.125000
G01 X110.332000 Y91.697000 Z-0.125000
G01 X103.980000 Y85.345000 Z-0.125000
G01 X103.725000 Y84.949000 Z-0.125000
G01 X103.640000 Y84.553000 Z-0.125000
G01 X103.725000 Y84.327000 Z-0.125000
G01 X103.980000 Y84.440000 Z-0.125000
G01 X111.236000 Y91.697000 Z-0.125000
G01 X111.632000 Y91.951000 Z-0.125000
G01 X112.028000 Y92.036000 Z-0.125000
G01 X112.254000 Y91.951000 Z-0.125000
G01 X112.141000 Y91.697000 Z-0.125000
G01 X104.407000 Y83.963000 Z-0.125000
G01 X104.294000 Y83.709000 Z-0.125000
G01 X104.520000 Y83.624000 Z-0.125000
G01 X104.915000 Y83.709000 Z-0.125000
G01 X105.311000 Y83.963000 Z-0.125000
G01 X112.765000 Y91.418000 Z-0.125000
G01 X113.020000 Y91.531000 Z-0.125000
G01 X113.104000 Y91.305000 Z-0.125000
G01 X113.020000 Y90.909000 Z-0.125000
G01 X112.765000 Y90.513000 Z-0.125000
G01 X106.215000 Y83.963000 Z-0.125000
G01 X106.102000 Y83.709000 Z-0.125000
G01 X106.328000 Y83.624000 Z-0.125000
G01 X106.724000 Y83.709000 Z-0.125000
G01 X107.120000 Y83.963000 Z-0.125000
G01 X112.765000 Y89.609000 Z-0.125000
G01 X113.020000 Y89.722000 Z-0.125000
G01 X113.104000 Y89.496000 Z-0.125000
G01 X113.020000 Y89.100000 Z-0.125000
G01 X112.765000 Y88.705000 Z-0.125000
G01 X108.024000 Y83.963000 Z-0.125000
G01 X107.911000 Y83.709000 Z-0.125000
G01 X108.137000 Y83.624000 Z-0.125000
G01 X108.533000 Y83.709000 Z-0.125000
G01 X108.928000 Y83.963000 Z-0.125000
G01 X112.765000 Y87.800000 Z-0.125000
G01 X113.020000 Y87.913000 Z-0.125000
G01 X113.104000 Y87.687000 Z-0.125000
G01 X113.020000 Y87.292000 Z-0.125000
G01 X112.765000 Y86.896000 Z-0.125000
G01 X109.833000 Y83.963000 Z-0.125000
G01 X109.720000 Y83.709000 Z-0.125000
G01 X109.946000 Y83.624000 Z-0.125000
G01 X110.341000 Y83.709000 Z-0.125000
G01 X110.737000 Y83.963000 Z-0.125000
G01 X112.765000 Y85.992000 Z-0.125000
G01 X113.020000 Y86.105000 Z-0.125000
G01 X113.104000 Y85.879000 Z-0.125000
G01 X113.020000 Y85.483000 Z-0.125000
G01 X112.765000 Y85.088000 Z-0.125000
G01 X111.641000 Y83.963000 Z-0.125000
G01 X111.528000 Y83.709000 Z-0.125000
G01 X111.754000 Y83.624000 Z-0.125000
G01 X112.150000 Y83.709000 Z-0.125000
G01 X112.545000 Y83.963000 Z-0.125000
G01 X113.104000 Y84.522000 Z-0.125000
G00 Z5.000000

(End cutting path id: path2)


(Start cutting path id: path2)
(Change tool to Default tool)

G00 Z5.000000
G00 X125.658000 Y81.701000

G01 Z-0.125000 F100.0(Penetrate)
G01 X148.537000 Y104.580500 Z-0.125000 F400.000000
G01 X148.792000 Y104.693500 Z-0.125000
G01 X148.876000 Y104.467400 Z-0.125000
G01 X148.792000 Y104.071800 Z-0.125000
G01 X148.537000 Y103.676200 Z-0.125000
G01 X125.876000 Y81.015000 Z-0.125000
G01 X125.603000 Y80.601000 Z-0.125000
G01 X125.477000 Y80.164000 Z-0.125000
G01 X125.520000 Y79.896000 Z-0.125000
G01 X125.756000 Y79.990000 Z-0.125000
G01 X148.537000 Y102.772000 Z-0.125000
G01 X148.792000 Y102.885000 Z-0.125000
G01 X148.876000 Y102.659000 Z-0.125000
G01 X148.792000 Y102.263000 Z-0.125000
G01 X148.537000 Y101.868000 Z-0.125000
G01 X125.635000 Y78.965000 Z-0.125000
G01 X125.362000 Y78.551000 Z-0.125000
G01 X125.236000 Y78.114000 Z-0.125000
G01 X125.279000 Y77.846000 Z-0.125000
G01 X125.514000 Y77.940000 Z-0.125000
G01 X148.537000 Y100.963000 Z-0.125000
G01 X148.792000 Y101.076000 Z-0.125000
G01 X148.876000 Y100.850000 Z-0.125000
G01 X148.792000 Y100.455000 Z-0.125000
G01 X148.537000 Y100.059000 Z-0.125000
G01 X125.394000 Y76.915000 Z-0.125000
G01 X125.120000 Y76.501000 Z-0.125000
G01 X124.994000 Y76.063000 Z-0.125000
G01 X125.037000 Y75.796000 Z-0.125000
G01 X125.272000 Y75.890000 Z-0.125000
G01 X148.537000 Y99.155000 Z-0.125000
G01 X148.792000 Y99.268000 Z-0.125000
G01 X148.876000 Y99.042000 Z-0.125000
G01 X148.792000 Y98.646000 Z-0.125000
G01 X148.537000 Y98.250000 Z-0.125000
G01 X125.151000 Y74.864000 Z-0.125000
G01 X124.877000 Y74.449000 Z-0.125000
G01 X124.751000 Y74.012000 Z-0.125000
G01 X124.794000 Y73.744000 Z-0.125000
G01 X125.029000 Y73.838000 Z-0.125000
G01 X148.537000 Y97.346000 Z-0.125000
G01 X148.791000 Y97.459000 Z-0.125000
G01 X148.876000 Y97.233000 Z-0.125000
G01 X148.791000 Y96.837000 Z-0.125000
G01 X148.537000 Y96.442000 Z-0.125000
G01 X124.908000 Y72.812000 Z-0.125000
G01 X124.635000 Y72.398000 Z-0.125000
G01 X124.508000 Y71.960000 Z-0.125000
G01 X124.551000 Y71.693000 Z-0.125000
G01 X124.786000 Y71.787000 Z-0.125000
G01 X148.537000 Y95.537000 Z-0.125000
G01 X148.881000 Y95.740000 Z-0.125000
G01 X149.162000 Y95.710000 Z-0.125000
G01 X149.273000 Y95.511000 Z-0.125000
G01 X149.108000 Y95.204000 Z-0.125000
G01 X124.665000 Y70.761000 Z-0.125000
G01 X124.392000 Y70.346000 Z-0.125000
G01 X124.265000 Y69.909000 Z-0.125000
G01 X124.308000 Y69.641000 Z-0.125000
G01 X124.543000 Y69.735000 Z-0.125000
G01 X150.012000 Y95.204000 Z-0.125000
G01 X150.408000 Y95.458000 Z-0.125000
G01 X150.804000 Y95.543000 Z-0.125000
G01 X151.030000 Y95.458000 Z-0.125000
G01 X150.917000 Y95.204000 Z-0.125000
G01 X124.422000 Y68.709000 Z-0.125000
G01 X124.149000 Y68.295000 Z-0.125000
G01 X124.022000 Y67.857000 Z-0.125000
G01 X124.065000 Y67.590000 Z-0.125000
G01 X124.300000 Y67.684000 Z-0.125000
G01 X151.635000 Y95.018000 Z-0.125000
G01 X151.903000 Y95.145000 Z-0.125000
G01 X152.020000 Y94.951000 Z-0.125000
G01 X151.967000 Y94.587000 Z-0.125000
G01 X151.727000 Y94.206000 Z-0.125000
G01 X124.177000 Y66.658000 Z-0.125000
G01 X123.904000 Y66.244000 Z-0.125000
G01 X123.778000 Y65.807000 Z-0.125000
G01 X123.822000 Y65.540000 Z-0.125000
G01 X124.058000 Y65.634000 Z-0.125000
G01 X151.818000 Y93.395000 Z-0.125000
G01 X152.087000 Y93.522000 Z-0.125000
G01 X152.204000 Y93.328000 Z-0.125000
G01 X152.151000 Y92.964000 Z-0.125000
G01 X151.911000 Y92.583000 Z-0.125000
G01 X123.939000 Y64.611000 Z-0.125000
G01 X123.666000 Y64.197000 Z-0.125000
G01 X123.541000 Y63.760000 Z-0.125000
G01 X123.585000 Y63.494000 Z-0.125000
G01 X123.821000 Y63.588000 Z-0.125000
G01 X152.004000 Y91.772000 Z-0.125000
G01 X152.273000 Y91.899000 Z-0.125000
G01 X152.390000 Y91.706000 Z-0.125000
G01 X152.338000 Y91.343000 Z-0.125000
G01 X152.098000 Y90.962000 Z-0.125000
G01 X123.702000 Y62.565000 Z-0.125000
G01 X123.499000 Y62.221000 Z-0.125000
G01 X123.527000 Y61.938000 Z-0.125000
G01 X123.724000 Y61.824000 Z-0.125000
G01 X124.030000 Y61.989000 Z-0.125000
G01 X152.192000 Y90.151000 Z-0.125000
G01 X152.462000 Y90.279000 Z-0.125000
G01 X152.579000 Y90.085000 Z-0.125000
G01 X152.526000 Y89.722000 Z-0.125000
G01 X152.287000 Y89.341000 Z-0.125000
G01 X124.864000 Y61.919000 Z-0.125000
G01 X124.757000 Y61.670000 Z-0.125000
G01 X124.994000 Y61.596000 Z-0.125000
G01 X125.400000 Y61.692000 Z-0.125000
G01 X125.801000 Y61.952000 Z-0.125000
G01 X152.381000 Y88.531000 Z-0.125000
G01 X152.650000 Y88.659000 Z-0.125000
G01 X152.767000 Y88.465000 Z-0.125000
G01 X152.714000 Y88.102000 Z-0.125000
G01 X152.475000 Y87.721000 Z-0.125000
G01 X126.693000 Y61.939000 Z-0.125000
G01 X126.578000 Y61.683000 Z-0.125000
G01 X126.799000 Y61.594000 Z-0.125000
G01 X127.191000 Y61.674000 Z-0.125000
G01 X127.584000 Y61.927000 Z-0.125000
G01 X152.569000 Y86.911000 Z-0.125000
G01 X152.838000 Y87.039000 Z-0.125000
G01 X152.955000 Y86.846000 Z-0.125000
G01 X152.903000 Y86.482000 Z-0.125000
G01 X152.663000 Y86.101000 Z-0.125000
G01 X128.477000 Y61.916000 Z-0.125000
G01 X128.363000 Y61.660000 Z-0.125000
G01 X128.588000 Y61.574000 Z-0.125000
G01 X128.981000 Y61.657000 Z-0.125000
G01 X129.376000 Y61.911000 Z-0.125000
G01 X152.757000 Y85.292000 Z-0.125000
G01 X153.026000 Y85.420000 Z-0.125000
G01 X153.143000 Y85.226000 Z-0.125000
G01 X153.091000 Y84.863000 Z-0.125000
G01 X152.851000 Y84.482000 Z-0.125000
G01 X130.274000 Y61.905000 Z-0.125000
G01 X130.160000 Y61.650000 Z-0.125000
G01 X130.384000 Y61.563000 Z-0.125000
G01 X130.778000 Y61.646000 Z-0.125000
G01 X131.173000 Y61.900000 Z-0.125000
G01 X152.945000 Y83.673000 Z-0.125000
G01 X153.215000 Y83.800000 Z-0.125000
G01 X153.332000 Y83.607000 Z-0.125000
G01 X153.279000 Y83.243000 Z-0.125000
G01 X153.040000 Y82.862000 Z-0.125000
G01 X132.071000 Y61.894000 Z-0.125000
G01 X131.957000 Y61.639000 Z-0.125000
G01 X132.181000 Y61.552000 Z-0.125000
G01 X132.575000 Y61.635000 Z-0.125000
G01 X132.970000 Y61.889000 Z-0.125000
G01 X153.134000 Y82.053000 Z-0.125000
G01 X153.403000 Y82.181000 Z-0.125000
G01 X153.520000 Y81.987000 Z-0.125000
G01 X153.468000 Y81.624000 Z-0.125000
G01 X153.228000 Y81.243000 Z-0.125000
G01 X133.870000 Y61.885000 Z-0.125000
G01 X133.757000 Y61.630000 Z-0.125000
G01 X133.982000 Y61.545000 Z-0.125000
G01 X134.377000 Y61.629000 Z-0.125000
G01 X134.772000 Y61.884000 Z-0.125000
G01 X153.323000 Y80.434000 Z-0.125000
G01 X153.592000 Y80.562000 Z-0.125000
G01 X153.709000 Y80.368000 Z-0.125000
G01 X153.657000 Y80.005000 Z-0.125000
G01 X153.417000 Y79.624000 Z-0.125000
G01 X135.675000 Y61.882000 Z-0.125000
G01 X135.562000 Y61.627000 Z-0.125000
G01 X135.787000 Y61.542000 Z-0.125000
G01 X136.182000 Y61.627000 Z-0.125000
G01 X136.578000 Y61.881000 Z-0.125000
G01 X153.511000 Y78.815000 Z-0.125000
G01 X153.780000 Y78.943000 Z-0.125000
G01 X153.898000 Y78.749000 Z-0.125000
G01 X153.845000 Y78.386000 Z-0.125000
G01 X153.606000 Y78.005000 Z-0.125000
G01 X137.480000 Y61.877000 Z-0.125000
G01 X137.367000 Y61.622000 Z-0.125000
G01 X137.592000 Y61.537000 Z-0.125000
G01 X137.987000 Y61.621000 Z-0.125000
G01 X138.383000 Y61.876000 Z-0.125000
G01 X153.700000 Y77.193000 Z-0.125000
G01 X153.969000 Y77.321000 Z-0.125000
G01 X154.086000 Y77.127000 Z-0.125000
G01 X154.034000 Y76.764000 Z-0.125000
G01 X153.794000 Y76.383000 Z-0.125000
G01 X139.285000 Y61.874000 Z-0.125000
G01 X139.172000 Y61.619000 Z-0.125000
G01 X139.398000 Y61.534000 Z-0.125000
G01 X139.793000 Y61.619000 Z-0.125000
G01 X140.189000 Y61.873000 Z-0.125000
G01 X153.889000 Y75.573000 Z-0.125000
G01 X154.158000 Y75.701000 Z-0.125000
G01 X154.275000 Y75.507000 Z-0.125000
G01 X154.223000 Y75.144000 Z-0.125000
G01 X153.983000 Y74.763000 Z-0.125000
G01 X141.095000 Y61.874000 Z-0.125000
G01 X140.982000 Y61.620000 Z-0.125000
G01 X141.208000 Y61.536000 Z-0.125000
G01 X141.605000 Y61.621000 Z-0.125000
G01 X142.000000 Y61.875000 Z-0.125000
G01 X154.077000 Y73.952000 Z-0.125000
G01 X154.346000 Y74.080000 Z-0.125000
G01 X154.464000 Y73.886000 Z-0.125000
G01 X154.411000 Y73.523000 Z-0.125000
G01 X154.172000 Y73.142000 Z-0.125000
G01 X142.906000 Y61.877000 Z-0.125000
G01 X142.794000 Y61.623000 Z-0.125000
G01 X143.020000 Y61.539000 Z-0.125000
G01 X143.416000 Y61.624000 Z-0.125000
G01 X143.812000 Y61.878000 Z-0.125000
G01 X154.266000 Y72.332000 Z-0.125000
G01 X154.535000 Y72.460000 Z-0.125000
G01 X154.652000 Y72.266000 Z-0.125000
G01 X154.600000 Y71.903000 Z-0.125000
G01 X154.360000 Y71.522000 Z-0.125000
G01 X144.718000 Y61.880000 Z-0.125000
G01 X144.605000 Y61.625000 Z-0.125000
G01 X144.832000 Y61.541000 Z-0.125000
G01 X145.228000 Y61.626000 Z-0.125000
G01 X145.624000 Y61.881000 Z-0.125000
G01 X154.455000 Y70.711000 Z-0.125000
G01 X154.724000 Y70.839000 Z-0.125000
G01 X154.841000 Y70.645000 Z-0.125000
G01 X154.789000 Y70.282000 Z-0.125000
G01 X154.549000 Y69.901000 Z-0.125000
G01 X146.531000 Y61.883000 Z-0.125000
G01 X146.418000 Y61.629000 Z-0.125000
G01 X146.646000 Y61.546000 Z-0.125000
G01 X147.044000 Y61.633000 Z-0.125000
G01 X147.440000 Y61.888000 Z-0.125000
G01 X154.643000 Y69.091000 Z-0.125000
G01 X154.912000 Y69.219000 Z-0.125000
G01 X155.030000 Y69.025000 Z-0.125000
G01 X154.977000 Y68.662000 Z-0.125000
G01 X154.738000 Y68.281000 Z-0.125000
G01 X148.350000 Y61.893000 Z-0.125000
G01 X148.237000 Y61.640000 Z-0.125000
G01 X148.465000 Y61.557000 Z-0.125000
G01 X148.863000 Y61.643000 Z-0.125000
G01 X149.259000 Y61.898000 Z-0.125000
G01 X154.831000 Y67.470000 Z-0.125000
G01 X155.100000 Y67.598000 Z-0.125000
G01 X155.217000 Y67.404000 Z-0.125000
G01 X155.164000 Y67.040000 Z-0.125000
G01 X154.924000 Y66.659000 Z-0.125000
G01 X150.168000 Y61.903000 Z-0.125000
G01 X150.056000 Y61.650000 Z-0.125000
G01 X150.284000 Y61.567000 Z-0.125000
G01 X150.681000 Y61.653000 Z-0.125000
G01 X151.078000 Y61.908000 Z-0.125000
G01 X155.017000 Y65.848000 Z-0.125000
G01 X155.286000 Y65.975000 Z-0.125000
G01 X155.403000 Y65.781000 Z-0.125000
G01 X155.350000 Y65.418000 Z-0.125000
G01 X155.111000 Y65.037000 Z-0.125000
G01 X151.990000 Y61.916000 Z-0.125000
G01 X151.879000 Y61.664000 Z-0.125000
G01 X152.109000 Y61.583000 Z-0.125000
G01 X152.509000 Y61.671000 Z-0.125000
G01 X152.906000 Y61.927000 Z-0.125000
G01 X155.204000 Y64.225000 Z-0.125000
G01 X155.473000 Y64.352000 Z-0.125000
G01 X155.589000 Y64.158000 Z-0.125000
G01 X155.537000 Y63.795000 Z-0.125000
G01 X155.297000 Y63.414000 Z-0.125000
G01 X153.822000 Y61.938000 Z-0.125000
G01 X153.710000 Y61.686000 Z-0.125000
G01 X153.940000 Y61.605000 Z-0.125000
G01 X154.340000 Y61.693000 Z-0.125000
G01 X154.737000 Y61.949000 Z-0.125000
G01 X155.480000 Y62.691000 Z-0.125000
G01 X155.679000 Y62.750000 Z-0.125000
G01 X155.772000 Y62.532000 Z-0.125000
G01 X155.741000 Y62.190000 Z-0.125000
G01 X155.570000 Y61.877000 Z-0.125000
G01 X155.322000 Y61.630000 Z-0.125000
G00 Z5.000000

(End cutting path id: path2)


(Start cutting path id: path2)
(Change tool to Default tool)

G00 Z5.000000
G00 X165.662000 Y57.508000

G01 Z-0.125000 F100.0(Penetrate)
G01 X166.186000 Y58.031000 Z-0.125000 F400.000000
G01 X166.582000 Y58.286000 Z-0.125000
G01 X166.977000 Y58.370000 Z-0.125000
G01 X167.203000 Y58.286000 Z-0.125000
G01 X167.090000 Y58.031000 Z-0.125000
G01 X165.808000 Y56.749000 Z-0.125000
G01 X165.524000 Y56.323000 Z-0.125000
G01 X165.372000 Y55.861000 Z-0.125000
G01 X165.391000 Y55.569000 Z-0.125000
G01 X165.615000 Y55.652000 Z-0.125000
G01 X167.995000 Y58.031000 Z-0.125000
G01 X168.390000 Y58.286000 Z-0.125000
G01 X168.786000 Y58.370000 Z-0.125000
G01 X169.012000 Y58.286000 Z-0.125000
G01 X168.899000 Y58.031000 Z-0.125000
G01 X165.421000 Y54.554000 Z-0.125000
G01 X165.137000 Y54.128000 Z-0.125000
G01 X164.986000 Y53.666000 Z-0.125000
G01 X165.004000 Y53.373000 Z-0.125000
G01 X165.228000 Y53.456000 Z-0.125000
G01 X169.803000 Y58.031000 Z-0.125000
G01 X170.199000 Y58.286000 Z-0.125000
G01 X170.595000 Y58.370000 Z-0.125000
G01 X170.821000 Y58.286000 Z-0.125000
G01 X170.708000 Y58.031000 Z-0.125000
G01 X165.035000 Y52.359000 Z-0.125000
G01 X164.750000 Y51.933000 Z-0.125000
G01 X164.599000 Y51.471000 Z-0.125000
G01 X164.617000 Y51.178000 Z-0.125000
G01 X164.841000 Y51.261000 Z-0.125000
G01 X171.612000 Y58.031000 Z-0.125000
G01 X172.008000 Y58.286000 Z-0.125000
G01 X172.403000 Y58.370000 Z-0.125000
G01 X172.629000 Y58.286000 Z-0.125000
G01 X172.516000 Y58.031000 Z-0.125000
G01 X164.648000 Y50.163000 Z-0.125000
G01 X164.363000 Y49.737000 Z-0.125000
G01 X164.212000 Y49.275000 Z-0.125000
G01 X164.231000 Y48.983000 Z-0.125000
G01 X164.455000 Y49.066000 Z-0.125000
G01 X173.420000 Y58.031000 Z-0.125000
G01 X173.816000 Y58.286000 Z-0.125000
G01 X174.212000 Y58.370000 Z-0.125000
G01 X174.438000 Y58.286000 Z-0.125000
G01 X174.325000 Y58.031000 Z-0.125000
G01 X164.261000 Y47.968000 Z-0.125000
G01 X163.977000 Y47.542000 Z-0.125000
G01 X163.825000 Y47.080000 Z-0.125000
G01 X163.843000 Y46.787000 Z-0.125000
G01 X164.067000 Y46.870000 Z-0.125000
G01 X175.229000 Y58.031000 Z-0.125000
G01 X175.625000 Y58.286000 Z-0.125000
G01 X176.020000 Y58.370000 Z-0.125000
G01 X176.246000 Y58.286000 Z-0.125000
G01 X176.133000 Y58.031000 Z-0.125000
G01 X163.873000 Y45.771000 Z-0.125000
G01 X163.588000 Y45.345000 Z-0.125000
G01 X163.437000 Y44.882000 Z-0.125000
G01 X163.455000 Y44.590000 Z-0.125000
G01 X163.679000 Y44.672000 Z-0.125000
G01 X177.038000 Y58.031000 Z-0.125000
G01 X177.433000 Y58.286000 Z-0.125000
G01 X177.829000 Y58.370000 Z-0.125000
G01 X178.055000 Y58.286000 Z-0.125000
G01 X177.942000 Y58.031000 Z-0.125000
G01 X163.484000 Y43.573000 Z-0.125000
G01 X163.199000 Y43.147000 Z-0.125000
G01 X163.048000 Y42.685000 Z-0.125000
G01 X163.066000 Y42.392000 Z-0.125000
G01 X163.290000 Y42.475000 Z-0.125000
G01 X178.846000 Y58.031000 Z-0.125000
G01 X179.242000 Y58.286000 Z-0.125000
G01 X179.638000 Y58.370000 Z-0.125000
G01 X179.864000 Y58.286000 Z-0.125000
G01 X179.751000 Y58.031000 Z-0.125000
G01 X163.095000 Y41.376000 Z-0.125000
G01 X162.811000 Y40.950000 Z-0.125000
G01 X162.659000 Y40.488000 Z-0.125000
G01 X162.677000 Y40.195000 Z-0.125000
G01 X162.901000 Y40.277000 Z-0.125000
G01 X180.655000 Y58.031000 Z-0.125000
G01 X181.051000 Y58.286000 Z-0.125000
G01 X181.446000 Y58.370000 Z-0.125000
G01 X181.672000 Y58.286000 Z-0.125000
G01 X181.559000 Y58.031000 Z-0.125000
G01 X162.706000 Y39.179000 Z-0.125000
G01 X162.422000 Y38.752000 Z-0.125000
G01 X162.270000 Y38.290000 Z-0.125000
G01 X162.288000 Y37.997000 Z-0.125000
G01 X162.511000 Y38.079000 Z-0.125000
G01 X182.462000 Y58.030000 Z-0.125000
G01 X182.857000 Y58.284000 Z-0.125000
G01 X183.252000 Y58.368000 Z-0.125000
G01 X183.478000 Y58.283000 Z-0.125000
G01 X183.365000 Y58.029000 Z-0.125000
G01 X162.314000 Y36.978000 Z-0.125000
G01 X162.029000 Y36.552000 Z-0.125000
G01 X161.876000 Y36.088000 Z-0.125000
G01 X161.893000 Y35.794000 Z-0.125000
G01 X162.117000 Y35.876000 Z-0.125000
G01 X184.267000 Y58.027000 Z-0.125000
G01 X184.663000 Y58.281000 Z-0.125000
G01 X185.058000 Y58.366000 Z-0.125000
G01 X185.283000 Y58.280000 Z-0.125000
G01 X185.170000 Y58.026000 Z-0.125000
G01 X161.919000 Y34.775000 Z-0.125000
G01 X161.634000 Y34.349000 Z-0.125000
G01 X161.481000 Y33.885000 Z-0.125000
G01 X161.498000 Y33.591000 Z-0.125000
G01 X161.722000 Y33.673000 Z-0.125000
G01 X186.073000 Y58.025000 Z-0.125000
G01 X186.468000 Y58.279000 Z-0.125000
G01 X186.863000 Y58.363000 Z-0.125000
G01 X187.089000 Y58.278000 Z-0.125000
G01 X186.976000 Y58.024000 Z-0.125000
G01 X161.523000 Y32.571000 Z-0.125000
G01 X161.240000 Y32.147000 Z-0.125000
G01 X161.092000 Y31.688000 Z-0.125000
G01 X161.113000 Y31.398000 Z-0.125000
G01 X161.338000 Y31.482000 Z-0.125000
G01 X187.878000 Y58.022000 Z-0.125000
G01 X188.273000 Y58.276000 Z-0.125000
G01 X188.667000 Y58.359000 Z-0.125000
G01 X188.891000 Y58.272000 Z-0.125000
G01 X188.777000 Y58.017000 Z-0.125000
G01 X161.180000 Y30.420000 Z-0.125000
G01 X160.902000 Y30.000000 Z-0.125000
G01 X160.765000 Y29.552000 Z-0.125000
G01 X160.797000 Y29.273000 Z-0.125000
G01 X161.027000 Y29.363000 Z-0.125000
G01 X189.681000 Y58.011000 Z-0.125000
G01 X190.076000 Y58.264000 Z-0.125000
G01 X190.470000 Y58.347000 Z-0.125000
G01 X190.694000 Y58.261000 Z-0.125000
G01 X190.580000 Y58.006000 Z-0.125000
G01 X161.606000 Y29.032000 Z-0.125000
G01 X161.489000 Y28.774000 Z-0.125000
G01 X161.707000 Y28.680000 Z-0.125000
G01 X162.094000 Y28.756000 Z-0.125000
G01 X162.485000 Y29.007000 Z-0.125000
G01 X191.479000 Y58.001000 Z-0.125000
G01 X191.874000 Y58.254000 Z-0.125000
G01 X192.268000 Y58.337000 Z-0.125000
G01 X192.492000 Y58.251000 Z-0.125000
G01 X192.378000 Y57.996000 Z-0.125000
G01 X163.374000 Y28.992000 Z-0.125000
G01 X163.259000 Y28.735000 Z-0.125000
G01 X163.480000 Y28.646000 Z-0.125000
G01 X163.871000 Y28.725000 Z-0.125000
G01 X164.264000 Y28.978000 Z-0.125000
G01 X193.276000 Y57.989000 Z-0.125000
G01 X193.670000 Y58.241000 Z-0.125000
G01 X194.061000 Y58.322000 Z-0.125000
G01 X194.283000 Y58.234000 Z-0.125000
G01 X194.169000 Y57.978000 Z-0.125000
G01 X165.159000 Y28.969000 Z-0.125000
G01 X165.045000 Y28.713000 Z-0.125000
G01 X165.268000 Y28.625000 Z-0.125000
G01 X165.660000 Y28.707000 Z-0.125000
G01 X166.054000 Y28.960000 Z-0.125000
G01 X195.062000 Y57.967000 Z-0.125000
G01 X195.455000 Y58.219000 Z-0.125000
G01 X195.847000 Y58.300000 Z-0.125000
G01 X196.069000 Y58.212000 Z-0.125000
G01 X195.954000 Y57.956000 Z-0.125000
G01 X166.950000 Y28.951000 Z-0.125000
G01 X166.836000 Y28.696000 Z-0.125000
G01 X167.061000 Y28.610000 Z-0.125000
G01 X167.455000 Y28.694000 Z-0.125000
G01 X167.850000 Y28.947000 Z-0.125000
G01 X196.843000 Y57.940000 Z-0.125000
G01 X197.223000 Y58.178000 Z-0.125000
G01 X197.584000 Y58.229000 Z-0.125000
G01 X197.776000 Y58.110000 Z-0.125000
G01 X197.647000 Y57.840000 Z-0.125000
G01 X168.751000 Y28.943000 Z-0.125000
G01 X168.637000 Y28.688000 Z-0.125000
G01 X168.862000 Y28.602000 Z-0.125000
G01 X169.256000 Y28.685000 Z-0.125000
G01 X169.651000 Y28.939000 Z-0.125000
G01 X197.708000 Y56.997000 Z-0.125000
G01 X197.972000 Y57.119000 Z-0.125000
G01 X198.077000 Y56.914000 Z-0.125000
G01 X198.014000 Y56.539000 Z-0.125000
G01 X197.769000 Y56.153000 Z-0.125000
G01 X170.551000 Y28.935000 Z-0.125000
G01 X170.437000 Y28.680000 Z-0.125000
G01 X170.662000 Y28.594000 Z-0.125000
G01 X171.056000 Y28.677000 Z-0.125000
G01 X171.451000 Y28.931000 Z-0.125000
G01 X197.830000 Y55.307000 Z-0.125000
G01 X198.094000 Y55.429000 Z-0.125000
G01 X198.199000 Y55.224000 Z-0.125000
G01 X198.135000 Y54.849000 Z-0.125000
G01 X197.891000 Y54.463000 Z-0.125000
G01 X172.352000 Y28.924000 Z-0.125000
G01 X172.238000 Y28.669000 Z-0.125000
G01 X172.463000 Y28.583000 Z-0.125000
G01 X172.857000 Y28.666000 Z-0.125000
G01 X173.252000 Y28.920000 Z-0.125000
G01 X197.951000 Y53.619000 Z-0.125000
G01 X198.215000 Y53.742000 Z-0.125000
G01 X198.321000 Y53.537000 Z-0.125000
G01 X198.257000 Y53.162000 Z-0.125000
G01 X198.012000 Y52.776000 Z-0.125000
G01 X174.156000 Y28.920000 Z-0.125000
G01 X174.043000 Y28.666000 Z-0.125000
G01 X174.270000 Y28.581000 Z-0.125000
G01 X174.665000 Y28.666000 Z-0.125000
G01 X175.061000 Y28.920000 Z-0.125000
G01 X198.072000 Y51.932000 Z-0.125000
G01 X198.336000 Y52.055000 Z-0.125000
G01 X198.442000 Y51.849000 Z-0.125000
G01 X198.378000 Y51.474000 Z-0.125000
G01 X198.133000 Y51.088000 Z-0.125000
G01 X175.965000 Y28.920000 Z-0.125000
G01 X175.852000 Y28.666000 Z-0.125000
G01 X176.078000 Y28.581000 Z-0.125000
G01 X176.474000 Y28.666000 Z-0.125000
G01 X176.869000 Y28.920000 Z-0.125000
G01 X198.194000 Y50.245000 Z-0.125000
G01 X198.457000 Y50.367000 Z-0.125000
G01 X198.563000 Y50.162000 Z-0.125000
G01 X198.499000 Y49.787000 Z-0.125000
G01 X198.254000 Y49.401000 Z-0.125000
G01 X177.774000 Y28.920000 Z-0.125000
G01 X177.661000 Y28.666000 Z-0.125000
G01 X177.887000 Y28.581000 Z-0.125000
G01 X178.282000 Y28.666000 Z-0.125000
G01 X178.678000 Y28.920000 Z-0.125000
G01 X198.315000 Y48.557000 Z-0.125000
G01 X198.579000 Y48.680000 Z-0.125000
G01 X198.684000 Y48.475000 Z-0.125000
G01 X198.620000 Y48.100000 Z-0.125000
G01 X198.376000 Y47.714000 Z-0.125000
G01 X179.582000 Y28.920000 Z-0.125000
G01 X179.469000 Y28.666000 Z-0.125000
G01 X179.695000 Y28.581000 Z-0.125000
G01 X180.091000 Y28.666000 Z-0.125000
G01 X180.487000 Y28.920000 Z-0.125000
G01 X198.436000 Y46.870000 Z-0.125000
G01 X198.700000 Y46.992000 Z-0.125000
G01 X198.806000 Y46.787000 Z-0.125000
G01 X198.742000 Y46.412000 Z-0.125000
G01 X198.497000 Y46.026000 Z-0.125000
G01 X181.393000 Y28.922000 Z-0.125000
G01 X181.280000 Y28.668000 Z-0.125000
G01 X181.507000 Y28.584000 Z-0.125000
G01 X181.904000 Y28.670000 Z-0.125000
G01 X182.300000 Y28.925000 Z-0.125000
G01 X198.557000 Y45.183000 Z-0.125000
G01 X198.821000 Y45.305000 Z-0.125000
G01 X198.927000 Y45.100000 Z-0.125000
G01 X198.863000 Y44.725000 Z-0.125000
G01 X198.618000 Y44.339000 Z-0.125000
G01 X183.207000 Y28.928000 Z-0.125000
G01 X183.094000 Y28.674000 Z-0.125000
G01 X183.321000 Y28.590000 Z-0.125000
G01 X183.718000 Y28.676000 Z-0.125000
G01 X184.114000 Y28.931000 Z-0.125000
G01 X198.679000 Y43.496000 Z-0.125000
G01 X198.942000 Y43.618000 Z-0.125000
G01 X199.048000 Y43.413000 Z-0.125000
G01 X198.984000 Y43.038000 Z-0.125000
G01 X198.739000 Y42.652000 Z-0.125000
G01 X185.021000 Y28.934000 Z-0.125000
G01 X184.908000 Y28.680000 Z-0.125000
G01 X185.135000 Y28.596000 Z-0.125000
G01 X185.532000 Y28.682000 Z-0.125000
G01 X185.928000 Y28.937000 Z-0.125000
G01 X198.800000 Y41.808000 Z-0.125000
G01 X199.064000 Y41.931000 Z-0.125000
G01 X199.169000 Y41.725000 Z-0.125000
G01 X199.105000 Y41.351000 Z-0.125000
G01 X198.860000 Y40.964000 Z-0.125000
G01 X186.838000 Y28.942000 Z-0.125000
G01 X186.725000 Y28.688000 Z-0.125000
G01 X186.953000 Y28.605000 Z-0.125000
G01 X187.351000 Y28.692000 Z-0.125000
G01 X187.747000 Y28.947000 Z-0.125000
G01 X198.921000 Y40.120000 Z-0.125000
G01 X199.185000 Y40.243000 Z-0.125000
G01 X199.290000 Y40.038000 Z-0.125000
G01 X199.226000 Y39.663000 Z-0.125000
G01 X198.981000 Y39.277000 Z-0.125000
G01 X188.657000 Y28.952000 Z-0.125000
G01 X188.544000 Y28.698000 Z-0.125000
G01 X188.772000 Y28.615000 Z-0.125000
G01 X189.170000 Y28.702000 Z-0.125000
G01 X189.566000 Y28.957000 Z-0.125000
G01 X199.042000 Y38.433000 Z-0.125000
G01 X199.306000 Y38.555000 Z-0.125000
G01 X199.411000 Y38.350000 Z-0.125000
G01 X199.347000 Y37.975000 Z-0.125000
G01 X199.102000 Y37.589000 Z-0.125000
G01 X190.477000 Y28.963000 Z-0.125000
G01 X190.365000 Y28.711000 Z-0.125000
G01 X190.595000 Y28.629000 Z-0.125000
G01 X190.994000 Y28.717000 Z-0.125000
G01 X191.391000 Y28.972000 Z-0.125000
G01 X199.163000 Y36.745000 Z-0.125000
G01 X199.427000 Y36.867000 Z-0.125000
G01 X199.532000 Y36.662000 Z-0.125000
G01 X199.468000 Y36.287000 Z-0.125000
G01 X199.223000 Y35.901000 Z-0.125000
G01 X192.304000 Y28.982000 Z-0.125000
G01 X192.193000 Y28.729000 Z-0.125000
G01 X192.422000 Y28.647000 Z-0.125000
G01 X192.821000 Y28.735000 Z-0.125000
G01 X193.218000 Y28.991000 Z-0.125000
G01 X199.284000 Y35.057000 Z-0.125000
G01 X199.548000 Y35.179000 Z-0.125000
G01 X199.653000 Y34.974000 Z-0.125000
G01 X199.589000 Y34.599000 Z-0.125000
G01 X199.345000 Y34.213000 Z-0.125000
G01 X194.135000 Y29.004000 Z-0.125000
G01 X194.025000 Y28.752000 Z-0.125000
G01 X194.257000 Y28.673000 Z-0.125000
G01 X194.658000 Y28.763000 Z-0.125000
G01 X195.056000 Y29.020000 Z-0.125000
G01 X199.405000 Y33.369000 Z-0.125000
G01 X199.669000 Y33.491000 Z-0.125000
G01 X199.774000 Y33.286000 Z-0.125000
G01 X199.710000 Y32.911000 Z-0.125000
G01 X199.465000 Y32.524000 Z-0.125000
G01 X195.976000 Y29.036000 Z-0.125000
G01 X195.867000 Y28.785000 Z-0.125000
G01 X196.101000 Y28.709000 Z-0.125000
G01 X196.505000 Y28.802000 Z-0.125000
G01 X196.905000 Y29.060000 Z-0.125000
G01 X199.523000 Y31.679000 Z-0.125000
G01 X199.787000 Y31.801000 Z-0.125000
G01 X199.892000 Y31.595000 Z-0.125000
G01 X199.827000 Y31.220000 Z-0.125000
G01 X199.582000 Y30.833000 Z-0.125000
G01 X197.837000 Y29.088000 Z-0.125000
G01 X197.730000 Y28.840000 Z-0.125000
G01 X197.969000 Y28.768000 Z-0.125000
G01 X198.377000 Y28.866000 Z-0.125000
G01 X198.779000 Y29.126000 Z-0.125000
G01 X199.647000 Y29.994000 Z-0.125000
G01 X199.905000 Y30.111000 Z-0.125000
G01 X200.008000 Y29.903000 Z-0.125000
G01 X199.943000 Y29.527000 Z-0.125000
G01 X199.702000 Y29.144000 Z-0.125000
G01 X199.368000 Y28.811000 Z-0.125000
G00 Z5.000000

(End cutting path id: path2)


(Start cutting path id: path2)
(Change tool to Default tool)

G00 Z5.000000
G00 X215.158000 Y25.610000

G01 Z-0.125000 F100.0(Penetrate)
G01 X215.230000 Y25.682000 Z-0.125000 F400.000000
G01 X215.753000 Y25.754000 Z-0.125000
G01 X216.133000 Y25.681000 Z-0.125000
G01 X215.497000 Y25.045000 Z-0.125000
G01 X215.242000 Y24.649000 Z-0.125000
G01 X215.158000 Y24.254000 Z-0.125000
G01 X215.242000 Y24.028000 Z-0.125000
G01 X215.497000 Y24.141000 Z-0.125000
G01 X216.770000 Y25.414000 Z-0.125000
G01 X217.165000 Y25.668000 Z-0.125000
G01 X217.561000 Y25.752000 Z-0.125000
G01 X217.786000 Y25.667000 Z-0.125000
G01 X217.673000 Y25.413000 Z-0.125000
G01 X215.497000 Y23.236000 Z-0.125000
G01 X215.242000 Y22.841000 Z-0.125000
G01 X215.158000 Y22.445000 Z-0.125000
G01 X215.242000 Y22.219000 Z-0.125000
G01 X215.497000 Y22.332000 Z-0.125000
G01 X218.577000 Y25.412000 Z-0.125000
G01 X218.972000 Y25.666000 Z-0.125000
G01 X219.368000 Y25.751000 Z-0.125000
G01 X219.594000 Y25.666000 Z-0.125000
G01 X219.481000 Y25.411000 Z-0.125000
G01 X215.497000 Y21.428000 Z-0.125000
G01 X215.242000 Y21.032000 Z-0.125000
G01 X215.158000 Y20.636000 Z-0.125000
G01 X215.242000 Y20.410000 Z-0.125000
G01 X215.497000 Y20.523000 Z-0.125000
G01 X220.384000 Y25.411000 Z-0.125000
G01 X220.780000 Y25.665000 Z-0.125000
G01 X221.175000 Y25.750000 Z-0.125000
G01 X221.401000 Y25.665000 Z-0.125000
G01 X221.288000 Y25.410000 Z-0.125000
G01 X215.497000 Y19.619000 Z-0.125000
G01 X215.242000 Y19.223000 Z-0.125000
G01 X215.158000 Y18.828000 Z-0.125000
G01 X215.242000 Y18.602000 Z-0.125000
G01 X215.497000 Y18.715000 Z-0.125000
G01 X222.191000 Y25.409000 Z-0.125000
G01 X222.587000 Y25.664000 Z-0.125000
G01 X222.982000 Y25.748000 Z-0.125000
G01 X223.208000 Y25.663000 Z-0.125000
G01 X223.095000 Y25.409000 Z-0.125000
G01 X215.497000 Y17.810000 Z-0.125000
G01 X215.242000 Y17.415000 Z-0.125000
G01 X215.158000 Y17.019000 Z-0.125000
G01 X215.242000 Y16.793000 Z-0.125000
G01 X215.497000 Y16.906000 Z-0.125000
G01 X223.999000 Y25.408000 Z-0.125000
G01 X224.394000 Y25.662000 Z-0.125000
G01 X224.790000 Y25.747000 Z-0.125000
G01 X225.015000 Y25.662000 Z-0.125000
G01 X224.902000 Y25.407000 Z-0.125000
G01 X215.497000 Y16.002000 Z-0.125000
G01 X215.242000 Y15.606000 Z-0.125000
G01 X215.157000 Y15.210000 Z-0.125000
G01 X215.242000 Y14.984000 Z-0.125000
G01 X215.497000 Y15.097000 Z-0.125000
G01 X225.806000 Y25.407000 Z-0.125000
G01 X226.201000 Y25.661000 Z-0.125000
G01 X226.597000 Y25.745000 Z-0.125000
G01 X226.823000 Y25.660000 Z-0.125000
G01 X226.709000 Y25.406000 Z-0.125000
G01 X216.179000 Y14.876000 Z-0.125000
G01 X216.066000 Y14.622000 Z-0.125000
G01 X216.292000 Y14.537000 Z-0.125000
G01 X216.688000 Y14.622000 Z-0.125000
G01 X217.084000 Y14.876000 Z-0.125000
G01 X227.613000 Y25.405000 Z-0.125000
G01 X228.009000 Y25.659000 Z-0.125000
G01 X228.404000 Y25.744000 Z-0.125000
G01 X228.630000 Y25.659000 Z-0.125000
G01 X228.517000 Y25.405000 Z-0.125000
G01 X217.988000 Y14.876000 Z-0.125000
G01 X217.875000 Y14.622000 Z-0.125000
G01 X218.101000 Y14.537000 Z-0.125000
G01 X218.497000 Y14.622000 Z-0.125000
G01 X218.892000 Y14.876000 Z-0.125000
G01 X229.420000 Y25.404000 Z-0.125000
G01 X229.816000 Y25.658000 Z-0.125000
G01 X230.211000 Y25.743000 Z-0.125000
G01 X230.437000 Y25.658000 Z-0.125000
G01 X230.324000 Y25.403000 Z-0.125000
G01 X219.797000 Y14.876000 Z-0.125000
G01 X219.684000 Y14.622000 Z-0.125000
G01 X219.910000 Y14.537000 Z-0.125000
G01 X220.305000 Y14.622000 Z-0.125000
G01 X220.701000 Y14.876000 Z-0.125000
G01 X231.227000 Y25.402000 Z-0.125000
G01 X231.623000 Y25.657000 Z-0.125000
G01 X232.018000 Y25.741000 Z-0.125000
G01 X232.244000 Y25.656000 Z-0.125000
G01 X232.131000 Y25.402000 Z-0.125000
G01 X221.605000 Y14.876000 Z-0.125000
G01 X221.492000 Y14.622000 Z-0.125000
G01 X221.718000 Y14.537000 Z-0.125000
G01 X222.114000 Y14.622000 Z-0.125000
G01 X222.510000 Y14.876000 Z-0.125000
G01 X233.035000 Y25.401000 Z-0.125000
G01 X233.430000 Y25.655000 Z-0.125000
G01 X233.826000 Y25.740000 Z-0.125000
G01 X234.051000 Y25.655000 Z-0.125000
G01 X233.938000 Y25.400000 Z-0.125000
G01 X223.414000 Y14.876000 Z-0.125000
G01 X223.301000 Y14.622000 Z-0.125000
G01 X223.527000 Y14.537000 Z-0.125000
G01 X223.922000 Y14.622000 Z-0.125000
G01 X224.318000 Y14.876000 Z-0.125000
G01 X234.842000 Y25.400000 Z-0.125000
G01 X235.237000 Y25.654000 Z-0.125000
G01 X235.633000 Y25.738000 Z-0.125000
G01 X235.859000 Y25.653000 Z-0.125000
G01 X235.746000 Y25.399000 Z-0.125000
G01 X225.222000 Y14.876000 Z-0.125000
G01 X225.109000 Y14.622000 Z-0.125000
G01 X225.335000 Y14.537000 Z-0.125000
G01 X225.731000 Y14.622000 Z-0.125000
G01 X226.127000 Y14.876000 Z-0.125000
G01 X236.649000 Y25.398000 Z-0.125000
G01 X237.045000 Y25.653000 Z-0.125000
G01 X237.440000 Y25.737000 Z-0.125000
G01 X237.666000 Y25.652000 Z-0.125000
G01 X237.553000 Y25.398000 Z-0.125000
G01 X227.031000 Y14.876000 Z-0.125000
G01 X226.918000 Y14.622000 Z-0.125000
G01 X227.144000 Y14.537000 Z-0.125000
G01 X227.540000 Y14.622000 Z-0.125000
G01 X227.935000 Y14.876000 Z-0.125000
G01 X238.456000 Y25.397000 Z-0.125000
G01 X238.852000 Y25.651000 Z-0.125000
G01 X239.247000 Y25.736000 Z-0.125000
G01 X239.473000 Y25.651000 Z-0.125000
G01 X239.360000 Y25.396000 Z-0.125000
G01 X228.840000 Y14.876000 Z-0.125000
G01 X228.727000 Y14.622000 Z-0.125000
G01 X228.953000 Y14.537000 Z-0.125000
G01 X229.348000 Y14.622000 Z-0.125000
G01 X229.744000 Y14.876000 Z-0.125000
G01 X240.264000 Y25.396000 Z-0.125000
G01 X240.659000 Y25.650000 Z-0.125000
G01 X241.054000 Y25.734000 Z-0.125000
G01 X241.280000 Y25.649000 Z-0.125000
G01 X241.167000 Y25.395000 Z-0.125000
G01 X230.648000 Y14.876000 Z-0.125000
G01 X230.535000 Y14.622000 Z-0.125000
G01 X230.761000 Y14.537000 Z-0.125000
G01 X231.157000 Y14.622000 Z-0.125000
G01 X231.553000 Y14.876000 Z-0.125000
G01 X242.071000 Y25.394000 Z-0.125000
G01 X242.466000 Y25.648000 Z-0.125000
G01 X242.862000 Y25.733000 Z-0.125000
G01 X243.088000 Y25.648000 Z-0.125000
G01 X242.974000 Y25.393000 Z-0.125000
G01 X232.457000 Y14.876000 Z-0.125000
G01 X232.344000 Y14.622000 Z-0.125000
G01 X232.570000 Y14.537000 Z-0.125000
G01 X232.966000 Y14.622000 Z-0.125000
G01 X233.361000 Y14.876000 Z-0.125000
G01 X243.878000 Y25.393000 Z-0.125000
G01 X244.274000 Y25.647000 Z-0.125000
G01 X244.669000 Y25.732000 Z-0.125000
G01 X244.895000 Y25.646000 Z-0.125000
G01 X244.782000 Y25.392000 Z-0.125000
G01 X234.265000 Y14.876000 Z-0.125000
G01 X234.152000 Y14.622000 Z-0.125000
G01 X234.378000 Y14.537000 Z-0.125000
G01 X234.774000 Y14.622000 Z-0.125000
G01 X235.170000 Y14.876000 Z-0.125000
G01 X245.685000 Y25.391000 Z-0.125000
G01 X246.081000 Y25.646000 Z-0.125000
G01 X246.476000 Y25.730000 Z-0.125000
G01 X246.702000 Y25.645000 Z-0.125000
G01 X246.589000 Y25.391000 Z-0.125000
G01 X236.074000 Y14.876000 Z-0.125000
G01 X235.961000 Y14.622000 Z-0.125000
G01 X236.187000 Y14.537000 Z-0.125000
G01 X236.583000 Y14.622000 Z-0.125000
G01 X236.978000 Y14.876000 Z-0.125000
G01 X247.492000 Y25.390000 Z-0.125000
G01 X247.888000 Y25.644000 Z-0.125000
G01 X248.283000 Y25.729000 Z-0.125000
G01 X248.509000 Y25.644000 Z-0.125000
G01 X248.396000 Y25.389000 Z-0.125000
G01 X237.883000 Y14.876000 Z-0.125000
G01 X237.770000 Y14.622000 Z-0.125000
G01 X237.996000 Y14.537000 Z-0.125000
G01 X238.391000 Y14.622000 Z-0.125000
G01 X238.787000 Y14.876000 Z-0.125000
G01 X249.300000 Y25.389000 Z-0.125000
G01 X249.695000 Y25.643000 Z-0.125000
G01 X250.091000 Y25.727000 Z-0.125000
G01 X250.316000 Y25.642000 Z-0.125000
G01 X250.203000 Y25.388000 Z-0.125000
G01 X239.692000 Y14.872000 Z-0.125000
G01 X239.579000 Y14.618000 Z-0.125000
G01 X239.805000 Y14.533000 Z-0.125000
G01 X240.201000 Y14.618000 Z-0.125000
G01 X240.596000 Y14.872000 Z-0.125000
G01 X251.108000 Y25.383000 Z-0.125000
G01 X251.503000 Y25.638000 Z-0.125000
G01 X251.898000 Y25.722000 Z-0.125000
G01 X252.124000 Y25.637000 Z-0.125000
G01 X252.011000 Y25.383000 Z-0.125000
G01 X241.501000 Y14.872000 Z-0.125000
G01 X241.387000 Y14.618000 Z-0.125000
G01 X241.614000 Y14.533000 Z-0.125000
G01 X242.009000 Y14.618000 Z-0.125000
G01 X242.405000 Y14.872000 Z-0.125000
G01 X252.915000 Y25.382000 Z-0.125000
G01 X253.310000 Y25.636000 Z-0.125000
G01 X253.706000 Y25.721000 Z-0.125000
G01 X253.931000 Y25.636000 Z-0.125000
G01 X253.818000 Y25.381000 Z-0.125000
G01 X243.309000 Y14.872000 Z-0.125000
G01 X243.196000 Y14.618000 Z-0.125000
G01 X243.422000 Y14.533000 Z-0.125000
G01 X243.818000 Y14.618000 Z-0.125000
G01 X244.213000 Y14.872000 Z-0.125000
G01 X254.722000 Y25.381000 Z-0.125000
G01 X255.117000 Y25.635000 Z-0.125000
G01 X255.513000 Y25.719000 Z-0.125000
G01 X255.739000 Y25.634000 Z-0.125000
G01 X255.626000 Y25.380000 Z-0.125000
G01 X245.118000 Y14.872000 Z-0.125000
G01 X245.005000 Y14.618000 Z-0.125000
G01 X245.231000 Y14.533000 Z-0.125000
G01 X245.626000 Y14.618000 Z-0.125000
G01 X246.022000 Y14.872000 Z-0.125000
G01 X256.529000 Y25.379000 Z-0.125000
G01 X256.925000 Y25.634000 Z-0.125000
G01 X257.320000 Y25.718000 Z-0.125000
G01 X257.546000 Y25.633000 Z-0.125000
G01 X257.433000 Y25.379000 Z-0.125000
G01 X246.926000 Y14.872000 Z-0.125000
G01 X246.813000 Y14.618000 Z-0.125000
G01 X247.039000 Y14.533000 Z-0.125000
G01 X247.435000 Y14.618000 Z-0.125000
G01 X247.831000 Y14.872000 Z-0.125000
G01 X258.336000 Y25.378000 Z-0.125000
G01 X258.688000 Y25.588000 Z-0.125000
G01 X258.986000 Y25.576000 Z-0.125000
G01 X259.115000 Y25.394000 Z-0.125000
G01 X258.958000 Y25.095000 Z-0.125000
G01 X248.735000 Y14.872000 Z-0.125000
G01 X248.622000 Y14.618000 Z-0.125000
G01 X248.848000 Y14.533000 Z-0.125000
G01 X249.244000 Y14.618000 Z-0.125000
G01 X249.639000 Y14.872000 Z-0.125000
G01 X259.468000 Y24.701000 Z-0.125000
G01 X259.802000 Y24.894000 Z-0.125000
G01 X260.062000 Y24.843000 Z-0.125000
G01 X260.153000 Y24.623000 Z-0.125000
G01 X259.978000 Y24.307000 Z-0.125000
G01 X250.544000 Y14.872000 Z-0.125000
G01 X250.431000 Y14.618000 Z-0.125000
G01 X250.657000 Y14.533000 Z-0.125000
G01 X251.052000 Y14.618000 Z-0.125000
G01 X251.448000 Y14.872000 Z-0.125000
G01 X260.489000 Y23.913000 Z-0.125000
G01 X260.823000 Y24.106000 Z-0.125000
G01 X261.083000 Y24.055000 Z-0.125000
G01 X261.173000 Y23.835000 Z-0.125000
G01 X260.999000 Y23.519000 Z-0.125000
G01 X252.352000 Y14.872000 Z-0.125000
G01 X252.239000 Y14.618000 Z-0.125000
G01 X252.465000 Y14.533000 Z-0.125000
G01 X252.861000 Y14.618000 Z-0.125000
G01 X253.256000 Y14.872000 Z-0.125000
G01 X261.509000 Y23.125000 Z-0.125000
G01 X261.843000 Y23.317000 Z-0.125000
G01 X262.103000 Y23.267000 Z-0.125000
G01 X262.194000 Y23.046000 Z-0.125000
G01 X262.019000 Y22.731000 Z-0.125000
G01 X254.161000 Y14.872000 Z-0.125000
G01 X254.048000 Y14.618000 Z-0.125000
G01 X254.274000 Y14.533000 Z-0.125000
G01 X254.669000 Y14.618000 Z-0.125000
G01 X255.065000 Y14.872000 Z-0.125000
G01 X262.529000 Y22.336000 Z-0.125000
G01 X262.863000 Y22.529000 Z-0.125000
G01 X263.123000 Y22.478000 Z-0.125000
G01 X263.214000 Y22.258000 Z-0.125000
G01 X263.039000 Y21.942000 Z-0.125000
G01 X255.969000 Y14.872000 Z-0.125000
G01 X255.856000 Y14.618000 Z-0.125000
G01 X256.082000 Y14.533000 Z-0.125000
G01 X256.478000 Y14.618000 Z-0.125000
G01 X256.874000 Y14.872000 Z-0.125000
G01 X263.550000 Y21.548000 Z-0.125000
G01 X263.884000 Y21.741000 Z-0.125000
G01 X264.144000 Y21.690000 Z-0.125000
G01 X264.234000 Y21.470000 Z-0.125000
G01 X264.060000 Y21.154000 Z-0.125000
G01 X257.778000 Y14.872000 Z-0.125000
G01 X257.665000 Y14.618000 Z-0.125000
G01 X257.891000 Y14.533000 Z-0.125000
G01 X258.287000 Y14.618000 Z-0.125000
G01 X258.682000 Y14.872000 Z-0.125000
G01 X264.570000 Y20.760000 Z-0.125000
G01 X264.904000 Y20.953000 Z-0.125000
G01 X265.164000 Y20.902000 Z-0.125000
G01 X265.255000 Y20.682000 Z-0.125000
G01 X265.080000 Y20.366000 Z-0.125000
G01 X259.587000 Y14.872000 Z-0.125000
G01 X259.474000 Y14.618000 Z-0.125000
G01 X259.700000 Y14.533000 Z-0.125000
G01 X260.095000 Y14.618000 Z-0.125000
G01 X260.491000 Y14.872000 Z-0.125000
G01 X265.498000 Y19.879000 Z-0.125000
G01 X265.757000 Y19.997000 Z-0.125000
G01 X265.851000 Y19.780000 Z-0.125000
G01 X265.777000 Y19.395000 Z-0.125000
G01 X265.527000 Y19.004000 Z-0.125000
G01 X261.395000 Y14.872000 Z-0.125000
G01 X261.282000 Y14.618000 Z-0.125000
G01 X261.508000 Y14.533000 Z-0.125000
G01 X261.904000 Y14.618000 Z-0.125000
G01 X262.300000 Y14.872000 Z-0.125000
G01 X265.556000 Y18.128000 Z-0.125000
G01 X265.815000 Y18.246000 Z-0.125000
G01 X265.909000 Y18.030000 Z-0.125000
G01 X265.834000 Y17.644000 Z-0.125000
G01 X265.585000 Y17.253000 Z-0.125000
G01 X263.204000 Y14.872000 Z-0.125000
G01 X263.091000 Y14.618000 Z-0.125000
G01 X263.317000 Y14.533000 Z-0.125000
G01 X263.713000 Y14.618000 Z-0.125000
G01 X264.108000 Y14.872000 Z-0.125000
G01 X265.614000 Y16.378000 Z-0.125000
G01 X265.872000 Y16.495000 Z-0.125000
G01 X265.967000 Y16.279000 Z-0.125000
G01 X265.892000 Y15.893000 Z-0.125000
G01 X265.643000 Y15.502000 Z-0.125000
G01 X264.890000 Y14.750000 Z-0.125000
G01 X264.869000 Y14.587000 Z-0.125000
G01 X265.126000 Y14.533000 Z-0.125000
G01 X265.794000 Y14.750000 Z-0.125000
G01 X266.011000 Y14.966000 Z-0.125000
G00 Z5.000000

(End cutting path id: path2)


(Start cutting path id: path2)
(Change tool to Default tool)

G00 Z5.000000
G00 X282.553000 Y43.269000

G01 Z-0.125000 F100.0(Penetrate)
G01 X291.774000 Y52.490000 Z-0.125000 F400.000000
G00 Z5.000000

(End cutting path id: path2)


(Start cutting path id: path2)
(Change tool to Default tool)

G00 Z5.000000
G00 X285.300000 Y45.111000

G01 Z-0.125000 F100.0(Penetrate)
G01 X290.170000 Y49.981000 Z-0.125000 F400.000000
G00 Z5.000000

(End cutting path id: path2)


(Start cutting path id: path2)
(Change tool to Default tool)

G00 Z5.000000
G00 X261.624000 Y48.224000

G01 Z-0.125000 F100.0(Penetrate)
G01 X261.624000 Y58.548000 Z-0.125000 F400.000000
G01 X278.113000 Y58.548000 Z-0.125000
G01 X294.602000 Y58.548000 Z-0.125000
G01 X294.365000 Y57.583000 Z-0.125000
G01 X293.937000 Y56.267000 Z-0.125000
G01 X293.279000 Y54.797000 Z-0.125000
G01 X291.437000 Y51.641000 Z-0.125000
G01 X289.158000 Y48.598000 Z-0.125000
G01 X286.764000 Y46.150000 Z-0.125000
G01 X284.689000 Y44.542000 Z-0.125000
G01 X282.457000 Y43.105000 Z-0.125000
G01 X280.085000 Y41.843000 Z-0.125000
G01 X277.587000 Y40.762000 Z-0.125000
G01 X274.975000 Y39.868000 Z-0.125000
G01 X272.266000 Y39.167000 Z-0.125000
G01 X269.472000 Y38.664000 Z-0.125000
G01 X266.609000 Y38.364000 Z-0.125000
G01 X262.763000 Y38.040000 Z-0.125000
G01 X261.624000 Y37.901000 Z-0.125000
G01 X261.624000 Y48.224000 Z-0.125000
G00 Z5.000000

(End cutting path id: path2)


(Start cutting path id: path2)
(Change tool to Default tool)

G00 Z5.000000
G00 X262.386000 Y58.365000

G01 Z-0.125000 F100.0(Penetrate)
G01 X262.093000 Y58.072000 Z-0.125000 F400.000000
G01 X261.873000 Y57.711000 Z-0.125000
G01 X261.800000 Y57.327000 Z-0.125000
G01 X261.873000 Y57.089000 Z-0.125000
G01 X262.093000 Y57.168000 Z-0.125000
G01 X262.951000 Y58.026000 Z-0.125000
G01 X263.346000 Y58.280000 Z-0.125000
G01 X263.742000 Y58.365000 Z-0.125000
G01 X263.968000 Y58.280000 Z-0.125000
G01 X263.855000 Y58.026000 Z-0.125000
G01 X262.139000 Y56.310000 Z-0.125000
G01 X261.885000 Y55.914000 Z-0.125000
G01 X261.800000 Y55.519000 Z-0.125000
G01 X261.885000 Y55.292000 Z-0.125000
G01 X262.139000 Y55.406000 Z-0.125000
G01 X264.759000 Y58.026000 Z-0.125000
G01 X265.155000 Y58.280000 Z-0.125000
G01 X265.551000 Y58.365000 Z-0.125000
G01 X265.777000 Y58.280000 Z-0.125000
G01 X265.664000 Y58.026000 Z-0.125000
G01 X262.139000 Y54.501000 Z-0.125000
G01 X261.885000 Y54.106000 Z-0.125000
G01 X261.800000 Y53.710000 Z-0.125000
G01 X261.885000 Y53.484000 Z-0.125000
G01 X262.139000 Y53.597000 Z-0.125000
G01 X266.568000 Y58.026000 Z-0.125000
G01 X266.964000 Y58.280000 Z-0.125000
G01 X267.359000 Y58.365000 Z-0.125000
G01 X267.585000 Y58.280000 Z-0.125000
G01 X267.472000 Y58.026000 Z-0.125000
G01 X262.139000 Y52.693000 Z-0.125000
G01 X261.885000 Y52.297000 Z-0.125000
G01 X261.800000 Y51.901000 Z-0.125000
G01 X261.885000 Y51.675000 Z-0.125000
G01 X262.139000 Y51.788000 Z-0.125000
G01 X268.377000 Y58.026000 Z-0.125000
G01 X268.772000 Y58.280000 Z-0.125000
G01 X269.168000 Y58.365000 Z-0.125000
G01 X269.394000 Y58.280000 Z-0.125000
G01 X269.281000 Y58.026000 Z-0.125000
G01 X262.139000 Y50.884000 Z-0.125000
G01 X261.885000 Y50.488000 Z-0.125000
G01 X261.800000 Y50.093000 Z-0.125000
G01 X261.885000 Y49.867000 Z-0.125000
G01 X262.139000 Y49.980000 Z-0.125000
G01 X270.185000 Y58.026000 Z-0.125000
G01 X270.581000 Y58.280000 Z-0.125000
G01 X270.977000 Y58.365000 Z-0.125000
G01 X271.203000 Y58.280000 Z-0.125000
G01 X271.090000 Y58.026000 Z-0.125000
G01 X262.139000 Y49.075000 Z-0.125000
G01 X261.885000 Y48.680000 Z-0.125000
G01 X261.800000 Y48.284000 Z-0.125000
G01 X261.885000 Y48.058000 Z-0.125000
G01 X262.139000 Y48.171000 Z-0.125000
G01 X271.994000 Y58.026000 Z-0.125000
G01 X272.389000 Y58.280000 Z-0.125000
G01 X272.785000 Y58.365000 Z-0.125000
G01 X273.011000 Y58.280000 Z-0.125000
G01 X272.898000 Y58.026000 Z-0.125000
G01 X262.139000 Y47.267000 Z-0.125000
G01 X261.885000 Y46.871000 Z-0.125000
G01 X261.800000 Y46.476000 Z-0.125000
G01 X261.885000 Y46.249000 Z-0.125000
G01 X262.139000 Y46.362000 Z-0.125000
G01 X273.802000 Y58.026000 Z-0.125000
G01 X274.198000 Y58.280000 Z-0.125000
G01 X274.594000 Y58.365000 Z-0.125000
G01 X274.820000 Y58.280000 Z-0.125000
G01 X274.707000 Y58.026000 Z-0.125000
G01 X262.139000 Y45.458000 Z-0.125000
G01 X261.885000 Y45.063000 Z-0.125000
G01 X261.800000 Y44.667000 Z-0.125000
G01 X261.885000 Y44.441000 Z-0.125000
G01 X262.139000 Y44.554000 Z-0.125000
G01 X275.611000 Y58.026000 Z-0.125000
G01 X276.007000 Y58.280000 Z-0.125000
G01 X276.402000 Y58.365000 Z-0.125000
G01 X276.628000 Y58.280000 Z-0.125000
G01 X276.515000 Y58.026000 Z-0.125000
G01 X262.139000 Y43.650000 Z-0.125000
G01 X261.885000 Y43.254000 Z-0.125000
G01 X261.800000 Y42.858000 Z-0.125000
G01 X261.885000 Y42.632000 Z-0.125000
G01 X262.139000 Y42.745000 Z-0.125000
G01 X277.420000 Y58.026000 Z-0.125000
G01 X277.815000 Y58.280000 Z-0.125000
G01 X278.211000 Y58.365000 Z-0.125000
G01 X278.437000 Y58.280000 Z-0.125000
G01 X278.324000 Y58.026000 Z-0.125000
G01 X262.139000 Y41.841000 Z-0.125000
G01 X261.885000 Y41.445000 Z-0.125000
G01 X261.800000 Y41.050000 Z-0.125000
G01 X261.885000 Y40.824000 Z-0.125000
G01 X262.139000 Y40.937000 Z-0.125000
G01 X279.228000 Y58.026000 Z-0.125000
G01 X279.624000 Y58.280000 Z-0.125000
G01 X280.020000 Y58.365000 Z-0.125000
G01 X280.246000 Y58.280000 Z-0.125000
G01 X280.133000 Y58.026000 Z-0.125000
G01 X262.139000 Y40.032000 Z-0.125000
G01 X261.885000 Y39.637000 Z-0.125000
G01 X261.800000 Y39.241000 Z-0.125000
G01 X261.885000 Y39.015000 Z-0.125000
G01 X262.139000 Y39.128000 Z-0.125000
G01 X281.037000 Y58.026000 Z-0.125000
G01 X281.433000 Y58.280000 Z-0.125000
G01 X281.828000 Y58.365000 Z-0.125000
G01 X282.054000 Y58.280000 Z-0.125000
G01 X281.941000 Y58.026000 Z-0.125000
G01 X262.381000 Y38.465000 Z-0.125000
G01 X262.286000 Y38.229000 Z-0.125000
G01 X262.553000 Y38.186000 Z-0.125000
G01 X262.990000 Y38.311000 Z-0.125000
G01 X263.404000 Y38.584000 Z-0.125000
G01 X282.845000 Y58.026000 Z-0.125000
G01 X283.241000 Y58.280000 Z-0.125000
G01 X283.637000 Y58.365000 Z-0.125000
G01 X283.863000 Y58.280000 Z-0.125000
G01 X283.750000 Y58.026000 Z-0.125000
G01 X264.403000 Y38.678000 Z-0.125000
G01 X264.302000 Y38.436000 Z-0.125000
G01 X264.555000 Y38.378000 Z-0.125000
G01 X264.977000 Y38.490000 Z-0.125000
G01 X265.385000 Y38.757000 Z-0.125000
G01 X284.654000 Y58.026000 Z-0.125000
G01 X285.050000 Y58.280000 Z-0.125000
G01 X285.445000 Y58.365000 Z-0.125000
G01 X285.671000 Y58.280000 Z-0.125000
G01 X285.558000 Y58.026000 Z-0.125000
G01 X266.364000 Y38.831000 Z-0.125000
G01 X266.263000 Y38.588000 Z-0.125000
G01 X266.514000 Y38.529000 Z-0.125000
G01 X266.936000 Y38.640000 Z-0.125000
G01 X267.343000 Y38.906000 Z-0.125000
G01 X286.463000 Y58.026000 Z-0.125000
G01 X286.858000 Y58.280000 Z-0.125000
G01 X287.254000 Y58.365000 Z-0.125000
G01 X287.480000 Y58.280000 Z-0.125000
G01 X287.367000 Y58.026000 Z-0.125000
G01 X268.337000 Y38.995000 Z-0.125000
G01 X268.243000 Y38.760000 Z-0.125000
G01 X268.511000 Y38.717000 Z-0.125000
G01 X268.948000 Y38.844000 Z-0.125000
G01 X269.363000 Y39.117000 Z-0.125000
G01 X288.271000 Y58.026000 Z-0.125000
G01 X288.667000 Y58.280000 Z-0.125000
G01 X289.063000 Y58.365000 Z-0.125000
G01 X289.289000 Y58.280000 Z-0.125000
G01 X289.176000 Y58.026000 Z-0.125000
G01 X270.419000 Y39.269000 Z-0.125000
G01 X270.336000 Y39.045000 Z-0.125000
G01 X270.629000 Y39.026000 Z-0.125000
G01 X271.090000 Y39.177000 Z-0.125000
G01 X271.516000 Y39.462000 Z-0.125000
G01 X290.081000 Y58.031000 Z-0.125000
G01 X290.477000 Y58.285000 Z-0.125000
G01 X290.872000 Y58.370000 Z-0.125000
G01 X291.098000 Y58.285000 Z-0.125000
G01 X290.985000 Y58.031000 Z-0.125000
G01 X272.652000 Y39.698000 Z-0.125000
G01 X272.583000 Y39.488000 Z-0.125000
G01 X272.908000 Y39.501000 Z-0.125000
G01 X273.842000 Y39.983000 Z-0.125000
G01 X291.889000 Y58.031000 Z-0.125000
G01 X292.285000 Y58.285000 Z-0.125000
G01 X292.681000 Y58.370000 Z-0.125000
G01 X292.907000 Y58.285000 Z-0.125000
G01 X292.794000 Y58.031000 Z-0.125000
G01 X275.091000 Y40.328000 Z-0.125000
G01 X275.043000 Y40.138000 Z-0.125000
G01 X275.412000 Y40.197000 Z-0.125000
G01 X276.411000 Y40.744000 Z-0.125000
G01 X293.698000 Y58.031000 Z-0.125000
G01 X293.976000 Y58.168000 Z-0.125000
G01 X294.114000 Y57.995000 Z-0.125000
G01 X294.082000 Y57.652000 Z-0.125000
G01 X293.851000 Y57.280000 Z-0.125000
G01 X277.824000 Y41.253000 Z-0.125000
G01 X277.797000 Y41.084000 Z-0.125000
G01 X278.212000 Y41.188000 Z-0.125000
G01 X279.277000 Y41.801000 Z-0.125000
G01 X293.412000 Y55.936000 Z-0.125000
G01 X293.532000 Y56.017000 Z-0.125000
G01 X293.563000 Y55.946000 Z-0.125000
G01 X293.422000 Y55.494000 Z-0.125000
G01 X292.755000 Y54.375000 Z-0.125000
G01 X280.746000 Y42.366000 Z-0.125000
G00 Z5.000000

(End cutting path id: path2)


(Start cutting path id: path2)
(Change tool to Default tool)

G00 Z5.000000
G00 X261.624000 Y61.481000

G01 Z-0.125000 F100.0(Penetrate)
G01 X262.506000 Y68.933000 Z-0.125000 F400.000000
G01 X265.370000 Y93.528000 Z-0.125000
G01 X265.583000 Y95.720000 Z-0.125000
G01 X267.110000 Y95.720000 Z-0.125000
G01 X268.637000 Y95.720000 Z-0.125000
G01 X268.637000 Y100.630000 Z-0.125000
G01 X268.637000 Y105.539500 Z-0.125000
G01 X264.604000 Y105.539500 Z-0.125000
G01 X260.571000 Y105.539500 Z-0.125000
G01 X260.571000 Y125.230300 Z-0.125000
G01 X260.571000 Y144.921100 Z-0.125000
G01 X266.095000 Y144.710900 Z-0.125000
G01 X270.918000 Y144.383200 Z-0.125000
G01 X274.281000 Y143.810500 Z-0.125000
G01 X277.547000 Y142.771800 Z-0.125000
G01 X280.608000 Y141.404300 Z-0.125000
G01 X283.460000 Y139.711800 Z-0.125000
G01 X286.096000 Y137.698400 Z-0.125000
G01 X288.514000 Y135.367900 Z-0.125000
G01 X290.708000 Y132.724300 Z-0.125000
G01 X292.673000 Y129.771600 Z-0.125000
G01 X294.406000 Y126.513600 Z-0.125000
G01 X295.876000 Y123.023500 Z-0.125000
G01 X296.790000 Y119.715700 Z-0.125000
G01 X297.258000 Y116.031800 Z-0.125000
G01 X297.391000 Y111.413600 Z-0.125000
G01 X297.394000 Y105.539600 Z-0.125000
G01 X292.513000 Y105.539600 Z-0.125000
G01 X287.632000 Y105.539600 Z-0.125000
G01 X287.691000 Y100.718000 Z-0.125000
G01 X287.750000 Y95.896000 Z-0.125000
G01 X289.241000 Y95.788000 Z-0.125000
G01 X290.294000 Y95.640000 Z-0.125000
G01 X290.732000 Y95.437000 Z-0.125000
G01 X291.446000 Y89.057000 Z-0.125000
G01 X294.589000 Y61.548000 Z-0.125000
G01 X289.747000 Y61.410000 Z-0.125000
G01 X278.106000 Y61.353000 Z-0.125000
G01 X261.624000 Y61.481000 Z-0.125000
G01 X261.624000 Y61.481000 Z-0.125000
G00 Z5.000000

(End cutting path id: path2)


(Start cutting path id: path2)
(Change tool to Default tool)

G00 Z5.000000
G00 X264.228000 Y81.910000

G01 Z-0.125000 F100.0(Penetrate)
G01 X287.120000 Y104.801600 Z-0.125000 F400.000000
G01 X287.376000 Y104.916300 Z-0.125000
G01 X287.465000 Y104.694000 Z-0.125000
G01 X287.383000 Y104.302100 Z-0.125000
G01 X287.131000 Y103.908200 Z-0.125000
G01 X264.446000 Y81.224000 Z-0.125000
G01 X264.173000 Y80.809000 Z-0.125000
G01 X264.047000 Y80.372000 Z-0.125000
G01 X264.090000 Y80.105000 Z-0.125000
G01 X264.326000 Y80.199000 Z-0.125000
G01 X287.142000 Y103.015000 Z-0.125000
G01 X287.398000 Y103.130000 Z-0.125000
G01 X287.486000 Y102.907000 Z-0.125000
G01 X287.405000 Y102.515000 Z-0.125000
G01 X287.152000 Y102.121000 Z-0.125000
G01 X264.205000 Y79.174000 Z-0.125000
G01 X263.932000 Y78.760000 Z-0.125000
G01 X263.806000 Y78.323000 Z-0.125000
G01 X263.849000 Y78.055000 Z-0.125000
G01 X264.084000 Y78.149000 Z-0.125000
G01 X287.163000 Y101.228000 Z-0.125000
G01 X287.419000 Y101.343000 Z-0.125000
G01 X287.508000 Y101.121000 Z-0.125000
G01 X287.427000 Y100.729000 Z-0.125000
G01 X287.174000 Y100.335000 Z-0.125000
G01 X263.962000 Y77.123000 Z-0.125000
G01 X263.689000 Y76.708000 Z-0.125000
G01 X263.562000 Y76.271000 Z-0.125000
G01 X263.604000 Y76.002000 Z-0.125000
G01 X263.840000 Y76.096000 Z-0.125000
G01 X287.185000 Y99.441000 Z-0.125000
G01 X287.441000 Y99.556000 Z-0.125000
G01 X287.530000 Y99.334000 Z-0.125000
G01 X287.448000 Y98.942000 Z-0.125000
G01 X287.196000 Y98.548000 Z-0.125000
G01 X263.717000 Y75.069000 Z-0.125000
G01 X263.443000 Y74.654000 Z-0.125000
G01 X263.316000 Y74.216000 Z-0.125000
G01 X263.359000 Y73.948000 Z-0.125000
G01 X263.594000 Y74.042000 Z-0.125000
G01 X287.207000 Y97.655000 Z-0.125000
G01 X287.463000 Y97.769000 Z-0.125000
G01 X287.551000 Y97.547000 Z-0.125000
G01 X287.470000 Y97.155000 Z-0.125000
G01 X287.217000 Y96.761000 Z-0.125000
G01 X263.471000 Y73.015000 Z-0.125000
G01 X263.197000 Y72.600000 Z-0.125000
G01 X263.070000 Y72.162000 Z-0.125000
G01 X263.113000 Y71.894000 Z-0.125000
G01 X263.348000 Y71.988000 Z-0.125000
G01 X287.228000 Y95.868000 Z-0.125000
G01 X287.544000 Y96.043000 Z-0.125000
G01 X287.764000 Y95.952000 Z-0.125000
G01 X287.815000 Y95.692000 Z-0.125000
G01 X287.622000 Y95.358000 Z-0.125000
G01 X263.225000 Y70.961000 Z-0.125000
G01 X262.952000 Y70.546000 Z-0.125000
G01 X262.825000 Y70.108000 Z-0.125000
G01 X262.867000 Y69.840000 Z-0.125000
G01 X263.102000 Y69.933000 Z-0.125000
G01 X288.466000 Y95.297000 Z-0.125000
G01 X288.850000 Y95.540000 Z-0.125000
G01 X289.220000 Y95.599000 Z-0.125000
G01 X289.421000 Y95.489000 Z-0.125000
G01 X289.296000 Y95.223000 Z-0.125000
G01 X262.979000 Y68.906000 Z-0.125000
G01 X262.706000 Y68.491000 Z-0.125000
G01 X262.579000 Y68.054000 Z-0.125000
G01 X262.621000 Y67.785000 Z-0.125000
G01 X262.857000 Y67.879000 Z-0.125000
G01 X290.062000 Y95.085000 Z-0.125000
G01 X290.351000 Y95.233000 Z-0.125000
G01 X290.513000 Y95.083000 Z-0.125000
G01 X290.505000 Y94.765000 Z-0.125000
G01 X290.286000 Y94.404000 Z-0.125000
G01 X262.734000 Y66.852000 Z-0.125000
G01 X262.460000 Y66.437000 Z-0.125000
G01 X262.333000 Y65.999000 Z-0.125000
G01 X262.376000 Y65.731000 Z-0.125000
G01 X262.611000 Y65.825000 Z-0.125000
G01 X290.373000 Y93.587000 Z-0.125000
G01 X290.641000 Y93.714000 Z-0.125000
G01 X290.756000 Y93.518000 Z-0.125000
G01 X290.702000 Y93.153000 Z-0.125000
G01 X290.462000 Y92.772000 Z-0.125000
G01 X262.488000 Y64.798000 Z-0.125000
G01 X262.215000 Y64.383000 Z-0.125000
G01 X262.088000 Y63.946000 Z-0.125000
G01 X262.131000 Y63.678000 Z-0.125000
G01 X262.366000 Y63.772000 Z-0.125000
G01 X290.555000 Y91.960000 Z-0.125000
G01 X290.824000 Y92.088000 Z-0.125000
G01 X290.940000 Y91.894000 Z-0.125000
G01 X290.887000 Y91.530000 Z-0.125000
G01 X290.648000 Y91.149000 Z-0.125000
G01 X262.248000 Y62.749000 Z-0.125000
G01 X262.012000 Y62.372000 Z-0.125000
G01 X261.968000 Y62.017000 Z-0.125000
G01 X262.094000 Y61.832000 Z-0.125000
G01 X262.366000 Y61.963000 Z-0.125000
G01 X290.740000 Y90.337000 Z-0.125000
G01 X291.009000 Y90.465000 Z-0.125000
G01 X291.126000 Y90.271000 Z-0.125000
G01 X291.073000 Y89.907000 Z-0.125000
G01 X290.833000 Y89.526000 Z-0.125000
G01 X263.250000 Y61.943000 Z-0.125000
G01 X263.136000 Y61.687000 Z-0.125000
G01 X263.358000 Y61.598000 Z-0.125000
G01 X263.750000 Y61.680000 Z-0.125000
G01 X264.144000 Y61.932000 Z-0.125000
G01 X290.926000 Y88.714000 Z-0.125000
G01 X291.195000 Y88.842000 Z-0.125000
G01 X291.312000 Y88.648000 Z-0.125000
G01 X291.259000 Y88.284000 Z-0.125000
G01 X291.019000 Y87.903000 Z-0.125000
G01 X265.038000 Y61.922000 Z-0.125000
G01 X264.923000 Y61.666000 Z-0.125000
G01 X265.146000 Y61.578000 Z-0.125000
G01 X265.538000 Y61.659000 Z-0.125000
G01 X265.932000 Y61.911000 Z-0.125000
G01 X291.113000 Y87.092000 Z-0.125000
G01 X291.382000 Y87.219000 Z-0.125000
G01 X291.499000 Y87.026000 Z-0.125000
G01 X291.446000 Y86.662000 Z-0.125000
G01 X291.206000 Y86.281000 Z-0.125000
G01 X266.826000 Y61.901000 Z-0.125000
G01 X266.712000 Y61.646000 Z-0.125000
G01 X266.937000 Y61.560000 Z-0.125000
G01 X267.331000 Y61.643000 Z-0.125000
G01 X267.726000 Y61.897000 Z-0.125000
G01 X291.300000 Y85.471000 Z-0.125000
G01 X291.569000 Y85.598000 Z-0.125000
G01 X291.685000 Y85.404000 Z-0.125000
G01 X291.633000 Y85.041000 Z-0.125000
G01 X291.393000 Y84.660000 Z-0.125000
G01 X268.625000 Y61.892000 Z-0.125000
G01 X268.512000 Y61.637000 Z-0.125000
G01 X268.736000 Y61.551000 Z-0.125000
G01 X269.130000 Y61.634000 Z-0.125000
G01 X269.525000 Y61.887000 Z-0.125000
G01 X291.486000 Y83.849000 Z-0.125000
G01 X291.755000 Y83.976000 Z-0.125000
G01 X291.872000 Y83.782000 Z-0.125000
G01 X291.820000 Y83.419000 Z-0.125000
G01 X291.580000 Y83.038000 Z-0.125000
G01 X270.425000 Y61.882000 Z-0.125000
G01 X270.311000 Y61.627000 Z-0.125000
G01 X270.535000 Y61.541000 Z-0.125000
G01 X270.929000 Y61.624000 Z-0.125000
G01 X271.324000 Y61.877000 Z-0.125000
G01 X291.673000 Y82.227000 Z-0.125000
G01 X291.942000 Y82.354000 Z-0.125000
G01 X292.059000 Y82.160000 Z-0.125000
G01 X292.006000 Y81.797000 Z-0.125000
G01 X291.767000 Y81.416000 Z-0.125000
G01 X272.224000 Y61.873000 Z-0.125000
G01 X272.111000 Y61.619000 Z-0.125000
G01 X272.337000 Y61.534000 Z-0.125000
G01 X272.732000 Y61.618000 Z-0.125000
G01 X273.127000 Y61.872000 Z-0.125000
G01 X291.860000 Y80.605000 Z-0.125000
G01 X292.129000 Y80.733000 Z-0.125000
G01 X292.246000 Y80.539000 Z-0.125000
G01 X292.193000 Y80.175000 Z-0.125000
G01 X291.954000 Y79.794000 Z-0.125000
G01 X274.030000 Y61.871000 Z-0.125000
G01 X273.917000 Y61.616000 Z-0.125000
G01 X274.142000 Y61.531000 Z-0.125000
G01 X274.538000 Y61.616000 Z-0.125000
G01 X274.933000 Y61.870000 Z-0.125000
G01 X292.047000 Y78.984000 Z-0.125000
G01 X292.316000 Y79.112000 Z-0.125000
G01 X292.433000 Y78.918000 Z-0.125000
G01 X292.380000 Y78.554000 Z-0.125000
G01 X292.140000 Y78.173000 Z-0.125000
G01 X275.836000 Y61.869000 Z-0.125000
G01 X275.723000 Y61.614000 Z-0.125000
G01 X275.948000 Y61.529000 Z-0.125000
G01 X276.343000 Y61.613000 Z-0.125000
G01 X276.739000 Y61.868000 Z-0.125000
G01 X292.234000 Y77.363000 Z-0.125000
G01 X292.503000 Y77.490000 Z-0.125000
G01 X292.620000 Y77.296000 Z-0.125000
G01 X292.567000 Y76.933000 Z-0.125000
G01 X292.327000 Y76.552000 Z-0.125000
G01 X277.642000 Y61.866000 Z-0.125000
G01 X277.528000 Y61.612000 Z-0.125000
G01 X277.754000 Y61.526000 Z-0.125000
G01 X278.149000 Y61.611000 Z-0.125000
G01 X278.544000 Y61.865000 Z-0.125000
G01 X292.421000 Y75.741000 Z-0.125000
G01 X292.690000 Y75.869000 Z-0.125000
G01 X292.806000 Y75.675000 Z-0.125000
G01 X292.754000 Y75.311000 Z-0.125000
G01 X292.514000 Y74.930000 Z-0.125000
G01 X279.451000 Y61.868000 Z-0.125000
G01 X279.339000 Y61.614000 Z-0.125000
G01 X279.565000 Y61.530000 Z-0.125000
G01 X279.962000 Y61.616000 Z-0.125000
G01 X280.358000 Y61.871000 Z-0.125000
G01 X292.607000 Y74.120000 Z-0.125000
G01 X292.876000 Y74.248000 Z-0.125000
G01 X292.993000 Y74.054000 Z-0.125000
G01 X292.941000 Y73.690000 Z-0.125000
G01 X292.701000 Y73.309000 Z-0.125000
G01 X281.264000 Y61.873000 Z-0.125000
G01 X281.152000 Y61.619000 Z-0.125000
G01 X281.378000 Y61.535000 Z-0.125000
G01 X281.775000 Y61.621000 Z-0.125000
G01 X282.171000 Y61.876000 Z-0.125000
G01 X292.794000 Y72.499000 Z-0.125000
G01 X293.063000 Y72.627000 Z-0.125000
G01 X293.180000 Y72.433000 Z-0.125000
G01 X293.127000 Y72.069000 Z-0.125000
G01 X292.888000 Y71.688000 Z-0.125000
G01 X283.077000 Y61.878000 Z-0.125000
G01 X282.965000 Y61.624000 Z-0.125000
G01 X283.191000 Y61.540000 Z-0.125000
G01 X283.588000 Y61.626000 Z-0.125000
G01 X283.984000 Y61.881000 Z-0.125000
G01 X292.981000 Y70.878000 Z-0.125000
G01 X293.250000 Y71.006000 Z-0.125000
G01 X293.366000 Y70.811000 Z-0.125000
G01 X293.313000 Y70.448000 Z-0.125000
G01 X293.073000 Y70.066000 Z-0.125000
G01 X284.890000 Y61.883000 Z-0.125000
G01 X284.778000 Y61.630000 Z-0.125000
G01 X285.007000 Y61.548000 Z-0.125000
G01 X285.405000 Y61.635000 Z-0.125000
G01 X285.802000 Y61.891000 Z-0.125000
G01 X293.166000 Y69.255000 Z-0.125000
G01 X293.434000 Y69.382000 Z-0.125000
G01 X293.551000 Y69.188000 Z-0.125000
G01 X293.498000 Y68.824000 Z-0.125000
G01 X293.258000 Y68.443000 Z-0.125000
G01 X286.714000 Y61.899000 Z-0.125000
G01 X286.602000 Y61.645000 Z-0.125000
G01 X286.830000 Y61.563000 Z-0.125000
G01 X287.228000 Y61.650000 Z-0.125000
G01 X287.625000 Y61.906000 Z-0.125000
G01 X293.350000 Y67.630000 Z-0.125000
G01 X293.619000 Y67.758000 Z-0.125000
G01 X293.735000 Y67.564000 Z-0.125000
G01 X293.682000 Y67.200000 Z-0.125000
G01 X293.442000 Y66.818000 Z-0.125000
G01 X288.537000 Y61.913000 Z-0.125000
G01 X288.425000 Y61.660000 Z-0.125000
G01 X288.653000 Y61.577000 Z-0.125000
G01 X289.052000 Y61.665000 Z-0.125000
G01 X289.448000 Y61.920000 Z-0.125000
G01 X293.535000 Y66.006000 Z-0.125000
G01 X293.803000 Y66.134000 Z-0.125000
G01 X293.920000 Y65.939000 Z-0.125000
G01 X293.867000 Y65.575000 Z-0.125000
G01 X293.627000 Y65.194000 Z-0.125000
G01 X290.362000 Y61.929000 Z-0.125000
G01 X290.251000 Y61.677000 Z-0.125000
G01 X290.481000 Y61.596000 Z-0.125000
G01 X290.881000 Y61.686000 Z-0.125000
G01 X291.279000 Y61.942000 Z-0.125000
G01 X293.719000 Y64.382000 Z-0.125000
G01 X293.988000 Y64.510000 Z-0.125000
G01 X294.104000 Y64.315000 Z-0.125000
G01 X294.050000 Y63.950000 Z-0.125000
G01 X293.810000 Y63.569000 Z-0.125000
G01 X292.197000 Y61.955000 Z-0.125000
G01 X292.087000 Y61.704000 Z-0.125000
G01 X292.320000 Y61.627000 Z-0.125000
G01 X292.723000 Y61.719000 Z-0.125000
G01 X293.122000 Y61.976000 Z-0.125000
G01 X293.932000 Y62.786000 Z-0.125000
G01 X294.176000 Y62.889000 Z-0.125000
G01 X294.283000 Y62.685000 Z-0.125000
G01 X294.237000 Y62.329000 Z-0.125000
G01 X294.021000 Y61.971000 Z-0.125000
G01 X293.714000 Y61.664000 Z-0.125000
G00 Z5.000000

(End cutting path id: path2)


(Start cutting path id: path2)
(Change tool to Default tool)

G00 Z5.000000
G00 X265.287000 Y91.105000

G01 Z-0.125000 F100.0(Penetrate)
G01 X295.722000 Y121.539100 Z-0.125000 F400.000000
G01 X296.008000 Y121.683800 Z-0.125000
G01 X296.162000 Y121.527300 Z-0.125000
G01 X296.147000 Y121.201200 Z-0.125000
G01 X295.924000 Y120.837100 Z-0.125000
G01 X265.515000 Y90.428000 Z-0.125000
G01 X265.242000 Y90.014000 Z-0.125000
G01 X265.117000 Y89.578000 Z-0.125000
G01 X265.161000 Y89.312000 Z-0.125000
G01 X265.397000 Y89.406000 Z-0.125000
G01 X296.109000 Y120.117600 Z-0.125000
G01 X296.388000 Y120.255600 Z-0.125000
G01 X296.528000 Y120.084300 Z-0.125000
G01 X296.498000 Y119.743600 Z-0.125000
G01 X296.268000 Y119.372900 Z-0.125000
G01 X265.280000 Y88.385000 Z-0.125000
G01 X265.007000 Y87.971000 Z-0.125000
G01 X264.882000 Y87.535000 Z-0.125000
G01 X264.927000 Y87.268000 Z-0.125000
G01 X265.163000 Y87.363000 Z-0.125000
G01 X296.407000 Y118.607100 Z-0.125000
G01 X296.680000 Y118.738400 Z-0.125000
G01 X296.805000 Y118.552700 Z-0.125000
G01 X296.760000 Y118.197400 Z-0.125000
G01 X296.524000 Y117.820100 Z-0.125000
G01 X265.045000 Y86.344000 Z-0.125000
G01 X264.773000 Y85.930000 Z-0.125000
G01 X264.647000 Y85.494000 Z-0.125000
G01 X264.692000 Y85.228000 Z-0.125000
G01 X264.928000 Y85.322000 Z-0.125000
G01 X296.621000 Y117.015800 Z-0.125000
G01 X296.888000 Y117.141100 Z-0.125000
G01 X297.000000 Y116.941900 Z-0.125000
G01 X296.942000 Y116.573200 Z-0.125000
G01 X296.700000 Y116.189800 Z-0.125000
G01 X264.808000 Y84.298000 Z-0.125000
G01 X264.535000 Y83.884000 Z-0.125000
G01 X264.409000 Y83.447000 Z-0.125000
G01 X264.452000 Y83.179000 Z-0.125000
G01 X264.688000 Y83.274000 Z-0.125000
G01 X296.761000 Y115.346900 Z-0.125000
G01 X297.028000 Y115.472300 Z-0.125000
G01 X297.140000 Y115.273600 Z-0.125000
G01 X297.082000 Y114.905200 Z-0.125000
G01 X296.840000 Y114.522000 Z-0.125000
G01 X288.370000 Y106.051100 Z-0.125000
G01 X288.257000 Y105.796800 Z-0.125000
G01 X288.483000 Y105.712000 Z-0.125000
G01 X288.878000 Y105.796800 Z-0.125000
G01 X289.274000 Y106.051100 Z-0.125000
G01 X296.840000 Y113.617100 Z-0.125000
G01 X297.097000 Y113.733100 Z-0.125000
G01 X297.189000 Y113.513600 Z-0.125000
G01 X297.110000 Y113.124600 Z-0.125000
G01 X296.859000 Y112.732000 Z-0.125000
G01 X290.178000 Y106.051100 Z-0.125000
G01 X290.065000 Y105.796800 Z-0.125000
G01 X290.291000 Y105.712000 Z-0.125000
G01 X290.687000 Y105.796800 Z-0.125000
G01 X291.083000 Y106.051100 Z-0.125000
G01 X296.870000 Y111.838600 Z-0.125000
G01 X297.128000 Y111.955200 Z-0.125000
G01 X297.221000 Y111.737200 Z-0.125000
G01 X297.144000 Y111.349500 Z-0.125000
G01 X296.893000 Y110.957500 Z-0.125000
G01 X291.987000 Y106.051100 Z-0.125000
G01 X291.874000 Y105.796800 Z-0.125000
G01 X292.100000 Y105.712000 Z-0.125000
G01 X292.495000 Y105.796800 Z-0.125000
G01 X292.891000 Y106.051100 Z-0.125000
G01 X296.875000 Y110.035200 Z-0.125000
G01 X297.130000 Y110.148300 Z-0.125000
G01 X297.215000 Y109.922400 Z-0.125000
G01 X297.130000 Y109.526900 Z-0.125000
G01 X296.876000 Y109.131300 Z-0.125000
G01 X293.795000 Y106.051100 Z-0.125000
G01 X293.682000 Y105.796800 Z-0.125000
G01 X293.908000 Y105.712000 Z-0.125000
G01 X294.304000 Y105.796800 Z-0.125000
G01 X294.700000 Y106.051100 Z-0.125000
G01 X296.876000 Y108.227400 Z-0.125000
G01 X297.130000 Y108.340500 Z-0.125000
G01 X297.215000 Y108.114600 Z-0.125000
G01 X297.131000 Y107.719100 Z-0.125000
G01 X296.876000 Y107.323500 Z-0.125000
G01 X295.604000 Y106.051100 Z-0.125000
G01 X295.491000 Y105.796800 Z-0.125000
G01 X295.717000 Y105.712000 Z-0.125000
G01 X296.113000 Y105.796800 Z-0.125000
G01 X296.508000 Y106.051100 Z-0.125000
G01 X297.145000 Y106.687300 Z-0.125000
G01 X297.216000 Y106.306800 Z-0.125000
G01 X297.145000 Y105.783400 Z-0.125000
G01 X297.074000 Y105.712000 Z-0.125000
G00 Z5.000000

(End cutting path id: path2)


(Start cutting path id: path2)
(Change tool to Default tool)

G00 Z5.000000
G00 X251.621000 Y86.481000

G01 Z-0.125000 F100.0(Penetrate)
G01 X254.769000 Y89.630000 Z-0.125000 F400.000000
G00 Z5.000000

(End cutting path id: path2)


(Start cutting path id: path2)
(Change tool to Default tool)

G00 Z5.000000
G00 X230.129000 Y104.786200

G01 Z-0.125000 F100.0(Penetrate)
G01 X241.938000 Y116.595400 Z-0.125000 F400.000000
G01 X242.334000 Y116.849800 Z-0.125000
G01 X242.730000 Y116.934600 Z-0.125000
G01 X242.956000 Y116.849800 Z-0.125000
G01 X242.843000 Y116.595400 Z-0.125000
G01 X211.016000 Y84.769000 Z-0.125000
G01 X210.903000 Y84.515000 Z-0.125000
G01 X211.130000 Y84.430000 Z-0.125000
G01 X211.526000 Y84.516000 Z-0.125000
G01 X211.922000 Y84.770000 Z-0.125000
G01 X243.747000 Y116.595400 Z-0.125000
G01 X244.142000 Y116.849800 Z-0.125000
G01 X244.538000 Y116.934600 Z-0.125000
G01 X244.764000 Y116.849800 Z-0.125000
G01 X244.651000 Y116.595400 Z-0.125000
G01 X212.828000 Y84.772000 Z-0.125000
G01 X212.715000 Y84.518000 Z-0.125000
G01 X212.942000 Y84.434000 Z-0.125000
G01 X213.338000 Y84.519000 Z-0.125000
G01 X213.734000 Y84.773000 Z-0.125000
G01 X245.604000 Y116.642900 Z-0.125000
G01 X245.992000 Y116.889700 Z-0.125000
G01 X246.371000 Y116.957900 Z-0.125000
G01 X246.580000 Y116.856500 Z-0.125000
G01 X246.460000 Y116.594700 Z-0.125000
G01 X214.640000 Y84.775000 Z-0.125000
G01 X214.527000 Y84.521000 Z-0.125000
G01 X214.754000 Y84.437000 Z-0.125000
G01 X215.150000 Y84.522000 Z-0.125000
G01 X215.546000 Y84.776000 Z-0.125000
G01 X247.364000 Y116.593900 Z-0.125000
G01 X247.760000 Y116.848300 Z-0.125000
G01 X248.155000 Y116.933000 Z-0.125000
G01 X248.381000 Y116.848300 Z-0.125000
G01 X248.268000 Y116.593900 Z-0.125000
G01 X216.452000 Y84.778000 Z-0.125000
G01 X216.339000 Y84.524000 Z-0.125000
G01 X216.566000 Y84.440000 Z-0.125000
G01 X216.962000 Y84.525000 Z-0.125000
G01 X217.358000 Y84.779000 Z-0.125000
G01 X249.173000 Y116.593900 Z-0.125000
G01 X249.568000 Y116.848200 Z-0.125000
G01 X249.964000 Y116.933000 Z-0.125000
G01 X250.190000 Y116.848200 Z-0.125000
G01 X250.077000 Y116.593900 Z-0.125000
G01 X218.264000 Y84.781000 Z-0.125000
G01 X218.151000 Y84.527000 Z-0.125000
G01 X218.378000 Y84.443000 Z-0.125000
G01 X218.774000 Y84.528000 Z-0.125000
G01 X219.170000 Y84.782000 Z-0.125000
G01 X250.981000 Y116.593100 Z-0.125000
G01 X251.377000 Y116.847500 Z-0.125000
G01 X251.772000 Y116.932300 Z-0.125000
G01 X251.999000 Y116.847500 Z-0.125000
G01 X251.886000 Y116.593100 Z-0.125000
G01 X220.076000 Y84.784000 Z-0.125000
G01 X219.963000 Y84.530000 Z-0.125000
G01 X220.190000 Y84.445000 Z-0.125000
G01 X220.586000 Y84.531000 Z-0.125000
G01 X220.982000 Y84.785000 Z-0.125000
G01 X252.790000 Y116.592400 Z-0.125000
G01 X253.185000 Y116.846800 Z-0.125000
G01 X253.581000 Y116.931500 Z-0.125000
G01 X253.807000 Y116.846800 Z-0.125000
G01 X253.694000 Y116.592400 Z-0.125000
G01 X221.888000 Y84.786000 Z-0.125000
G01 X221.775000 Y84.532000 Z-0.125000
G01 X222.002000 Y84.448000 Z-0.125000
G01 X222.398000 Y84.533000 Z-0.125000
G01 X222.794000 Y84.787000 Z-0.125000
G01 X254.598000 Y116.591700 Z-0.125000
G01 X254.994000 Y116.846000 Z-0.125000
G01 X255.390000 Y116.930800 Z-0.125000
G01 X255.616000 Y116.846000 Z-0.125000
G01 X255.503000 Y116.591700 Z-0.125000
G01 X223.700000 Y84.789000 Z-0.125000
G01 X223.587000 Y84.535000 Z-0.125000
G01 X223.814000 Y84.451000 Z-0.125000
G01 X224.210000 Y84.536000 Z-0.125000
G01 X224.606000 Y84.790000 Z-0.125000
G01 X256.407000 Y116.590900 Z-0.125000
G01 X256.738000 Y116.780700 Z-0.125000
G01 X256.992000 Y116.723500 Z-0.125000
G01 X257.076000 Y116.496600 Z-0.125000
G01 X256.898000 Y116.177700 Z-0.125000
G01 X225.512000 Y84.794000 Z-0.125000
G01 X225.400000 Y84.540000 Z-0.125000
G01 X225.626000 Y84.455000 Z-0.125000
G01 X226.022000 Y84.540000 Z-0.125000
G01 X226.418000 Y84.795000 Z-0.125000
G01 X256.897000 Y115.273700 Z-0.125000
G01 X257.152000 Y115.386700 Z-0.125000
G01 X257.236000 Y115.160400 Z-0.125000
G01 X257.151000 Y114.764500 Z-0.125000
G01 X256.897000 Y114.368800 Z-0.125000
G01 X227.324000 Y84.796000 Z-0.125000
G01 X227.212000 Y84.542000 Z-0.125000
G01 X227.438000 Y84.458000 Z-0.125000
G01 X227.834000 Y84.543000 Z-0.125000
G01 X228.230000 Y84.797000 Z-0.125000
G01 X256.896000 Y113.463200 Z-0.125000
G01 X257.150000 Y113.576100 Z-0.125000
G01 X257.235000 Y113.349800 Z-0.125000
G01 X257.150000 Y112.954000 Z-0.125000
G01 X256.896000 Y112.558200 Z-0.125000
G01 X229.136000 Y84.803000 Z-0.125000
G01 X229.024000 Y84.549000 Z-0.125000
G01 X229.250000 Y84.465000 Z-0.125000
G01 X229.647000 Y84.550000 Z-0.125000
G01 X230.042000 Y84.804000 Z-0.125000
G01 X256.895000 Y111.656800 Z-0.125000
G01 X257.149000 Y111.769700 Z-0.125000
G01 X257.234000 Y111.543400 Z-0.125000
G01 X257.149000 Y111.147600 Z-0.125000
G01 X256.894000 Y110.751800 Z-0.125000
G01 X230.949000 Y84.806000 Z-0.125000
G01 X230.836000 Y84.552000 Z-0.125000
G01 X231.062000 Y84.468000 Z-0.125000
G01 X231.459000 Y84.553000 Z-0.125000
G01 X231.855000 Y84.807000 Z-0.125000
G01 X256.894000 Y109.846200 Z-0.125000
G01 X257.148000 Y109.959100 Z-0.125000
G01 X257.233000 Y109.732800 Z-0.125000
G01 X257.148000 Y109.337000 Z-0.125000
G01 X256.893000 Y108.941300 Z-0.125000
G01 X232.761000 Y84.809000 Z-0.125000
G01 X232.648000 Y84.555000 Z-0.125000
G01 X232.874000 Y84.470000 Z-0.125000
G01 X233.271000 Y84.555000 Z-0.125000
G01 X233.667000 Y84.810000 Z-0.125000
G01 X256.893000 Y108.035600 Z-0.125000
G01 X257.147000 Y108.148500 Z-0.125000
G01 X257.231000 Y107.922300 Z-0.125000
G01 X257.146000 Y107.526400 Z-0.125000
G01 X256.892000 Y107.130700 Z-0.125000
G01 X234.573000 Y84.811000 Z-0.125000
G01 X234.460000 Y84.557000 Z-0.125000
G01 X234.687000 Y84.473000 Z-0.125000
G01 X235.083000 Y84.558000 Z-0.125000
G01 X235.479000 Y84.812000 Z-0.125000
G01 X256.889000 Y106.222300 Z-0.125000
G01 X257.142000 Y106.334800 Z-0.125000
G01 X257.226000 Y106.107500 Z-0.125000
G01 X257.140000 Y105.710600 Z-0.125000
G01 X256.885000 Y105.314400 Z-0.125000
G01 X236.384000 Y84.814000 Z-0.125000
G01 X236.272000 Y84.560000 Z-0.125000
G01 X236.498000 Y84.476000 Z-0.125000
G01 X236.894000 Y84.561000 Z-0.125000
G01 X237.290000 Y84.815000 Z-0.125000
G01 X256.877000 Y104.401800 Z-0.125000
G01 X257.130000 Y104.513400 Z-0.125000
G01 X257.212000 Y104.284100 Z-0.125000
G01 X257.124000 Y103.885300 Z-0.125000
G01 X256.868000 Y103.488200 Z-0.125000
G01 X238.197000 Y84.817000 Z-0.125000
G01 X238.084000 Y84.563000 Z-0.125000
G01 X238.311000 Y84.478000 Z-0.125000
G01 X238.707000 Y84.564000 Z-0.125000
G01 X239.103000 Y84.818000 Z-0.125000
G01 X256.855000 Y102.571000 Z-0.125000
G01 X257.107000 Y102.681000 Z-0.125000
G01 X257.187000 Y102.450000 Z-0.125000
G01 X257.097000 Y102.049000 Z-0.125000
G01 X256.840000 Y101.651000 Z-0.125000
G01 X240.009000 Y84.820000 Z-0.125000
G01 X239.896000 Y84.565000 Z-0.125000
G01 X240.123000 Y84.481000 Z-0.125000
G01 X240.519000 Y84.566000 Z-0.125000
G01 X240.915000 Y84.821000 Z-0.125000
G01 X256.822000 Y100.728000 Z-0.125000
G01 X257.073000 Y100.837000 Z-0.125000
G01 X257.150000 Y100.604000 Z-0.125000
G01 X257.058000 Y100.201000 Z-0.125000
G01 X256.800000 Y99.802000 Z-0.125000
G01 X241.821000 Y84.822000 Z-0.125000
G01 X241.708000 Y84.568000 Z-0.125000
G01 X241.935000 Y84.484000 Z-0.125000
G01 X242.331000 Y84.569000 Z-0.125000
G01 X242.727000 Y84.823000 Z-0.125000
G01 X256.773000 Y98.870000 Z-0.125000
G01 X257.023000 Y98.978000 Z-0.125000
G01 X257.098000 Y98.742000 Z-0.125000
G01 X257.003000 Y98.336000 Z-0.125000
G01 X256.744000 Y97.936000 Z-0.125000
G01 X243.633000 Y84.825000 Z-0.125000
G01 X243.520000 Y84.571000 Z-0.125000
G01 X243.747000 Y84.487000 Z-0.125000
G01 X244.143000 Y84.572000 Z-0.125000
G01 X244.539000 Y84.826000 Z-0.125000
G01 X256.703000 Y96.990000 Z-0.125000
G01 X256.948000 Y97.094000 Z-0.125000
G01 X257.015000 Y96.850000 Z-0.125000
G01 X256.911000 Y96.435000 Z-0.125000
G01 X256.649000 Y96.031000 Z-0.125000
G01 X245.445000 Y84.828000 Z-0.125000
G01 X245.332000 Y84.574000 Z-0.125000
G01 X245.559000 Y84.489000 Z-0.125000
G01 X245.955000 Y84.575000 Z-0.125000
G01 X246.351000 Y84.829000 Z-0.125000
G01 X256.560000 Y95.037000 Z-0.125000
G01 X256.779000 Y95.116000 Z-0.125000
G01 X256.788000 Y94.814000 Z-0.125000
G01 X256.627000 Y94.342000 Z-0.125000
G01 X256.338000 Y93.912000 Z-0.125000
G01 X247.257000 Y84.830000 Z-0.125000
G01 X247.144000 Y84.576000 Z-0.125000
G01 X247.371000 Y84.492000 Z-0.125000
G01 X247.767000 Y84.577000 Z-0.125000
G01 X248.163000 Y84.831000 Z-0.125000
G01 X255.981000 Y92.650000 Z-0.125000
G01 X256.103000 Y92.733000 Z-0.125000
G01 X256.139000 Y92.666000 Z-0.125000
G01 X256.011000 Y92.227000 Z-0.125000
G01 X255.362000 Y91.126000 Z-0.125000
G01 X249.693000 Y85.457000 Z-0.125000
G00 Z5.000000

(End cutting path id: path2)


(Start cutting path id: path2)
(Change tool to Default tool)

G00 Z5.000000
G00 X220.584000 Y79.860000

G01 Z-0.125000 F100.0(Penetrate)
G01 X221.214000 Y80.490000 Z-0.125000 F400.000000
G01 X221.610000 Y80.745000 Z-0.125000
G01 X222.007000 Y80.831000 Z-0.125000
G01 X222.235000 Y80.748000 Z-0.125000
G01 X222.123000 Y80.495000 Z-0.125000
G01 X220.915000 Y79.286000 Z-0.125000
G01 X220.659000 Y78.889000 Z-0.125000
G01 X220.571000 Y78.491000 Z-0.125000
G01 X220.653000 Y78.262000 Z-0.125000
G01 X220.907000 Y78.373000 Z-0.125000
G01 X223.033000 Y80.500000 Z-0.125000
G01 X223.430000 Y80.755000 Z-0.125000
G01 X223.827000 Y80.842000 Z-0.125000
G01 X224.055000 Y80.759000 Z-0.125000
G01 X223.943000 Y80.505000 Z-0.125000
G01 X220.898000 Y77.460000 Z-0.125000
G01 X220.642000 Y77.063000 Z-0.125000
G01 X220.555000 Y76.664000 Z-0.125000
G01 X220.637000 Y76.435000 Z-0.125000
G01 X220.890000 Y76.547000 Z-0.125000
G01 X224.853000 Y80.510000 Z-0.125000
G01 X225.250000 Y80.765000 Z-0.125000
G01 X225.647000 Y80.852000 Z-0.125000
G01 X225.875000 Y80.769000 Z-0.125000
G01 X225.763000 Y80.515000 Z-0.125000
G01 X220.881000 Y75.634000 Z-0.125000
G01 X220.626000 Y75.237000 Z-0.125000
G01 X220.538000 Y74.838000 Z-0.125000
G01 X220.620000 Y74.609000 Z-0.125000
G01 X220.873000 Y74.721000 Z-0.125000
G01 X226.673000 Y80.520000 Z-0.125000
G01 X227.070000 Y80.776000 Z-0.125000
G01 X227.467000 Y80.862000 Z-0.125000
G01 X227.695000 Y80.779000 Z-0.125000
G01 X227.583000 Y80.525000 Z-0.125000
G01 X220.865000 Y73.808000 Z-0.125000
G01 X220.609000 Y73.411000 Z-0.125000
G01 X220.521000 Y73.012000 Z-0.125000
G01 X220.603000 Y72.783000 Z-0.125000
G01 X220.857000 Y72.895000 Z-0.125000
G01 X228.493000 Y80.531000 Z-0.125000
G01 X228.889000 Y80.786000 Z-0.125000
G01 X229.287000 Y80.872000 Z-0.125000
G01 X229.515000 Y80.789000 Z-0.125000
G01 X229.403000 Y80.536000 Z-0.125000
G01 X220.848000 Y71.981000 Z-0.125000
G01 X220.592000 Y71.584000 Z-0.125000
G01 X220.505000 Y71.186000 Z-0.125000
G01 X220.587000 Y70.957000 Z-0.125000
G01 X220.840000 Y71.068000 Z-0.125000
G01 X230.313000 Y80.541000 Z-0.125000
G01 X230.709000 Y80.796000 Z-0.125000
G01 X231.107000 Y80.883000 Z-0.125000
G01 X231.335000 Y80.800000 Z-0.125000
G01 X231.222000 Y80.546000 Z-0.125000
G01 X220.831000 Y70.155000 Z-0.125000
G01 X220.576000 Y69.758000 Z-0.125000
G01 X220.488000 Y69.360000 Z-0.125000
G01 X220.570000 Y69.130000 Z-0.125000
G01 X220.823000 Y69.242000 Z-0.125000
G01 X232.132000 Y80.558000 Z-0.125000
G01 X232.528000 Y80.813000 Z-0.125000
G01 X232.926000 Y80.900000 Z-0.125000
G01 X233.154000 Y80.817000 Z-0.125000
G01 X233.041000 Y80.563000 Z-0.125000
G01 X220.814000 Y68.336000 Z-0.125000
G01 X220.558000 Y67.939000 Z-0.125000
G01 X220.471000 Y67.540000 Z-0.125000
G01 X220.553000 Y67.311000 Z-0.125000
G01 X220.806000 Y67.423000 Z-0.125000
G01 X233.952000 Y80.568000 Z-0.125000
G01 X234.348000 Y80.823000 Z-0.125000
G01 X234.746000 Y80.910000 Z-0.125000
G01 X234.974000 Y80.827000 Z-0.125000
G01 X234.861000 Y80.573000 Z-0.125000
G01 X220.797000 Y66.509000 Z-0.125000
G01 X220.542000 Y66.112000 Z-0.125000
G01 X220.454000 Y65.714000 Z-0.125000
G01 X220.536000 Y65.485000 Z-0.125000
G01 X220.789000 Y65.596000 Z-0.125000
G01 X235.772000 Y80.579000 Z-0.125000
G01 X236.168000 Y80.834000 Z-0.125000
G01 X236.565000 Y80.920000 Z-0.125000
G01 X236.793000 Y80.837000 Z-0.125000
G01 X236.681000 Y80.584000 Z-0.125000
G01 X220.781000 Y64.683000 Z-0.125000
G01 X220.525000 Y64.286000 Z-0.125000
G01 X220.437000 Y63.888000 Z-0.125000
G01 X220.519000 Y63.659000 Z-0.125000
G01 X220.773000 Y63.770000 Z-0.125000
G01 X237.591000 Y80.589000 Z-0.125000
G01 X237.988000 Y80.844000 Z-0.125000
G01 X238.385000 Y80.931000 Z-0.125000
G01 X238.613000 Y80.848000 Z-0.125000
G01 X238.501000 Y80.594000 Z-0.125000
G01 X220.764000 Y62.857000 Z-0.125000
G01 X220.508000 Y62.460000 Z-0.125000
G01 X220.421000 Y62.061000 Z-0.125000
G01 X220.503000 Y61.832000 Z-0.125000
G01 X220.756000 Y61.944000 Z-0.125000
G01 X239.411000 Y80.599000 Z-0.125000
G01 X239.808000 Y80.854000 Z-0.125000
G01 X240.205000 Y80.941000 Z-0.125000
G01 X240.433000 Y80.858000 Z-0.125000
G01 X240.321000 Y80.604000 Z-0.125000
G01 X221.581000 Y61.864000 Z-0.125000
G01 X221.468000 Y61.610000 Z-0.125000
G01 X221.694000 Y61.525000 Z-0.125000
G01 X222.089000 Y61.610000 Z-0.125000
G01 X222.485000 Y61.864000 Z-0.125000
G01 X241.230000 Y80.609000 Z-0.125000
G01 X241.627000 Y80.865000 Z-0.125000
G01 X242.024000 Y80.951000 Z-0.125000
G01 X242.252000 Y80.868000 Z-0.125000
G01 X242.140000 Y80.614000 Z-0.125000
G01 X223.389000 Y61.864000 Z-0.125000
G01 X223.276000 Y61.609000 Z-0.125000
G01 X223.502000 Y61.525000 Z-0.125000
G01 X223.898000 Y61.609000 Z-0.125000
G01 X224.294000 Y61.864000 Z-0.125000
G01 X243.050000 Y80.620000 Z-0.125000
G01 X243.446000 Y80.875000 Z-0.125000
G01 X243.844000 Y80.962000 Z-0.125000
G01 X244.071000 Y80.878000 Z-0.125000
G01 X243.959000 Y80.625000 Z-0.125000
G01 X225.198000 Y61.863000 Z-0.125000
G01 X225.085000 Y61.609000 Z-0.125000
G01 X225.311000 Y61.524000 Z-0.125000
G01 X225.707000 Y61.609000 Z-0.125000
G01 X226.102000 Y61.863000 Z-0.125000
G01 X244.869000 Y80.630000 Z-0.125000
G01 X245.265000 Y80.885000 Z-0.125000
G01 X245.663000 Y80.972000 Z-0.125000
G01 X245.891000 Y80.889000 Z-0.125000
G01 X245.778000 Y80.635000 Z-0.125000
G01 X227.007000 Y61.863000 Z-0.125000
G01 X226.893000 Y61.609000 Z-0.125000
G01 X227.120000 Y61.524000 Z-0.125000
G01 X227.515000 Y61.609000 Z-0.125000
G01 X227.911000 Y61.863000 Z-0.125000
G01 X246.683000 Y80.643000 Z-0.125000
G01 X246.999000 Y80.819000 Z-0.125000
G01 X247.220000 Y80.729000 Z-0.125000
G01 X247.272000 Y80.470000 Z-0.125000
G01 X247.079000 Y80.136000 Z-0.125000
G01 X228.810000 Y61.866000 Z-0.125000
G01 X228.697000 Y61.612000 Z-0.125000
G01 X228.923000 Y61.527000 Z-0.125000
G01 X229.318000 Y61.612000 Z-0.125000
G01 X229.714000 Y61.866000 Z-0.125000
G01 X247.079000 Y79.232000 Z-0.125000
G01 X247.334000 Y79.345000 Z-0.125000
G01 X247.419000 Y79.119000 Z-0.125000
G01 X247.334000 Y78.723000 Z-0.125000
G01 X247.079000 Y78.328000 Z-0.125000
G01 X230.618000 Y61.869000 Z-0.125000
G01 X230.505000 Y61.615000 Z-0.125000
G01 X230.731000 Y61.530000 Z-0.125000
G01 X231.127000 Y61.615000 Z-0.125000
G01 X231.522000 Y61.869000 Z-0.125000
G01 X247.079000 Y77.426000 Z-0.125000
G01 X247.334000 Y77.539000 Z-0.125000
G01 X247.418000 Y77.313000 Z-0.125000
G01 X247.334000 Y76.918000 Z-0.125000
G01 X247.079000 Y76.522000 Z-0.125000
G01 X232.427000 Y61.869000 Z-0.125000
G01 X232.314000 Y61.615000 Z-0.125000
G01 X232.540000 Y61.530000 Z-0.125000
G01 X232.935000 Y61.615000 Z-0.125000
G01 X233.331000 Y61.869000 Z-0.125000
G01 X247.079000 Y75.618000 Z-0.125000
G01 X247.334000 Y75.731000 Z-0.125000
G01 X247.418000 Y75.505000 Z-0.125000
G01 X247.334000 Y75.109000 Z-0.125000
G01 X247.079000 Y74.713000 Z-0.125000
G01 X234.235000 Y61.869000 Z-0.125000
G01 X234.122000 Y61.615000 Z-0.125000
G01 X234.348000 Y61.530000 Z-0.125000
G01 X234.744000 Y61.615000 Z-0.125000
G01 X235.140000 Y61.869000 Z-0.125000
G01 X247.079000 Y73.809000 Z-0.125000
G01 X247.334000 Y73.922000 Z-0.125000
G01 X247.418000 Y73.696000 Z-0.125000
G01 X247.334000 Y73.300000 Z-0.125000
G01 X247.079000 Y72.905000 Z-0.125000
G01 X236.044000 Y61.869000 Z-0.125000
G01 X235.931000 Y61.615000 Z-0.125000
G01 X236.157000 Y61.530000 Z-0.125000
G01 X236.553000 Y61.615000 Z-0.125000
G01 X236.948000 Y61.869000 Z-0.125000
G01 X247.079000 Y72.000000 Z-0.125000
G01 X247.334000 Y72.113000 Z-0.125000
G01 X247.418000 Y71.887000 Z-0.125000
G01 X247.334000 Y71.492000 Z-0.125000
G01 X247.079000 Y71.096000 Z-0.125000
G01 X237.852000 Y61.869000 Z-0.125000
G01 X237.739000 Y61.615000 Z-0.125000
G01 X237.965000 Y61.530000 Z-0.125000
G01 X238.361000 Y61.615000 Z-0.125000
G01 X238.757000 Y61.869000 Z-0.125000
G01 X247.079000 Y70.192000 Z-0.125000
G01 X247.334000 Y70.305000 Z-0.125000
G01 X247.418000 Y70.079000 Z-0.125000
G01 X247.334000 Y69.683000 Z-0.125000
G01 X247.079000 Y69.287000 Z-0.125000
G01 X239.661000 Y61.869000 Z-0.125000
G01 X239.548000 Y61.615000 Z-0.125000
G01 X239.774000 Y61.530000 Z-0.125000
G01 X240.170000 Y61.615000 Z-0.125000
G01 X240.565000 Y61.869000 Z-0.125000
G01 X247.079000 Y68.383000 Z-0.125000
G01 X247.334000 Y68.496000 Z-0.125000
G01 X247.418000 Y68.270000 Z-0.125000
G01 X247.334000 Y67.874000 Z-0.125000
G01 X247.079000 Y67.479000 Z-0.125000
G01 X241.470000 Y61.869000 Z-0.125000
G01 X241.357000 Y61.615000 Z-0.125000
G01 X241.583000 Y61.530000 Z-0.125000
G01 X241.978000 Y61.615000 Z-0.125000
G01 X242.374000 Y61.869000 Z-0.125000
G01 X247.079000 Y66.575000 Z-0.125000
G01 X247.334000 Y66.688000 Z-0.125000
G01 X247.418000 Y66.462000 Z-0.125000
G01 X247.334000 Y66.066000 Z-0.125000
G01 X247.079000 Y65.670000 Z-0.125000
G01 X243.278000 Y61.869000 Z-0.125000
G01 X243.165000 Y61.615000 Z-0.125000
G01 X243.391000 Y61.530000 Z-0.125000
G01 X243.787000 Y61.615000 Z-0.125000
G01 X244.183000 Y61.869000 Z-0.125000
G01 X247.079000 Y64.766000 Z-0.125000
G01 X247.334000 Y64.879000 Z-0.125000
G01 X247.418000 Y64.653000 Z-0.125000
G01 X247.334000 Y64.257000 Z-0.125000
G01 X247.079000 Y63.862000 Z-0.125000
G01 X245.087000 Y61.869000 Z-0.125000
G01 X244.974000 Y61.615000 Z-0.125000
G01 X245.200000 Y61.530000 Z-0.125000
G01 X245.596000 Y61.615000 Z-0.125000
G01 X245.991000 Y61.869000 Z-0.125000
G01 X247.079000 Y62.957000 Z-0.125000
G01 X247.334000 Y63.070000 Z-0.125000
G01 X247.418000 Y62.844000 Z-0.125000
G01 X247.334000 Y62.449000 Z-0.125000
G01 X247.079000 Y62.053000 Z-0.125000
G01 X246.556000 Y61.530000 Z-0.125000
G00 Z5.000000

(End cutting path id: path2)


(Start cutting path id: path2)
(Change tool to Default tool)

G00 Z5.000000
G00 X219.769000 Y58.254000

G01 Z-0.125000 F100.0(Penetrate)
G01 X219.826000 Y58.312000 Z-0.125000 F400.000000
G01 X220.336000 Y58.370000 Z-0.125000
G01 X220.731000 Y58.312000 Z-0.125000
G01 X220.029000 Y57.611000 Z-0.125000
G01 X219.763000 Y57.203000 Z-0.125000
G01 X219.651000 Y56.780000 Z-0.125000
G01 X219.709000 Y56.527000 Z-0.125000
G01 X219.951000 Y56.628000 Z-0.125000
G01 X221.354000 Y58.031000 Z-0.125000
G01 X221.749000 Y58.285000 Z-0.125000
G01 X222.145000 Y58.370000 Z-0.125000
G01 X222.371000 Y58.285000 Z-0.125000
G01 X222.258000 Y58.031000 Z-0.125000
G01 X219.875000 Y55.648000 Z-0.125000
G01 X219.609000 Y55.241000 Z-0.125000
G01 X219.500000 Y54.820000 Z-0.125000
G01 X219.559000 Y54.569000 Z-0.125000
G01 X219.802000 Y54.671000 Z-0.125000
G01 X223.162000 Y58.031000 Z-0.125000
G01 X223.558000 Y58.285000 Z-0.125000
G01 X223.954000 Y58.370000 Z-0.125000
G01 X224.180000 Y58.285000 Z-0.125000
G01 X224.067000 Y58.031000 Z-0.125000
G01 X219.729000 Y53.693000 Z-0.125000
G01 X219.463000 Y53.286000 Z-0.125000
G01 X219.354000 Y52.866000 Z-0.125000
G01 X219.413000 Y52.614000 Z-0.125000
G01 X219.656000 Y52.716000 Z-0.125000
G01 X224.971000 Y58.031000 Z-0.125000
G01 X225.367000 Y58.285000 Z-0.125000
G01 X225.762000 Y58.370000 Z-0.125000
G01 X225.988000 Y58.285000 Z-0.125000
G01 X225.875000 Y58.031000 Z-0.125000
G01 X219.583000 Y51.739000 Z-0.125000
G01 X219.318000 Y51.332000 Z-0.125000
G01 X219.208000 Y50.912000 Z-0.125000
G01 X219.269000 Y50.661000 Z-0.125000
G01 X219.512000 Y50.763000 Z-0.125000
G01 X226.780000 Y58.031000 Z-0.125000
G01 X227.175000 Y58.285000 Z-0.125000
G01 X227.571000 Y58.370000 Z-0.125000
G01 X227.797000 Y58.285000 Z-0.125000
G01 X227.684000 Y58.031000 Z-0.125000
G01 X219.442000 Y49.789000 Z-0.125000
G01 X219.176000 Y49.382000 Z-0.125000
G01 X219.067000 Y48.962000 Z-0.125000
G01 X219.128000 Y48.712000 Z-0.125000
G01 X219.371000 Y48.814000 Z-0.125000
G01 X228.588000 Y58.031000 Z-0.125000
G01 X228.984000 Y58.285000 Z-0.125000
G01 X229.379000 Y58.370000 Z-0.125000
G01 X229.606000 Y58.285000 Z-0.125000
G01 X229.492000 Y58.031000 Z-0.125000
G01 X219.301000 Y47.839000 Z-0.125000
G01 X219.036000 Y47.433000 Z-0.125000
G01 X218.927000 Y47.013000 Z-0.125000
G01 X218.987000 Y46.763000 Z-0.125000
G01 X219.231000 Y46.865000 Z-0.125000
G01 X230.397000 Y58.031000 Z-0.125000
G01 X230.792000 Y58.285000 Z-0.125000
G01 X231.188000 Y58.370000 Z-0.125000
G01 X231.414000 Y58.285000 Z-0.125000
G01 X231.301000 Y58.031000 Z-0.125000
G01 X219.160000 Y45.890000 Z-0.125000
G01 X218.895000 Y45.484000 Z-0.125000
G01 X218.786000 Y45.064000 Z-0.125000
G01 X218.847000 Y44.814000 Z-0.125000
G01 X219.090000 Y44.916000 Z-0.125000
G01 X232.205000 Y58.031000 Z-0.125000
G01 X232.601000 Y58.285000 Z-0.125000
G01 X232.996000 Y58.370000 Z-0.125000
G01 X233.223000 Y58.285000 Z-0.125000
G01 X233.109000 Y58.031000 Z-0.125000
G01 X218.994000 Y43.916000 Z-0.125000
G01 X218.733000 Y43.513000 Z-0.125000
G01 X218.633000 Y43.102000 Z-0.125000
G01 X218.702000 Y42.860000 Z-0.125000
G01 X218.949000 Y42.966000 Z-0.125000
G01 X234.014000 Y58.031000 Z-0.125000
G01 X234.410000 Y58.285000 Z-0.125000
G01 X234.805000 Y58.370000 Z-0.125000
G01 X235.031000 Y58.285000 Z-0.125000
G01 X234.918000 Y58.031000 Z-0.125000
G01 X218.879000 Y41.991000 Z-0.125000
G01 X218.613000 Y41.585000 Z-0.125000
G01 X218.504000 Y41.165000 Z-0.125000
G01 X218.565000 Y40.914000 Z-0.125000
G01 X218.808000 Y41.016000 Z-0.125000
G01 X235.822000 Y58.031000 Z-0.125000
G01 X236.218000 Y58.285000 Z-0.125000
G01 X236.614000 Y58.370000 Z-0.125000
G01 X236.840000 Y58.285000 Z-0.125000
G01 X236.727000 Y58.031000 Z-0.125000
G01 X218.738000 Y40.042000 Z-0.125000
G01 X218.472000 Y39.635000 Z-0.125000
G01 X218.363000 Y39.215000 Z-0.125000
G01 X218.424000 Y38.965000 Z-0.125000
G01 X218.667000 Y39.067000 Z-0.125000
G01 X237.631000 Y58.031000 Z-0.125000
G01 X238.027000 Y58.285000 Z-0.125000
G01 X238.423000 Y58.370000 Z-0.125000
G01 X238.649000 Y58.285000 Z-0.125000
G01 X238.536000 Y58.031000 Z-0.125000
G01 X218.596000 Y38.092000 Z-0.125000
G01 X218.331000 Y37.685000 Z-0.125000
G01 X218.222000 Y37.265000 Z-0.125000
G01 X218.283000 Y37.015000 Z-0.125000
G01 X218.526000 Y37.117000 Z-0.125000
G01 X239.440000 Y58.031000 Z-0.125000
G01 X239.836000 Y58.285000 Z-0.125000
G01 X240.231000 Y58.370000 Z-0.125000
G01 X240.457000 Y58.285000 Z-0.125000
G01 X240.344000 Y58.031000 Z-0.125000
G01 X218.455000 Y36.142000 Z-0.125000
G01 X218.190000 Y35.735000 Z-0.125000
G01 X218.081000 Y35.315000 Z-0.125000
G01 X218.141000 Y35.065000 Z-0.125000
G01 X218.385000 Y35.167000 Z-0.125000
G01 X241.249000 Y58.031000 Z-0.125000
G01 X241.644000 Y58.285000 Z-0.125000
G01 X242.040000 Y58.370000 Z-0.125000
G01 X242.266000 Y58.285000 Z-0.125000
G01 X242.153000 Y58.031000 Z-0.125000
G01 X218.314000 Y34.192000 Z-0.125000
G01 X218.049000 Y33.785000 Z-0.125000
G01 X217.940000 Y33.366000 Z-0.125000
G01 X218.000000 Y33.115000 Z-0.125000
G01 X218.243000 Y33.217000 Z-0.125000
G01 X243.057000 Y58.031000 Z-0.125000
G01 X243.453000 Y58.285000 Z-0.125000
G01 X243.848000 Y58.370000 Z-0.125000
G01 X244.075000 Y58.285000 Z-0.125000
G01 X243.961000 Y58.031000 Z-0.125000
G01 X218.173000 Y32.242000 Z-0.125000
G01 X217.907000 Y31.835000 Z-0.125000
G01 X217.798000 Y31.415000 Z-0.125000
G01 X217.858000 Y31.165000 Z-0.125000
G01 X218.101000 Y31.266000 Z-0.125000
G01 X244.866000 Y58.031000 Z-0.125000
G01 X245.261000 Y58.285000 Z-0.125000
G01 X245.657000 Y58.370000 Z-0.125000
G01 X245.883000 Y58.285000 Z-0.125000
G01 X245.770000 Y58.031000 Z-0.125000
G01 X218.026000 Y30.287000 Z-0.125000
G01 X217.760000 Y29.880000 Z-0.125000
G01 X217.649000 Y29.458000 Z-0.125000
G01 X217.708000 Y29.206000 Z-0.125000
G01 X217.951000 Y29.308000 Z-0.125000
G01 X246.674000 Y58.031000 Z-0.125000
G01 X247.070000 Y58.285000 Z-0.125000
G01 X247.466000 Y58.370000 Z-0.125000
G01 X247.692000 Y58.285000 Z-0.125000
G01 X247.579000 Y58.031000 Z-0.125000
G01 X218.526000 Y28.979000 Z-0.125000
G01 X218.413000 Y28.724000 Z-0.125000
G01 X218.638000 Y28.638000 Z-0.125000
G01 X219.033000 Y28.722000 Z-0.125000
G01 X219.428000 Y28.976000 Z-0.125000
G01 X248.483000 Y58.030000 Z-0.125000
G01 X248.879000 Y58.285000 Z-0.125000
G01 X249.274000 Y58.369000 Z-0.125000
G01 X249.500000 Y58.285000 Z-0.125000
G01 X249.387000 Y58.030000 Z-0.125000
G01 X220.330000 Y28.973000 Z-0.125000
G01 X220.217000 Y28.719000 Z-0.125000
G01 X220.442000 Y28.633000 Z-0.125000
G01 X220.837000 Y28.717000 Z-0.125000
G01 X221.232000 Y28.970000 Z-0.125000
G01 X250.292000 Y58.030000 Z-0.125000
G01 X250.687000 Y58.284000 Z-0.125000
G01 X251.083000 Y58.369000 Z-0.125000
G01 X251.309000 Y58.284000 Z-0.125000
G01 X251.196000 Y58.030000 Z-0.125000
G01 X222.134000 Y28.968000 Z-0.125000
G01 X222.020000 Y28.713000 Z-0.125000
G01 X222.246000 Y28.627000 Z-0.125000
G01 X222.641000 Y28.711000 Z-0.125000
G01 X223.036000 Y28.965000 Z-0.125000
G01 X251.629000 Y57.558000 Z-0.125000
G01 X251.904000 Y57.692000 Z-0.125000
G01 X252.035000 Y57.512000 Z-0.125000
G01 X251.997000 Y57.163000 Z-0.125000
G01 X251.764000 Y56.789000 Z-0.125000
G01 X223.938000 Y28.963000 Z-0.125000
G01 X223.824000 Y28.709000 Z-0.125000
G01 X224.050000 Y28.623000 Z-0.125000
G01 X224.444000 Y28.707000 Z-0.125000
G01 X224.840000 Y28.960000 Z-0.125000
G01 X251.899000 Y56.020000 Z-0.125000
G01 X252.175000 Y56.154000 Z-0.125000
G01 X252.306000 Y55.975000 Z-0.125000
G01 X252.268000 Y55.626000 Z-0.125000
G01 X252.035000 Y55.251000 Z-0.125000
G01 X225.742000 Y28.958000 Z-0.125000
G01 X225.628000 Y28.703000 Z-0.125000
G01 X225.853000 Y28.617000 Z-0.125000
G01 X226.248000 Y28.701000 Z-0.125000
G01 X226.643000 Y28.955000 Z-0.125000
G01 X252.170000 Y54.482000 Z-0.125000
G01 X252.446000 Y54.616000 Z-0.125000
G01 X252.577000 Y54.436000 Z-0.125000
G01 X252.539000 Y54.087000 Z-0.125000
G01 X252.305000 Y53.713000 Z-0.125000
G01 X227.545000 Y28.952000 Z-0.125000
G01 X227.432000 Y28.698000 Z-0.125000
G01 X227.657000 Y28.612000 Z-0.125000
G01 X228.052000 Y28.696000 Z-0.125000
G01 X228.447000 Y28.949000 Z-0.125000
G01 X252.441000 Y52.943000 Z-0.125000
G01 X252.716000 Y53.077000 Z-0.125000
G01 X252.848000 Y52.898000 Z-0.125000
G01 X252.810000 Y52.549000 Z-0.125000
G01 X252.577000 Y52.175000 Z-0.125000
G01 X229.349000 Y28.947000 Z-0.125000
G01 X229.236000 Y28.692000 Z-0.125000
G01 X229.461000 Y28.607000 Z-0.125000
G01 X229.856000 Y28.690000 Z-0.125000
G01 X230.251000 Y28.944000 Z-0.125000
G01 X252.714000 Y51.407000 Z-0.125000
G01 X252.990000 Y51.541000 Z-0.125000
G01 X253.121000 Y51.362000 Z-0.125000
G01 X253.084000 Y51.014000 Z-0.125000
G01 X252.851000 Y50.639000 Z-0.125000
G01 X231.153000 Y28.942000 Z-0.125000
G01 X231.039000 Y28.687000 Z-0.125000
G01 X231.265000 Y28.601000 Z-0.125000
G01 X231.660000 Y28.685000 Z-0.125000
G01 X232.055000 Y28.939000 Z-0.125000
G01 X252.987000 Y49.871000 Z-0.125000
G01 X253.263000 Y50.005000 Z-0.125000
G01 X253.395000 Y49.826000 Z-0.125000
G01 X253.357000 Y49.478000 Z-0.125000
G01 X253.124000 Y49.103000 Z-0.125000
G01 X232.957000 Y28.936000 Z-0.125000
G01 X232.843000 Y28.681000 Z-0.125000
G01 X233.068000 Y28.596000 Z-0.125000
G01 X233.463000 Y28.680000 Z-0.125000
G01 X233.859000 Y28.933000 Z-0.125000
G01 X253.261000 Y48.335000 Z-0.125000
G01 X253.536000 Y48.470000 Z-0.125000
G01 X253.668000 Y48.290000 Z-0.125000
G01 X253.630000 Y47.942000 Z-0.125000
G01 X253.397000 Y47.568000 Z-0.125000
G01 X234.760000 Y28.931000 Z-0.125000
G01 X234.647000 Y28.676000 Z-0.125000
G01 X234.872000 Y28.590000 Z-0.125000
G01 X235.267000 Y28.674000 Z-0.125000
G01 X235.662000 Y28.928000 Z-0.125000
G01 X253.534000 Y46.799000 Z-0.125000
G01 X253.809000 Y46.934000 Z-0.125000
G01 X253.941000 Y46.755000 Z-0.125000
G01 X253.903000 Y46.406000 Z-0.125000
G01 X253.670000 Y46.032000 Z-0.125000
G01 X236.564000 Y28.925000 Z-0.125000
G01 X236.451000 Y28.671000 Z-0.125000
G01 X236.676000 Y28.585000 Z-0.125000
G01 X237.071000 Y28.669000 Z-0.125000
G01 X237.466000 Y28.922000 Z-0.125000
G01 X253.807000 Y45.263000 Z-0.125000
G01 X254.083000 Y45.398000 Z-0.125000
G01 X254.215000 Y45.219000 Z-0.125000
G01 X254.177000 Y44.870000 Z-0.125000
G01 X253.944000 Y44.496000 Z-0.125000
G01 X238.368000 Y28.920000 Z-0.125000
G01 X238.255000 Y28.665000 Z-0.125000
G01 X238.480000 Y28.580000 Z-0.125000
G01 X238.875000 Y28.663000 Z-0.125000
G01 X239.270000 Y28.917000 Z-0.125000
G01 X254.081000 Y43.728000 Z-0.125000
G01 X254.356000 Y43.862000 Z-0.125000
G01 X254.488000 Y43.683000 Z-0.125000
G01 X254.451000 Y43.335000 Z-0.125000
G01 X254.218000 Y42.960000 Z-0.125000
G01 X240.172000 Y28.915000 Z-0.125000
G01 X240.058000 Y28.660000 Z-0.125000
G01 X240.284000 Y28.574000 Z-0.125000
G01 X240.678000 Y28.658000 Z-0.125000
G01 X241.074000 Y28.912000 Z-0.125000
G01 X254.355000 Y42.197000 Z-0.125000
G01 X254.630000 Y42.331000 Z-0.125000
G01 X254.762000 Y42.152000 Z-0.125000
G01 X254.725000 Y41.804000 Z-0.125000
G01 X254.492000 Y41.429000 Z-0.125000
G01 X241.975000 Y28.913000 Z-0.125000
G01 X241.862000 Y28.658000 Z-0.125000
G01 X242.087000 Y28.573000 Z-0.125000
G01 X242.482000 Y28.657000 Z-0.125000
G01 X242.877000 Y28.910000 Z-0.125000
G01 X254.629000 Y40.661000 Z-0.125000
G01 X254.904000 Y40.796000 Z-0.125000
G01 X255.035000 Y40.616000 Z-0.125000
G01 X254.997000 Y40.267000 Z-0.125000
G01 X254.764000 Y39.892000 Z-0.125000
G01 X243.779000 Y28.908000 Z-0.125000
G01 X243.666000 Y28.653000 Z-0.125000
G01 X243.891000 Y28.567000 Z-0.125000
G01 X244.286000 Y28.651000 Z-0.125000
G01 X244.681000 Y28.905000 Z-0.125000
G01 X254.899000 Y39.123000 Z-0.125000
G01 X255.175000 Y39.257000 Z-0.125000
G01 X255.306000 Y39.077000 Z-0.125000
G01 X255.268000 Y38.728000 Z-0.125000
G01 X255.035000 Y38.354000 Z-0.125000
G01 X245.583000 Y28.902000 Z-0.125000
G01 X245.470000 Y28.648000 Z-0.125000
G01 X245.695000 Y28.562000 Z-0.125000
G01 X246.090000 Y28.646000 Z-0.125000
G01 X246.485000 Y28.899000 Z-0.125000
G01 X255.170000 Y37.584000 Z-0.125000
G01 X255.445000 Y37.718000 Z-0.125000
G01 X255.577000 Y37.539000 Z-0.125000
G01 X255.538000 Y37.190000 Z-0.125000
G01 X255.305000 Y36.815000 Z-0.125000
G01 X247.387000 Y28.897000 Z-0.125000
G01 X247.273000 Y28.642000 Z-0.125000
G01 X247.499000 Y28.557000 Z-0.125000
G01 X247.893000 Y28.640000 Z-0.125000
G01 X248.289000 Y28.894000 Z-0.125000
G01 X255.441000 Y36.046000 Z-0.125000
G01 X255.716000 Y36.180000 Z-0.125000
G01 X255.847000 Y36.001000 Z-0.125000
G01 X255.809000 Y35.652000 Z-0.125000
G01 X255.576000 Y35.277000 Z-0.125000
G01 X249.191000 Y28.892000 Z-0.125000
G01 X249.077000 Y28.637000 Z-0.125000
G01 X249.302000 Y28.551000 Z-0.125000
G01 X249.697000 Y28.635000 Z-0.125000
G01 X250.092000 Y28.889000 Z-0.125000
G01 X255.712000 Y34.508000 Z-0.125000
G01 X255.988000 Y34.643000 Z-0.125000
G01 X256.119000 Y34.463000 Z-0.125000
G01 X256.081000 Y34.114000 Z-0.125000
G01 X255.848000 Y33.740000 Z-0.125000
G01 X250.994000 Y28.886000 Z-0.125000
G01 X250.881000 Y28.631000 Z-0.125000
G01 X251.106000 Y28.546000 Z-0.125000
G01 X251.501000 Y28.629000 Z-0.125000
G01 X251.896000 Y28.883000 Z-0.125000
G01 X255.986000 Y32.972000 Z-0.125000
G01 X256.262000 Y33.107000 Z-0.125000
G01 X256.394000 Y32.929000 Z-0.125000
G01 X256.357000 Y32.581000 Z-0.125000
G01 X256.125000 Y32.207000 Z-0.125000
G01 X252.798000 Y28.881000 Z-0.125000
G01 X252.685000 Y28.626000 Z-0.125000
G01 X252.910000 Y28.540000 Z-0.125000
G01 X253.305000 Y28.624000 Z-0.125000
G01 X253.700000 Y28.878000 Z-0.125000
G01 X256.264000 Y31.441000 Z-0.125000
G01 X256.540000 Y31.577000 Z-0.125000
G01 X256.674000 Y31.400000 Z-0.125000
G01 X256.638000 Y31.053000 Z-0.125000
G01 X256.406000 Y30.679000 Z-0.125000
G01 X254.602000 Y28.875000 Z-0.125000
G01 X254.488000 Y28.621000 Z-0.125000
G01 X254.714000 Y28.535000 Z-0.125000
G01 X255.109000 Y28.619000 Z-0.125000
G01 X255.504000 Y28.872000 Z-0.125000
G01 X256.550000 Y29.918000 Z-0.125000
G01 X256.827000 Y30.055000 Z-0.125000
G01 X256.964000 Y29.881000 Z-0.125000
G01 X256.932000 Y29.537000 Z-0.125000
G01 X256.701000 Y29.165000 Z-0.125000
G01 X256.188000 Y28.652000 Z-0.125000
G01 X256.238000 Y28.561000 Z-0.125000
G01 X256.518000 Y28.529000 Z-0.125000
G01 X257.089000 Y28.649000 Z-0.125000
G01 X257.210000 Y28.770000 Z-0.125000
G00 Z5.000000

(End cutting path id: path2)


(Start cutting path id: path2)
(Change tool to Default tool)

G00 Z5.000000
G00 X217.601000 Y31.144000

G01 Z-0.125000 F100.0(Penetrate)
G01 X218.493000 Y43.468000 Z-0.125000 F400.000000
G01 X219.397000 Y55.830000 Z-0.125000
G01 X219.614000 Y58.548000 Z-0.125000
G01 X235.824000 Y58.548000 Z-0.125000
G01 X252.034000 Y58.548000 Z-0.125000
G01 X252.975000 Y53.200000 Z-0.125000
G01 X254.458000 Y44.871000 Z-0.125000
G01 X256.028000 Y36.006000 Z-0.125000
G01 X257.278000 Y29.239000 Z-0.125000
G01 X257.499000 Y28.357000 Z-0.125000
G01 X237.447000 Y28.410000 Z-0.125000
G01 X217.395000 Y28.464000 Z-0.125000
G01 X217.601000 Y31.144000 Z-0.125000
G00 Z5.000000

(End cutting path id: path2)


(Start cutting path id: path2)
(Change tool to Default tool)

G00 Z5.000000
G00 X214.982000 Y20.147000

G01 Z-0.125000 F100.0(Penetrate)
G01 X214.982000 Y25.934000 Z-0.125000 F400.000000
G01 X236.988000 Y25.917000 Z-0.125000
G01 X258.993000 Y25.900000 Z-0.125000
G01 X262.500000 Y23.191000 Z-0.125000
G01 X266.007000 Y20.481000 Z-0.125000
G01 X266.108000 Y17.421000 Z-0.125000
G01 X266.210000 Y14.361000 Z-0.125000
G01 X240.596000 Y14.361000 Z-0.125000
G01 X214.982000 Y14.361000 Z-0.125000
G01 X214.982000 Y20.147000 Z-0.125000
G00 Z5.000000

(End cutting path id: path2)


(Start cutting path id: path2)
(Change tool to Default tool)

G00 Z5.000000
G00 X220.324000 Y71.181000

G01 Z-0.125000 F100.0(Penetrate)
G01 X220.418000 Y81.008000 Z-0.125000 F400.000000
G01 X234.007000 Y81.087000 Z-0.125000
G01 X247.596000 Y81.167000 Z-0.125000
G01 X247.596000 Y71.260000 Z-0.125000
G01 X247.596000 Y61.353000 Z-0.125000
G01 X233.914000 Y61.353000 Z-0.125000
G01 X220.231000 Y61.353000 Z-0.125000
G01 X220.324000 Y71.181000 Z-0.125000
G00 Z5.000000

(End cutting path id: path2)


(Start cutting path id: path2)
(Change tool to Default tool)

G00 Z5.000000
G00 X221.442000 Y97.004000

G01 Z-0.125000 F100.0(Penetrate)
G01 X209.204000 Y84.766000 Z-0.125000 F400.000000
G01 X209.091000 Y84.512000 Z-0.125000
G01 X209.318000 Y84.428000 Z-0.125000
G01 X209.714000 Y84.513000 Z-0.125000
G01 X210.110000 Y84.767000 Z-0.125000
G01 X223.906000 Y98.563000 Z-0.125000
G00 Z5.000000

(End cutting path id: path2)


(Start cutting path id: path2)
(Change tool to Default tool)

G00 Z5.000000
G00 X216.588000 Y118.380900

G01 Z-0.125000 F100.0(Penetrate)
G01 X204.901000 Y106.693400 Z-0.125000 F400.000000
G01 X204.681000 Y106.332100 Z-0.125000
G01 X204.671000 Y106.011900 Z-0.125000
G01 X204.832000 Y105.861200 Z-0.125000
G01 X205.120000 Y106.008600 Z-0.125000
G01 X215.847000 Y116.735500 Z-0.125000
G01 X216.038000 Y116.785100 Z-0.125000
G01 X215.983000 Y116.419500 Z-0.125000
G01 X215.441000 Y115.425200 Z-0.125000
G01 X205.340000 Y105.323800 Z-0.125000
G01 X205.120000 Y104.962400 Z-0.125000
G01 X205.110000 Y104.642200 Z-0.125000
G01 X205.271000 Y104.491600 Z-0.125000
G01 X205.559000 Y104.639000 Z-0.125000
G01 X215.017000 Y114.096800 Z-0.125000
G01 X215.205000 Y114.143500 Z-0.125000
G01 X215.144000 Y113.771600 Z-0.125000
G01 X214.593000 Y112.768200 Z-0.125000
G01 X205.779000 Y103.954100 Z-0.125000
G01 X205.638000 Y103.672300 Z-0.125000
G01 X205.804000 Y103.526900 Z-0.125000
G01 X206.139000 Y103.551000 Z-0.125000
G01 X206.507000 Y103.777800 Z-0.125000
G01 X214.153000 Y111.424000 Z-0.125000
G01 X214.338000 Y111.468200 Z-0.125000
G01 X214.272000 Y111.090800 Z-0.125000
G01 X213.713000 Y110.079400 Z-0.125000
G01 X207.411000 Y103.777800 Z-0.125000
G01 X207.298000 Y103.523500 Z-0.125000
G01 X207.524000 Y103.438700 Z-0.125000
G01 X207.920000 Y103.523500 Z-0.125000
G01 X208.315000 Y103.777800 Z-0.125000
G01 X213.266000 Y108.729000 Z-0.125000
G01 X213.451000 Y108.772100 Z-0.125000
G01 X213.382000 Y108.392100 Z-0.125000
G01 X212.819000 Y107.377000 Z-0.125000
G01 X209.220000 Y103.777800 Z-0.125000
G01 X209.107000 Y103.523500 Z-0.125000
G01 X209.333000 Y103.438700 Z-0.125000
G01 X209.728000 Y103.523500 Z-0.125000
G01 X210.124000 Y103.777800 Z-0.125000
G01 X212.371000 Y106.025100 Z-0.125000
G01 X212.556000 Y106.068200 Z-0.125000
G01 X212.486000 Y105.688300 Z-0.125000
G01 X211.924000 Y104.673200 Z-0.125000
G01 X210.800000 Y103.549600 Z-0.125000
G01 X210.858000 Y103.466400 Z-0.125000
G01 X211.141000 Y103.438700 Z-0.125000
G01 X211.704000 Y103.549600 Z-0.125000
G01 X211.815000 Y103.660500 Z-0.125000
G00 Z5.000000

(End cutting path id: path2)


(Start cutting path id: path2)
(Change tool to Default tool)

G00 Z5.000000
G00 X191.836000 Y119.918400

G01 Z-0.125000 F100.0(Penetrate)
G01 X191.836000 Y136.751500 Z-0.125000 F400.000000
G01 X196.550000 Y136.751500 Z-0.125000
G01 X201.264000 Y136.751500 Z-0.125000
G01 X202.286000 Y133.507600 Z-0.125000
G01 X206.051000 Y121.233500 Z-0.125000
G01 X208.053000 Y114.855900 Z-0.125000
G01 X209.014000 Y112.203200 Z-0.125000
G01 X210.192000 Y115.808800 Z-0.125000
G01 X212.717000 Y124.477400 Z-0.125000
G01 X216.202000 Y136.751500 Z-0.125000
G01 X221.028000 Y136.751500 Z-0.125000
G01 X225.853000 Y136.751500 Z-0.125000
G01 X225.853000 Y120.269100 Z-0.125000
G01 X225.941000 Y103.523600 Z-0.125000
G01 X224.998000 Y103.308400 Z-0.125000
G01 X222.609000 Y103.160000 Z-0.125000
G01 X219.190000 Y103.060000 Z-0.125000
G01 X219.190000 Y114.470100 Z-0.125000
G01 X219.100000 Y122.940000 Z-0.125000
G01 X218.990000 Y125.134200 Z-0.125000
G01 X218.839000 Y125.880200 Z-0.125000
G01 X218.592000 Y125.640500 Z-0.125000
G01 X218.489000 Y125.064300 Z-0.125000
G01 X218.187000 Y123.389700 Z-0.125000
G01 X217.321000 Y120.198100 Z-0.125000
G01 X214.140000 Y110.099200 Z-0.125000
G01 X211.875000 Y103.260700 Z-0.125000
G01 X208.624000 Y103.260700 Z-0.125000
G01 X205.372000 Y103.260700 Z-0.125000
G01 X202.326000 Y112.762900 Z-0.125000
G01 X200.100000 Y119.927600 Z-0.125000
G01 X199.026000 Y123.809700 Z-0.125000
G01 X198.616000 Y125.597200 Z-0.125000
G01 X198.537000 Y125.658000 Z-0.125000
G01 X198.467000 Y125.556400 Z-0.125000
G01 X198.351000 Y124.850500 Z-0.125000
G01 X198.207000 Y121.317400 Z-0.125000
G01 X198.159000 Y114.745800 Z-0.125000
G01 X198.149000 Y103.085000 Z-0.125000
G01 X194.992000 Y103.085000 Z-0.125000
G01 X191.836000 Y103.085000 Z-0.125000
G01 X191.836000 Y119.918400 Z-0.125000
G00 Z5.000000

(End cutting path id: path2)


(Start cutting path id: path2)
(Change tool to Default tool)

G00 Z5.000000
G00 X185.283000 Y131.381800

G01 Z-0.125000 F100.0(Penetrate)
G01 X174.687000 Y120.785800 Z-0.125000 F400.000000
G01 X174.574000 Y120.531500 Z-0.125000
G01 X174.800000 Y120.446700 Z-0.125000
G01 X175.195000 Y120.531500 Z-0.125000
G01 X175.591000 Y120.785800 Z-0.125000
G01 X184.184000 Y129.378600 Z-0.125000
G01 X184.352000 Y129.405600 Z-0.125000
G01 X184.248000 Y128.990200 Z-0.125000
G01 X183.633000 Y127.923600 Z-0.125000
G01 X176.495000 Y120.785800 Z-0.125000
G01 X176.382000 Y120.531500 Z-0.125000
G01 X176.608000 Y120.446700 Z-0.125000
G01 X177.004000 Y120.531500 Z-0.125000
G01 X177.400000 Y120.785800 Z-0.125000
G01 X183.219000 Y126.604800 Z-0.125000
G01 X183.430000 Y126.674300 Z-0.125000
G01 X183.419000 Y126.352500 Z-0.125000
G01 X182.940000 Y125.421900 Z-0.125000
G01 X178.304000 Y120.785800 Z-0.125000
G01 X178.191000 Y120.531500 Z-0.125000
G01 X178.417000 Y120.446700 Z-0.125000
G01 X178.813000 Y120.531500 Z-0.125000
G01 X179.208000 Y120.785800 Z-0.125000
G01 X182.658000 Y124.235700 Z-0.125000
G01 X182.884000 Y124.320400 Z-0.125000
G01 X182.907000 Y124.032200 Z-0.125000
G01 X182.760000 Y123.574300 Z-0.125000
G01 X182.477000 Y123.150500 Z-0.125000
G01 X180.113000 Y120.785800 Z-0.125000
G01 X180.000000 Y120.531500 Z-0.125000
G01 X180.226000 Y120.446700 Z-0.125000
G01 X180.621000 Y120.531500 Z-0.125000
G01 X181.017000 Y120.785800 Z-0.125000
G01 X182.406000 Y122.174400 Z-0.125000
G01 X182.635000 Y122.262200 Z-0.125000
G01 X182.664000 Y121.980500 Z-0.125000
G01 X182.523000 Y121.529300 Z-0.125000
G01 X182.244000 Y121.108400 Z-0.125000
G01 X181.582000 Y120.446700 Z-0.125000
G00 Z5.000000

(End cutting path id: path2)


(Start cutting path id: path2)
(Change tool to Default tool)

G00 Z5.000000
G00 X192.284000 Y136.573900

G01 Z-0.125000 F100.0(Penetrate)
G01 X192.148000 Y136.438500 Z-0.125000 F400.000000
G01 X192.013000 Y135.850900 Z-0.125000
G01 X192.047000 Y135.573900 Z-0.125000
G01 X192.148000 Y135.534200 Z-0.125000
G01 X192.849000 Y136.234800 Z-0.125000
G01 X193.244000 Y136.489100 Z-0.125000
G01 X193.640000 Y136.573900 Z-0.125000
G01 X193.866000 Y136.489100 Z-0.125000
G01 X193.753000 Y136.234800 Z-0.125000
G01 X192.352000 Y134.833600 Z-0.125000
G01 X192.097000 Y134.437900 Z-0.125000
G01 X192.013000 Y134.042300 Z-0.125000
G01 X192.097000 Y133.816200 Z-0.125000
G01 X192.352000 Y133.929300 Z-0.125000
G01 X194.657000 Y136.234800 Z-0.125000
G01 X195.053000 Y136.489100 Z-0.125000
G01 X195.449000 Y136.573900 Z-0.125000
G01 X195.675000 Y136.489100 Z-0.125000
G01 X195.562000 Y136.234800 Z-0.125000
G01 X192.352000 Y133.025000 Z-0.125000
G01 X192.097000 Y132.629300 Z-0.125000
G01 X192.013000 Y132.233700 Z-0.125000
G01 X192.097000 Y132.007600 Z-0.125000
G01 X192.352000 Y132.120600 Z-0.125000
G01 X196.466000 Y136.234800 Z-0.125000
G01 X196.862000 Y136.489100 Z-0.125000
G01 X197.257000 Y136.573900 Z-0.125000
G01 X197.483000 Y136.489100 Z-0.125000
G01 X197.370000 Y136.234800 Z-0.125000
G01 X192.352000 Y131.216300 Z-0.125000
G01 X192.097000 Y130.820700 Z-0.125000
G01 X192.013000 Y130.425100 Z-0.125000
G01 X192.097000 Y130.199000 Z-0.125000
G01 X192.352000 Y130.312000 Z-0.125000
G01 X198.275000 Y136.234800 Z-0.125000
G01 X198.670000 Y136.489100 Z-0.125000
G01 X199.066000 Y136.573900 Z-0.125000
G01 X199.292000 Y136.489100 Z-0.125000
G01 X199.179000 Y136.234800 Z-0.125000
G01 X192.352000 Y129.407700 Z-0.125000
G01 X192.097000 Y129.012100 Z-0.125000
G01 X192.013000 Y128.616500 Z-0.125000
G01 X192.097000 Y128.390400 Z-0.125000
G01 X192.352000 Y128.503400 Z-0.125000
G01 X200.083000 Y136.234800 Z-0.125000
G01 X200.456000 Y136.466100 Z-0.125000
G01 X200.801000 Y136.500300 Z-0.125000
G01 X200.976000 Y136.364900 Z-0.125000
G01 X200.840000 Y136.087600 Z-0.125000
G01 X192.352000 Y127.599100 Z-0.125000
G01 X192.097000 Y127.203500 Z-0.125000
G01 X192.013000 Y126.807900 Z-0.125000
G01 X192.097000 Y126.581800 Z-0.125000
G01 X192.352000 Y126.694800 Z-0.125000
G01 X201.057000 Y135.399800 Z-0.125000
G01 X201.345000 Y135.546700 Z-0.125000
G01 X201.504000 Y135.395000 Z-0.125000
G01 X201.494000 Y135.073800 Z-0.125000
G01 X201.273000 Y134.712000 Z-0.125000
G01 X192.352000 Y125.790500 Z-0.125000
G01 X192.097000 Y125.394900 Z-0.125000
G01 X192.013000 Y124.999300 Z-0.125000
G01 X192.097000 Y124.773200 Z-0.125000
G01 X192.352000 Y124.886200 Z-0.125000
G01 X201.490000 Y134.024200 Z-0.125000
G01 X201.778000 Y134.171100 Z-0.125000
G01 X201.937000 Y134.019500 Z-0.125000
G01 X201.927000 Y133.698300 Z-0.125000
G01 X201.706000 Y133.336500 Z-0.125000
G01 X192.352000 Y123.981900 Z-0.125000
G01 X192.097000 Y123.586300 Z-0.125000
G01 X192.013000 Y123.190700 Z-0.125000
G01 X192.097000 Y122.964600 Z-0.125000
G01 X192.352000 Y123.077600 Z-0.125000
G01 X201.921000 Y132.646600 Z-0.125000
G01 X202.208000 Y132.793000 Z-0.125000
G01 X202.367000 Y132.640300 Z-0.125000
G01 X202.355000 Y132.318000 Z-0.125000
G01 X202.134000 Y131.955700 Z-0.125000
G01 X192.352000 Y122.173300 Z-0.125000
G01 X192.097000 Y121.777700 Z-0.125000
G01 X192.013000 Y121.382000 Z-0.125000
G01 X192.097000 Y121.156000 Z-0.125000
G01 X192.352000 Y121.269000 Z-0.125000
G01 X202.348000 Y131.264900 Z-0.125000
G01 X202.635000 Y131.411300 Z-0.125000
G01 X202.793000 Y131.258500 Z-0.125000
G01 X202.782000 Y130.936300 Z-0.125000
G01 X202.561000 Y130.574000 Z-0.125000
G01 X192.350000 Y120.362500 Z-0.125000
G01 X192.096000 Y119.967200 Z-0.125000
G01 X192.012000 Y119.572300 Z-0.125000
G01 X192.097000 Y119.347000 Z-0.125000
G01 X192.353000 Y119.460400 Z-0.125000
G01 X197.991000 Y125.099200 Z-0.125000
G01 X198.215000 Y125.181600 Z-0.125000
G01 X198.232000 Y124.887900 Z-0.125000
G01 X198.080000 Y124.424600 Z-0.125000
G01 X197.795000 Y123.998200 Z-0.125000
G01 X192.353000 Y118.556100 Z-0.125000
G01 X192.098000 Y118.160500 Z-0.125000
G01 X192.013000 Y117.764800 Z-0.125000
G01 X192.098000 Y117.538700 Z-0.125000
G01 X192.353000 Y117.651800 Z-0.125000
G01 X197.745000 Y123.044200 Z-0.125000
G01 X197.995000 Y123.152600 Z-0.125000
G01 X198.069000 Y122.916200 Z-0.125000
G01 X197.974000 Y122.510200 Z-0.125000
G01 X197.715000 Y122.109900 Z-0.125000
G01 X192.352000 Y116.747500 Z-0.125000
G01 X192.098000 Y116.351800 Z-0.125000
G01 X192.013000 Y115.956200 Z-0.125000
G01 X192.098000 Y115.730100 Z-0.125000
G01 X192.352000 Y115.843200 Z-0.125000
G01 X197.694000 Y121.185100 Z-0.125000
G01 X197.947000 Y121.296100 Z-0.125000
G01 X198.027000 Y121.065500 Z-0.125000
G01 X197.938000 Y120.665400 Z-0.125000
G01 X197.681000 Y120.267700 Z-0.125000
G01 X192.352000 Y114.938900 Z-0.125000
G01 X192.098000 Y114.543200 Z-0.125000
G01 X192.013000 Y114.147600 Z-0.125000
G01 X192.098000 Y113.921500 Z-0.125000
G01 X192.352000 Y114.034600 Z-0.125000
G01 X197.670000 Y119.352500 Z-0.125000
G01 X197.923000 Y119.463900 Z-0.125000
G01 X198.004000 Y119.234000 Z-0.125000
G01 X197.915000 Y118.834700 Z-0.125000
G01 X197.659000 Y118.437300 Z-0.125000
G01 X192.352000 Y113.130200 Z-0.125000
G01 X192.098000 Y112.734600 Z-0.125000
G01 X192.013000 Y112.339000 Z-0.125000
G01 X192.098000 Y112.112900 Z-0.125000
G01 X192.352000 Y112.225900 Z-0.125000
G01 X197.653000 Y117.526900 Z-0.125000
G01 X197.907000 Y117.639400 Z-0.125000
G01 X197.991000 Y117.412200 Z-0.125000
G01 X197.905000 Y117.015400 Z-0.125000
G01 X197.650000 Y116.619300 Z-0.125000
G01 X192.353000 Y111.321600 Z-0.125000
G01 X192.098000 Y110.926000 Z-0.125000
G01 X192.013000 Y110.530400 Z-0.125000
G01 X192.098000 Y110.304300 Z-0.125000
G01 X192.353000 Y110.417300 Z-0.125000
G01 X197.647000 Y115.711700 Z-0.125000
G01 X197.901000 Y115.824200 Z-0.125000
G01 X197.984000 Y115.597000 Z-0.125000
G01 X197.899000 Y115.200300 Z-0.125000
G01 X197.644000 Y114.804100 Z-0.125000
G01 X192.353000 Y109.513000 Z-0.125000
G01 X192.099000 Y109.117400 Z-0.125000
G01 X192.014000 Y108.721700 Z-0.125000
G01 X192.099000 Y108.495700 Z-0.125000
G01 X192.353000 Y108.608700 Z-0.125000
G01 X197.642000 Y113.897900 Z-0.125000
G01 X197.896000 Y114.010800 Z-0.125000
G01 X197.981000 Y113.784500 Z-0.125000
G01 X197.896000 Y113.388500 Z-0.125000
G01 X197.641000 Y112.992800 Z-0.125000
G01 X192.353000 Y107.704400 Z-0.125000
G01 X192.099000 Y107.308800 Z-0.125000
G01 X192.014000 Y106.913100 Z-0.125000
G01 X192.099000 Y106.687000 Z-0.125000
G01 X192.353000 Y106.800100 Z-0.125000
G01 X197.640000 Y112.087600 Z-0.125000
G01 X197.895000 Y112.200500 Z-0.125000
G01 X197.979000 Y111.974200 Z-0.125000
G01 X197.894000 Y111.578300 Z-0.125000
G01 X197.640000 Y111.182500 Z-0.125000
G01 X192.353000 Y105.895800 Z-0.125000
G01 X192.099000 Y105.500100 Z-0.125000
G01 X192.014000 Y105.104500 Z-0.125000
G01 X192.099000 Y104.878400 Z-0.125000
G01 X192.353000 Y104.991500 Z-0.125000
G01 X197.639000 Y110.277400 Z-0.125000
G01 X197.893000 Y110.390300 Z-0.125000
G01 X197.977000 Y110.163900 Z-0.125000
G01 X197.892000 Y109.768000 Z-0.125000
G01 X197.638000 Y109.372200 Z-0.125000
G01 X192.353000 Y104.087200 Z-0.125000
G01 X192.164000 Y103.757000 Z-0.125000
G01 X192.223000 Y103.505500 Z-0.125000
G01 X192.452000 Y103.423600 Z-0.125000
G01 X192.772000 Y103.602100 Z-0.125000
G01 X197.637000 Y108.467100 Z-0.125000
G01 X197.891000 Y108.580000 Z-0.125000
G01 X197.976000 Y108.353600 Z-0.125000
G01 X197.891000 Y107.957700 Z-0.125000
G01 X197.636000 Y107.562000 Z-0.125000
G01 X193.676000 Y103.602100 Z-0.125000
G01 X193.563000 Y103.347800 Z-0.125000
G01 X193.789000 Y103.263000 Z-0.125000
G01 X194.185000 Y103.347800 Z-0.125000
G01 X194.581000 Y103.602100 Z-0.125000
G01 X197.635000 Y106.656800 Z-0.125000
G01 X197.890000 Y106.769700 Z-0.125000
G01 X197.974000 Y106.543400 Z-0.125000
G01 X197.889000 Y106.147400 Z-0.125000
G01 X197.635000 Y105.751700 Z-0.125000
G01 X195.450000 Y103.567100 Z-0.125000
G01 X195.342000 Y103.318200 Z-0.125000
G01 X195.581000 Y103.245500 Z-0.125000
G01 X195.988000 Y103.342300 Z-0.125000
G01 X196.389000 Y103.602100 Z-0.125000
G01 X197.634000 Y104.846600 Z-0.125000
G01 X197.888000 Y104.959500 Z-0.125000
G01 X197.972000 Y104.733100 Z-0.125000
G01 X197.887000 Y104.337200 Z-0.125000
G01 X197.633000 Y103.941400 Z-0.125000
G01 X196.954000 Y103.263000 Z-0.125000
G00 Z5.000000

(End cutting path id: path2)


(Start cutting path id: path2)
(Change tool to Default tool)

G00 Z5.000000
G00 X203.114000 Y130.222400

G01 Z-0.125000 F100.0(Penetrate)
G01 X199.031000 Y126.139300 Z-0.125000 F400.000000
G01 X198.817000 Y125.783400 Z-0.125000
G01 X198.819000 Y125.475200 Z-0.125000
G01 X198.991000 Y125.336600 Z-0.125000
G01 X199.286000 Y125.489400 Z-0.125000
G01 X202.989000 Y129.192400 Z-0.125000
G01 X203.276000 Y129.338800 Z-0.125000
G01 X203.434000 Y129.186100 Z-0.125000
G01 X203.423000 Y128.863800 Z-0.125000
G01 X203.202000 Y128.501500 Z-0.125000
G01 X199.441000 Y124.740700 Z-0.125000
G01 X199.209000 Y124.367400 Z-0.125000
G01 X199.174000 Y124.021100 Z-0.125000
G01 X199.308000 Y123.844200 Z-0.125000
G01 X199.584000 Y123.979700 Z-0.125000
G01 X203.414000 Y127.809600 Z-0.125000
G01 X203.702000 Y127.955700 Z-0.125000
G01 X203.859000 Y127.802400 Z-0.125000
G01 X203.847000 Y127.479400 Z-0.125000
G01 X203.626000 Y127.116800 Z-0.125000
G01 X199.765000 Y123.256300 Z-0.125000
G01 X199.541000 Y122.891100 Z-0.125000
G01 X199.524000 Y122.562400 Z-0.125000
G01 X199.675000 Y122.403300 Z-0.125000
G01 X199.960000 Y122.546800 Z-0.125000
G01 X203.837000 Y126.424000 Z-0.125000
G01 X204.125000 Y126.570100 Z-0.125000
G01 X204.282000 Y126.416800 Z-0.125000
G01 X204.270000 Y126.093800 Z-0.125000
G01 X204.049000 Y125.731200 Z-0.125000
G01 X200.161000 Y121.843000 Z-0.125000
G01 X199.938000 Y121.479300 Z-0.125000
G01 X199.924000 Y121.154100 Z-0.125000
G01 X200.079000 Y120.998500 Z-0.125000
G01 X200.366000 Y121.143600 Z-0.125000
G01 X204.260000 Y125.038500 Z-0.125000
G01 X204.548000 Y125.184500 Z-0.125000
G01 X204.705000 Y125.031200 Z-0.125000
G01 X204.693000 Y124.708200 Z-0.125000
G01 X204.472000 Y124.345700 Z-0.125000
G01 X200.572000 Y120.445200 Z-0.125000
G01 X200.350000 Y120.082500 Z-0.125000
G01 X200.338000 Y119.759200 Z-0.125000
G01 X200.495000 Y119.605400 Z-0.125000
G01 X200.782000 Y119.751300 Z-0.125000
G01 X204.683000 Y123.652900 Z-0.125000
G01 X204.971000 Y123.798900 Z-0.125000
G01 X205.128000 Y123.645600 Z-0.125000
G01 X205.116000 Y123.322600 Z-0.125000
G01 X204.895000 Y122.960100 Z-0.125000
G01 X200.993000 Y119.058400 Z-0.125000
G01 X200.772000 Y118.695800 Z-0.125000
G01 X200.760000 Y118.372900 Z-0.125000
G01 X200.917000 Y118.219500 Z-0.125000
G01 X201.205000 Y118.365600 Z-0.125000
G01 X205.106000 Y122.267300 Z-0.125000
G01 X205.394000 Y122.413400 Z-0.125000
G01 X205.551000 Y122.260000 Z-0.125000
G01 X205.539000 Y121.937000 Z-0.125000
G01 X205.318000 Y121.574500 Z-0.125000
G01 X201.416000 Y117.672700 Z-0.125000
G01 X201.195000 Y117.310100 Z-0.125000
G01 X201.183000 Y116.987100 Z-0.125000
G01 X201.340000 Y116.833600 Z-0.125000
G01 X201.627000 Y116.979700 Z-0.125000
G01 X205.529000 Y120.881700 Z-0.125000
G01 X205.817000 Y121.028000 Z-0.125000
G01 X205.975000 Y120.875200 Z-0.125000
G01 X205.964000 Y120.552900 Z-0.125000
G01 X205.743000 Y120.190600 Z-0.125000
G01 X201.844000 Y116.292300 Z-0.125000
G01 X201.624000 Y115.930500 Z-0.125000
G01 X201.614000 Y115.609500 Z-0.125000
G01 X201.773000 Y115.457900 Z-0.125000
G01 X202.061000 Y115.604900 Z-0.125000
G01 X205.956000 Y119.499700 Z-0.125000
G01 X206.244000 Y119.646000 Z-0.125000
G01 X206.402000 Y119.493300 Z-0.125000
G01 X206.390000 Y119.171000 Z-0.125000
G01 X206.169000 Y118.808700 Z-0.125000
G01 X202.278000 Y114.917500 Z-0.125000
G01 X202.058000 Y114.555700 Z-0.125000
G01 X202.048000 Y114.234700 Z-0.125000
G01 X202.207000 Y114.083100 Z-0.125000
G01 X202.495000 Y114.230100 Z-0.125000
G01 X206.383000 Y118.117800 Z-0.125000
G01 X206.670000 Y118.264200 Z-0.125000
G01 X206.829000 Y118.111400 Z-0.125000
G01 X206.817000 Y117.789100 Z-0.125000
G01 X206.596000 Y117.426800 Z-0.125000
G01 X202.712000 Y113.542700 Z-0.125000
G01 X202.492000 Y113.181100 Z-0.125000
G01 X202.482000 Y112.860400 Z-0.125000
G01 X202.642000 Y112.709300 Z-0.125000
G01 X202.930000 Y112.856400 Z-0.125000
G01 X206.815000 Y116.741100 Z-0.125000
G01 X207.103000 Y116.888400 Z-0.125000
G01 X207.263000 Y116.737700 Z-0.125000
G01 X207.254000 Y116.417500 Z-0.125000
G01 X207.034000 Y116.056100 Z-0.125000
G01 X203.150000 Y112.171600 Z-0.125000
G01 X202.929000 Y111.810300 Z-0.125000
G01 X202.920000 Y111.490100 Z-0.125000
G01 X203.080000 Y111.339400 Z-0.125000
G01 X203.369000 Y111.486800 Z-0.125000
G01 X207.253000 Y115.371200 Z-0.125000
G01 X207.542000 Y115.518500 Z-0.125000
G01 X207.702000 Y115.367800 Z-0.125000
G01 X207.693000 Y115.047600 Z-0.125000
G01 X207.473000 Y114.686200 Z-0.125000
G01 X203.589000 Y110.802000 Z-0.125000
G01 X203.368000 Y110.440600 Z-0.125000
G01 X203.359000 Y110.120400 Z-0.125000
G01 X203.519000 Y109.969800 Z-0.125000
G01 X203.808000 Y110.117200 Z-0.125000
G01 X207.697000 Y114.005700 Z-0.125000
G01 X207.986000 Y114.154100 Z-0.125000
G01 X208.149000 Y114.005700 Z-0.125000
G01 X208.142000 Y113.687800 Z-0.125000
G01 X207.923000 Y113.327400 Z-0.125000
G01 X204.027000 Y109.432300 Z-0.125000
G01 X203.807000 Y109.071000 Z-0.125000
G01 X203.798000 Y108.750800 Z-0.125000
G01 X203.958000 Y108.600200 Z-0.125000
G01 X204.247000 Y108.747500 Z-0.125000
G01 X208.157000 Y112.657100 Z-0.125000
G01 X208.449000 Y112.808600 Z-0.125000
G01 X208.619000 Y112.667200 Z-0.125000
G01 X208.619000 Y112.356300 Z-0.125000
G01 X208.403000 Y111.999100 Z-0.125000
G01 X204.466000 Y108.062700 Z-0.125000
G01 X204.246000 Y107.701400 Z-0.125000
G01 X204.237000 Y107.381200 Z-0.125000
G01 X204.397000 Y107.230600 Z-0.125000
G01 X204.686000 Y107.377900 Z-0.125000
G01 X216.638000 Y119.329600 Z-0.125000
G01 X217.161000 Y120.304900 Z-0.125000
G01 X217.202000 Y120.657400 Z-0.125000
G01 X217.006000 Y120.601900 Z-0.125000
G01 X209.892000 Y113.488500 Z-0.125000
G01 X209.693000 Y113.430300 Z-0.125000
G01 X209.729000 Y113.777000 Z-0.125000
G01 X210.243000 Y114.743700 Z-0.125000
G01 X217.355000 Y121.855400 Z-0.125000
G01 X217.852000 Y122.804300 Z-0.125000
G01 X217.875000 Y123.138800 Z-0.125000
G01 X217.670000 Y123.075000 Z-0.125000
G01 X210.704000 Y116.109200 Z-0.125000
G01 X210.509000 Y116.055500 Z-0.125000
G01 X210.555000 Y116.412200 Z-0.125000
G01 X211.084000 Y117.393500 Z-0.125000
G01 X218.252000 Y124.561100 Z-0.125000
G00 Z5.000000

(End cutting path id: path2)


(Start cutting path id: path2)
(Change tool to Default tool)

G00 Z5.000000
G00 X216.191000 Y136.064700

G01 Z-0.125000 F100.0(Penetrate)
G01 X216.446000 Y136.319300 Z-0.125000 F400.000000
G01 X216.778000 Y136.510300 Z-0.125000
G01 X217.152000 Y136.574000 Z-0.125000
G01 X217.400000 Y136.510300 Z-0.125000
G01 X217.350000 Y136.319300 Z-0.125000
G01 X216.172000 Y135.140900 Z-0.125000
G01 X215.653000 Y134.170400 Z-0.125000
G01 X215.615000 Y133.821100 Z-0.125000
G01 X215.813000 Y133.878100 Z-0.125000
G01 X218.170000 Y136.234900 Z-0.125000
G01 X218.565000 Y136.489200 Z-0.125000
G01 X218.961000 Y136.574000 Z-0.125000
G01 X219.187000 Y136.489200 Z-0.125000
G01 X219.074000 Y136.234900 Z-0.125000
G01 X215.455000 Y132.615300 Z-0.125000
G01 X214.936000 Y131.644800 Z-0.125000
G01 X214.898000 Y131.295500 Z-0.125000
G01 X215.096000 Y131.352500 Z-0.125000
G01 X219.978000 Y136.234900 Z-0.125000
G01 X220.374000 Y136.489200 Z-0.125000
G01 X220.770000 Y136.574000 Z-0.125000
G01 X220.996000 Y136.489200 Z-0.125000
G01 X220.883000 Y136.234900 Z-0.125000
G01 X214.737000 Y130.089700 Z-0.125000
G01 X214.219000 Y129.119100 Z-0.125000
G01 X214.181000 Y128.769800 Z-0.125000
G01 X214.379000 Y128.826800 Z-0.125000
G01 X221.787000 Y136.234900 Z-0.125000
G01 X222.183000 Y136.489200 Z-0.125000
G01 X222.578000 Y136.574000 Z-0.125000
G01 X222.804000 Y136.489200 Z-0.125000
G01 X222.691000 Y136.234900 Z-0.125000
G01 X214.020000 Y127.564000 Z-0.125000
G01 X213.502000 Y126.593500 Z-0.125000
G01 X213.464000 Y126.244200 Z-0.125000
G01 X213.662000 Y126.301200 Z-0.125000
G01 X223.596000 Y136.234900 Z-0.125000
G01 X223.991000 Y136.489200 Z-0.125000
G01 X224.387000 Y136.574000 Z-0.125000
G01 X224.613000 Y136.489200 Z-0.125000
G01 X224.500000 Y136.234900 Z-0.125000
G01 X213.198000 Y124.932600 Z-0.125000
G01 X212.730000 Y124.012500 Z-0.125000
G01 X212.726000 Y123.697800 Z-0.125000
G01 X212.940000 Y123.770500 Z-0.125000
G01 X225.336000 Y136.166500 Z-0.125000
G01 X225.590000 Y136.279500 Z-0.125000
G01 X225.675000 Y136.053400 Z-0.125000
G01 X225.590000 Y135.657800 Z-0.125000
G01 X225.336000 Y135.262200 Z-0.125000
G01 X212.575000 Y122.501300 Z-0.125000
G01 X212.053000 Y121.527500 Z-0.125000
G01 X212.013000 Y121.176000 Z-0.125000
G01 X212.210000 Y121.232000 Z-0.125000
G01 X225.336000 Y134.357900 Z-0.125000
G01 X225.590000 Y134.470900 Z-0.125000
G01 X225.675000 Y134.244800 Z-0.125000
G01 X225.590000 Y133.849200 Z-0.125000
G01 X225.336000 Y133.453600 Z-0.125000
G01 X211.845000 Y119.962300 Z-0.125000
G01 X211.316000 Y118.980900 Z-0.125000
G01 X211.270000 Y118.624200 Z-0.125000
G01 X211.465000 Y118.677800 Z-0.125000
G01 X225.337000 Y132.549200 Z-0.125000
G01 X225.591000 Y132.662200 Z-0.125000
G01 X225.676000 Y132.436200 Z-0.125000
G01 X225.591000 Y132.040500 Z-0.125000
G01 X225.337000 Y131.644900 Z-0.125000
G01 X219.475000 Y125.783600 Z-0.125000
G01 X219.231000 Y125.398300 Z-0.125000
G01 X219.169000 Y125.025500 Z-0.125000
G01 X219.277000 Y124.822200 Z-0.125000
G01 X219.542000 Y124.945600 Z-0.125000
G01 X225.337000 Y130.740600 Z-0.125000
G01 X225.591000 Y130.853600 Z-0.125000
G01 X225.676000 Y130.627600 Z-0.125000
G01 X225.591000 Y130.231900 Z-0.125000
G01 X225.337000 Y129.836300 Z-0.125000
G01 X219.585000 Y124.085000 Z-0.125000
G01 X219.336000 Y123.694500 Z-0.125000
G01 X219.263000 Y123.310200 Z-0.125000
G01 X219.359000 Y123.095400 Z-0.125000
G01 X219.618000 Y123.213600 Z-0.125000
G01 X225.337000 Y128.932000 Z-0.125000
G01 X225.591000 Y129.045000 Z-0.125000
G01 X225.676000 Y128.819000 Z-0.125000
G01 X225.591000 Y128.423300 Z-0.125000
G01 X225.337000 Y128.027700 Z-0.125000
G01 X219.640000 Y122.330700 Z-0.125000
G01 X219.388000 Y121.938100 Z-0.125000
G01 X219.310000 Y121.549100 Z-0.125000
G01 X219.402000 Y121.329600 Z-0.125000
G01 X219.659000 Y121.445700 Z-0.125000
G01 X225.337000 Y127.123400 Z-0.125000
G01 X225.591000 Y127.236400 Z-0.125000
G01 X225.676000 Y127.010300 Z-0.125000
G01 X225.591000 Y126.614700 Z-0.125000
G01 X225.337000 Y126.219100 Z-0.125000
G01 X219.672000 Y120.554200 Z-0.125000
G01 X219.420000 Y120.160600 Z-0.125000
G01 X219.339000 Y119.769300 Z-0.125000
G01 X219.428000 Y119.547500 Z-0.125000
G01 X219.684000 Y119.662500 Z-0.125000
G01 X225.336000 Y125.314800 Z-0.125000
G01 X225.591000 Y125.427800 Z-0.125000
G01 X225.675000 Y125.201700 Z-0.125000
G01 X225.591000 Y124.806100 Z-0.125000
G01 X225.336000 Y124.410500 Z-0.125000
G01 X219.691000 Y118.765000 Z-0.125000
G01 X219.438000 Y118.370400 Z-0.125000
G01 X219.355000 Y117.977100 Z-0.125000
G01 X219.442000 Y117.753300 Z-0.125000
G01 X219.698000 Y117.867400 Z-0.125000
G01 X225.337000 Y123.506200 Z-0.125000
G01 X225.591000 Y123.619200 Z-0.125000
G01 X225.676000 Y123.393100 Z-0.125000
G01 X225.591000 Y122.997500 Z-0.125000
G01 X225.337000 Y122.601900 Z-0.125000
G01 X219.702000 Y116.967500 Z-0.125000
G01 X219.448000 Y116.572100 Z-0.125000
G01 X219.364000 Y116.177200 Z-0.125000
G01 X219.449000 Y115.951800 Z-0.125000
G01 X219.703000 Y116.065200 Z-0.125000
G01 X225.336000 Y121.697600 Z-0.125000
G01 X225.590000 Y121.810600 Z-0.125000
G01 X225.675000 Y121.584500 Z-0.125000
G01 X225.590000 Y121.188900 Z-0.125000
G01 X225.336000 Y120.793300 Z-0.125000
G01 X219.705000 Y115.162900 Z-0.125000
G01 X219.451000 Y114.767300 Z-0.125000
G01 X219.366000 Y114.372000 Z-0.125000
G01 X219.451000 Y114.146200 Z-0.125000
G01 X219.706000 Y114.259300 Z-0.125000
G01 X225.336000 Y119.889000 Z-0.125000
G01 X225.590000 Y120.002200 Z-0.125000
G01 X225.675000 Y119.776400 Z-0.125000
G01 X225.591000 Y119.381100 Z-0.125000
G01 X225.337000 Y118.985700 Z-0.125000
G01 X219.706000 Y113.355000 Z-0.125000
G01 X219.452000 Y112.959400 Z-0.125000
G01 X219.367000 Y112.563800 Z-0.125000
G01 X219.452000 Y112.337700 Z-0.125000
G01 X219.706000 Y112.450700 Z-0.125000
G01 X225.338000 Y118.082300 Z-0.125000
G01 X225.592000 Y118.195500 Z-0.125000
G01 X225.677000 Y117.969800 Z-0.125000
G01 X225.593000 Y117.574500 Z-0.125000
G01 X225.338000 Y117.179000 Z-0.125000
G01 X219.706000 Y111.546400 Z-0.125000
G01 X219.452000 Y111.150800 Z-0.125000
G01 X219.367000 Y110.755200 Z-0.125000
G01 X219.452000 Y110.529100 Z-0.125000
G01 X219.706000 Y110.642100 Z-0.125000
G01 X225.339000 Y116.275700 Z-0.125000
G01 X225.594000 Y116.388900 Z-0.125000
G01 X225.679000 Y116.163100 Z-0.125000
G01 X225.595000 Y115.767800 Z-0.125000
G01 X225.340000 Y115.372400 Z-0.125000
G01 X219.706000 Y109.737800 Z-0.125000
G01 X219.452000 Y109.342200 Z-0.125000
G01 X219.367000 Y108.946500 Z-0.125000
G01 X219.452000 Y108.720500 Z-0.125000
G01 X219.706000 Y108.833500 Z-0.125000
G01 X225.341000 Y114.469000 Z-0.125000
G01 X225.596000 Y114.582200 Z-0.125000
G01 X225.681000 Y114.356500 Z-0.125000
G01 X225.597000 Y113.961200 Z-0.125000
G01 X225.342000 Y113.565700 Z-0.125000
G01 X219.706000 Y107.929200 Z-0.125000
G01 X219.452000 Y107.533600 Z-0.125000
G01 X219.367000 Y107.137900 Z-0.125000
G01 X219.452000 Y106.911900 Z-0.125000
G01 X219.706000 Y107.024900 Z-0.125000
G01 X225.345000 Y112.664500 Z-0.125000
G01 X225.600000 Y112.778000 Z-0.125000
G01 X225.686000 Y112.553000 Z-0.125000
G01 X225.602000 Y112.158500 Z-0.125000
G01 X225.348000 Y111.763400 Z-0.125000
G01 X219.706000 Y106.120600 Z-0.125000
G01 X219.451000 Y105.725000 Z-0.125000
G01 X219.367000 Y105.329300 Z-0.125000
G01 X219.451000 Y105.103300 Z-0.125000
G01 X219.706000 Y105.216300 Z-0.125000
G01 X225.352000 Y110.862300 Z-0.125000
G01 X225.607000 Y110.975800 Z-0.125000
G01 X225.692000 Y110.750800 Z-0.125000
G01 X225.609000 Y110.356300 Z-0.125000
G01 X225.355000 Y109.961200 Z-0.125000
G01 X219.705000 Y104.312000 Z-0.125000
G01 X219.479000 Y103.944400 Z-0.125000
G01 X219.456000 Y103.610500 Z-0.125000
G01 X219.603000 Y103.446200 Z-0.125000
G01 X219.885000 Y103.587300 Z-0.125000
G01 X225.358000 Y109.060100 Z-0.125000
G01 X225.613000 Y109.173600 Z-0.125000
G01 X225.699000 Y108.948600 Z-0.125000
G01 X225.615000 Y108.554100 Z-0.125000
G01 X225.361000 Y108.159000 Z-0.125000
G01 X220.817000 Y103.614600 Z-0.125000
G01 X220.708000 Y103.364600 Z-0.125000
G01 X220.943000 Y103.289200 Z-0.125000
G01 X221.348000 Y103.383300 Z-0.125000
G01 X221.748000 Y103.641900 Z-0.125000
G01 X225.368000 Y107.261700 Z-0.125000
G01 X225.623000 Y107.375800 Z-0.125000
G01 X225.711000 Y107.152100 Z-0.125000
G01 X225.628000 Y106.758900 Z-0.125000
G01 X225.375000 Y106.364300 Z-0.125000
G01 X222.680000 Y103.669200 Z-0.125000
G01 X222.572000 Y103.420000 Z-0.125000
G01 X222.809000 Y103.346500 Z-0.125000
G01 X223.216000 Y103.442600 Z-0.125000
G01 X223.617000 Y103.702100 Z-0.125000
G01 X225.382000 Y105.466900 Z-0.125000
G01 X225.637000 Y105.581100 Z-0.125000
G01 X225.724000 Y105.357400 Z-0.125000
G01 X225.642000 Y104.964100 Z-0.125000
G01 X225.389000 Y104.569600 Z-0.125000
G01 X224.490000 Y103.670800 Z-0.125000
G01 X224.459000 Y103.498400 Z-0.125000
G01 X224.741000 Y103.469500 Z-0.125000
G01 X225.492000 Y103.768700 Z-0.125000
G01 X225.743000 Y104.019000 Z-0.125000
G00 Z5.000000

(End cutting path id: path2)


(Start cutting path id: path2)
(Change tool to Default tool)

G00 Z5.000000
G00 X234.854000 Y116.745800

G01 Z-0.125000 F100.0(Penetrate)
G01 X234.948000 Y116.840400 Z-0.125000 F400.000000
G01 X235.495000 Y116.935100 Z-0.125000
G01 X235.853000 Y116.840400 Z-0.125000
G01 X235.071000 Y116.059100 Z-0.125000
G01 X234.795000 Y115.641200 Z-0.125000
G01 X234.661000 Y115.196700 Z-0.125000
G01 X234.697000 Y114.921700 Z-0.125000
G01 X234.929000 Y115.012500 Z-0.125000
G01 X236.512000 Y116.596000 Z-0.125000
G01 X236.908000 Y116.850400 Z-0.125000
G01 X237.304000 Y116.935100 Z-0.125000
G01 X237.530000 Y116.850400 Z-0.125000
G01 X237.417000 Y116.596000 Z-0.125000
G01 X234.668000 Y113.846900 Z-0.125000
G01 X234.114000 Y112.841100 Z-0.125000
G01 X234.051000 Y112.467500 Z-0.125000
G01 X234.239000 Y112.513500 Z-0.125000
G01 X238.321000 Y116.596000 Z-0.125000
G01 X238.717000 Y116.850400 Z-0.125000
G01 X239.112000 Y116.935100 Z-0.125000
G01 X239.338000 Y116.850400 Z-0.125000
G01 X239.225000 Y116.596000 Z-0.125000
G01 X233.766000 Y111.136600 Z-0.125000
G01 X233.159000 Y110.077900 Z-0.125000
G01 X233.060000 Y109.667900 Z-0.125000
G01 X233.231000 Y109.697400 Z-0.125000
G01 X240.130000 Y116.596000 Z-0.125000
G01 X240.525000 Y116.850400 Z-0.125000
G01 X240.921000 Y116.935100 Z-0.125000
G01 X241.147000 Y116.850400 Z-0.125000
G01 X241.034000 Y116.596000 Z-0.125000
G01 X231.823000 Y107.384800 Z-0.125000
G00 Z5.000000

(End cutting path id: path2)


(Start cutting path id: path2)
(Change tool to Default tool)

G00 Z5.000000
G00 X260.750000 Y144.450500

G01 Z-0.125000 F100.0(Penetrate)
G01 X260.888000 Y144.588600 Z-0.125000 F400.000000
G01 X261.461000 Y144.710100 Z-0.125000
G01 X261.726000 Y144.664200 Z-0.125000
G01 X261.759000 Y144.555400 Z-0.125000
G01 X261.089000 Y143.885300 Z-0.125000
G01 X260.834000 Y143.489700 Z-0.125000
G01 X260.750000 Y143.094100 Z-0.125000
G01 X260.834000 Y142.868000 Z-0.125000
G01 X261.089000 Y142.981000 Z-0.125000
G01 X262.429000 Y144.321300 Z-0.125000
G01 X262.819000 Y144.570400 Z-0.125000
G01 X263.204000 Y144.643800 Z-0.125000
G01 X263.418000 Y144.547600 Z-0.125000
G01 X263.300000 Y144.288100 Z-0.125000
G01 X261.089000 Y142.076700 Z-0.125000
G01 X260.834000 Y141.681100 Z-0.125000
G01 X260.750000 Y141.285400 Z-0.125000
G01 X260.834000 Y141.059400 Z-0.125000
G01 X261.089000 Y141.172400 Z-0.125000
G01 X264.171000 Y144.255000 Z-0.125000
G01 X264.562000 Y144.504100 Z-0.125000
G01 X264.946000 Y144.577500 Z-0.125000
G01 X265.161000 Y144.481300 Z-0.125000
G01 X265.042000 Y144.221800 Z-0.125000
G01 X261.089000 Y140.268100 Z-0.125000
G01 X260.834000 Y139.872500 Z-0.125000
G01 X260.750000 Y139.476800 Z-0.125000
G01 X260.834000 Y139.250800 Z-0.125000
G01 X261.089000 Y139.363800 Z-0.125000
G01 X265.913000 Y144.187600 Z-0.125000
G01 X266.302000 Y144.435900 Z-0.125000
G01 X266.685000 Y144.507500 Z-0.125000
G01 X266.897000 Y144.409400 Z-0.125000
G01 X266.778000 Y144.149000 Z-0.125000
G01 X261.089000 Y138.459500 Z-0.125000
G01 X260.834000 Y138.063900 Z-0.125000
G01 X260.750000 Y137.668200 Z-0.125000
G01 X260.834000 Y137.442200 Z-0.125000
G01 X261.089000 Y137.555200 Z-0.125000
G01 X267.636000 Y144.102900 Z-0.125000
G01 X268.024000 Y144.348900 Z-0.125000
G01 X268.401000 Y144.415500 Z-0.125000
G01 X268.609000 Y144.312500 Z-0.125000
G01 X268.488000 Y144.049900 Z-0.125000
G01 X261.089000 Y136.650900 Z-0.125000
G01 X260.834000 Y136.255200 Z-0.125000
G01 X260.750000 Y135.859600 Z-0.125000
G01 X260.834000 Y135.633500 Z-0.125000
G01 X261.089000 Y135.746600 Z-0.125000
G01 X269.327000 Y143.985200 Z-0.125000
G01 X269.711000 Y144.227400 Z-0.125000
G01 X270.080000 Y144.285600 Z-0.125000
G01 X270.279000 Y144.174300 Z-0.125000
G01 X270.154000 Y143.907800 Z-0.125000
G01 X261.089000 Y134.842300 Z-0.125000
G01 X260.834000 Y134.446600 Z-0.125000
G01 X260.750000 Y134.051000 Z-0.125000
G01 X260.834000 Y133.824900 Z-0.125000
G01 X261.089000 Y133.938000 Z-0.125000
G01 X270.969000 Y143.817800 Z-0.125000
G01 X271.348000 Y144.055600 Z-0.125000
G01 X271.707000 Y144.104100 Z-0.125000
G01 X271.897000 Y143.983000 Z-0.125000
G01 X271.767000 Y143.712100 Z-0.125000
G01 X261.089000 Y133.033700 Z-0.125000
G01 X260.834000 Y132.638000 Z-0.125000
G01 X260.750000 Y132.242400 Z-0.125000
G01 X260.834000 Y132.016300 Z-0.125000
G01 X261.089000 Y132.129400 Z-0.125000
G01 X272.547000 Y143.587300 Z-0.125000
G01 X272.919000 Y143.818500 Z-0.125000
G01 X273.264000 Y143.852300 Z-0.125000
G01 X273.439000 Y143.716500 Z-0.125000
G01 X273.303000 Y143.439000 Z-0.125000
G01 X261.089000 Y131.225100 Z-0.125000
G01 X260.834000 Y130.829400 Z-0.125000
G01 X260.750000 Y130.433800 Z-0.125000
G01 X260.834000 Y130.207700 Z-0.125000
G01 X261.089000 Y130.320800 Z-0.125000
G01 X274.031000 Y143.263500 Z-0.125000
G01 X274.397000 Y143.487400 Z-0.125000
G01 X274.725000 Y143.505300 Z-0.125000
G01 X274.885000 Y143.353700 Z-0.125000
G01 X274.741000 Y143.068900 Z-0.125000
G01 X261.089000 Y129.416500 Z-0.125000
G01 X260.834000 Y129.020800 Z-0.125000
G01 X260.750000 Y128.625200 Z-0.125000
G01 X260.834000 Y128.399100 Z-0.125000
G01 X261.089000 Y128.512200 Z-0.125000
G01 X275.435000 Y142.858600 Z-0.125000
G01 X275.796000 Y143.078000 Z-0.125000
G01 X276.115000 Y143.086000 Z-0.125000
G01 X276.264000 Y142.924400 Z-0.125000
G01 X276.116000 Y142.635100 Z-0.125000
G01 X261.089000 Y127.607900 Z-0.125000
G01 X260.834000 Y127.212200 Z-0.125000
G01 X260.750000 Y126.816600 Z-0.125000
G01 X260.834000 Y126.590500 Z-0.125000
G01 X261.089000 Y126.703600 Z-0.125000
G01 X276.784000 Y142.399000 Z-0.125000
G01 X277.141000 Y142.614500 Z-0.125000
G01 X277.451000 Y142.613900 Z-0.125000
G01 X277.592000 Y142.443700 Z-0.125000
G01 X277.440000 Y142.150500 Z-0.125000
G01 X261.089000 Y125.799200 Z-0.125000
G01 X260.834000 Y125.403600 Z-0.125000
G01 X260.750000 Y125.008000 Z-0.125000
G01 X260.834000 Y124.781900 Z-0.125000
G01 X261.089000 Y124.894900 Z-0.125000
G01 X278.083000 Y141.890400 Z-0.125000
G01 X278.436000 Y142.102200 Z-0.125000
G01 X278.738000 Y142.093400 Z-0.125000
G01 X278.871000 Y141.915000 Z-0.125000
G01 X278.715000 Y141.618100 Z-0.125000
G01 X261.088000 Y123.991100 Z-0.125000
G01 X260.834000 Y123.595500 Z-0.125000
G01 X260.749000 Y123.199800 Z-0.125000
G01 X260.834000 Y122.973800 Z-0.125000
G01 X261.088000 Y123.086800 Z-0.125000
G01 X279.333000 Y141.331400 Z-0.125000
G01 X279.682000 Y141.539100 Z-0.125000
G01 X279.975000 Y141.521300 Z-0.125000
G01 X280.098000 Y141.333900 Z-0.125000
G01 X279.939000 Y141.032900 Z-0.125000
G01 X261.088000 Y122.182500 Z-0.125000
G01 X260.834000 Y121.786900 Z-0.125000
G01 X260.749000 Y121.391200 Z-0.125000
G01 X260.834000 Y121.165200 Z-0.125000
G01 X261.088000 Y121.278200 Z-0.125000
G01 X280.533000 Y140.723200 Z-0.125000
G01 X280.879000 Y140.927500 Z-0.125000
G01 X281.164000 Y140.902000 Z-0.125000
G01 X281.280000 Y140.707000 Z-0.125000
G01 X281.117000 Y140.402600 Z-0.125000
G01 X261.088000 Y120.373900 Z-0.125000
G01 X260.834000 Y119.978300 Z-0.125000
G01 X260.749000 Y119.582600 Z-0.125000
G01 X260.834000 Y119.356600 Z-0.125000
G01 X261.088000 Y119.469600 Z-0.125000
G01 X281.690000 Y140.071300 Z-0.125000
G01 X282.032000 Y140.271900 Z-0.125000
G01 X282.309000 Y140.238500 Z-0.125000
G01 X282.417000 Y140.035500 Z-0.125000
G01 X282.251000 Y139.727500 Z-0.125000
G01 X261.088000 Y118.565300 Z-0.125000
G01 X260.834000 Y118.169700 Z-0.125000
G01 X260.749000 Y117.774000 Z-0.125000
G01 X260.834000 Y117.548000 Z-0.125000
G01 X261.088000 Y117.661000 Z-0.125000
G01 X282.799000 Y139.371800 Z-0.125000
G01 X283.138000 Y139.569000 Z-0.125000
G01 X283.408000 Y139.528000 Z-0.125000
G01 X283.508000 Y139.317500 Z-0.125000
G01 X283.338000 Y139.006000 Z-0.125000
G01 X261.088000 Y116.756700 Z-0.125000
G01 X260.834000 Y116.361100 Z-0.125000
G01 X260.749000 Y115.965400 Z-0.125000
G01 X260.834000 Y115.739300 Z-0.125000
G01 X261.088000 Y115.852400 Z-0.125000
G01 X283.866000 Y138.630300 Z-0.125000
G01 X284.202000 Y138.824400 Z-0.125000
G01 X284.465000 Y138.776600 Z-0.125000
G01 X284.558000 Y138.559300 Z-0.125000
G01 X284.385000 Y138.244700 Z-0.125000
G01 X261.088000 Y114.948100 Z-0.125000
G01 X260.834000 Y114.552400 Z-0.125000
G01 X260.749000 Y114.156800 Z-0.125000
G01 X260.834000 Y113.930700 Z-0.125000
G01 X261.088000 Y114.043800 Z-0.125000
G01 X284.891000 Y137.846500 Z-0.125000
G01 X285.223000 Y138.037000 Z-0.125000
G01 X285.478000 Y137.981400 Z-0.125000
G01 X285.564000 Y137.756300 Z-0.125000
G01 X285.387000 Y137.438100 Z-0.125000
G01 X261.088000 Y113.139500 Z-0.125000
G01 X260.834000 Y112.743800 Z-0.125000
G01 X260.749000 Y112.348200 Z-0.125000
G01 X260.834000 Y112.122100 Z-0.125000
G01 X261.088000 Y112.235200 Z-0.125000
G01 X285.874000 Y137.020300 Z-0.125000
G01 X286.202000 Y137.208000 Z-0.125000
G01 X286.451000 Y137.146000 Z-0.125000
G01 X286.531000 Y136.914500 Z-0.125000
G01 X286.351000 Y136.593400 Z-0.125000
G01 X261.088000 Y111.330900 Z-0.125000
G01 X260.834000 Y110.935200 Z-0.125000
G01 X260.749000 Y110.539600 Z-0.125000
G01 X260.834000 Y110.313500 Z-0.125000
G01 X261.088000 Y110.426600 Z-0.125000
G01 X286.818000 Y136.156000 Z-0.125000
G01 X287.143000 Y136.340100 Z-0.125000
G01 X287.385000 Y136.270500 Z-0.125000
G01 X287.456000 Y136.031400 Z-0.125000
G01 X287.273000 Y135.707200 Z-0.125000
G01 X261.088000 Y109.522300 Z-0.125000
G01 X260.834000 Y109.126600 Z-0.125000
G01 X260.749000 Y108.731000 Z-0.125000
G01 X260.834000 Y108.504900 Z-0.125000
G01 X261.088000 Y108.618000 Z-0.125000
G01 X287.720000 Y135.249600 Z-0.125000
G01 X288.043000 Y135.431100 Z-0.125000
G01 X288.278000 Y135.355600 Z-0.125000
G01 X288.344000 Y135.110500 Z-0.125000
G01 X288.158000 Y134.783300 Z-0.125000
G01 X261.088000 Y107.713700 Z-0.125000
G01 X260.834000 Y107.318000 Z-0.125000
G01 X260.749000 Y106.922400 Z-0.125000
G01 X260.834000 Y106.696300 Z-0.125000
G01 X261.088000 Y106.809400 Z-0.125000
G01 X288.587000 Y134.307800 Z-0.125000
G01 X288.906000 Y134.486000 Z-0.125000
G01 X289.134000 Y134.403300 Z-0.125000
G01 X289.193000 Y134.151000 Z-0.125000
G01 X289.004000 Y133.820500 Z-0.125000
G01 X261.241000 Y106.057400 Z-0.125000
G01 X261.128000 Y105.803000 Z-0.125000
G01 X261.354000 Y105.718200 Z-0.125000
G01 X261.749000 Y105.803000 Z-0.125000
G01 X262.145000 Y106.057400 Z-0.125000
G01 X289.413000 Y133.324900 Z-0.125000
G01 X289.729000 Y133.500500 Z-0.125000
G01 X289.952000 Y133.412100 Z-0.125000
G01 X290.005000 Y133.154200 Z-0.125000
G01 X289.813000 Y132.821100 Z-0.125000
G01 X263.049000 Y106.057400 Z-0.125000
G01 X262.936000 Y105.803000 Z-0.125000
G01 X263.162000 Y105.718200 Z-0.125000
G01 X263.558000 Y105.803000 Z-0.125000
G01 X263.954000 Y106.057400 Z-0.125000
G01 X290.205000 Y132.308500 Z-0.125000
G01 X290.518000 Y132.481000 Z-0.125000
G01 X290.734000 Y132.385600 Z-0.125000
G01 X290.780000 Y132.120600 Z-0.125000
G01 X290.585000 Y131.784400 Z-0.125000
G01 X264.858000 Y106.057400 Z-0.125000
G01 X264.745000 Y105.803000 Z-0.125000
G01 X264.971000 Y105.718200 Z-0.125000
G01 X265.367000 Y105.803000 Z-0.125000
G01 X265.762000 Y106.057400 Z-0.125000
G01 X290.957000 Y131.252400 Z-0.125000
G01 X291.268000 Y131.422300 Z-0.125000
G01 X291.479000 Y131.321600 Z-0.125000
G01 X291.519000 Y131.051200 Z-0.125000
G01 X291.322000 Y130.712500 Z-0.125000
G01 X266.666000 Y106.057400 Z-0.125000
G01 X266.553000 Y105.803000 Z-0.125000
G01 X266.780000 Y105.718200 Z-0.125000
G01 X267.175000 Y105.803000 Z-0.125000
G01 X267.571000 Y106.057400 Z-0.125000
G01 X291.677000 Y130.163600 Z-0.125000
G01 X291.985000 Y130.330500 Z-0.125000
G01 X292.189000 Y130.223000 Z-0.125000
G01 X292.222000 Y129.945800 Z-0.125000
G01 X292.022000 Y129.604100 Z-0.125000
G01 X268.475000 Y106.056300 Z-0.125000
G01 X268.327000 Y105.766800 Z-0.125000
G01 X268.475000 Y105.604600 Z-0.125000
G01 X268.794000 Y105.612000 Z-0.125000
G01 X269.154000 Y105.831100 Z-0.125000
G01 X292.359000 Y129.035900 Z-0.125000
G01 X292.665000 Y129.200400 Z-0.125000
G01 X292.863000 Y129.087700 Z-0.125000
G01 X292.891000 Y128.805400 Z-0.125000
G01 X292.688000 Y128.461300 Z-0.125000
G01 X269.154000 Y104.926800 Z-0.125000
G01 X268.900000 Y104.531200 Z-0.125000
G01 X268.815000 Y104.135600 Z-0.125000
G01 X268.900000 Y103.909500 Z-0.125000
G01 X269.154000 Y104.022500 Z-0.125000
G01 X293.008000 Y127.876800 Z-0.125000
G01 X293.311000 Y128.038400 Z-0.125000
G01 X293.503000 Y127.919100 Z-0.125000
G01 X293.525000 Y127.630200 Z-0.125000
G01 X293.319000 Y127.283100 Z-0.125000
G01 X269.154000 Y103.118000 Z-0.125000
G01 X268.900000 Y102.723000 Z-0.125000
G01 X268.815000 Y102.327000 Z-0.125000
G01 X268.900000 Y102.101000 Z-0.125000
G01 X269.154000 Y102.214000 Z-0.125000
G01 X293.622000 Y126.682000 Z-0.125000
G01 X293.923000 Y126.841400 Z-0.125000
G01 X294.109000 Y126.717200 Z-0.125000
G01 X294.127000 Y126.423500 Z-0.125000
G01 X293.919000 Y126.074200 Z-0.125000
G01 X269.154000 Y101.310000 Z-0.125000
G01 X268.900000 Y100.914000 Z-0.125000
G01 X268.815000 Y100.518000 Z-0.125000
G01 X268.900000 Y100.292000 Z-0.125000
G01 X269.154000 Y100.405000 Z-0.125000
G01 X294.204000 Y125.455500 Z-0.125000
G01 X294.502000 Y125.612200 Z-0.125000
G01 X294.683000 Y125.482400 Z-0.125000
G01 X294.695000 Y125.182900 Z-0.125000
G01 X294.484000 Y124.831000 Z-0.125000
G01 X269.154000 Y99.501000 Z-0.125000
G01 X268.900000 Y99.105000 Z-0.125000
G01 X268.815000 Y98.710000 Z-0.125000
G01 X268.900000 Y98.484000 Z-0.125000
G01 X269.154000 Y98.597000 Z-0.125000
G01 X294.757000 Y124.199600 Z-0.125000
G01 X295.052000 Y124.353500 Z-0.125000
G01 X295.227000 Y124.217300 Z-0.125000
G01 X295.232000 Y123.911600 Z-0.125000
G01 X295.019000 Y123.556900 Z-0.125000
G01 X269.154000 Y97.692000 Z-0.125000
G01 X268.900000 Y97.297000 Z-0.125000
G01 X268.815000 Y96.901000 Z-0.125000
G01 X268.900000 Y96.675000 Z-0.125000
G01 X269.154000 Y96.788000 Z-0.125000
G01 X295.267000 Y122.900900 Z-0.125000
G01 X295.558000 Y123.050600 Z-0.125000
G01 X295.723000 Y122.905400 Z-0.125000
G01 X295.719000 Y122.590500 Z-0.125000
G01 X295.502000 Y122.231600 Z-0.125000
G01 X265.736000 Y92.466000 Z-0.125000
G01 X265.499000 Y92.370000 Z-0.125000
G01 X265.452000 Y92.634000 Z-0.125000
G01 X265.574000 Y93.067000 Z-0.125000
G01 X265.846000 Y93.480000 Z-0.125000
G01 X267.570000 Y95.204000 Z-0.125000
G01 X267.683000 Y95.458000 Z-0.125000
G01 X267.457000 Y95.543000 Z-0.125000
G01 X267.062000 Y95.459000 Z-0.125000
G01 X266.666000 Y95.205000 Z-0.125000
G01 X265.806000 Y94.344000 Z-0.125000
G01 X265.673000 Y94.353000 Z-0.125000
G01 X265.657000 Y94.647000 Z-0.125000
G01 X265.903000 Y95.345000 Z-0.125000
G01 X266.100000 Y95.543000 Z-0.125000
G00 Z5.000000

(End cutting path id: path2)


(Start cutting path id: path2)
(Change tool to Default tool)

G00 Z5.000000
G00 X234.018000 Y164.578200

G01 Z-0.125000 F100.0(Penetrate)
G01 X235.255000 Y165.245700 Z-0.125000 F400.000000
G01 X236.428000 Y166.167900 Z-0.125000
G01 X237.487000 Y167.299600 Z-0.125000
G01 X238.384000 Y168.595300 Z-0.125000
G01 X238.861000 Y169.507700 Z-0.125000
G01 X239.149000 Y170.369700 Z-0.125000
G01 X239.334000 Y172.679000 Z-0.125000
G01 X239.224000 Y174.513000 Z-0.125000
G01 X238.838000 Y176.019300 Z-0.125000
G01 X238.103000 Y177.380100 Z-0.125000
G01 X236.948000 Y178.777300 Z-0.125000
G01 X236.044000 Y179.623900 Z-0.125000
G01 X235.069000 Y180.319000 Z-0.125000
G01 X234.034000 Y180.860100 Z-0.125000
G01 X232.947000 Y181.244600 Z-0.125000
G01 X231.817000 Y181.470100 Z-0.125000
G01 X230.654000 Y181.534000 Z-0.125000
G01 X229.467000 Y181.433900 Z-0.125000
G01 X228.264000 Y181.167100 Z-0.125000
G01 X226.863000 Y180.638400 Z-0.125000
G01 X225.634000 Y179.932300 Z-0.125000
G01 X224.578000 Y179.072100 Z-0.125000
G01 X223.697000 Y178.081400 Z-0.125000
G01 X222.991000 Y176.983600 Z-0.125000
G01 X222.463000 Y175.802200 Z-0.125000
G01 X222.114000 Y174.560600 Z-0.125000
G01 X221.945000 Y173.282300 Z-0.125000
G01 X221.958000 Y171.990700 Z-0.125000
G01 X222.154000 Y170.709400 Z-0.125000
G01 X222.535000 Y169.461800 Z-0.125000
G01 X223.101000 Y168.271300 Z-0.125000
G01 X223.855000 Y167.161400 Z-0.125000
G01 X224.798000 Y166.155600 Z-0.125000
G01 X225.931000 Y165.277300 Z-0.125000
G01 X227.256000 Y164.550100 Z-0.125000
G01 X228.640000 Y164.240100 Z-0.125000
G01 X230.590000 Y164.143000 Z-0.125000
G01 X232.563000 Y164.256400 Z-0.125000
G01 X234.018000 Y164.578200 Z-0.125000
G01 X234.018000 Y164.578200 Z-0.125000
G00 Z5.000000

(End cutting path id: path2)


(Start cutting path id: path2)
(Change tool to Default tool)

G00 Z5.000000
G00 X237.886000 Y167.707000

G01 Z-0.125000 F100.0(Penetrate)
G01 X244.664000 Y174.485300 Z-0.125000 F400.000000
G01 X244.962000 Y174.641200 Z-0.125000
G01 X245.141000 Y174.509500 Z-0.125000
G01 X245.150000 Y174.208200 Z-0.125000
G01 X244.939000 Y173.855500 Z-0.125000
G01 X230.796000 Y159.712500 Z-0.125000
G01 X230.683000 Y159.458200 Z-0.125000
G01 X230.909000 Y159.373400 Z-0.125000
G01 X231.304000 Y159.458200 Z-0.125000
G01 X231.700000 Y159.712500 Z-0.125000
G01 X245.205000 Y173.217400 Z-0.125000
G01 X245.500000 Y173.370700 Z-0.125000
G01 X245.673000 Y173.233300 Z-0.125000
G01 X245.677000 Y172.926300 Z-0.125000
G01 X245.463000 Y172.570900 Z-0.125000
G01 X232.604000 Y159.712500 Z-0.125000
G01 X232.491000 Y159.458200 Z-0.125000
G01 X232.717000 Y159.373400 Z-0.125000
G01 X233.113000 Y159.458200 Z-0.125000
G01 X233.509000 Y159.712500 Z-0.125000
G01 X245.707000 Y171.910400 Z-0.125000
G01 X245.997000 Y172.060000 Z-0.125000
G01 X246.163000 Y171.914300 Z-0.125000
G01 X246.158000 Y171.599000 Z-0.125000
G01 X245.940000 Y171.239900 Z-0.125000
G01 X234.413000 Y159.712500 Z-0.125000
G01 X234.300000 Y159.458200 Z-0.125000
G01 X234.526000 Y159.373400 Z-0.125000
G01 X234.922000 Y159.458200 Z-0.125000
G01 X235.317000 Y159.712500 Z-0.125000
G01 X246.164000 Y170.559000 Z-0.125000
G01 X246.451000 Y170.705300 Z-0.125000
G01 X246.609000 Y170.552300 Z-0.125000
G01 X246.598000 Y170.229800 Z-0.125000
G01 X246.376000 Y169.867400 Z-0.125000
G01 X236.222000 Y159.712500 Z-0.125000
G01 X236.109000 Y159.458200 Z-0.125000
G01 X236.335000 Y159.373400 Z-0.125000
G01 X236.730000 Y159.458200 Z-0.125000
G01 X237.126000 Y159.712500 Z-0.125000
G01 X246.577000 Y169.163500 Z-0.125000
G01 X246.860000 Y169.305600 Z-0.125000
G01 X247.009000 Y169.143600 Z-0.125000
G01 X246.988000 Y168.812100 Z-0.125000
G01 X246.763000 Y168.445600 Z-0.125000
G01 X238.030000 Y159.712500 Z-0.125000
G01 X237.917000 Y159.458200 Z-0.125000
G01 X238.143000 Y159.373400 Z-0.125000
G01 X238.539000 Y159.458200 Z-0.125000
G01 X238.935000 Y159.712500 Z-0.125000
G01 X246.938000 Y167.716300 Z-0.125000
G01 X247.218000 Y167.855000 Z-0.125000
G01 X247.359000 Y167.685200 Z-0.125000
G01 X247.331000 Y167.345800 Z-0.125000
G01 X247.102000 Y166.975800 Z-0.125000
G01 X239.839000 Y159.712500 Z-0.125000
G01 X239.726000 Y159.458200 Z-0.125000
G01 X239.952000 Y159.373400 Z-0.125000
G01 X240.348000 Y159.458200 Z-0.125000
G01 X240.743000 Y159.712500 Z-0.125000
G01 X247.255000 Y166.224100 Z-0.125000
G01 X247.531000 Y166.359000 Z-0.125000
G01 X247.664000 Y166.181100 Z-0.125000
G01 X247.627000 Y165.833700 Z-0.125000
G01 X247.395000 Y165.459900 Z-0.125000
G01 X241.647000 Y159.712500 Z-0.125000
G01 X241.534000 Y159.458200 Z-0.125000
G01 X241.760000 Y159.373400 Z-0.125000
G01 X242.156000 Y159.458200 Z-0.125000
G01 X242.552000 Y159.712500 Z-0.125000
G01 X247.522000 Y164.682800 Z-0.125000
G01 X247.795000 Y164.814100 Z-0.125000
G01 X247.920000 Y164.628300 Z-0.125000
G01 X247.875000 Y164.272900 Z-0.125000
G01 X247.639000 Y163.895500 Z-0.125000
G01 X243.456000 Y159.712500 Z-0.125000
G01 X243.343000 Y159.458200 Z-0.125000
G01 X243.569000 Y159.373400 Z-0.125000
G01 X243.965000 Y159.458200 Z-0.125000
G01 X244.360000 Y159.712500 Z-0.125000
G01 X247.747000 Y163.098600 Z-0.125000
G01 X248.016000 Y163.227000 Z-0.125000
G01 X248.135000 Y163.034800 Z-0.125000
G01 X248.084000 Y162.673000 Z-0.125000
G01 X247.845000 Y162.292700 Z-0.125000
G01 X245.265000 Y159.712500 Z-0.125000
G01 X245.152000 Y159.458200 Z-0.125000
G01 X245.378000 Y159.373400 Z-0.125000
G01 X245.773000 Y159.458200 Z-0.125000
G01 X246.169000 Y159.712500 Z-0.125000
G01 X247.931000 Y161.474000 Z-0.125000
G01 X248.198000 Y161.599800 Z-0.125000
G01 X248.310000 Y161.401800 Z-0.125000
G01 X248.254000 Y161.034300 Z-0.125000
G01 X248.012000 Y160.651400 Z-0.125000
G01 X247.073000 Y159.712500 Z-0.125000
G01 X246.960000 Y159.458200 Z-0.125000
G01 X247.186000 Y159.373400 Z-0.125000
G01 X247.582000 Y159.458200 Z-0.125000
G01 X247.978000 Y159.712500 Z-0.125000
G01 X248.431000 Y160.165900 Z-0.125000
G00 Z5.000000

(End cutting path id: path2)


(Start cutting path id: path2)
(Change tool to Default tool)

G00 Z5.000000
G00 X227.916000 Y181.250100

G01 Z-0.125000 F100.0(Penetrate)
G01 X234.687000 Y188.021500 Z-0.125000 F400.000000
G01 X235.016000 Y188.209300 Z-0.125000
G01 X235.265000 Y188.147700 Z-0.125000
G01 X235.345000 Y187.916500 Z-0.125000
G01 X235.166000 Y187.595600 Z-0.125000
G01 X229.462000 Y181.891700 Z-0.125000
G01 X229.370000 Y181.658500 Z-0.125000
G01 X229.642000 Y181.620300 Z-0.125000
G01 X230.084000 Y181.751600 Z-0.125000
G01 X230.501000 Y182.027100 Z-0.125000
G01 X235.637000 Y187.162500 Z-0.125000
G01 X235.964000 Y187.348100 Z-0.125000
G01 X236.208000 Y187.281600 Z-0.125000
G01 X236.283000 Y187.045500 Z-0.125000
G01 X236.101000 Y186.722300 Z-0.125000
G01 X231.423000 Y182.044900 Z-0.125000
G01 X231.300000 Y181.780500 Z-0.125000
G01 X231.504000 Y181.673600 Z-0.125000
G01 X231.878000 Y181.736200 Z-0.125000
G01 X232.263000 Y181.980500 Z-0.125000
G01 X236.558000 Y186.274900 Z-0.125000
G01 X236.882000 Y186.458100 Z-0.125000
G01 X237.121000 Y186.386400 Z-0.125000
G01 X237.191000 Y186.145100 Z-0.125000
G01 X237.007000 Y185.819600 Z-0.125000
G01 X233.019000 Y181.832200 Z-0.125000
G01 X232.875000 Y181.547000 Z-0.125000
G01 X233.034000 Y181.394300 Z-0.125000
G01 X233.361000 Y181.411100 Z-0.125000
G01 X233.726000 Y181.634500 Z-0.125000
G01 X237.448000 Y185.356500 Z-0.125000
G01 X237.770000 Y185.537400 Z-0.125000
G01 X238.004000 Y185.460500 Z-0.125000
G01 X238.069000 Y185.214100 Z-0.125000
G01 X237.882000 Y184.886300 Z-0.125000
G01 X234.384000 Y181.388500 Z-0.125000
G01 X234.226000 Y181.089000 Z-0.125000
G01 X234.353000 Y180.904800 Z-0.125000
G01 X234.649000 Y180.890100 Z-0.125000
G01 X234.999000 Y181.099200 Z-0.125000
G01 X238.309000 Y184.408800 Z-0.125000
G01 X238.629000 Y184.587400 Z-0.125000
G01 X238.858000 Y184.505600 Z-0.125000
G01 X238.917000 Y184.254200 Z-0.125000
G01 X238.728000 Y183.924100 Z-0.125000
G01 X235.571000 Y180.766500 Z-0.125000
G01 X235.400000 Y180.454900 Z-0.125000
G01 X235.500000 Y180.244000 Z-0.125000
G01 X235.770000 Y180.202700 Z-0.125000
G01 X236.108000 Y180.399800 Z-0.125000
G01 X239.141000 Y183.432100 Z-0.125000
G01 X239.458000 Y183.608400 Z-0.125000
G01 X239.682000 Y183.521500 Z-0.125000
G01 X239.737000 Y183.265100 Z-0.125000
G01 X239.546000 Y182.932800 Z-0.125000
G01 X236.613000 Y180.000300 Z-0.125000
G01 X236.433000 Y179.678800 Z-0.125000
G01 X236.511000 Y179.446100 Z-0.125000
G01 X236.759000 Y179.383000 Z-0.125000
G01 X237.087000 Y179.570100 Z-0.125000
G01 X239.943000 Y182.425600 Z-0.125000
G01 X240.258000 Y182.599400 Z-0.125000
G01 X240.476000 Y182.507000 Z-0.125000
G01 X240.525000 Y182.245000 Z-0.125000
G01 X240.332000 Y181.910100 Z-0.125000
G01 X237.534000 Y179.112800 Z-0.125000
G01 X237.346000 Y178.783500 Z-0.125000
G01 X237.408000 Y178.534000 Z-0.125000
G01 X237.639000 Y178.454000 Z-0.125000
G01 X237.959000 Y178.633500 Z-0.125000
G01 X240.713000 Y181.387200 Z-0.125000
G01 X241.026000 Y181.558600 Z-0.125000
G01 X241.239000 Y181.461000 Z-0.125000
G01 X241.283000 Y181.193900 Z-0.125000
G01 X241.087000 Y180.856600 Z-0.125000
G01 X238.363000 Y178.132700 Z-0.125000
G01 X238.167000 Y177.795100 Z-0.125000
G01 X238.210000 Y177.527200 Z-0.125000
G01 X238.422000 Y177.428800 Z-0.125000
G01 X238.734000 Y177.599900 Z-0.125000
G01 X241.453000 Y180.318400 Z-0.125000
G01 X241.763000 Y180.487500 Z-0.125000
G01 X241.971000 Y180.384600 Z-0.125000
G01 X242.010000 Y180.112200 Z-0.125000
G01 X241.811000 Y179.772600 Z-0.125000
G01 X239.067000 Y177.027900 Z-0.125000
G01 X238.857000 Y176.676400 Z-0.125000
G01 X238.869000 Y176.378000 Z-0.125000
G01 X239.051000 Y176.249200 Z-0.125000
G01 X239.349000 Y176.406400 Z-0.125000
G01 X242.162000 Y179.218900 Z-0.125000
G01 X242.470000 Y179.385500 Z-0.125000
G01 X242.673000 Y179.277300 Z-0.125000
G01 X242.706000 Y178.999600 Z-0.125000
G01 X242.505000 Y178.657600 Z-0.125000
G01 X239.572000 Y175.724500 Z-0.125000
G01 X239.341000 Y175.352200 Z-0.125000
G01 X239.307000 Y175.007800 Z-0.125000
G01 X239.443000 Y174.833000 Z-0.125000
G01 X239.721000 Y174.969300 Z-0.125000
G01 X242.838000 Y178.086600 Z-0.125000
G01 X243.143000 Y178.250400 Z-0.125000
G01 X243.340000 Y178.136100 Z-0.125000
G01 X243.367000 Y177.852300 Z-0.125000
G01 X243.163000 Y177.507500 Z-0.125000
G01 X239.814000 Y174.157800 Z-0.125000
G01 X239.565000 Y173.767500 Z-0.125000
G01 X239.492000 Y173.383700 Z-0.125000
G01 X239.588000 Y173.169400 Z-0.125000
G01 X239.848000 Y173.287800 Z-0.125000
G01 X243.480000 Y176.920100 Z-0.125000
G01 X243.783000 Y177.081300 Z-0.125000
G01 X243.974000 Y176.961300 Z-0.125000
G01 X243.995000 Y176.671800 Z-0.125000
G01 X243.789000 Y176.324300 Z-0.125000
G01 X239.844000 Y172.379600 Z-0.125000
G01 X239.580000 Y171.973900 Z-0.125000
G01 X239.473000 Y171.555900 Z-0.125000
G01 X239.535000 Y171.307500 Z-0.125000
G01 X239.779000 Y171.410400 Z-0.125000
G01 X244.089000 Y175.719800 Z-0.125000
G01 X244.389000 Y175.878800 Z-0.125000
G01 X244.575000 Y175.754000 Z-0.125000
G01 X244.591000 Y175.459500 Z-0.125000
G01 X244.383000 Y175.109900 Z-0.125000
G01 X239.221000 Y169.948400 Z-0.125000
G00 Z5.000000

(End cutting path id: path2)


(Start cutting path id: path2)
(Change tool to Default tool)

G00 Z5.000000
G00 X223.189000 Y177.426300

G01 Z-0.125000 F100.0(Penetrate)
G01 X205.476000 Y159.713600 Z-0.125000 F400.000000
G01 X205.363000 Y159.459300 Z-0.125000
G01 X205.589000 Y159.374500 Z-0.125000
G01 X205.985000 Y159.459300 Z-0.125000
G01 X206.380000 Y159.713600 Z-0.125000
G01 X221.836000 Y175.169500 Z-0.125000
G01 X222.045000 Y175.237600 Z-0.125000
G01 X222.031000 Y174.912700 Z-0.125000
G01 X221.549000 Y173.977700 Z-0.125000
G01 X207.284000 Y159.713600 Z-0.125000
G01 X207.171000 Y159.459300 Z-0.125000
G01 X207.398000 Y159.374500 Z-0.125000
G01 X207.793000 Y159.459300 Z-0.125000
G01 X208.189000 Y159.713600 Z-0.125000
G01 X221.429000 Y172.954900 Z-0.125000
G01 X221.682000 Y173.066500 Z-0.125000
G01 X221.763000 Y172.837100 Z-0.125000
G01 X221.675000 Y172.438300 Z-0.125000
G01 X221.420000 Y172.041200 Z-0.125000
G01 X209.094000 Y159.715000 Z-0.125000
G01 X208.980000 Y159.460700 Z-0.125000
G01 X209.207000 Y159.375900 Z-0.125000
G01 X209.602000 Y159.460700 Z-0.125000
G01 X209.998000 Y159.715000 Z-0.125000
G01 X221.499000 Y171.216000 Z-0.125000
G01 X221.772000 Y171.348200 Z-0.125000
G01 X221.899000 Y171.164200 Z-0.125000
G01 X221.857000 Y170.810700 Z-0.125000
G01 X221.621000 Y170.434200 Z-0.125000
G01 X210.902000 Y159.715000 Z-0.125000
G01 X210.789000 Y159.460700 Z-0.125000
G01 X211.015000 Y159.375900 Z-0.125000
G01 X211.411000 Y159.460700 Z-0.125000
G01 X211.806000 Y159.715000 Z-0.125000
G01 X221.806000 Y169.714700 Z-0.125000
G01 X222.097000 Y169.863900 Z-0.125000
G01 X222.261000 Y169.717300 Z-0.125000
G01 X222.256000 Y169.401200 Z-0.125000
G01 X222.038000 Y169.041800 Z-0.125000
G01 X212.711000 Y159.715000 Z-0.125000
G01 X212.598000 Y159.460700 Z-0.125000
G01 X212.824000 Y159.375900 Z-0.125000
G01 X213.219000 Y159.460700 Z-0.125000
G01 X213.615000 Y159.715000 Z-0.125000
G01 X222.311000 Y168.411000 Z-0.125000
G01 X222.614000 Y168.572900 Z-0.125000
G01 X222.806000 Y168.454200 Z-0.125000
G01 X222.829000 Y168.165900 Z-0.125000
G01 X222.623000 Y167.819100 Z-0.125000
G01 X214.519000 Y159.715000 Z-0.125000
G01 X214.406000 Y159.460700 Z-0.125000
G01 X214.632000 Y159.375900 Z-0.125000
G01 X215.028000 Y159.460700 Z-0.125000
G01 X215.424000 Y159.715000 Z-0.125000
G01 X222.972000 Y167.263700 Z-0.125000
G01 X223.287000 Y167.436600 Z-0.125000
G01 X223.503000 Y167.342300 Z-0.125000
G01 X223.550000 Y167.078500 Z-0.125000
G01 X223.356000 Y166.742800 Z-0.125000
G01 X216.328000 Y159.715000 Z-0.125000
G01 X216.215000 Y159.460700 Z-0.125000
G01 X216.441000 Y159.375900 Z-0.125000
G01 X216.837000 Y159.460700 Z-0.125000
G01 X217.232000 Y159.715000 Z-0.125000
G01 X223.772000 Y166.255200 Z-0.125000
G01 X224.097000 Y166.438400 Z-0.125000
G01 X224.336000 Y166.366700 Z-0.125000
G01 X224.406000 Y166.125400 Z-0.125000
G01 X224.222000 Y165.799900 Z-0.125000
G01 X218.137000 Y159.715000 Z-0.125000
G01 X218.024000 Y159.460700 Z-0.125000
G01 X218.250000 Y159.375900 Z-0.125000
G01 X218.645000 Y159.460700 Z-0.125000
G01 X219.041000 Y159.715000 Z-0.125000
G01 X224.702000 Y165.376400 Z-0.125000
G01 X225.037000 Y165.569500 Z-0.125000
G01 X225.298000 Y165.519500 Z-0.125000
G01 X225.389000 Y165.300000 Z-0.125000
G01 X225.215000 Y164.984400 Z-0.125000
G01 X219.945000 Y159.715000 Z-0.125000
G01 X219.832000 Y159.460700 Z-0.125000
G01 X220.058000 Y159.375900 Z-0.125000
G01 X220.454000 Y159.460700 Z-0.125000
G01 X220.849000 Y159.715000 Z-0.125000
G01 X225.760000 Y164.625600 Z-0.125000
G01 X226.105000 Y164.829000 Z-0.125000
G01 X226.388000 Y164.801800 Z-0.125000
G01 X226.502000 Y164.605000 Z-0.125000
G01 X226.339000 Y164.299700 Z-0.125000
G01 X221.754000 Y159.715000 Z-0.125000
G01 X221.641000 Y159.460700 Z-0.125000
G01 X221.867000 Y159.375900 Z-0.125000
G01 X222.262000 Y159.460700 Z-0.125000
G01 X222.658000 Y159.715000 Z-0.125000
G01 X226.954000 Y164.010600 Z-0.125000
G01 X227.320000 Y164.235200 Z-0.125000
G01 X227.650000 Y164.254600 Z-0.125000
G01 X227.811000 Y164.104500 Z-0.125000
G01 X227.668000 Y163.820400 Z-0.125000
G01 X223.562000 Y159.715000 Z-0.125000
G01 X223.449000 Y159.460700 Z-0.125000
G01 X223.675000 Y159.375900 Z-0.125000
G01 X224.071000 Y159.460700 Z-0.125000
G01 X224.467000 Y159.715000 Z-0.125000
G01 X228.461000 Y163.709600 Z-0.125000
G01 X228.847000 Y163.954400 Z-0.125000
G01 X229.222000 Y164.018200 Z-0.125000
G01 X229.427000 Y163.912400 Z-0.125000
G01 X229.304000 Y163.648500 Z-0.125000
G01 X225.371000 Y159.715000 Z-0.125000
G01 X225.258000 Y159.460700 Z-0.125000
G01 X225.484000 Y159.375900 Z-0.125000
G01 X225.880000 Y159.460700 Z-0.125000
G01 X226.275000 Y159.715000 Z-0.125000
G01 X230.188000 Y163.627700 Z-0.125000
G01 X230.593000 Y163.891600 Z-0.125000
G01 X231.010000 Y163.997400 Z-0.125000
G01 X231.257000 Y163.933700 Z-0.125000
G01 X231.153000 Y163.688900 Z-0.125000
G01 X227.180000 Y159.715000 Z-0.125000
G01 X227.067000 Y159.460700 Z-0.125000
G01 X227.293000 Y159.375900 Z-0.125000
G01 X227.688000 Y159.460700 Z-0.125000
G01 X228.084000 Y159.715000 Z-0.125000
G01 X232.120000 Y163.751400 Z-0.125000
G01 X233.037000 Y164.216400 Z-0.125000
G01 X233.350000 Y164.218200 Z-0.125000
G01 X233.276000 Y164.003200 Z-0.125000
G01 X228.988000 Y159.715000 Z-0.125000
G01 X228.875000 Y159.460700 Z-0.125000
G01 X229.101000 Y159.375900 Z-0.125000
G01 X229.497000 Y159.460700 Z-0.125000
G01 X229.893000 Y159.715000 Z-0.125000
G01 X235.730000 Y165.552200 Z-0.125000
G00 Z5.000000

(End cutting path id: path2)


(Start cutting path id: path2)
(Change tool to Default tool)

G00 Z5.000000
G00 X190.562000 Y164.684700

G01 Z-0.125000 F100.0(Penetrate)
G01 X191.778000 Y165.384100 Z-0.125000 F400.000000
G01 X192.834000 Y166.172200 Z-0.125000
G01 X193.731000 Y167.047600 Z-0.125000
G01 X194.467000 Y168.008900 Z-0.125000
G01 X195.041000 Y169.054600 Z-0.125000
G01 X195.452000 Y170.183400 Z-0.125000
G01 X195.699000 Y171.393800 Z-0.125000
G01 X195.781000 Y172.684400 Z-0.125000
G01 X195.672000 Y174.130900 Z-0.125000
G01 X195.357000 Y175.473400 Z-0.125000
G01 X194.858000 Y176.703900 Z-0.125000
G01 X194.194000 Y177.814100 Z-0.125000
G01 X193.386000 Y178.795800 Z-0.125000
G01 X192.454000 Y179.640900 Z-0.125000
G01 X191.418000 Y180.341200 Z-0.125000
G01 X190.297000 Y180.888500 Z-0.125000
G01 X189.114000 Y181.274600 Z-0.125000
G01 X187.886000 Y181.491300 Z-0.125000
G01 X186.636000 Y181.530500 Z-0.125000
G01 X185.382000 Y181.384000 Z-0.125000
G01 X184.146000 Y181.043700 Z-0.125000
G01 X182.947000 Y180.501200 Z-0.125000
G01 X181.805000 Y179.748500 Z-0.125000
G01 X180.741000 Y178.777400 Z-0.125000
G01 X179.584000 Y177.376900 Z-0.125000
G01 X178.849000 Y176.013600 Z-0.125000
G01 X178.464000 Y174.499600 Z-0.125000
G01 X178.356000 Y172.647100 Z-0.125000
G01 X178.395000 Y171.286200 Z-0.125000
G01 X178.545000 Y170.289800 Z-0.125000
G01 X178.861000 Y169.428600 Z-0.125000
G01 X179.401000 Y168.473000 Z-0.125000
G01 X180.187000 Y167.357100 Z-0.125000
G01 X181.059000 Y166.396300 Z-0.125000
G01 X182.012000 Y165.592600 Z-0.125000
G01 X183.043000 Y164.948400 Z-0.125000
G01 X184.148000 Y164.465600 Z-0.125000
G01 X185.322000 Y164.146700 Z-0.125000
G01 X186.561000 Y163.993700 Z-0.125000
G01 X187.861000 Y164.008800 Z-0.125000
G01 X189.315000 Y164.257100 Z-0.125000
G01 X190.562000 Y164.684700 Z-0.125000
G01 X190.562000 Y164.684700 Z-0.125000
G00 Z5.000000

(End cutting path id: path2)


(Start cutting path id: path2)
(Change tool to Default tool)

G00 Z5.000000
G00 X178.981000 Y176.624100

G01 Z-0.125000 F100.0(Penetrate)
G01 X170.776000 Y168.419300 Z-0.125000 F400.000000
G01 X170.303000 Y167.494400 Z-0.125000
G01 X170.296000 Y167.176500 Z-0.125000
G01 X170.509000 Y167.247800 Z-0.125000
G01 X178.109000 Y174.848100 Z-0.125000
G01 X178.330000 Y174.927800 Z-0.125000
G01 X178.341000 Y174.628100 Z-0.125000
G01 X178.183000 Y174.159000 Z-0.125000
G01 X177.895000 Y173.729900 Z-0.125000
G01 X170.302000 Y166.136800 Z-0.125000
G01 X170.020000 Y165.713200 Z-0.125000
G01 X169.874000 Y165.256100 Z-0.125000
G01 X169.897000 Y164.968500 Z-0.125000
G01 X170.123000 Y165.053500 Z-0.125000
G01 X177.843000 Y172.772800 Z-0.125000
G01 X178.097000 Y172.886200 Z-0.125000
G01 X178.183000 Y172.660900 Z-0.125000
G01 X178.099000 Y172.266100 Z-0.125000
G01 X177.846000 Y171.870800 Z-0.125000
G01 X169.973000 Y163.998100 Z-0.125000
G01 X169.699000 Y163.582500 Z-0.125000
G01 X169.570000 Y163.142900 Z-0.125000
G01 X169.611000 Y162.872900 Z-0.125000
G01 X169.845000 Y162.966000 Z-0.125000
G01 X177.877000 Y170.997800 Z-0.125000
G01 X178.146000 Y171.125900 Z-0.125000
G01 X178.264000 Y170.933000 Z-0.125000
G01 X178.213000 Y170.570600 Z-0.125000
G01 X177.973000 Y170.190000 Z-0.125000
G01 X169.738000 Y161.954300 Z-0.125000
G01 X169.468000 Y161.543600 Z-0.125000
G01 X169.350000 Y161.114700 Z-0.125000
G01 X169.402000 Y160.855300 Z-0.125000
G01 X169.641000 Y160.953200 Z-0.125000
G01 X178.166000 Y169.478000 Z-0.125000
G01 X178.464000 Y169.634800 Z-0.125000
G01 X178.645000 Y169.505000 Z-0.125000
G01 X178.656000 Y169.205700 Z-0.125000
G01 X178.446000 Y168.853800 Z-0.125000
G01 X169.544000 Y159.952100 Z-0.125000
G01 X169.394000 Y159.660300 Z-0.125000
G01 X169.537000 Y159.493200 Z-0.125000
G01 X169.851000 Y159.495500 Z-0.125000
G01 X170.209000 Y159.712400 Z-0.125000
G01 X178.771000 Y168.274700 Z-0.125000
G01 X179.080000 Y168.442600 Z-0.125000
G01 X179.286000 Y168.337200 Z-0.125000
G01 X179.322000 Y168.062300 Z-0.125000
G01 X179.122000 Y167.721600 Z-0.125000
G01 X171.113000 Y159.712400 Z-0.125000
G01 X171.000000 Y159.458100 Z-0.125000
G01 X171.226000 Y159.373300 Z-0.125000
G01 X171.622000 Y159.458100 Z-0.125000
G01 X172.017000 Y159.712400 Z-0.125000
G01 X179.496000 Y167.191400 Z-0.125000
G01 X179.813000 Y167.366900 Z-0.125000
G01 X180.036000 Y167.278400 Z-0.125000
G01 X180.088000 Y167.020400 Z-0.125000
G01 X179.897000 Y166.687300 Z-0.125000
G01 X172.922000 Y159.712400 Z-0.125000
G01 X172.809000 Y159.458100 Z-0.125000
G01 X173.035000 Y159.373300 Z-0.125000
G01 X173.430000 Y159.458100 Z-0.125000
G01 X173.826000 Y159.712400 Z-0.125000
G01 X180.324000 Y166.210700 Z-0.125000
G01 X180.649000 Y166.394600 Z-0.125000
G01 X180.890000 Y166.324500 Z-0.125000
G01 X180.961000 Y166.084900 Z-0.125000
G01 X180.778000 Y165.760100 Z-0.125000
G01 X174.730000 Y159.712400 Z-0.125000
G01 X174.617000 Y159.458100 Z-0.125000
G01 X174.843000 Y159.373300 Z-0.125000
G01 X175.239000 Y159.458100 Z-0.125000
G01 X175.635000 Y159.712400 Z-0.125000
G01 X181.265000 Y165.343000 Z-0.125000
G01 X181.601000 Y165.537300 Z-0.125000
G01 X181.864000 Y165.489900 Z-0.125000
G01 X181.958000 Y165.272900 Z-0.125000
G01 X181.785000 Y164.958400 Z-0.125000
G01 X176.539000 Y159.712400 Z-0.125000
G01 X176.426000 Y159.458100 Z-0.125000
G01 X176.652000 Y159.373300 Z-0.125000
G01 X177.048000 Y159.458100 Z-0.125000
G01 X177.443000 Y159.712400 Z-0.125000
G01 X182.339000 Y164.608200 Z-0.125000
G01 X182.686000 Y164.814000 Z-0.125000
G01 X182.975000 Y164.791800 Z-0.125000
G01 X183.094000 Y164.600200 Z-0.125000
G01 X182.932000 Y164.297200 Z-0.125000
G01 X178.347000 Y159.712400 Z-0.125000
G01 X178.234000 Y159.458100 Z-0.125000
G01 X178.460000 Y159.373300 Z-0.125000
G01 X178.856000 Y159.458100 Z-0.125000
G01 X179.252000 Y159.712400 Z-0.125000
G01 X183.567000 Y164.027500 Z-0.125000
G01 X183.930000 Y164.249300 Z-0.125000
G01 X184.254000 Y164.262500 Z-0.125000
G01 X184.408000 Y164.106100 Z-0.125000
G01 X184.263000 Y163.819300 Z-0.125000
G01 X180.156000 Y159.712400 Z-0.125000
G01 X180.043000 Y159.458100 Z-0.125000
G01 X180.269000 Y159.373300 Z-0.125000
G01 X180.665000 Y159.458100 Z-0.125000
G01 X181.060000 Y159.712400 Z-0.125000
G01 X184.976000 Y163.628400 Z-0.125000
G01 X185.357000 Y163.868200 Z-0.125000
G01 X185.721000 Y163.920800 Z-0.125000
G01 X185.915000 Y163.804000 Z-0.125000
G01 X185.787000 Y163.535000 Z-0.125000
G01 X181.965000 Y159.712400 Z-0.125000
G01 X181.852000 Y159.458100 Z-0.125000
G01 X182.078000 Y159.373300 Z-0.125000
G01 X182.473000 Y159.458100 Z-0.125000
G01 X182.869000 Y159.712400 Z-0.125000
G01 X186.625000 Y163.468400 Z-0.125000
G01 X187.025000 Y163.726800 Z-0.125000
G01 X187.429000 Y163.820600 Z-0.125000
G01 X187.664000 Y163.744800 Z-0.125000
G01 X187.555000 Y163.494600 Z-0.125000
G01 X183.773000 Y159.712400 Z-0.125000
G01 X183.660000 Y159.458100 Z-0.125000
G01 X183.886000 Y159.373300 Z-0.125000
G01 X184.282000 Y159.458100 Z-0.125000
G01 X184.678000 Y159.712400 Z-0.125000
G01 X188.618000 Y163.653000 Z-0.125000
G01 X189.597000 Y164.179800 Z-0.125000
G01 X189.952000 Y164.224000 Z-0.125000
G01 X189.898000 Y164.028300 Z-0.125000
G01 X185.582000 Y159.712400 Z-0.125000
G01 X185.469000 Y159.458100 Z-0.125000
G01 X185.695000 Y159.373300 Z-0.125000
G01 X186.091000 Y159.458100 Z-0.125000
G01 X186.486000 Y159.712400 Z-0.125000
G01 X222.202000 Y195.428900 Z-0.125000
G01 X222.559000 Y195.644470 Z-0.125000
G01 X222.870000 Y195.643970 Z-0.125000
G01 X223.010000 Y195.473910 Z-0.125000
G01 X222.859000 Y195.180820 Z-0.125000
G01 X187.390000 Y159.712400 Z-0.125000
G01 X187.277000 Y159.458100 Z-0.125000
G01 X187.503000 Y159.373300 Z-0.125000
G01 X187.899000 Y159.458100 Z-0.125000
G01 X188.295000 Y159.712400 Z-0.125000
G01 X223.505000 Y194.923260 Z-0.125000
G01 X223.859000 Y195.135900 Z-0.125000
G01 X224.163000 Y195.128970 Z-0.125000
G01 X224.298000 Y194.952480 Z-0.125000
G01 X224.143000 Y194.656450 Z-0.125000
G01 X189.199000 Y159.712400 Z-0.125000
G01 X189.086000 Y159.458100 Z-0.125000
G01 X189.312000 Y159.373300 Z-0.125000
G01 X189.707000 Y159.458100 Z-0.125000
G01 X190.103000 Y159.712400 Z-0.125000
G01 X224.771000 Y194.380620 Z-0.125000
G01 X225.122000 Y194.590480 Z-0.125000
G01 X225.420000 Y194.577400 Z-0.125000
G01 X225.548000 Y194.394770 Z-0.125000
G01 X225.391000 Y194.095950 Z-0.125000
G01 X191.007000 Y159.712400 Z-0.125000
G01 X190.894000 Y159.458100 Z-0.125000
G01 X191.120000 Y159.373300 Z-0.125000
G01 X191.516000 Y159.458100 Z-0.125000
G01 X191.912000 Y159.712400 Z-0.125000
G01 X226.002000 Y193.802630 Z-0.125000
G01 X226.350000 Y194.009810 Z-0.125000
G01 X226.642000 Y193.990850 Z-0.125000
G01 X226.765000 Y193.802330 Z-0.125000
G01 X226.604000 Y193.500830 Z-0.125000
G01 X192.816000 Y159.712400 Z-0.125000
G01 X192.703000 Y159.458100 Z-0.125000
G01 X192.929000 Y159.373300 Z-0.125000
G01 X193.325000 Y159.458100 Z-0.125000
G01 X193.720000 Y159.712400 Z-0.125000
G01 X227.199000 Y193.190700 Z-0.125000
G01 X227.545000 Y193.395300 Z-0.125000
G01 X227.831000 Y193.370660 Z-0.125000
G01 X227.947000 Y193.176500 Z-0.125000
G01 X227.785000 Y192.872400 Z-0.125000
G01 X194.625000 Y159.712400 Z-0.125000
G01 X194.512000 Y159.458100 Z-0.125000
G01 X194.738000 Y159.373300 Z-0.125000
G01 X195.133000 Y159.458100 Z-0.125000
G01 X195.529000 Y159.712400 Z-0.125000
G01 X228.363000 Y192.546000 Z-0.125000
G01 X228.706000 Y192.748000 Z-0.125000
G01 X228.986000 Y192.717600 Z-0.125000
G01 X229.097000 Y192.517700 Z-0.125000
G01 X228.932000 Y192.211000 Z-0.125000
G01 X196.433000 Y159.712400 Z-0.125000
G01 X196.320000 Y159.458100 Z-0.125000
G01 X196.546000 Y159.373300 Z-0.125000
G01 X196.942000 Y159.458100 Z-0.125000
G01 X197.338000 Y159.712400 Z-0.125000
G01 X229.493000 Y191.867800 Z-0.125000
G01 X229.834000 Y192.067400 Z-0.125000
G01 X230.109000 Y192.031500 Z-0.125000
G01 X230.214000 Y191.826100 Z-0.125000
G01 X230.046000 Y191.516900 Z-0.125000
G01 X198.242000 Y159.712400 Z-0.125000
G01 X198.129000 Y159.458100 Z-0.125000
G01 X198.355000 Y159.373300 Z-0.125000
G01 X198.751000 Y159.458100 Z-0.125000
G01 X199.146000 Y159.712400 Z-0.125000
G01 X230.592000 Y191.158400 Z-0.125000
G01 X230.931000 Y191.355500 Z-0.125000
G01 X231.200000 Y191.314400 Z-0.125000
G01 X231.301000 Y191.103800 Z-0.125000
G01 X231.130000 Y190.792300 Z-0.125000
G01 X200.050000 Y159.712400 Z-0.125000
G01 X199.937000 Y159.458100 Z-0.125000
G01 X200.163000 Y159.373300 Z-0.125000
G01 X200.559000 Y159.458100 Z-0.125000
G01 X200.955000 Y159.712400 Z-0.125000
G01 X231.661000 Y190.418600 Z-0.125000
G01 X231.997000 Y190.613400 Z-0.125000
G01 X232.262000 Y190.567200 Z-0.125000
G01 X232.357000 Y190.351500 Z-0.125000
G01 X232.184000 Y190.037600 Z-0.125000
G01 X201.859000 Y159.712400 Z-0.125000
G01 X201.746000 Y159.458100 Z-0.125000
G01 X201.972000 Y159.373300 Z-0.125000
G01 X202.368000 Y159.458100 Z-0.125000
G01 X202.763000 Y159.712400 Z-0.125000
G01 X232.700000 Y189.649200 Z-0.125000
G01 X233.034000 Y189.841700 Z-0.125000
G01 X233.294000 Y189.790400 Z-0.125000
G01 X233.384000 Y189.569600 Z-0.125000
G01 X233.209000 Y189.253500 Z-0.125000
G01 X203.668000 Y159.712400 Z-0.125000
G01 X203.555000 Y159.458100 Z-0.125000
G01 X203.781000 Y159.373300 Z-0.125000
G01 X204.176000 Y159.458100 Z-0.125000
G01 X204.572000 Y159.712400 Z-0.125000
G01 X233.709000 Y188.849100 Z-0.125000
G01 X234.040000 Y189.039100 Z-0.125000
G01 X234.294000 Y188.982500 Z-0.125000
G01 X234.379000 Y188.756300 Z-0.125000
G01 X234.201000 Y188.437600 Z-0.125000
G01 X226.034000 Y180.270400 Z-0.125000
G00 Z5.000000

(End cutting path id: path2)


(Start cutting path id: path2)
(Change tool to Default tool)

G00 Z5.000000
G00 X190.826000 Y193.894970

G01 Z-0.125000 F100.0(Penetrate)
G01 X173.644000 Y176.712800 Z-0.125000 F400.000000
G00 Z5.000000

(End cutting path id: path2)


(Start cutting path id: path2)
(Change tool to Default tool)

G00 Z5.000000
G00 X172.795000 Y174.959600

G01 Z-0.125000 F100.0(Penetrate)
G01 X192.424000 Y194.588390 Z-0.125000 F400.000000
G01 X193.432000 Y195.144050 Z-0.125000
G01 X193.807000 Y195.208160 Z-0.125000
G01 X193.761000 Y195.021490 Z-0.125000
G01 X172.448000 Y173.708400 Z-0.125000
G01 X171.838000 Y172.645900 Z-0.125000
G01 X171.736000 Y172.233300 Z-0.125000
G01 X171.906000 Y172.261600 Z-0.125000
G01 X195.194000 Y195.550440 Z-0.125000
G01 X196.208000 Y196.111670 Z-0.125000
G01 X196.587000 Y196.179590 Z-0.125000
G01 X196.543000 Y195.994660 Z-0.125000
G01 X171.450000 Y170.901600 Z-0.125000
G01 X170.928000 Y169.927200 Z-0.125000
G01 X170.887000 Y169.575300 Z-0.125000
G01 X171.084000 Y169.631100 Z-0.125000
G01 X197.821000 Y196.368780 Z-0.125000
G01 X198.770000 Y196.865580 Z-0.125000
G01 X199.105000 Y196.889210 Z-0.125000
G01 X199.041000 Y196.684150 Z-0.125000
G01 X183.373000 Y181.016000 Z-0.125000
G01 X183.290000 Y180.894400 Z-0.125000
G01 X183.357000 Y180.859000 Z-0.125000
G01 X183.797000 Y180.988300 Z-0.125000
G01 X184.900000 Y181.638900 Z-0.125000
G01 X200.211000 Y196.949720 Z-0.125000
G01 X200.641000 Y197.238890 Z-0.125000
G01 X201.114000 Y197.400310 Z-0.125000
G01 X201.416000 Y197.392160 Z-0.125000
G01 X201.338000 Y197.172660 Z-0.125000
G01 X186.128000 Y181.962900 Z-0.125000
G01 X186.024000 Y181.717400 Z-0.125000
G01 X186.270000 Y181.652100 Z-0.125000
G01 X186.685000 Y181.756400 Z-0.125000
G01 X187.089000 Y182.019600 Z-0.125000
G01 X202.429000 Y197.358790 Z-0.125000
G01 X202.848000 Y197.637200 Z-0.125000
G01 X203.297000 Y197.774950 Z-0.125000
G01 X203.576000 Y197.743140 Z-0.125000
G01 X203.487000 Y197.512880 Z-0.125000
G01 X188.005000 Y182.030500 Z-0.125000
G01 X187.876000 Y181.760400 Z-0.125000
G01 X188.067000 Y181.640800 Z-0.125000
G01 X188.428000 Y181.690700 Z-0.125000
G01 X188.808000 Y181.929200 Z-0.125000
G01 X204.578000 Y197.699520 Z-0.125000
G01 X204.978000 Y197.958320 Z-0.125000
G01 X205.383000 Y198.052930 Z-0.125000
G01 X205.619000 Y197.977980 Z-0.125000
G01 X205.511000 Y197.728110 Z-0.125000
G01 X189.555000 Y181.772300 Z-0.125000
G01 X189.409000 Y181.484900 Z-0.125000
G01 X189.562000 Y181.327600 Z-0.125000
G01 X189.886000 Y181.339800 Z-0.125000
G01 X190.248000 Y181.561100 Z-0.125000
G01 X206.480000 Y197.792860 Z-0.125000
G01 X206.882000 Y198.053570 Z-0.125000
G01 X207.292000 Y198.152390 Z-0.125000
G01 X207.532000 Y198.081640 Z-0.125000
G01 X207.425000 Y197.833690 Z-0.125000
G01 X190.900000 Y181.308500 Z-0.125000
G01 X190.741000 Y181.008500 Z-0.125000
G01 X190.867000 Y180.823400 Z-0.125000
G01 X191.162000 Y180.807800 Z-0.125000
G01 X191.512000 Y181.016600 Z-0.125000
G01 X208.387000 Y197.891290 Z-0.125000
G01 X208.776000 Y198.139140 Z-0.125000
G01 X209.157000 Y198.209630 Z-0.125000
G01 X209.369000 Y198.110570 Z-0.125000
G01 X209.250000 Y197.849740 Z-0.125000
G01 X192.088000 Y180.688100 Z-0.125000
G01 X191.918000 Y180.377100 Z-0.125000
G01 X192.020000 Y180.167500 Z-0.125000
G01 X192.290000 Y180.127600 Z-0.125000
G01 X192.629000 Y180.325200 Z-0.125000
G01 X210.129000 Y197.824920 Z-0.125000
G01 X210.518000 Y198.072510 Z-0.125000
G01 X210.899000 Y198.142460 Z-0.125000
G01 X211.110000 Y198.042860 Z-0.125000
G01 X210.990000 Y197.781780 Z-0.125000
G01 X193.137000 Y179.928900 Z-0.125000
G01 X192.957000 Y179.607500 Z-0.125000
G01 X193.036000 Y179.375300 Z-0.125000
G01 X193.284000 Y179.312600 Z-0.125000
G01 X193.613000 Y179.499900 Z-0.125000
G01 X211.834000 Y197.721290 Z-0.125000
G01 X212.218000 Y197.963600 Z-0.125000
G01 X212.587000 Y198.021920 Z-0.125000
G01 X212.787000 Y197.910690 Z-0.125000
G01 X212.661000 Y197.644330 Z-0.125000
G01 X194.056000 Y179.038400 Z-0.125000
G01 X193.865000 Y178.706800 Z-0.125000
G01 X193.921000 Y178.452100 Z-0.125000
G01 X194.147000 Y178.366900 Z-0.125000
G01 X194.465000 Y178.543900 Z-0.125000
G01 X213.473000 Y197.551670 Z-0.125000
G01 X213.852000 Y197.789190 Z-0.125000
G01 X214.211000 Y197.836980 Z-0.125000
G01 X214.400000 Y197.715210 Z-0.125000
G01 X214.270000 Y197.444060 Z-0.125000
G01 X194.841000 Y178.015600 Z-0.125000
G01 X194.640000 Y177.673400 Z-0.125000
G01 X194.673000 Y177.395200 Z-0.125000
G01 X194.875000 Y177.286600 Z-0.125000
G01 X195.183000 Y177.453000 Z-0.125000
G01 X215.052000 Y197.322140 Z-0.125000
G01 X215.427000 Y197.555290 Z-0.125000
G01 X215.776000 Y197.593450 Z-0.125000
G01 X215.955000 Y197.462060 Z-0.125000
G01 X215.821000 Y197.186530 Z-0.125000
G01 X195.486000 Y176.851900 Z-0.125000
G01 X195.273000 Y176.497200 Z-0.125000
G01 X195.278000 Y176.191900 Z-0.125000
G01 X195.453000 Y176.056100 Z-0.125000
G01 X195.749000 Y176.210100 Z-0.125000
G01 X216.588000 Y197.049590 Z-0.125000
G01 X216.957000 Y197.277070 Z-0.125000
G01 X217.294000 Y197.302740 Z-0.125000
G01 X217.461000 Y197.158860 Z-0.125000
G01 X217.321000 Y196.877660 Z-0.125000
G01 X195.967000 Y175.524000 Z-0.125000
G01 X195.739000 Y175.154700 Z-0.125000
G01 X195.712000 Y174.817100 Z-0.125000
G01 X195.855000 Y174.649000 Z-0.125000
G01 X196.136000 Y174.788400 Z-0.125000
G01 X218.051000 Y196.703980 Z-0.125000
G01 X218.418000 Y196.929370 Z-0.125000
G01 X218.750000 Y196.950460 Z-0.125000
G01 X218.912000 Y196.802000 Z-0.125000
G01 X218.770000 Y196.518710 Z-0.125000
G01 X196.248000 Y173.996600 Z-0.125000
G01 X196.000000 Y173.607000 Z-0.125000
G01 X195.929000 Y173.224800 Z-0.125000
G01 X196.027000 Y173.012100 Z-0.125000
G01 X196.287000 Y173.131200 Z-0.125000
G01 X219.478000 Y196.322250 Z-0.125000
G01 X219.843000 Y196.545530 Z-0.125000
G01 X220.170000 Y196.562000 Z-0.125000
G01 X220.328000 Y196.408910 Z-0.125000
G01 X220.184000 Y196.123530 Z-0.125000
G01 X196.223000 Y172.162500 Z-0.125000
G01 X195.953000 Y171.751900 Z-0.125000
G01 X195.836000 Y171.323200 Z-0.125000
G01 X195.887000 Y171.064200 Z-0.125000
G01 X196.127000 Y171.162200 Z-0.125000
G01 X220.860000 Y195.895610 Z-0.125000
G01 X221.220000 Y196.114270 Z-0.125000
G01 X221.537000 Y196.120550 Z-0.125000
G01 X221.685000 Y195.957270 Z-0.125000
G01 X221.536000 Y195.667250 Z-0.125000
G01 X195.308000 Y169.438800 Z-0.125000
G00 Z5.000000

(End cutting path id: path2)


(Start cutting path id: path2)
(Change tool to Default tool)

G00 Z5.000000
G00 X178.497000 Y184.278600

G01 Z-0.125000 F100.0(Penetrate)
G01 X183.428000 Y189.209000 Z-0.125000 F400.000000
G00 Z5.000000

(End cutting path id: path2)


(Start cutting path id: path2)
(Change tool to Default tool)

G00 Z5.000000
G00 X186.440000 Y191.317500

G01 Z-0.125000 F100.0(Penetrate)
G01 X176.285000 Y181.162400 Z-0.125000 F400.000000
G00 Z5.000000

(End cutting path id: path2)


(Start cutting path id: path2)
(Change tool to Default tool)

G00 Z5.000000
G00 X174.742000 Y178.715000

G01 Z-0.125000 F100.0(Penetrate)
G01 X188.855000 Y192.827600 Z-0.125000 F400.000000
G00 Z5.000000

(End cutting path id: path2)


(Start cutting path id: path2)
(Change tool to Default tool)

G00 Z5.000000
G00 X169.214000 Y161.562800

G01 Z-0.125000 F100.0(Penetrate)
G01 X169.787000 Y165.823500 Z-0.125000 F400.000000
G01 X170.665000 Y169.681100 Z-0.125000
G01 X171.895000 Y173.307800 Z-0.125000
G01 X173.527000 Y176.875600 Z-0.125000
G01 X174.755000 Y179.094900 Z-0.125000
G01 X176.104000 Y181.210100 Z-0.125000
G01 X177.567000 Y183.218000 Z-0.125000
G01 X179.142000 Y185.115600 Z-0.125000
G01 X180.823000 Y186.899800 Z-0.125000
G01 X182.606000 Y188.567600 Z-0.125000
G01 X184.486000 Y190.115900 Z-0.125000
G01 X186.458000 Y191.541800 Z-0.125000
G01 X188.519000 Y192.842000 Z-0.125000
G01 X190.664000 Y194.013680 Z-0.125000
G01 X192.888000 Y195.053670 Z-0.125000
G01 X195.187000 Y195.958960 Z-0.125000
G01 X197.556000 Y196.726490 Z-0.125000
G01 X199.991000 Y197.353220 Z-0.125000
G01 X202.486000 Y197.836090 Z-0.125000
G01 X205.039000 Y198.172070 Z-0.125000
G01 X208.087000 Y198.361030 Z-0.125000
G01 X211.112000 Y198.312880 Z-0.125000
G01 X214.103000 Y198.034200 Z-0.125000
G01 X217.048000 Y197.531570 Z-0.125000
G01 X219.935000 Y196.811570 Z-0.125000
G01 X222.752000 Y195.880770 Z-0.125000
G01 X225.486000 Y194.745770 Z-0.125000
G01 X228.127000 Y193.413120 Z-0.125000
G01 X230.663000 Y191.889400 Z-0.125000
G01 X233.080000 Y190.181200 Z-0.125000
G01 X235.368000 Y188.295200 Z-0.125000
G01 X237.514000 Y186.237800 Z-0.125000
G01 X239.507000 Y184.015600 Z-0.125000
G01 X241.335000 Y181.635300 Z-0.125000
G01 X242.985000 Y179.103400 Z-0.125000
G01 X244.446000 Y176.426500 Z-0.125000
G01 X245.960000 Y172.993500 Z-0.125000
G01 X247.103000 Y169.495700 Z-0.125000
G01 X247.925000 Y165.747400 Z-0.125000
G01 X248.475000 Y161.562800 Z-0.125000
G01 X248.704000 Y159.195700 Z-0.125000
G01 X208.845000 Y159.195700 Z-0.125000
G01 X168.986000 Y159.195700 Z-0.125000
G01 X169.214000 Y161.562800 Z-0.125000
G00 Z5.000000

(End cutting path id: path2)


(Start cutting path id: path2)
(Change tool to Default tool)

G00 Z5.000000
G00 X161.940000 Y148.731400

G01 Z-0.125000 F100.0(Penetrate)
G01 X167.000000 Y153.790700 Z-0.125000 F400.000000
G01 X168.148000 Y154.486400 Z-0.125000
G01 X168.619000 Y154.646800 Z-0.125000
G01 X168.696000 Y154.621700 Z-0.125000
G01 X168.617000 Y154.503900 Z-0.125000
G01 X161.307000 Y147.193500 Z-0.125000
G01 X161.053000 Y146.798500 Z-0.125000
G01 X160.970000 Y146.404400 Z-0.125000
G01 X161.056000 Y146.179800 Z-0.125000
G01 X161.311000 Y146.293500 Z-0.125000
G01 X170.014000 Y154.996700 Z-0.125000
G01 X170.410000 Y155.251000 Z-0.125000
G01 X170.805000 Y155.335800 Z-0.125000
G01 X171.031000 Y155.251000 Z-0.125000
G01 X170.918000 Y154.996700 Z-0.125000
G01 X161.304000 Y145.382100 Z-0.125000
G01 X161.048000 Y144.985300 Z-0.125000
G01 X160.961000 Y144.587200 Z-0.125000
G01 X161.043000 Y144.358700 Z-0.125000
G01 X161.297000 Y144.470600 Z-0.125000
G01 X171.823000 Y154.996700 Z-0.125000
G01 X172.218000 Y155.251000 Z-0.125000
G01 X172.614000 Y155.335800 Z-0.125000
G01 X172.840000 Y155.251000 Z-0.125000
G01 X172.727000 Y154.996700 Z-0.125000
G01 X161.290000 Y143.559200 Z-0.125000
G01 X161.034000 Y143.162500 Z-0.125000
G01 X160.947000 Y142.764400 Z-0.125000
G01 X161.029000 Y142.535900 Z-0.125000
G01 X161.283000 Y142.647800 Z-0.125000
G01 X173.631000 Y154.996700 Z-0.125000
G01 X174.027000 Y155.251000 Z-0.125000
G01 X174.423000 Y155.335800 Z-0.125000
G01 X174.649000 Y155.251000 Z-0.125000
G01 X174.536000 Y154.996700 Z-0.125000
G01 X161.275000 Y141.736400 Z-0.125000
G01 X161.020000 Y141.339600 Z-0.125000
G01 X160.933000 Y140.941500 Z-0.125000
G01 X161.015000 Y140.713000 Z-0.125000
G01 X161.268000 Y140.825000 Z-0.125000
G01 X175.440000 Y154.996700 Z-0.125000
G01 X175.836000 Y155.251000 Z-0.125000
G01 X176.231000 Y155.335800 Z-0.125000
G01 X176.457000 Y155.251000 Z-0.125000
G01 X176.344000 Y154.996700 Z-0.125000
G01 X161.261000 Y139.913500 Z-0.125000
G01 X161.006000 Y139.516800 Z-0.125000
G01 X160.919000 Y139.118700 Z-0.125000
G01 X161.001000 Y138.890200 Z-0.125000
G01 X161.254000 Y139.002100 Z-0.125000
G01 X177.250000 Y154.996600 Z-0.125000
G01 X177.646000 Y155.250900 Z-0.125000
G01 X178.041000 Y155.335700 Z-0.125000
G01 X178.267000 Y155.250900 Z-0.125000
G01 X178.154000 Y154.996600 Z-0.125000
G01 X161.248000 Y138.090600 Z-0.125000
G01 X160.993000 Y137.693900 Z-0.125000
G01 X160.906000 Y137.295800 Z-0.125000
G01 X160.988000 Y137.067300 Z-0.125000
G01 X161.241000 Y137.179200 Z-0.125000
G01 X179.059000 Y154.996600 Z-0.125000
G01 X179.454000 Y155.250900 Z-0.125000
G01 X179.850000 Y155.335700 Z-0.125000
G01 X180.076000 Y155.250900 Z-0.125000
G01 X179.963000 Y154.996600 Z-0.125000
G01 X161.234000 Y136.267800 Z-0.125000
G01 X160.979000 Y135.871100 Z-0.125000
G01 X160.892000 Y135.473000 Z-0.125000
G01 X160.974000 Y135.244400 Z-0.125000
G01 X161.227000 Y135.356400 Z-0.125000
G01 X180.868000 Y154.996600 Z-0.125000
G01 X181.264000 Y155.250900 Z-0.125000
G01 X181.659000 Y155.335700 Z-0.125000
G01 X181.885000 Y155.250900 Z-0.125000
G01 X181.772000 Y154.996600 Z-0.125000
G01 X161.221000 Y134.445000 Z-0.125000
G01 X160.965000 Y134.048200 Z-0.125000
G01 X160.878000 Y133.650100 Z-0.125000
G01 X160.960000 Y133.421600 Z-0.125000
G01 X161.214000 Y133.533500 Z-0.125000
G01 X182.677000 Y154.996600 Z-0.125000
G01 X183.073000 Y155.250900 Z-0.125000
G01 X183.468000 Y155.335700 Z-0.125000
G01 X183.694000 Y155.250900 Z-0.125000
G01 X183.581000 Y154.996600 Z-0.125000
G01 X161.207000 Y132.622100 Z-0.125000
G01 X160.951000 Y132.225400 Z-0.125000
G01 X160.864000 Y131.827300 Z-0.125000
G01 X160.947000 Y131.598800 Z-0.125000
G01 X161.200000 Y131.710700 Z-0.125000
G01 X184.486000 Y154.996600 Z-0.125000
G01 X184.882000 Y155.250900 Z-0.125000
G01 X185.277000 Y155.335700 Z-0.125000
G01 X185.503000 Y155.250900 Z-0.125000
G01 X185.390000 Y154.996600 Z-0.125000
G01 X161.193000 Y130.799200 Z-0.125000
G01 X160.938000 Y130.402500 Z-0.125000
G01 X160.850000 Y130.004400 Z-0.125000
G01 X160.933000 Y129.775900 Z-0.125000
G01 X161.186000 Y129.887800 Z-0.125000
G01 X186.291000 Y154.996700 Z-0.125000
G01 X186.687000 Y155.251000 Z-0.125000
G01 X187.082000 Y155.335800 Z-0.125000
G01 X187.308000 Y155.251000 Z-0.125000
G01 X187.195000 Y154.996700 Z-0.125000
G01 X161.175000 Y128.976500 Z-0.125000
G01 X160.920000 Y128.579700 Z-0.125000
G01 X160.833000 Y128.181600 Z-0.125000
G01 X160.915000 Y127.953100 Z-0.125000
G01 X161.168000 Y128.065000 Z-0.125000
G01 X188.100000 Y154.996700 Z-0.125000
G01 X188.496000 Y155.251000 Z-0.125000
G01 X188.892000 Y155.335800 Z-0.125000
G01 X189.118000 Y155.251000 Z-0.125000
G01 X189.005000 Y154.996700 Z-0.125000
G01 X161.162000 Y127.153600 Z-0.125000
G01 X160.906000 Y126.756900 Z-0.125000
G01 X160.819000 Y126.358800 Z-0.125000
G01 X160.901000 Y126.130300 Z-0.125000
G01 X161.155000 Y126.242200 Z-0.125000
G01 X189.909000 Y154.996700 Z-0.125000
G01 X190.305000 Y155.251000 Z-0.125000
G01 X190.700000 Y155.335800 Z-0.125000
G01 X190.926000 Y155.251000 Z-0.125000
G01 X190.813000 Y154.996700 Z-0.125000
G01 X161.148000 Y125.330800 Z-0.125000
G01 X160.892000 Y124.934000 Z-0.125000
G01 X160.805000 Y124.535900 Z-0.125000
G01 X160.887000 Y124.307400 Z-0.125000
G01 X161.141000 Y124.419300 Z-0.125000
G01 X191.718000 Y154.996700 Z-0.125000
G01 X192.114000 Y155.251000 Z-0.125000
G01 X192.509000 Y155.335800 Z-0.125000
G01 X192.735000 Y155.251000 Z-0.125000
G01 X192.622000 Y154.996700 Z-0.125000
G01 X161.134000 Y123.507900 Z-0.125000
G01 X160.878000 Y123.111200 Z-0.125000
G01 X160.791000 Y122.713100 Z-0.125000
G01 X160.873000 Y122.484600 Z-0.125000
G01 X161.127000 Y122.596500 Z-0.125000
G01 X193.527000 Y154.996700 Z-0.125000
G01 X193.922000 Y155.251000 Z-0.125000
G01 X194.318000 Y155.335800 Z-0.125000
G01 X194.544000 Y155.251000 Z-0.125000
G01 X194.431000 Y154.996700 Z-0.125000
G01 X161.119000 Y121.685100 Z-0.125000
G01 X160.866000 Y121.290200 Z-0.125000
G01 X160.783000 Y120.896300 Z-0.125000
G01 X160.869000 Y120.672000 Z-0.125000
G01 X161.124000 Y120.785800 Z-0.125000
G01 X195.335000 Y154.996700 Z-0.125000
G01 X195.731000 Y155.251000 Z-0.125000
G01 X196.127000 Y155.335800 Z-0.125000
G01 X196.353000 Y155.251000 Z-0.125000
G01 X196.240000 Y154.996700 Z-0.125000
G01 X162.029000 Y120.785800 Z-0.125000
G01 X161.916000 Y120.531500 Z-0.125000
G01 X162.142000 Y120.446700 Z-0.125000
G01 X162.537000 Y120.531500 Z-0.125000
G01 X162.933000 Y120.785800 Z-0.125000
G01 X197.144000 Y154.996700 Z-0.125000
G01 X197.540000 Y155.251000 Z-0.125000
G01 X197.935000 Y155.335800 Z-0.125000
G01 X198.161000 Y155.251000 Z-0.125000
G01 X198.048000 Y154.996700 Z-0.125000
G01 X163.837000 Y120.785800 Z-0.125000
G01 X163.724000 Y120.531500 Z-0.125000
G01 X163.950000 Y120.446700 Z-0.125000
G01 X164.346000 Y120.531500 Z-0.125000
G01 X164.742000 Y120.785800 Z-0.125000
G01 X198.953000 Y154.996700 Z-0.125000
G01 X199.348000 Y155.251000 Z-0.125000
G01 X199.744000 Y155.335800 Z-0.125000
G01 X199.970000 Y155.251000 Z-0.125000
G01 X199.857000 Y154.996700 Z-0.125000
G01 X165.646000 Y120.785800 Z-0.125000
G01 X165.533000 Y120.531500 Z-0.125000
G01 X165.759000 Y120.446700 Z-0.125000
G01 X166.155000 Y120.531500 Z-0.125000
G01 X166.550000 Y120.785800 Z-0.125000
G01 X200.761000 Y154.996700 Z-0.125000
G01 X201.157000 Y155.251000 Z-0.125000
G01 X201.552000 Y155.335800 Z-0.125000
G01 X201.778000 Y155.251000 Z-0.125000
G01 X201.665000 Y154.996700 Z-0.125000
G01 X167.455000 Y120.785800 Z-0.125000
G01 X167.342000 Y120.531500 Z-0.125000
G01 X167.568000 Y120.446700 Z-0.125000
G01 X167.963000 Y120.531500 Z-0.125000
G01 X168.359000 Y120.785800 Z-0.125000
G01 X202.570000 Y154.996700 Z-0.125000
G01 X202.965000 Y155.251000 Z-0.125000
G01 X203.361000 Y155.335800 Z-0.125000
G01 X203.587000 Y155.251000 Z-0.125000
G01 X203.474000 Y154.996700 Z-0.125000
G01 X169.263000 Y120.785800 Z-0.125000
G01 X169.150000 Y120.531500 Z-0.125000
G01 X169.376000 Y120.446700 Z-0.125000
G01 X169.772000 Y120.531500 Z-0.125000
G01 X170.167000 Y120.785800 Z-0.125000
G01 X204.379000 Y154.996700 Z-0.125000
G01 X204.775000 Y155.251000 Z-0.125000
G01 X205.171000 Y155.335800 Z-0.125000
G01 X205.397000 Y155.251000 Z-0.125000
G01 X205.284000 Y154.996700 Z-0.125000
G01 X171.073000 Y120.785800 Z-0.125000
G01 X170.960000 Y120.531500 Z-0.125000
G01 X171.186000 Y120.446700 Z-0.125000
G01 X171.581000 Y120.531500 Z-0.125000
G01 X171.977000 Y120.785800 Z-0.125000
G01 X206.188000 Y154.996700 Z-0.125000
G01 X206.584000 Y155.251000 Z-0.125000
G01 X206.979000 Y155.335800 Z-0.125000
G01 X207.205000 Y155.251000 Z-0.125000
G01 X207.092000 Y154.996700 Z-0.125000
G01 X172.881000 Y120.785800 Z-0.125000
G01 X172.768000 Y120.531500 Z-0.125000
G01 X172.994000 Y120.446700 Z-0.125000
G01 X173.390000 Y120.531500 Z-0.125000
G01 X173.786000 Y120.785800 Z-0.125000
G01 X186.387000 Y133.387300 Z-0.125000
G00 Z5.000000

(End cutting path id: path2)


(Start cutting path id: path2)
(Change tool to Default tool)

G00 Z5.000000
G00 X195.308000 Y142.312500

G01 Z-0.125000 F100.0(Penetrate)
G01 X207.995000 Y154.999300 Z-0.125000 F400.000000
G01 X208.390000 Y155.253600 Z-0.125000
G01 X208.786000 Y155.338400 Z-0.125000
G01 X209.012000 Y155.253600 Z-0.125000
G01 X208.899000 Y154.999300 Z-0.125000
G01 X197.819000 Y143.919600 Z-0.125000
G01 X197.740000 Y143.801300 Z-0.125000
G01 X197.815000 Y143.774500 Z-0.125000
G01 X198.282000 Y143.930100 Z-0.125000
G01 X199.423000 Y144.618800 Z-0.125000
G01 X209.803000 Y154.999300 Z-0.125000
G01 X210.199000 Y155.253600 Z-0.125000
G01 X210.595000 Y155.338400 Z-0.125000
G01 X210.821000 Y155.253600 Z-0.125000
G01 X210.708000 Y154.999300 Z-0.125000
G01 X200.964000 Y145.255900 Z-0.125000
G01 X200.909000 Y145.059300 Z-0.125000
G01 X201.262000 Y145.101500 Z-0.125000
G01 X202.238000 Y145.625300 Z-0.125000
G01 X211.612000 Y154.999300 Z-0.125000
G01 X212.007000 Y155.253600 Z-0.125000
G01 X212.403000 Y155.338400 Z-0.125000
G01 X212.629000 Y155.253600 Z-0.125000
G01 X212.516000 Y154.999300 Z-0.125000
G01 X203.430000 Y145.913500 Z-0.125000
G01 X203.342000 Y145.683500 Z-0.125000
G01 X203.621000 Y145.652200 Z-0.125000
G01 X204.070000 Y145.790500 Z-0.125000
G01 X204.490000 Y146.069100 Z-0.125000
G01 X213.420000 Y154.999300 Z-0.125000
G01 X213.816000 Y155.253600 Z-0.125000
G01 X214.212000 Y155.338400 Z-0.125000
G01 X214.438000 Y155.253600 Z-0.125000
G01 X214.325000 Y154.999300 Z-0.125000
G01 X205.604000 Y146.278300 Z-0.125000
G01 X205.508000 Y146.040900 Z-0.125000
G01 X205.771000 Y145.993300 Z-0.125000
G01 X206.204000 Y146.115400 Z-0.125000
G01 X206.616000 Y146.386600 Z-0.125000
G01 X215.229000 Y154.999300 Z-0.125000
G01 X215.625000 Y155.253600 Z-0.125000
G01 X216.020000 Y155.338400 Z-0.125000
G01 X216.246000 Y155.253600 Z-0.125000
G01 X216.133000 Y154.999300 Z-0.125000
G01 X207.589000 Y146.454700 Z-0.125000
G01 X207.481000 Y146.205500 Z-0.125000
G01 X207.718000 Y146.132000 Z-0.125000
G01 X208.125000 Y146.228000 Z-0.125000
G01 X208.526000 Y146.487500 Z-0.125000
G01 X217.038000 Y154.999300 Z-0.125000
G01 X217.433000 Y155.253600 Z-0.125000
G01 X217.829000 Y155.338400 Z-0.125000
G01 X218.055000 Y155.253600 Z-0.125000
G01 X217.942000 Y154.999300 Z-0.125000
G01 X209.431000 Y146.488700 Z-0.125000
G01 X209.314000 Y146.230100 Z-0.125000
G01 X209.531000 Y146.136000 Z-0.125000
G01 X209.917000 Y146.211500 Z-0.125000
G01 X210.309000 Y146.461600 Z-0.125000
G01 X218.846000 Y154.999300 Z-0.125000
G01 X219.242000 Y155.253600 Z-0.125000
G01 X219.638000 Y155.338400 Z-0.125000
G01 X219.864000 Y155.253600 Z-0.125000
G01 X219.751000 Y154.999300 Z-0.125000
G01 X211.160000 Y146.408800 Z-0.125000
G01 X211.035000 Y146.142500 Z-0.125000
G01 X211.235000 Y146.031400 Z-0.125000
G01 X211.604000 Y146.090000 Z-0.125000
G01 X211.988000 Y146.332400 Z-0.125000
G01 X220.655000 Y154.999300 Z-0.125000
G01 X221.051000 Y155.253600 Z-0.125000
G01 X221.446000 Y155.338400 Z-0.125000
G01 X221.672000 Y155.253600 Z-0.125000
G01 X221.559000 Y154.999300 Z-0.125000
G01 X212.794000 Y146.234300 Z-0.125000
G01 X212.663000 Y145.961500 Z-0.125000
G01 X212.848000 Y145.836000 Z-0.125000
G01 X213.203000 Y145.880100 Z-0.125000
G01 X213.580000 Y146.116000 Z-0.125000
G01 X222.463000 Y154.999300 Z-0.125000
G01 X222.859000 Y155.253600 Z-0.125000
G01 X223.255000 Y155.338400 Z-0.125000
G01 X223.481000 Y155.253600 Z-0.125000
G01 X223.368000 Y154.999300 Z-0.125000
G01 X214.347000 Y145.978900 Z-0.125000
G01 X214.210000 Y145.700500 Z-0.125000
G01 X214.383000 Y145.562700 Z-0.125000
G01 X214.726000 Y145.594600 Z-0.125000
G01 X215.098000 Y145.824900 Z-0.125000
G01 X224.272000 Y154.999300 Z-0.125000
G01 X224.668000 Y155.253600 Z-0.125000
G01 X225.063000 Y155.338400 Z-0.125000
G01 X225.289000 Y155.253600 Z-0.125000
G01 X225.176000 Y154.999300 Z-0.125000
G01 X215.826000 Y145.649200 Z-0.125000
G01 X215.683000 Y145.364900 Z-0.125000
G01 X215.844000 Y145.214300 Z-0.125000
G01 X216.173000 Y145.233100 Z-0.125000
G01 X216.539000 Y145.457500 Z-0.125000
G01 X226.081000 Y154.999300 Z-0.125000
G01 X226.476000 Y155.253600 Z-0.125000
G01 X226.872000 Y155.338400 Z-0.125000
G01 X227.098000 Y155.253600 Z-0.125000
G01 X226.985000 Y154.999300 Z-0.125000
G01 X217.236000 Y145.250500 Z-0.125000
G01 X217.088000 Y144.961500 Z-0.125000
G01 X217.238000 Y144.800500 Z-0.125000
G01 X217.558000 Y144.809000 Z-0.125000
G01 X217.919000 Y145.028700 Z-0.125000
G01 X227.889000 Y154.999300 Z-0.125000
G01 X228.285000 Y155.253600 Z-0.125000
G01 X228.681000 Y155.338400 Z-0.125000
G01 X228.907000 Y155.253600 Z-0.125000
G01 X228.794000 Y154.999300 Z-0.125000
G01 X218.587000 Y144.792800 Z-0.125000
G01 X218.435000 Y144.499100 Z-0.125000
G01 X218.574000 Y144.327500 Z-0.125000
G01 X218.883000 Y144.325500 Z-0.125000
G01 X219.239000 Y144.540400 Z-0.125000
G01 X229.698000 Y154.999300 Z-0.125000
G01 X230.094000 Y155.253600 Z-0.125000
G01 X230.489000 Y155.338400 Z-0.125000
G01 X230.715000 Y155.253600 Z-0.125000
G01 X230.602000 Y154.999300 Z-0.125000
G01 X219.875000 Y144.272400 Z-0.125000
G01 X219.718000 Y143.974200 Z-0.125000
G01 X219.848000 Y143.792800 Z-0.125000
G01 X220.147000 Y143.781000 Z-0.125000
G01 X220.499000 Y143.991400 Z-0.125000
G01 X231.507000 Y154.999300 Z-0.125000
G01 X231.902000 Y155.253600 Z-0.125000
G01 X232.298000 Y155.338400 Z-0.125000
G01 X232.524000 Y155.253600 Z-0.125000
G01 X232.411000 Y154.999300 Z-0.125000
G01 X221.109000 Y143.697800 Z-0.125000
G01 X220.948000 Y143.395400 Z-0.125000
G01 X221.069000 Y143.205000 Z-0.125000
G01 X221.359000 Y143.184100 Z-0.125000
G01 X221.706000 Y143.390400 Z-0.125000
G01 X233.315000 Y154.999300 Z-0.125000
G01 X233.711000 Y155.253600 Z-0.125000
G01 X234.106000 Y155.338400 Z-0.125000
G01 X234.332000 Y155.253600 Z-0.125000
G01 X234.219000 Y154.999300 Z-0.125000
G01 X222.286000 Y143.066300 Z-0.125000
G01 X222.121000 Y142.759400 Z-0.125000
G01 X222.231000 Y142.559100 Z-0.125000
G01 X222.511000 Y142.528300 Z-0.125000
G01 X222.855000 Y142.730100 Z-0.125000
G01 X235.124000 Y154.999300 Z-0.125000
G01 X235.519000 Y155.253600 Z-0.125000
G01 X235.915000 Y155.338400 Z-0.125000
G01 X236.141000 Y155.253600 Z-0.125000
G01 X236.028000 Y154.999300 Z-0.125000
G01 X223.411000 Y142.382000 Z-0.125000
G01 X223.241000 Y142.071100 Z-0.125000
G01 X223.343000 Y141.862000 Z-0.125000
G01 X223.614000 Y141.822400 Z-0.125000
G01 X223.953000 Y142.020200 Z-0.125000
G01 X236.932000 Y154.999300 Z-0.125000
G01 X237.328000 Y155.253600 Z-0.125000
G01 X237.724000 Y155.338400 Z-0.125000
G01 X237.950000 Y155.253600 Z-0.125000
G01 X237.837000 Y154.999300 Z-0.125000
G01 X224.479000 Y141.642000 Z-0.125000
G01 X224.306000 Y141.327100 Z-0.125000
G01 X224.398000 Y141.108900 Z-0.125000
G01 X224.661000 Y141.060300 Z-0.125000
G01 X224.996000 Y141.254100 Z-0.125000
G01 X238.741000 Y154.999300 Z-0.125000
G01 X239.137000 Y155.253600 Z-0.125000
G01 X239.532000 Y155.338400 Z-0.125000
G01 X239.758000 Y155.253600 Z-0.125000
G01 X239.645000 Y154.999300 Z-0.125000
G01 X225.500000 Y140.851600 Z-0.125000
G01 X225.323000 Y140.533200 Z-0.125000
G01 X225.408000 Y140.307400 Z-0.125000
G01 X225.663000 Y140.251300 Z-0.125000
G01 X225.994000 Y140.441500 Z-0.125000
G01 X240.549000 Y154.996700 Z-0.125000
G01 X240.945000 Y155.251000 Z-0.125000
G01 X241.341000 Y155.335800 Z-0.125000
G01 X241.567000 Y155.251000 Z-0.125000
G01 X241.454000 Y154.996700 Z-0.125000
G01 X226.478000 Y140.021300 Z-0.125000
G01 X226.298000 Y139.699700 Z-0.125000
G01 X226.376000 Y139.466900 Z-0.125000
G01 X226.624000 Y139.403700 Z-0.125000
G01 X226.952000 Y139.590800 Z-0.125000
G01 X242.358000 Y154.996700 Z-0.125000
G01 X242.754000 Y155.251000 Z-0.125000
G01 X243.149000 Y155.335800 Z-0.125000
G01 X243.375000 Y155.251000 Z-0.125000
G01 X243.262000 Y154.996700 Z-0.125000
G01 X227.416000 Y139.150100 Z-0.125000
G01 X227.232000 Y138.825300 Z-0.125000
G01 X227.303000 Y138.585500 Z-0.125000
G01 X227.544000 Y138.515200 Z-0.125000
G01 X227.869000 Y138.699100 Z-0.125000
G01 X244.167000 Y154.996700 Z-0.125000
G01 X244.562000 Y155.251000 Z-0.125000
G01 X244.958000 Y155.335800 Z-0.125000
G01 X245.184000 Y155.251000 Z-0.125000
G01 X245.071000 Y154.996700 Z-0.125000
G01 X228.312000 Y138.237700 Z-0.125000
G01 X228.125000 Y137.909700 Z-0.125000
G01 X228.189000 Y137.662700 Z-0.125000
G01 X228.423000 Y137.585300 Z-0.125000
G01 X228.745000 Y137.765900 Z-0.125000
G01 X245.975000 Y154.996700 Z-0.125000
G01 X246.371000 Y155.251000 Z-0.125000
G01 X246.767000 Y155.335800 Z-0.125000
G01 X246.993000 Y155.251000 Z-0.125000
G01 X246.880000 Y154.996700 Z-0.125000
G01 X229.167000 Y137.283600 Z-0.125000
G01 X228.976000 Y136.952200 Z-0.125000
G01 X229.033000 Y136.698000 Z-0.125000
G01 X229.259000 Y136.613300 Z-0.125000
G01 X229.578000 Y136.790600 Z-0.125000
G01 X247.652000 Y154.865100 Z-0.125000
G01 X248.001000 Y155.072200 Z-0.125000
G01 X248.293000 Y155.053100 Z-0.125000
G01 X248.415000 Y154.864500 Z-0.125000
G01 X248.254000 Y154.563000 Z-0.125000
G01 X229.978000 Y136.286300 Z-0.125000
G01 X229.784000 Y135.951500 Z-0.125000
G01 X229.833000 Y135.689700 Z-0.125000
G01 X230.052000 Y135.597400 Z-0.125000
G01 X230.367000 Y135.771300 Z-0.125000
G01 X248.857000 Y154.260800 Z-0.125000
G01 X249.205000 Y154.468000 Z-0.125000
G01 X249.497000 Y154.448900 Z-0.125000
G01 X249.619000 Y154.260300 Z-0.125000
G01 X249.459000 Y153.958700 Z-0.125000
G01 X230.745000 Y135.245300 Z-0.125000
G01 X230.548000 Y134.907000 Z-0.125000
G01 X230.590000 Y134.637500 Z-0.125000
G01 X230.801000 Y134.537600 Z-0.125000
G01 X231.112000 Y134.708000 Z-0.125000
G01 X250.057000 Y153.652900 Z-0.125000
G01 X250.402000 Y153.856400 Z-0.125000
G01 X250.686000 Y153.829300 Z-0.125000
G01 X250.800000 Y153.632600 Z-0.125000
G01 X250.636000 Y153.327400 Z-0.125000
G01 X231.468000 Y134.159200 Z-0.125000
G01 X231.267000 Y133.817300 Z-0.125000
G01 X231.301000 Y133.539900 Z-0.125000
G01 X231.504000 Y133.432000 Z-0.125000
G01 X231.812000 Y133.598700 Z-0.125000
G01 X251.194000 Y152.980500 Z-0.125000
G01 X251.531000 Y153.176700 Z-0.125000
G01 X251.799000 Y153.133700 Z-0.125000
G01 X251.897000 Y152.921000 Z-0.125000
G01 X251.726000 Y152.608600 Z-0.125000
G01 X232.144000 Y133.026300 Z-0.125000
G01 X231.939000 Y132.680600 Z-0.125000
G01 X231.964000 Y132.394900 Z-0.125000
G01 X232.159000 Y132.278600 Z-0.125000
G01 X232.463000 Y132.441600 Z-0.125000
G01 X252.235000 Y152.213400 Z-0.125000
G01 X252.565000 Y152.402300 Z-0.125000
G01 X252.817000 Y152.343200 Z-0.125000
G01 X252.899000 Y152.114500 Z-0.125000
G01 X252.721000 Y151.794700 Z-0.125000
G01 X232.771000 Y131.845100 Z-0.125000
G01 X232.563000 Y131.495400 Z-0.125000
G01 X232.579000 Y131.200600 Z-0.125000
G01 X232.764000 Y131.075500 Z-0.125000
G01 X233.065000 Y131.234400 Z-0.125000
G01 X253.179000 Y151.348900 Z-0.125000
G01 X253.501000 Y151.529700 Z-0.125000
G01 X253.735000 Y151.452700 Z-0.125000
G01 X253.799000 Y151.206200 Z-0.125000
G01 X253.613000 Y150.878300 Z-0.125000
G01 X233.345000 Y130.610200 Z-0.125000
G01 X233.132000 Y130.256100 Z-0.125000
G01 X233.139000 Y129.951900 Z-0.125000
G01 X233.315000 Y129.817300 Z-0.125000
G01 X233.611000 Y129.971900 Z-0.125000
G01 X254.022000 Y150.382800 Z-0.125000
G01 X254.335000 Y150.555200 Z-0.125000
G01 X254.551000 Y150.459600 Z-0.125000
G01 X254.596000 Y150.194500 Z-0.125000
G01 X254.401000 Y149.858200 Z-0.125000
G01 X233.862000 Y129.319200 Z-0.125000
G01 X233.645000 Y128.960500 Z-0.125000
G01 X233.642000 Y128.646200 Z-0.125000
G01 X233.808000 Y128.501400 Z-0.125000
G01 X234.099000 Y128.651400 Z-0.125000
G01 X254.754000 Y149.307000 Z-0.125000
G01 X255.060000 Y149.471000 Z-0.125000
G01 X255.257000 Y149.356900 Z-0.125000
G01 X255.284000 Y149.073300 Z-0.125000
G01 X255.080000 Y148.728600 Z-0.125000
G01 X234.320000 Y127.967900 Z-0.125000
G01 X234.097000 Y127.604200 Z-0.125000
G01 X234.083000 Y127.278800 Z-0.125000
G01 X234.238000 Y127.123000 Z-0.125000
G01 X234.524000 Y127.268000 Z-0.125000
G01 X255.378000 Y148.121900 Z-0.125000
G01 X255.674000 Y148.276700 Z-0.125000
G01 X255.851000 Y148.142600 Z-0.125000
G01 X255.858000 Y147.838900 Z-0.125000
G01 X255.645000 Y147.485100 Z-0.125000
G01 X234.711000 Y126.550900 Z-0.125000
G01 X234.483000 Y126.181700 Z-0.125000
G01 X234.457000 Y125.844300 Z-0.125000
G01 X234.600000 Y125.676300 Z-0.125000
G01 X234.881000 Y125.815800 Z-0.125000
G01 X255.884000 Y146.819600 Z-0.125000
G01 X256.172000 Y146.966100 Z-0.125000
G01 X256.331000 Y146.813800 Z-0.125000
G01 X256.320000 Y146.492000 Z-0.125000
G01 X256.099000 Y146.129900 Z-0.125000
G01 X235.032000 Y125.062900 Z-0.125000
G01 X234.797000 Y124.687200 Z-0.125000
G01 X234.756000 Y124.335200 Z-0.125000
G01 X234.885000 Y124.152900 Z-0.125000
G01 X235.159000 Y124.285800 Z-0.125000
G01 X256.273000 Y145.399900 Z-0.125000
G01 X256.551000 Y145.536000 Z-0.125000
G01 X256.686000 Y145.360600 Z-0.125000
G01 X256.652000 Y145.015600 Z-0.125000
G01 X256.421000 Y144.643000 Z-0.125000
G01 X235.267000 Y123.489600 Z-0.125000
G01 X235.029000 Y123.109800 Z-0.125000
G01 X234.979000 Y122.749000 Z-0.125000
G01 X235.098000 Y122.557800 Z-0.125000
G01 X235.369000 Y122.686700 Z-0.125000
G01 X256.538000 Y143.855600 Z-0.125000
G01 X256.804000 Y143.980900 Z-0.125000
G01 X256.916000 Y143.781800 Z-0.125000
G01 X256.858000 Y143.413100 Z-0.125000
G01 X256.616000 Y143.029700 Z-0.125000
G01 X235.470000 Y121.883700 Z-0.125000
G01 X235.231000 Y121.503900 Z-0.125000
G01 X235.181000 Y121.143100 Z-0.125000
G01 X235.301000 Y120.951900 Z-0.125000
G01 X235.571000 Y121.080700 Z-0.125000
G01 X256.667000 Y142.176500 Z-0.125000
G01 X256.928000 Y142.295900 Z-0.125000
G01 X257.026000 Y142.083700 Z-0.125000
G01 X256.955000 Y141.701900 Z-0.125000
G01 X256.707000 Y141.312600 Z-0.125000
G01 X236.181000 Y120.785800 Z-0.125000
G01 X236.068000 Y120.531500 Z-0.125000
G01 X236.294000 Y120.446700 Z-0.125000
G01 X236.689000 Y120.531500 Z-0.125000
G01 X237.085000 Y120.785800 Z-0.125000
G01 X256.741000 Y140.442100 Z-0.125000
G01 X257.000000 Y140.559300 Z-0.125000
G01 X257.094000 Y140.342600 Z-0.125000
G01 X257.018000 Y139.956200 Z-0.125000
G01 X256.768000 Y139.564800 Z-0.125000
G01 X237.989000 Y120.785800 Z-0.125000
G01 X237.876000 Y120.531500 Z-0.125000
G01 X238.102000 Y120.446700 Z-0.125000
G01 X238.498000 Y120.531500 Z-0.125000
G01 X238.894000 Y120.785800 Z-0.125000
G01 X256.794000 Y138.685900 Z-0.125000
G01 X257.051000 Y138.802100 Z-0.125000
G01 X257.143000 Y138.582800 Z-0.125000
G01 X257.065000 Y138.194000 Z-0.125000
G01 X256.814000 Y137.801500 Z-0.125000
G01 X239.798000 Y120.785800 Z-0.125000
G01 X239.685000 Y120.531500 Z-0.125000
G01 X239.911000 Y120.446700 Z-0.125000
G01 X240.307000 Y120.531500 Z-0.125000
G01 X240.702000 Y120.785800 Z-0.125000
G01 X256.833000 Y136.916200 Z-0.125000
G01 X257.089000 Y137.031600 Z-0.125000
G01 X257.179000 Y136.810700 Z-0.125000
G01 X257.100000 Y136.420200 Z-0.125000
G01 X256.848000 Y136.027000 Z-0.125000
G01 X241.606000 Y120.785800 Z-0.125000
G01 X241.493000 Y120.531500 Z-0.125000
G01 X241.719000 Y120.446700 Z-0.125000
G01 X242.115000 Y120.531500 Z-0.125000
G01 X242.511000 Y120.785800 Z-0.125000
G01 X256.861000 Y135.136200 Z-0.125000
G01 X257.117000 Y135.251000 Z-0.125000
G01 X257.206000 Y135.028800 Z-0.125000
G01 X257.125000 Y134.637000 Z-0.125000
G01 X256.872000 Y134.243200 Z-0.125000
G01 X243.414000 Y120.785800 Z-0.125000
G01 X243.301000 Y120.531500 Z-0.125000
G01 X243.528000 Y120.446700 Z-0.125000
G01 X243.923000 Y120.531500 Z-0.125000
G01 X244.319000 Y120.785800 Z-0.125000
G01 X256.880000 Y133.347200 Z-0.125000
G01 X257.136000 Y133.461500 Z-0.125000
G01 X257.223000 Y133.238300 Z-0.125000
G01 X257.141000 Y132.845600 Z-0.125000
G01 X256.888000 Y132.451200 Z-0.125000
G01 X245.223000 Y120.785800 Z-0.125000
G01 X245.110000 Y120.531500 Z-0.125000
G01 X245.336000 Y120.446700 Z-0.125000
G01 X245.731000 Y120.531500 Z-0.125000
G01 X246.127000 Y120.785800 Z-0.125000
G01 X256.891000 Y131.549600 Z-0.125000
G01 X257.146000 Y131.663100 Z-0.125000
G01 X257.232000 Y131.438100 Z-0.125000
G01 X257.148000 Y131.043500 Z-0.125000
G01 X256.894000 Y130.648300 Z-0.125000
G01 X247.031000 Y120.785800 Z-0.125000
G01 X246.918000 Y120.531500 Z-0.125000
G01 X247.144000 Y120.446700 Z-0.125000
G01 X247.540000 Y120.531500 Z-0.125000
G01 X247.936000 Y120.785800 Z-0.125000
G01 X256.895000 Y129.745200 Z-0.125000
G01 X257.149000 Y129.858200 Z-0.125000
G01 X257.234000 Y129.632200 Z-0.125000
G01 X257.150000 Y129.236700 Z-0.125000
G01 X256.895000 Y128.841100 Z-0.125000
G01 X248.840000 Y120.785800 Z-0.125000
G01 X248.727000 Y120.531500 Z-0.125000
G01 X248.953000 Y120.446700 Z-0.125000
G01 X249.349000 Y120.531500 Z-0.125000
G01 X249.744000 Y120.785800 Z-0.125000
G01 X256.895000 Y127.937000 Z-0.125000
G01 X257.150000 Y128.050100 Z-0.125000
G01 X257.235000 Y127.824100 Z-0.125000
G01 X257.150000 Y127.428500 Z-0.125000
G01 X256.896000 Y127.033000 Z-0.125000
G01 X250.649000 Y120.785800 Z-0.125000
G01 X250.536000 Y120.531500 Z-0.125000
G01 X250.762000 Y120.446700 Z-0.125000
G01 X251.157000 Y120.531500 Z-0.125000
G01 X251.553000 Y120.785800 Z-0.125000
G01 X256.896000 Y126.128900 Z-0.125000
G01 X257.150000 Y126.242000 Z-0.125000
G01 X257.235000 Y126.016000 Z-0.125000
G01 X257.150000 Y125.620400 Z-0.125000
G01 X256.896000 Y125.224800 Z-0.125000
G01 X252.457000 Y120.785800 Z-0.125000
G01 X252.344000 Y120.531500 Z-0.125000
G01 X252.570000 Y120.446700 Z-0.125000
G01 X252.966000 Y120.531500 Z-0.125000
G01 X253.361000 Y120.785800 Z-0.125000
G01 X256.896000 Y124.320700 Z-0.125000
G01 X257.151000 Y124.433800 Z-0.125000
G01 X257.236000 Y124.207800 Z-0.125000
G01 X257.151000 Y123.812300 Z-0.125000
G01 X256.897000 Y123.416700 Z-0.125000
G01 X254.266000 Y120.785800 Z-0.125000
G01 X254.153000 Y120.531500 Z-0.125000
G01 X254.379000 Y120.446700 Z-0.125000
G01 X254.774000 Y120.531500 Z-0.125000
G01 X255.170000 Y120.785800 Z-0.125000
G01 X256.897000 Y122.512600 Z-0.125000
G01 X257.151000 Y122.625700 Z-0.125000
G01 X257.236000 Y122.399700 Z-0.125000
G01 X257.151000 Y122.004100 Z-0.125000
G01 X256.897000 Y121.608500 Z-0.125000
G01 X256.034000 Y120.745100 Z-0.125000
G01 X255.951000 Y120.521300 Z-0.125000
G01 X256.187000 Y120.446700 Z-0.125000
G01 X256.573000 Y120.521300 Z-0.125000
G01 X256.938000 Y120.745100 Z-0.125000
G01 X257.236000 Y121.043600 Z-0.125000
G00 Z5.000000

(End cutting path id: path2)


(Start cutting path id: path2)
(Change tool to Default tool)

G00 Z5.000000
G00 X169.296000 Y84.829000

G01 Z-0.125000 F100.0(Penetrate)
G01 X167.149000 Y85.783000 Z-0.125000 F400.000000
G01 X165.108000 Y87.168000 Z-0.125000
G01 X163.371000 Y88.823000 Z-0.125000
G01 X162.138000 Y90.588000 Z-0.125000
G01 X161.323000 Y92.439000 Z-0.125000
G01 X160.876000 Y94.768000 Z-0.125000
G01 X160.674000 Y98.762000 Z-0.125000
G01 X160.598000 Y105.608500 Z-0.125000
G01 X160.526000 Y116.937500 Z-0.125000
G01 X171.797000 Y117.030000 Z-0.125000
G01 X183.069000 Y117.122600 Z-0.125000
G01 X183.069000 Y116.314600 Z-0.125000
G01 X183.267000 Y114.767400 Z-0.125000
G01 X183.819000 Y112.744500 Z-0.125000
G01 X184.666000 Y110.433300 Z-0.125000
G01 X185.747000 Y108.021200 Z-0.125000
G01 X186.676000 Y106.252700 Z-0.125000
G01 X187.609000 Y104.802000 Z-0.125000
G01 X188.728000 Y103.418100 Z-0.125000
G01 X190.216000 Y101.850000 Z-0.125000
G01 X192.172000 Y100.020000 Z-0.125000
G01 X194.145000 Y98.457000 Z-0.125000
G01 X196.160000 Y97.151000 Z-0.125000
G01 X198.246000 Y96.089000 Z-0.125000
G01 X200.429000 Y95.260000 Z-0.125000
G01 X202.734000 Y94.652000 Z-0.125000
G01 X205.189000 Y94.253000 Z-0.125000
G01 X207.820000 Y94.052000 Z-0.125000
G01 X211.389000 Y94.084000 Z-0.125000
G01 X214.582000 Y94.517000 Z-0.125000
G01 X217.670000 Y95.411000 Z-0.125000
G01 X220.928000 Y96.822000 Z-0.125000
G01 X223.408000 Y98.282000 Z-0.125000
G01 X225.771000 Y100.134000 Z-0.125000
G01 X227.963000 Y102.305000 Z-0.125000
G01 X229.932000 Y104.723300 Z-0.125000
G01 X231.625000 Y107.315900 Z-0.125000
G01 X232.988000 Y110.010700 Z-0.125000
G01 X233.970000 Y112.735500 Z-0.125000
G01 X234.517000 Y115.418000 Z-0.125000
G01 X234.718000 Y117.112800 Z-0.125000
G01 X246.067000 Y117.112800 Z-0.125000
G01 X257.415000 Y117.112800 Z-0.125000
G01 X257.408000 Y107.381200 Z-0.125000
G01 X257.310000 Y99.865000 Z-0.125000
G01 X257.085000 Y95.461000 Z-0.125000
G01 X256.747000 Y93.805000 Z-0.125000
G01 X256.230000 Y92.240000 Z-0.125000
G01 X255.539000 Y90.776000 Z-0.125000
G01 X254.682000 Y89.422000 Z-0.125000
G01 X253.665000 Y88.186000 Z-0.125000
G01 X252.494000 Y87.078000 Z-0.125000
G01 X251.175000 Y86.106000 Z-0.125000
G01 X249.716000 Y85.279000 Z-0.125000
G01 X247.771000 Y84.323000 Z-0.125000
G01 X209.546000 Y84.251000 Z-0.125000
G01 X176.498000 Y84.281000 Z-0.125000
G01 X171.281000 Y84.467000 Z-0.125000
G01 X169.296000 Y84.829000 Z-0.125000
G01 X169.296000 Y84.829000 Z-0.125000
G00 Z5.000000

(End cutting path id: path2)


(Start cutting path id: path2)
(Change tool to Default tool)

G00 Z5.000000
G00 X170.887000 Y80.814000

G01 Z-0.125000 F100.0(Penetrate)
G01 X170.579000 Y80.506000 Z-0.125000 F400.000000
G01 X170.347000 Y80.133000 Z-0.125000
G01 X170.270000 Y79.745000 Z-0.125000
G01 X170.347000 Y79.511000 Z-0.125000
G01 X170.579000 Y79.601000 Z-0.125000
G01 X171.452000 Y80.475000 Z-0.125000
G01 X171.848000 Y80.729000 Z-0.125000
G01 X172.244000 Y80.814000 Z-0.125000
G01 X172.470000 Y80.729000 Z-0.125000
G01 X172.357000 Y80.475000 Z-0.125000
G01 X170.609000 Y78.727000 Z-0.125000
G01 X170.355000 Y78.332000 Z-0.125000
G01 X170.270000 Y77.936000 Z-0.125000
G01 X170.355000 Y77.710000 Z-0.125000
G01 X170.609000 Y77.823000 Z-0.125000
G01 X173.261000 Y80.475000 Z-0.125000
G01 X173.657000 Y80.729000 Z-0.125000
G01 X174.052000 Y80.814000 Z-0.125000
G01 X174.278000 Y80.729000 Z-0.125000
G01 X174.165000 Y80.475000 Z-0.125000
G01 X170.609000 Y76.919000 Z-0.125000
G01 X170.355000 Y76.523000 Z-0.125000
G01 X170.270000 Y76.127000 Z-0.125000
G01 X170.355000 Y75.901000 Z-0.125000
G01 X170.609000 Y76.014000 Z-0.125000
G01 X175.070000 Y80.475000 Z-0.125000
G01 X175.465000 Y80.729000 Z-0.125000
G01 X175.861000 Y80.814000 Z-0.125000
G01 X176.087000 Y80.729000 Z-0.125000
G01 X175.974000 Y80.475000 Z-0.125000
G01 X170.609000 Y75.110000 Z-0.125000
G01 X170.355000 Y74.714000 Z-0.125000
G01 X170.270000 Y74.319000 Z-0.125000
G01 X170.355000 Y74.093000 Z-0.125000
G01 X170.609000 Y74.206000 Z-0.125000
G01 X176.878000 Y80.475000 Z-0.125000
G01 X177.274000 Y80.729000 Z-0.125000
G01 X177.670000 Y80.814000 Z-0.125000
G01 X177.896000 Y80.729000 Z-0.125000
G01 X177.783000 Y80.475000 Z-0.125000
G01 X170.609000 Y73.301000 Z-0.125000
G01 X170.355000 Y72.906000 Z-0.125000
G01 X170.270000 Y72.510000 Z-0.125000
G01 X170.355000 Y72.284000 Z-0.125000
G01 X170.609000 Y72.397000 Z-0.125000
G01 X178.687000 Y80.475000 Z-0.125000
G01 X179.083000 Y80.729000 Z-0.125000
G01 X179.478000 Y80.814000 Z-0.125000
G01 X179.704000 Y80.729000 Z-0.125000
G01 X179.591000 Y80.475000 Z-0.125000
G01 X170.609000 Y71.493000 Z-0.125000
G01 X170.355000 Y71.097000 Z-0.125000
G01 X170.270000 Y70.702000 Z-0.125000
G01 X170.355000 Y70.476000 Z-0.125000
G01 X170.609000 Y70.589000 Z-0.125000
G01 X180.495000 Y80.475000 Z-0.125000
G01 X180.891000 Y80.729000 Z-0.125000
G01 X181.287000 Y80.814000 Z-0.125000
G01 X181.513000 Y80.729000 Z-0.125000
G01 X181.400000 Y80.475000 Z-0.125000
G01 X170.609000 Y69.684000 Z-0.125000
G01 X170.355000 Y69.289000 Z-0.125000
G01 X170.270000 Y68.893000 Z-0.125000
G01 X170.355000 Y68.667000 Z-0.125000
G01 X170.609000 Y68.780000 Z-0.125000
G01 X182.304000 Y80.475000 Z-0.125000
G01 X182.700000 Y80.730000 Z-0.125000
G01 X183.095000 Y80.814000 Z-0.125000
G01 X183.322000 Y80.730000 Z-0.125000
G01 X183.209000 Y80.475000 Z-0.125000
G01 X170.609000 Y67.876000 Z-0.125000
G01 X170.355000 Y67.480000 Z-0.125000
G01 X170.270000 Y67.084000 Z-0.125000
G01 X170.355000 Y66.858000 Z-0.125000
G01 X170.609000 Y66.971000 Z-0.125000
G01 X184.114000 Y80.477000 Z-0.125000
G01 X184.510000 Y80.731000 Z-0.125000
G01 X184.906000 Y80.816000 Z-0.125000
G01 X185.132000 Y80.732000 Z-0.125000
G01 X185.020000 Y80.478000 Z-0.125000
G01 X170.609000 Y66.067000 Z-0.125000
G01 X170.355000 Y65.671000 Z-0.125000
G01 X170.270000 Y65.276000 Z-0.125000
G01 X170.355000 Y65.050000 Z-0.125000
G01 X170.609000 Y65.163000 Z-0.125000
G01 X185.925000 Y80.479000 Z-0.125000
G01 X186.321000 Y80.733000 Z-0.125000
G01 X186.717000 Y80.818000 Z-0.125000
G01 X186.943000 Y80.734000 Z-0.125000
G01 X186.831000 Y80.480000 Z-0.125000
G01 X170.609000 Y64.258000 Z-0.125000
G01 X170.355000 Y63.862000 Z-0.125000
G01 X170.270000 Y63.467000 Z-0.125000
G01 X170.355000 Y63.241000 Z-0.125000
G01 X170.609000 Y63.354000 Z-0.125000
G01 X187.736000 Y80.481000 Z-0.125000
G01 X188.132000 Y80.736000 Z-0.125000
G01 X188.529000 Y80.821000 Z-0.125000
G01 X188.755000 Y80.738000 Z-0.125000
G01 X188.643000 Y80.484000 Z-0.125000
G01 X170.609000 Y62.450000 Z-0.125000
G01 X170.405000 Y62.105000 Z-0.125000
G01 X170.432000 Y61.821000 Z-0.125000
G01 X170.628000 Y61.706000 Z-0.125000
G01 X170.933000 Y61.870000 Z-0.125000
G01 X189.551000 Y80.488000 Z-0.125000
G01 X189.947000 Y80.743000 Z-0.125000
G01 X190.344000 Y80.829000 Z-0.125000
G01 X190.572000 Y80.746000 Z-0.125000
G01 X190.459000 Y80.492000 Z-0.125000
G01 X171.838000 Y61.870000 Z-0.125000
G01 X171.724000 Y61.616000 Z-0.125000
G01 X171.951000 Y61.531000 Z-0.125000
G01 X172.346000 Y61.616000 Z-0.125000
G01 X172.742000 Y61.870000 Z-0.125000
G01 X191.366000 Y80.496000 Z-0.125000
G01 X191.762000 Y80.751000 Z-0.125000
G01 X192.159000 Y80.837000 Z-0.125000
G01 X192.387000 Y80.754000 Z-0.125000
G01 X192.275000 Y80.500000 Z-0.125000
G01 X173.645000 Y61.870000 Z-0.125000
G01 X173.532000 Y61.616000 Z-0.125000
G01 X173.758000 Y61.531000 Z-0.125000
G01 X174.153000 Y61.616000 Z-0.125000
G01 X174.549000 Y61.870000 Z-0.125000
G01 X193.186000 Y80.507000 Z-0.125000
G01 X193.583000 Y80.763000 Z-0.125000
G01 X193.982000 Y80.850000 Z-0.125000
G01 X194.211000 Y80.768000 Z-0.125000
G01 X194.099000 Y80.515000 Z-0.125000
G01 X175.453000 Y61.870000 Z-0.125000
G01 X175.340000 Y61.615000 Z-0.125000
G01 X175.566000 Y61.530000 Z-0.125000
G01 X175.962000 Y61.615000 Z-0.125000
G01 X176.358000 Y61.870000 Z-0.125000
G01 X195.012000 Y80.524000 Z-0.125000
G01 X195.409000 Y80.780000 Z-0.125000
G01 X195.810000 Y80.869000 Z-0.125000
G01 X196.040000 Y80.789000 Z-0.125000
G01 X195.929000 Y80.537000 Z-0.125000
G01 X177.262000 Y61.870000 Z-0.125000
G01 X177.149000 Y61.616000 Z-0.125000
G01 X177.375000 Y61.531000 Z-0.125000
G01 X177.771000 Y61.616000 Z-0.125000
G01 X178.166000 Y61.870000 Z-0.125000
G01 X196.571000 Y80.275000 Z-0.125000
G01 X196.835000 Y80.397000 Z-0.125000
G01 X196.940000 Y80.192000 Z-0.125000
G01 X196.877000 Y79.817000 Z-0.125000
G01 X196.632000 Y79.431000 Z-0.125000
G01 X179.071000 Y61.870000 Z-0.125000
G01 X178.958000 Y61.616000 Z-0.125000
G01 X179.184000 Y61.531000 Z-0.125000
G01 X179.579000 Y61.616000 Z-0.125000
G01 X179.975000 Y61.870000 Z-0.125000
G01 X196.674000 Y78.569000 Z-0.125000
G01 X196.934000 Y78.688000 Z-0.125000
G01 X197.030000 Y78.473000 Z-0.125000
G01 X196.958000 Y78.090000 Z-0.125000
G01 X196.709000 Y77.700000 Z-0.125000
G01 X180.879000 Y61.870000 Z-0.125000
G01 X180.766000 Y61.616000 Z-0.125000
G01 X180.992000 Y61.531000 Z-0.125000
G01 X181.388000 Y61.616000 Z-0.125000
G01 X181.783000 Y61.870000 Z-0.125000
G01 X196.736000 Y76.823000 Z-0.125000
G01 X196.994000 Y76.940000 Z-0.125000
G01 X197.087000 Y76.722000 Z-0.125000
G01 X197.011000 Y76.335000 Z-0.125000
G01 X196.760000 Y75.943000 Z-0.125000
G01 X182.688000 Y61.870000 Z-0.125000
G01 X182.575000 Y61.616000 Z-0.125000
G01 X182.801000 Y61.531000 Z-0.125000
G01 X183.196000 Y61.616000 Z-0.125000
G01 X183.592000 Y61.870000 Z-0.125000
G01 X196.781000 Y75.060000 Z-0.125000
G01 X197.039000 Y75.175000 Z-0.125000
G01 X197.129000 Y74.955000 Z-0.125000
G01 X197.051000 Y74.566000 Z-0.125000
G01 X196.799000 Y74.173000 Z-0.125000
G01 X184.496000 Y61.870000 Z-0.125000
G01 X184.383000 Y61.616000 Z-0.125000
G01 X184.609000 Y61.531000 Z-0.125000
G01 X185.005000 Y61.616000 Z-0.125000
G01 X185.401000 Y61.870000 Z-0.125000
G01 X196.815000 Y73.284000 Z-0.125000
G01 X197.071000 Y73.399000 Z-0.125000
G01 X197.161000 Y73.178000 Z-0.125000
G01 X197.080000 Y72.787000 Z-0.125000
G01 X196.828000 Y72.393000 Z-0.125000
G01 X186.305000 Y61.870000 Z-0.125000
G01 X186.192000 Y61.616000 Z-0.125000
G01 X186.418000 Y61.531000 Z-0.125000
G01 X186.814000 Y61.616000 Z-0.125000
G01 X187.210000 Y61.870000 Z-0.125000
G01 X196.839000 Y71.500000 Z-0.125000
G01 X197.095000 Y71.614000 Z-0.125000
G01 X197.183000 Y71.391000 Z-0.125000
G01 X197.101000 Y70.999000 Z-0.125000
G01 X196.848000 Y70.605000 Z-0.125000
G01 X188.113000 Y61.870000 Z-0.125000
G01 X188.000000 Y61.616000 Z-0.125000
G01 X188.226000 Y61.531000 Z-0.125000
G01 X188.622000 Y61.616000 Z-0.125000
G01 X189.017000 Y61.870000 Z-0.125000
G01 X196.857000 Y69.709000 Z-0.125000
G01 X197.112000 Y69.824000 Z-0.125000
G01 X197.200000 Y69.601000 Z-0.125000
G01 X197.118000 Y69.208000 Z-0.125000
G01 X196.865000 Y68.813000 Z-0.125000
G01 X189.921000 Y61.870000 Z-0.125000
G01 X189.808000 Y61.616000 Z-0.125000
G01 X190.034000 Y61.531000 Z-0.125000
G01 X190.430000 Y61.616000 Z-0.125000
G01 X190.826000 Y61.870000 Z-0.125000
G01 X196.873000 Y67.918000 Z-0.125000
G01 X197.129000 Y68.032000 Z-0.125000
G01 X197.216000 Y67.809000 Z-0.125000
G01 X197.134000 Y67.416000 Z-0.125000
G01 X196.881000 Y67.022000 Z-0.125000
G01 X191.729000 Y61.870000 Z-0.125000
G01 X191.616000 Y61.616000 Z-0.125000
G01 X191.842000 Y61.531000 Z-0.125000
G01 X192.238000 Y61.616000 Z-0.125000
G01 X192.634000 Y61.870000 Z-0.125000
G01 X196.889000 Y66.126000 Z-0.125000
G01 X197.145000 Y66.240000 Z-0.125000
G01 X197.233000 Y66.017000 Z-0.125000
G01 X197.151000 Y65.624000 Z-0.125000
G01 X196.897000 Y65.230000 Z-0.125000
G01 X193.538000 Y61.870000 Z-0.125000
G01 X193.425000 Y61.616000 Z-0.125000
G01 X193.651000 Y61.531000 Z-0.125000
G01 X194.046000 Y61.616000 Z-0.125000
G01 X194.442000 Y61.870000 Z-0.125000
G01 X196.906000 Y64.334000 Z-0.125000
G01 X197.161000 Y64.448000 Z-0.125000
G01 X197.249000 Y64.225000 Z-0.125000
G01 X197.167000 Y63.833000 Z-0.125000
G01 X196.914000 Y63.438000 Z-0.125000
G01 X195.346000 Y61.870000 Z-0.125000
G01 X195.233000 Y61.616000 Z-0.125000
G01 X195.459000 Y61.531000 Z-0.125000
G01 X195.854000 Y61.616000 Z-0.125000
G01 X196.250000 Y61.870000 Z-0.125000
G01 X197.034000 Y62.654000 Z-0.125000
G01 X197.206000 Y62.685000 Z-0.125000
G01 X197.266000 Y62.433000 Z-0.125000
G01 X197.042000 Y61.758000 Z-0.125000
G01 X196.815000 Y61.531000 Z-0.125000
G00 Z5.000000

(End cutting path id: path2)


(Start cutting path id: path2)
(Change tool to Default tool)

G00 Z5.000000
G00 X170.093000 Y71.173000

G01 Z-0.125000 F100.0(Penetrate)
G01 X170.093000 Y80.992000 Z-0.125000 F400.000000
G01 X183.420000 Y80.992000 Z-0.125000
G01 X197.009000 Y81.079000 Z-0.125000
G01 X197.222000 Y78.231000 Z-0.125000
G01 X197.365000 Y71.260000 Z-0.125000
G01 X197.458000 Y61.353000 Z-0.125000
G01 X183.776000 Y61.353000 Z-0.125000
G01 X170.094000 Y61.353000 Z-0.125000
G01 X170.093000 Y71.173000 Z-0.125000
G00 Z5.000000

(End cutting path id: path2)


(Start cutting path id: path2)
(Change tool to Default tool)

G00 Z5.000000
G00 X152.208000 Y38.216000

G01 Z-0.125000 F100.0(Penetrate)
G01 X148.262000 Y38.672000 Z-0.125000 F400.000000
G01 X144.550000 Y39.412000 Z-0.125000
G01 X141.084000 Y40.431000 Z-0.125000
G01 X137.873000 Y41.725000 Z-0.125000
G01 X134.928000 Y43.289000 Z-0.125000
G01 X132.259000 Y45.117000 Z-0.125000
G01 X129.877000 Y47.205000 Z-0.125000
G01 X127.792000 Y49.548000 Z-0.125000
G01 X126.433000 Y51.493000 Z-0.125000
G01 X125.087000 Y53.765000 Z-0.125000
G01 X123.964000 Y55.982000 Z-0.125000
G01 X123.275000 Y57.759000 Z-0.125000
G01 X123.054000 Y58.548000 Z-0.125000
G01 X139.560000 Y58.548000 Z-0.125000
G01 X156.066000 Y58.548000 Z-0.125000
G01 X156.066000 Y48.202000 Z-0.125000
G01 X155.989000 Y40.911000 Z-0.125000
G01 X155.803000 Y37.908000 Z-0.125000
G01 X152.208000 Y38.216000 Z-0.125000
G01 X152.208000 Y38.216000 Z-0.125000
G00 Z5.000000

(End cutting path id: path2)


(Start cutting path id: path2)
(Change tool to Default tool)

G00 Z5.000000
G00 X160.570000 Y28.560000

G01 Z-0.125000 F100.0(Penetrate)
G01 X160.615000 Y29.701000 Z-0.125000 F400.000000
G01 X160.999000 Y32.167000 Z-0.125000
G01 X163.647000 Y47.063000 Z-0.125000
G01 X165.671000 Y58.548000 Z-0.125000
G01 X181.910000 Y58.548000 Z-0.125000
G01 X198.149000 Y58.408000 Z-0.125000
G01 X199.200000 Y43.767000 Z-0.125000
G01 X200.253000 Y28.854000 Z-0.125000
G01 X199.254000 Y28.658000 Z-0.125000
G01 X195.945000 Y28.524000 Z-0.125000
G01 X180.510000 Y28.403000 Z-0.125000
G01 X166.509000 Y28.432000 Z-0.125000
G01 X160.570000 Y28.560000 Z-0.125000
G01 X160.570000 Y28.560000 Z-0.125000
G00 Z5.000000

(End cutting path id: path2)


(Start cutting path id: path2)
(Change tool to Default tool)

G00 Z5.000000
G00 X152.768000 Y21.087000

G01 Z-0.125000 F100.0(Penetrate)
G01 X152.189000 Y20.508000 Z-0.125000 F400.000000
G01 X151.930000 Y20.107000 Z-0.125000
G01 X151.834000 Y19.701000 Z-0.125000
G01 X151.908000 Y19.464000 Z-0.125000
G01 X152.158000 Y19.573000 Z-0.125000
G01 X156.744000 Y24.158000 Z-0.125000
G00 Z5.000000

(End cutting path id: path2)


(Start cutting path id: path2)
(Change tool to Default tool)

G00 Z5.000000
G00 X151.788000 Y18.298000

G01 Z-0.125000 F100.0(Penetrate)
G01 X158.864000 Y25.375000 Z-0.125000 F400.000000
G01 X159.260000 Y25.629000 Z-0.125000
G01 X159.656000 Y25.714000 Z-0.125000
G01 X159.882000 Y25.630000 Z-0.125000
G01 X159.769000 Y25.375000 Z-0.125000
G01 X152.096000 Y17.702000 Z-0.125000
G01 X151.837000 Y17.302000 Z-0.125000
G01 X151.742000 Y16.895000 Z-0.125000
G01 X151.816000 Y16.659000 Z-0.125000
G01 X152.065000 Y16.767000 Z-0.125000
G01 X160.674000 Y25.376000 Z-0.125000
G01 X161.070000 Y25.630000 Z-0.125000
G01 X161.466000 Y25.715000 Z-0.125000
G01 X161.692000 Y25.631000 Z-0.125000
G01 X161.579000 Y25.377000 Z-0.125000
G01 X152.034000 Y15.832000 Z-0.125000
G01 X151.775000 Y15.431000 Z-0.125000
G01 X151.680000 Y15.025000 Z-0.125000
G01 X151.754000 Y14.788000 Z-0.125000
G01 X152.003000 Y14.896000 Z-0.125000
G01 X162.484000 Y25.377000 Z-0.125000
G01 X162.880000 Y25.632000 Z-0.125000
G01 X163.276000 Y25.717000 Z-0.125000
G01 X163.502000 Y25.632000 Z-0.125000
G01 X163.389000 Y25.378000 Z-0.125000
G01 X152.880000 Y14.869000 Z-0.125000
G01 X152.767000 Y14.614000 Z-0.125000
G01 X152.993000 Y14.530000 Z-0.125000
G01 X153.389000 Y14.614000 Z-0.125000
G01 X153.784000 Y14.869000 Z-0.125000
G01 X164.294000 Y25.379000 Z-0.125000
G01 X164.690000 Y25.633000 Z-0.125000
G01 X165.086000 Y25.718000 Z-0.125000
G01 X165.312000 Y25.634000 Z-0.125000
G01 X165.199000 Y25.380000 Z-0.125000
G01 X154.688000 Y14.869000 Z-0.125000
G01 X154.575000 Y14.614000 Z-0.125000
G01 X154.802000 Y14.530000 Z-0.125000
G01 X155.197000 Y14.614000 Z-0.125000
G01 X155.593000 Y14.869000 Z-0.125000
G01 X166.104000 Y25.380000 Z-0.125000
G01 X166.500000 Y25.635000 Z-0.125000
G01 X166.896000 Y25.720000 Z-0.125000
G01 X167.122000 Y25.635000 Z-0.125000
G01 X167.009000 Y25.381000 Z-0.125000
G01 X156.497000 Y14.869000 Z-0.125000
G01 X156.384000 Y14.614000 Z-0.125000
G01 X156.610000 Y14.530000 Z-0.125000
G01 X157.006000 Y14.614000 Z-0.125000
G01 X157.401000 Y14.869000 Z-0.125000
G01 X167.914000 Y25.382000 Z-0.125000
G01 X168.310000 Y25.636000 Z-0.125000
G01 X168.706000 Y25.721000 Z-0.125000
G01 X168.932000 Y25.637000 Z-0.125000
G01 X168.819000 Y25.382000 Z-0.125000
G01 X158.306000 Y14.869000 Z-0.125000
G01 X158.193000 Y14.614000 Z-0.125000
G01 X158.419000 Y14.530000 Z-0.125000
G01 X158.814000 Y14.614000 Z-0.125000
G01 X159.210000 Y14.869000 Z-0.125000
G01 X169.724000 Y25.383000 Z-0.125000
G01 X170.120000 Y25.637000 Z-0.125000
G01 X170.516000 Y25.722000 Z-0.125000
G01 X170.742000 Y25.638000 Z-0.125000
G01 X170.629000 Y25.384000 Z-0.125000
G01 X160.114000 Y14.869000 Z-0.125000
G01 X160.001000 Y14.614000 Z-0.125000
G01 X160.227000 Y14.530000 Z-0.125000
G01 X160.623000 Y14.614000 Z-0.125000
G01 X161.019000 Y14.869000 Z-0.125000
G01 X171.534000 Y25.384000 Z-0.125000
G01 X171.930000 Y25.639000 Z-0.125000
G01 X172.326000 Y25.724000 Z-0.125000
G01 X172.552000 Y25.639000 Z-0.125000
G01 X172.439000 Y25.385000 Z-0.125000
G01 X161.923000 Y14.869000 Z-0.125000
G01 X161.810000 Y14.614000 Z-0.125000
G01 X162.036000 Y14.530000 Z-0.125000
G01 X162.432000 Y14.614000 Z-0.125000
G01 X162.827000 Y14.869000 Z-0.125000
G01 X173.344000 Y25.386000 Z-0.125000
G01 X173.740000 Y25.640000 Z-0.125000
G01 X174.136000 Y25.725000 Z-0.125000
G01 X174.362000 Y25.641000 Z-0.125000
G01 X174.249000 Y25.386000 Z-0.125000
G01 X163.731000 Y14.869000 Z-0.125000
G01 X163.618000 Y14.614000 Z-0.125000
G01 X163.845000 Y14.530000 Z-0.125000
G01 X164.240000 Y14.614000 Z-0.125000
G01 X164.636000 Y14.869000 Z-0.125000
G01 X175.154000 Y25.387000 Z-0.125000
G01 X175.550000 Y25.642000 Z-0.125000
G01 X175.946000 Y25.727000 Z-0.125000
G01 X176.172000 Y25.642000 Z-0.125000
G01 X176.059000 Y25.388000 Z-0.125000
G01 X165.540000 Y14.869000 Z-0.125000
G01 X165.427000 Y14.614000 Z-0.125000
G01 X165.653000 Y14.530000 Z-0.125000
G01 X166.049000 Y14.614000 Z-0.125000
G01 X166.444000 Y14.869000 Z-0.125000
G01 X176.964000 Y25.389000 Z-0.125000
G01 X177.360000 Y25.643000 Z-0.125000
G01 X177.756000 Y25.728000 Z-0.125000
G01 X177.982000 Y25.643000 Z-0.125000
G01 X177.869000 Y25.389000 Z-0.125000
G01 X167.349000 Y14.869000 Z-0.125000
G01 X167.236000 Y14.614000 Z-0.125000
G01 X167.462000 Y14.530000 Z-0.125000
G01 X167.857000 Y14.614000 Z-0.125000
G01 X168.253000 Y14.869000 Z-0.125000
G01 X178.774000 Y25.390000 Z-0.125000
G01 X179.170000 Y25.644000 Z-0.125000
G01 X179.566000 Y25.729000 Z-0.125000
G01 X179.792000 Y25.645000 Z-0.125000
G01 X179.679000 Y25.391000 Z-0.125000
G01 X169.157000 Y14.869000 Z-0.125000
G01 X169.044000 Y14.614000 Z-0.125000
G01 X169.270000 Y14.530000 Z-0.125000
G01 X169.666000 Y14.614000 Z-0.125000
G01 X170.062000 Y14.869000 Z-0.125000
G01 X180.584000 Y25.391000 Z-0.125000
G01 X180.980000 Y25.646000 Z-0.125000
G01 X181.376000 Y25.731000 Z-0.125000
G01 X181.602000 Y25.646000 Z-0.125000
G01 X181.489000 Y25.392000 Z-0.125000
G01 X170.966000 Y14.869000 Z-0.125000
G01 X170.853000 Y14.614000 Z-0.125000
G01 X171.079000 Y14.530000 Z-0.125000
G01 X171.475000 Y14.614000 Z-0.125000
G01 X171.870000 Y14.869000 Z-0.125000
G01 X182.394000 Y25.393000 Z-0.125000
G01 X182.790000 Y25.647000 Z-0.125000
G01 X183.186000 Y25.732000 Z-0.125000
G01 X183.412000 Y25.648000 Z-0.125000
G01 X183.299000 Y25.393000 Z-0.125000
G01 X172.775000 Y14.869000 Z-0.125000
G01 X172.661000 Y14.614000 Z-0.125000
G01 X172.888000 Y14.530000 Z-0.125000
G01 X173.283000 Y14.614000 Z-0.125000
G01 X173.679000 Y14.869000 Z-0.125000
G01 X184.204000 Y25.394000 Z-0.125000
G01 X184.600000 Y25.649000 Z-0.125000
G01 X184.996000 Y25.734000 Z-0.125000
G01 X185.222000 Y25.649000 Z-0.125000
G01 X185.109000 Y25.395000 Z-0.125000
G01 X174.583000 Y14.869000 Z-0.125000
G01 X174.470000 Y14.614000 Z-0.125000
G01 X174.696000 Y14.530000 Z-0.125000
G01 X175.092000 Y14.614000 Z-0.125000
G01 X175.487000 Y14.869000 Z-0.125000
G01 X186.014000 Y25.396000 Z-0.125000
G01 X186.410000 Y25.650000 Z-0.125000
G01 X186.806000 Y25.735000 Z-0.125000
G01 X187.032000 Y25.650000 Z-0.125000
G01 X186.919000 Y25.396000 Z-0.125000
G01 X176.392000 Y14.869000 Z-0.125000
G01 X176.279000 Y14.614000 Z-0.125000
G01 X176.505000 Y14.530000 Z-0.125000
G01 X176.900000 Y14.614000 Z-0.125000
G01 X177.296000 Y14.869000 Z-0.125000
G01 X187.824000 Y25.397000 Z-0.125000
G01 X188.220000 Y25.651000 Z-0.125000
G01 X188.616000 Y25.736000 Z-0.125000
G01 X188.842000 Y25.652000 Z-0.125000
G01 X188.729000 Y25.398000 Z-0.125000
G01 X178.200000 Y14.869000 Z-0.125000
G01 X178.087000 Y14.614000 Z-0.125000
G01 X178.313000 Y14.530000 Z-0.125000
G01 X178.709000 Y14.614000 Z-0.125000
G01 X179.105000 Y14.869000 Z-0.125000
G01 X189.634000 Y25.398000 Z-0.125000
G01 X190.030000 Y25.653000 Z-0.125000
G01 X190.426000 Y25.738000 Z-0.125000
G01 X190.652000 Y25.653000 Z-0.125000
G01 X190.539000 Y25.399000 Z-0.125000
G01 X180.009000 Y14.869000 Z-0.125000
G01 X179.896000 Y14.614000 Z-0.125000
G01 X180.122000 Y14.530000 Z-0.125000
G01 X180.518000 Y14.614000 Z-0.125000
G01 X180.913000 Y14.869000 Z-0.125000
G01 X191.444000 Y25.400000 Z-0.125000
G01 X191.840000 Y25.654000 Z-0.125000
G01 X192.236000 Y25.739000 Z-0.125000
G01 X192.462000 Y25.655000 Z-0.125000
G01 X192.349000 Y25.400000 Z-0.125000
G01 X181.818000 Y14.869000 Z-0.125000
G01 X181.705000 Y14.614000 Z-0.125000
G01 X181.931000 Y14.530000 Z-0.125000
G01 X182.326000 Y14.614000 Z-0.125000
G01 X182.722000 Y14.869000 Z-0.125000
G01 X193.254000 Y25.401000 Z-0.125000
G01 X193.650000 Y25.656000 Z-0.125000
G01 X194.046000 Y25.741000 Z-0.125000
G01 X194.272000 Y25.656000 Z-0.125000
G01 X194.159000 Y25.402000 Z-0.125000
G01 X183.626000 Y14.869000 Z-0.125000
G01 X183.513000 Y14.614000 Z-0.125000
G01 X183.739000 Y14.530000 Z-0.125000
G01 X184.135000 Y14.614000 Z-0.125000
G01 X184.530000 Y14.869000 Z-0.125000
G01 X195.064000 Y25.402000 Z-0.125000
G01 X195.460000 Y25.657000 Z-0.125000
G01 X195.856000 Y25.742000 Z-0.125000
G01 X196.082000 Y25.657000 Z-0.125000
G01 X195.969000 Y25.403000 Z-0.125000
G01 X185.435000 Y14.869000 Z-0.125000
G01 X185.322000 Y14.614000 Z-0.125000
G01 X185.548000 Y14.530000 Z-0.125000
G01 X185.943000 Y14.614000 Z-0.125000
G01 X186.339000 Y14.869000 Z-0.125000
G01 X196.874000 Y25.404000 Z-0.125000
G01 X197.270000 Y25.658000 Z-0.125000
G01 X197.666000 Y25.743000 Z-0.125000
G01 X197.892000 Y25.659000 Z-0.125000
G01 X197.779000 Y25.405000 Z-0.125000
G01 X187.243000 Y14.869000 Z-0.125000
G01 X187.130000 Y14.614000 Z-0.125000
G01 X187.356000 Y14.530000 Z-0.125000
G01 X187.752000 Y14.614000 Z-0.125000
G01 X188.148000 Y14.869000 Z-0.125000
G01 X198.684000 Y25.405000 Z-0.125000
G01 X199.080000 Y25.660000 Z-0.125000
G01 X199.476000 Y25.745000 Z-0.125000
G01 X199.702000 Y25.660000 Z-0.125000
G01 X199.589000 Y25.406000 Z-0.125000
G01 X189.052000 Y14.869000 Z-0.125000
G01 X188.939000 Y14.614000 Z-0.125000
G01 X189.165000 Y14.530000 Z-0.125000
G01 X189.561000 Y14.614000 Z-0.125000
G01 X189.956000 Y14.869000 Z-0.125000
G01 X200.494000 Y25.407000 Z-0.125000
G01 X200.890000 Y25.661000 Z-0.125000
G01 X201.286000 Y25.746000 Z-0.125000
G01 X201.512000 Y25.662000 Z-0.125000
G01 X201.399000 Y25.407000 Z-0.125000
G01 X190.861000 Y14.869000 Z-0.125000
G01 X190.748000 Y14.614000 Z-0.125000
G01 X190.974000 Y14.530000 Z-0.125000
G01 X191.369000 Y14.614000 Z-0.125000
G01 X191.765000 Y14.869000 Z-0.125000
G01 X202.191000 Y25.295000 Z-0.125000
G01 X202.445000 Y25.408000 Z-0.125000
G01 X202.530000 Y25.182000 Z-0.125000
G01 X202.445000 Y24.786000 Z-0.125000
G01 X202.191000 Y24.390000 Z-0.125000
G01 X192.669000 Y14.869000 Z-0.125000
G01 X192.556000 Y14.614000 Z-0.125000
G01 X192.782000 Y14.530000 Z-0.125000
G01 X193.178000 Y14.614000 Z-0.125000
G01 X193.574000 Y14.869000 Z-0.125000
G01 X202.191000 Y23.486000 Z-0.125000
G01 X202.445000 Y23.599000 Z-0.125000
G01 X202.530000 Y23.373000 Z-0.125000
G01 X202.445000 Y22.977000 Z-0.125000
G01 X202.191000 Y22.582000 Z-0.125000
G01 X194.478000 Y14.869000 Z-0.125000
G01 X194.365000 Y14.614000 Z-0.125000
G01 X194.591000 Y14.530000 Z-0.125000
G01 X194.986000 Y14.614000 Z-0.125000
G01 X195.382000 Y14.869000 Z-0.125000
G01 X202.191000 Y21.677000 Z-0.125000
G01 X202.445000 Y21.790000 Z-0.125000
G01 X202.530000 Y21.564000 Z-0.125000
G01 X202.445000 Y21.169000 Z-0.125000
G01 X202.191000 Y20.773000 Z-0.125000
G01 X196.286000 Y14.869000 Z-0.125000
G01 X196.173000 Y14.614000 Z-0.125000
G01 X196.399000 Y14.530000 Z-0.125000
G01 X196.795000 Y14.614000 Z-0.125000
G01 X197.191000 Y14.869000 Z-0.125000
G01 X202.191000 Y19.869000 Z-0.125000
G01 X202.445000 Y19.982000 Z-0.125000
G01 X202.530000 Y19.756000 Z-0.125000
G01 X202.445000 Y19.360000 Z-0.125000
G01 X202.191000 Y18.964000 Z-0.125000
G01 X198.095000 Y14.869000 Z-0.125000
G01 X197.982000 Y14.614000 Z-0.125000
G01 X198.208000 Y14.530000 Z-0.125000
G01 X198.604000 Y14.614000 Z-0.125000
G01 X198.999000 Y14.869000 Z-0.125000
G01 X202.191000 Y18.060000 Z-0.125000
G01 X202.445000 Y18.173000 Z-0.125000
G01 X202.530000 Y17.947000 Z-0.125000
G01 X202.445000 Y17.552000 Z-0.125000
G01 X202.191000 Y17.156000 Z-0.125000
G01 X199.904000 Y14.869000 Z-0.125000
G01 X199.791000 Y14.614000 Z-0.125000
G01 X200.017000 Y14.530000 Z-0.125000
G01 X200.412000 Y14.614000 Z-0.125000
G01 X200.808000 Y14.869000 Z-0.125000
G01 X202.191000 Y16.252000 Z-0.125000
G01 X202.445000 Y16.365000 Z-0.125000
G01 X202.530000 Y16.139000 Z-0.125000
G01 X202.445000 Y15.743000 Z-0.125000
G01 X202.191000 Y15.347000 Z-0.125000
G01 X201.499000 Y14.656000 Z-0.125000
G01 X201.546000 Y14.561000 Z-0.125000
G01 X201.825000 Y14.530000 Z-0.125000
G01 X202.404000 Y14.656000 Z-0.125000
G01 X202.530000 Y14.782000 Z-0.125000
G00 Z5.000000

(End cutting path id: path2)


(Start cutting path id: path2)
(Change tool to Default tool)

G00 Z5.000000
G00 X151.581000 Y17.421000

G01 Z-0.125000 F100.0(Penetrate)
G01 X151.682000 Y20.481000 Z-0.125000 F400.000000
G01 X155.189000 Y23.190000 Z-0.125000
G01 X158.696000 Y25.900000 Z-0.125000
G01 X180.702000 Y25.917000 Z-0.125000
G01 X202.708000 Y25.933000 Z-0.125000
G01 X202.708000 Y20.147000 Z-0.125000
G01 X202.708000 Y14.361000 Z-0.125000
G01 X177.094000 Y14.361000 Z-0.125000
G01 X151.480000 Y14.361000 Z-0.125000
G01 X151.581000 Y17.421000 Z-0.125000
G00 Z5.000000

(End cutting path id: path2)


(Start cutting path id: path2)
(Change tool to Default tool)

G00 Z5.000000
G00 X124.028000 Y58.370000

G01 Z-0.125000 F100.0(Penetrate)
G01 X123.739000 Y58.081000 Z-0.125000 F400.000000
G01 X123.559000 Y57.759000 Z-0.125000
G01 X123.565000 Y57.455000 Z-0.125000
G01 X123.716000 Y57.295000 Z-0.125000
G01 X123.968000 Y57.406000 Z-0.125000
G01 X124.593000 Y58.031000 Z-0.125000
G01 X124.989000 Y58.285000 Z-0.125000
G01 X125.385000 Y58.370000 Z-0.125000
G01 X125.611000 Y58.285000 Z-0.125000
G01 X125.498000 Y58.031000 Z-0.125000
G01 X124.280000 Y56.813000 Z-0.125000
G01 X124.069000 Y56.461000 Z-0.125000
G01 X124.081000 Y56.162000 Z-0.125000
G01 X124.263000 Y56.033000 Z-0.125000
G01 X124.561000 Y56.190000 Z-0.125000
G01 X126.402000 Y58.031000 Z-0.125000
G01 X126.798000 Y58.285000 Z-0.125000
G01 X127.193000 Y58.370000 Z-0.125000
G01 X127.419000 Y58.285000 Z-0.125000
G01 X127.306000 Y58.031000 Z-0.125000
G01 X124.855000 Y55.580000 Z-0.125000
G01 X124.648000 Y55.232000 Z-0.125000
G01 X124.668000 Y54.941000 Z-0.125000
G01 X124.858000 Y54.820000 Z-0.125000
G01 X125.160000 Y54.980000 Z-0.125000
G01 X128.211000 Y58.031000 Z-0.125000
G01 X128.606000 Y58.285000 Z-0.125000
G01 X129.002000 Y58.370000 Z-0.125000
G01 X129.228000 Y58.285000 Z-0.125000
G01 X129.115000 Y58.031000 Z-0.125000
G01 X125.474000 Y54.390000 Z-0.125000
G01 X125.270000 Y54.045000 Z-0.125000
G01 X125.297000 Y53.761000 Z-0.125000
G01 X125.493000 Y53.647000 Z-0.125000
G01 X125.799000 Y53.810000 Z-0.125000
G01 X130.019000 Y58.031000 Z-0.125000
G01 X130.415000 Y58.285000 Z-0.125000
G01 X130.810000 Y58.370000 Z-0.125000
G01 X131.036000 Y58.285000 Z-0.125000
G01 X130.923000 Y58.031000 Z-0.125000
G01 X126.127000 Y53.235000 Z-0.125000
G01 X125.925000 Y52.892000 Z-0.125000
G01 X125.956000 Y52.612000 Z-0.125000
G01 X126.157000 Y52.501000 Z-0.125000
G01 X126.464000 Y52.667000 Z-0.125000
G01 X131.828000 Y58.031000 Z-0.125000
G01 X132.223000 Y58.285000 Z-0.125000
G01 X132.619000 Y58.370000 Z-0.125000
G01 X132.845000 Y58.285000 Z-0.125000
G01 X132.732000 Y58.031000 Z-0.125000
G01 X126.809000 Y52.108000 Z-0.125000
G01 X126.610000 Y51.768000 Z-0.125000
G01 X126.647000 Y51.494000 Z-0.125000
G01 X126.854000 Y51.389000 Z-0.125000
G01 X127.163000 Y51.558000 Z-0.125000
G01 X133.636000 Y58.031000 Z-0.125000
G01 X134.032000 Y58.285000 Z-0.125000
G01 X134.428000 Y58.370000 Z-0.125000
G01 X134.654000 Y58.285000 Z-0.125000
G01 X134.541000 Y58.031000 Z-0.125000
G01 X127.527000 Y51.017000 Z-0.125000
G01 X127.331000 Y50.680000 Z-0.125000
G01 X127.375000 Y50.413000 Z-0.125000
G01 X127.589000 Y50.316000 Z-0.125000
G01 X127.902000 Y50.488000 Z-0.125000
G01 X135.445000 Y58.031000 Z-0.125000
G01 X135.841000 Y58.285000 Z-0.125000
G01 X136.236000 Y58.370000 Z-0.125000
G01 X136.462000 Y58.285000 Z-0.125000
G01 X136.349000 Y58.031000 Z-0.125000
G01 X128.291000 Y49.972000 Z-0.125000
G01 X128.099000 Y49.640000 Z-0.125000
G01 X128.154000 Y49.383000 Z-0.125000
G01 X128.377000 Y49.296000 Z-0.125000
G01 X128.695000 Y49.472000 Z-0.125000
G01 X137.254000 Y58.031000 Z-0.125000
G01 X137.649000 Y58.285000 Z-0.125000
G01 X138.045000 Y58.370000 Z-0.125000
G01 X138.271000 Y58.285000 Z-0.125000
G01 X138.158000 Y58.031000 Z-0.125000
G01 X129.111000 Y48.984000 Z-0.125000
G01 X128.924000 Y48.656000 Z-0.125000
G01 X128.986000 Y48.407000 Z-0.125000
G01 X129.218000 Y48.328000 Z-0.125000
G01 X129.539000 Y48.508000 Z-0.125000
G01 X139.101000 Y58.069000 Z-0.125000
G01 X139.490000 Y58.318000 Z-0.125000
G01 X139.873000 Y58.389000 Z-0.125000
G01 X140.086000 Y58.291000 Z-0.125000
G01 X139.966000 Y58.031000 Z-0.125000
G01 X129.978000 Y48.042000 Z-0.125000
G01 X129.793000 Y47.717000 Z-0.125000
G01 X129.863000 Y47.476000 Z-0.125000
G01 X130.102000 Y47.404000 Z-0.125000
G01 X130.427000 Y47.587000 Z-0.125000
G01 X140.871000 Y58.031000 Z-0.125000
G01 X141.266000 Y58.285000 Z-0.125000
G01 X141.662000 Y58.370000 Z-0.125000
G01 X141.888000 Y58.285000 Z-0.125000
G01 X141.775000 Y58.031000 Z-0.125000
G01 X130.888000 Y47.144000 Z-0.125000
G01 X130.708000 Y46.823000 Z-0.125000
G01 X130.786000 Y46.590000 Z-0.125000
G01 X131.034000 Y46.527000 Z-0.125000
G01 X131.363000 Y46.714000 Z-0.125000
G01 X142.679000 Y58.031000 Z-0.125000
G01 X143.075000 Y58.285000 Z-0.125000
G01 X143.471000 Y58.370000 Z-0.125000
G01 X143.697000 Y58.285000 Z-0.125000
G01 X143.584000 Y58.031000 Z-0.125000
G01 X131.848000 Y46.295000 Z-0.125000
G01 X131.671000 Y45.977000 Z-0.125000
G01 X131.757000 Y45.752000 Z-0.125000
G01 X132.012000 Y45.696000 Z-0.125000
G01 X132.344000 Y45.887000 Z-0.125000
G01 X144.488000 Y58.031000 Z-0.125000
G01 X144.884000 Y58.285000 Z-0.125000
G01 X145.279000 Y58.370000 Z-0.125000
G01 X145.505000 Y58.285000 Z-0.125000
G01 X145.392000 Y58.031000 Z-0.125000
G01 X132.850000 Y45.489000 Z-0.125000
G01 X132.676000 Y45.174000 Z-0.125000
G01 X132.769000 Y44.956000 Z-0.125000
G01 X133.032000 Y44.908000 Z-0.125000
G01 X133.367000 Y45.101000 Z-0.125000
G01 X146.297000 Y58.031000 Z-0.125000
G01 X146.692000 Y58.285000 Z-0.125000
G01 X147.088000 Y58.370000 Z-0.125000
G01 X147.314000 Y58.285000 Z-0.125000
G01 X147.201000 Y58.031000 Z-0.125000
G01 X133.897000 Y44.727000 Z-0.125000
G01 X133.727000 Y44.416000 Z-0.125000
G01 X133.828000 Y44.206000 Z-0.125000
G01 X134.099000 Y44.166000 Z-0.125000
G01 X134.438000 Y44.364000 Z-0.125000
G01 X148.105000 Y58.031000 Z-0.125000
G01 X148.501000 Y58.285000 Z-0.125000
G01 X148.896000 Y58.370000 Z-0.125000
G01 X149.123000 Y58.285000 Z-0.125000
G01 X149.010000 Y58.031000 Z-0.125000
G01 X134.989000 Y44.010000 Z-0.125000
G01 X134.822000 Y43.703000 Z-0.125000
G01 X134.931000 Y43.500000 Z-0.125000
G01 X135.208000 Y43.467000 Z-0.125000
G01 X135.550000 Y43.668000 Z-0.125000
G01 X149.914000 Y58.031000 Z-0.125000
G01 X150.309000 Y58.285000 Z-0.125000
G01 X150.705000 Y58.370000 Z-0.125000
G01 X150.931000 Y58.285000 Z-0.125000
G01 X150.818000 Y58.031000 Z-0.125000
G01 X136.122000 Y43.335000 Z-0.125000
G01 X135.959000 Y43.031000 Z-0.125000
G01 X136.075000 Y42.836000 Z-0.125000
G01 X136.361000 Y42.811000 Z-0.125000
G01 X136.706000 Y43.015000 Z-0.125000
G01 X151.722000 Y58.031000 Z-0.125000
G01 X152.118000 Y58.285000 Z-0.125000
G01 X152.514000 Y58.370000 Z-0.125000
G01 X152.740000 Y58.285000 Z-0.125000
G01 X152.627000 Y58.031000 Z-0.125000
G01 X137.302000 Y42.706000 Z-0.125000
G01 X137.142000 Y42.405000 Z-0.125000
G01 X137.266000 Y42.218000 Z-0.125000
G01 X137.559000 Y42.200000 Z-0.125000
G01 X137.908000 Y42.408000 Z-0.125000
G01 X153.531000 Y58.031000 Z-0.125000
G01 X153.927000 Y58.285000 Z-0.125000
G01 X154.322000 Y58.370000 Z-0.125000
G01 X154.548000 Y58.285000 Z-0.125000
G01 X154.435000 Y58.031000 Z-0.125000
G01 X138.524000 Y42.119000 Z-0.125000
G01 X138.367000 Y41.822000 Z-0.125000
G01 X138.498000 Y41.641000 Z-0.125000
G01 X138.798000 Y41.630000 Z-0.125000
G01 X139.150000 Y41.841000 Z-0.125000
G01 X155.340000 Y58.031000 Z-0.125000
G01 X155.627000 Y58.177000 Z-0.125000
G01 X155.783000 Y58.023000 Z-0.125000
G01 X155.771000 Y57.699000 Z-0.125000
G01 X155.549000 Y57.336000 Z-0.125000
G01 X139.788000 Y41.575000 Z-0.125000
G01 X139.635000 Y41.281000 Z-0.125000
G01 X139.774000 Y41.108000 Z-0.125000
G01 X140.082000 Y41.106000 Z-0.125000
G01 X140.438000 Y41.320000 Z-0.125000
G01 X155.549000 Y56.432000 Z-0.125000
G01 X155.803000 Y56.545000 Z-0.125000
G01 X155.888000 Y56.319000 Z-0.125000
G01 X155.803000 Y55.923000 Z-0.125000
G01 X155.549000 Y55.528000 Z-0.125000
G01 X141.098000 Y41.076000 Z-0.125000
G01 X140.948000 Y40.786000 Z-0.125000
G01 X141.094000 Y40.620000 Z-0.125000
G01 X141.409000 Y40.625000 Z-0.125000
G01 X141.768000 Y40.843000 Z-0.125000
G01 X155.549000 Y54.623000 Z-0.125000
G01 X155.803000 Y54.736000 Z-0.125000
G01 X155.888000 Y54.510000 Z-0.125000
G01 X155.803000 Y54.115000 Z-0.125000
G01 X155.549000 Y53.719000 Z-0.125000
G01 X142.449000 Y40.619000 Z-0.125000
G01 X142.303000 Y40.332000 Z-0.125000
G01 X142.456000 Y40.174000 Z-0.125000
G01 X142.779000 Y40.186000 Z-0.125000
G01 X143.141000 Y40.407000 Z-0.125000
G01 X155.549000 Y52.815000 Z-0.125000
G01 X155.803000 Y52.928000 Z-0.125000
G01 X155.888000 Y52.702000 Z-0.125000
G01 X155.803000 Y52.306000 Z-0.125000
G01 X155.549000 Y51.910000 Z-0.125000
G01 X143.846000 Y40.208000 Z-0.125000
G01 X143.704000 Y39.924000 Z-0.125000
G01 X143.865000 Y39.774000 Z-0.125000
G01 X144.196000 Y39.794000 Z-0.125000
G01 X144.562000 Y40.019000 Z-0.125000
G01 X155.549000 Y51.006000 Z-0.125000
G01 X155.803000 Y51.119000 Z-0.125000
G01 X155.888000 Y50.893000 Z-0.125000
G01 X155.803000 Y50.497000 Z-0.125000
G01 X155.549000 Y50.102000 Z-0.125000
G01 X145.288000 Y39.840000 Z-0.125000
G01 X145.149000 Y39.560000 Z-0.125000
G01 X145.317000 Y39.418000 Z-0.125000
G01 X145.655000 Y39.445000 Z-0.125000
G01 X146.024000 Y39.673000 Z-0.125000
G01 X155.549000 Y49.197000 Z-0.125000
G01 X155.803000 Y49.310000 Z-0.125000
G01 X155.888000 Y49.084000 Z-0.125000
G01 X155.803000 Y48.689000 Z-0.125000
G01 X155.549000 Y48.293000 Z-0.125000
G01 X146.771000 Y39.516000 Z-0.125000
G01 X146.636000 Y39.239000 Z-0.125000
G01 X146.813000 Y39.105000 Z-0.125000
G01 X147.159000 Y39.141000 Z-0.125000
G01 X147.533000 Y39.373000 Z-0.125000
G01 X155.548000 Y47.388000 Z-0.125000
G01 X155.802000 Y47.500000 Z-0.125000
G01 X155.886000 Y47.273000 Z-0.125000
G01 X155.800000 Y46.877000 Z-0.125000
G01 X155.545000 Y46.481000 Z-0.125000
G01 X148.304000 Y39.240000 Z-0.125000
G01 X148.172000 Y38.967000 Z-0.125000
G01 X148.357000 Y38.841000 Z-0.125000
G01 X148.711000 Y38.884000 Z-0.125000
G01 X149.088000 Y39.119000 Z-0.125000
G01 X155.541000 Y45.573000 Z-0.125000
G01 X155.795000 Y45.685000 Z-0.125000
G01 X155.877000 Y45.456000 Z-0.125000
G01 X155.790000 Y45.058000 Z-0.125000
G01 X155.534000 Y44.662000 Z-0.125000
G01 X149.882000 Y39.009000 Z-0.125000
G01 X149.750000 Y38.736000 Z-0.125000
G01 X149.935000 Y38.610000 Z-0.125000
G01 X150.289000 Y38.653000 Z-0.125000
G01 X150.665000 Y38.888000 Z-0.125000
G01 X155.527000 Y43.750000 Z-0.125000
G01 X155.779000 Y43.861000 Z-0.125000
G01 X155.860000 Y43.630000 Z-0.125000
G01 X155.770000 Y43.230000 Z-0.125000
G01 X155.514000 Y42.832000 Z-0.125000
G01 X151.505000 Y38.824000 Z-0.125000
G01 X151.381000 Y38.558000 Z-0.125000
G01 X151.582000 Y38.448000 Z-0.125000
G01 X151.953000 Y38.508000 Z-0.125000
G01 X152.337000 Y38.751000 Z-0.125000
G01 X155.500000 Y41.914000 Z-0.125000
G01 X155.751000 Y42.024000 Z-0.125000
G01 X155.829000 Y41.791000 Z-0.125000
G01 X155.737000 Y41.389000 Z-0.125000
G01 X155.480000 Y40.990000 Z-0.125000
G01 X153.172000 Y38.682000 Z-0.125000
G01 X153.049000 Y38.417000 Z-0.125000
G01 X153.252000 Y38.309000 Z-0.125000
G01 X153.624000 Y38.371000 Z-0.125000
G01 X154.009000 Y38.615000 Z-0.125000
G01 X155.455000 Y40.061000 Z-0.125000
G01 X155.705000 Y40.169000 Z-0.125000
G01 X155.778000 Y39.932000 Z-0.125000
G01 X155.683000 Y39.525000 Z-0.125000
G01 X155.423000 Y39.125000 Z-0.125000
G01 X154.695000 Y38.396000 Z-0.125000
G01 X154.683000 Y38.243000 Z-0.125000
G01 X154.920000 Y38.170000 Z-0.125000
G01 X155.522000 Y38.319000 Z-0.125000
G01 X155.710000 Y38.507000 Z-0.125000
G00 Z5.000000

(End cutting path id: path2)


(Start cutting path id: path2)
(Change tool to Default tool)

G00 Z5.000000
G00 X123.101000 Y61.511000

G01 Z-0.125000 F100.0(Penetrate)
G01 X124.865000 Y76.503000 Z-0.125000 F400.000000
G01 X126.845000 Y93.529000 Z-0.125000
G01 X127.060000 Y95.721000 Z-0.125000
G01 X128.587000 Y95.721000 Z-0.125000
G01 X130.115000 Y95.721000 Z-0.125000
G01 X130.115000 Y100.630000 Z-0.125000
G01 X130.115000 Y105.540100 Z-0.125000
G01 X125.172000 Y105.540100 Z-0.125000
G01 X120.230000 Y105.540100 Z-0.125000
G01 X120.383000 Y112.115500 Z-0.125000
G01 X120.637000 Y117.640400 Z-0.125000
G01 X121.123000 Y120.744000 Z-0.125000
G01 X122.322000 Y124.259700 Z-0.125000
G01 X123.854000 Y127.604400 Z-0.125000
G01 X125.689000 Y130.741600 Z-0.125000
G01 X127.797000 Y133.635200 Z-0.125000
G01 X130.150000 Y136.248700 Z-0.125000
G01 X132.717000 Y138.546100 Z-0.125000
G01 X135.469000 Y140.490900 Z-0.125000
G01 X138.377000 Y142.046900 Z-0.125000
G01 X141.256000 Y143.188500 Z-0.125000
G01 X144.184000 Y143.965800 Z-0.125000
G01 X147.513000 Y144.449800 Z-0.125000
G01 X151.595000 Y144.711500 Z-0.125000
G01 X157.118000 Y144.921600 Z-0.125000
G01 X157.118000 Y125.230900 Z-0.125000
G01 X157.118000 Y105.540100 Z-0.125000
G01 X153.085000 Y105.540100 Z-0.125000
G01 X149.052000 Y105.540100 Z-0.125000
G01 X149.052000 Y100.630000 Z-0.125000
G01 X149.052000 Y95.721000 Z-0.125000
G01 X150.581000 Y95.721000 Z-0.125000
G01 X152.109000 Y95.721000 Z-0.125000
G01 X152.500000 Y92.302000 Z-0.125000
G01 X153.611000 Y82.745000 Z-0.125000
G01 X156.066000 Y61.491000 Z-0.125000
G01 X139.583000 Y61.353000 Z-0.125000
G01 X123.101000 Y61.511000 Z-0.125000
G01 X123.101000 Y61.511000 Z-0.125000
G00 Z5.000000

(End cutting path id: path2)


(Start cutting path id: path2)
(Change tool to Default tool)

G00 Z5.000000
G00 X126.735000 Y90.917000

G01 Z-0.125000 F100.0(Penetrate)
G01 X156.603000 Y120.785100 Z-0.125000 F400.000000
G01 X156.857000 Y120.898100 Z-0.125000
G01 X156.942000 Y120.672000 Z-0.125000
G01 X156.857000 Y120.276400 Z-0.125000
G01 X156.603000 Y119.880800 Z-0.125000
G01 X126.956000 Y90.234000 Z-0.125000
G01 X126.683000 Y89.820000 Z-0.125000
G01 X126.558000 Y89.383000 Z-0.125000
G01 X126.602000 Y89.117000 Z-0.125000
G01 X126.838000 Y89.212000 Z-0.125000
G01 X156.603000 Y118.976500 Z-0.125000
G01 X156.857000 Y119.089500 Z-0.125000
G01 X156.942000 Y118.863400 Z-0.125000
G01 X156.857000 Y118.467800 Z-0.125000
G01 X156.603000 Y118.072200 Z-0.125000
G01 X126.720000 Y88.189000 Z-0.125000
G01 X126.447000 Y87.775000 Z-0.125000
G01 X126.321000 Y87.338000 Z-0.125000
G01 X126.365000 Y87.071000 Z-0.125000
G01 X126.601000 Y87.165000 Z-0.125000
G01 X156.603000 Y117.167900 Z-0.125000
G01 X156.858000 Y117.280900 Z-0.125000
G01 X156.942000 Y117.054800 Z-0.125000
G01 X156.858000 Y116.659200 Z-0.125000
G01 X156.603000 Y116.263600 Z-0.125000
G01 X126.480000 Y86.140000 Z-0.125000
G01 X126.207000 Y85.726000 Z-0.125000
G01 X126.080000 Y85.289000 Z-0.125000
G01 X126.124000 Y85.021000 Z-0.125000
G01 X126.359000 Y85.115000 Z-0.125000
G01 X156.603000 Y115.359300 Z-0.125000
G01 X156.858000 Y115.472300 Z-0.125000
G01 X156.942000 Y115.246200 Z-0.125000
G01 X156.858000 Y114.850600 Z-0.125000
G01 X156.603000 Y114.455000 Z-0.125000
G01 X126.238000 Y84.090000 Z-0.125000
G01 X125.965000 Y83.676000 Z-0.125000
G01 X125.839000 Y83.239000 Z-0.125000
G01 X125.882000 Y82.971000 Z-0.125000
G01 X126.118000 Y83.065000 Z-0.125000
G01 X156.603000 Y113.550600 Z-0.125000
G01 X156.858000 Y113.663700 Z-0.125000
G01 X156.942000 Y113.437600 Z-0.125000
G01 X156.858000 Y113.042000 Z-0.125000
G01 X156.603000 Y112.646300 Z-0.125000
G01 X150.014000 Y106.056800 Z-0.125000
G01 X149.901000 Y105.802500 Z-0.125000
G01 X150.127000 Y105.717700 Z-0.125000
G01 X150.522000 Y105.802500 Z-0.125000
G01 X150.918000 Y106.056800 Z-0.125000
G01 X156.603000 Y111.742000 Z-0.125000
G01 X156.858000 Y111.855100 Z-0.125000
G01 X156.942000 Y111.629000 Z-0.125000
G01 X156.858000 Y111.233400 Z-0.125000
G01 X156.603000 Y110.837700 Z-0.125000
G01 X151.822000 Y106.056800 Z-0.125000
G01 X151.709000 Y105.802500 Z-0.125000
G01 X151.935000 Y105.717700 Z-0.125000
G01 X152.331000 Y105.802500 Z-0.125000
G01 X152.727000 Y106.056800 Z-0.125000
G01 X156.603000 Y109.933400 Z-0.125000
G01 X156.858000 Y110.046500 Z-0.125000
G01 X156.942000 Y109.820400 Z-0.125000
G01 X156.858000 Y109.424800 Z-0.125000
G01 X156.603000 Y109.029100 Z-0.125000
G01 X153.631000 Y106.056800 Z-0.125000
G01 X153.518000 Y105.802500 Z-0.125000
G01 X153.744000 Y105.717700 Z-0.125000
G01 X154.140000 Y105.802500 Z-0.125000
G01 X154.535000 Y106.056800 Z-0.125000
G01 X156.603000 Y108.124800 Z-0.125000
G01 X156.858000 Y108.237900 Z-0.125000
G01 X156.942000 Y108.011800 Z-0.125000
G01 X156.858000 Y107.616200 Z-0.125000
G01 X156.603000 Y107.220500 Z-0.125000
G01 X155.439000 Y106.056800 Z-0.125000
G01 X155.326000 Y105.802500 Z-0.125000
G01 X155.553000 Y105.717700 Z-0.125000
G01 X155.948000 Y105.802500 Z-0.125000
G01 X156.344000 Y106.056800 Z-0.125000
G01 X156.942000 Y106.655300 Z-0.125000
G00 Z5.000000

(End cutting path id: path2)


(Start cutting path id: path2)
(Change tool to Default tool)

G00 Z5.000000
G00 X161.628000 Y116.768100

G01 Z-0.125000 F100.0(Penetrate)
G01 X161.050000 Y116.189500 Z-0.125000 F400.000000
G01 X160.796000 Y115.794700 Z-0.125000
G01 X160.713000 Y115.401100 Z-0.125000
G01 X160.800000 Y115.176900 Z-0.125000
G01 X161.055000 Y115.290900 Z-0.125000
G01 X162.200000 Y116.436500 Z-0.125000
G01 X162.597000 Y116.692000 Z-0.125000
G01 X162.995000 Y116.779400 Z-0.125000
G01 X163.224000 Y116.697400 Z-0.125000
G01 X163.112000 Y116.444600 Z-0.125000
G01 X161.060000 Y114.392900 Z-0.125000
G01 X160.807000 Y113.998100 Z-0.125000
G01 X160.724000 Y113.604500 Z-0.125000
G01 X160.811000 Y113.380300 Z-0.125000
G01 X161.065000 Y113.494300 Z-0.125000
G01 X164.023000 Y116.452100 Z-0.125000
G01 X164.420000 Y116.707600 Z-0.125000
G01 X164.818000 Y116.795000 Z-0.125000
G01 X165.047000 Y116.713000 Z-0.125000
G01 X164.935000 Y116.460200 Z-0.125000
G01 X161.071000 Y112.596300 Z-0.125000
G01 X160.818000 Y112.201500 Z-0.125000
G01 X160.735000 Y111.807900 Z-0.125000
G01 X160.821000 Y111.583800 Z-0.125000
G01 X161.076000 Y111.697700 Z-0.125000
G01 X165.846000 Y116.467700 Z-0.125000
G01 X166.243000 Y116.723200 Z-0.125000
G01 X166.641000 Y116.810600 Z-0.125000
G01 X166.870000 Y116.728600 Z-0.125000
G01 X166.758000 Y116.475800 Z-0.125000
G01 X161.082000 Y110.799700 Z-0.125000
G01 X160.828000 Y110.405000 Z-0.125000
G01 X160.745000 Y110.011300 Z-0.125000
G01 X160.832000 Y109.787200 Z-0.125000
G01 X161.087000 Y109.901100 Z-0.125000
G01 X167.669000 Y116.483300 Z-0.125000
G01 X168.066000 Y116.738800 Z-0.125000
G01 X168.464000 Y116.826200 Z-0.125000
G01 X168.693000 Y116.744200 Z-0.125000
G01 X168.581000 Y116.491400 Z-0.125000
G01 X161.092000 Y109.003100 Z-0.125000
G01 X160.839000 Y108.608400 Z-0.125000
G01 X160.756000 Y108.214700 Z-0.125000
G01 X160.843000 Y107.990600 Z-0.125000
G01 X161.097000 Y108.104500 Z-0.125000
G01 X169.492000 Y116.498800 Z-0.125000
G01 X169.889000 Y116.754300 Z-0.125000
G01 X170.287000 Y116.841800 Z-0.125000
G01 X170.515000 Y116.759700 Z-0.125000
G01 X170.404000 Y116.506900 Z-0.125000
G01 X161.103000 Y107.206500 Z-0.125000
G01 X160.850000 Y106.811800 Z-0.125000
G01 X160.767000 Y106.418100 Z-0.125000
G01 X160.853000 Y106.194000 Z-0.125000
G01 X161.108000 Y106.307900 Z-0.125000
G01 X171.340000 Y116.540000 Z-0.125000
G01 X171.733000 Y116.791500 Z-0.125000
G01 X172.122000 Y116.870100 Z-0.125000
G01 X172.342000 Y116.779100 Z-0.125000
G01 X172.226000 Y116.521900 Z-0.125000
G01 X161.117000 Y105.410000 Z-0.125000
G01 X160.863000 Y105.015400 Z-0.125000
G01 X160.781000 Y104.622200 Z-0.125000
G01 X160.868000 Y104.398600 Z-0.125000
G01 X161.124000 Y104.512700 Z-0.125000
G01 X173.140000 Y116.529200 Z-0.125000
G01 X173.537000 Y116.784700 Z-0.125000
G01 X173.935000 Y116.872200 Z-0.125000
G01 X174.164000 Y116.790100 Z-0.125000
G01 X174.052000 Y116.537300 Z-0.125000
G01 X161.130000 Y103.616100 Z-0.125000
G01 X160.877000 Y103.221600 Z-0.125000
G01 X160.795000 Y102.828000 Z-0.125000
G01 X160.882000 Y102.605000 Z-0.125000
G01 X161.137000 Y102.719000 Z-0.125000
G01 X174.963000 Y116.544800 Z-0.125000
G01 X175.360000 Y116.800300 Z-0.125000
G01 X175.758000 Y116.887700 Z-0.125000
G01 X175.987000 Y116.805700 Z-0.125000
G01 X175.875000 Y116.552900 Z-0.125000
G01 X161.147000 Y101.824000 Z-0.125000
G01 X160.894000 Y101.431000 Z-0.125000
G01 X160.814000 Y101.040000 Z-0.125000
G01 X160.904000 Y100.819000 Z-0.125000
G01 X161.160000 Y100.934000 Z-0.125000
G01 X176.787000 Y116.560400 Z-0.125000
G01 X177.184000 Y116.815900 Z-0.125000
G01 X177.582000 Y116.903300 Z-0.125000
G01 X177.811000 Y116.821300 Z-0.125000
G01 X177.699000 Y116.568500 Z-0.125000
G01 X161.174000 Y100.044000 Z-0.125000
G01 X160.922000 Y99.650000 Z-0.125000
G01 X160.841000 Y99.259000 Z-0.125000
G01 X160.931000 Y99.038000 Z-0.125000
G01 X161.187000 Y99.153000 Z-0.125000
G01 X178.610000 Y116.575800 Z-0.125000
G01 X179.007000 Y116.831400 Z-0.125000
G01 X179.405000 Y116.918800 Z-0.125000
G01 X179.634000 Y116.836800 Z-0.125000
G01 X179.522000 Y116.583900 Z-0.125000
G01 X161.212000 Y98.273000 Z-0.125000
G01 X160.962000 Y97.883000 Z-0.125000
G01 X160.888000 Y97.498000 Z-0.125000
G01 X160.983000 Y97.282000 Z-0.125000
G01 X161.243000 Y97.400000 Z-0.125000
G01 X180.434000 Y116.591400 Z-0.125000
G01 X180.831000 Y116.846900 Z-0.125000
G01 X181.229000 Y116.934400 Z-0.125000
G01 X181.458000 Y116.852300 Z-0.125000
G01 X181.346000 Y116.599500 Z-0.125000
G01 X161.284000 Y96.537000 Z-0.125000
G01 X161.038000 Y96.151000 Z-0.125000
G01 X160.973000 Y95.775000 Z-0.125000
G01 X161.077000 Y95.568000 Z-0.125000
G01 X161.341000 Y95.690000 Z-0.125000
G01 X182.258000 Y116.607000 Z-0.125000
G01 X182.558000 Y116.765700 Z-0.125000
G01 X182.743000 Y116.640100 Z-0.125000
G01 X182.758000 Y116.344900 Z-0.125000
G01 X182.550000 Y115.994900 Z-0.125000
G01 X161.421000 Y94.866000 Z-0.125000
G01 X161.184000 Y94.488000 Z-0.125000
G01 X161.138000 Y94.131000 Z-0.125000
G01 X161.262000 Y93.944000 Z-0.125000
G01 X161.534000 Y94.075000 Z-0.125000
G01 X182.622000 Y115.163200 Z-0.125000
G01 X182.897000 Y115.296600 Z-0.125000
G01 X183.027000 Y115.115300 Z-0.125000
G01 X182.987000 Y114.764500 Z-0.125000
G01 X182.753000 Y114.389200 Z-0.125000
G01 X161.688000 Y93.325000 Z-0.125000
G01 X161.467000 Y92.962000 Z-0.125000
G01 X161.455000 Y92.640000 Z-0.125000
G01 X161.613000 Y92.487000 Z-0.125000
G01 X161.901000 Y92.633000 Z-0.125000
G01 X182.928000 Y113.660000 Z-0.125000
G01 X183.213000 Y113.803800 Z-0.125000
G01 X183.365000 Y113.645200 Z-0.125000
G01 X183.348000 Y113.317100 Z-0.125000
G01 X183.124000 Y112.952100 Z-0.125000
G01 X162.156000 Y91.984000 Z-0.125000
G01 X161.948000 Y91.635000 Z-0.125000
G01 X161.964000 Y91.340000 Z-0.125000
G01 X162.149000 Y91.215000 Z-0.125000
G01 X162.450000 Y91.373000 Z-0.125000
G01 X183.339000 Y112.263100 Z-0.125000
G01 X183.630000 Y112.412100 Z-0.125000
G01 X183.793000 Y112.265000 Z-0.125000
G01 X183.788000 Y111.948400 Z-0.125000
G01 X183.569000 Y111.588700 Z-0.125000
G01 X162.763000 Y90.782000 Z-0.125000
G01 X162.563000 Y90.441000 Z-0.125000
G01 X162.598000 Y90.165000 Z-0.125000
G01 X162.802000 Y90.058000 Z-0.125000
G01 X163.110000 Y90.225000 Z-0.125000
G01 X183.811000 Y110.926200 Z-0.125000
G01 X184.105000 Y111.078700 Z-0.125000
G01 X184.276000 Y110.939500 Z-0.125000
G01 X184.279000 Y110.630700 Z-0.125000
G01 X184.064000 Y110.274500 Z-0.125000
G01 X163.493000 Y89.704000 Z-0.125000
G01 X163.303000 Y89.373000 Z-0.125000
G01 X163.360000 Y89.119000 Z-0.125000
G01 X163.587000 Y89.035000 Z-0.125000
G01 X163.906000 Y89.213000 Z-0.125000
G01 X184.326000 Y109.633000 Z-0.125000
G01 X184.623000 Y109.788500 Z-0.125000
G01 X184.802000 Y109.656100 Z-0.125000
G01 X184.811000 Y109.354100 Z-0.125000
G01 X184.599000 Y109.001000 Z-0.125000
G01 X164.344000 Y88.746000 Z-0.125000
G01 X164.162000 Y88.423000 Z-0.125000
G01 X164.235000 Y88.185000 Z-0.125000
G01 X164.478000 Y88.117000 Z-0.125000
G01 X164.804000 Y88.302000 Z-0.125000
G01 X184.880000 Y108.378300 Z-0.125000
G01 X185.180000 Y108.536700 Z-0.125000
G01 X185.365000 Y108.410600 Z-0.125000
G01 X185.380000 Y108.114900 Z-0.125000
G01 X185.171000 Y107.764700 Z-0.125000
G01 X165.284000 Y87.878000 Z-0.125000
G01 X165.108000 Y87.560000 Z-0.125000
G01 X165.195000 Y87.337000 Z-0.125000
G01 X165.452000 Y87.283000 Z-0.125000
G01 X165.784000 Y87.474000 Z-0.125000
G01 X185.475000 Y107.156400 Z-0.125000
G01 X185.777000 Y107.317300 Z-0.125000
G01 X185.967000 Y107.196600 Z-0.125000
G01 X185.987000 Y106.906300 Z-0.125000
G01 X185.781000 Y106.558500 Z-0.125000
G01 X166.307000 Y87.084000 Z-0.125000
G01 X166.137000 Y86.773000 Z-0.125000
G01 X166.238000 Y86.563000 Z-0.125000
G01 X166.508000 Y86.522000 Z-0.125000
G01 X166.847000 Y86.720000 Z-0.125000
G01 X186.101000 Y105.974000 Z-0.125000
G01 X186.408000 Y106.139500 Z-0.125000
G01 X186.608000 Y106.028800 Z-0.125000
G01 X186.638000 Y105.748500 Z-0.125000
G01 X186.436000 Y105.405400 Z-0.125000
G01 X167.408000 Y86.376000 Z-0.125000
G01 X167.244000 Y86.072000 Z-0.125000
G01 X167.360000 Y85.877000 Z-0.125000
G01 X167.646000 Y85.851000 Z-0.125000
G01 X167.991000 Y86.056000 Z-0.125000
G01 X186.786000 Y104.850400 Z-0.125000
G01 X187.098000 Y105.021400 Z-0.125000
G01 X187.310000 Y104.922800 Z-0.125000
G01 X187.353000 Y104.654700 Z-0.125000
G01 X187.157000 Y104.317100 Z-0.125000
G01 X168.600000 Y85.760000 Z-0.125000
G01 X168.445000 Y85.464000 Z-0.125000
G01 X168.581000 Y85.289000 Z-0.125000
G01 X168.886000 Y85.283000 Z-0.125000
G01 X169.240000 Y85.496000 Z-0.125000
G01 X187.548000 Y103.804200 Z-0.125000
G01 X187.867000 Y103.981400 Z-0.125000
G01 X188.093000 Y103.896600 Z-0.125000
G01 X188.149000 Y103.642200 Z-0.125000
G01 X187.959000 Y103.310800 Z-0.125000
G01 X169.918000 Y85.270000 Z-0.125000
G01 X169.779000 Y84.990000 Z-0.125000
G01 X169.949000 Y84.848000 Z-0.125000
G01 X170.288000 Y84.876000 Z-0.125000
G01 X170.658000 Y85.105000 Z-0.125000
G01 X188.380000 Y102.827000 Z-0.125000
G01 X188.702000 Y103.008000 Z-0.125000
G01 X188.936000 Y102.931000 Z-0.125000
G01 X189.000000 Y102.684000 Z-0.125000
G01 X188.813000 Y102.357000 Z-0.125000
G01 X171.459000 Y85.002000 Z-0.125000
G01 X171.336000 Y84.738000 Z-0.125000
G01 X171.540000 Y84.631000 Z-0.125000
G01 X171.913000 Y84.693000 Z-0.125000
G01 X172.298000 Y84.937000 Z-0.125000
G01 X189.256000 Y101.895000 Z-0.125000
G01 X189.580000 Y102.077000 Z-0.125000
G01 X189.818000 Y102.005000 Z-0.125000
G01 X189.887000 Y101.763000 Z-0.125000
G01 X189.702000 Y101.436000 Z-0.125000
G01 X173.159000 Y84.893000 Z-0.125000
G01 X173.041000 Y84.634000 Z-0.125000
G01 X173.255000 Y84.538000 Z-0.125000
G01 X173.640000 Y84.611000 Z-0.125000
G01 X174.030000 Y84.860000 Z-0.125000
G01 X190.156000 Y100.986000 Z-0.125000
G01 X190.482000 Y101.171000 Z-0.125000
G01 X190.726000 Y101.103000 Z-0.125000
G01 X190.799000 Y100.866000 Z-0.125000
G01 X190.617000 Y100.543000 Z-0.125000
G01 X174.909000 Y84.835000 Z-0.125000
G01 X174.793000 Y84.578000 Z-0.125000
G01 X175.013000 Y84.487000 Z-0.125000
G01 X175.403000 Y84.566000 Z-0.125000
G01 X175.796000 Y84.817000 Z-0.125000
G01 X191.086000 Y100.108000 Z-0.125000
G01 X191.415000 Y100.295000 Z-0.125000
G01 X191.664000 Y100.234000 Z-0.125000
G01 X191.744000 Y100.002000 Z-0.125000
G01 X191.564000 Y99.681000 Z-0.125000
G01 X176.684000 Y84.801000 Z-0.125000
G01 X176.569000 Y84.545000 Z-0.125000
G01 X176.791000 Y84.456000 Z-0.125000
G01 X177.183000 Y84.537000 Z-0.125000
G01 X177.577000 Y84.790000 Z-0.125000
G01 X192.051000 Y99.264000 Z-0.125000
G01 X192.383000 Y99.455000 Z-0.125000
G01 X192.638000 Y99.399000 Z-0.125000
G01 X192.724000 Y99.174000 Z-0.125000
G01 X192.547000 Y98.856000 Z-0.125000
G01 X178.471000 Y84.780000 Z-0.125000
G01 X178.357000 Y84.525000 Z-0.125000
G01 X178.580000 Y84.437000 Z-0.125000
G01 X178.973000 Y84.519000 Z-0.125000
G01 X179.367000 Y84.772000 Z-0.125000
G01 X193.054000 Y98.458000 Z-0.125000
G01 X193.389000 Y98.652000 Z-0.125000
G01 X193.651000 Y98.604000 Z-0.125000
G01 X193.744000 Y98.386000 Z-0.125000
G01 X193.571000 Y98.071000 Z-0.125000
G01 X180.266000 Y84.766000 Z-0.125000
G01 X180.152000 Y84.511000 Z-0.125000
G01 X180.376000 Y84.424000 Z-0.125000
G01 X180.769000 Y84.507000 Z-0.125000
G01 X181.164000 Y84.761000 Z-0.125000
G01 X194.099000 Y97.696000 Z-0.125000
G01 X194.438000 Y97.894000 Z-0.125000
G01 X194.709000 Y97.854000 Z-0.125000
G01 X194.810000 Y97.644000 Z-0.125000
G01 X194.640000 Y97.333000 Z-0.125000
G01 X182.064000 Y84.757000 Z-0.125000
G01 X181.951000 Y84.502000 Z-0.125000
G01 X182.176000 Y84.417000 Z-0.125000
G01 X182.571000 Y84.501000 Z-0.125000
G01 X182.967000 Y84.756000 Z-0.125000
G01 X195.192000 Y96.982000 Z-0.125000
G01 X195.535000 Y97.184000 Z-0.125000
G01 X195.815000 Y97.153000 Z-0.125000
G01 X195.926000 Y96.952000 Z-0.125000
G01 X195.760000 Y96.645000 Z-0.125000
G01 X183.869000 Y84.754000 Z-0.125000
G01 X183.756000 Y84.499000 Z-0.125000
G01 X183.981000 Y84.414000 Z-0.125000
G01 X184.376000 Y84.498000 Z-0.125000
G01 X184.771000 Y84.753000 Z-0.125000
G01 X196.342000 Y96.323000 Z-0.125000
G01 X196.689000 Y96.530000 Z-0.125000
G01 X196.979000 Y96.508000 Z-0.125000
G01 X197.099000 Y96.318000 Z-0.125000
G01 X196.938000 Y96.015000 Z-0.125000
G01 X185.674000 Y84.750000 Z-0.125000
G01 X185.560000 Y84.495000 Z-0.125000
G01 X185.786000 Y84.410000 Z-0.125000
G01 X186.181000 Y84.494000 Z-0.125000
G01 X186.576000 Y84.749000 Z-0.125000
G01 X197.549000 Y95.722000 Z-0.125000
G01 X197.902000 Y95.933000 Z-0.125000
G01 X198.202000 Y95.923000 Z-0.125000
G01 X198.333000 Y95.743000 Z-0.125000
G01 X198.177000 Y95.445000 Z-0.125000
G01 X187.478000 Y84.747000 Z-0.125000
G01 X187.365000 Y84.492000 Z-0.125000
G01 X187.590000 Y84.407000 Z-0.125000
G01 X187.985000 Y84.491000 Z-0.125000
G01 X188.381000 Y84.746000 Z-0.125000
G01 X198.820000 Y95.186000 Z-0.125000
G01 X199.178000 Y95.402000 Z-0.125000
G01 X199.490000 Y95.403000 Z-0.125000
G01 X199.632000 Y95.234000 Z-0.125000
G01 X199.481000 Y94.942000 Z-0.125000
G01 X189.285000 Y84.746000 Z-0.125000
G01 X189.172000 Y84.492000 Z-0.125000
G01 X189.398000 Y84.407000 Z-0.125000
G01 X189.794000 Y84.492000 Z-0.125000
G01 X190.190000 Y84.747000 Z-0.125000
G01 X200.161000 Y94.718000 Z-0.125000
G01 X200.524000 Y94.940000 Z-0.125000
G01 X200.849000 Y94.954000 Z-0.125000
G01 X201.004000 Y94.798000 Z-0.125000
G01 X200.859000 Y94.512000 Z-0.125000
G01 X191.095000 Y84.747000 Z-0.125000
G01 X190.982000 Y84.493000 Z-0.125000
G01 X191.208000 Y84.408000 Z-0.125000
G01 X191.604000 Y84.493000 Z-0.125000
G01 X192.000000 Y84.748000 Z-0.125000
G01 X201.575000 Y94.324000 Z-0.125000
G01 X201.944000 Y94.551000 Z-0.125000
G01 X202.282000 Y94.578000 Z-0.125000
G01 X202.449000 Y94.434000 Z-0.125000
G01 X202.309000 Y94.153000 Z-0.125000
G01 X192.904000 Y84.748000 Z-0.125000
G01 X192.791000 Y84.494000 Z-0.125000
G01 X193.018000 Y84.409000 Z-0.125000
G01 X193.413000 Y84.494000 Z-0.125000
G01 X193.809000 Y84.749000 Z-0.125000
G01 X203.066000 Y94.006000 Z-0.125000
G01 X203.441000 Y94.240000 Z-0.125000
G01 X203.793000 Y94.280000 Z-0.125000
G01 X203.975000 Y94.151000 Z-0.125000
G01 X203.841000 Y93.877000 Z-0.125000
G01 X194.714000 Y84.749000 Z-0.125000
G01 X194.601000 Y84.495000 Z-0.125000
G01 X194.827000 Y84.411000 Z-0.125000
G01 X195.223000 Y84.496000 Z-0.125000
G01 X195.619000 Y84.750000 Z-0.125000
G01 X204.636000 Y93.767000 Z-0.125000
G01 X205.017000 Y94.007000 Z-0.125000
G01 X205.381000 Y94.060000 Z-0.125000
G01 X205.576000 Y93.944000 Z-0.125000
G01 X205.449000 Y93.676000 Z-0.125000
G01 X196.524000 Y84.751000 Z-0.125000
G01 X196.411000 Y84.496000 Z-0.125000
G01 X196.637000 Y84.412000 Z-0.125000
G01 X197.033000 Y84.497000 Z-0.125000
G01 X197.429000 Y84.751000 Z-0.125000
G01 X206.284000 Y93.607000 Z-0.125000
G01 X206.672000 Y93.853000 Z-0.125000
G01 X207.050000 Y93.920000 Z-0.125000
G01 X207.259000 Y93.818000 Z-0.125000
G01 X207.138000 Y93.556000 Z-0.125000
G01 X198.334000 Y84.752000 Z-0.125000
G01 X198.221000 Y84.498000 Z-0.125000
G01 X198.448000 Y84.414000 Z-0.125000
G01 X198.844000 Y84.499000 Z-0.125000
G01 X199.240000 Y84.753000 Z-0.125000
G01 X208.011000 Y93.524000 Z-0.125000
G01 X208.404000 Y93.776000 Z-0.125000
G01 X208.795000 Y93.856000 Z-0.125000
G01 X209.016000 Y93.767000 Z-0.125000
G01 X208.901000 Y93.510000 Z-0.125000
G01 X200.146000 Y84.755000 Z-0.125000
G01 X200.033000 Y84.501000 Z-0.125000
G01 X200.259000 Y84.416000 Z-0.125000
G01 X200.656000 Y84.502000 Z-0.125000
G01 X201.052000 Y84.756000 Z-0.125000
G01 X209.814000 Y93.518000 Z-0.125000
G01 X210.215000 Y93.778000 Z-0.125000
G01 X210.624000 Y93.876000 Z-0.125000
G01 X210.862000 Y93.804000 Z-0.125000
G01 X210.755000 Y93.555000 Z-0.125000
G01 X201.957000 Y84.757000 Z-0.125000
G01 X201.845000 Y84.503000 Z-0.125000
G01 X202.071000 Y84.419000 Z-0.125000
G01 X202.467000 Y84.504000 Z-0.125000
G01 X202.863000 Y84.758000 Z-0.125000
G01 X211.763000 Y93.658000 Z-0.125000
G01 X212.172000 Y93.926000 Z-0.125000
G01 X212.596000 Y94.039000 Z-0.125000
G01 X212.851000 Y93.983000 Z-0.125000
G01 X212.751000 Y93.742000 Z-0.125000
G01 X203.769000 Y84.760000 Z-0.125000
G01 X203.656000 Y84.506000 Z-0.125000
G01 X203.883000 Y84.421000 Z-0.125000
G01 X204.279000 Y84.507000 Z-0.125000
G01 X204.675000 Y84.761000 Z-0.125000
G01 X213.835000 Y93.921000 Z-0.125000
G01 X214.749000 Y94.383000 Z-0.125000
G01 X215.060000 Y94.383000 Z-0.125000
G01 X214.985000 Y94.167000 Z-0.125000
G01 X205.581000 Y84.762000 Z-0.125000
G01 X205.468000 Y84.508000 Z-0.125000
G01 X205.694000 Y84.424000 Z-0.125000
G01 X206.091000 Y84.509000 Z-0.125000
G01 X206.487000 Y84.763000 Z-0.125000
G01 X216.246000 Y94.523000 Z-0.125000
G01 X217.273000 Y95.098000 Z-0.125000
G01 X217.662000 Y95.175000 Z-0.125000
G01 X217.622000 Y94.995000 Z-0.125000
G01 X207.392000 Y84.765000 Z-0.125000
G01 X207.280000 Y84.511000 Z-0.125000
G01 X207.506000 Y84.426000 Z-0.125000
G01 X207.902000 Y84.512000 Z-0.125000
G01 X208.298000 Y84.766000 Z-0.125000
G01 X219.490000 Y95.957000 Z-0.125000
G00 Z5.000000

(End cutting path id: path2)


(Start cutting path id: path2)
(Change tool to Default tool)

G00 Z5.000000
G00 X160.697000 Y133.507600

G01 Z-0.125000 F100.0(Penetrate)
G01 X160.800000 Y146.746200 Z-0.125000 F400.000000
G01 X161.789000 Y148.624400 Z-0.125000
G01 X162.930000 Y150.395800 Z-0.125000
G01 X164.384000 Y152.021400 Z-0.125000
G01 X166.071000 Y153.424600 Z-0.125000
G01 X167.913000 Y154.528800 Z-0.125000
G01 X169.918000 Y155.513400 Z-0.125000
G01 X208.845000 Y155.513400 Z-0.125000
G01 X247.771000 Y155.513400 Z-0.125000
G01 X250.162000 Y154.313700 Z-0.125000
G01 X251.609000 Y153.482300 Z-0.125000
G01 X252.887000 Y152.523600 Z-0.125000
G01 X253.998000 Y151.436100 Z-0.125000
G01 X254.943000 Y150.217900 Z-0.125000
G01 X255.722000 Y148.867300 Z-0.125000
G01 X256.337000 Y147.382700 Z-0.125000
G01 X256.789000 Y145.762200 Z-0.125000
G01 X257.080000 Y144.004300 Z-0.125000
G01 X257.314000 Y138.913200 Z-0.125000
G01 X257.412000 Y130.702100 Z-0.125000
G01 X257.415000 Y120.269100 Z-0.125000
G01 X246.264000 Y120.269100 Z-0.125000
G01 X235.113000 Y120.269100 Z-0.125000
G01 X234.724000 Y123.352800 Z-0.125000
G01 X234.264000 Y125.911700 Z-0.125000
G01 X233.544000 Y128.400200 Z-0.125000
G01 X232.573000 Y130.802900 Z-0.125000
G01 X231.360000 Y133.104100 Z-0.125000
G01 X229.914000 Y135.288300 Z-0.125000
G01 X228.246000 Y137.339900 Z-0.125000
G01 X226.363000 Y139.243400 Z-0.125000
G01 X224.275000 Y140.983200 Z-0.125000
G01 X221.330000 Y142.868200 Z-0.125000
G01 X218.108000 Y144.314800 Z-0.125000
G01 X214.690000 Y145.316000 Z-0.125000
G01 X211.153000 Y145.864600 Z-0.125000
G01 X207.577000 Y145.953600 Z-0.125000
G01 X204.040000 Y145.575900 Z-0.125000
G01 X200.621000 Y144.724600 Z-0.125000
G01 X197.399000 Y143.392400 Z-0.125000
G01 X194.515000 Y141.688900 Z-0.125000
G01 X191.885000 Y139.657000 Z-0.125000
G01 X189.535000 Y137.333700 Z-0.125000
G01 X187.492000 Y134.755500 Z-0.125000
G01 X185.780000 Y131.959400 Z-0.125000
G01 X184.425000 Y128.981900 Z-0.125000
G01 X183.453000 Y125.860000 Z-0.125000
G01 X182.890000 Y122.630400 Z-0.125000
G01 X182.637000 Y120.269100 Z-0.125000
G01 X171.615000 Y120.269100 Z-0.125000
G01 X160.594000 Y120.269100 Z-0.125000
G01 X160.697000 Y133.507600 Z-0.125000
G00 Z5.000000

(End cutting path id: path2)


(Start cutting path id: path2)
(Change tool to Default tool)

G00 Z5.000000
G00 X132.613000 Y138.394800

G01 Z-0.125000 F100.0(Penetrate)
G01 X127.953000 Y133.734100 Z-0.125000 F400.000000
G00 Z5.000000

(End cutting path id: path2)


(Start cutting path id: path2)
(Change tool to Default tool)

G00 Z5.000000
G00 X125.912000 Y130.789000

G01 Z-0.125000 F100.0(Penetrate)
G01 X135.407000 Y140.283800 Z-0.125000 F400.000000
G00 Z5.000000

(End cutting path id: path2)


(Start cutting path id: path2)
(Change tool to Default tool)

G00 Z5.000000
G00 X124.498000 Y128.470600

G01 Z-0.125000 F100.0(Penetrate)
G01 X137.208000 Y141.180700 Z-0.125000 F400.000000
G01 X138.327000 Y141.848000 Z-0.125000
G01 X138.779000 Y141.988900 Z-0.125000
G01 X138.850000 Y141.957300 Z-0.125000
G01 X138.769000 Y141.837100 Z-0.125000
G01 X123.907000 Y126.975500 Z-0.125000
G01 X123.189000 Y125.805800 Z-0.125000
G01 X123.014000 Y125.319500 Z-0.125000
G01 X123.034000 Y125.237300 Z-0.125000
G01 X123.150000 Y125.314300 Z-0.125000
G01 X140.271000 Y142.435200 Z-0.125000
G01 X141.289000 Y143.001900 Z-0.125000
G01 X141.672000 Y143.073600 Z-0.125000
G01 X141.630000 Y142.890400 Z-0.125000
G01 X122.542000 Y123.802300 Z-0.125000
G01 X121.962000 Y122.770000 Z-0.125000
G01 X121.881000 Y122.378200 Z-0.125000
G01 X122.060000 Y122.415900 Z-0.125000
G01 X142.970000 Y143.325600 Z-0.125000
G01 X143.389000 Y143.604100 Z-0.125000
G01 X143.838000 Y143.742100 Z-0.125000
G01 X144.117000 Y143.710500 Z-0.125000
G01 X144.029000 Y143.480300 Z-0.125000
G01 X121.651000 Y121.102400 Z-0.125000
G01 X121.156000 Y120.156000 Z-0.125000
G01 X121.135000 Y119.823200 Z-0.125000
G01 X121.340000 Y119.887800 Z-0.125000
G01 X145.124000 Y143.671500 Z-0.125000
G01 X145.544000 Y143.950600 Z-0.125000
G01 X145.995000 Y144.089900 Z-0.125000
G01 X146.275000 Y144.059500 Z-0.125000
G01 X146.187000 Y143.830000 Z-0.125000
G01 X121.246000 Y118.889000 Z-0.125000
G01 X120.976000 Y118.478100 Z-0.125000
G01 X120.858000 Y118.048700 Z-0.125000
G01 X120.909000 Y117.788900 Z-0.125000
G01 X121.148000 Y117.886700 Z-0.125000
G01 X147.196000 Y143.934300 Z-0.125000
G01 X147.605000 Y144.202300 Z-0.125000
G01 X148.030000 Y144.317100 Z-0.125000
G01 X148.287000 Y144.262400 Z-0.125000
G01 X148.187000 Y144.021700 Z-0.125000
G01 X121.075000 Y116.909400 Z-0.125000
G01 X120.813000 Y116.505800 Z-0.125000
G01 X120.710000 Y116.092500 Z-0.125000
G01 X120.777000 Y115.848800 Z-0.125000
G01 X121.024000 Y115.953900 Z-0.125000
G01 X149.160000 Y144.090500 Z-0.125000
G01 X149.564000 Y144.353400 Z-0.125000
G01 X149.979000 Y144.456900 Z-0.125000
G01 X150.224000 Y144.390800 Z-0.125000
G01 X150.119000 Y144.145000 Z-0.125000
G01 X120.981000 Y115.007100 Z-0.125000
G01 X120.721000 Y114.605800 Z-0.125000
G01 X120.624000 Y114.197800 Z-0.125000
G01 X120.696000 Y113.959300 Z-0.125000
G01 X120.945000 Y114.066700 Z-0.125000
G01 X151.065000 Y144.186300 Z-0.125000
G01 X151.466000 Y144.446400 Z-0.125000
G01 X151.874000 Y144.543800 Z-0.125000
G01 X152.113000 Y144.471700 Z-0.125000
G01 X152.006000 Y144.223200 Z-0.125000
G01 X120.919000 Y113.136500 Z-0.125000
G01 X120.661000 Y112.737000 Z-0.125000
G01 X120.568000 Y112.332900 Z-0.125000
G01 X120.644000 Y112.098300 Z-0.125000
G01 X120.895000 Y112.207500 Z-0.125000
G01 X152.946000 Y144.259000 Z-0.125000
G01 X153.347000 Y144.518900 Z-0.125000
G01 X153.755000 Y144.615900 Z-0.125000
G01 X153.994000 Y144.543500 Z-0.125000
G01 X153.886000 Y144.294700 Z-0.125000
G01 X120.873000 Y111.281500 Z-0.125000
G01 X120.615000 Y110.882500 Z-0.125000
G01 X120.523000 Y110.479400 Z-0.125000
G01 X120.600000 Y110.245900 Z-0.125000
G01 X120.851000 Y110.355600 Z-0.125000
G01 X154.826000 Y144.330500 Z-0.125000
G01 X155.227000 Y144.590400 Z-0.125000
G01 X155.635000 Y144.687500 Z-0.125000
G01 X155.874000 Y144.615000 Z-0.125000
G01 X155.766000 Y144.366300 Z-0.125000
G01 X120.830000 Y109.429600 Z-0.125000
G01 X120.572000 Y109.030600 Z-0.125000
G01 X120.480000 Y108.627500 Z-0.125000
G01 X120.557000 Y108.394000 Z-0.125000
G01 X120.808000 Y108.503700 Z-0.125000
G01 X156.601000 Y144.297000 Z-0.125000
G01 X156.856000 Y144.410000 Z-0.125000
G01 X156.940000 Y144.183900 Z-0.125000
G01 X156.856000 Y143.788300 Z-0.125000
G01 X156.601000 Y143.392700 Z-0.125000
G01 X120.786000 Y107.577700 Z-0.125000
G01 X120.529000 Y107.178700 Z-0.125000
G01 X120.436000 Y106.775700 Z-0.125000
G01 X120.514000 Y106.542100 Z-0.125000
G01 X120.765000 Y106.651800 Z-0.125000
G01 X156.601000 Y142.488400 Z-0.125000
G01 X156.856000 Y142.601400 Z-0.125000
G01 X156.940000 Y142.375300 Z-0.125000
G01 X156.856000 Y141.979700 Z-0.125000
G01 X156.601000 Y141.584100 Z-0.125000
G01 X121.074000 Y106.056800 Z-0.125000
G01 X120.961000 Y105.802500 Z-0.125000
G01 X121.187000 Y105.717700 Z-0.125000
G01 X121.583000 Y105.802500 Z-0.125000
G01 X121.978000 Y106.056800 Z-0.125000
G01 X156.601000 Y140.679700 Z-0.125000
G01 X156.856000 Y140.792800 Z-0.125000
G01 X156.940000 Y140.566700 Z-0.125000
G01 X156.856000 Y140.171100 Z-0.125000
G01 X156.601000 Y139.775400 Z-0.125000
G01 X122.883000 Y106.056800 Z-0.125000
G01 X122.770000 Y105.802500 Z-0.125000
G01 X122.996000 Y105.717700 Z-0.125000
G01 X123.391000 Y105.802500 Z-0.125000
G01 X123.787000 Y106.056800 Z-0.125000
G01 X156.601000 Y138.871100 Z-0.125000
G01 X156.856000 Y138.984200 Z-0.125000
G01 X156.940000 Y138.758100 Z-0.125000
G01 X156.856000 Y138.362500 Z-0.125000
G01 X156.601000 Y137.966800 Z-0.125000
G01 X124.691000 Y106.056800 Z-0.125000
G01 X124.578000 Y105.802500 Z-0.125000
G01 X124.804000 Y105.717700 Z-0.125000
G01 X125.200000 Y105.802500 Z-0.125000
G01 X125.596000 Y106.056800 Z-0.125000
G01 X156.601000 Y137.062500 Z-0.125000
G01 X156.856000 Y137.175600 Z-0.125000
G01 X156.940000 Y136.949500 Z-0.125000
G01 X156.856000 Y136.553900 Z-0.125000
G01 X156.601000 Y136.158200 Z-0.125000
G01 X126.500000 Y106.056800 Z-0.125000
G01 X126.387000 Y105.802500 Z-0.125000
G01 X126.613000 Y105.717700 Z-0.125000
G01 X127.008000 Y105.802500 Z-0.125000
G01 X127.404000 Y106.056800 Z-0.125000
G01 X156.601000 Y135.253900 Z-0.125000
G01 X156.856000 Y135.367000 Z-0.125000
G01 X156.940000 Y135.140900 Z-0.125000
G01 X156.856000 Y134.745300 Z-0.125000
G01 X156.601000 Y134.349600 Z-0.125000
G01 X128.308000 Y106.056800 Z-0.125000
G01 X128.195000 Y105.802500 Z-0.125000
G01 X128.421000 Y105.717700 Z-0.125000
G01 X128.817000 Y105.802500 Z-0.125000
G01 X129.213000 Y106.056800 Z-0.125000
G01 X156.601000 Y133.445300 Z-0.125000
G01 X156.856000 Y133.558400 Z-0.125000
G01 X156.940000 Y133.332300 Z-0.125000
G01 X156.856000 Y132.936700 Z-0.125000
G01 X156.601000 Y132.541000 Z-0.125000
G01 X130.117000 Y106.056800 Z-0.125000
G01 X129.943000 Y105.741600 Z-0.125000
G01 X130.035000 Y105.522800 Z-0.125000
G01 X130.297000 Y105.473600 Z-0.125000
G01 X130.632000 Y105.667100 Z-0.125000
G01 X156.601000 Y131.636700 Z-0.125000
G01 X156.856000 Y131.749700 Z-0.125000
G01 X156.940000 Y131.523700 Z-0.125000
G01 X156.856000 Y131.128000 Z-0.125000
G01 X156.601000 Y130.732400 Z-0.125000
G01 X130.632000 Y104.762800 Z-0.125000
G01 X130.377000 Y104.367100 Z-0.125000
G01 X130.292000 Y103.971500 Z-0.125000
G01 X130.377000 Y103.745400 Z-0.125000
G01 X130.632000 Y103.858500 Z-0.125000
G01 X156.601000 Y129.828100 Z-0.125000
G01 X156.856000 Y129.941100 Z-0.125000
G01 X156.940000 Y129.715100 Z-0.125000
G01 X156.856000 Y129.319400 Z-0.125000
G01 X156.601000 Y128.923800 Z-0.125000
G01 X130.632000 Y102.954000 Z-0.125000
G01 X130.377000 Y102.559000 Z-0.125000
G01 X130.292000 Y102.163000 Z-0.125000
G01 X130.377000 Y101.937000 Z-0.125000
G01 X130.632000 Y102.050000 Z-0.125000
G01 X156.601000 Y128.019500 Z-0.125000
G01 X156.856000 Y128.132500 Z-0.125000
G01 X156.940000 Y127.906500 Z-0.125000
G01 X156.856000 Y127.510800 Z-0.125000
G01 X156.601000 Y127.115200 Z-0.125000
G01 X130.581000 Y101.095000 Z-0.125000
G01 X130.334000 Y100.707000 Z-0.125000
G01 X130.267000 Y100.329000 Z-0.125000
G01 X130.369000 Y100.120000 Z-0.125000
G01 X130.632000 Y100.241000 Z-0.125000
G01 X156.601000 Y126.210900 Z-0.125000
G01 X156.856000 Y126.323900 Z-0.125000
G01 X156.940000 Y126.097900 Z-0.125000
G01 X156.856000 Y125.702200 Z-0.125000
G01 X156.601000 Y125.306600 Z-0.125000
G01 X130.632000 Y99.337000 Z-0.125000
G01 X130.377000 Y98.941000 Z-0.125000
G01 X130.292000 Y98.546000 Z-0.125000
G01 X130.377000 Y98.320000 Z-0.125000
G01 X130.632000 Y98.433000 Z-0.125000
G01 X156.601000 Y124.402300 Z-0.125000
G01 X156.856000 Y124.515300 Z-0.125000
G01 X156.940000 Y124.289300 Z-0.125000
G01 X156.856000 Y123.893600 Z-0.125000
G01 X156.601000 Y123.498000 Z-0.125000
G01 X130.632000 Y97.528000 Z-0.125000
G01 X130.377000 Y97.133000 Z-0.125000
G01 X130.292000 Y96.737000 Z-0.125000
G01 X130.377000 Y96.511000 Z-0.125000
G01 X130.632000 Y96.624000 Z-0.125000
G01 X156.601000 Y122.593700 Z-0.125000
G01 X156.856000 Y122.706700 Z-0.125000
G01 X156.940000 Y122.480600 Z-0.125000
G01 X156.856000 Y122.085000 Z-0.125000
G01 X156.601000 Y121.689400 Z-0.125000
G01 X127.187000 Y92.275000 Z-0.125000
G01 X126.950000 Y92.180000 Z-0.125000
G01 X126.904000 Y92.444000 Z-0.125000
G01 X127.027000 Y92.878000 Z-0.125000
G01 X127.299000 Y93.291000 Z-0.125000
G01 X129.212000 Y95.204000 Z-0.125000
G01 X129.325000 Y95.458000 Z-0.125000
G01 X129.099000 Y95.543000 Z-0.125000
G01 X128.703000 Y95.458000 Z-0.125000
G01 X128.307000 Y95.204000 Z-0.125000
G01 X127.355000 Y94.251000 Z-0.125000
G01 X127.153000 Y94.191000 Z-0.125000
G01 X127.115000 Y94.464000 Z-0.125000
G01 X127.221000 Y94.881000 Z-0.125000
G01 X127.453000 Y95.254000 Z-0.125000
G01 X127.742000 Y95.543000 Z-0.125000
G00 Z5.000000

(End cutting path id: path2)


(Start cutting path id: path2)
(Change tool to Default tool)

G00 Z5.000000
G00 X103.462000 Y109.933600

G01 Z-0.125000 F100.0(Penetrate)
G01 X103.462000 Y114.327200 Z-0.125000 F400.000000
G01 X108.284000 Y114.229500 Z-0.125000
G01 X113.106000 Y114.131900 Z-0.125000
G01 X113.205000 Y109.836000 Z-0.125000
G01 X113.303000 Y105.540000 Z-0.125000
G01 X108.383000 Y105.540000 Z-0.125000
G01 X103.462000 Y105.540000 Z-0.125000
G01 X103.462000 Y109.933600 Z-0.125000
G00 Z5.000000

(End cutting path id: path2)


(Start cutting path id: path2)
(Change tool to Default tool)

G00 Z5.000000
G00 X103.640000 Y113.943200

G01 Z-0.125000 F100.0(Penetrate)
G01 X103.739000 Y114.042400 Z-0.125000 F400.000000
G01 X104.282000 Y114.132700 Z-0.125000
G01 X104.626000 Y114.024500 Z-0.125000
G01 X103.979000 Y113.377900 Z-0.125000
G01 X103.725000 Y112.982300 Z-0.125000
G01 X103.640000 Y112.586700 Z-0.125000
G01 X103.725000 Y112.360600 Z-0.125000
G01 X103.979000 Y112.473600 Z-0.125000
G01 X105.272000 Y113.766700 Z-0.125000
G01 X105.665000 Y114.018200 Z-0.125000
G01 X106.054000 Y114.096800 Z-0.125000
G01 X106.274000 Y114.005800 Z-0.125000
G01 X106.158000 Y113.748700 Z-0.125000
G01 X103.979000 Y111.569300 Z-0.125000
G01 X103.725000 Y111.173600 Z-0.125000
G01 X103.640000 Y110.778000 Z-0.125000
G01 X103.725000 Y110.551900 Z-0.125000
G01 X103.979000 Y110.665000 Z-0.125000
G01 X107.045000 Y113.730700 Z-0.125000
G01 X107.438000 Y113.982300 Z-0.125000
G01 X107.827000 Y114.060900 Z-0.125000
G01 X108.047000 Y113.969900 Z-0.125000
G01 X107.931000 Y113.712700 Z-0.125000
G01 X103.979000 Y109.760600 Z-0.125000
G01 X103.725000 Y109.365000 Z-0.125000
G01 X103.640000 Y108.969400 Z-0.125000
G01 X103.725000 Y108.743300 Z-0.125000
G01 X103.979000 Y108.856300 Z-0.125000
G01 X108.818000 Y113.694800 Z-0.125000
G01 X109.210000 Y113.946300 Z-0.125000
G01 X109.600000 Y114.024900 Z-0.125000
G01 X109.820000 Y113.934000 Z-0.125000
G01 X109.704000 Y113.676800 Z-0.125000
G01 X103.979000 Y107.952000 Z-0.125000
G01 X103.725000 Y107.556400 Z-0.125000
G01 X103.640000 Y107.160700 Z-0.125000
G01 X103.725000 Y106.934700 Z-0.125000
G01 X103.979000 Y107.047700 Z-0.125000
G01 X110.590000 Y113.658900 Z-0.125000
G01 X110.983000 Y113.910400 Z-0.125000
G01 X111.373000 Y113.989000 Z-0.125000
G01 X111.592000 Y113.898100 Z-0.125000
G01 X111.477000 Y113.640900 Z-0.125000
G01 X103.979000 Y106.143400 Z-0.125000
G01 X103.852000 Y105.875400 Z-0.125000
G01 X104.049000 Y105.760800 Z-0.125000
G01 X104.414000 Y105.815600 Z-0.125000
G01 X104.796000 Y106.056400 Z-0.125000
G01 X112.363000 Y113.623000 Z-0.125000
G01 X112.656000 Y113.774400 Z-0.125000
G01 X112.825000 Y113.632700 Z-0.125000
G01 X112.824000 Y113.321400 Z-0.125000
G01 X112.609000 Y112.964200 Z-0.125000
G01 X105.701000 Y106.056400 Z-0.125000
G01 X105.588000 Y105.802000 Z-0.125000
G01 X105.814000 Y105.717300 Z-0.125000
G01 X106.209000 Y105.802000 Z-0.125000
G01 X106.605000 Y106.056400 Z-0.125000
G01 X112.629000 Y112.080100 Z-0.125000
G01 X112.886000 Y112.196300 Z-0.125000
G01 X112.978000 Y111.977200 Z-0.125000
G01 X112.900000 Y111.588500 Z-0.125000
G01 X112.649000 Y111.196100 Z-0.125000
G01 X107.509000 Y106.056400 Z-0.125000
G01 X107.396000 Y105.802000 Z-0.125000
G01 X107.622000 Y105.717300 Z-0.125000
G01 X108.018000 Y105.802000 Z-0.125000
G01 X108.414000 Y106.056400 Z-0.125000
G01 X112.669000 Y110.312000 Z-0.125000
G01 X112.927000 Y110.428200 Z-0.125000
G01 X113.019000 Y110.209100 Z-0.125000
G01 X112.941000 Y109.820400 Z-0.125000
G01 X112.690000 Y109.428000 Z-0.125000
G01 X109.318000 Y106.056400 Z-0.125000
G01 X109.205000 Y105.802000 Z-0.125000
G01 X109.431000 Y105.717300 Z-0.125000
G01 X109.827000 Y105.802000 Z-0.125000
G01 X110.222000 Y106.056400 Z-0.125000
G01 X112.710000 Y108.543900 Z-0.125000
G01 X112.967000 Y108.660100 Z-0.125000
G01 X113.059000 Y108.441000 Z-0.125000
G01 X112.981000 Y108.052400 Z-0.125000
G01 X112.730000 Y107.659900 Z-0.125000
G01 X111.127000 Y106.056400 Z-0.125000
G01 X111.014000 Y105.802000 Z-0.125000
G01 X111.240000 Y105.717300 Z-0.125000
G01 X111.635000 Y105.802000 Z-0.125000
G01 X112.031000 Y106.056400 Z-0.125000
G01 X112.833000 Y106.858100 Z-0.125000
G01 X113.029000 Y106.912700 Z-0.125000
G01 X113.100000 Y106.673000 Z-0.125000
G01 X113.042000 Y106.304900 Z-0.125000
G01 X112.853000 Y105.974100 Z-0.125000
G01 X112.596000 Y105.717200 Z-0.125000
G00 Z5.000000

(End cutting path id: path2)


(Start cutting path id: path2)
(Change tool to Default tool)

G00 Z5.000000
G00 X93.089100 Y102.646000

G01 Z-0.125000 F100.0(Penetrate)
G01 X92.616100 Y104.112500 Z-0.125000 F400.000000
G01 X91.907100 Y105.528900 Z-0.125000
G01 X91.059900 Y106.731400 Z-0.125000
G01 X90.172000 Y107.555500 Z-0.125000
G01 X88.900100 Y108.121900 Z-0.125000
G01 X87.427400 Y108.336600 Z-0.125000
G01 X85.914000 Y108.195600 Z-0.125000
G01 X84.519600 Y107.695100 Z-0.125000
G01 X83.381500 Y106.855100 Z-0.125000
G01 X82.356400 Y105.676700 Z-0.125000
G01 X81.567800 Y104.331700 Z-0.125000
G01 X81.139000 Y102.992000 Z-0.125000
G01 X80.926400 Y101.682000 Z-0.125000
G01 X87.116100 Y101.682000 Z-0.125000
G01 X93.305700 Y101.682000 Z-0.125000
G01 X93.089100 Y102.646000 Z-0.125000
G00 Z5.000000

(End cutting path id: path2)


(Start cutting path id: path2)
(Change tool to Default tool)

G00 Z5.000000
G00 X81.595900 Y104.559500

G01 Z-0.125000 F100.0(Penetrate)
G01 X72.609200 Y95.573000 Z-0.125000 F400.000000
G01 X72.373700 Y95.196000 Z-0.125000
G01 X72.330200 Y94.842000 Z-0.125000
G01 X72.456300 Y94.657000 Z-0.125000
G01 X72.729500 Y94.789000 Z-0.125000
G01 X80.625100 Y102.684000 Z-0.125000
G01 X80.852000 Y102.770000 Z-0.125000
G01 X80.876600 Y102.484000 Z-0.125000
G01 X80.731600 Y102.028000 Z-0.125000
G01 X80.449900 Y101.605000 Z-0.125000
G01 X72.869600 Y94.025000 Z-0.125000
G01 X72.641800 Y93.655000 Z-0.125000
G01 X72.615200 Y93.318000 Z-0.125000
G01 X72.758200 Y93.150000 Z-0.125000
G01 X73.039000 Y93.290000 Z-0.125000
G01 X80.914600 Y101.165000 Z-0.125000
G01 X81.310200 Y101.420000 Z-0.125000
G01 X81.705800 Y101.504000 Z-0.125000
G01 X81.931900 Y101.420000 Z-0.125000
G01 X81.818900 Y101.165000 Z-0.125000
G01 X73.240000 Y92.586000 Z-0.125000
G01 X73.021700 Y92.227000 Z-0.125000
G01 X73.016200 Y91.910000 Z-0.125000
G01 X73.180200 Y91.764000 Z-0.125000
G01 X73.470600 Y91.913000 Z-0.125000
G01 X82.723200 Y101.165000 Z-0.125000
G01 X83.118800 Y101.420000 Z-0.125000
G01 X83.514400 Y101.504000 Z-0.125000
G01 X83.740500 Y101.420000 Z-0.125000
G01 X83.627500 Y101.165000 Z-0.125000
G01 X73.730300 Y91.268000 Z-0.125000
G01 X73.521000 Y90.917000 Z-0.125000
G01 X73.535300 Y90.621000 Z-0.125000
G01 X73.719200 Y90.494000 Z-0.125000
G01 X74.018600 Y90.652000 Z-0.125000
G01 X84.531800 Y101.165000 Z-0.125000
G01 X84.927400 Y101.420000 Z-0.125000
G01 X85.323000 Y101.504000 Z-0.125000
G01 X85.549100 Y101.420000 Z-0.125000
G01 X85.436100 Y101.165000 Z-0.125000
G01 X81.209200 Y96.938000 Z-0.125000
G01 X81.096200 Y96.684000 Z-0.125000
G01 X81.322200 Y96.599000 Z-0.125000
G01 X81.717900 Y96.684000 Z-0.125000
G01 X82.113500 Y96.938000 Z-0.125000
G01 X86.340400 Y101.165000 Z-0.125000
G01 X86.736000 Y101.420000 Z-0.125000
G01 X87.131600 Y101.504000 Z-0.125000
G01 X87.357700 Y101.420000 Z-0.125000
G01 X87.244700 Y101.165000 Z-0.125000
G01 X83.017800 Y96.938000 Z-0.125000
G01 X82.904800 Y96.684000 Z-0.125000
G01 X83.130800 Y96.599000 Z-0.125000
G01 X83.526500 Y96.684000 Z-0.125000
G01 X83.922100 Y96.938000 Z-0.125000
G01 X88.149000 Y101.165000 Z-0.125000
G01 X88.544600 Y101.420000 Z-0.125000
G01 X88.940200 Y101.504000 Z-0.125000
G01 X89.166300 Y101.420000 Z-0.125000
G01 X89.053300 Y101.165000 Z-0.125000
G01 X84.826400 Y96.938000 Z-0.125000
G01 X84.713400 Y96.684000 Z-0.125000
G01 X84.939400 Y96.599000 Z-0.125000
G01 X85.335100 Y96.684000 Z-0.125000
G01 X85.730700 Y96.938000 Z-0.125000
G01 X89.957600 Y101.165000 Z-0.125000
G01 X90.353200 Y101.420000 Z-0.125000
G01 X90.748900 Y101.504000 Z-0.125000
G01 X90.974900 Y101.420000 Z-0.125000
G01 X90.861900 Y101.165000 Z-0.125000
G01 X86.635000 Y96.938000 Z-0.125000
G01 X86.522000 Y96.684000 Z-0.125000
G01 X86.748100 Y96.599000 Z-0.125000
G01 X87.143700 Y96.684000 Z-0.125000
G01 X87.539300 Y96.938000 Z-0.125000
G01 X91.766200 Y101.165000 Z-0.125000
G01 X92.161800 Y101.420000 Z-0.125000
G01 X92.557500 Y101.504000 Z-0.125000
G01 X92.783500 Y101.420000 Z-0.125000
G01 X92.670500 Y101.165000 Z-0.125000
G01 X88.443600 Y96.938000 Z-0.125000
G01 X88.330600 Y96.684000 Z-0.125000
G01 X88.556700 Y96.599000 Z-0.125000
G01 X88.952300 Y96.684000 Z-0.125000
G01 X89.347900 Y96.938000 Z-0.125000
G01 X99.036400 Y106.626800 Z-0.125000
G01 X99.330400 Y106.779500 Z-0.125000
G01 X99.502400 Y106.640600 Z-0.125000
G01 X99.504800 Y106.332200 Z-0.125000
G01 X99.290200 Y105.976200 Z-0.125000
G01 X90.252200 Y96.938000 Z-0.125000
G01 X90.139200 Y96.684000 Z-0.125000
G01 X90.365300 Y96.599000 Z-0.125000
G01 X90.760900 Y96.684000 Z-0.125000
G01 X91.156500 Y96.938000 Z-0.125000
G01 X99.521700 Y105.303500 Z-0.125000
G01 X99.808900 Y105.449400 Z-0.125000
G01 X99.965900 Y105.295600 Z-0.125000
G01 X99.953400 Y104.972200 Z-0.125000
G01 X99.731900 Y104.609400 Z-0.125000
G01 X92.060800 Y96.938000 Z-0.125000
G01 X91.947800 Y96.684000 Z-0.125000
G01 X92.173900 Y96.599000 Z-0.125000
G01 X92.569500 Y96.684000 Z-0.125000
G01 X92.965100 Y96.938000 Z-0.125000
G01 X99.921300 Y103.894500 Z-0.125000
G01 X100.202000 Y104.034100 Z-0.125000
G01 X100.345000 Y103.866200 Z-0.125000
G01 X100.319000 Y103.528900 Z-0.125000
G01 X100.091000 Y103.160000 Z-0.125000
G01 X93.869400 Y96.938000 Z-0.125000
G01 X93.756400 Y96.684000 Z-0.125000
G01 X93.982500 Y96.599000 Z-0.125000
G01 X94.378100 Y96.684000 Z-0.125000
G01 X94.773700 Y96.938000 Z-0.125000
G01 X100.241000 Y102.406000 Z-0.125000
G01 X100.516000 Y102.539000 Z-0.125000
G01 X100.646000 Y102.359000 Z-0.125000
G01 X100.607000 Y102.008000 Z-0.125000
G01 X100.373000 Y101.633000 Z-0.125000
G01 X95.678000 Y96.938000 Z-0.125000
G01 X95.565000 Y96.684000 Z-0.125000
G01 X95.791100 Y96.599000 Z-0.125000
G01 X96.186700 Y96.684000 Z-0.125000
G01 X96.582400 Y96.938000 Z-0.125000
G01 X100.489000 Y100.845000 Z-0.125000
G01 X100.758000 Y100.973000 Z-0.125000
G01 X100.875000 Y100.779000 Z-0.125000
G01 X100.823000 Y100.416000 Z-0.125000
G01 X100.584000 Y100.035000 Z-0.125000
G01 X97.486700 Y96.938000 Z-0.125000
G01 X97.373600 Y96.684000 Z-0.125000
G01 X97.599700 Y96.599000 Z-0.125000
G01 X97.995400 Y96.684000 Z-0.125000
G01 X98.391000 Y96.938000 Z-0.125000
G01 X100.662000 Y99.210000 Z-0.125000
G01 X100.928000 Y99.334000 Z-0.125000
G01 X101.037000 Y99.132000 Z-0.125000
G01 X100.976000 Y98.760000 Z-0.125000
G01 X100.733000 Y98.376000 Z-0.125000
G01 X99.295300 Y96.938000 Z-0.125000
G01 X99.182200 Y96.684000 Z-0.125000
G01 X99.408300 Y96.599000 Z-0.125000
G01 X99.803900 Y96.684000 Z-0.125000
G01 X100.200000 Y96.938000 Z-0.125000
G01 X100.918000 Y97.657000 Z-0.125000
G01 X101.097000 Y97.694000 Z-0.125000
G01 X101.176000 Y97.463000 Z-0.125000
G01 X101.144000 Y97.120000 Z-0.125000
G01 X100.988000 Y96.822000 Z-0.125000
G01 X100.765000 Y96.599000 Z-0.125000
G00 Z5.000000

(End cutting path id: path2)


(Start cutting path id: path2)
(Change tool to Default tool)

G00 Z5.000000
G00 X74.887500 Y108.703600

G01 Z-0.125000 F100.0(Penetrate)
G01 X78.092400 Y111.908600 Z-0.125000 F400.000000
G00 Z5.000000

(End cutting path id: path2)


(Start cutting path id: path2)
(Change tool to Default tool)

G00 Z5.000000
G00 X73.710500 Y106.622300

G01 Z-0.125000 F100.0(Penetrate)
G01 X79.681900 Y112.593700 Z-0.125000 F400.000000
G01 X80.785800 Y113.245500 Z-0.125000
G01 X81.226900 Y113.375700 Z-0.125000
G01 X81.294200 Y113.340500 Z-0.125000
G01 X81.211500 Y113.219000 Z-0.125000
G01 X73.140600 Y105.148100 Z-0.125000
G01 X72.614600 Y104.169900 Z-0.125000
G01 X72.570800 Y103.815300 Z-0.125000
G01 X72.766700 Y103.869900 Z-0.125000
G01 X82.472900 Y113.576100 Z-0.125000
G01 X83.388800 Y114.039900 Z-0.125000
G01 X83.700700 Y114.040900 Z-0.125000
G01 X83.626600 Y113.825500 Z-0.125000
G01 X72.667800 Y102.866000 Z-0.125000
G01 X72.398800 Y102.456000 Z-0.125000
G01 X72.282000 Y102.028000 Z-0.125000
G01 X72.334700 Y101.770000 Z-0.125000
G01 X72.574500 Y101.869000 Z-0.125000
G01 X84.684800 Y113.979100 Z-0.125000
G01 X85.098900 Y114.251900 Z-0.125000
G01 X85.535300 Y114.377400 Z-0.125000
G01 X85.802100 Y114.333400 Z-0.125000
G01 X85.707500 Y114.097500 Z-0.125000
G01 X72.516800 Y100.907000 Z-0.125000
G01 X72.256100 Y100.505000 Z-0.125000
G01 X72.157300 Y100.095000 Z-0.125000
G01 X72.228000 Y99.855000 Z-0.125000
G01 X72.476000 Y99.962000 Z-0.125000
G01 X86.598100 Y114.083700 Z-0.125000
G01 X86.990600 Y114.335000 Z-0.125000
G01 X87.379500 Y114.413000 Z-0.125000
G01 X87.598800 Y114.321400 Z-0.125000
G01 X87.482700 Y114.064000 Z-0.125000
G01 X72.450800 Y99.032000 Z-0.125000
G01 X72.197200 Y98.637000 Z-0.125000
G01 X72.114000 Y98.243000 Z-0.125000
G01 X72.200400 Y98.019000 Z-0.125000
G01 X72.455500 Y98.133000 Z-0.125000
G01 X88.334100 Y114.011100 Z-0.125000
G01 X88.715900 Y114.251600 Z-0.125000
G01 X89.081200 Y114.306100 Z-0.125000
G01 X89.276900 Y114.190900 Z-0.125000
G01 X89.150100 Y113.922700 Z-0.125000
G01 X72.484500 Y97.257000 Z-0.125000
G01 X72.238800 Y96.870000 Z-0.125000
G01 X72.172900 Y96.493000 Z-0.125000
G01 X72.276600 Y96.286000 Z-0.125000
G01 X72.539600 Y96.408000 Z-0.125000
G01 X89.935700 Y113.803600 Z-0.125000
G01 X90.308000 Y114.034700 Z-0.125000
G01 X90.652400 Y114.068100 Z-0.125000
G01 X90.827200 Y113.932100 Z-0.125000
G01 X90.690800 Y113.654400 Z-0.125000
G01 X85.574400 Y108.538000 Z-0.125000
G01 X85.499600 Y108.321900 Z-0.125000
G01 X85.810000 Y108.321400 Z-0.125000
G01 X86.723800 Y108.783100 Z-0.125000
G01 X91.415400 Y113.474700 Z-0.125000
G01 X91.778100 Y113.696100 Z-0.125000
G01 X92.101500 Y113.708600 Z-0.125000
G01 X92.255300 Y113.551600 Z-0.125000
G01 X92.109400 Y113.264400 Z-0.125000
G01 X87.698000 Y108.853000 Z-0.125000
G01 X87.575000 Y108.588700 Z-0.125000
G01 X87.779000 Y108.481900 Z-0.125000
G01 X88.152700 Y108.544600 Z-0.125000
G01 X88.538300 Y108.789000 Z-0.125000
G01 X92.772900 Y113.023600 Z-0.125000
G01 X93.126200 Y113.235600 Z-0.125000
G01 X93.428700 Y113.227200 Z-0.125000
G01 X93.561600 Y113.049200 Z-0.125000
G01 X93.406200 Y112.752500 Z-0.125000
G01 X89.286000 Y108.632400 Z-0.125000
G01 X89.136000 Y108.341000 Z-0.125000
G01 X89.280600 Y108.174800 Z-0.125000
G01 X89.594800 Y108.178200 Z-0.125000
G01 X89.953400 Y108.395500 Z-0.125000
G01 X94.009400 Y112.451400 Z-0.125000
G01 X94.353300 Y112.654000 Z-0.125000
G01 X94.635100 Y112.625000 Z-0.125000
G01 X94.747400 Y112.426400 Z-0.125000
G01 X94.582700 Y112.120400 Z-0.125000
G01 X90.544200 Y108.081900 Z-0.125000
G01 X90.369600 Y107.766000 Z-0.125000
G01 X90.460200 Y107.545800 Z-0.125000
G01 X90.720500 Y107.495200 Z-0.125000
G01 X91.054600 Y107.688000 Z-0.125000
G01 X95.127600 Y111.761000 Z-0.125000
G01 X95.462000 Y111.954100 Z-0.125000
G01 X95.723000 Y111.904200 Z-0.125000
G01 X95.814400 Y111.684800 Z-0.125000
G01 X95.640100 Y111.369300 Z-0.125000
G01 X91.497500 Y107.226700 Z-0.125000
G01 X91.305500 Y106.893300 Z-0.125000
G01 X91.357800 Y106.634700 Z-0.125000
G01 X91.579600 Y106.545700 Z-0.125000
G01 X91.896200 Y106.721100 Z-0.125000
G01 X96.124200 Y110.949000 Z-0.125000
G01 X96.449800 Y111.133300 Z-0.125000
G01 X96.691300 Y111.064000 Z-0.125000
G01 X96.763300 Y110.825100 Z-0.125000
G01 X96.580200 Y110.500700 Z-0.125000
G01 X92.261000 Y106.181500 Z-0.125000
G01 X92.059000 Y105.838200 Z-0.125000
G01 X92.089500 Y105.557900 Z-0.125000
G01 X92.289500 Y105.447100 Z-0.125000
G01 X92.596300 Y105.612500 Z-0.125000
G01 X97.008700 Y110.024900 Z-0.125000
G01 X97.325700 Y110.200600 Z-0.125000
G01 X97.548500 Y110.112600 Z-0.125000
G01 X97.601800 Y109.855000 Z-0.125000
G01 X97.410200 Y109.522100 Z-0.125000
G01 X92.899800 Y105.011700 Z-0.125000
G01 X92.688300 Y104.658900 Z-0.125000
G01 X92.697600 Y104.357300 Z-0.125000
G01 X92.876400 Y104.225300 Z-0.125000
G01 X93.173500 Y104.381100 Z-0.125000
G01 X97.785400 Y108.993100 Z-0.125000
G01 X98.094400 Y109.160700 Z-0.125000
G01 X98.299300 Y109.054800 Z-0.125000
G01 X98.334700 Y108.779300 Z-0.125000
G01 X98.135000 Y108.438300 Z-0.125000
G01 X93.412400 Y103.715700 Z-0.125000
G01 X93.188300 Y103.350300 Z-0.125000
G01 X93.170000 Y103.021000 Z-0.125000
G01 X93.321400 Y102.862000 Z-0.125000
G01 X93.605900 Y103.005000 Z-0.125000
G01 X98.459600 Y107.858600 Z-0.125000
G01 X98.760800 Y108.018500 Z-0.125000
G01 X98.948800 Y107.895600 Z-0.125000
G01 X98.967200 Y107.603200 Z-0.125000
G01 X98.759800 Y107.254500 Z-0.125000
G01 X93.432700 Y101.927000 Z-0.125000
G00 Z5.000000

(End cutting path id: path2)


(Start cutting path id: path2)
(Change tool to Default tool)

G00 Z5.000000
G00 X65.845600 Y114.128900

G01 Z-0.125000 F100.0(Penetrate)
G01 X45.063200 Y93.346000 Z-0.125000 F400.000000
G01 X44.808900 Y92.951000 Z-0.125000
G01 X44.724100 Y92.555000 Z-0.125000
G01 X44.808900 Y92.329000 Z-0.125000
G01 X45.063200 Y92.442000 Z-0.125000
G01 X66.410800 Y113.790100 Z-0.125000
G01 X66.806500 Y114.044500 Z-0.125000
G01 X67.202100 Y114.129300 Z-0.125000
G01 X67.428200 Y114.044500 Z-0.125000
G01 X67.315100 Y113.790100 Z-0.125000
G01 X45.063200 Y91.538000 Z-0.125000
G01 X44.808900 Y91.143000 Z-0.125000
G01 X44.724100 Y90.747000 Z-0.125000
G01 X44.808900 Y90.521000 Z-0.125000
G01 X45.063200 Y90.634000 Z-0.125000
G01 X68.216900 Y113.787600 Z-0.125000
G01 X68.611200 Y114.040700 Z-0.125000
G01 X69.004100 Y114.122700 Z-0.125000
G01 X69.227400 Y114.035100 Z-0.125000
G01 X69.113100 Y113.779500 Z-0.125000
G01 X45.063200 Y89.730000 Z-0.125000
G01 X44.808900 Y89.334000 Z-0.125000
G01 X44.724100 Y88.938000 Z-0.125000
G01 X44.808900 Y88.712000 Z-0.125000
G01 X45.063200 Y88.825000 Z-0.125000
G01 X70.004100 Y113.766100 Z-0.125000
G01 X70.395600 Y114.016400 Z-0.125000
G01 X70.782300 Y114.092200 Z-0.125000
G01 X70.999400 Y113.998400 Z-0.125000
G01 X70.882300 Y113.740000 Z-0.125000
G01 X45.063200 Y87.921000 Z-0.125000
G01 X44.808900 Y87.526000 Z-0.125000
G01 X44.724100 Y87.130000 Z-0.125000
G01 X44.808900 Y86.904000 Z-0.125000
G01 X45.063200 Y87.017000 Z-0.125000
G01 X71.749800 Y113.703800 Z-0.125000
G01 X72.056300 Y113.869000 Z-0.125000
G01 X72.255700 Y113.757500 Z-0.125000
G01 X72.285500 Y113.476500 Z-0.125000
G01 X72.083200 Y113.132900 Z-0.125000
G01 X45.063200 Y86.113000 Z-0.125000
G01 X44.808900 Y85.717000 Z-0.125000
G01 X44.724100 Y85.322000 Z-0.125000
G01 X44.808900 Y85.096000 Z-0.125000
G01 X45.063200 Y85.209000 Z-0.125000
G01 X65.349600 Y105.495000 Z-0.125000
G00 Z5.000000

(End cutting path id: path2)


(Start cutting path id: path2)
(Change tool to Default tool)

G00 Z5.000000
G00 X63.161400 Y102.402000

G01 Z-0.125000 F100.0(Penetrate)
G01 X45.063200 Y84.304000 Z-0.125000 F400.000000
G01 X44.896900 Y83.997000 Z-0.125000
G01 X45.005800 Y83.795000 Z-0.125000
G01 X45.284200 Y83.762000 Z-0.125000
G01 X45.626600 Y83.963000 Z-0.125000
G01 X54.716400 Y93.053000 Z-0.125000
G00 Z5.000000

(End cutting path id: path2)


(Start cutting path id: path2)
(Change tool to Default tool)

G00 Z5.000000
G00 X61.827400 Y111.919300

G01 Z-0.125000 F100.0(Penetrate)
G01 X63.697900 Y113.789800 Z-0.125000 F400.000000
G01 X64.093600 Y114.044100 Z-0.125000
G01 X64.489200 Y114.128900 Z-0.125000
G01 X64.715300 Y114.044100 Z-0.125000
G01 X64.602200 Y113.789800 Z-0.125000
G01 X56.698400 Y105.886000 Z-0.125000
G00 Z5.000000

(End cutting path id: path2)


(Start cutting path id: path2)
(Change tool to Default tool)

G00 Z5.000000
G00 X45.214100 Y126.052800

G01 Z-0.125000 F100.0(Penetrate)
G01 X44.969100 Y125.807800 Z-0.125000 F400.000000
G01 X44.724100 Y125.110600 Z-0.125000
G01 X44.785300 Y124.861000 Z-0.125000
G01 X44.969100 Y124.903400 Z-0.125000
G01 X45.779300 Y125.713700 Z-0.125000
G01 X46.175000 Y125.968000 Z-0.125000
G01 X46.570600 Y126.052800 Z-0.125000
G01 X46.796700 Y125.968000 Z-0.125000
G01 X46.683600 Y125.713700 Z-0.125000
G01 X45.063200 Y124.093200 Z-0.125000
G01 X44.808900 Y123.697600 Z-0.125000
G01 X44.724100 Y123.302000 Z-0.125000
G01 X44.808900 Y123.075900 Z-0.125000
G01 X45.063200 Y123.188900 Z-0.125000
G01 X47.587900 Y125.713700 Z-0.125000
G01 X47.983600 Y125.968000 Z-0.125000
G01 X48.379200 Y126.052800 Z-0.125000
G01 X48.605300 Y125.968000 Z-0.125000
G01 X48.492200 Y125.713700 Z-0.125000
G01 X45.063200 Y122.284600 Z-0.125000
G01 X44.808900 Y121.889000 Z-0.125000
G01 X44.724100 Y121.493300 Z-0.125000
G01 X44.808900 Y121.267300 Z-0.125000
G01 X45.063200 Y121.380300 Z-0.125000
G01 X49.396500 Y125.713700 Z-0.125000
G01 X49.792200 Y125.968000 Z-0.125000
G01 X50.187800 Y126.052800 Z-0.125000
G01 X50.413900 Y125.968000 Z-0.125000
G01 X50.300800 Y125.713700 Z-0.125000
G01 X45.063200 Y120.476000 Z-0.125000
G01 X44.808900 Y120.080400 Z-0.125000
G01 X44.724100 Y119.684700 Z-0.125000
G01 X44.808900 Y119.458700 Z-0.125000
G01 X45.063200 Y119.571700 Z-0.125000
G01 X51.205200 Y125.713700 Z-0.125000
G01 X51.600800 Y125.968000 Z-0.125000
G01 X51.996400 Y126.052800 Z-0.125000
G01 X52.222500 Y125.968000 Z-0.125000
G01 X52.109500 Y125.713700 Z-0.125000
G01 X45.063200 Y118.667400 Z-0.125000
G01 X44.808900 Y118.271800 Z-0.125000
G01 X44.724100 Y117.876100 Z-0.125000
G01 X44.808900 Y117.650100 Z-0.125000
G01 X45.063200 Y117.763100 Z-0.125000
G01 X53.013800 Y125.713700 Z-0.125000
G01 X53.289000 Y125.847600 Z-0.125000
G01 X53.419800 Y125.667600 Z-0.125000
G01 X53.381100 Y125.318000 Z-0.125000
G01 X53.147600 Y124.943300 Z-0.125000
G01 X45.063200 Y116.858800 Z-0.125000
G01 X44.808800 Y116.463200 Z-0.125000
G01 X44.724100 Y116.067500 Z-0.125000
G01 X44.808800 Y115.841500 Z-0.125000
G01 X45.063200 Y115.954500 Z-0.125000
G01 X53.147600 Y124.039000 Z-0.125000
G01 X53.402000 Y124.152000 Z-0.125000
G01 X53.486800 Y123.925900 Z-0.125000
G01 X53.402000 Y123.530300 Z-0.125000
G01 X53.147600 Y123.134700 Z-0.125000
G01 X45.063200 Y115.050200 Z-0.125000
G01 X44.808800 Y114.654600 Z-0.125000
G01 X44.724100 Y114.258900 Z-0.125000
G01 X44.808800 Y114.032800 Z-0.125000
G01 X45.063200 Y114.145900 Z-0.125000
G01 X53.147600 Y122.230400 Z-0.125000
G01 X53.402000 Y122.343400 Z-0.125000
G01 X53.486800 Y122.117300 Z-0.125000
G01 X53.402000 Y121.721700 Z-0.125000
G01 X53.147600 Y121.326100 Z-0.125000
G01 X45.063200 Y113.241600 Z-0.125000
G01 X44.808800 Y112.845900 Z-0.125000
G01 X44.724100 Y112.450300 Z-0.125000
G01 X44.808800 Y112.224200 Z-0.125000
G01 X45.063200 Y112.337300 Z-0.125000
G01 X53.147600 Y120.421700 Z-0.125000
G01 X53.402000 Y120.534800 Z-0.125000
G01 X53.486800 Y120.308700 Z-0.125000
G01 X53.402000 Y119.913100 Z-0.125000
G01 X53.147600 Y119.517400 Z-0.125000
G01 X45.063200 Y111.433000 Z-0.125000
G01 X44.808800 Y111.037300 Z-0.125000
G01 X44.724100 Y110.641700 Z-0.125000
G01 X44.808800 Y110.415600 Z-0.125000
G01 X45.063200 Y110.528700 Z-0.125000
G01 X53.147600 Y118.613100 Z-0.125000
G01 X53.402000 Y118.726200 Z-0.125000
G01 X53.486800 Y118.500100 Z-0.125000
G01 X53.402000 Y118.104500 Z-0.125000
G01 X53.147600 Y117.708800 Z-0.125000
G01 X45.063200 Y109.624400 Z-0.125000
G01 X44.808800 Y109.228700 Z-0.125000
G01 X44.724100 Y108.833100 Z-0.125000
G01 X44.808800 Y108.607000 Z-0.125000
G01 X45.063200 Y108.720100 Z-0.125000
G01 X53.147600 Y116.804500 Z-0.125000
G01 X53.402000 Y116.917600 Z-0.125000
G01 X53.486800 Y116.691500 Z-0.125000
G01 X53.402000 Y116.295900 Z-0.125000
G01 X53.147600 Y115.900200 Z-0.125000
G01 X45.063200 Y107.815800 Z-0.125000
G01 X44.808800 Y107.420100 Z-0.125000
G01 X44.724100 Y107.024500 Z-0.125000
G01 X44.808800 Y106.798400 Z-0.125000
G01 X45.063200 Y106.911500 Z-0.125000
G01 X53.147600 Y114.995900 Z-0.125000
G01 X53.402000 Y115.109000 Z-0.125000
G01 X53.486800 Y114.882900 Z-0.125000
G01 X53.402000 Y114.487300 Z-0.125000
G01 X53.147600 Y114.091600 Z-0.125000
G01 X45.063200 Y106.007200 Z-0.125000
G01 X44.808800 Y105.611500 Z-0.125000
G01 X44.724100 Y105.215900 Z-0.125000
G01 X44.808800 Y104.989800 Z-0.125000
G01 X45.063200 Y105.102900 Z-0.125000
G01 X53.149800 Y113.189500 Z-0.125000
G01 X53.404500 Y113.302800 Z-0.125000
G01 X53.490000 Y113.077500 Z-0.125000
G01 X53.405900 Y112.682500 Z-0.125000
G01 X53.151800 Y112.287200 Z-0.125000
G01 X45.063100 Y104.198500 Z-0.125000
G01 X44.808800 Y103.802900 Z-0.125000
G01 X44.724000 Y103.407300 Z-0.125000
G01 X44.808800 Y103.181000 Z-0.125000
G01 X45.063100 Y103.294200 Z-0.125000
G01 X53.155700 Y111.386900 Z-0.125000
G01 X53.411100 Y111.500900 Z-0.125000
G01 X53.498000 Y111.277000 Z-0.125000
G01 X53.415400 Y110.883500 Z-0.125000
G01 X53.162000 Y110.488800 Z-0.125000
G01 X45.063200 Y102.390000 Z-0.125000
G01 X44.808800 Y101.994000 Z-0.125000
G01 X44.724000 Y101.599000 Z-0.125000
G01 X44.808800 Y101.373000 Z-0.125000
G01 X45.063200 Y101.486000 Z-0.125000
G01 X53.168300 Y109.590800 Z-0.125000
G01 X53.424300 Y109.705500 Z-0.125000
G01 X53.512900 Y109.483200 Z-0.125000
G01 X53.431800 Y109.091300 Z-0.125000
G01 X53.179200 Y108.697300 Z-0.125000
G01 X45.063200 Y100.581000 Z-0.125000
G01 X44.808900 Y100.186000 Z-0.125000
G01 X44.724100 Y99.790000 Z-0.125000
G01 X44.808900 Y99.564000 Z-0.125000
G01 X45.063200 Y99.677000 Z-0.125000
G01 X53.190100 Y107.803900 Z-0.125000
G01 X53.446800 Y107.919300 Z-0.125000
G01 X53.536700 Y107.698400 Z-0.125000
G01 X53.457100 Y107.308000 Z-0.125000
G01 X53.205200 Y106.914700 Z-0.125000
G01 X45.063200 Y98.773000 Z-0.125000
G01 X44.808900 Y98.377000 Z-0.125000
G01 X44.724100 Y97.981000 Z-0.125000
G01 X44.808900 Y97.755000 Z-0.125000
G01 X45.063200 Y97.868000 Z-0.125000
G01 X53.221600 Y106.026800 Z-0.125000
G01 X53.479400 Y106.143400 Z-0.125000
G01 X53.571900 Y105.925000 Z-0.125000
G01 X53.494800 Y105.537000 Z-0.125000
G01 X53.244000 Y105.144900 Z-0.125000
G01 X45.063200 Y96.964000 Z-0.125000
G01 X44.808900 Y96.568000 Z-0.125000
G01 X44.724100 Y96.173000 Z-0.125000
G01 X44.808900 Y95.947000 Z-0.125000
G01 X45.063200 Y96.060000 Z-0.125000
G01 X53.298200 Y104.294900 Z-0.125000
G01 X53.553700 Y104.409100 Z-0.125000
G01 X53.641000 Y104.185500 Z-0.125000
G01 X53.558800 Y103.792400 Z-0.125000
G01 X53.305600 Y103.397900 Z-0.125000
G01 X45.063300 Y95.156000 Z-0.125000
G01 X44.808900 Y94.760000 Z-0.125000
G01 X44.724200 Y94.364000 Z-0.125000
G01 X44.808900 Y94.138000 Z-0.125000
G01 X45.063300 Y94.251000 Z-0.125000
G01 X53.703200 Y102.891000 Z-0.125000
G00 Z5.000000

(End cutting path id: path2)


(Start cutting path id: path2)
(Change tool to Default tool)

G00 Z5.000000
G00 X18.999200 Y112.498400

G01 Z-0.125000 F100.0(Penetrate)
G01 X15.199400 Y108.698600 Z-0.125000 F400.000000
G01 X15.003000 Y108.361000 Z-0.125000
G01 X15.045800 Y108.093000 Z-0.125000
G01 X15.258200 Y107.994500 Z-0.125000
G01 X15.570600 Y108.165500 Z-0.125000
G01 X20.123800 Y112.718800 Z-0.125000
G01 X21.124500 Y113.267400 Z-0.125000
G01 X21.494600 Y113.326600 Z-0.125000
G01 X21.447000 Y113.137700 Z-0.125000
G01 X15.950900 Y107.641600 Z-0.125000
G01 X15.757200 Y107.306600 Z-0.125000
G01 X15.805800 Y107.044300 Z-0.125000
G01 X16.024000 Y106.951600 Z-0.125000
G01 X16.338900 Y107.125300 Z-0.125000
G01 X22.672500 Y113.458900 Z-0.125000
G01 X23.588000 Y113.922200 Z-0.125000
G01 X23.899500 Y113.922800 Z-0.125000
G01 X23.825200 Y113.707300 Z-0.125000
G01 X16.734300 Y106.616300 Z-0.125000
G01 X16.543500 Y106.284300 Z-0.125000
G01 X16.598600 Y106.028500 Z-0.125000
G01 X16.823300 Y105.942300 Z-0.125000
G01 X17.141200 Y106.118900 Z-0.125000
G01 X24.920500 Y113.898300 Z-0.125000
G01 X25.337200 Y114.173600 Z-0.125000
G01 X25.779000 Y114.304600 Z-0.125000
G01 X26.051300 Y114.266100 Z-0.125000
G01 X25.959300 Y114.032800 Z-0.125000
G01 X17.555800 Y105.629200 Z-0.125000
G01 X17.366500 Y105.298700 Z-0.125000
G01 X17.424900 Y105.046200 Z-0.125000
G01 X17.652800 Y104.963300 Z-0.125000
G01 X17.972300 Y105.141400 Z-0.125000
G01 X26.959400 Y114.128600 Z-0.125000
G01 X27.363100 Y114.390900 Z-0.125000
G01 X27.776400 Y114.493400 Z-0.125000
G01 X28.020100 Y114.426300 Z-0.125000
G01 X27.915100 Y114.180000 Z-0.125000
G01 X18.996900 Y105.261800 Z-0.125000
G00 Z5.000000

(End cutting path id: path2)


(Start cutting path id: path2)
(Change tool to Default tool)

G00 Z5.000000
G00 X14.844700 Y110.152600

G01 Z-0.125000 F100.0(Penetrate)
G01 X14.469900 Y109.777800 Z-0.125000 F400.000000
G01 X14.272600 Y109.439200 Z-0.125000
G01 X14.313200 Y109.168900 Z-0.125000
G01 X14.523300 Y109.068200 Z-0.125000
G01 X14.834600 Y109.238200 Z-0.125000
G01 X17.266200 Y111.669700 Z-0.125000
G00 Z5.000000

(End cutting path id: path2)


(Start cutting path id: path2)
(Change tool to Default tool)

G00 Z5.000000
G00 X9.650550 Y121.235900

G01 Z-0.125000 F100.0(Penetrate)
G01 X1.311740 Y112.897100 Z-0.125000 F400.000000
G01 X1.068490 Y112.512600 Z-0.125000
G01 X1.008120 Y112.141300 Z-0.125000
G01 X1.117300 Y111.939600 Z-0.125000
G01 X1.382720 Y112.063800 Z-0.125000
G01 X9.311430 Y119.992500 Z-0.125000
G01 X9.565770 Y120.105500 Z-0.125000
G01 X9.650550 Y119.879400 Z-0.125000
G01 X9.565770 Y119.483800 Z-0.125000
G01 X9.311430 Y119.088200 Z-0.125000
G01 X1.422320 Y111.199100 Z-0.125000
G01 X1.172760 Y110.808200 Z-0.125000
G01 X1.098500 Y110.423100 Z-0.125000
G01 X1.193800 Y110.207500 Z-0.125000
G01 X1.452920 Y110.325400 Z-0.125000
G01 X9.311430 Y118.183900 Z-0.125000
G01 X9.565770 Y118.296900 Z-0.125000
G01 X9.650550 Y118.070800 Z-0.125000
G01 X9.565770 Y117.675200 Z-0.125000
G01 X9.311430 Y117.279600 Z-0.125000
G01 X1.473960 Y109.442100 Z-0.125000
G01 X1.222840 Y109.049700 Z-0.125000
G01 X1.145130 Y108.661100 Z-0.125000
G01 X1.236980 Y108.442100 Z-0.125000
G01 X1.494530 Y108.558400 Z-0.125000
G01 X9.311430 Y116.375300 Z-0.125000
G01 X9.565760 Y116.488300 Z-0.125000
G01 X9.650540 Y116.262200 Z-0.125000
G01 X9.565760 Y115.866600 Z-0.125000
G01 X9.311430 Y115.471000 Z-0.125000
G01 X1.508990 Y107.668500 Z-0.125000
G01 X1.256910 Y107.275100 Z-0.125000
G01 X1.177100 Y106.884500 Z-0.125000
G01 X1.266850 Y106.663400 Z-0.125000
G01 X1.523450 Y106.778700 Z-0.125000
G01 X9.311430 Y114.566700 Z-0.125000
G01 X9.565760 Y114.679700 Z-0.125000
G01 X9.650540 Y114.453600 Z-0.125000
G01 X9.565760 Y114.058000 Z-0.125000
G01 X9.311430 Y113.662400 Z-0.125000
G01 X1.534760 Y105.885700 Z-0.125000
G01 X1.281920 Y105.491600 Z-0.125000
G01 X1.200430 Y105.099200 Z-0.125000
G01 X1.288480 Y104.876400 Z-0.125000
G01 X1.544290 Y104.991000 Z-0.125000
G01 X9.311370 Y112.758000 Z-0.125000
G01 X9.565710 Y112.871100 Z-0.125000
G01 X9.650490 Y112.645000 Z-0.125000
G01 X9.565710 Y112.249400 Z-0.125000
G01 X9.311370 Y111.853700 Z-0.125000
G01 X1.552980 Y104.095400 Z-0.125000
G01 X1.299720 Y103.700800 Z-0.125000
G01 X1.217310 Y103.307500 Z-0.125000
G01 X1.304440 Y103.084000 Z-0.125000
G01 X1.559830 Y103.198000 Z-0.125000
G01 X9.311340 Y110.949400 Z-0.125000
G01 X9.565670 Y111.062500 Z-0.125000
G01 X9.650450 Y110.836400 Z-0.125000
G01 X9.565670 Y110.440800 Z-0.125000
G01 X9.311340 Y110.045100 Z-0.125000
G01 X1.565350 Y102.299000 Z-0.125000
G01 X1.308230 Y101.901000 Z-0.125000
G01 X1.217320 Y101.499000 Z-0.125000
G01 X1.295960 Y101.267000 Z-0.125000
G01 X1.547510 Y101.377000 Z-0.125000
G01 X9.311330 Y109.140800 Z-0.125000
G01 X9.565670 Y109.253900 Z-0.125000
G01 X9.650450 Y109.027800 Z-0.125000
G01 X9.565670 Y108.632200 Z-0.125000
G01 X9.311330 Y108.236500 Z-0.125000
G01 X1.573240 Y100.498000 Z-0.125000
G01 X1.319180 Y100.103000 Z-0.125000
G01 X1.235020 Y99.708000 Z-0.125000
G01 X1.320400 Y99.483000 Z-0.125000
G01 X1.574990 Y99.596000 Z-0.125000
G01 X9.311280 Y107.332200 Z-0.125000
G01 X9.565610 Y107.445300 Z-0.125000
G01 X9.650390 Y107.219200 Z-0.125000
G01 X9.565610 Y106.823600 Z-0.125000
G01 X9.311280 Y106.427900 Z-0.125000
G01 X1.576790 Y98.693000 Z-0.125000
G01 X1.322560 Y98.298000 Z-0.125000
G01 X1.238030 Y97.903000 Z-0.125000
G01 X1.323050 Y97.677000 Z-0.125000
G01 X1.577490 Y97.790000 Z-0.125000
G01 X9.311270 Y105.523600 Z-0.125000
G01 X9.565610 Y105.636700 Z-0.125000
G01 X9.650390 Y105.410600 Z-0.125000
G01 X9.565610 Y105.015000 Z-0.125000
G01 X9.311270 Y104.619300 Z-0.125000
G01 X1.577490 Y96.886000 Z-0.125000
G01 X1.323160 Y96.490000 Z-0.125000
G01 X1.238380 Y96.094000 Z-0.125000
G01 X1.323160 Y95.868000 Z-0.125000
G01 X1.577490 Y95.981000 Z-0.125000
G01 X9.311270 Y103.715000 Z-0.125000
G01 X9.565610 Y103.828100 Z-0.125000
G01 X9.650390 Y103.602000 Z-0.125000
G01 X9.565610 Y103.206300 Z-0.125000
G01 X9.311270 Y102.811000 Z-0.125000
G01 X1.577490 Y95.077000 Z-0.125000
G01 X1.323160 Y94.681000 Z-0.125000
G01 X1.238380 Y94.286000 Z-0.125000
G01 X1.323160 Y94.060000 Z-0.125000
G01 X1.577490 Y94.173000 Z-0.125000
G01 X9.311270 Y101.906000 Z-0.125000
G01 X9.565610 Y102.019000 Z-0.125000
G01 X9.650390 Y101.793000 Z-0.125000
G01 X9.565610 Y101.398000 Z-0.125000
G01 X9.311270 Y101.002000 Z-0.125000
G01 X1.577490 Y93.268000 Z-0.125000
G01 X1.323160 Y92.873000 Z-0.125000
G01 X1.238380 Y92.477000 Z-0.125000
G01 X1.323160 Y92.251000 Z-0.125000
G01 X1.577490 Y92.364000 Z-0.125000
G01 X9.311270 Y100.098000 Z-0.125000
G01 X9.565610 Y100.211000 Z-0.125000
G01 X9.650390 Y99.985000 Z-0.125000
G01 X9.565610 Y99.589000 Z-0.125000
G01 X9.311270 Y99.194000 Z-0.125000
G01 X1.577490 Y91.460000 Z-0.125000
G01 X1.323160 Y91.064000 Z-0.125000
G01 X1.238380 Y90.668000 Z-0.125000
G01 X1.323160 Y90.442000 Z-0.125000
G01 X1.577490 Y90.555000 Z-0.125000
G01 X9.311270 Y98.289000 Z-0.125000
G01 X9.565610 Y98.402000 Z-0.125000
G01 X9.650390 Y98.176000 Z-0.125000
G01 X9.565610 Y97.781000 Z-0.125000
G01 X9.311270 Y97.385000 Z-0.125000
G01 X1.577490 Y89.651000 Z-0.125000
G01 X1.323160 Y89.255000 Z-0.125000
G01 X1.238380 Y88.860000 Z-0.125000
G01 X1.323160 Y88.634000 Z-0.125000
G01 X1.577490 Y88.747000 Z-0.125000
G01 X9.311270 Y96.481000 Z-0.125000
G01 X9.565610 Y96.594000 Z-0.125000
G01 X9.650390 Y96.368000 Z-0.125000
G01 X9.565610 Y95.972000 Z-0.125000
G01 X9.311270 Y95.576000 Z-0.125000
G01 X1.577490 Y87.843000 Z-0.125000
G01 X1.323160 Y87.447000 Z-0.125000
G01 X1.238380 Y87.051000 Z-0.125000
G01 X1.323160 Y86.825000 Z-0.125000
G01 X1.577490 Y86.938000 Z-0.125000
G01 X9.311270 Y94.672000 Z-0.125000
G01 X9.565610 Y94.785000 Z-0.125000
G01 X9.650390 Y94.559000 Z-0.125000
G01 X9.565610 Y94.163000 Z-0.125000
G01 X9.311270 Y93.768000 Z-0.125000
G01 X1.577490 Y86.034000 Z-0.125000
G01 X1.323160 Y85.638000 Z-0.125000
G01 X1.238380 Y85.243000 Z-0.125000
G01 X1.323160 Y85.017000 Z-0.125000
G01 X1.577490 Y85.130000 Z-0.125000
G01 X9.311270 Y92.863000 Z-0.125000
G01 X9.565610 Y92.976000 Z-0.125000
G01 X9.650390 Y92.750000 Z-0.125000
G01 X9.565610 Y92.355000 Z-0.125000
G01 X9.311270 Y91.959000 Z-0.125000
G01 X1.577490 Y84.225000 Z-0.125000
G01 X1.423530 Y83.930000 Z-0.125000
G01 X1.559570 Y83.755000 Z-0.125000
G01 X1.865170 Y83.750000 Z-0.125000
G01 X2.219880 Y83.963000 Z-0.125000
G01 X9.311270 Y91.055000 Z-0.125000
G01 X9.565610 Y91.168000 Z-0.125000
G01 X9.650390 Y90.942000 Z-0.125000
G01 X9.565610 Y90.546000 Z-0.125000
G01 X9.311270 Y90.150000 Z-0.125000
G01 X3.124180 Y83.963000 Z-0.125000
G01 X3.011150 Y83.709000 Z-0.125000
G01 X3.237220 Y83.624000 Z-0.125000
G01 X3.632850 Y83.709000 Z-0.125000
G01 X4.028490 Y83.963000 Z-0.125000
G01 X9.311270 Y89.246000 Z-0.125000
G01 X9.565610 Y89.359000 Z-0.125000
G01 X9.650390 Y89.133000 Z-0.125000
G01 X9.565610 Y88.737000 Z-0.125000
G01 X9.311270 Y88.342000 Z-0.125000
G01 X4.932790 Y83.963000 Z-0.125000
G01 X4.819750 Y83.709000 Z-0.125000
G01 X5.045830 Y83.624000 Z-0.125000
G01 X5.441460 Y83.709000 Z-0.125000
G01 X5.837090 Y83.963000 Z-0.125000
G01 X9.311270 Y87.438000 Z-0.125000
G01 X9.565610 Y87.551000 Z-0.125000
G01 X9.650390 Y87.325000 Z-0.125000
G01 X9.565610 Y86.929000 Z-0.125000
G01 X9.311270 Y86.533000 Z-0.125000
G01 X6.741400 Y83.963000 Z-0.125000
G01 X6.628360 Y83.709000 Z-0.125000
G01 X6.854440 Y83.624000 Z-0.125000
G01 X7.250070 Y83.709000 Z-0.125000
G01 X7.645700 Y83.963000 Z-0.125000
G01 X9.311270 Y85.629000 Z-0.125000
G01 X9.565610 Y85.742000 Z-0.125000
G01 X9.650390 Y85.516000 Z-0.125000
G01 X9.565610 Y85.120000 Z-0.125000
G01 X9.311270 Y84.725000 Z-0.125000
G01 X8.478490 Y83.892000 Z-0.125000
G01 X8.419090 Y83.691000 Z-0.125000
G01 X8.663040 Y83.624000 Z-0.125000
G01 X9.040800 Y83.691000 Z-0.125000
G01 X9.382790 Y83.892000 Z-0.125000
G01 X9.650380 Y84.159000 Z-0.125000
G00 Z5.000000

(End cutting path id: path2)


(Start cutting path id: path2)
(Change tool to Default tool)

G00 Z5.000000
G00 X-3.012460 Y124.850300

G01 Z-0.125000 F100.0(Penetrate)
G01 X-2.148650 Y125.714100 Z-0.125000 F400.000000
G01 X-1.753020 Y125.968400 Z-0.125000
G01 X-1.357390 Y126.053200 Z-0.125000
G01 X-1.131310 Y125.968400 Z-0.125000
G01 X-1.244350 Y125.714100 Z-0.125000
G01 X-2.934880 Y124.023500 Z-0.125000
G01 X-3.447920 Y123.058300 Z-0.125000
G01 X-3.482720 Y122.712700 Z-0.125000
G01 X-3.282730 Y122.771400 Z-0.125000
G01 X-0.340046 Y125.714100 Z-0.125000
G01 X0.055587 Y125.968400 Z-0.125000
G01 X0.451220 Y126.053200 Z-0.125000
G01 X0.677296 Y125.968400 Z-0.125000
G01 X0.564257 Y125.714100 Z-0.125000
G01 X-3.636130 Y121.513700 Z-0.125000
G01 X-4.154080 Y120.543600 Z-0.125000
G01 X-4.192240 Y120.194600 Z-0.125000
G01 X-3.993790 Y120.251700 Z-0.125000
G01 X1.468560 Y125.714100 Z-0.125000
G01 X1.864190 Y125.968400 Z-0.125000
G01 X2.259830 Y126.053200 Z-0.125000
G01 X2.485900 Y125.968400 Z-0.125000
G01 X2.372860 Y125.714100 Z-0.125000
G01 X-4.351460 Y118.989800 Z-0.125000
G01 X-4.877660 Y118.011400 Z-0.125000
G01 X-4.921500 Y117.656700 Z-0.125000
G01 X-4.725630 Y117.711300 Z-0.125000
G01 X3.277170 Y125.714100 Z-0.125000
G01 X3.672800 Y125.968400 Z-0.125000
G01 X4.068430 Y126.053200 Z-0.125000
G01 X4.294510 Y125.968400 Z-0.125000
G01 X4.181470 Y125.714100 Z-0.125000
G01 X-5.067360 Y116.465200 Z-0.125000
G01 X-5.585640 Y115.494800 Z-0.125000
G01 X-5.624030 Y115.145600 Z-0.125000
G01 X-5.425680 Y115.202600 Z-0.125000
G01 X5.085650 Y125.714100 Z-0.125000
G01 X5.481280 Y125.968400 Z-0.125000
G01 X5.876920 Y126.053200 Z-0.125000
G01 X6.102990 Y125.968400 Z-0.125000
G01 X5.989950 Y125.714100 Z-0.125000
G01 X-5.784130 Y113.940000 Z-0.125000
G01 X-6.302400 Y112.969600 Z-0.125000
G01 X-6.340800 Y112.620300 Z-0.125000
G01 X-6.142450 Y112.677400 Z-0.125000
G01 X6.894260 Y125.714100 Z-0.125000
G01 X7.289890 Y125.968400 Z-0.125000
G01 X7.685520 Y126.053200 Z-0.125000
G01 X7.911600 Y125.968400 Z-0.125000
G01 X7.798560 Y125.714100 Z-0.125000
G01 X-6.500230 Y111.415200 Z-0.125000
G01 X-7.016700 Y110.446600 Z-0.125000
G01 X-7.053850 Y110.098600 Z-0.125000
G01 X-6.854940 Y110.156200 Z-0.125000
G01 X8.702900 Y125.714100 Z-0.125000
G01 X9.052320 Y125.922200 Z-0.125000
G01 X9.346280 Y125.905300 Z-0.125000
G01 X9.470680 Y125.718900 Z-0.125000
G01 X9.311430 Y125.418300 Z-0.125000
G01 X-7.209660 Y108.897200 Z-0.125000
G01 X-7.726130 Y107.928600 Z-0.125000
G01 X-7.763280 Y107.580600 Z-0.125000
G01 X-7.564370 Y107.638200 Z-0.125000
G01 X9.311430 Y124.514000 Z-0.125000
G01 X9.565760 Y124.627000 Z-0.125000
G01 X9.650540 Y124.401000 Z-0.125000
G01 X9.565760 Y124.005300 Z-0.125000
G01 X9.311430 Y123.609700 Z-0.125000
G01 X-7.919090 Y106.379200 Z-0.125000
G01 X-8.435510 Y105.410600 Z-0.125000
G01 X-8.472630 Y105.062600 Z-0.125000
G01 X-8.273700 Y105.120300 Z-0.125000
G01 X9.311430 Y122.705400 Z-0.125000
G01 X9.565760 Y122.818400 Z-0.125000
G01 X9.650540 Y122.592300 Z-0.125000
G01 X9.565760 Y122.196700 Z-0.125000
G01 X9.311430 Y121.801100 Z-0.125000
G01 X-8.964040 Y103.525600 Z-0.125000
G00 Z5.000000

(End cutting path id: path2)


(Start cutting path id: path2)
(Change tool to Default tool)

G00 Z5.000000
G00 X-25.672900 Y112.137200

G01 Z-0.125000 F100.0(Penetrate)
G01 X-33.491300 Y104.318800 Z-0.125000 F400.000000
G01 X-33.745700 Y103.923200 Z-0.125000
G01 X-33.830400 Y103.527600 Z-0.125000
G01 X-33.745700 Y103.301500 Z-0.125000
G01 X-33.491300 Y103.414500 Z-0.125000
G01 X-26.027000 Y110.878800 Z-0.125000
G01 X-25.775000 Y110.989600 Z-0.125000
G01 X-25.695100 Y110.758600 Z-0.125000
G01 X-25.784800 Y110.358000 Z-0.125000
G01 X-26.041400 Y109.960200 Z-0.125000
G01 X-33.491300 Y102.510000 Z-0.125000
G01 X-33.745700 Y102.115000 Z-0.125000
G01 X-33.830400 Y101.719000 Z-0.125000
G01 X-33.745700 Y101.493000 Z-0.125000
G01 X-33.491300 Y101.606000 Z-0.125000
G01 X-26.055700 Y109.041600 Z-0.125000
G01 X-25.803000 Y109.153000 Z-0.125000
G01 X-25.721700 Y108.923400 Z-0.125000
G01 X-25.810000 Y108.524200 Z-0.125000
G01 X-26.066000 Y108.127000 Z-0.125000
G01 X-33.491300 Y100.702000 Z-0.125000
G01 X-33.745700 Y100.306000 Z-0.125000
G01 X-33.830500 Y99.910000 Z-0.125000
G01 X-33.745700 Y99.684000 Z-0.125000
G01 X-33.491300 Y99.797000 Z-0.125000
G01 X-26.072400 Y107.216300 Z-0.125000
G01 X-25.819100 Y107.328300 Z-0.125000
G01 X-25.736500 Y107.100000 Z-0.125000
G01 X-25.823500 Y106.702200 Z-0.125000
G01 X-26.078800 Y106.305500 Z-0.125000
G01 X-33.491300 Y98.893000 Z-0.125000
G01 X-33.745600 Y98.497000 Z-0.125000
G01 X-33.830400 Y98.102000 Z-0.125000
G01 X-33.745600 Y97.876000 Z-0.125000
G01 X-33.491300 Y97.989000 Z-0.125000
G01 X-26.085200 Y105.394800 Z-0.125000
G01 X-25.831900 Y105.506800 Z-0.125000
G01 X-25.749300 Y105.278500 Z-0.125000
G01 X-25.836300 Y104.880700 Z-0.125000
G01 X-26.091600 Y104.484100 Z-0.125000
G01 X-33.491300 Y97.084000 Z-0.125000
G01 X-33.745600 Y96.689000 Z-0.125000
G01 X-33.830400 Y96.293000 Z-0.125000
G01 X-33.745600 Y96.067000 Z-0.125000
G01 X-33.491300 Y96.180000 Z-0.125000
G01 X-26.096600 Y103.574800 Z-0.125000
G01 X-25.842500 Y103.687500 Z-0.125000
G01 X-25.758400 Y103.460800 Z-0.125000
G01 X-25.843800 Y103.065000 Z-0.125000
G01 X-26.098500 Y102.669000 Z-0.125000
G01 X-33.491300 Y95.276000 Z-0.125000
G01 X-33.745600 Y94.880000 Z-0.125000
G01 X-33.830400 Y94.485000 Z-0.125000
G01 X-33.745600 Y94.258000 Z-0.125000
G01 X-33.491300 Y94.371000 Z-0.125000
G01 X-26.100400 Y101.762000 Z-0.125000
G01 X-25.846300 Y101.875000 Z-0.125000
G01 X-25.762200 Y101.648000 Z-0.125000
G01 X-25.847700 Y101.252000 Z-0.125000
G01 X-26.102300 Y100.856000 Z-0.125000
G01 X-33.491300 Y93.467000 Z-0.125000
G01 X-33.745600 Y93.072000 Z-0.125000
G01 X-33.830400 Y92.676000 Z-0.125000
G01 X-33.745600 Y92.450000 Z-0.125000
G01 X-33.491300 Y92.563000 Z-0.125000
G01 X-26.104200 Y99.950000 Z-0.125000
G01 X-25.850200 Y100.063000 Z-0.125000
G01 X-25.766000 Y99.836000 Z-0.125000
G01 X-25.851500 Y99.440000 Z-0.125000
G01 X-26.106100 Y99.044000 Z-0.125000
G01 X-33.491200 Y91.659000 Z-0.125000
G01 X-33.745600 Y91.263000 Z-0.125000
G01 X-33.830400 Y90.867000 Z-0.125000
G01 X-33.745600 Y90.641000 Z-0.125000
G01 X-33.491200 Y90.754000 Z-0.125000
G01 X-26.108000 Y98.137000 Z-0.125000
G01 X-25.853700 Y98.251000 Z-0.125000
G01 X-25.769000 Y98.024000 Z-0.125000
G01 X-25.853800 Y97.629000 Z-0.125000
G01 X-26.108200 Y97.233000 Z-0.125000
G01 X-33.491200 Y89.850000 Z-0.125000
G01 X-33.745600 Y89.454000 Z-0.125000
G01 X-33.830400 Y89.059000 Z-0.125000
G01 X-33.745600 Y88.833000 Z-0.125000
G01 X-33.491200 Y88.946000 Z-0.125000
G01 X-26.108200 Y96.329000 Z-0.125000
G01 X-25.853800 Y96.442000 Z-0.125000
G01 X-25.769000 Y96.216000 Z-0.125000
G01 X-25.853800 Y95.820000 Z-0.125000
G01 X-26.108200 Y95.424000 Z-0.125000
G01 X-33.491200 Y88.041000 Z-0.125000
G01 X-33.745600 Y87.646000 Z-0.125000
G01 X-33.830400 Y87.250000 Z-0.125000
G01 X-33.745600 Y87.024000 Z-0.125000
G01 X-33.491200 Y87.137000 Z-0.125000
G01 X-26.108200 Y94.520000 Z-0.125000
G01 X-25.853800 Y94.633000 Z-0.125000
G01 X-25.769000 Y94.407000 Z-0.125000
G01 X-25.853800 Y94.011000 Z-0.125000
G01 X-26.108200 Y93.616000 Z-0.125000
G01 X-33.491200 Y86.233000 Z-0.125000
G01 X-33.745600 Y85.837000 Z-0.125000
G01 X-33.830400 Y85.441000 Z-0.125000
G01 X-33.745600 Y85.215000 Z-0.125000
G01 X-33.491200 Y85.328000 Z-0.125000
G01 X-26.108200 Y92.712000 Z-0.125000
G01 X-25.853800 Y92.825000 Z-0.125000
G01 X-25.769000 Y92.598000 Z-0.125000
G01 X-25.853800 Y92.203000 Z-0.125000
G01 X-26.108200 Y91.807000 Z-0.125000
G01 X-33.491200 Y84.424000 Z-0.125000
G01 X-33.676300 Y84.098000 Z-0.125000
G01 X-33.608500 Y83.855000 Z-0.125000
G01 X-33.371300 Y83.781000 Z-0.125000
G01 X-33.047600 Y83.963000 Z-0.125000
G01 X-26.108200 Y90.903000 Z-0.125000
G01 X-25.853800 Y91.016000 Z-0.125000
G01 X-25.769000 Y90.790000 Z-0.125000
G01 X-25.853800 Y90.394000 Z-0.125000
G01 X-26.108200 Y89.999000 Z-0.125000
G01 X-32.143300 Y83.963000 Z-0.125000
G01 X-32.256400 Y83.709000 Z-0.125000
G01 X-32.030300 Y83.624000 Z-0.125000
G01 X-31.634600 Y83.709000 Z-0.125000
G01 X-31.239000 Y83.963000 Z-0.125000
G01 X-26.108200 Y89.094000 Z-0.125000
G01 X-25.853800 Y89.207000 Z-0.125000
G01 X-25.769000 Y88.981000 Z-0.125000
G01 X-25.853800 Y88.586000 Z-0.125000
G01 X-26.108200 Y88.190000 Z-0.125000
G01 X-30.334700 Y83.963000 Z-0.125000
G01 X-30.447800 Y83.709000 Z-0.125000
G01 X-30.221700 Y83.624000 Z-0.125000
G01 X-29.826000 Y83.709000 Z-0.125000
G01 X-29.430400 Y83.963000 Z-0.125000
G01 X-26.108200 Y87.286000 Z-0.125000
G01 X-25.853800 Y87.399000 Z-0.125000
G01 X-25.769000 Y87.173000 Z-0.125000
G01 X-25.853800 Y86.777000 Z-0.125000
G01 X-26.108200 Y86.381000 Z-0.125000
G01 X-28.526100 Y83.963000 Z-0.125000
G01 X-28.639100 Y83.709000 Z-0.125000
G01 X-28.413100 Y83.624000 Z-0.125000
G01 X-28.017400 Y83.709000 Z-0.125000
G01 X-27.621800 Y83.963000 Z-0.125000
G01 X-26.108200 Y85.477000 Z-0.125000
G01 X-25.853800 Y85.590000 Z-0.125000
G01 X-25.769000 Y85.364000 Z-0.125000
G01 X-25.853800 Y84.968000 Z-0.125000
G01 X-26.108200 Y84.573000 Z-0.125000
G01 X-26.865000 Y83.816000 Z-0.125000
G01 X-26.867400 Y83.672000 Z-0.125000
G01 X-26.604500 Y83.624000 Z-0.125000
G01 X-25.960700 Y83.816000 Z-0.125000
G01 X-25.769000 Y84.008000 Z-0.125000
G00 Z5.000000

(End cutting path id: path2)


(Start cutting path id: path2)
(Change tool to Default tool)

G00 Z5.000000
G00 X-34.008100 Y104.838700

G01 Z-0.125000 F100.0(Penetrate)
G01 X-34.008100 Y126.230800 Z-0.125000 F400.000000
G01 X-27.770100 Y126.230800 Z-0.125000
G01 X-21.532100 Y126.230800 Z-0.125000
G01 X-20.979100 Y124.214400 Z-0.125000
G01 X-17.002500 Y110.975800 Z-0.125000
G01 X-12.865700 Y97.211000 Z-0.125000
G01 X-12.279600 Y95.416000 Z-0.125000
G01 X-11.871800 Y94.669000 Z-0.125000
G01 X-11.557100 Y95.107000 Z-0.125000
G01 X-11.194800 Y96.159000 Z-0.125000
G01 X-5.261400 Y117.288200 Z-0.125000
G01 X-3.165090 Y124.740400 Z-0.125000
G01 X-2.769630 Y126.230800 Z-0.125000
G01 X3.529270 Y126.230800 Z-0.125000
G01 X9.828170 Y126.230800 Z-0.125000
G01 X9.828170 Y104.838700 Z-0.125000
G01 X9.828170 Y83.447000 Z-0.125000
G01 X5.444540 Y83.447000 Z-0.125000
G01 X1.060920 Y83.447000 Z-0.125000
G01 X1.060920 Y98.000000 Z-0.125000
G01 X0.976805 Y108.278800 Z-0.125000
G01 X0.774567 Y112.553900 Z-0.125000
G01 X0.437289 Y111.874500 Z-0.125000
G01 X0.028500 Y110.241100 Z-0.125000
G01 X-1.420310 Y104.702300 Z-0.125000
G01 X-5.303080 Y92.481000 Z-0.125000
G01 X-8.232360 Y83.455000 Z-0.125000
G01 X-12.327400 Y83.451000 Z-0.125000
G01 X-16.422500 Y83.447000 Z-0.125000
G01 X-19.234200 Y92.126000 Z-0.125000
G01 X-23.212100 Y104.586000 Z-0.125000
G01 X-24.575800 Y109.830200 Z-0.125000
G01 X-25.436400 Y113.217200 Z-0.125000
G01 X-25.545900 Y108.931400 Z-0.125000
G01 X-25.591500 Y98.410000 Z-0.125000
G01 X-25.591500 Y83.447000 Z-0.125000
G01 X-29.799800 Y83.447000 Z-0.125000
G01 X-34.008100 Y83.447000 Z-0.125000
G01 X-34.008100 Y104.838700 Z-0.125000
G00 Z5.000000

(End cutting path id: path2)


(Footer)
M5
G00 X0.0000 Y0.0000
M2
(Using default footer. To add your own footer create file "footer" in the output dir.)
(end)
%